source_name,source_url,season,sport,gender,matchup,team1,team2,date,time_text,time_slot,network,viewers,viewer_method,panel_viewers,big_data_viewers,stage,week,tournament,round,rating,ocr_window,ocr_network,ocr_rating,ocr_viewers,ocr_full_text,day_of_week,month,month_name,is_weekend,is_tournament,team1_rank,team1_top_10,team1_rank_11_25,team2_rank,team2_top_10,team2_rank_11_25,top_10_teams,rank_11_25_teams,team1_seed,team1_seeded,team2_seed,team2_seeded,seeded_teams,best_seed,seed_score,seed_diff,ln_viewers
TV Media Blog 2025-26 Datawrapper,https://tvmediablog.substack.com/api/v1/posts/2025-26-college-basketball-viewership,2025-26,basketball,men,Arkansas/Michigan State,Arkansas,Michigan State,2025-11-08,7:00PM,Prime,FOX,1677000,big_data,,1677000.0,Regular Season,Week 1,,,,,,,,,Saturday,11,November,1,0,14,0,1,22,0,1,0,2,0,0,0,0,0,0,0,0,14.332517040805346
TV Media Blog 2025-26 Datawrapper,https://tvmediablog.substack.com/api/v1/posts/2025-26-college-basketball-viewership,2025-26,basketball,men,Texas/Duke,Texas,Duke,2025-11-04,8:45PM,Prime,ESPN,854000,big_data,714000.0,854000.0,Regular Season,Week 1,,,,,,,,,Tuesday,11,November,0,0,19,0,1,6,1,0,1,1,0,0,0,0,0,0,0,0,13.657686472770706
TV Media Blog 2025-26 Datawrapper,https://tvmediablog.substack.com/api/v1/posts/2025-26-college-basketball-viewership,2025-26,basketball,men,Florida/Arizona,Florida,Arizona,2025-11-03,7:00PM,Prime,TNT,643000,big_data,580000.0,643000.0,Regular Season,Week 1,,,,,,,,,Monday,11,November,0,0,3,1,0,13,0,1,1,1,0,0,0,0,0,0,0,0,13.373900003219756
TV Media Blog 2025-26 Datawrapper,https://tvmediablog.substack.com/api/v1/posts/2025-26-college-basketball-viewership,2025-26,basketball,men,Alabama A&M/Indiana,Alabama A&M,Indiana,2025-11-05,8:00PM,Prime,BTN,346000,big_data,257000.0,346000.0,Regular Season,Week 1,,,,,,,,,Wednesday,11,November,0,0,0,0,0,14,0,1,0,1,0,0,0,0,0,0,0,0,12.75419405403986
TV Media Blog 2025-26 Datawrapper,https://tvmediablog.substack.com/api/v1/posts/2025-26-college-basketball-viewership,2025-26,basketball,men,Robert Morris/Iowa,Robert Morris,Iowa,2025-11-04,8:30PM,Prime,BTN,263000,big_data,243000.0,263000.0,Regular Season,Week 1,,,,,,,,,Tuesday,11,November,0,0,0,0,0,0,0,0,0,0,0,0,0,0,0,0,0,0,12.479909311159902
TV Media Blog 2025-26 Datawrapper,https://tvmediablog.substack.com/api/v1/posts/2025-26-college-basketball-viewership,2025-26,basketball,men,Evansville/Purdue,Evansville,Purdue,2025-11-04,6:30PM,Mid,BTN,218000,big_data,185000.0,218000.0,Regular Season,Week 1,,,,,,,,,Tuesday,11,November,0,0,0,0,0,1,1,0,1,0,0,0,0,0,0,0,0,0,12.292250341771226
TV Media Blog 2025-26 Datawrapper,https://tvmediablog.substack.com/api/v1/posts/2025-26-college-basketball-viewership,2025-26,basketball,men,Oakland/Michigan,Oakland,Michigan,2025-11-03,8:30PM,Prime,FS1,169000,big_data,161000.0,169000.0,Regular Season,Week 1,,,,,,,,,Monday,11,November,0,0,0,0,0,7,1,0,1,0,0,0,0,0,0,0,0,0,12.037653993905211
TV Media Blog 2025-26 Datawrapper,https://tvmediablog.substack.com/api/v1/posts/2025-26-college-basketball-viewership,2025-26,basketball,men,Quinnipiac/St. John's,Quinnipiac,St. John's,2025-11-03,6:30PM,Mid,FS1,142000,big_data,130000.0,142000.0,Regular Season,Week 1,,,,,,,,,Monday,11,November,0,0,0,0,0,5,1,0,1,0,0,0,0,0,0,0,0,0,11.863582336583399
TV Media Blog 2025-26 Datawrapper,https://tvmediablog.substack.com/api/v1/posts/2025-26-college-basketball-viewership,2025-26,basketball,men,Jackson State/Illinois,Jackson State,Illinois,2025-11-03,8:30PM,Prime,BTN,104000,big_data,105000.0,104000.0,Regular Season,Week 1,,,,,,,,,Monday,11,November,0,0,0,0,0,17,0,1,0,1,0,0,0,0,0,0,0,0,11.55214617812351
TV Media Blog 2025-26 Datawrapper,https://tvmediablog.substack.com/api/v1/posts/2025-26-college-basketball-viewership,2025-26,basketball,men,Rider/Rutgers,Rider,Rutgers,2025-11-05,6:00PM,Mid,BTN,126000,big_data,98000.0,126000.0,Regular Season,Week 1,,,,,,,,,Wednesday,11,November,0,0,0,0,0,24,0,1,0,1,0,0,0,0,0,0,0,0,11.744037185933616
TV Media Blog 2025-26 Datawrapper,https://tvmediablog.substack.com/api/v1/posts/2025-26-college-basketball-viewership,2025-26,basketball,men,Coppin State/Maryland,Coppin State,Maryland,2025-11-03,6:30PM,Mid,BTN,89000,big_data,78000.0,89000.0,Regular Season,Week 1,,,,,,,,,Monday,11,November,0,0,0,0,0,11,0,1,0,1,0,0,0,0,0,0,0,0,11.396391648714276
TV Media Blog 2025-26 Datawrapper,https://tvmediablog.substack.com/api/v1/posts/2025-26-college-basketball-viewership,2025-26,basketball,men,Kentucky/Louisville,Kentucky,Louisville,2025-11-11,8:00PM,Prime,ESPN,1267000,big_data,1118000.0,1267000.0,Regular Season,Week 2,,,,,,,,,Tuesday,11,November,0,0,9,1,0,12,0,1,1,1,0,0,0,0,0,0,0,0,14.052162459303275
TV Media Blog 2025-26 Datawrapper,https://tvmediablog.substack.com/api/v1/posts/2025-26-college-basketball-viewership,2025-26,basketball,men,BYU/UConn,BYU,UConn,2025-11-15,7:00PM,Prime,FOX,979000,big_data,,979000.0,Regular Season,Week 2,,,,,,,,,Saturday,11,November,1,0,7,1,0,3,1,0,2,0,0,0,0,0,0,0,0,0,13.794286921512647
TV Media Blog 2025-26 Datawrapper,https://tvmediablog.substack.com/api/v1/posts/2025-26-college-basketball-viewership,2025-26,basketball,men,Purdue/Alabama,Purdue,Alabama,2025-11-13,7:00PM,Prime,ESPN2,747000,big_data,728000.0,747000.0,Regular Season,Week 2,,,,,,,,,Thursday,11,November,0,0,2,1,0,8,1,0,2,0,0,0,0,0,0,0,0,0,13.523820464114955
TV Media Blog 2025-26 Datawrapper,https://tvmediablog.substack.com/api/v1/posts/2025-26-college-basketball-viewership,2025-26,basketball,men,Texas Tech/Illinois,Texas Tech,Illinois,2025-11-11,8:30PM,Prime,FS1,529000,big_data,427000.0,529000.0,Regular Season,Week 2,,,,,,,,,Tuesday,11,November,0,0,11,0,1,14,0,1,0,2,0,0,0,0,0,0,0,0,13.178743710840436
TV Media Blog 2025-26 Datawrapper,https://tvmediablog.substack.com/api/v1/posts/2025-26-college-basketball-viewership,2025-26,basketball,men,Wake Forest/Michigan,Wake Forest,Michigan,2025-11-11,6:30PM,Mid,FS1,532000,big_data,426000.0,532000.0,Regular Season,Week 2,,,,,,,,,Tuesday,11,November,0,0,0,0,0,6,1,0,1,0,0,0,0,0,0,0,0,0,13.184398768323781
TV Media Blog 2025-26 Datawrapper,https://tvmediablog.substack.com/api/v1/posts/2025-26-college-basketball-viewership,2025-26,basketball,men,Michigan/TCU,Michigan,TCU,2025-11-14,9:00PM,Prime,ESPN2,419000,big_data,334000.0,419000.0,Regular Season,Week 2,,,,,,,,,Friday,11,November,0,0,6,1,0,25,0,1,1,1,0,0,0,0,0,0,0,0,12.945626198904275
TV Media Blog 2025-26 Datawrapper,https://tvmediablog.substack.com/api/v1/posts/2025-26-college-basketball-viewership,2025-26,basketball,men,Oklahoma/Nebraska,Oklahoma,Nebraska,2025-11-15,7:00PM,Prime,BTN,307000,big_data,252000.0,307000.0,Regular Season,Week 2,,,,,,,,,Saturday,11,November,1,0,17,0,1,0,0,0,0,1,0,0,0,0,0,0,0,0,12.634603026569334
TV Media Blog 2025-26 Datawrapper,https://tvmediablog.substack.com/api/v1/posts/2025-26-college-basketball-viewership,2025-26,basketball,men,Miami (FL)/Florida,Miami (FL),Florida,2025-11-16,8:30PM,Prime,ESPN,275000,big_data,243000.0,275000.0,Regular Season,Week 2,,,,,,,,,Sunday,11,November,1,0,0,0,0,10,1,0,1,0,0,0,0,0,0,0,0,0,12.524526376648708
TV Media Blog 2025-26 Datawrapper,https://tvmediablog.substack.com/api/v1/posts/2025-26-college-basketball-viewership,2025-26,basketball,men,Milwaukee/Indiana,Milwaukee,Indiana,2025-11-12,7:00PM,Prime,FS1,259000,big_data,241000.0,259000.0,Regular Season,Week 2,,,,,,,,,Wednesday,11,November,0,0,0,0,0,14,0,1,0,1,0,0,0,0,0,0,0,0,12.464583340681674
TV Media Blog 2025-26 Datawrapper,https://tvmediablog.substack.com/api/v1/posts/2025-26-college-basketball-viewership,2025-26,basketball,men,Columbia/UConn,Columbia,UConn,2025-11-10,6:30PM,Mid,FS1,233000,big_data,204000.0,233000.0,Regular Season,Week 2,,,,,,,,,Monday,11,November,0,0,0,0,0,3,1,0,1,0,0,0,0,0,0,0,0,0,12.358793732547838
TV Media Blog 2025-26 Datawrapper,https://tvmediablog.substack.com/api/v1/posts/2025-26-college-basketball-viewership,2025-26,basketball,men,San Jose State/Michigan State,San Jose State,Michigan State,2025-11-13,6:30PM,Mid,BTN,230000,big_data,155000.0,230000.0,Regular Season,Week 2,,,,,,,,,Thursday,11,November,0,0,0,0,0,17,0,1,0,1,0,0,0,0,0,0,0,0,12.345834587905333
TV Media Blog 2025-26 Datawrapper,https://tvmediablog.substack.com/api/v1/posts/2025-26-college-basketball-viewership,2025-26,basketball,men,Xavier/Iowa,Xavier,Iowa,2025-11-14,8:00PM,Prime,FS1,225000,big_data,178000.0,225000.0,Regular Season,Week 2,,,,,,,,,Friday,11,November,0,0,22,0,1,0,0,0,0,1,0,0,0,0,0,0,0,0,12.323855681186558
TV Media Blog 2025-26 Datawrapper,https://tvmediablog.substack.com/api/v1/posts/2025-26-college-basketball-viewership,2025-26,basketball,men,Akron/Purdue,Akron,Purdue,2025-11-16,7:30PM,Prime,BTN,217000,big_data,195000.0,217000.0,Regular Season,Week 2,,,,,,,,,Sunday,11,November,1,0,0,0,0,2,1,0,1,0,0,0,0,0,0,0,0,0,12.287652632522597
TV Media Blog 2025-26 Datawrapper,https://tvmediablog.substack.com/api/v1/posts/2025-26-college-basketball-viewership,2025-26,basketball,men,Pitt/West Virginia,Pitt,West Virginia,2025-11-13,6:00PM,Mid,FS1,207000,big_data,211000.0,207000.0,Regular Season,Week 2,,,,,,,,,Thursday,11,November,0,0,18,0,1,23,0,1,0,2,0,0,0,0,0,0,0,0,12.240474072247506
TV Media Blog 2025-26 Datawrapper,https://tvmediablog.substack.com/api/v1/posts/2025-26-college-basketball-viewership,2025-26,basketball,men,Green Bay/Minnesota,Green Bay,Minnesota,2025-11-15,9:00PM,Prime,BTN,106000,big_data,94000.0,106000.0,Regular Season,Week 2,,,,,,,,,Saturday,11,November,1,0,0,0,0,0,0,0,0,0,0,0,0,0,0,0,0,0,11.571194373094205
TV Media Blog 2025-26 Datawrapper,https://tvmediablog.substack.com/api/v1/posts/2025-26-college-basketball-viewership,2025-26,basketball,men,Maine/Rutgers,Maine,Rutgers,2025-11-10,6:30PM,Mid,BTN,106000,big_data,69000.0,106000.0,Regular Season,Week 2,,,,,,,,,Monday,11,November,0,0,0,0,0,24,0,1,0,1,0,0,0,0,0,0,0,0,11.571194373094205
TV Media Blog 2025-26 Datawrapper,https://tvmediablog.substack.com/api/v1/posts/2025-26-college-basketball-viewership,2025-26,basketball,men,Ball State/Wisconsin,Ball State,Wisconsin,2025-11-11,8:30PM,Prime,BTN,103000,big_data,97000.0,103000.0,Regular Season,Week 2,,,,,,,,,Tuesday,11,November,0,0,0,0,0,24,0,1,0,1,0,0,0,0,0,0,0,0,11.542484267211773
TV Media Blog 2025-26 Datawrapper,https://tvmediablog.substack.com/api/v1/posts/2025-26-college-basketball-viewership,2025-26,basketball,men,Santa Clara/Xavier,Santa Clara,Xavier,2025-11-10,8:30PM,Prime,FS1,103000,big_data,90000.0,103000.0,Regular Season,Week 2,,,,,,,,,Monday,11,November,0,0,0,0,0,22,0,1,0,1,0,0,0,0,0,0,0,0,11.542484267211773
TV Media Blog 2025-26 Datawrapper,https://tvmediablog.substack.com/api/v1/posts/2025-26-college-basketball-viewership,2025-26,basketball,men,Navy/Penn State,Navy,Penn State,2025-11-11,6:30PM,Mid,BTN,78000,big_data,52000.0,78000.0,Regular Season,Week 2,,,,,,,,,Tuesday,11,November,0,0,0,0,0,0,0,0,0,0,0,0,0,0,0,0,0,0,11.26446410567173
TV Media Blog 2025-26 Datawrapper,https://tvmediablog.substack.com/api/v1/posts/2025-26-college-basketball-viewership,2025-26,basketball,men,Kansas/Duke,Kansas,Duke,2025-11-18,9PM,Prime,ESPN,1874000,big_data,,1874000.0,Regular Season,Week 3,,,,,,,,,Tuesday,11,November,0,0,24,0,1,5,1,0,1,1,0,0,0,0,0,0,0,0,14.443585741780504
TV Media Blog 2025-26 Datawrapper,https://tvmediablog.substack.com/api/v1/posts/2025-26-college-basketball-viewership,2025-26,basketball,men,Michigan State/Kentucky,Michigan State,Kentucky,2025-11-18,6:30PM,Mid,ESPN,1566000,big_data,,1566000.0,Regular Season,Week 3,,,,,,,,,Tuesday,11,November,0,0,17,0,1,12,0,1,0,2,0,0,0,0,0,0,0,0,14.264035155532886
TV Media Blog 2025-26 Datawrapper,https://tvmediablog.substack.com/api/v1/posts/2025-26-college-basketball-viewership,2025-26,basketball,men,Alabama/Illinois,Alabama,Illinois,2025-11-19,8PM,Prime,FS1,837000,big_data,,837000.0,Regular Season,Week 3,,,,,,,,,Wednesday,11,November,0,0,11,0,1,8,1,0,1,1,0,0,0,0,0,0,0,0,13.637579349471613
TV Media Blog 2025-26 Datawrapper,https://tvmediablog.substack.com/api/v1/posts/2025-26-college-basketball-viewership,2025-26,basketball,men,Arizona/UConn,Arizona,UConn,2025-11-19,6PM,Mid,FS1,767000,big_data,,767000.0,Regular Season,Week 3,,,,,,,,,Wednesday,11,November,0,0,4,1,0,3,1,0,2,0,0,0,0,0,0,0,0,0,13.550242080349394
TV Media Blog 2025-26 Datawrapper,https://tvmediablog.substack.com/api/v1/posts/2025-26-college-basketball-viewership,2025-26,basketball,men,Middle Tennessee/Michigan,Middle Tennessee,Michigan,2025-11-19,6:30PM,Mid,BTN,236000,big_data,,236000.0,Regular Season,Week 3,,,,,,,,,Wednesday,11,November,0,0,0,0,0,7,1,0,1,0,0,0,0,0,0,0,0,0,12.371587084007746
TV Media Blog 2025-26 Datawrapper,https://tvmediablog.substack.com/api/v1/posts/2025-26-college-basketball-viewership,2025-26,basketball,men,Western Michigan/Ohio State,Western Michigan,Ohio State,2025-11-20,8PM,Prime,BTN,158000,big_data,,158000.0,Regular Season,Week 3,,,,,,,,,Thursday,11,November,0,0,0,0,0,21,0,1,0,1,0,0,0,0,0,0,0,0,11.970350312009105
TV Media Blog 2025-26 Datawrapper,https://tvmediablog.substack.com/api/v1/posts/2025-26-college-basketball-viewership,2025-26,basketball,men,Dayton/Marquette,Dayton,Marquette,2025-11-19,7:30PM,Prime,truTV,59000,big_data,,59000.0,Regular Season,Week 3,,,,,,,,,Wednesday,11,November,0,0,22,0,1,25,0,1,0,2,0,0,0,0,0,0,0,0,10.985292722887856
TV Media Blog 2025-26 Datawrapper,https://tvmediablog.substack.com/api/v1/posts/2025-26-college-basketball-viewership,2025-26,basketball,men,Duke/Arkansas,Duke,Arkansas,2025-11-27,8PM,Prime,CBS,6813000,big_data,,6813000.0,Regular Season,Week 4,,,,,,,,,Thursday,11,November,0,0,4,1,0,22,0,1,1,1,0,0,0,0,0,0,0,0,15.734343109755805
TV Media Blog 2025-26 Datawrapper,https://tvmediablog.substack.com/api/v1/posts/2025-26-college-basketball-viewership,2025-26,basketball,men,Michigan State/North Carolina,Michigan State,North Carolina,2025-11-27,4:30PM,Mid,FOX,6499000,big_data,,6499000.0,Regular Season,Week 4,,,,,,,,,Thursday,11,November,0,0,11,0,1,16,0,1,0,2,0,0,0,0,0,0,0,0,15.687158876876486
TV Media Blog 2025-26 Datawrapper,https://tvmediablog.substack.com/api/v1/posts/2025-26-college-basketball-viewership,2025-26,basketball,men,Michigan/Gonzaga,Michigan,Gonzaga,2025-11-26,9:30PM,Prime,TNT,1059000,big_data,,1059000.0,Regular Season,Week 4,,,,,,,,,Wednesday,11,November,0,0,7,1,0,12,0,1,1,1,0,0,0,0,0,0,0,0,13.872835624583544
TV Media Blog 2025-26 Datawrapper,https://tvmediablog.substack.com/api/v1/posts/2025-26-college-basketball-viewership,2025-26,basketball,men,Kansas/Tennessee,Kansas,Tennessee,2025-11-26,7PM,Prime,TNT,926000,big_data,,926000.0,Regular Season,Week 4,,,,,,,,,Wednesday,11,November,0,0,24,0,1,17,0,1,0,2,0,0,0,0,0,0,0,0,13.738629513628316
TV Media Blog 2025-26 Datawrapper,https://tvmediablog.substack.com/api/v1/posts/2025-26-college-basketball-viewership,2025-26,basketball,men,Alabama/Gonzaga,Alabama,Gonzaga,2025-11-24,9:30PM,Prime,TNT,445000,big_data,,445000.0,Regular Season,Week 4,,,,,,,,,Monday,11,November,0,0,8,1,0,12,0,1,1,1,0,0,0,0,0,0,0,0,13.005829561148378
TV Media Blog 2025-26 Datawrapper,https://tvmediablog.substack.com/api/v1/posts/2025-26-college-basketball-viewership,2025-26,basketball,men,Texas/NC State,Texas,NC State,2025-11-26,9:30PM,Prime,ESPN2,278000,big_data,,278000.0,Regular Season,Week 4,,,,,,,,,Wednesday,11,November,0,0,19,0,1,23,0,1,0,2,0,0,0,0,0,0,0,0,12.535376392672774
TV Media Blog 2025-26 Datawrapper,https://tvmediablog.substack.com/api/v1/posts/2025-26-college-basketball-viewership,2025-26,basketball,men,Wichita State/Saint Mary's,Wichita State,Saint Mary's,2025-11-26,7:30PM,Prime,ESPN2,221000,big_data,,221000.0,Regular Season,Week 4,,,,,,,,,Wednesday,11,November,0,0,0,0,0,20,0,1,0,1,0,0,0,0,0,0,0,0,12.30591798049989
TV Media Blog 2025-26 Datawrapper,https://tvmediablog.substack.com/api/v1/posts/2025-26-college-basketball-viewership,2025-26,basketball,men,St. John's/Auburn,St. John's,Auburn,2025-11-26,8PM,Prime,truTV,212000,big_data,,212000.0,Regular Season,Week 4,,,,,,,,,Wednesday,11,November,0,0,14,0,1,21,0,1,0,2,0,0,0,0,0,0,0,0,12.26434155365415
TV Media Blog 2025-26 Datawrapper,https://tvmediablog.substack.com/api/v1/posts/2025-26-college-basketball-viewership,2025-26,basketball,men,Oregon/Auburn,Oregon,Auburn,2025-11-24,8PM,Prime,truTV,169000,big_data,,169000.0,Regular Season,Week 4,,,,,,,,,Monday,11,November,0,0,25,0,1,21,0,1,0,2,0,0,0,0,0,0,0,0,12.037653993905211
TV Media Blog 2025-26 Datawrapper,https://tvmediablog.substack.com/api/v1/posts/2025-26-college-basketball-viewership,2025-26,basketball,men,UTRGV/Illinois,UTRGV,Illinois,2025-11-24,8PM,Prime,BTN,120000,big_data,,120000.0,Regular Season,Week 4,,,,,,,,,Monday,11,November,0,0,0,0,0,13,0,1,0,1,0,0,0,0,0,0,0,0,11.695247021764184
TV Media Blog 2025-26 Datawrapper,https://tvmediablog.substack.com/api/v1/posts/2025-26-college-basketball-viewership,2025-26,basketball,men,Duke/Michigan State,Duke,Michigan State,2025-12-06,12PM,Early,FOX,1782000,big_data,,1782000.0,Regular Season,Week 5,,,,,,,,,Saturday,12,December,1,0,4,1,0,7,1,0,2,0,0,0,0,0,0,0,0,0,14.393246887012891
TV Media Blog 2025-26 Datawrapper,https://tvmediablog.substack.com/api/v1/posts/2025-26-college-basketball-viewership,2025-26,basketball,men,Florida/Duke,Florida,Duke,2025-12-02,7:30PM,Prime,ESPN,1748000,big_data,1500000.0,1748000.0,Regular Season,Week 5,,,,,,,,,Tuesday,12,December,0,0,15,0,1,4,1,0,1,1,0,0,0,0,0,0,0,0,14.373982835197618
TV Media Blog 2025-26 Datawrapper,https://tvmediablog.substack.com/api/v1/posts/2025-26-college-basketball-viewership,2025-26,basketball,men,North Carolina/Kentucky,North Carolina,Kentucky,2025-12-02,9:30PM,Prime,ESPN,1458000,big_data,1244000.0,1458000.0,Regular Season,Week 5,,,,,,,,,Tuesday,12,December,0,0,16,0,1,18,0,1,0,2,0,0,0,0,0,0,0,0,14.19257619155074
TV Media Blog 2025-26 Datawrapper,https://tvmediablog.substack.com/api/v1/posts/2025-26-college-basketball-viewership,2025-26,basketball,men,Louisville/Arkansas,Louisville,Arkansas,2025-12-03,7:15PM,Prime,ESPN,928000,big_data,721000.0,928000.0,Regular Season,Week 5,,,,,,,,,Wednesday,12,December,0,0,6,1,0,25,0,1,1,1,0,0,0,0,0,0,0,0,13.740787011768338
TV Media Blog 2025-26 Datawrapper,https://tvmediablog.substack.com/api/v1/posts/2025-26-college-basketball-viewership,2025-26,basketball,men,Gonzaga/Kentucky,Gonzaga,Kentucky,2025-12-05,7PM,Prime,ESPN2,793000,big_data,673000.0,793000.0,Regular Season,Week 5,,,,,,,,,Friday,12,December,0,0,11,0,1,18,0,1,0,2,0,0,0,0,0,0,0,0,13.583578500616985
TV Media Blog 2025-26 Datawrapper,https://tvmediablog.substack.com/api/v1/posts/2025-26-college-basketball-viewership,2025-26,basketball,men,UConn/Kansas,UConn,Kansas,2025-12-02,9PM,Prime,ESPN2,699000,big_data,649000.0,699000.0,Regular Season,Week 5,,,,,,,,,Tuesday,12,December,0,0,5,1,0,21,0,1,1,1,0,0,0,0,0,0,0,0,13.457406021215947
TV Media Blog 2025-26 Datawrapper,https://tvmediablog.substack.com/api/v1/posts/2025-26-college-basketball-viewership,2025-26,basketball,men,NC State/Auburn,NC State,Auburn,2025-12-03,9:15PM,Prime,ESPN,844000,big_data,616000.0,844000.0,Regular Season,Week 5,,,,,,,,,Wednesday,12,December,0,0,23,0,1,20,0,1,0,2,0,0,0,0,0,0,0,0,13.645907773578093
TV Media Blog 2025-26 Datawrapper,https://tvmediablog.substack.com/api/v1/posts/2025-26-college-basketball-viewership,2025-26,basketball,men,Tennessee/Syracuse,Tennessee,Syracuse,2025-12-02,7PM,Prime,ESPN2,552000,big_data,545000.0,552000.0,Regular Season,Week 5,,,,,,,,,Tuesday,12,December,0,0,13,0,1,0,0,0,0,1,0,0,0,0,0,0,0,0,13.221303325259232
TV Media Blog 2025-26 Datawrapper,https://tvmediablog.substack.com/api/v1/posts/2025-26-college-basketball-viewership,2025-26,basketball,men,Illinois/Tennessee,Illinois,Tennessee,2025-12-06,8PM,Prime,ESPN,636000,big_data,540000.0,636000.0,Regular Season,Week 5,,,,,,,,,Saturday,12,December,1,0,14,0,1,13,0,1,0,2,0,0,0,0,0,0,0,0,13.36295384232226
TV Media Blog 2025-26 Datawrapper,https://tvmediablog.substack.com/api/v1/posts/2025-26-college-basketball-viewership,2025-26,basketball,men,Indiana/Minnesota,Indiana,Minnesota,2025-12-03,7PM,Prime,BTN,397000,big_data,350000.0,397000.0,Regular Season,Week 5,,,,,,,,,Wednesday,12,December,0,0,22,0,1,0,0,0,0,1,0,0,0,0,0,0,0,0,12.891691559669328
TV Media Blog 2025-26 Datawrapper,https://tvmediablog.substack.com/api/v1/posts/2025-26-college-basketball-viewership,2025-26,basketball,men,Purdue/Rutgers,Purdue,Rutgers,2025-12-02,8PM,Prime,FS1,255000,big_data,193000.0,255000.0,Regular Season,Week 5,,,,,,,,,Tuesday,12,December,0,0,1,1,0,24,0,1,1,1,0,0,0,0,0,0,0,0,12.449018824140563
TV Media Blog 2025-26 Datawrapper,https://tvmediablog.substack.com/api/v1/posts/2025-26-college-basketball-viewership,2025-26,basketball,men,Cincinnati/Xavier,Cincinnati,Xavier,2025-12-05,7:30PM,Prime,TNT,195000,big_data,159000.0,195000.0,Regular Season,Week 5,,,,,,,,,Friday,12,December,0,0,16,0,1,22,0,1,0,2,0,0,0,0,0,0,0,0,12.180754837545884
TV Media Blog 2025-26 Datawrapper,https://tvmediablog.substack.com/api/v1/posts/2025-26-college-basketball-viewership,2025-26,basketball,men,Temple/Villanova,Temple,Villanova,2025-12-01,6:30PM,Mid,FS1,159000,big_data,127000.0,159000.0,Regular Season,Week 5,,,,,,,,,Monday,12,December,0,0,0,0,0,18,0,1,0,1,0,0,0,0,0,0,0,0,11.976659481202368
TV Media Blog 2025-26 Datawrapper,https://tvmediablog.substack.com/api/v1/posts/2025-26-college-basketball-viewership,2025-26,basketball,men,Washington/USC,Washington,USC,2025-12-06,6PM,Mid,BTN,92000,big_data,95000.0,92000.0,Regular Season,Week 5,,,,,,,,,Saturday,12,December,1,0,0,0,0,24,0,1,0,1,0,0,0,0,0,0,0,0,11.429543856031177
TV Media Blog 2025-26 Datawrapper,https://tvmediablog.substack.com/api/v1/posts/2025-26-college-basketball-viewership,2025-26,basketball,men,Nicholls/Creighton,Nicholls,Creighton,2025-12-02,9PM,Prime,truTV,31000,big_data,18000.0,31000.0,Regular Season,Week 5,,,,,,,,,Tuesday,12,December,0,0,0,0,0,23,0,1,0,1,0,0,0,0,0,0,0,0,10.341742483467284
TV Media Blog 2025-26 Datawrapper,https://tvmediablog.substack.com/api/v1/posts/2025-26-college-basketball-viewership,2025-26,basketball,men,Indiana/Kentucky,Indiana,Kentucky,2025-12-13,7:30PM,Prime,ESPN,2000000,big_data,1715000.0,2000000.0,Regular Season,Week 6,,,,,,,,,Saturday,12,December,1,0,22,0,1,18,0,1,0,2,0,0,0,0,0,0,0,0,14.508657738524219
TV Media Blog 2025-26 Datawrapper,https://tvmediablog.substack.com/api/v1/posts/2025-26-college-basketball-viewership,2025-26,basketball,men,Kansas/NC State,Kansas,NC State,2025-12-13,5:30PM,Mid,ESPN,1500000,big_data,1289000.0,1500000.0,Regular Season,Week 6,,,,,,,,,Saturday,12,December,1,0,19,0,1,23,0,1,0,2,0,0,0,0,0,0,0,0,14.22097566607244
TV Media Blog 2025-26 Datawrapper,https://tvmediablog.substack.com/api/v1/posts/2025-26-college-basketball-viewership,2025-26,basketball,men,Arizona/Alabama,Arizona,Alabama,2025-12-13,9:30PM,Prime,ESPN,1300000,big_data,1236000.0,1300000.0,Regular Season,Week 6,,,,,,,,,Saturday,12,December,1,0,1,1,0,12,0,1,1,1,0,0,0,0,0,0,0,0,14.077874822431765
TV Media Blog 2025-26 Datawrapper,https://tvmediablog.substack.com/api/v1/posts/2025-26-college-basketball-viewership,2025-26,basketball,men,Texas/UConn,Texas,UConn,2025-12-12,8PM,Prime,FOX,1298000,big_data,,1298000.0,Regular Season,Week 6,,,,,,,,,Friday,12,December,0,0,19,0,1,5,1,0,1,1,0,0,0,0,0,0,0,0,14.076335176246172
TV Media Blog 2025-26 Datawrapper,https://tvmediablog.substack.com/api/v1/posts/2025-26-college-basketball-viewership,2025-26,basketball,men,Florida/UConn,Florida,UConn,2025-12-09,9PM,Prime,ESPN,1269000,big_data,1109000.0,1269000.0,Regular Season,Week 6,,,,,,,,,Tuesday,12,December,0,0,18,0,1,5,1,0,1,1,0,0,0,0,0,0,0,0,14.053739746696525
TV Media Blog 2025-26 Datawrapper,https://tvmediablog.substack.com/api/v1/posts/2025-26-college-basketball-viewership,2025-26,basketball,men,Michigan/Maryland,Michigan,Maryland,2025-12-13,8PM,Prime,FOX,1228000,big_data,,1228000.0,Regular Season,Week 6,,,,,,,,,Saturday,12,December,1,0,2,1,0,11,0,1,1,1,0,0,0,0,0,0,0,0,14.020897387689224
TV Media Blog 2025-26 Datawrapper,https://tvmediablog.substack.com/api/v1/posts/2025-26-college-basketball-viewership,2025-26,basketball,men,BYU/Clemson,BYU,Clemson,2025-12-09,6:30PM,Mid,ESPN,906000,big_data,759000.0,906000.0,Regular Season,Week 6,,,,,,,,,Tuesday,12,December,0,0,10,1,0,12,0,1,1,1,0,0,0,0,0,0,0,0,13.716794585025117
TV Media Blog 2025-26 Datawrapper,https://tvmediablog.substack.com/api/v1/posts/2025-26-college-basketball-viewership,2025-26,basketball,men,Iowa/Iowa State,Iowa,Iowa State,2025-12-11,8PM,Prime,FS1,695000,big_data,589000.0,695000.0,Regular Season,Week 6,,,,,,,,,Thursday,12,December,0,0,0,0,0,4,1,0,1,0,0,0,0,0,0,0,0,0,13.45166712454693
TV Media Blog 2025-26 Datawrapper,https://tvmediablog.substack.com/api/v1/posts/2025-26-college-basketball-viewership,2025-26,basketball,men,Wisconsin/Nebraska,Wisconsin,Nebraska,2025-12-10,9PM,Prime,BTN,453000,big_data,421000.0,453000.0,Regular Season,Week 6,,,,,,,,,Wednesday,12,December,0,0,23,0,1,23,0,1,0,2,0,0,0,0,0,0,0,0,13.023647404465171
TV Media Blog 2025-26 Datawrapper,https://tvmediablog.substack.com/api/v1/posts/2025-26-college-basketball-viewership,2025-26,basketball,men,Villanova/Michigan,Villanova,Michigan,2025-12-09,6:30PM,Mid,FS1,439000,big_data,402000.0,439000.0,Regular Season,Week 6,,,,,,,,,Tuesday,12,December,0,0,18,0,1,2,1,0,1,1,0,0,0,0,0,0,0,0,12.992254692057308
TV Media Blog 2025-26 Datawrapper,https://tvmediablog.substack.com/api/v1/posts/2025-26-college-basketball-viewership,2025-26,basketball,men,Minnesota/Purdue,Minnesota,Purdue,2025-12-10,7PM,Prime,BTN,396000,big_data,315000.0,396000.0,Regular Season,Week 6,,,,,,,,,Wednesday,12,December,0,0,0,0,0,6,1,0,1,0,0,0,0,0,0,0,0,0,12.889169490236618
TV Media Blog 2025-26 Datawrapper,https://tvmediablog.substack.com/api/v1/posts/2025-26-college-basketball-viewership,2025-26,basketball,men,Penn State/Indiana,Penn State,Indiana,2025-12-09,8:30PM,Prime,FS1,270000,big_data,238000.0,270000.0,Regular Season,Week 6,,,,,,,,,Tuesday,12,December,0,0,0,0,0,22,0,1,0,1,0,0,0,0,0,0,0,0,12.506177237980511
TV Media Blog 2025-26 Datawrapper,https://tvmediablog.substack.com/api/v1/posts/2025-26-college-basketball-viewership,2025-26,basketball,men,USC/San Diego,USC,San Diego,2025-12-09,9PM,Prime,ESPN2,135000,big_data,91000.0,135000.0,Regular Season,Week 6,,,,,,,,,Tuesday,12,December,0,0,24,0,1,0,0,0,0,1,0,0,0,0,0,0,0,0,11.813030057420567
TV Media Blog 2025-26 Datawrapper,https://tvmediablog.substack.com/api/v1/posts/2025-26-college-basketball-viewership,2025-26,basketball,men,Ohio State/North Carolina,Ohio State,North Carolina,2025-12-20,3PM,Mid,CBS,1500000,big_data,,1500000.0,Regular Season,Week 7,,,,,,,,,Saturday,12,December,1,0,21,0,1,12,0,1,0,2,0,0,0,0,0,0,0,0,14.22097566607244
TV Media Blog 2025-26 Datawrapper,https://tvmediablog.substack.com/api/v1/posts/2025-26-college-basketball-viewership,2025-26,basketball,men,Louisville/Tennessee,Louisville,Tennessee,2025-12-16,7PM,Prime,ESPN,1154000,big_data,,1154000.0,Regular Season,Week 7,,,,,,,,,Tuesday,12,December,0,0,11,0,1,20,0,1,0,2,0,0,0,0,0,0,0,0,13.958744726050181
TV Media Blog 2025-26 Datawrapper,https://tvmediablog.substack.com/api/v1/posts/2025-26-college-basketball-viewership,2025-26,basketball,men,St. John's/Kentucky,St. John's,Kentucky,2025-12-20,12:30PM,Early,CBS,1050000,big_data,,1050000.0,Regular Season,Week 7,,,,,,,,,Saturday,12,December,1,0,22,0,1,18,0,1,0,2,0,0,0,0,0,0,0,0,13.864300722133706
TV Media Blog 2025-26 Datawrapper,https://tvmediablog.substack.com/api/v1/posts/2025-26-college-basketball-viewership,2025-26,basketball,men,Arkansas/Houston,Arkansas,Houston,2025-12-20,5:30PM,Mid,CBS,1040000,big_data,,1040000.0,Regular Season,Week 7,,,,,,,,,Saturday,12,December,1,0,14,0,1,8,1,0,1,1,0,0,0,0,0,0,0,0,13.854731271117556
TV Media Blog 2025-26 Datawrapper,https://tvmediablog.substack.com/api/v1/posts/2025-26-college-basketball-viewership,2025-26,basketball,men,Texas Tech/Duke,Texas Tech,Duke,2025-12-20,8PM,Prime,ESPN,806000,big_data,,806000.0,Regular Season,Week 7,,,,,,,,,Saturday,12,December,1,0,19,0,1,3,1,0,1,1,0,0,0,0,0,0,0,0,13.599839021488766
TV Media Blog 2025-26 Datawrapper,https://tvmediablog.substack.com/api/v1/posts/2025-26-college-basketball-viewership,2025-26,basketball,men,Villanova/Wisconsin,Villanova,Wisconsin,2025-12-20,8PM,Prime,FOX,700000,big_data,,700000.0,Regular Season,Week 7,,,,,,,,,Saturday,12,December,1,0,18,0,1,23,0,1,0,2,0,0,0,0,0,0,0,0,13.458835614025542
TV Media Blog 2025-26 Datawrapper,https://tvmediablog.substack.com/api/v1/posts/2025-26-college-basketball-viewership,2025-26,basketball,men,Maryland/Virginia,Maryland,Virginia,2025-12-20,6PM,Mid,ESPN,461000,big_data,,461000.0,Regular Season,Week 7,,,,,,,,,Saturday,12,December,1,0,11,0,1,23,0,1,0,2,0,0,0,0,0,0,0,0,13.041153321978786
TV Media Blog 2025-26 Datawrapper,https://tvmediablog.substack.com/api/v1/posts/2025-26-college-basketball-viewership,2025-26,basketball,men,Vanderbilt/Memphis,Vanderbilt,Memphis,2025-12-17,7PM,Prime,ESPN2,436000,big_data,,436000.0,Regular Season,Week 7,,,,,,,,,Wednesday,12,December,0,0,13,0,1,16,0,1,0,2,0,0,0,0,0,0,0,0,12.985397522331171
TV Media Blog 2025-26 Datawrapper,https://tvmediablog.substack.com/api/v1/posts/2025-26-college-basketball-viewership,2025-26,basketball,men,Towson/Kansas,Towson,Kansas,2025-12-16,9PM,Prime,ESPN2,277000,big_data,,277000.0,Regular Season,Week 7,,,,,,,,,Tuesday,12,December,0,0,0,0,0,17,0,1,0,1,0,0,0,0,0,0,0,0,12.531772785169476
TV Media Blog 2025-26 Datawrapper,https://tvmediablog.substack.com/api/v1/posts/2025-26-college-basketball-viewership,2025-26,basketball,men,South Carolina/Clemson,South Carolina,Clemson,2025-12-16,7PM,Prime,ESPN2,211000,big_data,,211000.0,Regular Season,Week 7,,,,,,,,,Tuesday,12,December,0,0,16,0,1,12,0,1,0,2,0,0,0,0,0,0,0,0,12.259613412458204
TV Media Blog 2025-26 Datawrapper,https://tvmediablog.substack.com/api/v1/posts/2025-26-college-basketball-viewership,2025-26,basketball,men,North Dakota/Nebraska,North Dakota,Nebraska,2025-12-21,8PM,Prime,BTN,185000,big_data,,185000.0,Regular Season,Week 7,,,,,,,,,Sunday,12,December,1,0,0,0,0,15,0,1,0,1,0,0,0,0,0,0,0,0,12.128111104060462
TV Media Blog 2025-26 Datawrapper,https://tvmediablog.substack.com/api/v1/posts/2025-26-college-basketball-viewership,2025-26,basketball,men,Georgetown/Marquette,Georgetown,Marquette,2025-12-17,8:30PM,Prime,FS1,182000,big_data,,182000.0,Regular Season,Week 7,,,,,,,,,Wednesday,12,December,0,0,0,0,0,25,0,1,0,1,0,0,0,0,0,0,0,0,12.111761966058932
TV Media Blog 2025-26 Datawrapper,https://tvmediablog.substack.com/api/v1/posts/2025-26-college-basketball-viewership,2025-26,basketball,men,Creighton/Xavier,Creighton,Xavier,2025-12-17,6:30PM,Mid,FS1,161000,big_data,,161000.0,Regular Season,Week 7,,,,,,,,,Wednesday,12,December,0,0,23,0,1,22,0,1,0,2,0,0,0,0,0,0,0,0,11.9891596439666
TV Media Blog 2025-26 Datawrapper,https://tvmediablog.substack.com/api/v1/posts/2025-26-college-basketball-viewership,2025-26,basketball,men,Seton Hall/Providence,Seton Hall,Providence,2025-12-19,6:30PM,Mid,FS1,152000,big_data,,152000.0,Regular Season,Week 7,,,,,,,,,Friday,12,December,0,0,0,0,0,23,0,1,0,1,0,0,0,0,0,0,0,0,11.931635799828413
TV Media Blog 2025-26 Datawrapper,https://tvmediablog.substack.com/api/v1/posts/2025-26-college-basketball-viewership,2025-26,basketball,men,Xavier/Georgetown,Xavier,Georgetown,2025-12-20,8:30PM,Prime,FS1,58000,big_data,,58000.0,Regular Season,Week 7,,,,,,,,,Saturday,12,December,1,0,22,0,1,0,0,0,0,1,0,0,0,0,0,0,0,0,10.968198289528557
TV Media Blog 2025-26 Datawrapper,https://tvmediablog.substack.com/api/v1/posts/2025-26-college-basketball-viewership,2025-26,basketball,men,UTSA/USC,UTSA,USC,2025-12-17,9PM,Prime,BTN,41000,big_data,,41000.0,Regular Season,Week 7,,,,,,,,,Wednesday,12,December,0,0,0,0,0,24,0,1,0,1,0,0,0,0,0,0,0,0,10.621327345686446
TV Media Blog 2025-26 Datawrapper,https://tvmediablog.substack.com/api/v1/posts/2025-26-college-basketball-viewership,2025-26,basketball,men,Missouri/Illinois,Missouri,Illinois,2025-12-22,8PM,Prime,FS1,346000,big_data,,346000.0,Regular Season,Week 8,,,,,,,,,Monday,12,December,0,0,23,0,1,20,0,1,0,2,0,0,0,0,0,0,0,0,12.75419405403986
TV Media Blog 2025-26 Datawrapper,https://tvmediablog.substack.com/api/v1/posts/2025-26-college-basketball-viewership,2025-26,basketball,men,Siena/Indiana,Siena,Indiana,2025-12-22,6PM,Mid,BTN,140000,big_data,,140000.0,Regular Season,Week 8,,,,,,,,,Monday,12,December,0,0,0,0,0,22,0,1,0,1,0,0,0,0,0,0,0,0,11.84939770159144
TV Media Blog 2025-26 Datawrapper,https://tvmediablog.substack.com/api/v1/posts/2025-26-college-basketball-viewership,2025-26,basketball,men,Kentucky/Alabama,Kentucky,Alabama,2026-01-03,12PM,Early,ESPN,1492000,big_data,1251000.0,1492000.0,Regular Season,Week 9,,,,,,,,,Saturday,1,January,1,0,18,0,1,14,0,1,0,2,0,0,0,0,0,0,0,0,14.215628059745843
TV Media Blog 2025-26 Datawrapper,https://tvmediablog.substack.com/api/v1/posts/2025-26-college-basketball-viewership,2025-26,basketball,men,Duke/Florida State,Duke,Florida State,2026-01-03,3:45PM,Mid,CBS,1243000,big_data,,1243000.0,Regular Season,Week 9,,,,,,,,,Saturday,1,January,1,0,6,1,0,0,0,0,1,0,0,0,0,0,0,0,0,0,14.033038370492848
TV Media Blog 2025-26 Datawrapper,https://tvmediablog.substack.com/api/v1/posts/2025-26-college-basketball-viewership,2025-26,basketball,men,BYU/Kansas State,BYU,Kansas State,2026-01-03,1:30PM,Early,CBS,1140000,big_data,,1140000.0,Regular Season,Week 9,,,,,,,,,Saturday,1,January,1,0,10,1,0,0,0,0,1,0,0,0,0,0,0,0,0,0,13.946538820370678
TV Media Blog 2025-26 Datawrapper,https://tvmediablog.substack.com/api/v1/posts/2025-26-college-basketball-viewership,2025-26,basketball,men,Purdue/Wisconsin,Purdue,Wisconsin,2026-01-03,8PM,Prime,FOX,625000,big_data,,625000.0,Regular Season,Week 9,,,,,,,,,Saturday,1,January,1,0,5,1,0,23,0,1,1,1,0,0,0,0,0,0,0,0,13.345506928718539
TV Media Blog 2025-26 Datawrapper,https://tvmediablog.substack.com/api/v1/posts/2025-26-college-basketball-viewership,2025-26,basketball,men,Florida State/North Carolina,Florida State,North Carolina,2025-12-30,7PM,Prime,ESPN2,624000,big_data,531000.0,624000.0,Regular Season,Week 9,,,,,,,,,Tuesday,12,December,0,0,0,0,0,12,0,1,0,1,0,0,0,0,0,0,0,0,13.343905647351566
TV Media Blog 2025-26 Datawrapper,https://tvmediablog.substack.com/api/v1/posts/2025-26-college-basketball-viewership,2025-26,basketball,men,North Carolina/SMU,North Carolina,SMU,2026-01-03,2:15PM,Early,CW,602000,big_data,,602000.0,Regular Season,Week 9,,,,,,,,,Saturday,1,January,1,0,12,0,1,0,0,0,0,1,0,0,0,0,0,0,0,0,13.308012724290958
TV Media Blog 2025-26 Datawrapper,https://tvmediablog.substack.com/api/v1/posts/2025-26-college-basketball-viewership,2025-26,basketball,men,West Virginia/Iowa State,West Virginia,Iowa State,2026-01-02,9PM,Prime,ESPN2,404000,big_data,376000.0,404000.0,Regular Season,Week 9,,,,,,,,,Friday,1,January,0,0,23,0,1,3,1,0,1,1,0,0,0,0,0,0,0,0,12.909170156943286
TV Media Blog 2025-26 Datawrapper,https://tvmediablog.substack.com/api/v1/posts/2025-26-college-basketball-viewership,2025-26,basketball,men,Clemson/Pitt,Clemson,Pitt,2026-01-03,12PM,Early,CW,259000,big_data,,259000.0,Regular Season,Week 9,,,,,,,,,Saturday,1,January,1,0,12,0,1,18,0,1,0,2,0,0,0,0,0,0,0,0,12.464583340681674
TV Media Blog 2025-26 Datawrapper,https://tvmediablog.substack.com/api/v1/posts/2025-26-college-basketball-viewership,2025-26,basketball,men,Illinois/Penn State,Illinois,Penn State,2026-01-03,7PM,Prime,BTN,239000,big_data,232000.0,239000.0,Regular Season,Week 9,,,,,,,,,Saturday,1,January,1,0,20,0,1,0,0,0,0,1,0,0,0,0,0,0,0,0,12.384218830913648
TV Media Blog 2025-26 Datawrapper,https://tvmediablog.substack.com/api/v1/posts/2025-26-college-basketball-viewership,2025-26,basketball,men,Notre Dame/Stanford,Notre Dame,Stanford,2025-12-30,9PM,Prime,ESPN2,211000,big_data,180000.0,211000.0,Regular Season,Week 9,,,,,,,,,Tuesday,12,December,0,0,0,0,0,0,0,0,0,0,0,0,0,0,0,0,0,0,12.259613412458204
TV Media Blog 2025-26 Datawrapper,https://tvmediablog.substack.com/api/v1/posts/2025-26-college-basketball-viewership,2025-26,basketball,men,New Hampshire/Nebraska,New Hampshire,Nebraska,2025-12-30,9PM,Prime,BTN,197000,big_data,181000.0,197000.0,Regular Season,Week 9,,,,,,,,,Tuesday,12,December,0,0,0,0,0,13,0,1,0,1,0,0,0,0,0,0,0,0,12.190959007720126
TV Media Blog 2025-26 Datawrapper,https://tvmediablog.substack.com/api/v1/posts/2025-26-college-basketball-viewership,2025-26,basketball,men,Washington/Indiana,Washington,Indiana,2026-01-04,8PM,Prime,BTN,179000,big_data,172000.0,179000.0,Regular Season,Week 9,,,,,,,,,Sunday,1,January,1,0,0,0,0,22,0,1,0,1,0,0,0,0,0,0,0,0,12.095141084822892
TV Media Blog 2025-26 Datawrapper,https://tvmediablog.substack.com/api/v1/posts/2025-26-college-basketball-viewership,2025-26,basketball,men,St. John's/Georgetown,St. John's,Georgetown,2025-12-31,8PM,Prime,FS1,141000,big_data,107000.0,141000.0,Regular Season,Week 9,,,,,,,,,Wednesday,12,December,0,0,22,0,1,0,0,0,0,1,0,0,0,0,0,0,0,0,11.856515169360305
TV Media Blog 2025-26 Datawrapper,https://tvmediablog.substack.com/api/v1/posts/2025-26-college-basketball-viewership,2025-26,basketball,men,Butler/Creighton,Butler,Creighton,2025-12-30,9PM,Prime,FS1,136000,big_data,108000.0,136000.0,Regular Season,Week 9,,,,,,,,,Tuesday,12,December,0,0,0,0,0,23,0,1,0,1,0,0,0,0,0,0,0,0,11.820410164718188
TV Media Blog 2025-26 Datawrapper,https://tvmediablog.substack.com/api/v1/posts/2025-26-college-basketball-viewership,2025-26,basketball,men,Seton Hall/Marquette,Seton Hall,Marquette,2025-12-30,7PM,Prime,FS1,131000,big_data,121000.0,131000.0,Regular Season,Week 9,,,,,,,,,Tuesday,12,December,0,0,0,0,0,25,0,1,0,1,0,0,0,0,0,0,0,0,11.782952602183288
TV Media Blog 2025-26 Datawrapper,https://tvmediablog.substack.com/api/v1/posts/2025-26-college-basketball-viewership,2025-26,basketball,men,Milwaukee/Wisconsin,Milwaukee,Wisconsin,2025-12-30,7PM,Prime,BTN,131000,big_data,112000.0,131000.0,Regular Season,Week 9,,,,,,,,,Tuesday,12,December,0,0,0,0,0,23,0,1,0,1,0,0,0,0,0,0,0,0,11.782952602183288
TV Media Blog 2025-26 Datawrapper,https://tvmediablog.substack.com/api/v1/posts/2025-26-college-basketball-viewership,2025-26,basketball,men,DePaul/Villanova,DePaul,Villanova,2025-12-31,6PM,Mid,FS1,111000,big_data,98000.0,111000.0,Regular Season,Week 9,,,,,,,,,Wednesday,12,December,0,0,0,0,0,18,0,1,0,1,0,0,0,0,0,0,0,0,11.617285480294472
TV Media Blog 2025-26 Datawrapper,https://tvmediablog.substack.com/api/v1/posts/2025-26-college-basketball-viewership,2025-26,basketball,men,Maryland/UCLA,Maryland,UCLA,2026-01-10,8PM,Prime,FOX,2856000,big_data,,2856000.0,Regular Season,Week 10,,,,,,,,,Saturday,1,January,1,0,11,0,1,25,0,1,0,2,0,0,0,0,0,0,0,0,14.864932602441613
TV Media Blog 2025-26 Datawrapper,https://tvmediablog.substack.com/api/v1/posts/2025-26-college-basketball-viewership,2025-26,basketball,men,Wisconsin/Michigan,Wisconsin,Michigan,2026-01-10,1PM,Early,CBS,2016000,big_data,,2016000.0,Regular Season,Week 10,,,,,,,,,Saturday,1,January,1,0,23,0,1,2,1,0,1,1,0,0,0,0,0,0,0,0,14.516625908173395
TV Media Blog 2025-26 Datawrapper,https://tvmediablog.substack.com/api/v1/posts/2025-26-college-basketball-viewership,2025-26,basketball,men,Duke/Louisville,Duke,Louisville,2026-01-06,7PM,Prime,ESPN,1397000,big_data,1197000.0,1397000.0,Regular Season,Week 10,,,,,,,,,Tuesday,1,January,0,0,6,1,0,20,0,1,1,1,0,0,0,0,0,0,0,0,14.149837638239099
TV Media Blog 2025-26 Datawrapper,https://tvmediablog.substack.com/api/v1/posts/2025-26-college-basketball-viewership,2025-26,basketball,men,SMU/Duke,SMU,Duke,2026-01-10,2PM,Early,ESPN,1307000,big_data,1150000.0,1307000.0,Regular Season,Week 10,,,,,,,,,Saturday,1,January,1,0,24,0,1,6,1,0,1,1,0,0,0,0,0,0,0,0,14.083244992606359
TV Media Blog 2025-26 Datawrapper,https://tvmediablog.substack.com/api/v1/posts/2025-26-college-basketball-viewership,2025-26,basketball,men,Tennessee/Florida,Tennessee,Florida,2026-01-10,12PM,Early,ESPN,1221000,big_data,1092000.0,1221000.0,Regular Season,Week 10,,,,,,,,,Saturday,1,January,1,0,21,0,1,22,0,1,0,2,0,0,0,0,0,0,0,0,14.015180753092842
TV Media Blog 2025-26 Datawrapper,https://tvmediablog.substack.com/api/v1/posts/2025-26-college-basketball-viewership,2025-26,basketball,men,Kansas/West Virginia,Kansas,West Virginia,2026-01-10,12PM,Early,FOX,1012000,big_data,,1012000.0,Regular Season,Week 10,,,,,,,,,Saturday,1,January,1,0,22,0,1,23,0,1,0,2,0,0,0,0,0,0,0,0,13.827439128829548
TV Media Blog 2025-26 Datawrapper,https://tvmediablog.substack.com/api/v1/posts/2025-26-college-basketball-viewership,2025-26,basketball,men,TCU/Kansas,TCU,Kansas,2026-01-06,9PM,Prime,ESPN,950000,big_data,821000.0,950000.0,Regular Season,Week 10,,,,,,,,,Tuesday,1,January,0,0,25,0,1,22,0,1,0,2,0,0,0,0,0,0,0,0,13.764217263576723
TV Media Blog 2025-26 Datawrapper,https://tvmediablog.substack.com/api/v1/posts/2025-26-college-basketball-viewership,2025-26,basketball,men,Illinois/Iowa,Illinois,Iowa,2026-01-11,12PM,Early,FOX,895000,big_data,,895000.0,Regular Season,Week 10,,,,,,,,,Sunday,1,January,1,0,16,0,1,19,0,1,0,2,0,0,0,0,0,0,0,0,13.704578997256993
TV Media Blog 2025-26 Datawrapper,https://tvmediablog.substack.com/api/v1/posts/2025-26-college-basketball-viewership,2025-26,basketball,men,Texas/Alabama,Texas,Alabama,2026-01-10,8PM,Prime,ESPN,678000,big_data,566000.0,678000.0,Regular Season,Week 10,,,,,,,,,Saturday,1,January,1,0,19,0,1,13,0,1,0,2,0,0,0,0,0,0,0,0,13.426902566922532
TV Media Blog 2025-26 Datawrapper,https://tvmediablog.substack.com/api/v1/posts/2025-26-college-basketball-viewership,2025-26,basketball,men,Nebraska/Ohio State,Nebraska,Ohio State,2026-01-05,6:30PM,Mid,FS1,646000,big_data,559000.0,646000.0,Regular Season,Week 10,,,,,,,,,Monday,1,January,0,0,10,1,0,21,0,1,1,1,0,0,0,0,0,0,0,0,13.37855478276474
TV Media Blog 2025-26 Datawrapper,https://tvmediablog.substack.com/api/v1/posts/2025-26-college-basketball-viewership,2025-26,basketball,men,Missouri/Kentucky,Missouri,Kentucky,2026-01-07,7PM,Prime,ESPN2,633000,big_data,638000.0,633000.0,Regular Season,Week 10,,,,,,,,,Wednesday,1,January,0,0,23,0,1,18,0,1,0,2,0,0,0,0,0,0,0,0,13.358225701126313
TV Media Blog 2025-26 Datawrapper,https://tvmediablog.substack.com/api/v1/posts/2025-26-college-basketball-viewership,2025-26,basketball,men,USC/Michigan State,USC,Michigan State,2026-01-05,8:30PM,Prime,FS1,627000,big_data,472000.0,627000.0,Regular Season,Week 10,,,,,,,,,Monday,1,January,0,0,24,0,1,12,0,1,0,2,0,0,0,0,0,0,0,0,13.348701819615057
TV Media Blog 2025-26 Datawrapper,https://tvmediablog.substack.com/api/v1/posts/2025-26-college-basketball-viewership,2025-26,basketball,men,Arkansas/Auburn,Arkansas,Auburn,2026-01-10,6PM,Mid,ESPN,621000,big_data,433000.0,621000.0,Regular Season,Week 10,,,,,,,,,Saturday,1,January,1,0,15,0,1,21,0,1,0,2,0,0,0,0,0,0,0,0,13.339086360915616
TV Media Blog 2025-26 Datawrapper,https://tvmediablog.substack.com/api/v1/posts/2025-26-college-basketball-viewership,2025-26,basketball,men,Alabama/Vanderbilt,Alabama,Vanderbilt,2026-01-07,9PM,Prime,ESPN2,619000,big_data,561000.0,619000.0,Regular Season,Week 10,,,,,,,,,Wednesday,1,January,0,0,13,0,1,11,0,1,0,2,0,0,0,0,0,0,0,0,13.335860551666734
TV Media Blog 2025-26 Datawrapper,https://tvmediablog.substack.com/api/v1/posts/2025-26-college-basketball-viewership,2025-26,basketball,men,Michigan/Penn State,Michigan,Penn State,2026-01-06,7PM,Prime,FS1,431000,big_data,361000.0,431000.0,Regular Season,Week 10,,,,,,,,,Tuesday,1,January,0,0,2,1,0,0,0,0,1,0,0,0,0,0,0,0,0,0,12.973863369085885
TV Media Blog 2025-26 Datawrapper,https://tvmediablog.substack.com/api/v1/posts/2025-26-college-basketball-viewership,2025-26,basketball,men,Texas Tech/Houston,Texas Tech,Houston,2026-01-06,9PM,Prime,FS1,364000,big_data,296000.0,364000.0,Regular Season,Week 10,,,,,,,,,Tuesday,1,January,0,0,14,0,1,7,1,0,1,1,0,0,0,0,0,0,0,0,12.804909146618877
TV Media Blog 2025-26 Datawrapper,https://tvmediablog.substack.com/api/v1/posts/2025-26-college-basketball-viewership,2025-26,basketball,men,Northwestern/Michigan State,Northwestern,Michigan State,2026-01-08,6:30PM,Mid,BTN,340000,big_data,260000.0,340000.0,Regular Season,Week 10,,,,,,,,,Thursday,1,January,0,0,25,0,1,12,0,1,0,2,0,0,0,0,0,0,0,0,12.736700896592344
TV Media Blog 2025-26 Datawrapper,https://tvmediablog.substack.com/api/v1/posts/2025-26-college-basketball-viewership,2025-26,basketball,men,Texas/Tennessee,Texas,Tennessee,2026-01-06,9PM,Prime,ESPN2,323000,big_data,256000.0,323000.0,Regular Season,Week 10,,,,,,,,,Tuesday,1,January,0,0,19,0,1,21,0,1,0,2,0,0,0,0,0,0,0,0,12.685407602204794
TV Media Blog 2025-26 Datawrapper,https://tvmediablog.substack.com/api/v1/posts/2025-26-college-basketball-viewership,2025-26,basketball,men,Indiana/Maryland,Indiana,Maryland,2026-01-07,6:30PM,Mid,BTN,316000,big_data,261000.0,316000.0,Regular Season,Week 10,,,,,,,,,Wednesday,1,January,0,0,22,0,1,11,0,1,0,2,0,0,0,0,0,0,0,0,12.66349749256905
TV Media Blog 2025-26 Datawrapper,https://tvmediablog.substack.com/api/v1/posts/2025-26-college-basketball-viewership,2025-26,basketball,men,Iowa/Minnesota,Iowa,Minnesota,2026-01-06,8PM,Prime,BTN,308000,big_data,371000.0,308000.0,Regular Season,Week 10,,,,,,,,,Tuesday,1,January,0,0,19,0,1,0,0,0,0,1,0,0,0,0,0,0,0,0,12.637855061955712
TV Media Blog 2025-26 Datawrapper,https://tvmediablog.substack.com/api/v1/posts/2025-26-college-basketball-viewership,2025-26,basketball,men,Washington/Purdue,Washington,Purdue,2026-01-07,8:30PM,Prime,BTN,238000,big_data,191000.0,238000.0,Regular Season,Week 10,,,,,,,,,Wednesday,1,January,0,0,0,0,0,5,1,0,1,0,0,0,0,0,0,0,0,0,12.380025952653611
TV Media Blog 2025-26 Datawrapper,https://tvmediablog.substack.com/api/v1/posts/2025-26-college-basketball-viewership,2025-26,basketball,men,Cincinnati/West Virginia,Cincinnati,West Virginia,2026-01-06,7PM,Prime,ESPN2,236000,big_data,191000.0,236000.0,Regular Season,Week 10,,,,,,,,,Tuesday,1,January,0,0,16,0,1,23,0,1,0,2,0,0,0,0,0,0,0,0,12.371587084007746
TV Media Blog 2025-26 Datawrapper,https://tvmediablog.substack.com/api/v1/posts/2025-26-college-basketball-viewership,2025-26,basketball,men,Rutgers/Illinois,Rutgers,Illinois,2026-01-08,8:30PM,Prime,BTN,236000,big_data,188000.0,236000.0,Regular Season,Week 10,,,,,,,,,Thursday,1,January,0,0,24,0,1,16,0,1,0,2,0,0,0,0,0,0,0,0,12.371587084007746
TV Media Blog 2025-26 Datawrapper,https://tvmediablog.substack.com/api/v1/posts/2025-26-college-basketball-viewership,2025-26,basketball,men,Kansas State/Arizona,Kansas State,Arizona,2026-01-07,9PM,Prime,FS1,206000,big_data,151000.0,206000.0,Regular Season,Week 10,,,,,,,,,Wednesday,1,January,0,0,0,0,0,1,1,0,1,0,0,0,0,0,0,0,0,0,12.235631447771718
TV Media Blog 2025-26 Datawrapper,https://tvmediablog.substack.com/api/v1/posts/2025-26-college-basketball-viewership,2025-26,basketball,men,Clemson/Notre Dame,Clemson,Notre Dame,2026-01-10,6PM,Mid,ESPN2,157000,big_data,128000.0,157000.0,Regular Season,Week 10,,,,,,,,,Saturday,1,January,1,0,12,0,1,0,0,0,0,1,0,0,0,0,0,0,0,0,11.964001084330445
TV Media Blog 2025-26 Datawrapper,https://tvmediablog.substack.com/api/v1/posts/2025-26-college-basketball-viewership,2025-26,basketball,men,Xavier/Marquette,Xavier,Marquette,2026-01-07,7PM,Prime,FS1,131000,big_data,103000.0,131000.0,Regular Season,Week 10,,,,,,,,,Wednesday,1,January,0,0,22,0,1,25,0,1,0,2,0,0,0,0,0,0,0,0,11.782952602183288
TV Media Blog 2025-26 Datawrapper,https://tvmediablog.substack.com/api/v1/posts/2025-26-college-basketball-viewership,2025-26,basketball,men,Seton Hall/Georgetown,Seton Hall,Georgetown,2026-01-10,6PM,Mid,FS1,112000,big_data,107000.0,112000.0,Regular Season,Week 10,,,,,,,,,Saturday,1,January,1,0,0,0,0,0,0,0,0,0,0,0,0,0,0,0,0,0,11.626254150277232
TV Media Blog 2025-26 Datawrapper,https://tvmediablog.substack.com/api/v1/posts/2025-26-college-basketball-viewership,2025-26,basketball,men,USC/Minnesota,USC,Minnesota,2026-01-09,8:30PM,Prime,BTN,85000,big_data,83000.0,85000.0,Regular Season,Week 10,,,,,,,,,Friday,1,January,0,0,24,0,1,0,0,0,0,1,0,0,0,0,0,0,0,0,11.350406535472453
TV Media Blog 2025-26 Datawrapper,https://tvmediablog.substack.com/api/v1/posts/2025-26-college-basketball-viewership,2025-26,basketball,men,Kentucky/Tennessee,Kentucky,Tennessee,2026-01-17,12PM,Early,ESPN,1510000,big_data,,1510000.0,Regular Season,Week 11,,,,,,,,,Saturday,1,January,1,0,18,0,1,24,0,1,0,2,0,0,0,0,0,0,0,0,14.227620208791107
TV Media Blog 2025-26 Datawrapper,https://tvmediablog.substack.com/api/v1/posts/2025-26-college-basketball-viewership,2025-26,basketball,men,Florida/Vanderbilt,Florida,Vanderbilt,2026-01-17,2PM,Early,ESPN,1385000,big_data,,1385000.0,Regular Season,Week 11,,,,,,,,,Saturday,1,January,1,0,19,0,1,10,1,0,1,1,0,0,0,0,0,0,0,0,14.141210697603576
TV Media Blog 2025-26 Datawrapper,https://tvmediablog.substack.com/api/v1/posts/2025-26-college-basketball-viewership,2025-26,basketball,men,Baylor/Kansas,Baylor,Kansas,2026-01-16,8PM,Prime,FOX,1338000,big_data,,1338000.0,Regular Season,Week 11,,,,,,,,,Friday,1,January,0,0,25,0,1,22,0,1,0,2,0,0,0,0,0,0,0,0,14.10668651967031
TV Media Blog 2025-26 Datawrapper,https://tvmediablog.substack.com/api/v1/posts/2025-26-college-basketball-viewership,2025-26,basketball,men,UCLA/Ohio State,UCLA,Ohio State,2026-01-17,1PM,Early,CBS,1290000,big_data,,1290000.0,Regular Season,Week 11,,,,,,,,,Saturday,1,January,1,0,25,0,1,21,0,1,0,2,0,0,0,0,0,0,0,0,14.070152776337855
TV Media Blog 2025-26 Datawrapper,https://tvmediablog.substack.com/api/v1/posts/2025-26-college-basketball-viewership,2025-26,basketball,men,Iowa/Indiana,Iowa,Indiana,2026-01-17,2PM,Early,FOX,1212000,big_data,,1212000.0,Regular Season,Week 11,,,,,,,,,Saturday,1,January,1,0,19,0,1,22,0,1,0,2,0,0,0,0,0,0,0,0,14.007782445611397
TV Media Blog 2025-26 Datawrapper,https://tvmediablog.substack.com/api/v1/posts/2025-26-college-basketball-viewership,2025-26,basketball,men,Iowa State/Kansas,Iowa State,Kansas,2026-01-13,9PM,Prime,ESPN,1025000,big_data,891000.0,1025000.0,Regular Season,Week 11,,,,,,,,,Tuesday,1,January,0,0,2,1,0,22,0,1,1,1,0,0,0,0,0,0,0,0,13.840203170554645
TV Media Blog 2025-26 Datawrapper,https://tvmediablog.substack.com/api/v1/posts/2025-26-college-basketball-viewership,2025-26,basketball,men,UConn/Georgetown,UConn,Georgetown,2026-01-17,12PM,Early,FOX,1004000,big_data,,1004000.0,Regular Season,Week 11,,,,,,,,,Saturday,1,January,1,0,3,1,0,0,0,0,1,0,0,0,0,0,0,0,0,0,13.819502579233811
TV Media Blog 2025-26 Datawrapper,https://tvmediablog.substack.com/api/v1/posts/2025-26-college-basketball-viewership,2025-26,basketball,men,Arizona State/Houston,Arizona State,Houston,2026-01-18,6:30PM,Mid,ESPN,924000,big_data,807000.0,924000.0,Regular Season,Week 11,,,,,,,,,Sunday,1,January,1,0,0,0,0,7,1,0,1,0,0,0,0,0,0,0,0,0,13.73646735062382
TV Media Blog 2025-26 Datawrapper,https://tvmediablog.substack.com/api/v1/posts/2025-26-college-basketball-viewership,2025-26,basketball,men,Michigan/Oregon,Michigan,Oregon,2026-01-17,4PM,Mid,NBC,719000,big_data,,719000.0,Regular Season,Week 11,,,,,,,,,Saturday,1,January,1,0,4,1,0,25,0,1,1,1,0,0,0,0,0,0,0,0,13.485616636703183
TV Media Blog 2025-26 Datawrapper,https://tvmediablog.substack.com/api/v1/posts/2025-26-college-basketball-viewership,2025-26,basketball,men,BYU/Texas Tech,BYU,Texas Tech,2026-01-17,8PM,Prime,ESPN,544000,big_data,,544000.0,Regular Season,Week 11,,,,,,,,,Saturday,1,January,1,0,11,0,1,15,0,1,0,2,0,0,0,0,0,0,0,0,13.206704525838079
TV Media Blog 2025-26 Datawrapper,https://tvmediablog.substack.com/api/v1/posts/2025-26-college-basketball-viewership,2025-26,basketball,men,Virginia/Louisville,Virginia,Louisville,2026-01-13,7PM,Prime,ESPN2,470000,big_data,409000.0,470000.0,Regular Season,Week 11,,,,,,,,,Tuesday,1,January,0,0,16,0,1,20,0,1,0,2,0,0,0,0,0,0,0,0,13.060487973686241
TV Media Blog 2025-26 Datawrapper,https://tvmediablog.substack.com/api/v1/posts/2025-26-college-basketball-viewership,2025-26,basketball,men,Texas A&M/Texas,Texas A&M,Texas,2026-01-17,6PM,Mid,ESPN,332000,big_data,,332000.0,Regular Season,Week 11,,,,,,,,,Saturday,1,January,1,0,19,0,1,19,0,1,0,2,0,0,0,0,0,0,0,0,12.712890247898626
TV Media Blog 2025-26 Datawrapper,https://tvmediablog.substack.com/api/v1/posts/2025-26-college-basketball-viewership,2025-26,basketball,men,Oregon/Nebraska,Oregon,Nebraska,2026-01-13,9PM,Prime,BTN,307000,big_data,272000.0,307000.0,Regular Season,Week 11,,,,,,,,,Tuesday,1,January,0,0,25,0,1,8,1,0,1,1,0,0,0,0,0,0,0,0,12.634603026569334
TV Media Blog 2025-26 Datawrapper,https://tvmediablog.substack.com/api/v1/posts/2025-26-college-basketball-viewership,2025-26,basketball,men,Michigan State/Washington,Michigan State,Washington,2026-01-17,6PM,Mid,BTN,267000,big_data,,267000.0,Regular Season,Week 11,,,,,,,,,Saturday,1,January,1,0,12,0,1,0,0,0,0,1,0,0,0,0,0,0,0,0,12.495003937382387
TV Media Blog 2025-26 Datawrapper,https://tvmediablog.substack.com/api/v1/posts/2025-26-college-basketball-viewership,2025-26,basketball,men,Florida/Oklahoma,Florida,Oklahoma,2026-01-13,9PM,Prime,ESPN2,266000,big_data,254000.0,266000.0,Regular Season,Week 11,,,,,,,,,Tuesday,1,January,0,0,19,0,1,17,0,1,0,2,0,0,0,0,0,0,0,0,12.491251587763836
TV Media Blog 2025-26 Datawrapper,https://tvmediablog.substack.com/api/v1/posts/2025-26-college-basketball-viewership,2025-26,basketball,men,Creighton/Providence,Creighton,Providence,2026-01-16,6:30PM,Mid,FS1,255000,big_data,227000.0,255000.0,Regular Season,Week 11,,,,,,,,,Friday,1,January,0,0,23,0,1,23,0,1,0,2,0,0,0,0,0,0,0,0,12.449018824140563
TV Media Blog 2025-26 Datawrapper,https://tvmediablog.substack.com/api/v1/posts/2025-26-college-basketball-viewership,2025-26,basketball,men,UConn/Seton Hall,UConn,Seton Hall,2026-01-13,8PM,Prime,truTV,236000,big_data,210000.0,236000.0,Regular Season,Week 11,,,,,,,,,Tuesday,1,January,0,0,3,1,0,25,0,1,1,1,0,0,0,0,0,0,0,0,12.371587084007746
TV Media Blog 2025-26 Datawrapper,https://tvmediablog.substack.com/api/v1/posts/2025-26-college-basketball-viewership,2025-26,basketball,men,Wisconsin/Minnesota,Wisconsin,Minnesota,2026-01-13,7PM,Prime,BTN,231000,big_data,219000.0,231000.0,Regular Season,Week 11,,,,,,,,,Tuesday,1,January,0,0,23,0,1,0,0,0,0,1,0,0,0,0,0,0,0,0,12.35017298950393
TV Media Blog 2025-26 Datawrapper,https://tvmediablog.substack.com/api/v1/posts/2025-26-college-basketball-viewership,2025-26,basketball,men,Wichita State/Florida Atlantic,Wichita State,Florida Atlantic,2026-01-15,9PM,Prime,ESPN2,260000,big_data,185000.0,260000.0,Regular Season,Week 11,,,,,,,,,Thursday,1,January,0,0,0,0,0,24,0,1,0,1,0,0,0,0,0,0,0,0,12.468436909997665
TV Media Blog 2025-26 Datawrapper,https://tvmediablog.substack.com/api/v1/posts/2025-26-college-basketball-viewership,2025-26,basketball,men,Villanova/Providence,Villanova,Providence,2026-01-13,6:30PM,Mid,FS1,182000,big_data,149000.0,182000.0,Regular Season,Week 11,,,,,,,,,Tuesday,1,January,0,0,18,0,1,23,0,1,0,2,0,0,0,0,0,0,0,0,12.111761966058932
TV Media Blog 2025-26 Datawrapper,https://tvmediablog.substack.com/api/v1/posts/2025-26-college-basketball-viewership,2025-26,basketball,men,West Virginia/Houston,West Virginia,Houston,2026-01-13,8:30PM,Prime,FS1,179000,big_data,150000.0,179000.0,Regular Season,Week 11,,,,,,,,,Tuesday,1,January,0,0,23,0,1,7,1,0,1,1,0,0,0,0,0,0,0,0,12.095141084822892
TV Media Blog 2025-26 Datawrapper,https://tvmediablog.substack.com/api/v1/posts/2025-26-college-basketball-viewership,2025-26,basketball,men,Marquette/DePaul,Marquette,DePaul,2026-01-16,8:30PM,Prime,FS1,151000,big_data,125000.0,151000.0,Regular Season,Week 11,,,,,,,,,Friday,1,January,0,0,25,0,1,0,0,0,0,1,0,0,0,0,0,0,0,0,11.925035115797062
TV Media Blog 2025-26 Datawrapper,https://tvmediablog.substack.com/api/v1/posts/2025-26-college-basketball-viewership,2025-26,basketball,men,Louisville/Pitt,Louisville,Pitt,2026-01-17,8PM,Prime,ESPN2,121000,big_data,,121000.0,Regular Season,Week 11,,,,,,,,,Saturday,1,January,1,0,20,0,1,18,0,1,0,2,0,0,0,0,0,0,0,0,11.703545824578878
TV Media Blog 2025-26 Datawrapper,https://tvmediablog.substack.com/api/v1/posts/2025-26-college-basketball-viewership,2025-26,basketball,men,Loyola Chicago/Dayton,Loyola Chicago,Dayton,2026-01-16,8:30PM,Prime,ESPN2,118000,big_data,99000.0,118000.0,Regular Season,Week 11,,,,,,,,,Friday,1,January,0,0,0,0,0,22,0,1,0,1,0,0,0,0,0,0,0,0,11.678439903447801
TV Media Blog 2025-26 Datawrapper,https://tvmediablog.substack.com/api/v1/posts/2025-26-college-basketball-viewership,2025-26,basketball,men,Nebraska/Michigan State,Nebraska,Michigan State,2026-01-15,7PM,Prime,BTN,114000,big_data,114000.0,114000.0,Regular Season,Week 11,,,,,,,,,Thursday,1,January,0,0,8,1,0,12,0,1,1,1,0,0,0,0,0,0,0,0,11.643953727376633
TV Media Blog 2025-26 Datawrapper,https://tvmediablog.substack.com/api/v1/posts/2025-26-college-basketball-viewership,2025-26,basketball,men,Ohio State/Michigan,Ohio State,Michigan,2026-01-23,8PM,Prime,FOX,1902000,big_data,,1902000.0,Regular Season,Week 12,,,,,,,,,Friday,1,January,0,0,21,0,1,3,1,0,1,1,0,0,0,0,0,0,0,0,14.458416522087473
TV Media Blog 2025-26 Datawrapper,https://tvmediablog.substack.com/api/v1/posts/2025-26-college-basketball-viewership,2025-26,basketball,men,Illinois/Purdue,Illinois,Purdue,2026-01-24,3PM,Mid,FOX,1685000,big_data,,1685000.0,Regular Season,Week 12,,,,,,,,,Saturday,1,January,1,0,11,0,1,4,1,0,1,1,0,0,0,0,0,0,0,0,14.3372761217686
TV Media Blog 2025-26 Datawrapper,https://tvmediablog.substack.com/api/v1/posts/2025-26-college-basketball-viewership,2025-26,basketball,men,Kansas/Kansas State,Kansas,Kansas State,2026-01-24,8PM,Prime,FOX,1505000,big_data,,1505000.0,Regular Season,Week 12,,,,,,,,,Saturday,1,January,1,0,19,0,1,0,0,0,0,1,0,0,0,0,0,0,0,0,14.224303456165114
TV Media Blog 2025-26 Datawrapper,https://tvmediablog.substack.com/api/v1/posts/2025-26-college-basketball-viewership,2025-26,basketball,men,Maryland/Michigan State,Maryland,Michigan State,2026-01-24,12PM,Early,CBS,1260000,big_data,,1260000.0,Regular Season,Week 12,,,,,,,,,Saturday,1,January,1,0,11,0,1,10,1,0,1,1,0,0,0,0,0,0,0,0,14.04662227892766
TV Media Blog 2025-26 Datawrapper,https://tvmediablog.substack.com/api/v1/posts/2025-26-college-basketball-viewership,2025-26,basketball,men,Auburn/Florida,Auburn,Florida,2026-01-24,4PM,Mid,ESPN,1248000,big_data,,1248000.0,Regular Season,Week 12,,,,,,,,,Saturday,1,January,1,0,21,0,1,16,0,1,0,2,0,0,0,0,0,0,0,0,14.03705282791151
TV Media Blog 2025-26 Datawrapper,https://tvmediablog.substack.com/api/v1/posts/2025-26-college-basketball-viewership,2025-26,basketball,men,Ole Miss/Kentucky,Ole Miss,Kentucky,2026-01-24,11AM,Early,ESPN,1182000,big_data,,1182000.0,Regular Season,Week 12,,,,,,,,,Saturday,1,January,1,0,24,0,1,18,0,1,0,2,0,0,0,0,0,0,0,0,13.98271847694818
TV Media Blog 2025-26 Datawrapper,https://tvmediablog.substack.com/api/v1/posts/2025-26-college-basketball-viewership,2025-26,basketball,men,Villanova/UConn,Villanova,UConn,2026-01-24,12:30PM,Early,FOX,1109000,big_data,,1109000.0,Regular Season,Week 12,,,,,,,,,Saturday,1,January,1,0,18,0,1,2,1,0,1,1,0,0,0,0,0,0,0,0,13.918969266332503
TV Media Blog 2025-26 Datawrapper,https://tvmediablog.substack.com/api/v1/posts/2025-26-college-basketball-viewership,2025-26,basketball,men,Utah/BYU,Utah,BYU,2026-01-24,5:30PM,Mid,FOX,1087000,big_data,,1087000.0,Regular Season,Week 12,,,,,,,,,Saturday,1,January,1,0,0,0,0,13,0,1,0,1,0,0,0,0,0,0,0,0,13.898932166103346
TV Media Blog 2025-26 Datawrapper,https://tvmediablog.substack.com/api/v1/posts/2025-26-college-basketball-viewership,2025-26,basketball,men,West Virginia/Arizona State,West Virginia,Arizona State,2026-01-24,2PM,Early,CBS,1065000,big_data,,1065000.0,Regular Season,Week 12,,,,,,,,,Saturday,1,January,1,0,23,0,1,0,0,0,0,1,0,0,0,0,0,0,0,0,13.878485357125662
TV Media Blog 2025-26 Datawrapper,https://tvmediablog.substack.com/api/v1/posts/2025-26-college-basketball-viewership,2025-26,basketball,men,Houston/Texas Tech,Houston,Texas Tech,2026-01-24,2PM,Early,ESPN,1028000,big_data,,1028000.0,Regular Season,Week 12,,,,,,,,,Saturday,1,January,1,0,6,1,0,12,0,1,1,1,0,0,0,0,0,0,0,0,13.843125724997247
TV Media Blog 2025-26 Datawrapper,https://tvmediablog.substack.com/api/v1/posts/2025-26-college-basketball-viewership,2025-26,basketball,men,Tennessee/Alabama,Tennessee,Alabama,2026-01-24,8:30PM,Prime,ESPN,947000,big_data,,947000.0,Regular Season,Week 12,,,,,,,,,Saturday,1,January,1,0,24,0,1,17,0,1,0,2,0,0,0,0,0,0,0,0,13.761054372168216
TV Media Blog 2025-26 Datawrapper,https://tvmediablog.substack.com/api/v1/posts/2025-26-college-basketball-viewership,2025-26,basketball,men,TCU/Baylor,TCU,Baylor,2026-01-24,6PM,Mid,ESPN,918000,big_data,,918000.0,Regular Season,Week 12,,,,,,,,,Saturday,1,January,1,0,25,0,1,25,0,1,0,2,0,0,0,0,0,0,0,0,13.729952669602628
TV Media Blog 2025-26 Datawrapper,https://tvmediablog.substack.com/api/v1/posts/2025-26-college-basketball-viewership,2025-26,basketball,men,Notre Dame/North Carolina,Notre Dame,North Carolina,2026-01-21,7PM,Prime,ESPN2,583000,big_data,492000.0,583000.0,Regular Season,Week 12,,,,,,,,,Wednesday,1,January,0,0,0,0,0,22,0,1,0,1,0,0,0,0,0,0,0,0,13.27594246533263
TV Media Blog 2025-26 Datawrapper,https://tvmediablog.substack.com/api/v1/posts/2025-26-college-basketball-viewership,2025-26,basketball,men,Washington/Nebraska,Washington,Nebraska,2026-01-21,9PM,Prime,BTN,433000,big_data,399000.0,433000.0,Regular Season,Week 12,,,,,,,,,Wednesday,1,January,0,0,0,0,0,7,1,0,1,0,0,0,0,0,0,0,0,0,12.978493006984626
TV Media Blog 2025-26 Datawrapper,https://tvmediablog.substack.com/api/v1/posts/2025-26-college-basketball-viewership,2025-26,basketball,men,Cincinnati/Arizona,Cincinnati,Arizona,2026-01-21,9PM,Prime,FS1,275000,big_data,261000.0,275000.0,Regular Season,Week 12,,,,,,,,,Wednesday,1,January,0,0,16,0,1,1,1,0,1,1,0,0,0,0,0,0,0,0,12.524526376648708
TV Media Blog 2025-26 Datawrapper,https://tvmediablog.substack.com/api/v1/posts/2025-26-college-basketball-viewership,2025-26,basketball,men,Wisconsin/Penn State,Wisconsin,Penn State,2026-01-22,7PM,Prime,FS1,287000,big_data,238000.0,287000.0,Regular Season,Week 12,,,,,,,,,Thursday,1,January,0,0,23,0,1,0,0,0,0,1,0,0,0,0,0,0,0,0,12.567237494741757
TV Media Blog 2025-26 Datawrapper,https://tvmediablog.substack.com/api/v1/posts/2025-26-college-basketball-viewership,2025-26,basketball,men,Maryland/Illinois,Maryland,Illinois,2026-01-21,7PM,Prime,BTN,221000,big_data,223000.0,221000.0,Regular Season,Week 12,,,,,,,,,Wednesday,1,January,0,0,11,0,1,11,0,1,0,2,0,0,0,0,0,0,0,0,12.30591798049989
TV Media Blog 2025-26 Datawrapper,https://tvmediablog.substack.com/api/v1/posts/2025-26-college-basketball-viewership,2025-26,basketball,men,UConn/Georgetown,UConn,Georgetown,2026-01-22,7:30PM,Prime,TNT + truTV,185000,big_data,214000.0,185000.0,Regular Season,Week 12,,,,,,,,,Thursday,1,January,0,0,2,1,0,0,0,0,1,0,0,0,0,0,0,0,0,0,12.128111104060462
TV Media Blog 2025-26 Datawrapper,https://tvmediablog.substack.com/api/v1/posts/2025-26-college-basketball-viewership,2025-26,basketball,men,Marquette/Butler,Marquette,Butler,2026-01-23,8PM,Prime,FS1,193000,big_data,166000.0,193000.0,Regular Season,Week 12,,,,,,,,,Friday,1,January,0,0,25,0,1,0,0,0,0,1,0,0,0,0,0,0,0,0,12.170445467887022
TV Media Blog 2025-26 Datawrapper,https://tvmediablog.substack.com/api/v1/posts/2025-26-college-basketball-viewership,2025-26,basketball,men,Northwestern/UCLA,Northwestern,UCLA,2026-01-24,6PM,Mid,FS1,173000,big_data,,173000.0,Regular Season,Week 12,,,,,,,,,Saturday,1,January,1,0,25,0,1,25,0,1,0,2,0,0,0,0,0,0,0,0,12.061046873479915
TV Media Blog 2025-26 Datawrapper,https://tvmediablog.substack.com/api/v1/posts/2025-26-college-basketball-viewership,2025-26,basketball,men,Xavier/Creighton,Xavier,Creighton,2026-01-21,7PM,Prime,FS1,153000,big_data,140000.0,153000.0,Regular Season,Week 12,,,,,,,,,Wednesday,1,January,0,0,22,0,1,23,0,1,0,2,0,0,0,0,0,0,0,0,11.938193200374572
TV Media Blog 2025-26 Datawrapper,https://tvmediablog.substack.com/api/v1/posts/2025-26-college-basketball-viewership,2025-26,basketball,men,USF/UAB,South Florida,UAB,2026-01-22,7PM,Prime,ESPN2,156000,big_data,120000.0,156000.0,Regular Season,Week 12,,,,,,,,,Thursday,1,January,0,0,24,0,1,0,0,0,0,1,0,0,0,0,0,0,0,0,11.957611286231675
TV Media Blog 2025-26 Datawrapper,https://tvmediablog.substack.com/api/v1/posts/2025-26-college-basketball-viewership,2025-26,basketball,men,Nevada/New Mexico,Nevada,New Mexico,2026-01-24,8PM,Prime,FS1,115000,big_data,,115000.0,Regular Season,Week 12,,,,,,,,,Saturday,1,January,1,0,23,0,1,25,0,1,0,2,0,0,0,0,0,0,0,0,11.652687407345388
TV Media Blog 2025-26 Datawrapper,https://tvmediablog.substack.com/api/v1/posts/2025-26-college-basketball-viewership,2025-26,basketball,men,Michigan/Michigan State,Michigan,Michigan State,2026-01-30,8PM,Prime,FOX,2764000,big_data,,2764000.0,Regular Season,Week 13,,,,,,,,,Friday,1,January,0,0,3,1,0,7,1,0,2,0,0,0,0,0,0,0,0,0,14.832189463869698
TV Media Blog 2025-26 Datawrapper,https://tvmediablog.substack.com/api/v1/posts/2025-26-college-basketball-viewership,2025-26,basketball,men,Kentucky/Arkansas,Kentucky,Arkansas,2026-01-31,6:30PM,Mid,ESPN,2393000,big_data,2177000.0,2393000.0,Regular Season,Week 13,,,,,,,,,Saturday,1,January,1,0,18,0,1,15,0,1,0,2,0,0,0,0,0,0,0,0,14.68805836689051
TV Media Blog 2025-26 Datawrapper,https://tvmediablog.substack.com/api/v1/posts/2025-26-college-basketball-viewership,2025-26,basketball,men,BYU/Kansas,BYU,Kansas,2026-01-31,4:30PM,Mid,ESPN,2100000,big_data,1684000.0,2100000.0,Regular Season,Week 13,,,,,,,,,Saturday,1,January,1,0,13,0,1,14,0,1,0,2,0,0,0,0,0,0,0,0,14.557447902693651
TV Media Blog 2025-26 Datawrapper,https://tvmediablog.substack.com/api/v1/posts/2025-26-college-basketball-viewership,2025-26,basketball,men,Arizona/BYU,Arizona,BYU,2026-01-26,9PM,Prime,ESPN,1780000,big_data,1472000.0,1780000.0,Regular Season,Week 13,,,,,,,,,Monday,1,January,0,0,1,1,0,13,0,1,1,1,0,0,0,0,0,0,0,0,14.392123922268269
TV Media Blog 2025-26 Datawrapper,https://tvmediablog.substack.com/api/v1/posts/2025-26-college-basketball-viewership,2025-26,basketball,men,Louisville/Duke,Louisville,Duke,2026-01-26,7PM,Prime,ESPN,1698000,big_data,1360000.0,1698000.0,Regular Season,Week 13,,,,,,,,,Monday,1,January,0,0,20,0,1,4,1,0,1,1,0,0,0,0,0,0,0,0,14.344961645853429
TV Media Blog 2025-26 Datawrapper,https://tvmediablog.substack.com/api/v1/posts/2025-26-college-basketball-viewership,2025-26,basketball,men,Alabama/Florida,Alabama,Florida,2026-02-01,1PM,Early,ABC,1582000,big_data,,1582000.0,Regular Season,Week 13,,,,,,,,,Sunday,2,February,1,0,23,0,1,19,0,1,0,2,0,0,0,0,0,0,0,0,14.274200427309736
TV Media Blog 2025-26 Datawrapper,https://tvmediablog.substack.com/api/v1/posts/2025-26-college-basketball-viewership,2025-26,basketball,men,Auburn/Tennessee,Auburn,Tennessee,2026-01-31,8:30PM,Prime,ESPN,1381000,big_data,1155000.0,1381000.0,Regular Season,Week 13,,,,,,,,,Saturday,1,January,1,0,21,0,1,24,0,1,0,2,0,0,0,0,0,0,0,0,14.13831843239143
TV Media Blog 2025-26 Datawrapper,https://tvmediablog.substack.com/api/v1/posts/2025-26-college-basketball-viewership,2025-26,basketball,men,Illinois/Nebraska,Illinois,Nebraska,2026-02-01,4PM,Mid,FS1,1366000,big_data,1263000.0,1366000.0,Regular Season,Week 13,,,,,,,,,Sunday,2,February,1,0,9,1,0,5,1,0,2,0,0,0,0,0,0,0,0,0,14.127397319112873
TV Media Blog 2025-26 Datawrapper,https://tvmediablog.substack.com/api/v1/posts/2025-26-college-basketball-viewership,2025-26,basketball,men,Duke/Virginia Tech,Duke,Virginia Tech,2026-01-31,12PM,Early,ESPN + ESPNU,1326000,big_data,1212000.0,1326000.0,Regular Season,Week 13,,,,,,,,,Saturday,1,January,1,0,4,1,0,0,0,0,1,0,0,0,0,0,0,0,0,0,14.097677449727945
TV Media Blog 2025-26 Datawrapper,https://tvmediablog.substack.com/api/v1/posts/2025-26-college-basketball-viewership,2025-26,basketball,men,Ohio State/Wisconsin,Ohio State,Wisconsin,2026-01-31,2PM,Early,FOX,1186000,big_data,,1186000.0,Regular Season,Week 13,,,,,,,,,Saturday,1,January,1,0,21,0,1,23,0,1,0,2,0,0,0,0,0,0,0,0,13.986096858539808
TV Media Blog 2025-26 Datawrapper,https://tvmediablog.substack.com/api/v1/posts/2025-26-college-basketball-viewership,2025-26,basketball,men,Purdue/Maryland,Purdue,Maryland,2026-02-01,1PM,Early,CBS,1058000,big_data,,1058000.0,Regular Season,Week 13,,,,,,,,,Sunday,2,February,1,0,12,0,1,11,0,1,0,2,0,0,0,0,0,0,0,0,13.871890891400382
TV Media Blog 2025-26 Datawrapper,https://tvmediablog.substack.com/api/v1/posts/2025-26-college-basketball-viewership,2025-26,basketball,men,Iowa State/Kansas State,Iowa State,Kansas State,2026-02-01,2PM,Early,FOX,1038000,big_data,,1038000.0,Regular Season,Week 13,,,,,,,,,Sunday,2,February,1,0,8,1,0,0,0,0,1,0,0,0,0,0,0,0,0,0,13.852806342707972
TV Media Blog 2025-26 Datawrapper,https://tvmediablog.substack.com/api/v1/posts/2025-26-college-basketball-viewership,2025-26,basketball,men,Kentucky/Vanderbilt,Kentucky,Vanderbilt,2026-01-27,9PM,Prime,ESPN,1025000,big_data,832000.0,1025000.0,Regular Season,Week 13,,,,,,,,,Tuesday,1,January,0,0,18,0,1,18,0,1,0,2,0,0,0,0,0,0,0,0,13.840203170554645
TV Media Blog 2025-26 Datawrapper,https://tvmediablog.substack.com/api/v1/posts/2025-26-college-basketball-viewership,2025-26,basketball,men,UConn/Creighton,UConn,Creighton,2026-01-31,8PM,Prime,FOX,1012000,big_data,,1012000.0,Regular Season,Week 13,,,,,,,,,Saturday,1,January,1,0,2,1,0,23,0,1,1,1,0,0,0,0,0,0,0,0,13.827439128829548
TV Media Blog 2025-26 Datawrapper,https://tvmediablog.substack.com/api/v1/posts/2025-26-college-basketball-viewership,2025-26,basketball,men,SMU/Louisville,SMU,Louisville,2026-01-31,2PM,Early,ESPN,984000,big_data,774000.0,984000.0,Regular Season,Week 13,,,,,,,,,Saturday,1,January,1,0,24,0,1,20,0,1,0,2,0,0,0,0,0,0,0,0,13.799381176034391
TV Media Blog 2025-26 Datawrapper,https://tvmediablog.substack.com/api/v1/posts/2025-26-college-basketball-viewership,2025-26,basketball,men,Arkansas/Oklahoma,Arkansas,Oklahoma,2026-01-27,7PM,Prime,ESPN,965000,big_data,821000.0,965000.0,Regular Season,Week 13,,,,,,,,,Tuesday,1,January,0,0,15,0,1,17,0,1,0,2,0,0,0,0,0,0,0,0,13.779883380321124
TV Media Blog 2025-26 Datawrapper,https://tvmediablog.substack.com/api/v1/posts/2025-26-college-basketball-viewership,2025-26,basketball,men,Michigan State/Rutgers,Michigan State,Rutgers,2026-01-27,6:30PM,Mid,FS1,541000,big_data,460000.0,541000.0,Regular Season,Week 13,,,,,,,,,Tuesday,1,January,0,0,7,1,0,24,0,1,1,1,0,0,0,0,0,0,0,0,13.201174557828619
TV Media Blog 2025-26 Datawrapper,https://tvmediablog.substack.com/api/v1/posts/2025-26-college-basketball-viewership,2025-26,basketball,men,Washington/Illinois,Washington,Illinois,2026-01-29,9PM,Prime,FS1,495000,big_data,432000.0,495000.0,Regular Season,Week 13,,,,,,,,,Thursday,1,January,0,0,0,0,0,9,1,0,1,0,0,0,0,0,0,0,0,0,13.112313041550827
TV Media Blog 2025-26 Datawrapper,https://tvmediablog.substack.com/api/v1/posts/2025-26-college-basketball-viewership,2025-26,basketball,men,Virginia/Notre Dame,Virginia,Notre Dame,2026-01-27,7PM,Prime,ESPN2,489000,big_data,551000.0,489000.0,Regular Season,Week 13,,,,,,,,,Tuesday,1,January,0,0,17,0,1,0,0,0,0,1,0,0,0,0,0,0,0,0,13.10011776845701
TV Media Blog 2025-26 Datawrapper,https://tvmediablog.substack.com/api/v1/posts/2025-26-college-basketball-viewership,2025-26,basketball,men,Iowa/Oregon,Iowa,Oregon,2026-02-01,8PM,Prime,FS1,446000,big_data,406000.0,446000.0,Regular Season,Week 13,,,,,,,,,Sunday,2,February,1,0,19,0,1,25,0,1,0,2,0,0,0,0,0,0,0,0,13.008074231002201
TV Media Blog 2025-26 Datawrapper,https://tvmediablog.substack.com/api/v1/posts/2025-26-college-basketball-viewership,2025-26,basketball,men,Colorado/Iowa State,Colorado,Iowa State,2026-01-29,7PM,Prime,FS1,444000,big_data,311000.0,444000.0,Regular Season,Week 13,,,,,,,,,Thursday,1,January,0,0,18,0,1,8,1,0,1,1,0,0,0,0,0,0,0,0,13.003579841414362
TV Media Blog 2025-26 Datawrapper,https://tvmediablog.substack.com/api/v1/posts/2025-26-college-basketball-viewership,2025-26,basketball,men,Texas/Auburn,Texas,Auburn,2026-01-28,7PM,Prime,ESPN2,434000,big_data,339000.0,434000.0,Regular Season,Week 13,,,,,,,,,Wednesday,1,January,0,0,19,0,1,21,0,1,0,2,0,0,0,0,0,0,0,0,12.980799813082541
TV Media Blog 2025-26 Datawrapper,https://tvmediablog.substack.com/api/v1/posts/2025-26-college-basketball-viewership,2025-26,basketball,men,Houston/TCU,Houston,TCU,2026-01-28,9PM,Prime,ESPN2,348000,big_data,324000.0,348000.0,Regular Season,Week 13,,,,,,,,,Wednesday,1,January,0,0,10,1,0,25,0,1,1,1,0,0,0,0,0,0,0,0,12.759957758756611
TV Media Blog 2025-26 Datawrapper,https://tvmediablog.substack.com/api/v1/posts/2025-26-college-basketball-viewership,2025-26,basketball,men,USC/Iowa,USC,Iowa,2026-01-28,7PM,Prime,BTN,331000,big_data,315000.0,331000.0,Regular Season,Week 13,,,,,,,,,Wednesday,1,January,0,0,24,0,1,19,0,1,0,2,0,0,0,0,0,0,0,0,12.7098736543592
TV Media Blog 2025-26 Datawrapper,https://tvmediablog.substack.com/api/v1/posts/2025-26-college-basketball-viewership,2025-26,basketball,men,Providence/UConn,Providence,UConn,2026-01-27,7:30PM,Prime,TNT + truTV,303000,big_data,297000.0,303000.0,Regular Season,Week 13,,,,,,,,,Tuesday,1,January,0,0,23,0,1,2,1,0,1,1,0,0,0,0,0,0,0,0,12.621488084491506
TV Media Blog 2025-26 Datawrapper,https://tvmediablog.substack.com/api/v1/posts/2025-26-college-basketball-viewership,2025-26,basketball,men,Minnesota/Wisconsin,Minnesota,Wisconsin,2026-01-28,9PM,Prime,BTN,329000,big_data,288000.0,329000.0,Regular Season,Week 13,,,,,,,,,Wednesday,1,January,0,0,0,0,0,23,0,1,0,1,0,0,0,0,0,0,0,0,12.70381302974751
TV Media Blog 2025-26 Datawrapper,https://tvmediablog.substack.com/api/v1/posts/2025-26-college-basketball-viewership,2025-26,basketball,men,Kansas State/West Virginia,Kansas State,West Virginia,2026-01-27,8:30PM,Prime,FS1,294000,big_data,257000.0,294000.0,Regular Season,Week 13,,,,,,,,,Tuesday,1,January,0,0,0,0,0,23,0,1,0,1,0,0,0,0,0,0,0,0,12.591335046320818
TV Media Blog 2025-26 Datawrapper,https://tvmediablog.substack.com/api/v1/posts/2025-26-college-basketball-viewership,2025-26,basketball,men,Penn State/Ohio State,Penn State,Ohio State,2026-01-26,7PM,Prime,FS1,287000,big_data,273000.0,287000.0,Regular Season,Week 13,,,,,,,,,Monday,1,January,0,0,0,0,0,21,0,1,0,1,0,0,0,0,0,0,0,0,12.567237494741757
TV Media Blog 2025-26 Datawrapper,https://tvmediablog.substack.com/api/v1/posts/2025-26-college-basketball-viewership,2025-26,basketball,men,FAU/Memphis,Florida Atlantic,Memphis,2026-01-29,8PM,Prime,ESPN2,194000,big_data,143000.0,194000.0,Regular Season,Week 13,,,,,,,,,Thursday,1,January,0,0,24,0,1,16,0,1,0,2,0,0,0,0,0,0,0,0,12.175613438045465
TV Media Blog 2025-26 Datawrapper,https://tvmediablog.substack.com/api/v1/posts/2025-26-college-basketball-viewership,2025-26,basketball,men,Duke/North Carolina,Duke,North Carolina,2026-02-07,6:30PM,Mid,ESPN,3511000,big_data,3143000.0,3511000.0,Regular Season,Week 14,,,,,,,,,Saturday,2,February,1,0,4,1,0,14,0,1,1,1,0,0,0,0,0,0,0,0,15.07141145515057
TV Media Blog 2025-26 Datawrapper,https://tvmediablog.substack.com/api/v1/posts/2025-26-college-basketball-viewership,2025-26,basketball,men,Illinois/Michigan State,Illinois,Michigan State,2026-02-07,8PM,Prime,FOX,1945000,big_data,,1945000.0,Regular Season,Week 14,,,,,,,,,Saturday,2,February,1,0,5,1,0,10,1,0,2,0,0,0,0,0,0,0,0,0,14.480772535034683
TV Media Blog 2025-26 Datawrapper,https://tvmediablog.substack.com/api/v1/posts/2025-26-college-basketball-viewership,2025-26,basketball,men,Tennessee/Kentucky,Tennessee,Kentucky,2026-02-07,8:30PM,Prime,ESPN,1790000,big_data,1473000.0,1790000.0,Regular Season,Week 14,,,,,,,,,Saturday,2,February,1,0,25,0,1,18,0,1,0,2,0,0,0,0,0,0,0,0,14.397726177816939
TV Media Blog 2025-26 Datawrapper,https://tvmediablog.substack.com/api/v1/posts/2025-26-college-basketball-viewership,2025-26,basketball,men,Kansas/Texas Tech,Kansas,Texas Tech,2026-02-02,9PM,Prime,ESPN + ESPNU,1539000,big_data,1423000.0,1539000.0,Regular Season,Week 14,,,,,,,,,Monday,2,February,0,0,11,0,1,13,0,1,0,2,0,0,0,0,0,0,0,0,14.246643412821017
TV Media Blog 2025-26 Datawrapper,https://tvmediablog.substack.com/api/v1/posts/2025-26-college-basketball-viewership,2025-26,basketball,men,UConn/St. John's,UConn,St. John's,2026-02-06,8PM,Prime,FOX,1497000,big_data,,1497000.0,Regular Season,Week 14,,,,,,,,,Friday,2,February,0,0,3,1,0,22,0,1,1,1,0,0,0,0,0,0,0,0,14.218973663401766
TV Media Blog 2025-26 Datawrapper,https://tvmediablog.substack.com/api/v1/posts/2025-26-college-basketball-viewership,2025-26,basketball,men,Syracuse/North Carolina,Syracuse,North Carolina,2026-02-02,7PM,Prime,ESPN,1354000,big_data,1097000.0,1354000.0,Regular Season,Week 14,,,,,,,,,Monday,2,February,0,0,0,0,0,14,0,1,0,1,0,0,0,0,0,0,0,0,14.118573732454358
TV Media Blog 2025-26 Datawrapper,https://tvmediablog.substack.com/api/v1/posts/2025-26-college-basketball-viewership,2025-26,basketball,men,Michigan/Ohio State,Michigan,Ohio State,2026-02-08,1PM,Early,CBS,1329000,big_data,,1329000.0,Regular Season,Week 14,,,,,,,,,Sunday,2,February,1,0,2,1,0,21,0,1,1,1,0,0,0,0,0,0,0,0,14.099937337695382
TV Media Blog 2025-26 Datawrapper,https://tvmediablog.substack.com/api/v1/posts/2025-26-college-basketball-viewership,2025-26,basketball,men,Houston/BYU,Houston,BYU,2026-02-07,10:30PM,Prime,ESPN,1046000,big_data,977000.0,1046000.0,Regular Season,Week 14,,,,,,,,,Saturday,2,February,1,0,8,1,0,16,0,1,1,1,0,0,0,0,0,0,0,0,13.860483923607005
TV Media Blog 2025-26 Datawrapper,https://tvmediablog.substack.com/api/v1/posts/2025-26-college-basketball-viewership,2025-26,basketball,men,Utah/Kansas,Utah,Kansas,2026-02-07,2:30PM,Early,FOX,950000,big_data,,950000.0,Regular Season,Week 14,,,,,,,,,Saturday,2,February,1,0,0,0,0,11,0,1,0,1,0,0,0,0,0,0,0,0,13.764217263576723
TV Media Blog 2025-26 Datawrapper,https://tvmediablog.substack.com/api/v1/posts/2025-26-college-basketball-viewership,2025-26,basketball,men,Oregon/Purdue,Oregon,Purdue,2026-02-07,1PM,Early,CBS,908000,big_data,,908000.0,Regular Season,Week 14,,,,,,,,,Saturday,2,February,1,0,25,0,1,12,0,1,0,2,0,0,0,0,0,0,0,0,13.71899965758343
TV Media Blog 2025-26 Datawrapper,https://tvmediablog.substack.com/api/v1/posts/2025-26-college-basketball-viewership,2025-26,basketball,men,Oklahoma/Kentucky,Oklahoma,Kentucky,2026-02-04,9PM,Prime,ESPN2,655000,big_data,575000.0,655000.0,Regular Season,Week 14,,,,,,,,,Wednesday,2,February,0,0,17,0,1,18,0,1,0,2,0,0,0,0,0,0,0,0,13.39239051461739
TV Media Blog 2025-26 Datawrapper,https://tvmediablog.substack.com/api/v1/posts/2025-26-college-basketball-viewership,2025-26,basketball,men,Notre Dame/Louisville,Notre Dame,Louisville,2026-02-04,7PM,Prime,ESPN2,469000,big_data,480000.0,469000.0,Regular Season,Week 14,,,,,,,,,Wednesday,2,February,0,0,0,0,0,24,0,1,0,1,0,0,0,0,0,0,0,0,13.058358047428417
TV Media Blog 2025-26 Datawrapper,https://tvmediablog.substack.com/api/v1/posts/2025-26-college-basketball-viewership,2025-26,basketball,men,Ole Miss/Tennessee,Ole Miss,Tennessee,2026-02-03,7PM,Prime,ESPN2,507000,big_data,425000.0,507000.0,Regular Season,Week 14,,,,,,,,,Tuesday,2,February,0,0,24,0,1,25,0,1,0,2,0,0,0,0,0,0,0,0,13.13626628257332
TV Media Blog 2025-26 Datawrapper,https://tvmediablog.substack.com/api/v1/posts/2025-26-college-basketball-viewership,2025-26,basketball,men,Michigan State/Minnesota,Michigan State,Minnesota,2026-02-04,7PM,Prime,BTN,487000,big_data,402000.0,487000.0,Regular Season,Week 14,,,,,,,,,Wednesday,2,February,0,0,10,1,0,0,0,0,1,0,0,0,0,0,0,0,0,0,13.096019402064726
TV Media Blog 2025-26 Datawrapper,https://tvmediablog.substack.com/api/v1/posts/2025-26-college-basketball-viewership,2025-26,basketball,men,Northwestern/Illinois,Northwestern,Illinois,2026-02-04,9PM,Prime,BTN,423000,big_data,373000.0,423000.0,Regular Season,Week 14,,,,,,,,,Wednesday,2,February,0,0,25,0,1,5,1,0,1,1,0,0,0,0,0,0,0,0,12.955127458028414
TV Media Blog 2025-26 Datawrapper,https://tvmediablog.substack.com/api/v1/posts/2025-26-college-basketball-viewership,2025-26,basketball,men,Penn State/Michigan,Penn State,Michigan,2026-02-05,6:30PM,Mid,FS1,377000,big_data,352000.0,377000.0,Regular Season,Week 14,,,,,,,,,Thursday,2,February,0,0,0,0,0,2,1,0,1,0,0,0,0,0,0,0,0,0,12.840000466430148
TV Media Blog 2025-26 Datawrapper,https://tvmediablog.substack.com/api/v1/posts/2025-26-college-basketball-viewership,2025-26,basketball,men,NC State/SMU,NC State,SMU,2026-02-03,9PM,Prime,ESPN2,387000,big_data,319000.0,387000.0,Regular Season,Week 14,,,,,,,,,Tuesday,2,February,0,0,23,0,1,24,0,1,0,2,0,0,0,0,0,0,0,0,12.866179972011919
TV Media Blog 2025-26 Datawrapper,https://tvmediablog.substack.com/api/v1/posts/2025-26-college-basketball-viewership,2025-26,basketball,men,BYU/Oklahoma State,BYU,Oklahoma State,2026-02-04,9PM,Prime,FS1,368000,big_data,270000.0,368000.0,Regular Season,Week 14,,,,,,,,,Wednesday,2,February,0,0,16,0,1,0,0,0,0,1,0,0,0,0,0,0,0,0,12.815838217151068
TV Media Blog 2025-26 Datawrapper,https://tvmediablog.substack.com/api/v1/posts/2025-26-college-basketball-viewership,2025-26,basketball,men,Ohio State/Maryland,Ohio State,Maryland,2026-02-05,8:30PM,Prime,FS1,275000,big_data,243000.0,275000.0,Regular Season,Week 14,,,,,,,,,Thursday,2,February,0,0,21,0,1,11,0,1,0,2,0,0,0,0,0,0,0,0,12.524526376648708
TV Media Blog 2025-26 Datawrapper,https://tvmediablog.substack.com/api/v1/posts/2025-26-college-basketball-viewership,2025-26,basketball,men,West Virginia/Cincinnati,West Virginia,Cincinnati,2026-02-05,7PM,Prime,ESPN2,286000,big_data,198000.0,286000.0,Regular Season,Week 14,,,,,,,,,Thursday,2,February,0,0,23,0,1,16,0,1,0,2,0,0,0,0,0,0,0,0,12.56374708980199
TV Media Blog 2025-26 Datawrapper,https://tvmediablog.substack.com/api/v1/posts/2025-26-college-basketball-viewership,2025-26,basketball,men,Dayton/VCU,Dayton,VCU,2026-02-06,7PM,Prime,ESPN2,253000,big_data,198000.0,253000.0,Regular Season,Week 14,,,,,,,,,Friday,2,February,0,0,22,0,1,0,0,0,0,1,0,0,0,0,0,0,0,0,12.441144767709657
TV Media Blog 2025-26 Datawrapper,https://tvmediablog.substack.com/api/v1/posts/2025-26-college-basketball-viewership,2025-26,basketball,men,Akron/Troy,Akron,Troy,2026-02-07,6PM,Mid,ESPN2,207000,big_data,166000.0,207000.0,Regular Season,Week 14,,,,,,,,,Saturday,2,February,1,0,0,0,0,0,0,0,0,0,0,0,0,0,0,0,0,0,12.240474072247506
TV Media Blog 2025-26 Datawrapper,https://tvmediablog.substack.com/api/v1/posts/2025-26-college-basketball-viewership,2025-26,basketball,men,Memphis/UAB,Memphis,UAB,2026-02-05,9PM,Prime,ESPN2,175000,big_data,151000.0,175000.0,Regular Season,Week 14,,,,,,,,,Thursday,2,February,0,0,16,0,1,0,0,0,0,1,0,0,0,0,0,0,0,0,12.072541252905651
TV Media Blog 2025-26 Datawrapper,https://tvmediablog.substack.com/api/v1/posts/2025-26-college-basketball-viewership,2025-26,basketball,men,Arizona/Kansas,Arizona,Kansas,2026-02-09,9PM,Prime,ESPN,1821000,big_data,1583000.0,1821000.0,Regular Season,Week 15,,,,,,,,,Monday,2,February,0,0,1,1,0,9,1,0,2,0,0,0,0,0,0,0,0,0,14.414896358709745
TV Media Blog 2025-26 Datawrapper,https://tvmediablog.substack.com/api/v1/posts/2025-26-college-basketball-viewership,2025-26,basketball,men,Kentucky/Florida,Kentucky,Florida,2026-02-14,3PM,Mid,ABC,1771000,big_data,,1771000.0,Regular Season,Week 15,,,,,,,,,Saturday,2,February,1,0,25,0,1,14,0,1,0,2,0,0,0,0,0,0,0,0,14.38705491676497
TV Media Blog 2025-26 Datawrapper,https://tvmediablog.substack.com/api/v1/posts/2025-26-college-basketball-viewership,2025-26,basketball,men,Michigan State/Wisconsin,Michigan State,Wisconsin,2026-02-13,8PM,Prime,FOX,1476000,big_data,,1476000.0,Regular Season,Week 15,,,,,,,,,Friday,2,February,0,0,10,1,0,23,0,1,1,1,0,0,0,0,0,0,0,0,14.204846284142555
TV Media Blog 2025-26 Datawrapper,https://tvmediablog.substack.com/api/v1/posts/2025-26-college-basketball-viewership,2025-26,basketball,men,Kansas/Iowa State,Kansas,Iowa State,2026-02-14,1PM,Early,ABC,1446000,big_data,,1446000.0,Regular Season,Week 15,,,,,,,,,Saturday,2,February,1,0,9,1,0,5,1,0,2,0,0,0,0,0,0,0,0,0,14.184311681700848
TV Media Blog 2025-26 Datawrapper,https://tvmediablog.substack.com/api/v1/posts/2025-26-college-basketball-viewership,2025-26,basketball,men,Texas Tech/Arizona,Texas Tech,Arizona,2026-02-14,6:30PM,Mid,ESPN,1466000,big_data,1239000.0,1466000.0,Regular Season,Week 15,,,,,,,,,Saturday,2,February,1,0,16,0,1,1,1,0,1,1,0,0,0,0,0,0,0,0,14.198048161428733
TV Media Blog 2025-26 Datawrapper,https://tvmediablog.substack.com/api/v1/posts/2025-26-college-basketball-viewership,2025-26,basketball,men,Indiana/Illinois,Indiana,Illinois,2026-02-15,1PM,Early,CBS,1214000,big_data,,1214000.0,Regular Season,Week 15,,,,,,,,,Sunday,2,February,1,0,22,0,1,8,1,0,1,1,0,0,0,0,0,0,0,0,14.009431250601581
TV Media Blog 2025-26 Datawrapper,https://tvmediablog.substack.com/api/v1/posts/2025-26-college-basketball-viewership,2025-26,basketball,men,North Carolina/Miami (FL),North Carolina,Miami (FL),2026-02-10,7PM,Prime,ESPN,1110000,big_data,803000.0,1110000.0,Regular Season,Week 15,,,,,,,,,Tuesday,2,February,0,0,11,0,1,0,0,0,0,1,0,0,0,0,0,0,0,0,13.919870573288517
TV Media Blog 2025-26 Datawrapper,https://tvmediablog.substack.com/api/v1/posts/2025-26-college-basketball-viewership,2025-26,basketball,men,Purdue /Iowa,Purdue,Iowa,2026-02-14,5PM,Mid,FOX,991000,big_data,,991000.0,Regular Season,Week 15,,,,,,,,,Saturday,2,February,1,0,13,0,1,19,0,1,0,2,0,0,0,0,0,0,0,0,13.806469813312125
TV Media Blog 2025-26 Datawrapper,https://tvmediablog.substack.com/api/v1/posts/2025-26-college-basketball-viewership,2025-26,basketball,men,UCLA/Michigan,UCLA,Michigan,2026-02-14,12:45PM,Early,CBS,927000,big_data,,927000.0,Regular Season,Week 15,,,,,,,,,Saturday,2,February,1,0,25,0,1,2,1,0,1,1,0,0,0,0,0,0,0,0,13.739708844547993
TV Media Blog 2025-26 Datawrapper,https://tvmediablog.substack.com/api/v1/posts/2025-26-college-basketball-viewership,2025-26,basketball,men,Virginia/Ohio State,Virginia,Ohio State,2026-02-14,8PM,Prime,FOX,853000,big_data,,853000.0,Regular Season,Week 15,,,,,,,,,Saturday,2,February,1,0,15,0,1,21,0,1,0,2,0,0,0,0,0,0,0,0,13.656514826473817
TV Media Blog 2025-26 Datawrapper,https://tvmediablog.substack.com/api/v1/posts/2025-26-college-basketball-viewership,2025-26,basketball,men,Purdue/Nebraska,Purdue,Nebraska,2026-02-10,7PM,Prime,FS1,815000,big_data,727000.0,815000.0,Regular Season,Week 15,,,,,,,,,Tuesday,2,February,0,0,13,0,1,7,1,0,1,1,0,0,0,0,0,0,0,0,13.610943392223
TV Media Blog 2025-26 Datawrapper,https://tvmediablog.substack.com/api/v1/posts/2025-26-college-basketball-viewership,2025-26,basketball,men,Auburn/Arkansas,Auburn,Arkansas,2026-02-14,8:30PM,Prime,ESPN,957000,big_data,708000.0,957000.0,Regular Season,Week 15,,,,,,,,,Saturday,2,February,1,0,21,0,1,21,0,1,0,2,0,0,0,0,0,0,0,0,13.771558670435091
TV Media Blog 2025-26 Datawrapper,https://tvmediablog.substack.com/api/v1/posts/2025-26-college-basketball-viewership,2025-26,basketball,men,Duke/Pitt,Duke,Pitt,2026-02-10,9PM,Prime,ESPN,954000,big_data,704000.0,954000.0,Regular Season,Week 15,,,,,,,,,Tuesday,2,February,0,0,4,1,0,18,0,1,1,1,0,0,0,0,0,0,0,0,13.768418950430423
TV Media Blog 2025-26 Datawrapper,https://tvmediablog.substack.com/api/v1/posts/2025-26-college-basketball-viewership,2025-26,basketball,men,NC State/Louisville,NC State,Louisville,2026-02-09,7PM,Prime,ESPN,752000,big_data,589000.0,752000.0,Regular Season,Week 15,,,,,,,,,Monday,2,February,0,0,23,0,1,24,0,1,0,2,0,0,0,0,0,0,0,0,13.530491602931978
TV Media Blog 2025-26 Datawrapper,https://tvmediablog.substack.com/api/v1/posts/2025-26-college-basketball-viewership,2025-26,basketball,men,Ohio/Miami (OH),Ohio,Miami (OH),2026-02-13,9PM,Prime,ESPN,683000,big_data,465000.0,683000.0,Regular Season,Week 15,,,,,,,,,Friday,2,February,0,0,0,0,0,0,0,0,0,0,0,0,0,0,0,0,0,0,13.434250138552928
TV Media Blog 2025-26 Datawrapper,https://tvmediablog.substack.com/api/v1/posts/2025-26-college-basketball-viewership,2025-26,basketball,men,Michigan/Northwestern,Michigan,Northwestern,2026-02-11,8:30PM,Prime,BTN,475000,big_data,452000.0,475000.0,Regular Season,Week 15,,,,,,,,,Wednesday,2,February,0,0,2,1,0,25,0,1,1,1,0,0,0,0,0,0,0,0,13.071070083016778
TV Media Blog 2025-26 Datawrapper,https://tvmediablog.substack.com/api/v1/posts/2025-26-college-basketball-viewership,2025-26,basketball,men,Iowa/Maryland,Iowa,Maryland,2026-02-11,6PM,Mid,FS1,362000,big_data,355000.0,362000.0,Regular Season,Week 15,,,,,,,,,Wednesday,2,February,0,0,19,0,1,11,0,1,0,2,0,0,0,0,0,0,0,0,12.799399490807907
TV Media Blog 2025-26 Datawrapper,https://tvmediablog.substack.com/api/v1/posts/2025-26-college-basketball-viewership,2025-26,basketball,men,Iowa State/TCU,Iowa State,TCU,2026-02-10,9PM,Prime,FS1,353000,big_data,294000.0,353000.0,Regular Season,Week 15,,,,,,,,,Tuesday,2,February,0,0,5,1,0,25,0,1,1,1,0,0,0,0,0,0,0,0,12.774223335915433
TV Media Blog 2025-26 Datawrapper,https://tvmediablog.substack.com/api/v1/posts/2025-26-college-basketball-viewership,2025-26,basketball,men,Memphis/North Texas,Memphis,North Texas,2026-02-12,9PM,Prime,ESPN,343000,big_data,236000.0,343000.0,Regular Season,Week 15,,,,,,,,,Thursday,2,February,0,0,16,0,1,0,0,0,0,1,0,0,0,0,0,0,0,0,12.745485726148077
TV Media Blog 2025-26 Datawrapper,https://tvmediablog.substack.com/api/v1/posts/2025-26-college-basketball-viewership,2025-26,basketball,men,Xavier/St. John's,Xavier,St. John's,2026-02-09,6:30PM,Mid,FS1,333000,big_data,305000.0,333000.0,Regular Season,Week 15,,,,,,,,,Monday,2,February,0,0,22,0,1,17,0,1,0,2,0,0,0,0,0,0,0,0,12.71589776896258
TV Media Blog 2025-26 Datawrapper,https://tvmediablog.substack.com/api/v1/posts/2025-26-college-basketball-viewership,2025-26,basketball,men,Florida/Georgia,Florida,Georgia,2026-02-11,7PM,Prime,ESPN2,327000,big_data,292000.0,327000.0,Regular Season,Week 15,,,,,,,,,Wednesday,2,February,0,0,14,0,1,21,0,1,0,2,0,0,0,0,0,0,0,0,12.697715449879391
TV Media Blog 2025-26 Datawrapper,https://tvmediablog.substack.com/api/v1/posts/2025-26-college-basketball-viewership,2025-26,basketball,men,Tennessee/Mississppi State,Tennessee,Mississippi State,2026-02-11,9PM,Prime,ESPN2,327000,big_data,266000.0,327000.0,Regular Season,Week 15,,,,,,,,,Wednesday,2,February,0,0,25,0,1,25,0,1,0,2,0,0,0,0,0,0,0,0,12.697715449879391
TV Media Blog 2025-26 Datawrapper,https://tvmediablog.substack.com/api/v1/posts/2025-26-college-basketball-viewership,2025-26,basketball,men,SMU/Syraucse,SMU,Syracuse,2026-02-14,2PM,Early,CW,290000,big_data,,290000.0,Regular Season,Week 15,,,,,,,,,Saturday,2,February,1,0,24,0,1,0,0,0,0,1,0,0,0,0,0,0,0,0,12.577636201962656
TV Media Blog 2025-26 Datawrapper,https://tvmediablog.substack.com/api/v1/posts/2025-26-college-basketball-viewership,2025-26,basketball,men,Texas/Missouri,Texas,Missouri,2026-02-14,8:30PM,Prime,ESPN2,283000,big_data,215000.0,283000.0,Regular Season,Week 15,,,,,,,,,Saturday,2,February,1,0,19,0,1,23,0,1,0,2,0,0,0,0,0,0,0,0,12.553202176625375
TV Media Blog 2025-26 Datawrapper,https://tvmediablog.substack.com/api/v1/posts/2025-26-college-basketball-viewership,2025-26,basketball,men,Oregon/Indiana,Oregon,Indiana,2026-02-09,8:30PM,Prime,FS1,255000,big_data,243000.0,255000.0,Regular Season,Week 15,,,,,,,,,Monday,2,February,0,0,25,0,1,22,0,1,0,2,0,0,0,0,0,0,0,0,12.449018824140563
TV Media Blog 2025-26 Datawrapper,https://tvmediablog.substack.com/api/v1/posts/2025-26-college-basketball-viewership,2025-26,basketball,men,BYU/Baylor,BYU,Baylor,2026-02-10,7PM,Prime,ESPN2,253000,big_data,216000.0,253000.0,Regular Season,Week 15,,,,,,,,,Tuesday,2,February,0,0,22,0,1,25,0,1,0,2,0,0,0,0,0,0,0,0,12.441144767709657
TV Media Blog 2025-26 Datawrapper,https://tvmediablog.substack.com/api/v1/posts/2025-26-college-basketball-viewership,2025-26,basketball,men,Georgia Tech/Notre Dame,Georgia Tech,Notre Dame,2026-02-14,12PM,Early,CW,253000,big_data,,253000.0,Regular Season,Week 15,,,,,,,,,Saturday,2,February,1,0,0,0,0,0,0,0,0,0,0,0,0,0,0,0,0,0,12.441144767709657
TV Media Blog 2025-26 Datawrapper,https://tvmediablog.substack.com/api/v1/posts/2025-26-college-basketball-viewership,2025-26,basketball,men,UConn/Butler,UConn,Butler,2026-02-11,7:30PM,Prime,TNT,246000,big_data,194000.0,246000.0,Regular Season,Week 15,,,,,,,,,Wednesday,2,February,0,0,6,1,0,0,0,0,1,0,0,0,0,0,0,0,0,0,12.4130868149145
TV Media Blog 2025-26 Datawrapper,https://tvmediablog.substack.com/api/v1/posts/2025-26-college-basketball-viewership,2025-26,basketball,men,USC/Ohio State,USC,Ohio State,2026-02-11,6:30PM,Mid,BTN,221000,big_data,173000.0,221000.0,Regular Season,Week 15,,,,,,,,,Wednesday,2,February,0,0,24,0,1,21,0,1,0,2,0,0,0,0,0,0,0,0,12.30591798049989
TV Media Blog 2025-26 Datawrapper,https://tvmediablog.substack.com/api/v1/posts/2025-26-college-basketball-viewership,2025-26,basketball,men,West Virginia/UCF,West Virginia,UCF,2026-02-14,6:30PM,Mid,FS1,203000,big_data,184000.0,203000.0,Regular Season,Week 15,,,,,,,,,Saturday,2,February,1,0,23,0,1,25,0,1,0,2,0,0,0,0,0,0,0,0,12.220961258023925
TV Media Blog 2025-26 Datawrapper,https://tvmediablog.substack.com/api/v1/posts/2025-26-college-basketball-viewership,2025-26,basketball,men,Houston/Utah,Houston,Utah,2026-02-10,9PM,Prime,ESPN2,193000,big_data,216000.0,193000.0,Regular Season,Week 15,,,,,,,,,Tuesday,2,February,0,0,3,1,0,0,0,0,1,0,0,0,0,0,0,0,0,0,12.170445467887022
TV Media Blog 2025-26 Datawrapper,https://tvmediablog.substack.com/api/v1/posts/2025-26-college-basketball-viewership,2025-26,basketball,men,Purdue Fort Wayne/Green Bay,Purdue Fort Wayne,Green Bay,2026-02-12,7PM,Prime,ESPN2,104000,big_data,74000.0,104000.0,Regular Season,Week 15,,,,,,,,,Thursday,2,February,0,0,0,0,0,0,0,0,0,0,0,0,0,0,0,0,0,0,11.55214617812351
TV Media Blog 2025-26 Datawrapper,https://tvmediablog.substack.com/api/v1/posts/2025-26-college-basketball-viewership,2025-26,basketball,men,Duke/Michigan,Duke,Michigan,2026-02-21,6:30PM,Mid,ESPN,4324000,big_data,3780000.0,4324000.0,Regular Season,Week 16,,,,,,,,,Saturday,2,February,1,0,3,1,0,1,1,0,2,0,0,0,0,0,0,0,0,0,15.279691457741237
TV Media Blog 2025-26 Datawrapper,https://tvmediablog.substack.com/api/v1/posts/2025-26-college-basketball-viewership,2025-26,basketball,men,Arizona/Houston,Arizona,Houston,2026-02-21,3PM,Mid,ABC,2448000,big_data,,2448000.0,Regular Season,Week 16,,,,,,,,,Saturday,2,February,1,0,4,1,0,2,1,0,2,0,0,0,0,0,0,0,0,0,14.710781922614354
TV Media Blog 2025-26 Datawrapper,https://tvmediablog.substack.com/api/v1/posts/2025-26-college-basketball-viewership,2025-26,basketball,men,Kentucky/Auburn,Kentucky,Auburn,2026-02-21,8:30PM,Prime,ESPN,1853000,big_data,1521000.0,1853000.0,Regular Season,Week 16,,,,,,,,,Saturday,2,February,1,0,25,0,1,21,0,1,0,2,0,0,0,0,0,0,0,0,14.432316505267497
TV Media Blog 2025-26 Datawrapper,https://tvmediablog.substack.com/api/v1/posts/2025-26-college-basketball-viewership,2025-26,basketball,men,Houston/Iowa State,Houston,Iowa State,2026-02-16,9PM,Prime,ESPN,1647000,big_data,1404000.0,1647000.0,Regular Season,Week 16,,,,,,,,,Monday,2,February,0,0,2,1,0,6,1,0,2,0,0,0,0,0,0,0,0,0,14.314466009159778
TV Media Blog 2025-26 Datawrapper,https://tvmediablog.substack.com/api/v1/posts/2025-26-college-basketball-viewership,2025-26,basketball,men,Ohio State/Michigan State,Ohio State,Michigan State,2026-02-22,1PM,Early,CBS,1553000,big_data,,1553000.0,Regular Season,Week 16,,,,,,,,,Sunday,2,February,1,0,21,0,1,15,0,1,0,2,0,0,0,0,0,0,0,0,14.255699102130825
TV Media Blog 2025-26 Datawrapper,https://tvmediablog.substack.com/api/v1/posts/2025-26-college-basketball-viewership,2025-26,basketball,men,Arkansas/Alabama,Arkansas,Alabama,2026-02-18,7PM,Prime,ESPN,1361000,big_data,1093000.0,1361000.0,Regular Season,Week 16,,,,,,,,,Wednesday,2,February,0,0,20,0,1,25,0,1,0,2,0,0,0,0,0,0,0,0,14.123730281633604
TV Media Blog 2025-26 Datawrapper,https://tvmediablog.substack.com/api/v1/posts/2025-26-college-basketball-viewership,2025-26,basketball,men,Syracuse/Duke,Syracuse,Duke,2026-02-16,7PM,Prime,ESPN,1297000,big_data,1099000.0,1297000.0,Regular Season,Week 16,,,,,,,,,Monday,2,February,0,0,0,0,0,3,1,0,1,0,0,0,0,0,0,0,0,0,14.075564463298582
TV Media Blog 2025-26 Datawrapper,https://tvmediablog.substack.com/api/v1/posts/2025-26-college-basketball-viewership,2025-26,basketball,men,Iowa State/BYU,Iowa State,BYU,2026-02-21,10:30PM,Prime,ESPN,1272000,big_data,1095000.0,1272000.0,Regular Season,Week 16,,,,,,,,,Saturday,2,February,1,0,6,1,0,23,0,1,1,1,0,0,0,0,0,0,0,0,14.056101022882205
TV Media Blog 2025-26 Datawrapper,https://tvmediablog.substack.com/api/v1/posts/2025-26-college-basketball-viewership,2025-26,basketball,men,North Carolina/Syracuse,North Carolina,Syracuse,2026-02-21,1PM,Early,ABC,1206000,big_data,,1206000.0,Regular Season,Week 16,,,,,,,,,Saturday,2,February,1,0,16,0,1,0,0,0,0,1,0,0,0,0,0,0,0,0,14.002819656269267
TV Media Blog 2025-26 Datawrapper,https://tvmediablog.substack.com/api/v1/posts/2025-26-college-basketball-viewership,2025-26,basketball,men,BYU/Arizona,BYU,Arizona,2026-02-18,9PM,Prime,ESPN,1141000,big_data,974000.0,1141000.0,Regular Season,Week 16,,,,,,,,,Wednesday,2,February,0,0,23,0,1,4,1,0,1,1,0,0,0,0,0,0,0,0,13.947415628844213
TV Media Blog 2025-26 Datawrapper,https://tvmediablog.substack.com/api/v1/posts/2025-26-college-basketball-viewership,2025-26,basketball,men,Indiana/Purdue,Indiana,Purdue,2026-02-20,8PM,Prime,FOX,1103000,big_data,,1103000.0,Regular Season,Week 16,,,,,,,,,Friday,2,February,0,0,22,0,1,7,1,0,1,1,0,0,0,0,0,0,0,0,13.913544298235639
TV Media Blog 2025-26 Datawrapper,https://tvmediablog.substack.com/api/v1/posts/2025-26-college-basketball-viewership,2025-26,basketball,men,Georgia/Kentucky,Georgia,Kentucky,2026-02-17,9PM,Prime,ESPN,1043000,big_data,937000.0,1043000.0,Regular Season,Week 16,,,,,,,,,Tuesday,2,February,0,0,21,0,1,25,0,1,0,2,0,0,0,0,0,0,0,0,13.85761173398291
TV Media Blog 2025-26 Datawrapper,https://tvmediablog.substack.com/api/v1/posts/2025-26-college-basketball-viewership,2025-26,basketball,men,Missouri/Arkansas,Missouri,Arkansas,2026-02-21,4PM,Mid,ESPN,1037000,big_data,911000.0,1037000.0,Regular Season,Week 16,,,,,,,,,Saturday,2,February,1,0,23,0,1,20,0,1,0,2,0,0,0,0,0,0,0,0,13.851842487211664
TV Media Blog 2025-26 Datawrapper,https://tvmediablog.substack.com/api/v1/posts/2025-26-college-basketball-viewership,2025-26,basketball,men,Illinois/UCLA,Illinois,UCLA,2026-02-21,8PM,Prime,FOX,1002000,big_data,,1002000.0,Regular Season,Week 16,,,,,,,,,Saturday,2,February,1,0,10,1,0,25,0,1,1,1,0,0,0,0,0,0,0,0,13.817508560626948
TV Media Blog 2025-26 Datawrapper,https://tvmediablog.substack.com/api/v1/posts/2025-26-college-basketball-viewership,2025-26,basketball,men,North Carolina/NC State,North Carolina,NC State,2026-02-17,7PM,Prime,ESPN,990000,big_data,922000.0,990000.0,Regular Season,Week 16,,,,,,,,,Tuesday,2,February,0,0,16,0,1,23,0,1,0,2,0,0,0,0,0,0,0,0,13.805460222110773
TV Media Blog 2025-26 Datawrapper,https://tvmediablog.substack.com/api/v1/posts/2025-26-college-basketball-viewership,2025-26,basketball,men,Cincinnati/Kansas,Cincinnati,Kansas,2026-02-21,1PM,Early,CBS,951000,big_data,,951000.0,Regular Season,Week 16,,,,,,,,,Saturday,2,February,1,0,16,0,1,8,1,0,1,1,0,0,0,0,0,0,0,0,13.765269341527528
TV Media Blog 2025-26 Datawrapper,https://tvmediablog.substack.com/api/v1/posts/2025-26-college-basketball-viewership,2025-26,basketball,men,Creighton/St. John's,Creighton,St. John's,2026-02-21,12PM,Early,FOX,596000,big_data,,596000.0,Regular Season,Week 16,,,,,,,,,Saturday,2,February,1,0,23,0,1,17,0,1,0,2,0,0,0,0,0,0,0,0,13.297995946047488
TV Media Blog 2025-26 Datawrapper,https://tvmediablog.substack.com/api/v1/posts/2025-26-college-basketball-viewership,2025-26,basketball,men,Nebraska/Iowa,Nebraska,Iowa,2026-02-17,9PM,Prime,BTN,532000,big_data,510000.0,532000.0,Regular Season,Week 16,,,,,,,,,Tuesday,2,February,0,0,9,1,0,19,0,1,1,1,0,0,0,0,0,0,0,0,13.184398768323781
TV Media Blog 2025-26 Datawrapper,https://tvmediablog.substack.com/api/v1/posts/2025-26-college-basketball-viewership,2025-26,basketball,men,Creighton/UConn,Creighton,UConn,2026-02-18,7PM,Prime,TNT,439000,big_data,364000.0,439000.0,Regular Season,Week 16,,,,,,,,,Wednesday,2,February,0,0,23,0,1,5,1,0,1,1,0,0,0,0,0,0,0,0,12.992254692057308
TV Media Blog 2025-26 Datawrapper,https://tvmediablog.substack.com/api/v1/posts/2025-26-college-basketball-viewership,2025-26,basketball,men,Kansas State/Texas Tech,Kansas State,Texas Tech,2026-02-21,2:30PM,Early,FOX,399000,big_data,,399000.0,Regular Season,Week 16,,,,,,,,,Saturday,2,February,1,0,0,0,0,13,0,1,0,1,0,0,0,0,0,0,0,0,12.896716695872
TV Media Blog 2025-26 Datawrapper,https://tvmediablog.substack.com/api/v1/posts/2025-26-college-basketball-viewership,2025-26,basketball,men,Wisconsin/Ohio State,Wisconsin,Ohio State,2026-02-17,8:30PM,Prime,FS1,366000,big_data,319000.0,366000.0,Regular Season,Week 16,,,,,,,,,Tuesday,2,February,0,0,24,0,1,21,0,1,0,2,0,0,0,0,0,0,0,0,12.810388612383504
TV Media Blog 2025-26 Datawrapper,https://tvmediablog.substack.com/api/v1/posts/2025-26-college-basketball-viewership,2025-26,basketball,men,Oklahoma/Tennessee,Oklahoma,Tennessee,2026-02-18,7PM,Prime,ESPN2,299000,big_data,272000.0,299000.0,Regular Season,Week 16,,,,,,,,,Wednesday,2,February,0,0,17,0,1,25,0,1,0,2,0,0,0,0,0,0,0,0,12.608198852372823
TV Media Blog 2025-26 Datawrapper,https://tvmediablog.substack.com/api/v1/posts/2025-26-college-basketball-viewership,2025-26,basketball,men,Louisville/SMU,Louisville,SMU,2026-02-17,7PM,Prime,ESPN2,296000,big_data,300000.0,296000.0,Regular Season,Week 16,,,,,,,,,Tuesday,2,February,0,0,21,0,1,24,0,1,0,2,0,0,0,0,0,0,0,0,12.598114733306197
TV Media Blog 2025-26 Datawrapper,https://tvmediablog.substack.com/api/v1/posts/2025-26-college-basketball-viewership,2025-26,basketball,men,Georgia Tech/Louisville,Georgia Tech,Louisville,2026-02-21,2:15PM,Early,CW,268000,big_data,,268000.0,Regular Season,Week 16,,,,,,,,,Saturday,2,February,1,0,0,0,0,21,0,1,0,1,0,0,0,0,0,0,0,0,12.498742259492994
TV Media Blog 2025-26 Datawrapper,https://tvmediablog.substack.com/api/v1/posts/2025-26-college-basketball-viewership,2025-26,basketball,men,VCU/Saint Louis,VCU,Saint Louis,2026-02-20,7PM,Prime,ESPN2,235000,big_data,208000.0,235000.0,Regular Season,Week 16,,,,,,,,,Friday,2,February,0,0,0,0,0,18,0,1,0,1,0,0,0,0,0,0,0,0,12.367340793126296
TV Media Blog 2025-26 Datawrapper,https://tvmediablog.substack.com/api/v1/posts/2025-26-college-basketball-viewership,2025-26,basketball,men,Florida State/Clemson,Florida State,Clemson,2026-02-21,12PM,Early,CW,230000,big_data,,230000.0,Regular Season,Week 16,,,,,,,,,Saturday,2,February,1,0,0,0,0,20,0,1,0,1,0,0,0,0,0,0,0,0,12.345834587905333
TV Media Blog 2025-26 Datawrapper,https://tvmediablog.substack.com/api/v1/posts/2025-26-college-basketball-viewership,2025-26,basketball,men,Memphis/USF,Memphis,South Florida,2026-02-19,7PM,Prime,ESPN2,204000,big_data,138000.0,204000.0,Regular Season,Week 16,,,,,,,,,Thursday,2,February,0,0,16,0,1,24,0,1,0,2,0,0,0,0,0,0,0,0,12.225875272826354
TV Media Blog 2025-26 Datawrapper,https://tvmediablog.substack.com/api/v1/posts/2025-26-college-basketball-viewership,2025-26,basketball,men,Villanova/Xavier,Villanova,Xavier,2026-02-17,6:30PM,Mid,FS1,203000,big_data,183000.0,203000.0,Regular Season,Week 16,,,,,,,,,Tuesday,2,February,0,0,18,0,1,22,0,1,0,2,0,0,0,0,0,0,0,0,12.220961258023925
TV Media Blog 2025-26 Datawrapper,https://tvmediablog.substack.com/api/v1/posts/2025-26-college-basketball-viewership,2025-26,basketball,men,Baylor/Kansas State,Baylor,Kansas State,2026-02-17,9PM,Prime,ESPN2,195000,big_data,165000.0,195000.0,Regular Season,Week 16,,,,,,,,,Tuesday,2,February,0,0,25,0,1,0,0,0,0,1,0,0,0,0,0,0,0,0,12.180754837545884
TV Media Blog 2025-26 Datawrapper,https://tvmediablog.substack.com/api/v1/posts/2025-26-college-basketball-viewership,2025-26,basketball,men,St. John's/Marquette,St. John's,Marquette,2026-02-18,9PM,Prime,TNT,193000,big_data,165000.0,193000.0,Regular Season,Week 16,,,,,,,,,Wednesday,2,February,0,0,17,0,1,25,0,1,0,2,0,0,0,0,0,0,0,0,12.170445467887022
TV Media Blog 2025-26 Datawrapper,https://tvmediablog.substack.com/api/v1/posts/2025-26-college-basketball-viewership,2025-26,basketball,men,Auburn/Mississippi State,Auburn,Mississippi State,2026-02-18,9PM,Prime,ESPN2,182000,big_data,153000.0,182000.0,Regular Season,Week 16,,,,,,,,,Wednesday,2,February,0,0,21,0,1,25,0,1,0,2,0,0,0,0,0,0,0,0,12.111761966058932
TV Media Blog 2025-26 Datawrapper,https://tvmediablog.substack.com/api/v1/posts/2025-26-college-basketball-viewership,2025-26,basketball,men,Tulane/North Texas,Tulane,North Texas,2026-02-19,9PM,Prime,ESPN2,156000,big_data,116000.0,156000.0,Regular Season,Week 16,,,,,,,,,Thursday,2,February,0,0,0,0,0,0,0,0,0,0,0,0,0,0,0,0,0,0,11.957611286231675
TV Media Blog 2025-26 Datawrapper,https://tvmediablog.substack.com/api/v1/posts/2025-26-college-basketball-viewership,2025-26,basketball,men,Temple/Wichita State,Temple,Wichita State,2026-02-21,6PM,Mid,ESPN2,154000,big_data,112000.0,154000.0,Regular Season,Week 16,,,,,,,,,Saturday,2,February,1,0,0,0,0,0,0,0,0,0,0,0,0,0,0,0,0,0,11.944707881395766
TV Media Blog 2025-26 Datawrapper,https://tvmediablog.substack.com/api/v1/posts/2025-26-college-basketball-viewership,2025-26,basketball,men,Utah/West Virginia,Utah,West Virginia,2026-02-18,8:30PM,Prime,FS1,130000,big_data,105000.0,130000.0,Regular Season,Week 16,,,,,,,,,Wednesday,2,February,0,0,0,0,0,23,0,1,0,1,0,0,0,0,0,0,0,0,11.77528972943772
TV Media Blog 2025-26 Datawrapper,https://tvmediablog.substack.com/api/v1/posts/2025-26-college-basketball-viewership,2025-26,basketball,men,Butler/Georgetown,Butler,Georgetown,2026-02-18,6:30PM,Mid,FS1,122000,big_data,101000.0,122000.0,Regular Season,Week 16,,,,,,,,,Wednesday,2,February,0,0,0,0,0,0,0,0,0,0,0,0,0,0,0,0,0,0,11.711776323715394
TV Media Blog 2025-26 Datawrapper,https://tvmediablog.substack.com/api/v1/posts/2025-26-college-basketball-viewership,2025-26,basketball,men,Illinois State/Bradley,Illinois State,Bradley,2026-02-21,8PM,Prime,ESPN2,91000,big_data,58000.0,91000.0,Regular Season,Week 16,,,,,,,,,Saturday,2,February,1,0,0,0,0,0,0,0,0,0,0,0,0,0,0,0,0,0,11.418614785498987
TV Media Blog 2025-26 Datawrapper,https://tvmediablog.substack.com/api/v1/posts/2025-26-college-basketball-viewership,2025-26,basketball,men,Michigan/Illinois,Michigan,Illinois,2026-02-27,8PM,Prime,FOX,2161000,big_data,,2161000.0,Regular Season,Week 17,,,,,,,,,Friday,2,February,0,0,3,1,0,10,1,0,2,0,0,0,0,0,0,0,0,0,14.586081635489023
TV Media Blog 2025-26 Datawrapper,https://tvmediablog.substack.com/api/v1/posts/2025-26-college-basketball-viewership,2025-26,basketball,men,Houston/Kansas,Houston,Kansas,2026-02-23,9PM,Prime,ESPN,1953000,big_data,1670000.0,1953000.0,Regular Season,Week 17,,,,,,,,,Monday,2,February,0,0,5,1,0,14,0,1,1,1,0,0,0,0,0,0,0,0,14.484877209858816
TV Media Blog 2025-26 Datawrapper,https://tvmediablog.substack.com/api/v1/posts/2025-26-college-basketball-viewership,2025-26,basketball,men,Michigan State/Indiana,Michigan State,Indiana,2026-03-01,3:45PM,Mid,CBS,1827000,big_data,,1827000.0,Regular Season,Week 17,,,,,,,,,Sunday,3,March,1,0,13,0,1,22,0,1,0,2,0,0,0,0,0,0,0,0,14.418185835360143
TV Media Blog 2025-26 Datawrapper,https://tvmediablog.substack.com/api/v1/posts/2025-26-college-basketball-viewership,2025-26,basketball,men,Louisville/North Carolina,Louisville,North Carolina,2026-02-23,7PM,Prime,ESPN,1681000,big_data,1409000.0,1681000.0,Regular Season,Week 17,,,,,,,,,Monday,2,February,0,0,24,0,1,18,0,1,0,2,0,0,0,0,0,0,0,0,14.334899412390753
TV Media Blog 2025-26 Datawrapper,https://tvmediablog.substack.com/api/v1/posts/2025-26-college-basketball-viewership,2025-26,basketball,men,Kansas/Arizona,Kansas,Arizona,2026-02-28,4PM,Mid,ESPN,1678000,big_data,1479000.0,1678000.0,Regular Season,Week 17,,,,,,,,,Saturday,2,February,1,0,14,0,1,2,1,0,1,1,0,0,0,0,0,0,0,0,14.333113166009289
TV Media Blog 2025-26 Datawrapper,https://tvmediablog.substack.com/api/v1/posts/2025-26-college-basketball-viewership,2025-26,basketball,men,Alabama/Tennessee,Alabama,Tennessee,2026-02-28,6PM,Mid,ESPN,1638000,big_data,1363000.0,1638000.0,Regular Season,Week 17,,,,,,,,,Saturday,2,February,1,0,17,0,1,22,0,1,0,2,0,0,0,0,0,0,0,0,14.308986543395152
TV Media Blog 2025-26 Datawrapper,https://tvmediablog.substack.com/api/v1/posts/2025-26-college-basketball-viewership,2025-26,basketball,men,Arkansas/Florida,Arkansas,Florida,2026-02-28,8:30PM,Prime,ESPN,1524000,big_data,1295000.0,1524000.0,Regular Season,Week 17,,,,,,,,,Saturday,2,February,1,0,20,0,1,7,1,0,1,1,0,0,0,0,0,0,0,0,14.236849015228728
TV Media Blog 2025-26 Datawrapper,https://tvmediablog.substack.com/api/v1/posts/2025-26-college-basketball-viewership,2025-26,basketball,men,Purdue/Ohio State,Purdue,Ohio State,2026-03-01,1:30PM,Early,CBS,1459000,big_data,,1459000.0,Regular Season,Week 17,,,,,,,,,Sunday,3,March,1,0,8,1,0,21,0,1,1,1,0,0,0,0,0,0,0,0,14.193261827504923
TV Media Blog 2025-26 Datawrapper,https://tvmediablog.substack.com/api/v1/posts/2025-26-college-basketball-viewership,2025-26,basketball,men,Vanderbilt/Kentucky,Vanderbilt,Kentucky,2026-02-28,2PM,Early,ESPN,1288000,big_data,1142000.0,1288000.0,Regular Season,Week 17,,,,,,,,,Saturday,2,February,1,0,25,0,1,25,0,1,0,2,0,0,0,0,0,0,0,0,14.068601185646436
TV Media Blog 2025-26 Datawrapper,https://tvmediablog.substack.com/api/v1/posts/2025-26-college-basketball-viewership,2025-26,basketball,men,Virginia/Duke,Virginia,Duke,2026-02-28,12PM,Early,ESPN,1267000,big_data,1221000.0,1267000.0,Regular Season,Week 17,,,,,,,,,Saturday,2,February,1,0,11,0,1,1,1,0,1,1,0,0,0,0,0,0,0,0,14.052162459303275
TV Media Blog 2025-26 Datawrapper,https://tvmediablog.substack.com/api/v1/posts/2025-26-college-basketball-viewership,2025-26,basketball,men,Texas Tech/Iowa State,Texas Tech,Iowa State,2026-02-28,4PM,Mid,CBS,1148000,big_data,,1148000.0,Regular Season,Week 17,,,,,,,,,Saturday,2,February,1,0,16,0,1,4,1,0,1,1,0,0,0,0,0,0,0,0,13.953531855861648
TV Media Blog 2025-26 Datawrapper,https://tvmediablog.substack.com/api/v1/posts/2025-26-college-basketball-viewership,2025-26,basketball,men,Duke/Notre Dame,Duke,Notre Dame,2026-02-24,7PM,Prime,ESPN,943000,big_data,852000.0,943000.0,Regular Season,Week 17,,,,,,,,,Tuesday,2,February,0,0,1,1,0,0,0,0,1,0,0,0,0,0,0,0,0,0,13.756821561615595
TV Media Blog 2025-26 Datawrapper,https://tvmediablog.substack.com/api/v1/posts/2025-26-college-basketball-viewership,2025-26,basketball,men,Virginia Tech/North Carolina,Virginia Tech,North Carolina,2026-02-28,8:30PM,Prime,ESPN2,779000,big_data,616000.0,779000.0,Regular Season,Week 17,,,,,,,,,Saturday,2,February,1,0,0,0,0,18,0,1,0,1,0,0,0,0,0,0,0,0,13.565766324852886
TV Media Blog 2025-26 Datawrapper,https://tvmediablog.substack.com/api/v1/posts/2025-26-college-basketball-viewership,2025-26,basketball,men,Villanova/St. John's,Villanova,St. John's,2026-02-28,8PM,Prime,FOX,672000,big_data,,672000.0,Regular Season,Week 17,,,,,,,,,Saturday,2,February,1,0,18,0,1,15,0,1,0,2,0,0,0,0,0,0,0,0,13.418013619505286
TV Media Blog 2025-26 Datawrapper,https://tvmediablog.substack.com/api/v1/posts/2025-26-college-basketball-viewership,2025-26,basketball,men,Florida/Texas,Florida,Texas,2026-02-25,7PM,Prime,ESPN2,641000,big_data,573000.0,641000.0,Regular Season,Week 17,,,,,,,,,Wednesday,2,February,0,0,7,1,0,19,0,1,1,1,0,0,0,0,0,0,0,0,13.370784735902808
TV Media Blog 2025-26 Datawrapper,https://tvmediablog.substack.com/api/v1/posts/2025-26-college-basketball-viewership,2025-26,basketball,men,Arizona/Baylor,Arizona,Baylor,2026-02-24,9PM,Prime,ESPN2,568000,big_data,473000.0,568000.0,Regular Season,Week 17,,,,,,,,,Tuesday,2,February,0,0,2,1,0,25,0,1,1,1,0,0,0,0,0,0,0,0,13.249876697703288
TV Media Blog 2025-26 Datawrapper,https://tvmediablog.substack.com/api/v1/posts/2025-26-college-basketball-viewership,2025-26,basketball,men,Texas A&M/Arkansas,Texas A&M,Arkansas,2026-02-25,9PM,Prime,ESPN2,512000,big_data,377000.0,512000.0,Regular Season,Week 17,,,,,,,,,Wednesday,2,February,0,0,19,0,1,20,0,1,0,2,0,0,0,0,0,0,0,0,13.146079904021645
TV Media Blog 2025-26 Datawrapper,https://tvmediablog.substack.com/api/v1/posts/2025-26-college-basketball-viewership,2025-26,basketball,men,Syracuse/Wake Forest,Syracuse,Wake Forest,2026-02-28,5:45PM,Mid,CW,412000,big_data,,412000.0,Regular Season,Week 17,,,,,,,,,Saturday,2,February,1,0,0,0,0,0,0,0,0,0,0,0,0,0,0,0,0,0,12.928778628331663
TV Media Blog 2025-26 Datawrapper,https://tvmediablog.substack.com/api/v1/posts/2025-26-college-basketball-viewership,2025-26,basketball,men,Cincinnati/Texas Tech,Cincinnati,Texas Tech,2026-02-24,7PM,Prime,ESPN2,378000,big_data,309000.0,378000.0,Regular Season,Week 17,,,,,,,,,Tuesday,2,February,0,0,16,0,1,16,0,1,0,2,0,0,0,0,0,0,0,0,12.842649474601725
TV Media Blog 2025-26 Datawrapper,https://tvmediablog.substack.com/api/v1/posts/2025-26-college-basketball-viewership,2025-26,basketball,men,NC State/Notre Dame,NC State,Notre Dame,2026-02-28,12PM,Early,CW,369000,big_data,,369000.0,Regular Season,Week 17,,,,,,,,,Saturday,2,February,1,0,23,0,1,0,0,0,0,1,0,0,0,0,0,0,0,0,12.818551923022664
TV Media Blog 2025-26 Datawrapper,https://tvmediablog.substack.com/api/v1/posts/2025-26-college-basketball-viewership,2025-26,basketball,men,Minnesota/Michigan,Minnesota,Michigan,2026-02-24,8:30PM,Prime,BTN,352000,big_data,316000.0,352000.0,Regular Season,Week 17,,,,,,,,,Tuesday,2,February,0,0,0,0,0,3,1,0,1,0,0,0,0,0,0,0,0,0,12.771386454580234
TV Media Blog 2025-26 Datawrapper,https://tvmediablog.substack.com/api/v1/posts/2025-26-college-basketball-viewership,2025-26,basketball,men,Maryland/Nebraska,Maryland,Nebraska,2026-02-25,7PM,Prime,BTN,351000,big_data,326000.0,351000.0,Regular Season,Week 17,,,,,,,,,Wednesday,2,February,0,0,11,0,1,12,0,1,0,2,0,0,0,0,0,0,0,0,12.768541502448002
TV Media Blog 2025-26 Datawrapper,https://tvmediablog.substack.com/api/v1/posts/2025-26-college-basketball-viewership,2025-26,basketball,men,Ohio State/Iowa,Ohio State,Iowa,2026-02-25,9PM,Prime,BTN,329000,big_data,379000.0,329000.0,Regular Season,Week 17,,,,,,,,,Wednesday,2,February,0,0,21,0,1,19,0,1,0,2,0,0,0,0,0,0,0,0,12.70381302974751
TV Media Blog 2025-26 Datawrapper,https://tvmediablog.substack.com/api/v1/posts/2025-26-college-basketball-viewership,2025-26,basketball,men,Iowa State/Utah,Iowa State,Utah,2026-02-24,9PM,Prime,FS1,283000,big_data,226000.0,283000.0,Regular Season,Week 17,,,,,,,,,Tuesday,2,February,0,0,4,1,0,0,0,0,1,0,0,0,0,0,0,0,0,0,12.553202176625375
TV Media Blog 2025-26 Datawrapper,https://tvmediablog.substack.com/api/v1/posts/2025-26-college-basketball-viewership,2025-26,basketball,men,TCU/Kansas State,TCU,Kansas State,2026-02-28,6:30PM,Mid,ESPN2,266000,big_data,214000.0,266000.0,Regular Season,Week 17,,,,,,,,,Saturday,2,February,1,0,25,0,1,0,0,0,0,1,0,0,0,0,0,0,0,0,12.491251587763836
TV Media Blog 2025-26 Datawrapper,https://tvmediablog.substack.com/api/v1/posts/2025-26-college-basketball-viewership,2025-26,basketball,men,Northwestern/Indiana,Northwestern,Indiana,2026-02-24,7PM,Prime,FS1,239000,big_data,210000.0,239000.0,Regular Season,Week 17,,,,,,,,,Tuesday,2,February,0,0,25,0,1,22,0,1,0,2,0,0,0,0,0,0,0,0,12.384218830913648
TV Media Blog 2025-26 Datawrapper,https://tvmediablog.substack.com/api/v1/posts/2025-26-college-basketball-viewership,2025-26,basketball,men,North Carolina/Duke,North Carolina,Duke,2026-03-07,6:30PM,Mid,ESPN,3426000,big_data,3107000.0,3426000.0,Regular Season,Week 18,,,,,,,,,Saturday,3,March,1,0,17,0,1,1,1,0,1,1,0,0,0,0,0,0,0,0,15.046903957866203
TV Media Blog 2025-26 Datawrapper,https://tvmediablog.substack.com/api/v1/posts/2025-26-college-basketball-viewership,2025-26,basketball,men,Michigan State/Michigan,Michigan State,Michigan,2026-03-08,4:30PM,Mid,CBS,2896000,big_data,,2896000.0,Regular Season,Week 18,,,,,,,,,Sunday,3,March,1,0,8,1,0,3,1,0,2,0,0,0,0,0,0,0,0,0,14.878841032487744
TV Media Blog 2025-26 Datawrapper,https://tvmediablog.substack.com/api/v1/posts/2025-26-college-basketball-viewership,2025-26,basketball,men,Florida/Kentucky,Florida,Kentucky,2026-03-07,4PM,Mid,ESPN,1843000,big_data,1717000.0,1843000.0,Regular Season,Week 18,,,,,,,,,Saturday,3,March,1,0,5,1,0,25,0,1,1,1,0,0,0,0,0,0,0,0,14.42690523665196
TV Media Blog 2025-26 Datawrapper,https://tvmediablog.substack.com/api/v1/posts/2025-26-college-basketball-viewership,2025-26,basketball,men,Wisconsin/Purdue,Wisconsin,Purdue,2026-03-07,4PM,Mid,CBS,1612000,big_data,,1612000.0,Regular Season,Week 18,,,,,,,,,Saturday,3,March,1,0,24,0,1,15,0,1,0,2,0,0,0,0,0,0,0,0,14.292986202048711
TV Media Blog 2025-26 Datawrapper,https://tvmediablog.substack.com/api/v1/posts/2025-26-college-basketball-viewership,2025-26,basketball,men,Iowa State/Arizona State,Iowa State,Arizona State,2026-03-02,9PM,Prime,ESPN,1592000,big_data,1305000.0,1592000.0,Regular Season,Week 18,,,,,,,,,Monday,3,March,0,0,6,1,0,0,0,0,1,0,0,0,0,0,0,0,0,0,14.280501645386465
TV Media Blog 2025-26 Datawrapper,https://tvmediablog.substack.com/api/v1/posts/2025-26-college-basketball-viewership,2025-26,basketball,men,Duke/NC State,Duke,NC State,2026-03-02,7PM,Prime,ESPN,1579000,big_data,1286000.0,1579000.0,Regular Season,Week 18,,,,,,,,,Monday,3,March,0,0,1,1,0,23,0,1,1,1,0,0,0,0,0,0,0,0,14.272302293237779
TV Media Blog 2025-26 Datawrapper,https://tvmediablog.substack.com/api/v1/posts/2025-26-college-basketball-viewership,2025-26,basketball,men,Auburn/Alabama,Auburn,Alabama,2026-03-07,8:30PM,Prime,ESPN,1362000,big_data,1047000.0,1362000.0,Regular Season,Week 18,,,,,,,,,Saturday,3,March,1,0,21,0,1,16,0,1,0,2,0,0,0,0,0,0,0,0,14.124464765691595
TV Media Blog 2025-26 Datawrapper,https://tvmediablog.substack.com/api/v1/posts/2025-26-college-basketball-viewership,2025-26,basketball,men,Iowa/Nebraska,Iowa,Nebraska,2026-03-08,5PM,Mid,FOX,1356000,big_data,,1356000.0,Regular Season,Week 18,,,,,,,,,Sunday,3,March,1,0,19,0,1,9,1,0,1,1,0,0,0,0,0,0,0,0,14.120049747482478
TV Media Blog 2025-26 Datawrapper,https://tvmediablog.substack.com/api/v1/posts/2025-26-college-basketball-viewership,2025-26,basketball,men,Kansas State/Kansas,Kansas State,Kansas,2026-03-07,2PM,Early,CBS,1327000,big_data,,1327000.0,Regular Season,Week 18,,,,,,,,,Saturday,3,March,1,0,0,0,0,14,0,1,0,1,0,0,0,0,0,0,0,0,14.098431313314345
TV Media Blog 2025-26 Datawrapper,https://tvmediablog.substack.com/api/v1/posts/2025-26-college-basketball-viewership,2025-26,basketball,men,Vanderbilt/Tennessee,Vanderbilt,Tennessee,2026-03-07,2PM,Early,ESPN,1280000,big_data,1042000.0,1280000.0,Regular Season,Week 18,,,,,,,,,Saturday,3,March,1,0,24,0,1,23,0,1,0,2,0,0,0,0,0,0,0,0,14.0623706358958
TV Media Blog 2025-26 Datawrapper,https://tvmediablog.substack.com/api/v1/posts/2025-26-college-basketball-viewership,2025-26,basketball,men,Arkansas/Missouri,Arkansas,Missouri,2026-03-07,12PM,Early,ESPN,1263000,big_data,1080000.0,1263000.0,Regular Season,Week 18,,,,,,,,,Saturday,3,March,1,0,20,0,1,23,0,1,0,2,0,0,0,0,0,0,0,0,14.049000401332629
TV Media Blog 2025-26 Datawrapper,https://tvmediablog.substack.com/api/v1/posts/2025-26-college-basketball-viewership,2025-26,basketball,men,Clemson/North Carolina,Clemson,North Carolina,2026-03-03,7PM,Prime,ESPN,1210000,big_data,975000.0,1210000.0,Regular Season,Week 18,,,,,,,,,Tuesday,3,March,0,0,20,0,1,17,0,1,0,2,0,0,0,0,0,0,0,0,14.006130917572923
TV Media Blog 2025-26 Datawrapper,https://tvmediablog.substack.com/api/v1/posts/2025-26-college-basketball-viewership,2025-26,basketball,men,Illinois/Maryland,Illinois,Maryland,2026-03-08,3PM,Mid,FOX,1145000,big_data,,1145000.0,Regular Season,Week 18,,,,,,,,,Sunday,3,March,1,0,11,0,1,11,0,1,0,2,0,0,0,0,0,0,0,0,13.950915194970477
TV Media Blog 2025-26 Datawrapper,https://tvmediablog.substack.com/api/v1/posts/2025-26-college-basketball-viewership,2025-26,basketball,men,Houston/Oklahoma State,Houston,Oklahoma State,2026-03-07,12PM,Early,CBS,953000,big_data,,953000.0,Regular Season,Week 18,,,,,,,,,Saturday,3,March,1,0,7,1,0,0,0,0,1,0,0,0,0,0,0,0,0,0,13.76737018263634
TV Media Blog 2025-26 Datawrapper,https://tvmediablog.substack.com/api/v1/posts/2025-26-college-basketball-viewership,2025-26,basketball,men,UNI/UIC,UNI,UIC,2026-03-08,12PM,Early,CBS,931000,big_data,,931000.0,Conference Championship,Week 18,,,,,,,,,Sunday,3,March,1,1,0,0,0,0,0,0,0,0,0,0,0,0,0,0,0,0,13.744014556259204
TV Media Blog 2025-26 Datawrapper,https://tvmediablog.substack.com/api/v1/posts/2025-26-college-basketball-viewership,2025-26,basketball,men,Indiana/Ohio State,Indiana,Ohio State,2026-03-07,5:30PM,Mid,FOX,856000,big_data,,856000.0,Regular Season,Week 18,,,,,,,,,Saturday,3,March,1,0,22,0,1,21,0,1,0,2,0,0,0,0,0,0,0,0,13.66002565512388
TV Media Blog 2025-26 Datawrapper,https://tvmediablog.substack.com/api/v1/posts/2025-26-college-basketball-viewership,2025-26,basketball,men,Miami (OH)/Ohio,Miami (OH),Ohio,2026-03-06,9PM,Prime,ESPN2,636000,big_data,575000.0,636000.0,Regular Season,Week 18,,,,,,,,,Friday,3,March,0,0,0,0,0,0,0,0,0,0,0,0,0,0,0,0,0,0,13.36295384232226
TV Media Blog 2025-26 Datawrapper,https://tvmediablog.substack.com/api/v1/posts/2025-26-college-basketball-viewership,2025-26,basketball,men,Kansas/Arizona State,Kansas,Arizona State,2026-03-03,9PM,Prime,FS1,630000,big_data,608000.0,630000.0,Regular Season,Week 18,,,,,,,,,Tuesday,3,March,0,0,14,0,1,0,0,0,0,1,0,0,0,0,0,0,0,0,13.353475098367715
TV Media Blog 2025-26 Datawrapper,https://tvmediablog.substack.com/api/v1/posts/2025-26-college-basketball-viewership,2025-26,basketball,men,Kentucky/Texas A&M,Kentucky,Texas A&M,2026-03-03,7PM,Prime,ESPN2,625000,big_data,553000.0,625000.0,Regular Season,Week 18,,,,,,,,,Tuesday,3,March,0,0,25,0,1,19,0,1,0,2,0,0,0,0,0,0,0,0,13.345506928718539
TV Media Blog 2025-26 Datawrapper,https://tvmediablog.substack.com/api/v1/posts/2025-26-college-basketball-viewership,2025-26,basketball,men,Rutgers/Michigan State,Rutgers,Michigan State,2026-03-05,8PM,Prime,FS1,481000,big_data,344000.0,481000.0,Regular Season,Week 18,,,,,,,,,Thursday,3,March,0,0,24,0,1,8,1,0,1,1,0,0,0,0,0,0,0,0,13.083622549087899
TV Media Blog 2025-26 Datawrapper,https://tvmediablog.substack.com/api/v1/posts/2025-26-college-basketball-viewership,2025-26,basketball,men,Texas/Arkansas,Texas,Arkansas,2026-03-04,7PM,Prime,ESPN2,480000,big_data,377000.0,480000.0,Regular Season,Week 18,,,,,,,,,Wednesday,3,March,0,0,19,0,1,20,0,1,0,2,0,0,0,0,0,0,0,0,13.081541382884074
TV Media Blog 2025-26 Datawrapper,https://tvmediablog.substack.com/api/v1/posts/2025-26-college-basketball-viewership,2025-26,basketball,men,Baylor/Houston,Baylor,Houston,2026-03-04,9PM,Prime,ESPN2,468000,big_data,441000.0,468000.0,Regular Season,Week 18,,,,,,,,,Wednesday,3,March,0,0,25,0,1,7,1,0,1,1,0,0,0,0,0,0,0,0,13.056223574899784
TV Media Blog 2025-26 Datawrapper,https://tvmediablog.substack.com/api/v1/posts/2025-26-college-basketball-viewership,2025-26,basketball,men,BYU/Cincinnati,BYU,Cincinnati,2026-03-03,9PM,Prime,ESPN2,417000,big_data,419000.0,417000.0,Regular Season,Week 18,,,,,,,,,Tuesday,3,March,0,0,19,0,1,16,0,1,0,2,0,0,0,0,0,0,0,0,12.94084150078094
TV Media Blog 2025-26 Datawrapper,https://tvmediablog.substack.com/api/v1/posts/2025-26-college-basketball-viewership,2025-26,basketball,men,Pitt/Syracuse,Pitt,Syracuse,2026-03-07,4:30PM,Mid,CW,380000,big_data,,380000.0,Regular Season,Week 18,,,,,,,,,Saturday,3,March,1,0,18,0,1,0,0,0,0,1,0,0,0,0,0,0,0,0,12.84792653170257
TV Media Blog 2025-26 Datawrapper,https://tvmediablog.substack.com/api/v1/posts/2025-26-college-basketball-viewership,2025-26,basketball,men,Virginia Tech/Virginia,Virginia Tech,Virginia,2026-03-07,12PM,Early,CW,372000,big_data,,372000.0,Regular Season,Week 18,,,,,,,,,Saturday,3,March,1,0,0,0,0,13,0,1,0,1,0,0,0,0,0,0,0,0,12.826649133255284
TV Media Blog 2025-26 Datawrapper,https://tvmediablog.substack.com/api/v1/posts/2025-26-college-basketball-viewership,2025-26,basketball,men,Purdue/Northwestern,Purdue,Northwestern,2026-03-04,8:30PM,Prime,BTN,340000,big_data,256000.0,340000.0,Regular Season,Week 18,,,,,,,,,Wednesday,3,March,0,0,15,0,1,25,0,1,0,2,0,0,0,0,0,0,0,0,12.736700896592344
TV Media Blog 2025-26 Datawrapper,https://tvmediablog.substack.com/api/v1/posts/2025-26-college-basketball-viewership,2025-26,basketball,men,Maryland/Wisconsin,Maryland,Wisconsin,2026-03-04,8PM,Prime,FS1,328000,big_data,249000.0,328000.0,Regular Season,Week 18,,,,,,,,,Wednesday,3,March,0,0,11,0,1,24,0,1,0,2,0,0,0,0,0,0,0,0,12.70076888736628
TV Media Blog 2025-26 Datawrapper,https://tvmediablog.substack.com/api/v1/posts/2025-26-college-basketball-viewership,2025-26,basketball,men,VCU/Dayton,VCU,Dayton,2026-03-06,7PM,Prime,ESPN2,318000,big_data,311000.0,318000.0,Regular Season,Week 18,,,,,,,,,Friday,3,March,0,0,0,0,0,22,0,1,0,1,0,0,0,0,0,0,0,0,12.669806661762314
TV Media Blog 2025-26 Datawrapper,https://tvmediablog.substack.com/api/v1/posts/2025-26-college-basketball-viewership,2025-26,basketball,men,Stanford/NC State,Stanford,NC State,2026-03-07,2:15PM,Early,CW,309000,big_data,,309000.0,Regular Season,Week 18,,,,,,,,,Saturday,3,March,1,0,0,0,0,23,0,1,0,1,0,0,0,0,0,0,0,0,12.641096555879882
TV Media Blog 2025-26 Datawrapper,https://tvmediablog.substack.com/api/v1/posts/2025-26-college-basketball-viewership,2025-26,basketball,men,San Francisco/Oregon State,San Francisco,Oregon State,2026-03-08,8:30PM,Prime,ESPN2,304000,big_data,248000.0,304000.0,Regular Season,Week 18,,,,,,,,,Sunday,3,March,1,0,0,0,0,0,0,0,0,0,0,0,0,0,0,0,0,0,12.624782980388359
TV Media Blog 2025-26 Datawrapper,https://tvmediablog.substack.com/api/v1/posts/2025-26-college-basketball-viewership,2025-26,basketball,men,USF/Memphis,South Florida,Memphis,2026-03-05,9PM,Prime,ESPN2,258000,big_data,235000.0,258000.0,Regular Season,Week 18,,,,,,,,,Thursday,3,March,0,0,24,0,1,16,0,1,0,2,0,0,0,0,0,0,0,0,12.460714863903755
TV Media Blog 2025-26 Datawrapper,https://tvmediablog.substack.com/api/v1/posts/2025-26-college-basketball-viewership,2025-26,basketball,men,Minnesota/Indiana,Minnesota,Indiana,2026-03-04,6:30PM,Mid,BTN,248000,big_data,195000.0,248000.0,Regular Season,Week 18,,,,,,,,,Wednesday,3,March,0,0,0,0,0,22,0,1,0,1,0,0,0,0,0,0,0,0,12.421184025147118
TV Media Blog 2025-26 Datawrapper,https://tvmediablog.substack.com/api/v1/posts/2025-26-college-basketball-viewership,2025-26,basketball,men,St. John's/Seton Hall,St. John's,Seton Hall,2026-03-06,9PM,Prime,FS1,232000,big_data,227000.0,232000.0,Regular Season,Week 18,,,,,,,,,Friday,3,March,0,0,18,0,1,25,0,1,0,2,0,0,0,0,0,0,0,0,12.354492650648448
TV Media Blog 2025-26 Datawrapper,https://tvmediablog.substack.com/api/v1/posts/2025-26-college-basketball-viewership,2025-26,basketball,men,Morehead State/Tennessee State,Morehead State,Tennessee State,2026-03-07,9PM,Prime,ESPN2,210000,big_data,190000.0,210000.0,Conference Championship,Week 18,,,,,,,,,Saturday,3,March,1,1,0,0,0,0,0,0,0,0,0,0,0,0,0,0,0,0,12.254862809699606
TV Media Blog 2025-26 Datawrapper,https://tvmediablog.substack.com/api/v1/posts/2025-26-college-basketball-viewership,2025-26,basketball,men,Tulane/Temple,Tulane,Temple,2026-03-05,7PM,Prime,ESPN2,206000,big_data,140000.0,206000.0,Regular Season,Week 18,,,,,,,,,Thursday,3,March,0,0,0,0,0,0,0,0,0,0,0,0,0,0,0,0,0,0,12.235631447771718
TV Media Blog 2025-26 Datawrapper,https://tvmediablog.substack.com/api/v1/posts/2025-26-college-basketball-viewership,2025-26,basketball,men,TCU/Texas Tech,TCU,Texas Tech,2026-03-03,7PM,Prime,FS1,188000,big_data,156000.0,188000.0,Regular Season,Week 18,,,,,,,,,Tuesday,3,March,0,0,25,0,1,10,1,0,1,1,0,0,0,0,0,0,0,0,12.144197241812087
TV Media Blog 2025-26 Datawrapper,https://tvmediablog.substack.com/api/v1/posts/2025-26-college-basketball-viewership,2025-26,basketball,men,UCLA/USC,UCLA,USC,2026-03-07,9PM,Prime,FS1,157000,big_data,121000.0,157000.0,Regular Season,Week 18,,,,,,,,,Saturday,3,March,1,0,25,0,1,24,0,1,0,2,0,0,0,0,0,0,0,0,11.964001084330445
TV Media Blog 2025-26 Datawrapper,https://tvmediablog.substack.com/api/v1/posts/2025-26-college-basketball-viewership,2025-26,basketball,men,Purdue/Michigan,Purdue,Michigan,2026-03-15,3:30PM,Mid,CBS,4716000,big_data,,4716000.0,Conference Championship,Week 19,,,,,,,,,Sunday,3,March,1,1,18,0,1,3,1,0,1,1,0,0,0,0,0,0,0,0,15.366471540639399
TV Media Blog 2025-26 Datawrapper,https://tvmediablog.substack.com/api/v1/posts/2025-26-college-basketball-viewership,2025-26,basketball,men,Virginia/Duke,Virginia,Duke,2026-03-14,8:30PM,Prime,ESPN,4090000,big_data,3597000.0,4090000.0,Conference Championship,Week 19,,,,,,,,,Saturday,3,March,1,1,10,1,0,1,1,0,2,0,0,0,0,0,0,0,0,0,15.224055528018985
TV Media Blog 2025-26 Datawrapper,https://tvmediablog.substack.com/api/v1/posts/2025-26-college-basketball-viewership,2025-26,basketball,men,Houston/Arizona,Houston,Arizona,2026-03-14,6PM,Mid,ESPN,3100000,big_data,2799000.0,3100000.0,Conference Championship,Week 19,,,,,,,,,Saturday,3,March,1,1,5,1,0,2,1,0,2,0,0,0,0,0,0,0,0,0,14.946912669455374
TV Media Blog 2025-26 Datawrapper,https://tvmediablog.substack.com/api/v1/posts/2025-26-college-basketball-viewership,2025-26,basketball,men,Wisconsin/Michigan,Wisconsin,Michigan,2026-03-14,1PM,Early,CBS,2920000,big_data,,2920000.0,Regular Season,Week 19,,,,,,,,,Saturday,3,March,1,0,23,0,1,3,1,0,1,1,0,0,0,0,0,0,0,0,14.887094174244465
TV Media Blog 2025-26 Datawrapper,https://tvmediablog.substack.com/api/v1/posts/2025-26-college-basketball-viewership,2025-26,basketball,men,UCLA/Purdue,UCLA,Purdue,2026-03-14,3:30PM,Mid,CBS,2730000,big_data,,2730000.0,Regular Season,Week 19,,,,,,,,,Saturday,3,March,1,0,25,0,1,18,0,1,0,2,0,0,0,0,0,0,0,0,14.819812167161142
TV Media Blog 2025-26 Datawrapper,https://tvmediablog.substack.com/api/v1/posts/2025-26-college-basketball-viewership,2025-26,basketball,men,Vanderbilt/Arkansas,Vanderbilt,Arkansas,2026-03-15,1PM,Early,ESPN,2600000,big_data,2309000.0,2600000.0,Conference Championship,Week 19,,,,,,,,,Sunday,3,March,1,1,22,0,1,17,0,1,0,2,0,0,0,0,0,0,0,0,14.77102200299171
TV Media Blog 2025-26 Datawrapper,https://tvmediablog.substack.com/api/v1/posts/2025-26-college-basketball-viewership,2025-26,basketball,men,Ole Miss/Arkansas,Ole Miss,Arkansas,2026-03-14,3:30PM,Mid,ESPN,2130000,big_data,1974000.0,2130000.0,Regular Season,Week 19,,,,,,,,,Saturday,3,March,1,0,24,0,1,17,0,1,0,2,0,0,0,0,0,0,0,0,14.571632537685607
TV Media Blog 2025-26 Datawrapper,https://tvmediablog.substack.com/api/v1/posts/2025-26-college-basketball-viewership,2025-26,basketball,men,Florida State/Duke,Florida State,Duke,2026-03-12,7PM,Prime,ESPN,1991000,big_data,1584000.0,1991000.0,Regular Season,Week 19,,,,,,,,,Thursday,3,March,0,0,0,0,0,1,1,0,1,0,0,0,0,0,0,0,0,0,14.504147583046333
TV Media Blog 2025-26 Datawrapper,https://tvmediablog.substack.com/api/v1/posts/2025-26-college-basketball-viewership,2025-26,basketball,men,Iowa State/Arizona,Iowa State,Arizona,2026-03-13,7PM,Prime,ESPN,1840000,big_data,1628000.0,1840000.0,Regular Season,Week 19,,,,,,,,,Friday,3,March,0,0,7,1,0,2,1,0,2,0,0,0,0,0,0,0,0,0,14.425276129585168
TV Media Blog 2025-26 Datawrapper,https://tvmediablog.substack.com/api/v1/posts/2025-26-college-basketball-viewership,2025-26,basketball,men,UConn/St. John's,UConn,St. John's,2026-03-14,6:30PM,Mid,FOX,1770000,big_data,,1770000.0,Conference Championship,Week 19,,,,,,,,,Saturday,3,March,1,1,6,1,0,13,0,1,1,1,0,0,0,0,0,0,0,0,14.386490104550012
TV Media Blog 2025-26 Datawrapper,https://tvmediablog.substack.com/api/v1/posts/2025-26-college-basketball-viewership,2025-26,basketball,men,Tennessee/Vanderbilt,Tennessee,Vanderbilt,2026-03-13,3:30PM,Mid,ESPN,1705000,big_data,1584000.0,1705000.0,Regular Season,Week 19,,,,,,,,,Friday,3,March,0,0,25,0,1,22,0,1,0,2,0,0,0,0,0,0,0,0,14.349075668699754
TV Media Blog 2025-26 Datawrapper,https://tvmediablog.substack.com/api/v1/posts/2025-26-college-basketball-viewership,2025-26,basketball,men,Vanderbilt/Florida,Vanderbilt,Florida,2026-03-14,1PM,Early,ESPN,1670000,big_data,1646000.0,1670000.0,Regular Season,Week 19,,,,,,,,,Saturday,3,March,1,0,22,0,1,4,1,0,1,1,0,0,0,0,0,0,0,0,14.328334184392938
TV Media Blog 2025-26 Datawrapper,https://tvmediablog.substack.com/api/v1/posts/2025-26-college-basketball-viewership,2025-26,basketball,men,Kentucky/Florida,Kentucky,Florida,2026-03-13,1PM,Early,ESPN,1506000,big_data,1485000.0,1506000.0,Regular Season,Week 19,,,,,,,,,Friday,3,March,0,0,25,0,1,4,1,0,1,1,0,0,0,0,0,0,0,0,14.224967687341977
TV Media Blog 2025-26 Datawrapper,https://tvmediablog.substack.com/api/v1/posts/2025-26-college-basketball-viewership,2025-26,basketball,men,Kansas/Houston,Kansas,Houston,2026-03-13,9:30PM,Prime,ESPN,1468000,big_data,1358000.0,1468000.0,Regular Season,Week 19,,,,,,,,,Friday,3,March,0,0,14,0,1,5,1,0,1,1,0,0,0,0,0,0,0,0,14.199411488156597
TV Media Blog 2025-26 Datawrapper,https://tvmediablog.substack.com/api/v1/posts/2025-26-college-basketball-viewership,2025-26,basketball,men,Clemson/North Carolina,Clemson,North Carolina,2026-03-12,9:30PM,Prime,ESPN,1375000,big_data,1201000.0,1375000.0,Regular Season,Week 19,,,,,,,,,Thursday,3,March,0,0,20,0,1,19,0,1,0,2,0,0,0,0,0,0,0,0,14.133964289082808
TV Media Blog 2025-26 Datawrapper,https://tvmediablog.substack.com/api/v1/posts/2025-26-college-basketball-viewership,2025-26,basketball,men,San Diego State/Utah State,San Diego State,Utah State,2026-03-14,6PM,Mid,CBS,1300000,big_data,,1300000.0,Conference Championship,Week 19,,,,,,,,,Saturday,3,March,1,1,20,0,1,23,0,1,0,2,0,0,0,0,0,0,0,0,14.077874822431765
TV Media Blog 2025-26 Datawrapper,https://tvmediablog.substack.com/api/v1/posts/2025-26-college-basketball-viewership,2025-26,basketball,men,Clemson/Duke,Clemson,Duke,2026-03-13,9:30PM,Prime,ESPN2,1257000,big_data,1107000.0,1257000.0,Regular Season,Week 19,,,,,,,,,Friday,3,March,0,0,20,0,1,1,1,0,1,1,0,0,0,0,0,0,0,0,14.044238487572384
TV Media Blog 2025-26 Datawrapper,https://tvmediablog.substack.com/api/v1/posts/2025-26-college-basketball-viewership,2025-26,basketball,men,Wichita State/USF,Wichita State,South Florida,2026-03-15,3:15PM,Mid,ESPN,1236000,big_data,1090000.0,1236000.0,Conference Championship,Week 19,,,,,,,,,Sunday,3,March,1,1,0,0,0,24,0,1,0,1,0,0,0,0,0,0,0,0,14.027390916999773
TV Media Blog 2025-26 Datawrapper,https://tvmediablog.substack.com/api/v1/posts/2025-26-college-basketball-viewership,2025-26,basketball,men,Dayton/VCU,Dayton,VCU,2026-03-15,1PM,Early,CBS,1190000,big_data,,1190000.0,Conference Championship,Week 19,,,,,,,,,Sunday,3,March,1,1,22,0,1,0,0,0,0,1,0,0,0,0,0,0,0,0,13.989463865087712
TV Media Blog 2025-26 Datawrapper,https://tvmediablog.substack.com/api/v1/posts/2025-26-college-basketball-viewership,2025-26,basketball,men,Wisconsin/Illinois,Wisconsin,Illinois,2026-03-13,2:30PM,Early,BTN,1184000,big_data,1091000.0,1184000.0,Regular Season,Week 19,,,,,,,,,Friday,3,March,0,0,23,0,1,9,1,0,1,1,0,0,0,0,0,0,0,0,13.984409094426088
TV Media Blog 2025-26 Datawrapper,https://tvmediablog.substack.com/api/v1/posts/2025-26-college-basketball-viewership,2025-26,basketball,men,Purdue/Nebraska,Purdue,Nebraska,2026-03-13,6:30PM,Mid,BTN,1149000,big_data,1052000.0,1149000.0,Regular Season,Week 19,,,,,,,,,Friday,3,March,0,0,18,0,1,11,0,1,0,2,0,0,0,0,0,0,0,0,13.954402556830892
TV Media Blog 2025-26 Datawrapper,https://tvmediablog.substack.com/api/v1/posts/2025-26-college-basketball-viewership,2025-26,basketball,men,Seton Hall/St. John's,Seton Hall,St. John's,2026-03-13,5:30PM,Mid,FOX,948000,big_data,,948000.0,Regular Season,Week 19,,,,,,,,,Friday,3,March,0,0,25,0,1,13,0,1,0,2,0,0,0,0,0,0,0,0,13.762109781237159
TV Media Blog 2025-26 Datawrapper,https://tvmediablog.substack.com/api/v1/posts/2025-26-college-basketball-viewership,2025-26,basketball,men,UCLA/Michigan State,UCLA,Michigan State,2026-03-13,9PM,Prime,BTN,880000,big_data,720000.0,880000.0,Regular Season,Week 19,,,,,,,,,Friday,3,March,0,0,25,0,1,8,1,0,1,1,0,0,0,0,0,0,0,0,13.687677186454389
TV Media Blog 2025-26 Datawrapper,https://tvmediablog.substack.com/api/v1/posts/2025-26-college-basketball-viewership,2025-26,basketball,men,BYU/Houston,BYU,Houston,2026-03-12,7PM,Prime,ESPN2,866000,big_data,735000.0,866000.0,Regular Season,Week 19,,,,,,,,,Thursday,3,March,0,0,19,0,1,5,1,0,1,1,0,0,0,0,0,0,0,0,13.671640187544572
TV Media Blog 2025-26 Datawrapper,https://tvmediablog.substack.com/api/v1/posts/2025-26-college-basketball-viewership,2025-26,basketball,men,Santa Clara/Gonzaga,Santa Clara,Gonzaga,2026-03-10,9PM,Prime,ESPN,864000,big_data,808000.0,864000.0,Conference Championship,Week 19,,,,,,,,,Tuesday,3,March,0,1,0,0,0,12,0,1,0,1,0,0,0,0,0,0,0,0,13.669328047786193
TV Media Blog 2025-26 Datawrapper,https://tvmediablog.substack.com/api/v1/posts/2025-26-college-basketball-viewership,2025-26,basketball,men,BYU/West Virginia,BYU,West Virginia,2026-03-11,7PM,Prime,ESPN2,751000,big_data,624000.0,751000.0,Regular Season,Week 19,,,,,,,,,Wednesday,3,March,0,0,19,0,1,23,0,1,0,2,0,0,0,0,0,0,0,0,13.529160930746272
TV Media Blog 2025-26 Datawrapper,https://tvmediablog.substack.com/api/v1/posts/2025-26-college-basketball-viewership,2025-26,basketball,men,Miami (FL)/Virginia,Miami (FL),Virginia,2026-03-13,7PM,Prime,ESPN2,746000,big_data,683000.0,746000.0,Regular Season,Week 19,,,,,,,,,Friday,3,March,0,0,0,0,0,10,1,0,1,0,0,0,0,0,0,0,0,0,13.522480879185897
TV Media Blog 2025-26 Datawrapper,https://tvmediablog.substack.com/api/v1/posts/2025-26-college-basketball-viewership,2025-26,basketball,men,Oregon State/Gonzaga,Oregon State,Gonzaga,2026-03-09,9PM,Prime,ESPN,636000,big_data,549000.0,636000.0,Regular Season,Week 19,,,,,,,,,Monday,3,March,0,0,0,0,0,12,0,1,0,1,0,0,0,0,0,0,0,0,13.36295384232226
TV Media Blog 2025-26 Datawrapper,https://tvmediablog.substack.com/api/v1/posts/2025-26-college-basketball-viewership,2025-26,basketball,men,Furman/ETSU,Furman,ETSU,2026-03-09,7PM,Prime,ESPN,617000,big_data,514000.0,617000.0,Conference Championship,Week 19,,,,,,,,,Monday,3,March,0,1,0,0,0,0,0,0,0,0,0,0,0,0,0,0,0,0,13.332624302887524
TV Media Blog 2025-26 Datawrapper,https://tvmediablog.substack.com/api/v1/posts/2025-26-college-basketball-viewership,2025-26,basketball,men,Detroit Mercy/Wright State,Detroit Mercy,Wright State,2026-03-10,7PM,Prime,ESPN,582000,big_data,524000.0,582000.0,Conference Championship,Week 19,,,,,,,,,Tuesday,3,March,0,1,0,0,0,0,0,0,0,0,0,0,0,0,0,0,0,0,13.274225726713574
TV Media Blog 2025-26 Datawrapper,https://tvmediablog.substack.com/api/v1/posts/2025-26-college-basketball-viewership,2025-26,basketball,men,Northwestern/Indiana,Northwestern,Indiana,2026-03-11,6:30PM,Mid,BTN,515000,big_data,516000.0,515000.0,Regular Season,Week 19,,,,,,,,,Wednesday,3,March,0,0,25,0,1,22,0,1,0,2,0,0,0,0,0,0,0,0,13.151922179645874
TV Media Blog 2025-26 Datawrapper,https://tvmediablog.substack.com/api/v1/posts/2025-26-college-basketball-viewership,2025-26,basketball,men,Northwestern/Purdue,Northwestern,Purdue,2026-03-12,6:30PM,Mid,BTN,497000,big_data,429000.0,497000.0,Regular Season,Week 19,,,,,,,,,Thursday,3,March,0,0,25,0,1,18,0,1,0,2,0,0,0,0,0,0,0,0,13.116345305078767
TV Media Blog 2025-26 Datawrapper,https://tvmediablog.substack.com/api/v1/posts/2025-26-college-basketball-viewership,2025-26,basketball,men,Wake Forest/Clemson,Wake Forest,Clemson,2026-03-11,9:30PM,Prime,ESPN2,472000,big_data,375000.0,472000.0,Regular Season,Week 19,,,,,,,,,Wednesday,3,March,0,0,0,0,0,20,0,1,0,1,0,0,0,0,0,0,0,0,13.064734264567692
TV Media Blog 2025-26 Datawrapper,https://tvmediablog.substack.com/api/v1/posts/2025-26-college-basketball-viewership,2025-26,basketball,men,Rutgers/UCLA,Rutgers,UCLA,2026-03-12,9PM,Prime,BTN,460000,big_data,384000.0,460000.0,Regular Season,Week 19,,,,,,,,,Thursday,3,March,0,0,24,0,1,25,0,1,0,2,0,0,0,0,0,0,0,0,13.038981768465277
TV Media Blog 2025-26 Datawrapper,https://tvmediablog.substack.com/api/v1/posts/2025-26-college-basketball-viewership,2025-26,basketball,men,Rutgers/Minnesota,Rutgers,Minnesota,2026-03-11,9PM,Prime,BTN,440000,big_data,427000.0,440000.0,Regular Season,Week 19,,,,,,,,,Wednesday,3,March,0,0,24,0,1,0,0,0,0,1,0,0,0,0,0,0,0,0,12.994530005894443
TV Media Blog 2025-26 Datawrapper,https://tvmediablog.substack.com/api/v1/posts/2025-26-college-basketball-viewership,2025-26,basketball,men,Georgetown/UConn,Georgetown,UConn,2026-03-13,8PM,Prime,FS1,411000,big_data,340000.0,411000.0,Regular Season,Week 19,,,,,,,,,Friday,3,March,0,0,0,0,0,6,1,0,1,0,0,0,0,0,0,0,0,0,12.926348493478372
TV Media Blog 2025-26 Datawrapper,https://tvmediablog.substack.com/api/v1/posts/2025-26-college-basketball-viewership,2025-26,basketball,men,Xavier/UConn,Xavier,UConn,2026-03-12,7PM,Prime,FS1,357000,big_data,296000.0,357000.0,Regular Season,Week 19,,,,,,,,,Thursday,3,March,0,0,22,0,1,6,1,0,1,1,0,0,0,0,0,0,0,0,12.785491060761776
TV Media Blog 2025-26 Datawrapper,https://tvmediablog.substack.com/api/v1/posts/2025-26-college-basketball-viewership,2025-26,basketball,men,Toledo/Akron,Toledo,Akron,2026-03-14,8PM,Prime,ESPN2,265000,big_data,228000.0,265000.0,Conference Championship,Week 19,,,,,,,,,Saturday,3,March,1,1,0,0,0,0,0,0,0,0,0,0,0,0,0,0,0,0,12.487485104968359
TV Media Blog 2025-26 Datawrapper,https://tvmediablog.substack.com/api/v1/posts/2025-26-college-basketball-viewership,2025-26,basketball,men,Georgetown/Villanova,Georgetown,Villanova,2026-03-12,9:30PM,Prime,FS1,265000,big_data,213000.0,265000.0,Regular Season,Week 19,,,,,,,,,Thursday,3,March,0,0,0,0,0,18,0,1,0,1,0,0,0,0,0,0,0,0,12.487485104968359
TV Media Blog 2025-26 Datawrapper,https://tvmediablog.substack.com/api/v1/posts/2025-26-college-basketball-viewership,2025-26,basketball,men,Siena/Merrimack,Siena,Merrimack,2026-03-10,9PM,Prime,ESPN2,193000,big_data,164000.0,193000.0,Conference Championship,Week 19,,,,,,,,,Tuesday,3,March,0,1,0,0,0,0,0,0,0,0,0,0,0,0,0,0,0,0,12.170445467887022
TV Media Blog 2025-26 Datawrapper,https://tvmediablog.substack.com/api/v1/posts/2025-26-college-basketball-viewership,2025-26,basketball,men,Georgia Southern/Troy,Georgia Southern,Troy,2026-03-09,7PM,Prime,ESPN2,171000,big_data,138000.0,171000.0,Conference Championship,Week 19,,,,,,,,,Monday,3,March,0,1,0,0,0,0,0,0,0,0,0,0,0,0,0,0,0,0,12.049418835484797
TV Media Blog 2025-26 Datawrapper,https://tvmediablog.substack.com/api/v1/posts/2025-26-college-basketball-viewership,2025-26,basketball,men,Detroit Mercy/Robert Morris,Detroit Mercy,Robert Morris,2026-03-09,9:30PM,Prime,ESPN2,164000,big_data,150000.0,164000.0,Regular Season,Week 19,,,,,,,,,Monday,3,March,0,0,0,0,0,0,0,0,0,0,0,0,0,0,0,0,0,0,12.007621706806335
TV Media Blog 2025-26 Datawrapper,https://tvmediablog.substack.com/api/v1/posts/2025-26-college-basketball-viewership,2025-26,basketball,men,UConn/Michigan,UConn,Michigan,2026-04-07,8:30PM,Prime,TBS + TNT + truTV,18282000,big_data,,18282000.0,Final,Postseason,Men's March Madness,Final,,,,,,,Tuesday,4,March,0,1,7,1,0,3,1,0,2,0,2,1,1,1,2,1,16,1,16.7214275271959
TV Media Blog 2025-26 Datawrapper,https://tvmediablog.substack.com/api/v1/posts/2025-26-college-basketball-viewership,2025-26,basketball,men,Michigan/Arizona,Michigan,Arizona,2026-04-05,8:30PM,Prime,TBS + TNT + truTV,14293000,big_data,12761000.0,14293000.0,Final Four,Postseason,Men's March Madness,Final Four,,,,,,,Sunday,4,March,1,1,3,1,0,2,1,0,2,0,1,1,1,1,2,1,16,0,16.475280464891252
TV Media Blog 2025-26 Datawrapper,https://tvmediablog.substack.com/api/v1/posts/2025-26-college-basketball-viewership,2025-26,basketball,men,Illinois/UConn,Illinois,UConn,2026-04-05,6PM,Mid,TBS + TNT + truTV,14161000,big_data,12796000.0,14161000.0,Final Four,Postseason,Men's March Madness,Final Four,,,,,,,Sunday,4,March,1,1,13,0,1,7,1,0,1,1,3,1,2,1,2,2,15,1,16.466002265205194
TV Media Blog 2025-26 Datawrapper,https://tvmediablog.substack.com/api/v1/posts/2025-26-college-basketball-viewership,2025-26,basketball,men,UConn/Duke,UConn,Duke,2026-03-29,4:30PM,Mid,CBS,13427000,big_data,,13427000.0,Elite 8,Postseason,Men's March Madness,Elite 8,,,,,,,Sunday,3,March,1,1,7,1,0,1,1,0,2,0,2,1,1,1,2,1,16,1,16.412778163054845
TV Media Blog 2025-26 Datawrapper,https://tvmediablog.substack.com/api/v1/posts/2025-26-college-basketball-viewership,2025-26,basketball,men,St. John's/Kansas,St. John's,Kansas,2026-03-22,5PM,Mid,CBS,10577000,big_data,,10577000.0,Second Round,Postseason,Men's March Madness,Second Round,,,,,,,Sunday,3,March,1,1,10,1,0,17,0,1,1,1,5,1,4,1,2,4,13,1,16.17419239031019
TV Media Blog 2025-26 Datawrapper,https://tvmediablog.substack.com/api/v1/posts/2025-26-college-basketball-viewership,2025-26,basketball,men,Purdue/Arizona,Purdue,Arizona,2026-03-28,8:30PM,Prime,TBS + truTV,10143000,big_data,9008000.0,10143000.0,Elite 8,Postseason,Men's March Madness,Elite 8,,,,,,,Saturday,3,March,1,1,8,1,0,2,1,0,2,0,2,1,1,1,2,1,16,1,16.13229437035813
TV Media Blog 2025-26 Datawrapper,https://tvmediablog.substack.com/api/v1/posts/2025-26-college-basketball-viewership,2025-26,basketball,men,Kentucky/Iowa State,Kentucky,Iowa State,2026-03-22,2:30PM,Early,CBS,9789000,big_data,,9789000.0,Second Round,Postseason,Men's March Madness,Second Round,,,,,,,Sunday,3,March,1,1,25,0,1,6,1,0,1,1,7,1,2,1,2,2,15,5,16.096769864243566
TV Media Blog 2025-26 Datawrapper,https://tvmediablog.substack.com/api/v1/posts/2025-26-college-basketball-viewership,2025-26,basketball,men,TCU/Duke,TCU,Duke,2026-03-21,5PM,Mid,CBS,9550000,big_data,,9550000.0,Second Round,Postseason,Men's March Madness,Second Round,,,,,,,Saturday,3,March,1,1,25,0,1,1,1,0,1,1,9,1,1,1,2,1,16,8,16.07205171245691
TV Media Blog 2025-26 Datawrapper,https://tvmediablog.substack.com/api/v1/posts/2025-26-college-basketball-viewership,2025-26,basketball,men,St. John's/Duke,St. John's,Duke,2026-03-27,7PM,Prime,CBS,9371000,big_data,,9371000.0,Sweet 16,Postseason,Men's March Madness,Sweet 16,,,,,,,Friday,3,March,0,1,10,1,0,1,1,0,2,0,5,1,1,1,2,1,16,4,16.05313037210596
TV Media Blog 2025-26 Datawrapper,https://tvmediablog.substack.com/api/v1/posts/2025-26-college-basketball-viewership,2025-26,basketball,men,Texas/Purdue,Texas,Purdue,2026-03-26,7PM,Prime,CBS,8532000,big_data,,8532000.0,Sweet 16,Postseason,Men's March Madness,Sweet 16,,,,,,,Thursday,3,March,0,1,19,0,1,8,1,0,1,1,11,1,2,1,2,2,15,9,15.95933435857338
TV Media Blog 2025-26 Datawrapper,https://tvmediablog.substack.com/api/v1/posts/2025-26-college-basketball-viewership,2025-26,basketball,men,Louisville/Michigan State,Louisville,Michigan State,2026-03-21,2:30PM,Early,CBS,8469000,big_data,,8469000.0,Second Round,Postseason,Men's March Madness,Second Round,,,,,,,Saturday,3,March,1,1,23,0,1,11,0,1,0,2,6,1,3,1,2,3,14,3,15.951922995903736
TV Media Blog 2025-26 Datawrapper,https://tvmediablog.substack.com/api/v1/posts/2025-26-college-basketball-viewership,2025-26,basketball,men,Iowa/Illinois,Iowa,Illinois,2026-03-28,6PM,Mid,TBS + truTV,8237000,big_data,7615000.0,8237000.0,Elite 8,Postseason,Men's March Madness,Elite 8,,,,,,,Saturday,3,March,1,1,19,0,1,13,0,1,0,2,9,1,3,1,2,3,14,6,15.924146757923387
TV Media Blog 2025-26 Datawrapper,https://tvmediablog.substack.com/api/v1/posts/2025-26-college-basketball-viewership,2025-26,basketball,men,Tennessee/Michigan,Tennessee,Michigan,2026-03-29,2PM,Early,CBS,7493000,big_data,,7493000.0,Elite 8,Postseason,Men's March Madness,Elite 8,,,,,,,Sunday,3,March,1,1,23,0,1,3,1,0,1,1,6,1,1,1,2,1,16,5,15.829479809346449
TV Media Blog 2025-26 Datawrapper,https://tvmediablog.substack.com/api/v1/posts/2025-26-college-basketball-viewership,2025-26,basketball,men,Michigan State/UConn,Michigan State,UConn,2026-03-27,9:30PM,Prime,CBS,7337000,big_data,,7337000.0,Sweet 16,Postseason,Men's March Madness,Sweet 16,,,,,,,Friday,3,March,0,1,11,0,1,7,1,0,1,1,3,1,2,1,2,2,15,1,15.808440597696132
TV Media Blog 2025-26 Datawrapper,https://tvmediablog.substack.com/api/v1/posts/2025-26-college-basketball-viewership,2025-26,basketball,men,Miami (FL)/Purdue,Miami (FL),Purdue,2026-03-22,12PM,Early,CBS,6833000,big_data,,6833000.0,Second Round,Postseason,Men's March Madness,Second Round,,,,,,,Sunday,3,March,1,1,0,0,0,8,1,0,1,0,7,1,2,1,2,2,15,5,15.737274373762915
TV Media Blog 2025-26 Datawrapper,https://tvmediablog.substack.com/api/v1/posts/2025-26-college-basketball-viewership,2025-26,basketball,men,Saint Louis/Michigan,Saint Louis,Michigan,2026-03-21,12PM,Early,CBS,6250000,big_data,,6250000.0,Second Round,Postseason,Men's March Madness,Second Round,,,,,,,Saturday,3,March,1,1,25,0,1,3,1,0,1,1,9,1,1,1,2,1,16,8,15.648092021712584
TV Media Blog 2025-26 Datawrapper,https://tvmediablog.substack.com/api/v1/posts/2025-26-college-basketball-viewership,2025-26,basketball,men,VCU/Illinois,VCU,Illinois,2026-03-21,7:30PM,Prime,CBS,5645000,big_data,,5645000.0,Second Round,Postseason,Men's March Madness,Second Round,,,,,,,Saturday,3,March,1,1,0,0,0,13,0,1,0,1,11,1,3,1,2,3,14,8,15.546280755565899
TV Media Blog 2025-26 Datawrapper,https://tvmediablog.substack.com/api/v1/posts/2025-26-college-basketball-viewership,2025-26,basketball,men,Arkansas/Arizona,Arkansas,Arizona,2026-03-26,9:30PM,Prime,CBS,5525000,big_data,,5525000.0,Sweet 16,Postseason,Men's March Madness,Sweet 16,,,,,,,Thursday,3,March,0,1,14,0,1,2,1,0,1,1,4,1,1,1,2,1,16,3,15.524793805368091
TV Media Blog 2025-26 Datawrapper,https://tvmediablog.substack.com/api/v1/posts/2025-26-college-basketball-viewership,2025-26,basketball,men,Siena/Duke,Siena,Duke,2026-03-19,2:30PM,Early,CBS,5430000,big_data,,5430000.0,First Round,Postseason,Men's March Madness,First Round,,,,,,,Thursday,3,March,0,1,0,0,0,1,1,0,1,0,16,1,1,1,2,1,16,15,15.507449691910118
TV Media Blog 2025-26 Datawrapper,https://tvmediablog.substack.com/api/v1/posts/2025-26-college-basketball-viewership,2025-26,basketball,men,Iowa/Florida,Iowa,Florida,2026-03-22,7PM,Prime,TBS,5142000,big_data,4574000.0,5142000.0,Second Round,Postseason,Men's March Madness,Second Round,,,,,,,Sunday,3,March,1,1,19,0,1,4,1,0,1,1,9,1,1,1,2,1,16,8,15.452952666807972
TV Media Blog 2025-26 Datawrapper,https://tvmediablog.substack.com/api/v1/posts/2025-26-college-basketball-viewership,2025-26,basketball,men,Santa Clara/Kentucky,Santa Clara,Kentucky,2026-03-20,12PM,Early,CBS,4999000,big_data,,4999000.0,First Round,Postseason,Men's March Madness,First Round,,,,,,,Friday,3,March,0,1,0,0,0,25,0,1,0,1,10,1,7,1,2,7,10,3,15.424748450395708
TV Media Blog 2025-26 Datawrapper,https://tvmediablog.substack.com/api/v1/posts/2025-26-college-basketball-viewership,2025-26,basketball,men,Alabama/Michigan,Alabama,Michigan,2026-03-27,7:45PM,Prime,TBS + truTV,4833000,big_data,4281000.0,4833000.0,Sweet 16,Postseason,Men's March Madness,Sweet 16,,,,,,,Friday,3,March,0,1,18,0,1,3,1,0,1,1,4,1,1,1,2,1,16,3,15.39097795082722
TV Media Blog 2025-26 Datawrapper,https://tvmediablog.substack.com/api/v1/posts/2025-26-college-basketball-viewership,2025-26,basketball,men,TCU/Ohio State,TCU,Ohio State,2026-03-19,12PM,Early,CBS,4623000,big_data,,4623000.0,First Round,Postseason,Men's March Madness,First Round,,,,,,,Thursday,3,March,0,1,25,0,1,21,0,1,0,2,9,1,8,1,2,8,9,1,15.346554402970362
TV Media Blog 2025-26 Datawrapper,https://tvmediablog.substack.com/api/v1/posts/2025-26-college-basketball-viewership,2025-26,basketball,men,Howard/Michigan,Howard,Michigan,2026-03-19,7PM,Prime,CBS,4519000,big_data,,4519000.0,First Round,Postseason,Men's March Madness,First Round,,,,,,,Thursday,3,March,0,1,0,0,0,3,1,0,1,0,0,0,1,1,1,1,16,0,15.323801288393417
TV Media Blog 2025-26 Datawrapper,https://tvmediablog.substack.com/api/v1/posts/2025-26-college-basketball-viewership,2025-26,basketball,men,High Point/Arkansas,High Point,Arkansas,2026-03-21,9:30PM,Prime,TBS + truTV,4315000,big_data,3916000.0,4315000.0,Second Round,Postseason,Men's March Madness,Second Round,,,,,,,Saturday,3,March,1,1,0,0,0,14,0,1,0,1,12,1,4,1,2,4,13,8,15.277607882499666
TV Media Blog 2025-26 Datawrapper,https://tvmediablog.substack.com/api/v1/posts/2025-26-college-basketball-viewership,2025-26,basketball,men,VCU/North Carolina,VCU,North Carolina,2026-03-19,6:45PM,Mid,TNT,4295000,big_data,3989000.0,4295000.0,First Round,Postseason,Men's March Madness,First Round,,,,,,,Thursday,3,March,0,1,0,0,0,21,0,1,0,1,11,1,6,1,2,6,11,5,15.272962113400492
TV Media Blog 2025-26 Datawrapper,https://tvmediablog.substack.com/api/v1/posts/2025-26-college-basketball-viewership,2025-26,basketball,men,Iowa/Clemson,Iowa,Clemson,2026-03-20,6:45PM,Mid,TNT,4232000,big_data,3818000.0,4232000.0,First Round,Postseason,Men's March Madness,First Round,,,,,,,Friday,3,March,0,1,19,0,1,20,0,1,0,2,9,1,8,1,2,8,9,1,15.258185252520272
TV Media Blog 2025-26 Datawrapper,https://tvmediablog.substack.com/api/v1/posts/2025-26-college-basketball-viewership,2025-26,basketball,men,Tennessee/Virginia,Tennessee,Virginia,2026-03-22,6PM,Mid,TNT,4001000,big_data,3412000.0,4001000.0,Second Round,Postseason,Men's March Madness,Second Round,,,,,,,Sunday,3,March,1,1,23,0,1,9,1,0,1,1,6,1,3,1,2,3,14,3,15.202054887839372
TV Media Blog 2025-26 Datawrapper,https://tvmediablog.substack.com/api/v1/posts/2025-26-college-basketball-viewership,2025-26,basketball,men,UCLA/Uconn,UCLA,UConn,2026-03-22,8:30PM,Prime,TNT,3979000,big_data,3313000.0,3979000.0,Second Round,Postseason,Men's March Madness,Second Round,,,,,,,Sunday,3,March,1,1,25,0,1,7,1,0,1,1,7,1,2,1,2,2,15,5,15.196541089409065
TV Media Blog 2025-26 Datawrapper,https://tvmediablog.substack.com/api/v1/posts/2025-26-college-basketball-viewership,2025-26,basketball,men,Vanderbilt/Nebraska,Vanderbilt,Nebraska,2026-03-21,8:30PM,Prime,TNT,3769000,big_data,3464000.0,3769000.0,Second Round,Postseason,Men's March Madness,Second Round,,,,,,,Saturday,3,March,1,1,16,0,1,15,0,1,0,2,5,1,4,1,2,4,13,1,15.142320272249272
TV Media Blog 2025-26 Datawrapper,https://tvmediablog.substack.com/api/v1/posts/2025-26-college-basketball-viewership,2025-26,basketball,men,Texas/Gonzaga,Texas,Gonzaga,2026-03-21,7PM,Prime,TBS + truTV,3704000,big_data,3438000.0,3704000.0,Second Round,Postseason,Men's March Madness,Second Round,,,,,,,Saturday,3,March,1,1,19,0,1,12,0,1,0,2,11,1,3,1,2,3,14,8,15.124923874748207
TV Media Blog 2025-26 Datawrapper,https://tvmediablog.substack.com/api/v1/posts/2025-26-college-basketball-viewership,2025-26,basketball,men,Illinois/Houston,Illinois,Houston,2026-03-26,10PM,Prime,TBS + truTV,2757000,big_data,3281000.0,2757000.0,Sweet 16,Postseason,Men's March Madness,Sweet 16,,,,,,,Thursday,3,March,0,1,13,0,1,5,1,0,1,1,3,1,2,1,2,2,15,1,14.829653690005934
TV Media Blog 2025-26 Datawrapper,https://tvmediablog.substack.com/api/v1/posts/2025-26-college-basketball-viewership,2025-26,basketball,men,Iowa/Nebraska,Iowa,Nebraska,2026-03-26,7:30PM,Prime,TBS + truTV,3535000,big_data,3229000.0,3535000.0,Sweet 16,Postseason,Men's March Madness,Sweet 16,,,,,,,Thursday,3,March,0,1,19,0,1,15,0,1,0,2,9,1,4,1,2,4,13,5,15.07822385731281
TV Media Blog 2025-26 Datawrapper,https://tvmediablog.substack.com/api/v1/posts/2025-26-college-basketball-viewership,2025-26,basketball,men,Saint Louis/Georgia,Saint Louis,Georgia,2026-03-19,9:30PM,Prime,CBS,3426000,big_data,,3426000.0,First Round,Postseason,Men's March Madness,First Round,,,,,,,Thursday,3,March,0,1,25,0,1,21,0,1,0,2,9,1,8,1,2,8,9,1,15.046903957866203
TV Media Blog 2025-26 Datawrapper,https://tvmediablog.substack.com/api/v1/posts/2025-26-college-basketball-viewership,2025-26,basketball,men,Tennessee State/Iowa State,Tennessee State,Iowa State,2026-03-20,2:30PM,Early,CBS,3122000,big_data,,3122000.0,First Round,Postseason,Men's March Madness,First Round,,,,,,,Friday,3,March,0,1,0,0,0,6,1,0,1,0,15,1,2,1,2,2,15,13,14.953984380057515
TV Media Blog 2025-26 Datawrapper,https://tvmediablog.substack.com/api/v1/posts/2025-26-college-basketball-viewership,2025-26,basketball,men,Tennessee/Iowa State,Tennessee,Iowa State,2026-03-27,10:15PM,Prime,TBS + truTV,2518000,big_data,3021000.0,2518000.0,Sweet 16,Postseason,Men's March Madness,Sweet 16,,,,,,,Friday,3,March,0,1,23,0,1,6,1,0,1,1,6,1,2,1,2,2,15,4,14.73897549358643
TV Media Blog 2025-26 Datawrapper,https://tvmediablog.substack.com/api/v1/posts/2025-26-college-basketball-viewership,2025-26,basketball,men,UNI/St. John's,UNI,St. John's,2026-03-20,7PM,Prime,CBS,3005000,big_data,,3005000.0,First Round,Postseason,Men's March Madness,First Round,,,,,,,Friday,3,March,0,1,0,0,0,10,1,0,1,0,12,1,5,1,2,5,12,7,14.915788125951446
TV Media Blog 2025-26 Datawrapper,https://tvmediablog.substack.com/api/v1/posts/2025-26-college-basketball-viewership,2025-26,basketball,men,Texas/BYU,Texas,BYU,2026-03-19,7:15PM,Prime,TBS,2974000,big_data,2629000.0,2974000.0,First Round,Postseason,Men's March Madness,First Round,,,,,,,Thursday,3,March,0,1,19,0,1,19,0,1,0,2,11,1,6,1,2,6,11,5,14.905418406002237
TV Media Blog 2025-26 Datawrapper,https://tvmediablog.substack.com/api/v1/posts/2025-26-college-basketball-viewership,2025-26,basketball,men,California Baptist/Kansas,California Baptist,Kansas,2026-03-20,9:30PM,Prime,CBS,2890000,big_data,,2890000.0,First Round,Postseason,Men's March Madness,First Round,,,,,,,Friday,3,March,0,1,0,0,0,17,0,1,0,1,13,1,4,1,2,4,13,9,14.876767060088614
TV Media Blog 2025-26 Datawrapper,https://tvmediablog.substack.com/api/v1/posts/2025-26-college-basketball-viewership,2025-26,basketball,men,Miami (OH)/SMU,Miami (OH),SMU,2026-03-18,9PM,Prime,truTV,2841000,big_data,2430000.0,2841000.0,First Four,Postseason,Men's March Madness,First Four,,,,,,,Wednesday,3,March,0,1,0,0,0,24,0,1,0,1,0,0,0,0,0,0,0,0,14.859666660836325
TV Media Blog 2025-26 Datawrapper,https://tvmediablog.substack.com/api/v1/posts/2025-26-college-basketball-viewership,2025-26,basketball,men,Utah State/Villanova,Utah State,Villanova,2026-03-20,4PM,Mid,TNT,2511000,big_data,2228000.0,2511000.0,First Round,Postseason,Men's March Madness,First Round,,,,,,,Friday,3,March,0,1,23,0,1,18,0,1,0,2,9,1,8,1,2,8,9,1,14.736191638139722
TV Media Blog 2025-26 Datawrapper,https://tvmediablog.substack.com/api/v1/posts/2025-26-college-basketball-viewership,2025-26,basketball,men,UCF/UCLA,UCF,UCLA,2026-03-20,7:15PM,Prime,TBS,2509000,big_data,2262000.0,2509000.0,First Round,Postseason,Men's March Madness,First Round,,,,,,,Friday,3,March,0,1,25,0,1,25,0,1,0,2,10,1,7,1,2,7,10,3,14.735394825348559
TV Media Blog 2025-26 Datawrapper,https://tvmediablog.substack.com/api/v1/posts/2025-26-college-basketball-viewership,2025-26,basketball,men,Penn/Illinois,Penn,Illinois,2026-03-19,9:15PM,Prime,TNT,2460000,big_data,2145000.0,2460000.0,First Round,Postseason,Men's March Madness,First Round,,,,,,,Thursday,3,March,0,1,0,0,0,13,0,1,0,1,14,1,3,1,2,3,14,11,14.715671907908545
TV Media Blog 2025-26 Datawrapper,https://tvmediablog.substack.com/api/v1/posts/2025-26-college-basketball-viewership,2025-26,basketball,men,Texas Tech/Alabama,Texas Tech,Alabama,2026-03-22,9:30PM,Prime,TBS,2312000,big_data,1978000.0,2312000.0,Second Round,Postseason,Men's March Madness,Second Round,,,,,,,Sunday,3,March,1,1,20,0,1,18,0,1,0,2,5,1,4,1,2,4,13,1,14.653623508774405
TV Media Blog 2025-26 Datawrapper,https://tvmediablog.substack.com/api/v1/posts/2025-26-college-basketball-viewership,2025-26,basketball,men,Furman/UConn,Furman,UConn,2026-03-20,9:45PM,Prime,TBS,2166000,big_data,1986000.0,2166000.0,First Round,Postseason,Men's March Madness,First Round,,,,,,,Friday,3,March,0,1,0,0,0,7,1,0,1,0,15,1,2,1,2,2,15,13,14.588392706543074
TV Media Blog 2025-26 Datawrapper,https://tvmediablog.substack.com/api/v1/posts/2025-26-college-basketball-viewership,2025-26,basketball,men,Kennesaw State/Gonzaga,Kennesaw State,Gonzaga,2026-03-19,9:45PM,Prime,TBS,2128000,big_data,1905000.0,2128000.0,First Round,Postseason,Men's March Madness,First Round,,,,,,,Thursday,3,March,0,1,0,0,0,12,0,1,0,1,14,1,3,1,2,3,14,11,14.570693129443672
TV Media Blog 2025-26 Datawrapper,https://tvmediablog.substack.com/api/v1/posts/2025-26-college-basketball-viewership,2025-26,basketball,men,Missouri/Miami (FL),Missouri,Miami (FL),2026-03-20,10PM,Prime,truTV,2096000,big_data,1816000.0,2096000.0,First Round,Postseason,Men's March Madness,First Round,,,,,,,Friday,3,March,0,1,23,0,1,0,0,0,0,1,10,1,7,1,2,7,10,3,14.55554132442307
TV Media Blog 2025-26 Datawrapper,https://tvmediablog.substack.com/api/v1/posts/2025-26-college-basketball-viewership,2025-26,basketball,men,Miami (OH)/Tennessee,Miami (OH),Tennessee,2026-03-20,4:15PM,Mid,TBS,2091000,big_data,1961000.0,2091000.0,First Round,Postseason,Men's March Madness,First Round,,,,,,,Friday,3,March,0,1,0,0,0,23,0,1,0,1,0,0,6,1,1,6,11,0,14.55315297841077
TV Media Blog 2025-26 Datawrapper,https://tvmediablog.substack.com/api/v1/posts/2025-26-college-basketball-viewership,2025-26,basketball,men,Prairie View A&M/Florida,Prairie View A&M,Florida,2026-03-20,9:15PM,Prime,TNT,1798000,big_data,1500000.0,1798000.0,First Round,Postseason,Men's March Madness,First Round,,,,,,,Friday,3,March,0,1,0,0,0,4,1,0,1,0,16,1,1,1,2,1,16,15,14.402185494013702
TV Media Blog 2025-26 Datawrapper,https://tvmediablog.substack.com/api/v1/posts/2025-26-college-basketball-viewership,2025-26,basketball,men,North Dakota State/Michigan State,North Dakota State,Michigan State,2026-03-19,4PM,Mid,TNT,1789000,big_data,1544000.0,1789000.0,First Round,Postseason,Men's March Madness,First Round,,,,,,,Thursday,3,March,0,1,0,0,0,11,0,1,0,1,14,1,3,1,2,3,14,11,14.397167362490856
TV Media Blog 2025-26 Datawrapper,https://tvmediablog.substack.com/api/v1/posts/2025-26-college-basketball-viewership,2025-26,basketball,men,Texas/NC State,Texas,NC State,2026-03-17,9PM,Prime,truTV,1761000,big_data,1501000.0,1761000.0,First Four,Postseason,Men's March Madness,First Four,,,,,,,Tuesday,3,March,0,1,19,0,1,23,0,1,0,2,11,1,0,0,1,11,6,0,14.381392387478343
TV Media Blog 2025-26 Datawrapper,https://tvmediablog.substack.com/api/v1/posts/2025-26-college-basketball-viewership,2025-26,basketball,men,Hawaii/Arkansas,Hawaii,Arkansas,2026-03-19,4:15PM,Mid,TBS,1739000,big_data,1549000.0,1739000.0,First Round,Postseason,Men's March Madness,First Round,,,,,,,Thursday,3,March,0,1,0,0,0,14,0,1,0,1,13,1,4,1,2,4,13,9,14.36882079333642
TV Media Blog 2025-26 Datawrapper,https://tvmediablog.substack.com/api/v1/posts/2025-26-college-basketball-viewership,2025-26,basketball,men,Texas A&M/Houston,Texas A&M,Houston,2026-03-21,6PM,Mid,TNT,1625000,big_data,1447000.0,1625000.0,Second Round,Postseason,Men's March Madness,Second Round,,,,,,,Saturday,3,March,1,1,19,0,1,5,1,0,1,1,10,1,2,1,2,2,15,8,14.301018373745976
TV Media Blog 2025-26 Datawrapper,https://tvmediablog.substack.com/api/v1/posts/2025-26-college-basketball-viewership,2025-26,basketball,men,Utah State/Arizona,Utah State,Arizona,2026-03-22,7:30PM,Prime,truTV,1571000,big_data,1329000.0,1571000.0,Second Round,Postseason,Men's March Madness,Second Round,,,,,,,Sunday,3,March,1,1,23,0,1,2,1,0,1,1,9,1,1,1,2,1,16,8,14.267222917237758
TV Media Blog 2025-26 Datawrapper,https://tvmediablog.substack.com/api/v1/posts/2025-26-college-basketball-viewership,2025-26,basketball,men,Wright State/Virginia,Wright State,Virginia,2026-03-20,1:45PM,Early,TBS,1534000,big_data,1458000.0,1534000.0,First Round,Postseason,Men's March Madness,First Round,,,,,,,Friday,3,March,0,1,0,0,0,9,1,0,1,0,14,1,3,1,2,3,14,11,14.243389260909339
TV Media Blog 2025-26 Datawrapper,https://tvmediablog.substack.com/api/v1/posts/2025-26-college-basketball-viewership,2025-26,basketball,men,Prairie View A&M/Lehigh,Prairie View A&M,Lehigh,2026-03-18,6:30PM,Mid,truTV,1514000,big_data,1286000.0,1514000.0,First Four,Postseason,Men's March Madness,First Four,,,,,,,Wednesday,3,March,0,1,0,0,0,0,0,0,0,0,16,1,0,0,1,16,1,0,14.23026571297953
TV Media Blog 2025-26 Datawrapper,https://tvmediablog.substack.com/api/v1/posts/2025-26-college-basketball-viewership,2025-26,basketball,men,High Point/Wisconsin,High Point,Wisconsin,2026-03-19,1:45PM,Early,TBS,1508000,big_data,1434000.0,1508000.0,First Round,Postseason,Men's March Madness,First Round,,,,,,,Thursday,3,March,0,1,0,0,0,19,0,1,0,1,12,1,5,1,2,5,12,7,14.226294827550038
TV Media Blog 2025-26 Datawrapper,https://tvmediablog.substack.com/api/v1/posts/2025-26-college-basketball-viewership,2025-26,basketball,men,Hofstra/Alabama,Hofstra,Alabama,2026-03-20,3PM,Mid,truTV,1473000,big_data,1395000.0,1473000.0,First Round,Postseason,Men's March Madness,First Round,,,,,,,Friday,3,March,0,1,0,0,0,18,0,1,0,1,13,1,4,1,2,4,13,9,14.202811695444767
TV Media Blog 2025-26 Datawrapper,https://tvmediablog.substack.com/api/v1/posts/2025-26-college-basketball-viewership,2025-26,basketball,men,UMBC/Howard,UMBC,Howard,2026-03-17,6:30PM,Mid,truTV,1352000,big_data,1163000.0,1352000.0,First Four,Postseason,Men's March Madness,First Four,,,,,,,Tuesday,3,March,0,1,0,0,0,0,0,0,0,0,16,1,0,0,1,16,1,0,14.117095535585046
TV Media Blog 2025-26 Datawrapper,https://tvmediablog.substack.com/api/v1/posts/2025-26-college-basketball-viewership,2025-26,basketball,men,Queens/Purdue,Queens,Purdue,2026-03-20,7:30PM,Prime,truTV,1225000,big_data,1024000.0,1225000.0,First Round,Postseason,Men's March Madness,First Round,,,,,,,Friday,3,March,0,1,0,0,0,8,1,0,1,0,15,1,2,1,2,2,15,13,14.018451401960965
TV Media Blog 2025-26 Datawrapper,https://tvmediablog.substack.com/api/v1/posts/2025-26-college-basketball-viewership,2025-26,basketball,men,Oklahoma/West Virginia,Oklahoma,West Virginia,2026-04-06,5:30PM,Mid,FOX,950000,big_data,,950000.0,Final,Postseason,Crown,Final,,,,,,,Monday,4,March,0,1,17,0,1,23,0,1,0,2,0,0,0,0,0,0,0,0,13.764217263576723
TV Media Blog 2025-26 Datawrapper,https://tvmediablog.substack.com/api/v1/posts/2025-26-college-basketball-viewership,2025-26,basketball,men,West Virginia/Creighton,West Virginia,Creighton,2026-04-05,4PM,Mid,FOX,899000,big_data,,899000.0,Semifinal,Postseason,Crown,Semifinal,,,,,,,Sunday,4,March,1,1,23,0,1,23,0,1,0,2,0,0,0,0,0,0,0,0,13.709038313453757
TV Media Blog 2025-26 Datawrapper,https://tvmediablog.substack.com/api/v1/posts/2025-26-college-basketball-viewership,2025-26,basketball,men,Tulsa/New Mexico,Tulsa,New Mexico,2026-04-02,7PM,Prime,ESPN,802000,big_data,631000.0,802000.0,Semifinal,Postseason,NIT,Semifinal,,,,,,,Thursday,4,March,0,1,0,0,0,25,0,1,0,1,0,0,0,0,0,0,0,0,13.594863886848652
TV Media Blog 2025-26 Datawrapper,https://tvmediablog.substack.com/api/v1/posts/2025-26-college-basketball-viewership,2025-26,basketball,men,Oklahoma/Baylor,Oklahoma,Baylor,2026-04-05,1:30PM,Early,FOX,721000,big_data,,721000.0,Semifinal,Postseason,Crown,Semifinal,,,,,,,Sunday,4,March,1,1,17,0,1,25,0,1,0,2,0,0,0,0,0,0,0,0,13.488394416267086
TV Media Blog 2025-26 Datawrapper,https://tvmediablog.substack.com/api/v1/posts/2025-26-college-basketball-viewership,2025-26,basketball,men,Illinois State/Auburn,Illinois State,Auburn,2026-04-02,9:30PM,Prime,ESPN,703000,big_data,579000.0,703000.0,Semifinal,Postseason,NIT,Semifinal,,,,,,,Thursday,4,March,0,1,0,0,0,21,0,1,0,1,0,0,0,0,0,0,0,0,13.463112170792803
TV Media Blog 2025-26 Datawrapper,https://tvmediablog.substack.com/api/v1/posts/2025-26-college-basketball-viewership,2025-26,basketball,men,Tulsa/Auburn,Tulsa,Auburn,2026-04-06,8PM,Prime,ESPN2,700000,big_data,589000.0,700000.0,Final,Postseason,NIT,Final,,,,,,,Monday,4,March,0,1,0,0,0,21,0,1,0,1,0,0,0,0,0,0,0,0,13.458835614025542
TV Media Blog 2025-26 Datawrapper,https://tvmediablog.substack.com/api/v1/posts/2025-26-college-basketball-viewership,2025-26,basketball,men,Texas A&M/Saint Mary's,Texas A&M,Saint Mary's,2026-03-19,7:30PM,Prime,truTV,667000,big_data,596000.0,667000.0,First Round,Postseason,Men's March Madness,First Round,,,,,,,Thursday,3,March,0,1,19,0,1,22,0,1,0,2,10,1,7,1,2,7,10,3,13.410545324897761
TV Media Blog 2025-26 Datawrapper,https://tvmediablog.substack.com/api/v1/posts/2025-26-college-basketball-viewership,2025-26,basketball,men,Saint Joseph's/New Mexico,Saint Joseph's,New Mexico,2026-03-24,9PM,Prime,ESPN2,586000,big_data,462000.0,586000.0,Quarterfinals,Postseason,NIT,Quarterfinals,,,,,,,Tuesday,3,March,0,1,0,0,0,25,0,1,0,1,0,0,0,0,0,0,0,0,13.281075068559149
TV Media Blog 2025-26 Datawrapper,https://tvmediablog.substack.com/api/v1/posts/2025-26-college-basketball-viewership,2025-26,basketball,men,Wichita State/Tulsa,Wichita State,Tulsa,2026-03-24,7PM,Prime,ESPN2,584000,big_data,558000.0,584000.0,Quarterfinals,Postseason,NIT,Quarterfinals,,,,,,,Tuesday,3,March,0,1,0,0,0,0,0,0,0,0,0,0,0,0,0,0,0,0,13.277656261810364
TV Media Blog 2025-26 Datawrapper,https://tvmediablog.substack.com/api/v1/posts/2025-26-college-basketball-viewership,2025-26,basketball,men,Nevada/Auburn,Nevada,Auburn,2026-03-25,9PM,Prime,ESPN2,523000,big_data,376000.0,523000.0,Quarterfinals,Postseason,NIT,Quarterfinals,,,,,,,Wednesday,3,March,0,1,23,0,1,21,0,1,0,2,0,0,0,0,0,0,0,0,13.16733674304706
TV Media Blog 2025-26 Datawrapper,https://tvmediablog.substack.com/api/v1/posts/2025-26-college-basketball-viewership,2025-26,basketball,men,Illinois State/Dayton,Illinois State,Dayton,2026-03-25,7PM,Prime,ESPN2,474000,big_data,394000.0,474000.0,Quarterfinals,Postseason,NIT,Quarterfinals,,,,,,,Wednesday,3,March,0,1,0,0,0,22,0,1,0,1,0,0,0,0,0,0,0,0,13.068962600677214
TV Media Blog 2025-26 Datawrapper,https://tvmediablog.substack.com/api/v1/posts/2025-26-college-basketball-viewership,2025-26,basketball,men,Liberty/George Mason,Liberty,George Mason,2026-03-17,6PM,Mid,ESPN2,348000,big_data,299000.0,348000.0,First Round,Postseason,NIT,First Round,,,,,,,Tuesday,3,March,0,1,0,0,0,0,0,0,0,0,0,0,0,0,0,0,0,0,12.759957758756611
TV Media Blog 2025-26 Datawrapper,https://tvmediablog.substack.com/api/v1/posts/2025-26-college-basketball-viewership,2025-26,basketball,men,Davidson/Oklahoma State,Davidson,Oklahoma State,2026-03-17,8PM,Prime,ESPN2,293000,big_data,241000.0,293000.0,First Round,Postseason,NIT,First Round,,,,,,,Tuesday,3,March,0,1,0,0,0,0,0,0,0,0,0,0,0,0,0,0,0,0,12.587927887999204
TV Media Blog 2025-26 Datawrapper,https://tvmediablog.substack.com/api/v1/posts/2025-26-college-basketball-viewership,2025-26,basketball,men,Stanford/West Virginia,Stanford,West Virginia,2026-04-02,8PM,Prime,FS1,216000,big_data,183000.0,216000.0,Quarterfinal,Postseason,Crown,Quarterfinal,,,,,,,Thursday,4,March,0,1,0,0,0,23,0,1,0,1,0,0,0,0,0,0,0,0,12.283033686666302
TV Media Blog 2025-26 Datawrapper,https://tvmediablog.substack.com/api/v1/posts/2025-26-college-basketball-viewership,2025-26,basketball,men,Oklahoma/Colorado,Oklahoma,Colorado,2026-04-01,8PM,Prime,FS1,207000,big_data,178000.0,207000.0,Quarterfinal,Postseason,Crown,Quarterfinal,,,,,,,Wednesday,4,March,0,1,17,0,1,18,0,1,0,2,0,0,0,0,0,0,0,0,12.240474072247506
TV Media Blog 2025-26 Datawrapper,https://tvmediablog.substack.com/api/v1/posts/2025-26-college-basketball-viewership,2025-26,basketball,men,South Alabama/Auburn,South Alabama,Auburn,2026-03-17,10PM,Prime,ESPN2,182000,big_data,152000.0,182000.0,First Round,Postseason,NIT,First Round,,,,,,,Tuesday,3,March,0,1,0,0,0,21,0,1,0,1,0,0,0,0,0,0,0,0,12.111761966058932
TV Media Blog 2025-26 Datawrapper,https://tvmediablog.substack.com/api/v1/posts/2025-26-college-basketball-viewership,2025-26,basketball,men,Wichita State/Oklahoma State,Wichita State,Oklahoma State,2026-03-22,8:30PM,Prime,ESPN2,168000,big_data,103000.0,168000.0,Second Round,Postseason,NIT,Second Round,,,,,,,Sunday,3,March,1,1,0,0,0,0,0,0,0,0,0,0,0,0,0,0,0,0,12.031719258385396
TV Media Blog 2024-25 Week 10,https://tvmediablog.substack.com/api/v1/posts/2025-college-basketball-week-10-viewership,2024-25,basketball,men,Notre Dame/Duke,Notre Dame,Duke,2025-01-11,12PM,Early,ESPN,1328000,listed,,,Regular Season,2025 College Basketball Week 10 Viewership,,,,,,,,,Saturday,1,January,1,0,0,0,0,4,1,0,1,0,0,0,0,0,0,0,0,0,14.099184609018517
TV Media Blog 2024-25 Week 10,https://tvmediablog.substack.com/api/v1/posts/2025-college-basketball-week-10-viewership,2024-25,basketball,men,Iowa State/Texas Tech,Iowa State,Texas Tech,2025-01-11,2PM,Early,ESPN,1197000,listed,,,Regular Season,2025 College Basketball Week 10 Viewership,,,,,,,,,Saturday,1,January,1,0,3,1,0,22,0,1,1,1,0,0,0,0,0,0,0,0,13.99532898454011
TV Media Blog 2024-25 Week 10,https://tvmediablog.substack.com/api/v1/posts/2025-college-basketball-week-10-viewership,2024-25,basketball,men,Indiana/Iowa,Indiana,Iowa,2025-01-11,8PM,Prime,FOX,908000,listed,,,Regular Season,2025 College Basketball Week 10 Viewership,,,,,,,,,Saturday,1,January,1,0,14,0,1,0,0,0,0,1,0,0,0,0,0,0,0,0,13.71899965758343
TV Media Blog 2024-25 Week 10,https://tvmediablog.substack.com/api/v1/posts/2025-college-basketball-week-10-viewership,2024-25,basketball,men,Alabama/Texas A&M,Alabama,Texas A&M,2025-01-11,8PM,Prime,ESPN,812000,listed,,,Regular Season,2025 College Basketball Week 10 Viewership,,,,,,,,,Saturday,1,January,1,0,5,1,0,10,1,0,2,0,0,0,0,0,0,0,0,0,13.607255619143816
TV Media Blog 2024-25 Week 10,https://tvmediablog.substack.com/api/v1/posts/2025-college-basketball-week-10-viewership,2024-25,basketball,men,Tennessee/Texas,Tennessee,Texas,2025-01-11,6PM,Mid,ESPN,760000,listed,,,Regular Season,2025 College Basketball Week 10 Viewership,,,,,,,,,Saturday,1,January,1,0,1,1,0,19,0,1,1,1,0,0,0,0,0,0,0,0,13.541073712262515
TV Media Blog 2024-25 Week 10,https://tvmediablog.substack.com/api/v1/posts/2025-college-basketball-week-10-viewership,2024-25,basketball,men,Pitt/Duke,Pitt,Duke,2025-01-07,7PM,Prime,ESPN,751000,listed,,,Regular Season,2025 College Basketball Week 10 Viewership,,,,,,,,,Tuesday,1,January,0,0,18,0,1,4,1,0,1,1,0,0,0,0,0,0,0,0,13.529160930746272
TV Media Blog 2024-25 Week 10,https://tvmediablog.substack.com/api/v1/posts/2025-college-basketball-week-10-viewership,2024-25,basketball,men,Tennessee/Florida,Tennessee,Florida,2025-01-07,7PM,Prime,ESPN2,736000,listed,,,Regular Season,2025 College Basketball Week 10 Viewership,,,,,,,,,Tuesday,1,January,0,0,1,1,0,8,1,0,2,0,0,0,0,0,0,0,0,0,13.508985397711013
TV Media Blog 2024-25 Week 10,https://tvmediablog.substack.com/api/v1/posts/2025-college-basketball-week-10-viewership,2024-25,basketball,men,Florida/Arkansas,Florida,Arkansas,2025-01-11,4PM,Mid,ESPN,709000,listed,,,Regular Season,2025 College Basketball Week 10 Viewership,,,,,,,,,Saturday,1,January,1,0,8,1,0,23,0,1,1,1,0,0,0,0,0,0,0,0,13.471610805514265
TV Media Blog 2024-25 Week 10,https://tvmediablog.substack.com/api/v1/posts/2025-college-basketball-week-10-viewership,2024-25,basketball,men,UCLA/Maryland,UCLA,Maryland,2025-01-10,8PM,Prime,FOX,658000,listed,,,Regular Season,2025 College Basketball Week 10 Viewership,,,,,,,,,Friday,1,January,0,0,22,0,1,0,0,0,0,1,0,0,0,0,0,0,0,0,13.396960210307455
TV Media Blog 2024-25 Week 10,https://tvmediablog.substack.com/api/v1/posts/2025-college-basketball-week-10-viewership,2024-25,basketball,men,Arizona State/Kansas,Arizona State,Kansas,2025-01-08,9PM,Prime,ESPN2,604000,listed,,,Regular Season,2025 College Basketball Week 10 Viewership,,,,,,,,,Wednesday,1,January,0,0,0,0,0,11,0,1,0,1,0,0,0,0,0,0,0,0,13.311329476916953
TV Media Blog 2024-25 Week 10,https://tvmediablog.substack.com/api/v1/posts/2025-college-basketball-week-10-viewership,2024-25,basketball,men,Auburn/Texas,Auburn,Texas,2025-01-07,9PM,Prime,ESPN2,526000,listed,,,Regular Season,2025 College Basketball Week 10 Viewership,,,,,,,,,Tuesday,1,January,0,0,2,1,0,19,0,1,1,1,0,0,0,0,0,0,0,0,13.173056491719846
TV Media Blog 2024-25 Week 10,https://tvmediablog.substack.com/api/v1/posts/2025-college-basketball-week-10-viewership,2024-25,basketball,men,Wisconsin/Rutgers,Wisconsin,Rutgers,2025-01-06,7PM,Prime,FS1,394000,listed,,,Regular Season,2025 College Basketball Week 10 Viewership,,,,,,,,,Monday,1,January,0,0,20,0,1,24,0,1,0,2,0,0,0,0,0,0,0,0,12.884106188280072
TV Media Blog 2024-25 Week 10,https://tvmediablog.substack.com/api/v1/posts/2025-college-basketball-week-10-viewership,2024-25,basketball,men,UConn/Villanova,UConn,Villanova,2025-01-08,6:30PM,Mid,FS1,324000,listed,,,Regular Season,2025 College Basketball Week 10 Viewership,,,,,,,,,Wednesday,1,January,0,0,9,1,0,18,0,1,1,1,0,0,0,0,0,0,0,0,12.688498794774466
TV Media Blog 2024-25 Week 10,https://tvmediablog.substack.com/api/v1/posts/2025-college-basketball-week-10-viewership,2024-25,basketball,men,Louisville/Pitt,Louisville,Pitt,2025-01-11,12PM,Early,ESPN2,322000,listed,,,Regular Season,2025 College Basketball Week 10 Viewership,,,,,,,,,Saturday,1,January,1,0,0,0,0,18,0,1,0,1,0,0,0,0,0,0,0,0,12.682306824526545
TV Media Blog 2024-25 Week 10,https://tvmediablog.substack.com/api/v1/posts/2025-college-basketball-week-10-viewership,2024-25,basketball,men,Ole Miss/Arkansas,Ole Miss,Arkansas,2025-01-08,7PM,Prime,ESPN2,304000,listed,,,Regular Season,2025 College Basketball Week 10 Viewership,,,,,,,,,Wednesday,1,January,0,0,23,0,1,23,0,1,0,2,0,0,0,0,0,0,0,0,12.624782980388359
TV Media Blog 2024-25 Week 10,https://tvmediablog.substack.com/api/v1/posts/2025-college-basketball-week-10-viewership,2024-25,basketball,men,BYU/TCU,BYU,TCU,2025-01-11,2PM,Early,ESPN2,291000,listed,,,Regular Season,2025 College Basketball Week 10 Viewership,,,,,,,,,Saturday,1,January,1,0,21,0,1,25,0,1,0,2,0,0,0,0,0,0,0,0,12.581078546153629
TV Media Blog 2024-25 Week 10,https://tvmediablog.substack.com/api/v1/posts/2025-college-basketball-week-10-viewership,2024-25,basketball,men,Ohio State/Minnesota,Ohio State,Minnesota,2025-01-06,9PM,Prime,FS1,286000,listed,,,Regular Season,2025 College Basketball Week 10 Viewership,,,,,,,,,Monday,1,January,0,0,21,0,1,0,0,0,0,1,0,0,0,0,0,0,0,0,12.56374708980199
TV Media Blog 2024-25 Week 10,https://tvmediablog.substack.com/api/v1/posts/2025-college-basketball-week-10-viewership,2024-25,basketball,men,Penn State/Illinois,Penn State,Illinois,2025-01-08,9PM,Prime,BTN,258000,listed,,,Regular Season,2025 College Basketball Week 10 Viewership,,,,,,,,,Wednesday,1,January,0,0,0,0,0,13,0,1,0,1,0,0,0,0,0,0,0,0,12.460714863903755
TV Media Blog 2024-25 Week 10,https://tvmediablog.substack.com/api/v1/posts/2025-college-basketball-week-10-viewership,2024-25,basketball,men,USC/Illinois,USC,Illinois,2025-01-11,12PM,Early,BTN,232000,listed,,,Regular Season,2025 College Basketball Week 10 Viewership,,,,,,,,,Saturday,1,January,1,0,23,0,1,13,0,1,0,2,0,0,0,0,0,0,0,0,12.354492650648448
TV Media Blog 2024-25 Week 10,https://tvmediablog.substack.com/api/v1/posts/2025-college-basketball-week-10-viewership,2024-25,basketball,men,USC/Indiana,USC,Indiana,2025-01-08,7PM,Prime,BTN,229000,listed,,,Regular Season,2025 College Basketball Week 10 Viewership,,,,,,,,,Wednesday,1,January,0,0,23,0,1,14,0,1,0,2,0,0,0,0,0,0,0,0,12.341477282536376
TV Media Blog 2024-25 Week 10,https://tvmediablog.substack.com/api/v1/posts/2025-college-basketball-week-10-viewership,2024-25,basketball,men,Washington/Michigan,Washington,Michigan,2025-01-12,2PM,Early,BTN,214000,listed,,,Regular Season,2025 College Basketball Week 10 Viewership,,,,,,,,,Sunday,1,January,1,0,0,0,0,24,0,1,0,1,0,0,0,0,0,0,0,0,12.273731294003989
TV Media Blog 2024-25 Week 10,https://tvmediablog.substack.com/api/v1/posts/2025-college-basketball-week-10-viewership,2024-25,basketball,men,Washington/Michigan State,Washington,Michigan State,2025-01-09,8PM,Prime,BTN,211000,listed,,,Regular Season,2025 College Basketball Week 10 Viewership,,,,,,,,,Thursday,1,January,0,0,0,0,0,16,0,1,0,1,0,0,0,0,0,0,0,0,12.259613412458204
TV Media Blog 2024-25 Week 10,https://tvmediablog.substack.com/api/v1/posts/2025-college-basketball-week-10-viewership,2024-25,basketball,men,TCU/Houston,TCU,Houston,2025-01-06,9PM,Prime,ESPN2,208000,listed,,,Regular Season,2025 College Basketball Week 10 Viewership,,,,,,,,,Monday,1,January,0,0,25,0,1,12,0,1,0,2,0,0,0,0,0,0,0,0,12.245293358683455
TV Media Blog 2024-25 Week 10,https://tvmediablog.substack.com/api/v1/posts/2025-college-basketball-week-10-viewership,2024-25,basketball,men,Purdue/Rutgers,Purdue,Rutgers,2025-01-09,6PM,Mid,FS1,208000,listed,,,Regular Season,2025 College Basketball Week 10 Viewership,,,,,,,,,Thursday,1,January,0,0,20,0,1,24,0,1,0,2,0,0,0,0,0,0,0,0,12.245293358683455
TV Media Blog 2024-25 Week 10,https://tvmediablog.substack.com/api/v1/posts/2025-college-basketball-week-10-viewership,2024-25,basketball,men,Nebraska/Purdue,Nebraska,Purdue,2025-01-12,12PM,Early,BTN,199000,listed,,,Regular Season,2025 College Basketball Week 10 Viewership,,,,,,,,,Sunday,1,January,1,0,0,0,0,20,0,1,0,1,0,0,0,0,0,0,0,0,12.201060103706629
TV Media Blog 2024-25 Week 10,https://tvmediablog.substack.com/api/v1/posts/2025-college-basketball-week-10-viewership,2024-25,basketball,men,South Florida/Wichita State,South Florida,Wichita State,2025-01-06,7PM,Prime,ESPN2,187000,listed,,,Regular Season,2025 College Basketball Week 10 Viewership,,,,,,,,,Monday,1,January,0,0,24,0,1,0,0,0,0,1,0,0,0,0,0,0,0,0,12.138863895836725
TV Media Blog 2024-25 Week 10,https://tvmediablog.substack.com/api/v1/posts/2025-college-basketball-week-10-viewership,2024-25,basketball,men,Oklahoma/Georgia,Oklahoma,Georgia,2025-01-11,6PM,Mid,ESPN2,185000,listed,,,Regular Season,2025 College Basketball Week 10 Viewership,,,,,,,,,Saturday,1,January,1,0,17,0,1,0,0,0,0,1,0,0,0,0,0,0,0,0,12.128111104060462
TV Media Blog 2024-25 Week 10,https://tvmediablog.substack.com/api/v1/posts/2025-college-basketball-week-10-viewership,2024-25,basketball,men,Oregon/Ohio State,Oregon,Ohio State,2025-01-09,6PM,Mid,BTN,152000,listed,,,Regular Season,2025 College Basketball Week 10 Viewership,,,,,,,,,Thursday,1,January,0,0,15,0,1,21,0,1,0,2,0,0,0,0,0,0,0,0,11.931635799828413
TV Media Blog 2024-25 Week 10,https://tvmediablog.substack.com/api/v1/posts/2025-college-basketball-week-10-viewership,2024-25,basketball,men,St. John's/Xavier,St. John's,Xavier,2025-01-07,6:30PM,Mid,FS1,151000,listed,,,Regular Season,2025 College Basketball Week 10 Viewership,,,,,,,,,Tuesday,1,January,0,0,22,0,1,22,0,1,0,2,0,0,0,0,0,0,0,0,11.925035115797062
TV Media Blog 2024-25 Week 10,https://tvmediablog.substack.com/api/v1/posts/2025-college-basketball-week-10-viewership,2024-25,basketball,men,Loyola Marymount/St. Mary's,Loyola Marymount,Saint Mary's,2025-01-07,11PM,Prime,ESPN2,120000,listed,,,Regular Season,2025 College Basketball Week 10 Viewership,,,,,,,,,Tuesday,1,January,0,0,0,0,0,15,0,1,0,1,0,0,0,0,0,0,0,0,11.695247021764184
TV Media Blog 2024-25 Week 10,https://tvmediablog.substack.com/api/v1/posts/2025-college-basketball-week-10-viewership,2024-25,basketball,men,Georgia Tech/SMU,Georgia Tech,SMU,2025-01-11,4PM,Mid,ESPN2,111000,listed,,,Regular Season,2025 College Basketball Week 10 Viewership,,,,,,,,,Saturday,1,January,1,0,0,0,0,0,0,0,0,0,0,0,0,0,0,0,0,0,11.617285480294472
TV Media Blog 2024-25 Week 10,https://tvmediablog.substack.com/api/v1/posts/2025-college-basketball-week-10-viewership,2024-25,basketball,men,Virginia/Cal,Virginia,California,2025-01-08,11PM,Prime,ESPN2,107000,listed,,,Regular Season,2025 College Basketball Week 10 Viewership,,,,,,,,,Wednesday,1,January,0,0,21,0,1,0,0,0,0,1,0,0,0,0,0,0,0,0,11.580584113444043
TV Media Blog 2024-25 Week 10,https://tvmediablog.substack.com/api/v1/posts/2025-college-basketball-week-10-viewership,2024-25,basketball,men,Oregon/Penn State,Oregon,Penn State,2025-01-12,4PM,Mid,BTN,103000,listed,,,Regular Season,2025 College Basketball Week 10 Viewership,,,,,,,,,Sunday,1,January,1,0,15,0,1,0,0,0,0,1,0,0,0,0,0,0,0,0,11.542484267211773
TV Media Blog 2024-25 Week 10,https://tvmediablog.substack.com/api/v1/posts/2025-college-basketball-week-10-viewership,2024-25,basketball,men,Notre Dame/NC State,Notre Dame,NC State,2025-01-08,7PM,Prime,ESPNU,82000,listed,,,Regular Season,2025 College Basketball Week 10 Viewership,,,,,,,,,Wednesday,1,January,0,0,0,0,0,0,0,0,0,0,0,0,0,0,0,0,0,0,11.314474526246391
TV Media Blog 2024-25 Week 10,https://tvmediablog.substack.com/api/v1/posts/2025-college-basketball-week-10-viewership,2024-25,basketball,men,UAB/Florida Atlantic,UAB,Florida Atlantic,2025-01-12,5PM,Mid,ESPN,77000,listed,,,Regular Season,2025 College Basketball Week 10 Viewership,,,,,,,,,Sunday,1,January,1,0,0,0,0,24,0,1,0,1,0,0,0,0,0,0,0,0,11.251560700835821
TV Media Blog 2024-25 Week 10,https://tvmediablog.substack.com/api/v1/posts/2025-college-basketball-week-10-viewership,2024-25,basketball,men,Air Force/San Diego State,Air Force,San Diego State,2025-01-08,10:30PM,Prime,FS1,71000,listed,,,Regular Season,2025 College Basketball Week 10 Viewership,,,,,,,,,Wednesday,1,January,0,0,0,0,0,20,0,1,0,1,0,0,0,0,0,0,0,0,11.170435156023453
TV Media Blog 2024-25 Week 10,https://tvmediablog.substack.com/api/v1/posts/2025-college-basketball-week-10-viewership,2024-25,basketball,men,Virginia/Stanford,Virginia,Stanford,2025-01-11,4PM,Mid,ESPNU,50000,listed,,,Regular Season,2025 College Basketball Week 10 Viewership,,,,,,,,,Saturday,1,January,1,0,21,0,1,0,0,0,0,1,0,0,0,0,0,0,0,0,10.819778284410283
TV Media Blog 2024-25 Week 10,https://tvmediablog.substack.com/api/v1/posts/2025-college-basketball-week-10-viewership,2024-25,basketball,men,UCF/Arizona,UCF,Arizona,2025-01-11,10PM,Prime,ESPN,49000,listed,,,Regular Season,2025 College Basketball Week 10 Viewership,,,,,,,,,Saturday,1,January,1,0,0,0,0,24,0,1,0,1,0,0,0,0,0,0,0,0,10.799575577092764
TV Media Blog 2024-25 Week 10,https://tvmediablog.substack.com/api/v1/posts/2025-college-basketball-week-10-viewership,2024-25,basketball,men,Penn State/USC,Penn State,USC,2025-01-12,8PM,Prime,BTN,47000,listed,,,Regular Season,2025 College Basketball Week 10 Viewership,,,,,,,,,Sunday,1,January,1,0,0,0,0,23,0,1,0,1,0,0,0,0,0,0,0,0,10.757902880692196
TV Media Blog 2024-25 Week 10,https://tvmediablog.substack.com/api/v1/posts/2025-college-basketball-week-10-viewership,2024-25,basketball,men,Xavier/DePaul,Xavier,DePaul,2025-01-11,4PM,Mid,FS1,45000,listed,,,Regular Season,2025 College Basketball Week 10 Viewership,,,,,,,,,Saturday,1,January,1,0,22,0,1,0,0,0,0,1,0,0,0,0,0,0,0,0,10.714417768752456
TV Media Blog 2024-25 Week 10,https://tvmediablog.substack.com/api/v1/posts/2025-college-basketball-week-10-viewership,2024-25,basketball,men,UNLV/Boise State,UNLV,Boise State,2025-01-07,10:30PM,Prime,FS1,35000,listed,,,Regular Season,2025 College Basketball Week 10 Viewership,,,,,,,,,Tuesday,1,January,0,0,0,0,0,0,0,0,0,0,0,0,0,0,0,0,0,0,10.46310334047155
TV Media Blog 2024-25 Week 10,https://tvmediablog.substack.com/api/v1/posts/2025-college-basketball-week-10-viewership,2024-25,basketball,men,Clemson/Louisville,Clemson,Louisville,2025-01-07,7PM,Prime,ESPNU,33000,listed,,,Regular Season,2025 College Basketball Week 10 Viewership,,,,,,,,,Tuesday,1,January,0,0,25,0,1,0,0,0,0,1,0,0,0,0,0,0,0,0,10.404262840448617
TV Media Blog 2024-25 Week 10,https://tvmediablog.substack.com/api/v1/posts/2025-college-basketball-week-10-viewership,2024-25,basketball,men,Mississippi State/Vanderbilt,Mississippi State,Vanderbilt,2025-01-07,9PM,Prime,ESPNU,24000,listed,,,Regular Season,2025 College Basketball Week 10 Viewership,,,,,,,,,Tuesday,1,January,0,0,14,0,1,0,0,0,0,1,0,0,0,0,0,0,0,0,10.085809109330082
TV Media Blog 2024-25 Week 10,https://tvmediablog.substack.com/api/v1/posts/2025-college-basketball-week-10-viewership,2024-25,basketball,men,Liberty/Louisiana Tech,Liberty,Louisiana Tech,2025-01-11,8PM,Prime,ESPNU,23000,listed,,,Regular Season,2025 College Basketball Week 10 Viewership,,,,,,,,,Saturday,1,January,1,0,0,0,0,0,0,0,0,0,0,0,0,0,0,0,0,0,10.043249494911286
TV Media Blog 2024-25 Week 10,https://tvmediablog.substack.com/api/v1/posts/2025-college-basketball-week-10-viewership,2024-25,basketball,men,Temple/Rice,Temple,Rice,2025-01-11,2PM,Early,ESPNU,20000,listed,,,Regular Season,2025 College Basketball Week 10 Viewership,,,,,,,,,Saturday,1,January,1,0,0,0,0,0,0,0,0,0,0,0,0,0,0,0,0,0,9.903487552536127
TV Media Blog 2024-25 Week 10,https://tvmediablog.substack.com/api/v1/posts/2025-college-basketball-week-10-viewership,2024-25,basketball,men,Rice/North Texas,Rice,North Texas,2025-01-08,9PM,Prime,ESPNU,15000,listed,,,Regular Season,2025 College Basketball Week 10 Viewership,,,,,,,,,Wednesday,1,January,0,0,0,0,0,0,0,0,0,0,0,0,0,0,0,0,0,0,9.615805480084347
TV Media Blog 2024-25 Week 10,https://tvmediablog.substack.com/api/v1/posts/2025-college-basketball-week-10-viewership,2024-25,basketball,men,UC Irvine/UC San Diego,UC Irvine,UC San Diego,2025-01-11,10PM,Prime,ESPNU,15000,listed,,,Regular Season,2025 College Basketball Week 10 Viewership,,,,,,,,,Saturday,1,January,1,0,0,0,0,0,0,0,0,0,0,0,0,0,0,0,0,0,9.615805480084347
TV Media Blog 2024-25 Week 10,https://tvmediablog.substack.com/api/v1/posts/2025-college-basketball-week-10-viewership,2024-25,basketball,men,Grambling State/Texas Southern,Grambling State,Texas Southern,2025-01-06,9PM,Prime,ESPNU,10000,listed,,,Regular Season,2025 College Basketball Week 10 Viewership,,,,,,,,,Monday,1,January,0,0,0,0,0,0,0,0,0,0,0,0,0,0,0,0,0,0,9.210340371976184
TV Media Blog 2024-25 Week 10,https://tvmediablog.substack.com/api/v1/posts/2025-college-basketball-week-10-viewership,2024-25,basketball,men,Brown/Yale,Brown,Yale,2025-01-11,12PM,Early,ESPNU,7000,listed,,,Regular Season,2025 College Basketball Week 10 Viewership,,,,,,,,,Saturday,1,January,1,0,0,0,0,0,0,0,0,0,0,0,0,0,0,0,0,0,8.85366542803745
TV Media Blog 2024-25 Week 11,https://tvmediablog.substack.com/api/v1/posts/2025-college-basketball-week-11-viewership,2024-25,basketball,men,Alabama/Kentucky,Alabama,Kentucky,2025-01-18,12PM,Early,ESPN,1608000,listed,,,Regular Season,2025 College Basketball Week 11 Viewership,,,,,,,,,Saturday,1,January,1,0,4,1,0,8,1,0,2,0,0,0,0,0,0,0,0,0,14.290501728721049
TV Media Blog 2024-25 Week 11,https://tvmediablog.substack.com/api/v1/posts/2025-college-basketball-week-11-viewership,2024-25,basketball,men,Indiana/Ohio State,Indiana,Ohio State,2025-01-17,8PM,Prime,FOX,1166000,listed,,,Regular Season,2025 College Basketball Week 11 Viewership,,,,,,,,,Friday,1,January,0,0,14,0,1,21,0,1,0,2,0,0,0,0,0,0,0,0,13.969089645892575
TV Media Blog 2024-25 Week 11,https://tvmediablog.substack.com/api/v1/posts/2025-college-basketball-week-11-viewership,2024-25,basketball,men,Duke/Boston College,Duke,Boston College,2025-01-18,8PM,Prime,ESPN,886000,listed,,,Regular Season,2025 College Basketball Week 11 Viewership,,,,,,,,,Saturday,1,January,1,0,3,1,0,0,0,0,1,0,0,0,0,0,0,0,0,0,13.694472229587218
TV Media Blog 2024-25 Week 11,https://tvmediablog.substack.com/api/v1/posts/2025-college-basketball-week-11-viewership,2024-25,basketball,men,Kansas/Iowa State,Kansas,Iowa State,2025-01-15,7PM,Prime,ESPN2,803000,listed,,,Regular Season,2025 College Basketball Week 11 Viewership,,,,,,,,,Wednesday,1,January,0,0,9,1,0,2,1,0,2,0,0,0,0,0,0,0,0,0,13.596109992928898
TV Media Blog 2024-25 Week 11,https://tvmediablog.substack.com/api/v1/posts/2025-college-basketball-week-11-viewership,2024-25,basketball,men,Texas A&M/Kentucky,Texas A&M,Kentucky,2025-01-14,7PM,Prime,ESPN2,694000,listed,,,Regular Season,2025 College Basketball Week 11 Viewership,,,,,,,,,Tuesday,1,January,0,0,11,0,1,8,1,0,1,1,0,0,0,0,0,0,0,0,13.450227239488942
TV Media Blog 2024-25 Week 11,https://tvmediablog.substack.com/api/v1/posts/2025-college-basketball-week-11-viewership,2024-25,basketball,men,Miami (FL)/Duke,Miami (FL),Duke,2025-01-14,9PM,Prime,ESPN,587000,listed,,,Regular Season,2025 College Basketball Week 11 Viewership,,,,,,,,,Tuesday,1,January,0,0,0,0,0,3,1,0,1,0,0,0,0,0,0,0,0,0,13.282780098810234
TV Media Blog 2024-25 Week 11,https://tvmediablog.substack.com/api/v1/posts/2025-college-basketball-week-11-viewership,2024-25,basketball,men,Michigan/Minnesota,Michigan,Minnesota,2025-01-16,7PM,Prime,FS1,400000,listed,,,Regular Season,2025 College Basketball Week 11 Viewership,,,,,,,,,Thursday,1,January,0,0,20,0,1,0,0,0,0,1,0,0,0,0,0,0,0,0,12.89921982609012
TV Media Blog 2024-25 Week 11,https://tvmediablog.substack.com/api/v1/posts/2025-college-basketball-week-11-viewership,2024-25,basketball,men,Rutgers/Nebraska,Rutgers,Nebraska,2025-01-16,9PM,Prime,FS1,329000,listed,,,Regular Season,2025 College Basketball Week 11 Viewership,,,,,,,,,Thursday,1,January,0,0,24,0,1,0,0,0,0,1,0,0,0,0,0,0,0,0,12.70381302974751
TV Media Blog 2024-25 Week 11,https://tvmediablog.substack.com/api/v1/posts/2025-college-basketball-week-11-viewership,2024-25,basketball,men,Northwestern/Michigan,Northwestern,Michigan,2025-01-19,2PM,Early,BTN,314000,listed,,,Regular Season,2025 College Basketball Week 11 Viewership,,,,,,,,,Sunday,1,January,1,0,25,0,1,20,0,1,0,2,0,0,0,0,0,0,0,0,12.65714826489039
TV Media Blog 2024-25 Week 11,https://tvmediablog.substack.com/api/v1/posts/2025-college-basketball-week-11-viewership,2024-25,basketball,men,Penn State/Michigan State,Penn State,Michigan State,2025-01-15,7:30PM,Prime,BTN,301000,listed,,,Regular Season,2025 College Basketball Week 11 Viewership,,,,,,,,,Wednesday,1,January,0,0,0,0,0,12,0,1,0,1,0,0,0,0,0,0,0,0,12.614865543731012
TV Media Blog 2024-25 Week 11,https://tvmediablog.substack.com/api/v1/posts/2025-college-basketball-week-11-viewership,2024-25,basketball,men,Ole Miss/Mississippi State,Ole Miss,Mississippi State,2025-01-18,6PM,Mid,ESPN2,272000,listed,,,Regular Season,2025 College Basketball Week 11 Viewership,,,,,,,,,Saturday,1,January,1,0,21,0,1,15,0,1,0,2,0,0,0,0,0,0,0,0,12.513557345278134
TV Media Blog 2024-25 Week 11,https://tvmediablog.substack.com/api/v1/posts/2025-college-basketball-week-11-viewership,2024-25,basketball,men,Baylor/Arizona,Baylor,Arizona,2025-01-14,11PM,Prime,ESPN,255000,listed,,,Regular Season,2025 College Basketball Week 11 Viewership,,,,,,,,,Tuesday,1,January,0,0,25,0,1,24,0,1,0,2,0,0,0,0,0,0,0,0,12.449018824140563
TV Media Blog 2024-25 Week 11,https://tvmediablog.substack.com/api/v1/posts/2025-college-basketball-week-11-viewership,2024-25,basketball,men,Iowa/UCLA,Iowa,UCLA,2025-01-17,9PM,Prime,FS1,245000,listed,,,Regular Season,2025 College Basketball Week 11 Viewership,,,,,,,,,Friday,1,January,0,0,0,0,0,22,0,1,0,1,0,0,0,0,0,0,0,0,12.409013489526863
TV Media Blog 2024-25 Week 11,https://tvmediablog.substack.com/api/v1/posts/2025-college-basketball-week-11-viewership,2024-25,basketball,men,Memphis/Temple,Memphis,Temple,2025-01-16,7PM,Prime,ESPN2,244000,listed,,,Regular Season,2025 College Basketball Week 11 Viewership,,,,,,,,,Thursday,1,January,0,0,18,0,1,0,0,0,0,1,0,0,0,0,0,0,0,0,12.404923504275338
TV Media Blog 2024-25 Week 11,https://tvmediablog.substack.com/api/v1/posts/2025-college-basketball-week-11-viewership,2024-25,basketball,men,Arizona/Texas Tech,Arizona,Texas Tech,2025-01-18,2PM,Early,ESPN2,242000,listed,,,Regular Season,2025 College Basketball Week 11 Viewership,,,,,,,,,Saturday,1,January,1,0,24,0,1,22,0,1,0,2,0,0,0,0,0,0,0,0,12.396693005138824
TV Media Blog 2024-25 Week 11,https://tvmediablog.substack.com/api/v1/posts/2025-college-basketball-week-11-viewership,2024-25,basketball,men,UCLA/Rutgers,UCLA,Rutgers,2025-01-13,6:30PM,Mid,FS1,223000,listed,,,Regular Season,2025 College Basketball Week 11 Viewership,,,,,,,,,Monday,1,January,0,0,22,0,1,24,0,1,0,2,0,0,0,0,0,0,0,0,12.314927050442256
TV Media Blog 2024-25 Week 11,https://tvmediablog.substack.com/api/v1/posts/2025-college-basketball-week-11-viewership,2024-25,basketball,men,Providence/Villanova,Providence,Villanova,2025-01-17,7PM,Prime,FS1,209000,listed,,,Regular Season,2025 College Basketball Week 11 Viewership,,,,,,,,,Friday,1,January,0,0,23,0,1,18,0,1,0,2,0,0,0,0,0,0,0,0,12.250089530946948
TV Media Blog 2024-25 Week 11,https://tvmediablog.substack.com/api/v1/posts/2025-college-basketball-week-11-viewership,2024-25,basketball,men,Texas/Florida,Texas,Florida,2025-01-18,4PM,Mid,ESPN2,203000,listed,,,Regular Season,2025 College Basketball Week 11 Viewership,,,,,,,,,Saturday,1,January,1,0,19,0,1,5,1,0,1,1,0,0,0,0,0,0,0,0,12.220961258023925
TV Media Blog 2024-25 Week 11,https://tvmediablog.substack.com/api/v1/posts/2025-college-basketball-week-11-viewership,2024-25,basketball,men,Providence/Creighton,Providence,Creighton,2025-01-14,8:30PM,Prime,FS1,195000,listed,,,Regular Season,2025 College Basketball Week 11 Viewership,,,,,,,,,Tuesday,1,January,0,0,23,0,1,21,0,1,0,2,0,0,0,0,0,0,0,0,12.180754837545884
TV Media Blog 2024-25 Week 11,https://tvmediablog.substack.com/api/v1/posts/2025-college-basketball-week-11-viewership,2024-25,basketball,men,Virginia/Louisville,Virginia,Louisville,2025-01-18,12PM,Early,ESPN2,183000,listed,,,Regular Season,2025 College Basketball Week 11 Viewership,,,,,,,,,Saturday,1,January,1,0,21,0,1,0,0,0,0,1,0,0,0,0,0,0,0,0,12.117241431823558
TV Media Blog 2024-25 Week 11,https://tvmediablog.substack.com/api/v1/posts/2025-college-basketball-week-11-viewership,2024-25,basketball,men,Purdue/Washington,Purdue,Washington,2025-01-15,9:30PM,Prime,BTN,178000,listed,,,Regular Season,2025 College Basketball Week 11 Viewership,,,,,,,,,Wednesday,1,January,0,0,17,0,1,0,0,0,0,1,0,0,0,0,0,0,0,0,12.089538829274222
TV Media Blog 2024-25 Week 11,https://tvmediablog.substack.com/api/v1/posts/2025-college-basketball-week-11-viewership,2024-25,basketball,men,Wisconsin/USC,Wisconsin,USC,2025-01-18,3PM,Mid,BTN,177000,listed,,,Regular Season,2025 College Basketball Week 11 Viewership,,,,,,,,,Saturday,1,January,1,0,24,0,1,23,0,1,0,2,0,0,0,0,0,0,0,0,12.083905011555967
TV Media Blog 2024-25 Week 11,https://tvmediablog.substack.com/api/v1/posts/2025-college-basketball-week-11-viewership,2024-25,basketball,men,Nebraska/Maryland,Nebraska,Maryland,2025-01-19,12PM,Early,BTN,169000,listed,,,Regular Season,2025 College Basketball Week 11 Viewership,,,,,,,,,Sunday,1,January,1,0,0,0,0,0,0,0,0,0,0,0,0,0,0,0,0,0,12.037653993905211
TV Media Blog 2024-25 Week 11,https://tvmediablog.substack.com/api/v1/posts/2025-college-basketball-week-11-viewership,2024-25,basketball,men,Villanova/Xavier,Villanova,Xavier,2025-01-14,6:30PM,Mid,FS1,167000,listed,,,Regular Season,2025 College Basketball Week 11 Viewership,,,,,,,,,Tuesday,1,January,0,0,18,0,1,22,0,1,0,2,0,0,0,0,0,0,0,0,12.025749091398891
TV Media Blog 2024-25 Week 11,https://tvmediablog.substack.com/api/v1/posts/2025-college-basketball-week-11-viewership,2024-25,basketball,men,Missouri/Florida,Missouri,Florida,2025-01-14,9PM,Prime,ESPNU,136000,listed,,,Regular Season,2025 College Basketball Week 11 Viewership,,,,,,,,,Tuesday,1,January,0,0,0,0,0,5,1,0,1,0,0,0,0,0,0,0,0,0,11.820410164718188
TV Media Blog 2024-25 Week 11,https://tvmediablog.substack.com/api/v1/posts/2025-college-basketball-week-11-viewership,2024-25,basketball,men,Iowa/USC,Iowa,USC,2025-01-14,10:45PM,Prime,FS1,122000,listed,,,Regular Season,2025 College Basketball Week 11 Viewership,,,,,,,,,Tuesday,1,January,0,0,0,0,0,23,0,1,0,1,0,0,0,0,0,0,0,0,11.711776323715394
TV Media Blog 2024-25 Week 11,https://tvmediablog.substack.com/api/v1/posts/2025-college-basketball-week-11-viewership,2024-25,basketball,men,Maryland/Northwestern,Maryland,Northwestern,2025-01-16,9PM,Prime,BTN,122000,listed,,,Regular Season,2025 College Basketball Week 11 Viewership,,,,,,,,,Thursday,1,January,0,0,0,0,0,25,0,1,0,1,0,0,0,0,0,0,0,0,11.711776323715394
TV Media Blog 2024-25 Week 11,https://tvmediablog.substack.com/api/v1/posts/2025-college-basketball-week-11-viewership,2024-25,basketball,men,Minnesota/Maryland,Minnesota,Maryland,2025-01-13,6:30PM,Mid,BTN,110000,listed,,,Regular Season,2025 College Basketball Week 11 Viewership,,,,,,,,,Monday,1,January,0,0,0,0,0,0,0,0,0,0,0,0,0,0,0,0,0,0,11.608235644774552
TV Media Blog 2024-25 Week 11,https://tvmediablog.substack.com/api/v1/posts/2025-college-basketball-week-11-viewership,2024-25,basketball,men,TCU/Baylor,TCU,Baylor,2025-01-19,5PM,Mid,ESPN,107000,listed,,,Regular Season,2025 College Basketball Week 11 Viewership,,,,,,,,,Sunday,1,January,1,0,25,0,1,25,0,1,0,2,0,0,0,0,0,0,0,0,11.580584113444043
TV Media Blog 2024-25 Week 11,https://tvmediablog.substack.com/api/v1/posts/2025-college-basketball-week-11-viewership,2024-25,basketball,men,Seton Hall/Butler,Seton Hall,Butler,2025-01-15,7PM,Prime,FS1,98000,listed,,,Regular Season,2025 College Basketball Week 11 Viewership,,,,,,,,,Wednesday,1,January,0,0,0,0,0,0,0,0,0,0,0,0,0,0,0,0,0,0,11.49272275765271
TV Media Blog 2024-25 Week 11,https://tvmediablog.substack.com/api/v1/posts/2025-college-basketball-week-11-viewership,2024-25,basketball,men,Ole Miss/Alabama,Ole Miss,Alabama,2025-01-14,7PM,Prime,ESPNU,87000,listed,,,Regular Season,2025 College Basketball Week 11 Viewership,,,,,,,,,Tuesday,1,January,0,0,21,0,1,4,1,0,1,1,0,0,0,0,0,0,0,0,11.37366339763672
TV Media Blog 2024-25 Week 11,https://tvmediablog.substack.com/api/v1/posts/2025-college-basketball-week-11-viewership,2024-25,basketball,men,George Washington/George Mason,George Washington,George Mason,2025-01-18,12:30PM,Early,USA,86000,listed,,,Regular Season,2025 College Basketball Week 11 Viewership,,,,,,,,,Saturday,1,January,1,0,0,0,0,0,0,0,0,0,0,0,0,0,0,0,0,0,11.362102575235644
TV Media Blog 2024-25 Week 11,https://tvmediablog.substack.com/api/v1/posts/2025-college-basketball-week-11-viewership,2024-25,basketball,men,Memphis/Charlotte,Memphis,Charlotte,2025-01-19,3PM,Mid,ESPN2,80000,listed,,,Regular Season,2025 College Basketball Week 11 Viewership,,,,,,,,,Sunday,1,January,1,0,18,0,1,0,0,0,0,1,0,0,0,0,0,0,0,0,11.289781913656018
TV Media Blog 2024-25 Week 11,https://tvmediablog.substack.com/api/v1/posts/2025-college-basketball-week-11-viewership,2024-25,basketball,men,Boise State/New Mexico,Boise State,New Mexico,2025-01-17,11PM,Prime,FS1,79000,listed,,,Regular Season,2025 College Basketball Week 11 Viewership,,,,,,,,,Friday,1,January,0,0,0,0,0,25,0,1,0,1,0,0,0,0,0,0,0,0,11.27720313144916
TV Media Blog 2024-25 Week 11,https://tvmediablog.substack.com/api/v1/posts/2025-college-basketball-week-11-viewership,2024-25,basketball,men,NC State/Virginia Tech,NC State,Virginia Tech,2025-01-15,7PM,Prime,ESPNU,61000,listed,,,Regular Season,2025 College Basketball Week 11 Viewership,,,,,,,,,Wednesday,1,January,0,0,0,0,0,0,0,0,0,0,0,0,0,0,0,0,0,0,11.018629143155449
TV Media Blog 2024-25 Week 11,https://tvmediablog.substack.com/api/v1/posts/2025-college-basketball-week-11-viewership,2024-25,basketball,men,La Salle/UMass,La Salle,UMass,2025-01-19,2PM,Early,USA,60000,listed,,,Regular Season,2025 College Basketball Week 11 Viewership,,,,,,,,,Sunday,1,January,1,0,0,0,0,0,0,0,0,0,0,0,0,0,0,0,0,0,11.002099841204238
TV Media Blog 2024-25 Week 11,https://tvmediablog.substack.com/api/v1/posts/2025-college-basketball-week-11-viewership,2024-25,basketball,men,St. John's/Seton Hall,St. John's,Seton Hall,2025-01-18,8PM,Prime,FS1,59000,listed,,,Regular Season,2025 College Basketball Week 11 Viewership,,,,,,,,,Saturday,1,January,1,0,22,0,1,0,0,0,0,1,0,0,0,0,0,0,0,0,10.985292722887856
TV Media Blog 2024-25 Week 11,https://tvmediablog.substack.com/api/v1/posts/2025-college-basketball-week-11-viewership,2024-25,basketball,men,Pitt/Florida State,Pitt,Florida State,2025-01-15,9PM,Prime,ESPNU,52000,listed,,,Regular Season,2025 College Basketball Week 11 Viewership,,,,,,,,,Wednesday,1,January,0,0,18,0,1,0,0,0,0,1,0,0,0,0,0,0,0,0,10.858998997563564
TV Media Blog 2024-25 Week 11,https://tvmediablog.substack.com/api/v1/posts/2025-college-basketball-week-11-viewership,2024-25,basketball,men,Saint Louis/Richmond,Saint Louis,Richmond,2025-01-18,2:30PM,Early,USA,42000,listed,,,Regular Season,2025 College Basketball Week 11 Viewership,,,,,,,,,Saturday,1,January,1,0,0,0,0,0,0,0,0,0,0,0,0,0,0,0,0,0,10.645424897265505
TV Media Blog 2024-25 Week 11,https://tvmediablog.substack.com/api/v1/posts/2025-college-basketball-week-11-viewership,2024-25,basketball,men,VCU/Saint Joseph's,VCU,Saint Joseph's,2025-01-17,7PM,Prime,ESPNU,40000,listed,,,Regular Season,2025 College Basketball Week 11 Viewership,,,,,,,,,Friday,1,January,0,0,0,0,0,0,0,0,0,0,0,0,0,0,0,0,0,0,10.596634733096073
TV Media Blog 2024-25 Week 11,https://tvmediablog.substack.com/api/v1/posts/2025-college-basketball-week-11-viewership,2024-25,basketball,men,Georgia Tech/Florida State,Georgia Tech,Florida State,2025-01-18,12PM,Early,ESPNU,36000,listed,,,Regular Season,2025 College Basketball Week 11 Viewership,,,,,,,,,Saturday,1,January,1,0,0,0,0,0,0,0,0,0,0,0,0,0,0,0,0,0,10.491274217438248
TV Media Blog 2024-25 Week 11,https://tvmediablog.substack.com/api/v1/posts/2025-college-basketball-week-11-viewership,2024-25,basketball,men,Tulane/Temple,Tulane,Temple,2025-01-19,1PM,Early,ESPNU,27000,listed,,,Regular Season,2025 College Basketball Week 11 Viewership,,,,,,,,,Sunday,1,January,1,0,0,0,0,0,0,0,0,0,0,0,0,0,0,0,0,0,10.203592144986466
TV Media Blog 2024-25 Week 11,https://tvmediablog.substack.com/api/v1/posts/2025-college-basketball-week-11-viewership,2024-25,basketball,men,UCF/Arizona State,UCF,Arizona State,2025-01-14,11PM,Prime,ESPNU,26000,listed,,,Regular Season,2025 College Basketball Week 11 Viewership,,,,,,,,,Tuesday,1,January,0,0,0,0,0,0,0,0,0,0,0,0,0,0,0,0,0,0,10.165851817003619
TV Media Blog 2024-25 Week 11,https://tvmediablog.substack.com/api/v1/posts/2025-college-basketball-week-11-viewership,2024-25,basketball,men,South Carolina/Oklahoma,South Carolina,Oklahoma,2025-01-18,4PM,Mid,ESPNU,25000,listed,,,Regular Season,2025 College Basketball Week 11 Viewership,,,,,,,,,Saturday,1,January,1,0,16,0,1,17,0,1,0,2,0,0,0,0,0,0,0,0,10.126631103850338
TV Media Blog 2024-25 Week 11,https://tvmediablog.substack.com/api/v1/posts/2025-college-basketball-week-11-viewership,2024-25,basketball,men,SMU/Miami (FL),SMU,Miami (FL),2025-01-18,2PM,Early,ESPNU,22000,listed,,,Regular Season,2025 College Basketball Week 11 Viewership,,,,,,,,,Saturday,1,January,1,0,0,0,0,0,0,0,0,0,0,0,0,0,0,0,0,0,9.998797732340453
TV Media Blog 2024-25 Week 11,https://tvmediablog.substack.com/api/v1/posts/2025-college-basketball-week-11-viewership,2024-25,basketball,men,High Point/Longwood,High Point,Longwood,2025-01-16,7PM,Prime,ESPNU,21000,listed,,,Regular Season,2025 College Basketball Week 11 Viewership,,,,,,,,,Thursday,1,January,0,0,0,0,0,0,0,0,0,0,0,0,0,0,0,0,0,0,9.95227771670556
TV Media Blog 2024-25 Week 11,https://tvmediablog.substack.com/api/v1/posts/2025-college-basketball-week-11-viewership,2024-25,basketball,men,Drake/Indiana State,Drake,Indiana State,2025-01-18,6PM,Mid,ESPNU,12000,listed,,,Regular Season,2025 College Basketball Week 11 Viewership,,,,,,,,,Saturday,1,January,1,0,0,0,0,23,0,1,0,1,0,0,0,0,0,0,0,0,9.392661928770137
TV Media Blog 2024-25 Week 12,https://tvmediablog.substack.com/api/v1/posts/2025-college-basketball-week-12-viewership,2024-25,basketball,men,Tennessee/Auburn,Tennessee,Auburn,2025-01-25,8:30PM,Prime,ESPN,1745000,listed,,,Regular Season,2025 College Basketball Week 12 Viewership,,,,,,,,,Saturday,1,January,1,0,6,1,0,1,1,0,2,0,0,0,0,0,0,0,0,0,14.372265113618665
TV Media Blog 2024-25 Week 12,https://tvmediablog.substack.com/api/v1/posts/2025-college-basketball-week-12-viewership,2024-25,basketball,men,Houston/Kansas,Houston,Kansas,2025-01-25,6:30PM,Mid,ESPN,1692000,listed,,,Regular Season,2025 College Basketball Week 12 Viewership,,,,,,,,,Saturday,1,January,1,0,7,1,0,12,0,1,1,1,0,0,0,0,0,0,0,0,14.341421819148305
TV Media Blog 2024-25 Week 12,https://tvmediablog.substack.com/api/v1/posts/2025-college-basketball-week-12-viewership,2024-25,basketball,men,Duke/Wake Forest,Duke,Wake Forest,2025-01-25,4:30PM,Mid,ESPN,1339000,listed,,,Regular Season,2025 College Basketball Week 12 Viewership,,,,,,,,,Saturday,1,January,1,0,2,1,0,0,0,0,1,0,0,0,0,0,0,0,0,0,14.107433624673309
TV Media Blog 2024-25 Week 12,https://tvmediablog.substack.com/api/v1/posts/2025-college-basketball-week-12-viewership,2024-25,basketball,men,Kentucky/Vanderbilt,Kentucky,Vanderbilt,2025-01-25,2:30PM,Early,ESPN,1157000,listed,,,Regular Season,2025 College Basketball Week 12 Viewership,,,,,,,,,Saturday,1,January,1,0,9,1,0,0,0,0,1,0,0,0,0,0,0,0,0,0,13.961341006175813
TV Media Blog 2024-25 Week 12,https://tvmediablog.substack.com/api/v1/posts/2025-college-basketball-week-12-viewership,2024-25,basketball,men,Michigan/Purdue,Michigan,Purdue,2025-01-24,8PM,Prime,FOX,1069000,listed,,,Regular Season,2025 College Basketball Week 12 Viewership,,,,,,,,,Friday,1,January,0,0,21,0,1,11,0,1,0,2,0,0,0,0,0,0,0,0,13.882234190007182
TV Media Blog 2024-25 Week 12,https://tvmediablog.substack.com/api/v1/posts/2025-college-basketball-week-12-viewership,2024-25,basketball,men,Uconn/Xavier,UConn,Xavier,2025-01-25,8PM,Prime,FOX,672000,listed,,,Regular Season,2025 College Basketball Week 12 Viewership,,,,,,,,,Saturday,1,January,1,0,19,0,1,22,0,1,0,2,0,0,0,0,0,0,0,0,13.418013619505286
TV Media Blog 2024-25 Week 12,https://tvmediablog.substack.com/api/v1/posts/2025-college-basketball-week-12-viewership,2024-25,basketball,men,North Carolina/Wake Forest,North Carolina,Wake Forest,2025-01-21,9PM,Prime,ESPN,551000,listed,,,Regular Season,2025 College Basketball Week 12 Viewership,,,,,,,,,Tuesday,1,January,0,0,20,0,1,0,0,0,0,1,0,0,0,0,0,0,0,0,13.219490088135052
TV Media Blog 2024-25 Week 12,https://tvmediablog.substack.com/api/v1/posts/2025-college-basketball-week-12-viewership,2024-25,basketball,men,Kansas/TCU,Kansas,TCU,2025-01-22,7PM,Prime,ESPN2,433000,listed,,,Regular Season,2025 College Basketball Week 12 Viewership,,,,,,,,,Wednesday,1,January,0,0,12,0,1,25,0,1,0,2,0,0,0,0,0,0,0,0,12.978493006984626
TV Media Blog 2024-25 Week 12,https://tvmediablog.substack.com/api/v1/posts/2025-college-basketball-week-12-viewership,2024-25,basketball,men,Mississippi State/Tennessee,Mississippi State,Tennessee,2025-01-21,7PM,Prime,ESPN2,430000,listed,,,Regular Season,2025 College Basketball Week 12 Viewership,,,,,,,,,Tuesday,1,January,0,0,14,0,1,6,1,0,1,1,0,0,0,0,0,0,0,0,12.971540487669746
TV Media Blog 2024-25 Week 12,https://tvmediablog.substack.com/api/v1/posts/2025-college-basketball-week-12-viewership,2024-25,basketball,men,Penn State/Iowa,Penn State,Iowa,2025-01-24,9PM,Prime,FS1,361000,listed,,,Regular Season,2025 College Basketball Week 12 Viewership,,,,,,,,,Friday,1,January,0,0,0,0,0,0,0,0,0,0,0,0,0,0,0,0,0,0,12.796633237315017
TV Media Blog 2024-25 Week 12,https://tvmediablog.substack.com/api/v1/posts/2025-college-basketball-week-12-viewership,2024-25,basketball,men,Maryland/Illinois,Maryland,Illinois,2025-01-23,9PM,Prime,FS1,345000,listed,,,Regular Season,2025 College Basketball Week 12 Viewership,,,,,,,,,Thursday,1,January,0,0,0,0,0,17,0,1,0,1,0,0,0,0,0,0,0,0,12.751299696013497
TV Media Blog 2024-25 Week 12,https://tvmediablog.substack.com/api/v1/posts/2025-college-basketball-week-12-viewership,2024-25,basketball,men,Nebraska/Wisconsin,Nebraska,Wisconsin,2025-01-26,1PM,Early,BTN,303000,listed,,,Regular Season,2025 College Basketball Week 12 Viewership,,,,,,,,,Sunday,1,January,1,0,0,0,0,18,0,1,0,1,0,0,0,0,0,0,0,0,12.621488084491506
TV Media Blog 2024-25 Week 12,https://tvmediablog.substack.com/api/v1/posts/2025-college-basketball-week-12-viewership,2024-25,basketball,men,Oklahoma/Arkansas,Oklahoma,Arkansas,2025-01-25,8:30PM,Prime,ESPN2,289000,listed,,,Regular Season,2025 College Basketball Week 12 Viewership,,,,,,,,,Saturday,1,January,1,0,17,0,1,23,0,1,0,2,0,0,0,0,0,0,0,0,12.57418196709457
TV Media Blog 2024-25 Week 12,https://tvmediablog.substack.com/api/v1/posts/2025-college-basketball-week-12-viewership,2024-25,basketball,men,Texas A&M/Ole Miss,Texas A&M,Ole Miss,2025-01-22,9PM,Prime,ESPN2,286000,listed,,,Regular Season,2025 College Basketball Week 12 Viewership,,,,,,,,,Wednesday,1,January,0,0,13,0,1,16,0,1,0,2,0,0,0,0,0,0,0,0,12.56374708980199
TV Media Blog 2024-25 Week 12,https://tvmediablog.substack.com/api/v1/posts/2025-college-basketball-week-12-viewership,2024-25,basketball,men,Pitt/Syracuse,Pitt,Syracuse,2025-01-25,12:30PM,Early,ESPN2,282000,listed,,,Regular Season,2025 College Basketball Week 12 Viewership,,,,,,,,,Saturday,1,January,1,0,18,0,1,0,0,0,0,1,0,0,0,0,0,0,0,0,12.54966234992025
TV Media Blog 2024-25 Week 12,https://tvmediablog.substack.com/api/v1/posts/2025-college-basketball-week-12-viewership,2024-25,basketball,men,Texas A&M at Texas,Texas A&M,Texas,2025-01-25,2:30PM,Early,ESPN2,282000,listed,,,Regular Season,2025 College Basketball Week 12 Viewership,,,,,,,,,Saturday,1,January,1,0,13,0,1,19,0,1,0,2,0,0,0,0,0,0,0,0,12.54966234992025
TV Media Blog 2024-25 Week 12,https://tvmediablog.substack.com/api/v1/posts/2025-college-basketball-week-12-viewership,2024-25,basketball,men,Wichita State/Memphis,Wichita State,Memphis,2025-01-23,7PM,Prime,ESPN2,278000,listed,,,Regular Season,2025 College Basketball Week 12 Viewership,,,,,,,,,Thursday,1,January,0,0,0,0,0,24,0,1,0,1,0,0,0,0,0,0,0,0,12.535376392672774
TV Media Blog 2024-25 Week 12,https://tvmediablog.substack.com/api/v1/posts/2025-college-basketball-week-12-viewership,2024-25,basketball,men,Cincinnati/BYU,Cincinnati,BYU,2025-01-25,10:30PM,Prime,ESPN2,277000,listed,,,Regular Season,2025 College Basketball Week 12 Viewership,,,,,,,,,Saturday,1,January,1,0,16,0,1,21,0,1,0,2,0,0,0,0,0,0,0,0,12.531772785169476
TV Media Blog 2024-25 Week 12,https://tvmediablog.substack.com/api/v1/posts/2025-college-basketball-week-12-viewership,2024-25,basketball,men,Villanova/Marquette,Villanova,Marquette,2025-01-24,7PM,Prime,FS1,275000,listed,,,Regular Season,2025 College Basketball Week 12 Viewership,,,,,,,,,Friday,1,January,0,0,18,0,1,10,1,0,1,1,0,0,0,0,0,0,0,0,12.524526376648708
TV Media Blog 2024-25 Week 12,https://tvmediablog.substack.com/api/v1/posts/2025-college-basketball-week-12-viewership,2024-25,basketball,men,Butler/UConn,Butler,UConn,2025-01-21,7PM,Prime,FS1,267000,listed,,,Regular Season,2025 College Basketball Week 12 Viewership,,,,,,,,,Tuesday,1,January,0,0,0,0,0,19,0,1,0,1,0,0,0,0,0,0,0,0,12.495003937382387
TV Media Blog 2024-25 Week 12,https://tvmediablog.substack.com/api/v1/posts/2025-college-basketball-week-12-viewership,2024-25,basketball,men,Indiana/Northwestern,Indiana,Northwestern,2025-01-22,7PM,Prime,BTN,244000,listed,,,Regular Season,2025 College Basketball Week 12 Viewership,,,,,,,,,Wednesday,1,January,0,0,14,0,1,25,0,1,0,2,0,0,0,0,0,0,0,0,12.404923504275338
TV Media Blog 2024-25 Week 12,https://tvmediablog.substack.com/api/v1/posts/2025-college-basketball-week-12-viewership,2024-25,basketball,men,Xavier/St. John's,Xavier,St. John's,2025-01-22,7PM,Prime,FS1,222000,listed,,,Regular Season,2025 College Basketball Week 12 Viewership,,,,,,,,,Wednesday,1,January,0,0,22,0,1,20,0,1,0,2,0,0,0,0,0,0,0,0,12.310432660854417
TV Media Blog 2024-25 Week 12,https://tvmediablog.substack.com/api/v1/posts/2025-college-basketball-week-12-viewership,2024-25,basketball,men,Baylor/Utah,Baylor,Utah,2025-01-25,4:30PM,Mid,ESPN2,195000,listed,,,Regular Season,2025 College Basketball Week 12 Viewership,,,,,,,,,Saturday,1,January,1,0,25,0,1,0,0,0,0,1,0,0,0,0,0,0,0,0,12.180754837545884
TV Media Blog 2024-25 Week 12,https://tvmediablog.substack.com/api/v1/posts/2025-college-basketball-week-12-viewership,2024-25,basketball,men,Creighton/DePaul,Creighton,DePaul,2025-01-21,9PM,Prime,FS1,187000,listed,,,Regular Season,2025 College Basketball Week 12 Viewership,,,,,,,,,Tuesday,1,January,0,0,21,0,1,0,0,0,0,1,0,0,0,0,0,0,0,0,12.138863895836725
TV Media Blog 2024-25 Week 12,https://tvmediablog.substack.com/api/v1/posts/2025-college-basketball-week-12-viewership,2024-25,basketball,men,Minnesota/Iowa,Minnesota,Iowa,2025-01-21,9PM,Prime,BTN,186000,listed,,,Regular Season,2025 College Basketball Week 12 Viewership,,,,,,,,,Tuesday,1,January,0,0,0,0,0,0,0,0,0,0,0,0,0,0,0,0,0,0,12.133501952695338
TV Media Blog 2024-25 Week 12,https://tvmediablog.substack.com/api/v1/posts/2025-college-basketball-week-12-viewership,2024-25,basketball,men,USC/Nebraska,USC,Nebraska,2025-01-22,9PM,Prime,BTN,184000,listed,,,Regular Season,2025 College Basketball Week 12 Viewership,,,,,,,,,Wednesday,1,January,0,0,23,0,1,0,0,0,0,1,0,0,0,0,0,0,0,0,12.122691036591123
TV Media Blog 2024-25 Week 12,https://tvmediablog.substack.com/api/v1/posts/2025-college-basketball-week-12-viewership,2024-25,basketball,men,UCLA/Washington,UCLA,Washington,2025-01-24,11PM,Prime,FS1,184000,listed,,,Regular Season,2025 College Basketball Week 12 Viewership,,,,,,,,,Friday,1,January,0,0,22,0,1,0,0,0,0,1,0,0,0,0,0,0,0,0,12.122691036591123
TV Media Blog 2024-25 Week 12,https://tvmediablog.substack.com/api/v1/posts/2025-college-basketball-week-12-viewership,2024-25,basketball,men,Oregon/Minnesota,Oregon,Minnesota,2025-01-25,4PM,Mid,BTN,182000,listed,,,Regular Season,2025 College Basketball Week 12 Viewership,,,,,,,,,Saturday,1,January,1,0,15,0,1,0,0,0,0,1,0,0,0,0,0,0,0,0,12.111761966058932
TV Media Blog 2024-25 Week 12,https://tvmediablog.substack.com/api/v1/posts/2025-college-basketball-week-12-viewership,2024-25,basketball,men,Notre Dame/Virginia,Notre Dame,Virginia,2025-01-25,6:30PM,Mid,ESPN2,182000,listed,,,Regular Season,2025 College Basketball Week 12 Viewership,,,,,,,,,Saturday,1,January,1,0,0,0,0,21,0,1,0,1,0,0,0,0,0,0,0,0,12.111761966058932
TV Media Blog 2024-25 Week 12,https://tvmediablog.substack.com/api/v1/posts/2025-college-basketball-week-12-viewership,2024-25,basketball,men,UAB/Memphis,UAB,Memphis,2025-01-26,1PM,Early,ESPN2,163000,listed,,,Regular Season,2025 College Basketball Week 12 Viewership,,,,,,,,,Sunday,1,January,1,0,0,0,0,24,0,1,0,1,0,0,0,0,0,0,0,0,12.0015054797889
TV Media Blog 2024-25 Week 12,https://tvmediablog.substack.com/api/v1/posts/2025-college-basketball-week-12-viewership,2024-25,basketball,men,Seton Hall/Creighton,Seton Hall,Creighton,2025-01-25,1:30PM,Early,FS1,146000,listed,,,Regular Season,2025 College Basketball Week 12 Viewership,,,,,,,,,Saturday,1,January,1,0,0,0,0,21,0,1,0,1,0,0,0,0,0,0,0,0,11.891361900690473
TV Media Blog 2024-25 Week 12,https://tvmediablog.substack.com/api/v1/posts/2025-college-basketball-week-12-viewership,2024-25,basketball,men,Northwestern/Illinois,Northwestern,Illinois,2025-01-26,3PM,Mid,BTN,142000,listed,,,Regular Season,2025 College Basketball Week 12 Viewership,,,,,,,,,Sunday,1,January,1,0,25,0,1,17,0,1,0,2,0,0,0,0,0,0,0,0,11.863582336583399
TV Media Blog 2024-25 Week 12,https://tvmediablog.substack.com/api/v1/posts/2025-college-basketball-week-12-viewership,2024-25,basketball,men,Georgetown/Villanova,Georgetown,Villanova,2025-01-20,6PM,Mid,FS1,141000,listed,,,Regular Season,2025 College Basketball Week 12 Viewership,,,,,,,,,Monday,1,January,0,0,0,0,0,18,0,1,0,1,0,0,0,0,0,0,0,0,11.856515169360305
TV Media Blog 2024-25 Week 12,https://tvmediablog.substack.com/api/v1/posts/2025-college-basketball-week-12-viewership,2024-25,basketball,men,Saint Joseph's/Dayton,Saint Joseph's,Dayton,2025-01-24,7:30PM,Prime,ESPN2,137000,listed,,,Regular Season,2025 College Basketball Week 12 Viewership,,,,,,,,,Friday,1,January,0,0,0,0,0,22,0,1,0,1,0,0,0,0,0,0,0,0,11.827736204810263
TV Media Blog 2024-25 Week 12,https://tvmediablog.substack.com/api/v1/posts/2025-college-basketball-week-12-viewership,2024-25,basketball,men,App State/Arkansas State,Appalachian State,Arkansas State,2025-01-23,9PM,Prime,ESPN2,136000,listed,,,Regular Season,2025 College Basketball Week 12 Viewership,,,,,,,,,Thursday,1,January,0,0,0,0,0,0,0,0,0,0,0,0,0,0,0,0,0,0,11.820410164718188
TV Media Blog 2024-25 Week 12,https://tvmediablog.substack.com/api/v1/posts/2025-college-basketball-week-12-viewership,2024-25,basketball,men,Nevada/Utah State,Nevada,Utah State,2025-01-22,9PM,Prime,FS1,83000,listed,,,Regular Season,2025 College Basketball Week 12 Viewership,,,,,,,,,Wednesday,1,January,0,0,23,0,1,22,0,1,0,2,0,0,0,0,0,0,0,0,11.326595886778735
TV Media Blog 2024-25 Week 12,https://tvmediablog.substack.com/api/v1/posts/2025-college-basketball-week-12-viewership,2024-25,basketball,men,Duquesne/Fordham,Duquesne,Fordham,2025-01-26,12:30PM,Early,USA,82000,listed,,,Regular Season,2025 College Basketball Week 12 Viewership,,,,,,,,,Sunday,1,January,1,0,0,0,0,0,0,0,0,0,0,0,0,0,0,0,0,0,11.314474526246391
TV Media Blog 2024-25 Week 12,https://tvmediablog.substack.com/api/v1/posts/2025-college-basketball-week-12-viewership,2024-25,basketball,men,Virginia Tech/Georgia Tech,Virginia Tech,Georgia Tech,2025-01-22,7PM,Prime,ESPNU,81000,listed,,,Regular Season,2025 College Basketball Week 12 Viewership,,,,,,,,,Wednesday,1,January,0,0,0,0,0,0,0,0,0,0,0,0,0,0,0,0,0,0,11.302204433654575
TV Media Blog 2024-25 Week 12,https://tvmediablog.substack.com/api/v1/posts/2025-college-basketball-week-12-viewership,2024-25,basketball,men,Texas Tech/Cincinnati,Texas Tech,Cincinnati,2025-01-21,7PM,Prime,ESPNU,77000,listed,,,Regular Season,2025 College Basketball Week 12 Viewership,,,,,,,,,Tuesday,1,January,0,0,22,0,1,16,0,1,0,2,0,0,0,0,0,0,0,0,11.251560700835821
TV Media Blog 2024-25 Week 12,https://tvmediablog.substack.com/api/v1/posts/2025-college-basketball-week-12-viewership,2024-25,basketball,men,Kansas State/Baylor,Kansas State,Baylor,2025-01-22,9PM,Prime,ESPNU,62000,listed,,,Regular Season,2025 College Basketball Week 12 Viewership,,,,,,,,,Wednesday,1,January,0,0,0,0,0,25,0,1,0,1,0,0,0,0,0,0,0,0,11.03488966402723
TV Media Blog 2024-25 Week 12,https://tvmediablog.substack.com/api/v1/posts/2025-college-basketball-week-12-viewership,2024-25,basketball,men,Washington/Oregon,Washington,Oregon,2025-01-21,11PM,Prime,BTN,51000,listed,,,Regular Season,2025 College Basketball Week 12 Viewership,,,,,,,,,Tuesday,1,January,0,0,0,0,0,15,0,1,0,1,0,0,0,0,0,0,0,0,10.839580911706463
TV Media Blog 2024-25 Week 12,https://tvmediablog.substack.com/api/v1/posts/2025-college-basketball-week-12-viewership,2024-25,basketball,men,St. Bonaventure/VCU,St. Bonaventure,VCU,2025-01-24,9PM,Prime,ESPNU,50000,listed,,,Regular Season,2025 College Basketball Week 12 Viewership,,,,,,,,,Friday,1,January,0,0,0,0,0,0,0,0,0,0,0,0,0,0,0,0,0,0,10.819778284410283
TV Media Blog 2024-25 Week 12,https://tvmediablog.substack.com/api/v1/posts/2025-college-basketball-week-12-viewership,2024-25,basketball,men,Kent State/Ohio,Kent State,Ohio,2025-01-24,7PM,Prime,ESPNU,40000,listed,,,Regular Season,2025 College Basketball Week 12 Viewership,,,,,,,,,Friday,1,January,0,0,0,0,0,0,0,0,0,0,0,0,0,0,0,0,0,0,10.596634733096073
TV Media Blog 2024-25 Week 12,https://tvmediablog.substack.com/api/v1/posts/2025-college-basketball-week-12-viewership,2024-25,basketball,men,Arizona/Oklahoma State,Arizona,Oklahoma State,2025-01-21,9PM,Prime,ESPNU,34000,listed,,,Regular Season,2025 College Basketball Week 12 Viewership,,,,,,,,,Tuesday,1,January,0,0,24,0,1,0,0,0,0,1,0,0,0,0,0,0,0,0,10.4341158035983
TV Media Blog 2024-25 Week 12,https://tvmediablog.substack.com/api/v1/posts/2025-college-basketball-week-12-viewership,2024-25,basketball,men,Utah/BYU,Utah,BYU,2025-01-25,4:30PM,Mid,ESPNU,34000,listed,,,Regular Season,2025 College Basketball Week 12 Viewership,,,,,,,,,Saturday,1,January,1,0,0,0,0,21,0,1,0,1,0,0,0,0,0,0,0,0,10.4341158035983
TV Media Blog 2024-25 Week 12,https://tvmediablog.substack.com/api/v1/posts/2025-college-basketball-week-12-viewership,2024-25,basketball,men,Miami (FL)/Stanford,Miami (FL),Stanford,2025-01-22,11PM,Prime,ESPNU,23000,listed,,,Regular Season,2025 College Basketball Week 12 Viewership,,,,,,,,,Wednesday,1,January,0,0,0,0,0,0,0,0,0,0,0,0,0,0,0,0,0,0,10.043249494911286
TV Media Blog 2024-25 Week 12,https://tvmediablog.substack.com/api/v1/posts/2025-college-basketball-week-12-viewership,2024-25,basketball,men,BYU/Colorado,BYU,Colorado,2025-01-21,11PM,Prime,ESPNU,16000,listed,,,Regular Season,2025 College Basketball Week 12 Viewership,,,,,,,,,Tuesday,1,January,0,0,21,0,1,18,0,1,0,2,0,0,0,0,0,0,0,0,9.680344001221918
TV Media Blog 2024-25 Week 12,https://tvmediablog.substack.com/api/v1/posts/2025-college-basketball-week-12-viewership,2024-25,basketball,men,Tulane/Rice,Tulane,Rice,2025-01-25,2:30PM,Early,ESPNU,15000,listed,,,Regular Season,2025 College Basketball Week 12 Viewership,,,,,,,,,Saturday,1,January,1,0,0,0,0,0,0,0,0,0,0,0,0,0,0,0,0,0,9.615805480084347
TV Media Blog 2024-25 Week 12,https://tvmediablog.substack.com/api/v1/posts/2025-college-basketball-week-12-viewership,2024-25,basketball,men,Miami (FL)/California,Miami (FL),California,2025-01-25,8:30PM,Prime,ESPNU,15000,listed,,,Regular Season,2025 College Basketball Week 12 Viewership,,,,,,,,,Saturday,1,January,1,0,0,0,0,0,0,0,0,0,0,0,0,0,0,0,0,0,9.615805480084347
TV Media Blog 2024-25 Week 12,https://tvmediablog.substack.com/api/v1/posts/2025-college-basketball-week-12-viewership,2024-25,basketball,men,Howard/Norfolk State,Howard,Norfolk State,2025-01-25,12:30PM,Early,ESPNU,12000,listed,,,Regular Season,2025 College Basketball Week 12 Viewership,,,,,,,,,Saturday,1,January,1,0,0,0,0,0,0,0,0,0,0,0,0,0,0,0,0,0,9.392661928770137
TV Media Blog 2024-25 Week 12,https://tvmediablog.substack.com/api/v1/posts/2025-college-basketball-week-12-viewership,2024-25,basketball,men,Morehead State/Eastern Illinois,Morehead State,Eastern Illinois,2025-01-23,9PM,Prime,ESPNU,11000,listed,,,Regular Season,2025 College Basketball Week 12 Viewership,,,,,,,,,Thursday,1,January,0,0,0,0,0,0,0,0,0,0,0,0,0,0,0,0,0,0,9.305650551780507
TV Media Blog 2024-25 Week 12,https://tvmediablog.substack.com/api/v1/posts/2025-college-basketball-week-12-viewership,2024-25,basketball,men,Samford/Chattanooga,Samford,Chattanooga,2025-01-23,7PM,Prime,ESPNU,9000,listed,,,Regular Season,2025 College Basketball Week 12 Viewership,,,,,,,,,Thursday,1,January,0,0,0,0,0,0,0,0,0,0,0,0,0,0,0,0,0,0,9.104979856318357
TV Media Blog 2024-25 Week 12,https://tvmediablog.substack.com/api/v1/posts/2025-college-basketball-week-12-viewership,2024-25,basketball,men,Middle Tennessee/Louisiana Tech,Middle Tennessee,Louisiana Tech,2025-01-25,6:30PM,Mid,ESPNU,9000,listed,,,Regular Season,2025 College Basketball Week 12 Viewership,,,,,,,,,Saturday,1,January,1,0,0,0,0,0,0,0,0,0,0,0,0,0,0,0,0,0,9.104979856318357
TV Media Blog 2024-25 Week 12,https://tvmediablog.substack.com/api/v1/posts/2025-college-basketball-week-12-viewership,2024-25,basketball,men,Utah Valley/California Baptist,Utah Valley,California Baptist,2025-01-23,11PM,Prime,ESPNU,8000,listed,,,Regular Season,2025 College Basketball Week 12 Viewership,,,,,,,,,Thursday,1,January,0,0,0,0,0,0,0,0,0,0,0,0,0,0,0,0,0,0,8.987196820661973
TV Media Blog 2024-25 Week 12,https://tvmediablog.substack.com/api/v1/posts/2025-college-basketball-week-12-viewership,2024-25,basketball,men,Florida Atlantic/North Texas,Florida Atlantic,North Texas,2025-01-26,2PM,Early,ESPNU,7000,listed,,,Regular Season,2025 College Basketball Week 12 Viewership,,,,,,,,,Sunday,1,January,1,0,24,0,1,0,0,0,0,1,0,0,0,0,0,0,0,0,8.85366542803745
TV Media Blog 2024-25 Week 13,https://tvmediablog.substack.com/api/v1/posts/2025-college-basketball-week-13-viewership,2024-25,basketball,men,North Carolina at Duke,North Carolina,Duke,2025-02-01,6:30PM,Mid,ESPN,2290000,listed,,,Regular Season,2025 College Basketball Week 13 Viewership,,,,,,,,,Saturday,2,February,1,0,20,0,1,2,1,0,1,1,0,0,0,0,0,0,0,0,14.644062375530423
TV Media Blog 2024-25 Week 13,https://tvmediablog.substack.com/api/v1/posts/2025-college-basketball-week-13-viewership,2024-25,basketball,men,Arkansas at Kentucky,Arkansas,Kentucky,2025-02-01,9PM,Prime,ESPN,1936000,listed,,,Regular Season,2025 College Basketball Week 13 Viewership,,,,,,,,,Saturday,2,February,1,0,23,0,1,12,0,1,0,2,0,0,0,0,0,0,0,0,14.47613454681866
TV Media Blog 2024-25 Week 13,https://tvmediablog.substack.com/api/v1/posts/2025-college-basketball-week-13-viewership,2024-25,basketball,men,Indiana at Purdue,Indiana,Purdue,2025-01-31,8PM,Prime,FOX,1453000,listed,,,Regular Season,2025 College Basketball Week 13 Viewership,,,,,,,,,Friday,1,January,0,0,14,0,1,10,1,0,1,1,0,0,0,0,0,0,0,0,14.18914094255242
TV Media Blog 2024-25 Week 13,https://tvmediablog.substack.com/api/v1/posts/2025-college-basketball-week-13-viewership,2024-25,basketball,men,Kentucky at Tennessee,Kentucky,Tennessee,2025-01-28,7PM,Prime,ESPN,1365000,listed,,,Regular Season,2025 College Basketball Week 13 Viewership,,,,,,,,,Tuesday,1,January,0,0,12,0,1,8,1,0,1,1,0,0,0,0,0,0,0,0,14.126664986601197
TV Media Blog 2024-25 Week 13,https://tvmediablog.substack.com/api/v1/posts/2025-college-basketball-week-13-viewership,2024-25,basketball,men,Florida at Tennessee,Florida,Tennessee,2025-02-01,12PM,Early,ESPN,1347000,listed,,,Regular Season,2025 College Basketball Week 13 Viewership,,,,,,,,,Saturday,2,February,1,0,5,1,0,8,1,0,2,0,0,0,0,0,0,0,0,0,14.113390455392501
TV Media Blog 2024-25 Week 13,https://tvmediablog.substack.com/api/v1/posts/2025-college-basketball-week-13-viewership,2024-25,basketball,men,Auburn at Ole Miss,Auburn,Ole Miss,2025-02-01,2PM,Early,ESPN,1338000,listed,,,Regular Season,2025 College Basketball Week 13 Viewership,,,,,,,,,Saturday,2,February,1,0,1,1,0,23,0,1,1,1,0,0,0,0,0,0,0,0,14.10668651967031
TV Media Blog 2024-25 Week 13,https://tvmediablog.substack.com/api/v1/posts/2025-college-basketball-week-13-viewership,2024-25,basketball,men,Kansas at Baylor,Kansas,Baylor,2025-02-01,4PM,Mid,ESPN,1284000,listed,,,Regular Season,2025 College Basketball Week 13 Viewership,,,,,,,,,Saturday,2,February,1,0,11,0,1,25,0,1,0,2,0,0,0,0,0,0,0,0,14.065490763232043
TV Media Blog 2024-25 Week 13,https://tvmediablog.substack.com/api/v1/posts/2025-college-basketball-week-13-viewership,2024-25,basketball,men,NC State/Duke,NC State,Duke,2025-01-27,8:30PM,Prime,ESPN,1064000,listed,,,Regular Season,2025 College Basketball Week 13 Viewership,,,,,,,,,Monday,1,January,0,0,0,0,0,2,1,0,1,0,0,0,0,0,0,0,0,0,13.877545948883727
TV Media Blog 2024-25 Week 13,https://tvmediablog.substack.com/api/v1/posts/2025-college-basketball-week-13-viewership,2024-25,basketball,men,North Carolina at Pitt,North Carolina,Pitt,2025-01-28,9PM,Prime,ESPN,826000,listed,,,Regular Season,2025 College Basketball Week 13 Viewership,,,,,,,,,Tuesday,1,January,0,0,20,0,1,18,0,1,0,2,0,0,0,0,0,0,0,0,13.624350052503114
TV Media Blog 2024-25 Week 13,https://tvmediablog.substack.com/api/v1/posts/2025-college-basketball-week-13-viewership,2024-25,basketball,men,UConn at Marquette,UConn,Marquette,2025-02-01,8PM,Prime,FOX,770000,listed,,,Regular Season,2025 College Basketball Week 13 Viewership,,,,,,,,,Saturday,2,February,1,0,25,0,1,9,1,0,1,1,0,0,0,0,0,0,0,0,13.554145793829866
TV Media Blog 2024-25 Week 13,https://tvmediablog.substack.com/api/v1/posts/2025-college-basketball-week-13-viewership,2024-25,basketball,men,Gonzaga at Saint Mary's,Gonzaga,Saint Mary's,2025-02-01,11PM,Prime,ESPN,762000,listed,,,Regular Season,2025 College Basketball Week 13 Viewership,,,,,,,,,Saturday,2,February,1,0,16,0,1,15,0,1,0,2,0,0,0,0,0,0,0,0,13.543701834668783
TV Media Blog 2024-25 Week 13,https://tvmediablog.substack.com/api/v1/posts/2025-college-basketball-week-13-viewership,2024-25,basketball,men,Texas Tech at Houston,Texas Tech,Houston,2025-02-01,6PM,Mid,ESPN2,641000,listed,,,Regular Season,2025 College Basketball Week 13 Viewership,,,,,,,,,Saturday,2,February,1,0,22,0,1,6,1,0,1,1,0,0,0,0,0,0,0,0,13.370784735902808
TV Media Blog 2024-25 Week 13,https://tvmediablog.substack.com/api/v1/posts/2025-college-basketball-week-13-viewership,2024-25,basketball,men,Iowa State/Arizona,Iowa State,Arizona,2025-01-27,10:30PM,Prime,ESPN,633000,listed,,,Regular Season,2025 College Basketball Week 13 Viewership,,,,,,,,,Monday,1,January,0,0,3,1,0,24,0,1,1,1,0,0,0,0,0,0,0,0,13.358225701126313
TV Media Blog 2024-25 Week 13,https://tvmediablog.substack.com/api/v1/posts/2025-college-basketball-week-13-viewership,2024-25,basketball,men,Georgia at Alabama,Georgia,Alabama,2025-02-01,4PM,Mid,ESPN2,487000,listed,,,Regular Season,2025 College Basketball Week 13 Viewership,,,,,,,,,Saturday,2,February,1,0,23,0,1,4,1,0,1,1,0,0,0,0,0,0,0,0,13.096019402064726
TV Media Blog 2024-25 Week 13,https://tvmediablog.substack.com/api/v1/posts/2025-college-basketball-week-13-viewership,2024-25,basketball,men,Illinois at Nebraska,Illinois,Nebraska,2025-01-30,8:30PM,Prime,FS1,413000,listed,,,Regular Season,2025 College Basketball Week 13 Viewership,,,,,,,,,Thursday,1,January,0,0,18,0,1,0,0,0,0,1,0,0,0,0,0,0,0,0,12.931202871943169
TV Media Blog 2024-25 Week 13,https://tvmediablog.substack.com/api/v1/posts/2025-college-basketball-week-13-viewership,2024-25,basketball,men,Kansas State at Iowa State,Kansas State,Iowa State,2025-02-01,2PM,Early,ESPN2,407000,listed,,,Regular Season,2025 College Basketball Week 13 Viewership,,,,,,,,,Saturday,2,February,1,0,0,0,0,3,1,0,1,0,0,0,0,0,0,0,0,0,12.916568464424731
TV Media Blog 2024-25 Week 13,https://tvmediablog.substack.com/api/v1/posts/2025-college-basketball-week-13-viewership,2024-25,basketball,men,Notre Dame at Miami (FL),Notre Dame,Miami (FL),2025-02-01,8PM,Prime,ESPN2,336000,listed,,,Regular Season,2025 College Basketball Week 13 Viewership,,,,,,,,,Saturday,2,February,1,0,0,0,0,0,0,0,0,0,0,0,0,0,0,0,0,0,12.724866438945341
TV Media Blog 2024-25 Week 13,https://tvmediablog.substack.com/api/v1/posts/2025-college-basketball-week-13-viewership,2024-25,basketball,men,Iowa/Ohio State,Iowa,Ohio State,2025-01-27,8PM,Prime,FS1,330000,listed,,,Regular Season,2025 College Basketball Week 13 Viewership,,,,,,,,,Monday,1,January,0,0,0,0,0,21,0,1,0,1,0,0,0,0,0,0,0,0,12.706847933442663
TV Media Blog 2024-25 Week 13,https://tvmediablog.substack.com/api/v1/posts/2025-college-basketball-week-13-viewership,2024-25,basketball,men,Wisconsin at Maryland,Wisconsin,Maryland,2025-01-29,7PM,Prime,BTN,314000,listed,,,Regular Season,2025 College Basketball Week 13 Viewership,,,,,,,,,Wednesday,1,January,0,0,17,0,1,0,0,0,0,1,0,0,0,0,0,0,0,0,12.65714826489039
TV Media Blog 2024-25 Week 13,https://tvmediablog.substack.com/api/v1/posts/2025-college-basketball-week-13-viewership,2024-25,basketball,men,Ohio State/Penn State,Ohio State,Penn State,2025-01-30,6:30PM,Mid,FS1,294000,listed,,,Regular Season,2025 College Basketball Week 13 Viewership,,,,,,,,,Thursday,1,January,0,0,21,0,1,0,0,0,0,1,0,0,0,0,0,0,0,0,12.591335046320818
TV Media Blog 2024-25 Week 13,https://tvmediablog.substack.com/api/v1/posts/2025-college-basketball-week-13-viewership,2024-25,basketball,men,Penn State/Michigan,Penn State,Michigan,2025-01-27,6:30PM,Mid,BTN,271000,listed,,,Regular Season,2025 College Basketball Week 13 Viewership,,,,,,,,,Monday,1,January,0,0,0,0,0,21,0,1,0,1,0,0,0,0,0,0,0,0,12.509874099861838
TV Media Blog 2024-25 Week 13,https://tvmediablog.substack.com/api/v1/posts/2025-college-basketball-week-13-viewership,2024-25,basketball,men,Pitt at Wake Forest,Pitt,Wake Forest,2025-02-01,12PM,Early,ESPN2,264000,listed,,,Regular Season,2025 College Basketball Week 13 Viewership,,,,,,,,,Saturday,2,February,1,0,18,0,1,0,0,0,0,1,0,0,0,0,0,0,0,0,12.483704382128453
TV Media Blog 2024-25 Week 13,https://tvmediablog.substack.com/api/v1/posts/2025-college-basketball-week-13-viewership,2024-25,basketball,men,Wisconsin at Northwestern,Wisconsin,Northwestern,2025-02-01,2PM,Early,FS1,253000,listed,,,Regular Season,2025 College Basketball Week 13 Viewership,,,,,,,,,Saturday,2,February,1,0,17,0,1,25,0,1,0,2,0,0,0,0,0,0,0,0,12.441144767709657
TV Media Blog 2024-25 Week 13,https://tvmediablog.substack.com/api/v1/posts/2025-college-basketball-week-13-viewership,2024-25,basketball,men,Nebraska at Oregon,Nebraska,Oregon,2025-02-02,7:30PM,Prime,BTN,244000,listed,,,Regular Season,2025 College Basketball Week 13 Viewership,,,,,,,,,Sunday,2,February,1,0,0,0,0,16,0,1,0,1,0,0,0,0,0,0,0,0,12.404923504275338
TV Media Blog 2024-25 Week 13,https://tvmediablog.substack.com/api/v1/posts/2025-college-basketball-week-13-viewership,2024-25,basketball,men,New Mexico at Utah State,New Mexico,Utah State,2025-02-01,9:30PM,Prime,FS1,224000,listed,,,Regular Season,2025 College Basketball Week 13 Viewership,,,,,,,,,Saturday,2,February,1,0,25,0,1,22,0,1,0,2,0,0,0,0,0,0,0,0,12.319401330837177
TV Media Blog 2024-25 Week 13,https://tvmediablog.substack.com/api/v1/posts/2025-college-basketball-week-13-viewership,2024-25,basketball,men,Baylor at BYU,Baylor,BYU,2025-01-28,9PM,Prime,ESPN2,221000,listed,,,Regular Season,2025 College Basketball Week 13 Viewership,,,,,,,,,Tuesday,1,January,0,0,25,0,1,21,0,1,0,2,0,0,0,0,0,0,0,0,12.30591798049989
TV Media Blog 2024-25 Week 13,https://tvmediablog.substack.com/api/v1/posts/2025-college-basketball-week-13-viewership,2024-25,basketball,men,Xavier at Creighton,Xavier,Creighton,2025-01-29,8PM,Prime,FS1,186000,listed,,,Regular Season,2025 College Basketball Week 13 Viewership,,,,,,,,,Wednesday,1,January,0,0,22,0,1,21,0,1,0,2,0,0,0,0,0,0,0,0,12.133501952695338
TV Media Blog 2024-25 Week 13,https://tvmediablog.substack.com/api/v1/posts/2025-college-basketball-week-13-viewership,2024-25,basketball,men,Seton Hall at DePaul,Seton Hall,DePaul,2025-02-02,6PM,Mid,FS1,184000,listed,,,Regular Season,2025 College Basketball Week 13 Viewership,,,,,,,,,Sunday,2,February,1,0,0,0,0,0,0,0,0,0,0,0,0,0,0,0,0,0,12.122691036591123
TV Media Blog 2024-25 Week 13,https://tvmediablog.substack.com/api/v1/posts/2025-college-basketball-week-13-viewership,2024-25,basketball,men,Dayton at Saint Louis,Dayton,Saint Louis,2025-01-31,7PM,Prime,ESPN2,175000,listed,,,Regular Season,2025 College Basketball Week 13 Viewership,,,,,,,,,Friday,1,January,0,0,22,0,1,0,0,0,0,1,0,0,0,0,0,0,0,0,12.072541252905651
TV Media Blog 2024-25 Week 13,https://tvmediablog.substack.com/api/v1/posts/2025-college-basketball-week-13-viewership,2024-25,basketball,men,Texas at Ole Miss,Texas,Ole Miss,2025-01-29,9PM,Prime,ESPN2,170000,listed,,,Regular Season,2025 College Basketball Week 13 Viewership,,,,,,,,,Wednesday,1,January,0,0,19,0,1,23,0,1,0,2,0,0,0,0,0,0,0,0,12.043553716032399
TV Media Blog 2024-25 Week 13,https://tvmediablog.substack.com/api/v1/posts/2025-college-basketball-week-13-viewership,2024-25,basketball,men,Memphis at Tulane,Memphis,Tulane,2025-01-30,9PM,Prime,ESPN2,165000,listed,,,Regular Season,2025 College Basketball Week 13 Viewership,,,,,,,,,Thursday,1,January,0,0,19,0,1,0,0,0,0,1,0,0,0,0,0,0,0,0,12.013700752882718
TV Media Blog 2024-25 Week 13,https://tvmediablog.substack.com/api/v1/posts/2025-college-basketball-week-13-viewership,2024-25,basketball,men,Oregon State at Gonzaga,Oregon State,Gonzaga,2025-01-28,11PM,Prime,ESPN2,161000,listed,,,Regular Season,2025 College Basketball Week 13 Viewership,,,,,,,,,Tuesday,1,January,0,0,0,0,0,16,0,1,0,1,0,0,0,0,0,0,0,0,11.9891596439666
TV Media Blog 2024-25 Week 13,https://tvmediablog.substack.com/api/v1/posts/2025-college-basketball-week-13-viewership,2024-25,basketball,men,St. John's at Georgetown,St. John's,Georgetown,2025-01-28,6:30PM,Mid,FS1,154000,listed,,,Regular Season,2025 College Basketball Week 13 Viewership,,,,,,,,,Tuesday,1,January,0,0,15,0,1,0,0,0,0,1,0,0,0,0,0,0,0,0,11.944707881395766
TV Media Blog 2024-25 Week 13,https://tvmediablog.substack.com/api/v1/posts/2025-college-basketball-week-13-viewership,2024-25,basketball,men,UCLA/USC,UCLA,USC,2025-01-27,10PM,Prime,FS1,153000,listed,,,Regular Season,2025 College Basketball Week 13 Viewership,,,,,,,,,Monday,1,January,0,0,22,0,1,23,0,1,0,2,0,0,0,0,0,0,0,0,11.938193200374572
TV Media Blog 2024-25 Week 13,https://tvmediablog.substack.com/api/v1/posts/2025-college-basketball-week-13-viewership,2024-25,basketball,men,Oregon at UCLA,Oregon,UCLA,2025-01-30,10:30PM,Prime,FS1,146000,listed,,,Regular Season,2025 College Basketball Week 13 Viewership,,,,,,,,,Thursday,1,January,0,0,16,0,1,22,0,1,0,2,0,0,0,0,0,0,0,0,11.891361900690473
TV Media Blog 2024-25 Week 13,https://tvmediablog.substack.com/api/v1/posts/2025-college-basketball-week-13-viewership,2024-25,basketball,men,Syracuse at California,Syracuse,California,2025-02-01,10PM,Prime,ESPN2,144000,listed,,,Regular Season,2025 College Basketball Week 13 Viewership,,,,,,,,,Saturday,2,February,1,0,0,0,0,0,0,0,0,0,0,0,0,0,0,0,0,0,11.877568578558138
TV Media Blog 2024-25 Week 13,https://tvmediablog.substack.com/api/v1/posts/2025-college-basketball-week-13-viewership,2024-25,basketball,men,Washington at Minnesota,Washington,Minnesota,2025-02-01,12PM,Early,BTN,141000,listed,,,Regular Season,2025 College Basketball Week 13 Viewership,,,,,,,,,Saturday,2,February,1,0,0,0,0,0,0,0,0,0,0,0,0,0,0,0,0,0,11.856515169360305
TV Media Blog 2024-25 Week 13,https://tvmediablog.substack.com/api/v1/posts/2025-college-basketball-week-13-viewership,2024-25,basketball,men,Marquette at Butler,Marquette,Butler,2025-01-28,8:30PM,Prime,FS1,138000,listed,,,Regular Season,2025 College Basketball Week 13 Viewership,,,,,,,,,Tuesday,1,January,0,0,9,1,0,0,0,0,1,0,0,0,0,0,0,0,0,0,11.835008964139341
TV Media Blog 2024-25 Week 13,https://tvmediablog.substack.com/api/v1/posts/2025-college-basketball-week-13-viewership,2024-25,basketball,men,TCU at Texas Tech,TCU,Texas Tech,2025-01-29,7PM,Prime,ESPN2,132000,listed,,,Regular Season,2025 College Basketball Week 13 Viewership,,,,,,,,,Wednesday,1,January,0,0,25,0,1,22,0,1,0,2,0,0,0,0,0,0,0,0,11.790557201568507
TV Media Blog 2024-25 Week 13,https://tvmediablog.substack.com/api/v1/posts/2025-college-basketball-week-13-viewership,2024-25,basketball,men,Bradley at UNI,Bradley,UNI,2025-02-02,4PM,Mid,ESPN2,129000,listed,,,Regular Season,2025 College Basketball Week 13 Viewership,,,,,,,,,Sunday,2,February,1,0,0,0,0,0,0,0,0,0,0,0,0,0,0,0,0,0,11.76756768334381
TV Media Blog 2024-25 Week 13,https://tvmediablog.substack.com/api/v1/posts/2025-college-basketball-week-13-viewership,2024-25,basketball,men,Butler at Georgetown,Butler,Georgetown,2025-01-31,6:30PM,Mid,FS1,115000,listed,,,Regular Season,2025 College Basketball Week 13 Viewership,,,,,,,,,Friday,1,January,0,0,0,0,0,0,0,0,0,0,0,0,0,0,0,0,0,0,11.652687407345388
TV Media Blog 2024-25 Week 13,https://tvmediablog.substack.com/api/v1/posts/2025-college-basketball-week-13-viewership,2024-25,basketball,men,Rutgers at Northwestern,Rutgers,Northwestern,2025-01-29,9PM,Prime,BTN,112000,listed,,,Regular Season,2025 College Basketball Week 13 Viewership,,,,,,,,,Wednesday,1,January,0,0,24,0,1,25,0,1,0,2,0,0,0,0,0,0,0,0,11.626254150277232
TV Media Blog 2024-25 Week 13,https://tvmediablog.substack.com/api/v1/posts/2025-college-basketball-week-13-viewership,2024-25,basketball,men,Yale at Princeton,Yale,Princeton,2025-01-31,5PM,Mid,ESPN2,110000,listed,,,Regular Season,2025 College Basketball Week 13 Viewership,,,,,,,,,Friday,1,January,0,0,0,0,0,0,0,0,0,0,0,0,0,0,0,0,0,0,11.608235644774552
TV Media Blog 2024-25 Week 13,https://tvmediablog.substack.com/api/v1/posts/2025-college-basketball-week-13-viewership,2024-25,basketball,men,South Florida at Florida Atlantic,South Florida,Florida Atlantic,2025-02-02,2PM,Early,ESPN2,104000,listed,,,Regular Season,2025 College Basketball Week 13 Viewership,,,,,,,,,Sunday,2,February,1,0,24,0,1,24,0,1,0,2,0,0,0,0,0,0,0,0,11.55214617812351
TV Media Blog 2024-25 Week 13,https://tvmediablog.substack.com/api/v1/posts/2025-college-basketball-week-13-viewership,2024-25,basketball,men,Virginia at Miami (FL),Virginia,Miami (FL),2025-01-29,7PM,Prime,ESPNU,70000,listed,,,Regular Season,2025 College Basketball Week 13 Viewership,,,,,,,,,Wednesday,1,January,0,0,21,0,1,0,0,0,0,1,0,0,0,0,0,0,0,0,11.156250521031495
TV Media Blog 2024-25 Week 13,https://tvmediablog.substack.com/api/v1/posts/2025-college-basketball-week-13-viewership,2024-25,basketball,men,UNLV at Utah State,UNLV,Utah State,2025-01-29,10PM,Prime,FS1,66000,listed,,,Regular Season,2025 College Basketball Week 13 Viewership,,,,,,,,,Wednesday,1,January,0,0,0,0,0,22,0,1,0,1,0,0,0,0,0,0,0,0,11.097410021008562
TV Media Blog 2024-25 Week 13,https://tvmediablog.substack.com/api/v1/posts/2025-college-basketball-week-13-viewership,2024-25,basketball,men,Toledo at Ohio,Toledo,Ohio,2025-01-28,7PM,Prime,ESPN2,58000,listed,,,Regular Season,2025 College Basketball Week 13 Viewership,,,,,,,,,Tuesday,1,January,0,0,0,0,0,0,0,0,0,0,0,0,0,0,0,0,0,0,10.968198289528557
TV Media Blog 2024-25 Week 13,https://tvmediablog.substack.com/api/v1/posts/2025-college-basketball-week-13-viewership,2024-25,basketball,men,San Jose State at San Diego State,San Jose State,San Diego State,2025-01-28,10:30PM,Prime,FS1,54000,listed,,,Regular Season,2025 College Basketball Week 13 Viewership,,,,,,,,,Tuesday,1,January,0,0,0,0,0,20,0,1,0,1,0,0,0,0,0,0,0,0,10.896739325546411
TV Media Blog 2024-25 Week 13,https://tvmediablog.substack.com/api/v1/posts/2025-college-basketball-week-13-viewership,2024-25,basketball,men,Fordham at St. Bonaventure,Fordham,St. Bonaventure,2025-02-01,12:30PM,Early,USA,47000,listed,,,Regular Season,2025 College Basketball Week 13 Viewership,,,,,,,,,Saturday,2,February,1,0,0,0,0,0,0,0,0,0,0,0,0,0,0,0,0,0,10.757902880692196
TV Media Blog 2024-25 Week 13,https://tvmediablog.substack.com/api/v1/posts/2025-college-basketball-week-13-viewership,2024-25,basketball,men,Syracuse at Stanford,Syracuse,Stanford,2025-01-29,11PM,Prime,ESPNU,27000,listed,,,Regular Season,2025 College Basketball Week 13 Viewership,,,,,,,,,Wednesday,1,January,0,0,0,0,0,0,0,0,0,0,0,0,0,0,0,0,0,0,10.203592144986466
TV Media Blog 2024-25 Week 13,https://tvmediablog.substack.com/api/v1/posts/2025-college-basketball-week-13-viewership,2024-25,basketball,men,George Washington at La Salle,George Washington,La Salle,2025-02-01,2:30PM,Early,USA,25000,listed,,,Regular Season,2025 College Basketball Week 13 Viewership,,,,,,,,,Saturday,2,February,1,0,0,0,0,0,0,0,0,0,0,0,0,0,0,0,0,0,10.126631103850338
TV Media Blog 2024-25 Week 13,https://tvmediablog.substack.com/api/v1/posts/2025-college-basketball-week-13-viewership,2024-25,basketball,men,Saint Mary's at Santa Clara,Saint Mary's,Santa Clara,2025-01-29,9PM,Prime,ESPNU,22000,listed,,,Regular Season,2025 College Basketball Week 13 Viewership,,,,,,,,,Wednesday,1,January,0,0,15,0,1,0,0,0,0,1,0,0,0,0,0,0,0,0,9.998797732340453
TV Media Blog 2024-25 Week 13,https://tvmediablog.substack.com/api/v1/posts/2025-college-basketball-week-13-viewership,2024-25,basketball,men,Tulsa at Tulane,Tulsa,Tulane,2025-02-02,2PM,Early,ESPNU,17000,listed,,,Regular Season,2025 College Basketball Week 13 Viewership,,,,,,,,,Sunday,2,February,1,0,0,0,0,0,0,0,0,0,0,0,0,0,0,0,0,0,9.740968623038354
TV Media Blog 2024-25 Week 13,https://tvmediablog.substack.com/api/v1/posts/2025-college-basketball-week-13-viewership,2024-25,basketball,men,Siena at Marist,Siena,Marist,2025-01-31,9PM,Prime,ESPNU,15000,listed,,,Regular Season,2025 College Basketball Week 13 Viewership,,,,,,,,,Friday,1,January,0,0,0,0,0,0,0,0,0,0,0,0,0,0,0,0,0,0,9.615805480084347
TV Media Blog 2024-25 Week 13,https://tvmediablog.substack.com/api/v1/posts/2025-college-basketball-week-13-viewership,2024-25,basketball,men,Drake at Southern Illinois,Drake,Southern Illinois,2025-02-01,2PM,Early,ESPNU,15000,listed,,,Regular Season,2025 College Basketball Week 13 Viewership,,,,,,,,,Saturday,2,February,1,0,0,0,0,0,0,0,0,0,0,0,0,0,0,0,0,0,9.615805480084347
TV Media Blog 2024-25 Week 13,https://tvmediablog.substack.com/api/v1/posts/2025-college-basketball-week-13-viewership,2024-25,basketball,men,UT Martin at Little Rock,UT Martin,Little Rock,2025-02-01,6PM,Mid,ESPNU,12000,listed,,,Regular Season,2025 College Basketball Week 13 Viewership,,,,,,,,,Saturday,2,February,1,0,0,0,0,0,0,0,0,0,0,0,0,0,0,0,0,0,9.392661928770137
TV Media Blog 2024-25 Week 13,https://tvmediablog.substack.com/api/v1/posts/2025-college-basketball-week-13-viewership,2024-25,basketball,men,Sam Houston at Louisiana Tech,Sam Houston,Louisiana Tech,2025-02-01,4PM,Mid,ESPNU,9000,listed,,,Regular Season,2025 College Basketball Week 13 Viewership,,,,,,,,,Saturday,2,February,1,0,0,0,0,0,0,0,0,0,0,0,0,0,0,0,0,0,9.104979856318357
TV Media Blog 2024-25 Week 13,https://tvmediablog.substack.com/api/v1/posts/2025-college-basketball-week-13-viewership,2024-25,basketball,men,Seattle U at Grand Canyon,Seattle U,Grand Canyon,2025-01-30,11PM,Prime,ESPNU,7000,listed,,,Regular Season,2025 College Basketball Week 13 Viewership,,,,,,,,,Thursday,1,January,0,0,0,0,0,0,0,0,0,0,0,0,0,0,0,0,0,0,8.85366542803745
TV Media Blog 2024-25 Week 13,https://tvmediablog.substack.com/api/v1/posts/2025-college-basketball-week-13-viewership,2024-25,basketball,men,Rice at South Florida,Rice,South Florida,2025-01-28,7PM,Prime,ESPNU,6000,listed,,,Regular Season,2025 College Basketball Week 13 Viewership,,,,,,,,,Tuesday,1,January,0,0,0,0,0,24,0,1,0,1,0,0,0,0,0,0,0,0,8.699514748210191
TV Media Blog 2024-25 Week 13,https://tvmediablog.substack.com/api/v1/posts/2025-college-basketball-week-13-viewership,2024-25,basketball,men,Cleveland State at Purdue Fort Wayne,Cleveland State,Purdue Fort Wayne,2025-01-30,9PM,Prime,ESPNU,5000,listed,,,Regular Season,2025 College Basketball Week 13 Viewership,,,,,,,,,Thursday,1,January,0,0,0,0,0,0,0,0,0,0,0,0,0,0,0,0,0,0,8.517193191416238
TV Media Blog 2024-25 Week 13,https://tvmediablog.substack.com/api/v1/posts/2025-college-basketball-week-13-viewership,2024-25,basketball,men,Bryant at UMBC,Bryant,UMBC,2025-01-30,7PM,Prime,ESPNU,3000,listed,,,Regular Season,2025 College Basketball Week 13 Viewership,,,,,,,,,Thursday,1,January,0,0,0,0,0,0,0,0,0,0,0,0,0,0,0,0,0,0,8.006367567650246
TV Media Blog 2024-25 Week 14,https://tvmediablog.substack.com/api/v1/posts/2025-college-basketball-week-14-viewership,2024-25,basketball,men,Duke at Clemson,Duke,Clemson,2025-02-08,6:30PM,Mid,ESPN,2102000,listed,,,Regular Season,2025 College Basketball Week 14 Viewership,,,,,,,,,Saturday,2,February,1,0,2,1,0,25,0,1,1,1,0,0,0,0,0,0,0,0,14.558399830419033
TV Media Blog 2024-25 Week 14,https://tvmediablog.substack.com/api/v1/posts/2025-college-basketball-week-14-viewership,2024-25,basketball,men,Alabama at Arkansas,Alabama,Arkansas,2025-02-08,9PM,Prime,ESPN,1480000,listed,,,Regular Season,2025 College Basketball Week 14 Viewership,,,,,,,,,Saturday,2,February,1,0,3,1,0,23,0,1,1,1,0,0,0,0,0,0,0,0,14.207552645740298
TV Media Blog 2024-25 Week 14,https://tvmediablog.substack.com/api/v1/posts/2025-college-basketball-week-14-viewership,2024-25,basketball,men,St. John's at UConn,St. John's,UConn,2025-02-07,8PM,Prime,FOX,1450000,listed,,,Regular Season,2025 College Basketball Week 14 Viewership,,,,,,,,,Friday,2,February,0,0,12,0,1,19,0,1,0,2,0,0,0,0,0,0,0,0,14.187074114396758
TV Media Blog 2024-25 Week 14,https://tvmediablog.substack.com/api/v1/posts/2025-college-basketball-week-14-viewership,2024-25,basketball,men,Iowa State at Kansas,Iowa State,Kansas,2025-02-03,9PM,Prime,ESPN,1035000,listed,,,Regular Season,2025 College Basketball Week 14 Viewership,,,,,,,,,Monday,2,February,0,0,8,1,0,16,0,1,1,1,0,0,0,0,0,0,0,0,13.849911984681606
TV Media Blog 2024-25 Week 14,https://tvmediablog.substack.com/api/v1/posts/2025-college-basketball-week-14-viewership,2024-25,basketball,men,Florida at Auburn,Florida,Auburn,2025-02-08,4PM,Mid,ESPN2,1033000,listed,,,Regular Season,2025 College Basketball Week 14 Viewership,,,,,,,,,Saturday,2,February,1,0,6,1,0,1,1,0,2,0,0,0,0,0,0,0,0,0,13.847977748101776
TV Media Blog 2024-25 Week 14,https://tvmediablog.substack.com/api/v1/posts/2025-college-basketball-week-14-viewership,2024-25,basketball,men,Kansas at Kansas State,Kansas,Kansas State,2025-02-08,2PM,Early,ESPN,850000,listed,,,Regular Season,2025 College Basketball Week 14 Viewership,,,,,,,,,Saturday,2,February,1,0,16,0,1,0,0,0,0,1,0,0,0,0,0,0,0,0,13.652991628466498
TV Media Blog 2024-25 Week 14,https://tvmediablog.substack.com/api/v1/posts/2025-college-basketball-week-14-viewership,2024-25,basketball,men,Kentucky at Ole Miss,Kentucky,Ole Miss,2025-02-04,7PM,Prime,ESPN,817000,listed,,,Regular Season,2025 College Basketball Week 14 Viewership,,,,,,,,,Tuesday,2,February,0,0,14,0,1,25,0,1,0,2,0,0,0,0,0,0,0,0,13.61339437384214
TV Media Blog 2024-25 Week 14,https://tvmediablog.substack.com/api/v1/posts/2025-college-basketball-week-14-viewership,2024-25,basketball,men,Tennessee at Oklahoma,Tennessee,Oklahoma,2025-02-08,12PM,Early,ESPN,723000,listed,,,Regular Season,2025 College Basketball Week 14 Viewership,,,,,,,,,Saturday,2,February,1,0,4,1,0,17,0,1,1,1,0,0,0,0,0,0,0,0,13.491164501140902
TV Media Blog 2024-25 Week 14,https://tvmediablog.substack.com/api/v1/posts/2025-college-basketball-week-14-viewership,2024-25,basketball,men,Texas Tech at Arizona,Texas Tech,Arizona,2025-02-08,11PM,Prime,ESPN,687000,listed,,,Regular Season,2025 College Basketball Week 14 Viewership,,,,,,,,,Saturday,2,February,1,0,13,0,1,20,0,1,0,2,0,0,0,0,0,0,0,0,13.440089571204487
TV Media Blog 2024-25 Week 14,https://tvmediablog.substack.com/api/v1/posts/2025-college-basketball-week-14-viewership,2024-25,basketball,men,Duke at Syracuse,Duke,Syracuse,2025-02-05,7PM,Prime,ESPN2,550000,listed,,,Regular Season,2025 College Basketball Week 14 Viewership,,,,,,,,,Wednesday,2,February,0,0,2,1,0,0,0,0,1,0,0,0,0,0,0,0,0,0,13.217673557208654
TV Media Blog 2024-25 Week 14,https://tvmediablog.substack.com/api/v1/posts/2025-college-basketball-week-14-viewership,2024-25,basketball,men,Virginia at Pitt,Virginia,Pitt,2025-02-03,7PM,Prime,ESPN,500000,listed,,,Regular Season,2025 College Basketball Week 14 Viewership,,,,,,,,,Monday,2,February,0,0,21,0,1,18,0,1,0,2,0,0,0,0,0,0,0,0,13.122363377404328
TV Media Blog 2024-25 Week 14,https://tvmediablog.substack.com/api/v1/posts/2025-college-basketball-week-14-viewership,2024-25,basketball,men,South Carolina at Kentucky,South Carolina,Kentucky,2025-02-08,12PM,Early,ESPN2,493000,listed,,,Regular Season,2025 College Basketball Week 14 Viewership,,,,,,,,,Saturday,2,February,1,0,16,0,1,14,0,1,0,2,0,0,0,0,0,0,0,0,13.108264453024827
TV Media Blog 2024-25 Week 14,https://tvmediablog.substack.com/api/v1/posts/2025-college-basketball-week-14-viewership,2024-25,basketball,men,BYU at Cincinnati,BYU,Cincinnati,2025-02-08,6PM,Mid,ESPN2,461000,listed,,,Regular Season,2025 College Basketball Week 14 Viewership,,,,,,,,,Saturday,2,February,1,0,21,0,1,16,0,1,0,2,0,0,0,0,0,0,0,0,13.041153321978786
TV Media Blog 2024-25 Week 14,https://tvmediablog.substack.com/api/v1/posts/2025-college-basketball-week-14-viewership,2024-25,basketball,men,Arkansas at Texas,Arkansas,Texas,2025-02-05,9PM,Prime,ESPN2,412000,listed,,,Regular Season,2025 College Basketball Week 14 Viewership,,,,,,,,,Wednesday,2,February,0,0,23,0,1,19,0,1,0,2,0,0,0,0,0,0,0,0,12.928778628331663
TV Media Blog 2024-25 Week 14,https://tvmediablog.substack.com/api/v1/posts/2025-college-basketball-week-14-viewership,2024-25,basketball,men,Temple at Memphis,Temple,Memphis,2025-02-09,2PM,Early,ESPN2,411000,listed,,,Regular Season,2025 College Basketball Week 14 Viewership,,,,,,,,,Sunday,2,February,1,0,0,0,0,17,0,1,0,1,0,0,0,0,0,0,0,0,12.926348493478372
TV Media Blog 2024-25 Week 14,https://tvmediablog.substack.com/api/v1/posts/2025-college-basketball-week-14-viewership,2024-25,basketball,men,Illinois at Minnesota,Illinois,Minnesota,2025-02-08,6PM,Mid,BTN,347000,listed,,,Regular Season,2025 College Basketball Week 14 Viewership,,,,,,,,,Saturday,2,February,1,0,23,0,1,0,0,0,0,1,0,0,0,0,0,0,0,0,12.757080058928997
TV Media Blog 2024-25 Week 14,https://tvmediablog.substack.com/api/v1/posts/2025-college-basketball-week-14-viewership,2024-25,basketball,men,Ohio State at Nebraska,Ohio State,Nebraska,2025-02-09,2PM,Early,BTN,343000,listed,,,Regular Season,2025 College Basketball Week 14 Viewership,,,,,,,,,Sunday,2,February,1,0,21,0,1,0,0,0,0,1,0,0,0,0,0,0,0,0,12.745485726148077
TV Media Blog 2024-25 Week 14,https://tvmediablog.substack.com/api/v1/posts/2025-college-basketball-week-14-viewership,2024-25,basketball,men,Miami (FL) at Louisville,Miami (FL),Louisville,2025-02-08,2PM,Early,ESPN2,332000,listed,,,Regular Season,2025 College Basketball Week 14 Viewership,,,,,,,,,Saturday,2,February,1,0,0,0,0,21,0,1,0,1,0,0,0,0,0,0,0,0,12.712890247898626
TV Media Blog 2024-25 Week 14,https://tvmediablog.substack.com/api/v1/posts/2025-college-basketball-week-14-viewership,2024-25,basketball,men,Maryland at Ohio State,Maryland,Ohio State,2025-02-06,7PM,Prime,FS1,325000,listed,,,Regular Season,2025 College Basketball Week 14 Viewership,,,,,,,,,Thursday,2,February,0,0,18,0,1,21,0,1,0,2,0,0,0,0,0,0,0,0,12.691580461311874
TV Media Blog 2024-25 Week 14,https://tvmediablog.substack.com/api/v1/posts/2025-college-basketball-week-14-viewership,2024-25,basketball,men,Marquette/St. John's,Marquette,St. John's,2025-02-04,6:30PM,Mid,FS1,320000,listed,,,Regular Season,2025 College Basketball Week 14 Viewership,,,,,,,,,Tuesday,2,February,0,0,11,0,1,12,0,1,0,2,0,0,0,0,0,0,0,0,12.676076274775909
TV Media Blog 2024-25 Week 14,https://tvmediablog.substack.com/api/v1/posts/2025-college-basketball-week-14-viewership,2024-25,basketball,men,USC at Purdue,USC,Purdue,2025-02-07,7PM,Prime,FS1,302000,listed,,,Regular Season,2025 College Basketball Week 14 Viewership,,,,,,,,,Friday,2,February,0,0,23,0,1,7,1,0,1,1,0,0,0,0,0,0,0,0,12.618182296357007
TV Media Blog 2024-25 Week 14,https://tvmediablog.substack.com/api/v1/posts/2025-college-basketball-week-14-viewership,2024-25,basketball,men,Illinois at Rutgers,Illinois,Rutgers,2025-02-05,8:30PM,Prime,BTN,294000,listed,,,Regular Season,2025 College Basketball Week 14 Viewership,,,,,,,,,Wednesday,2,February,0,0,23,0,1,24,0,1,0,2,0,0,0,0,0,0,0,0,12.591335046320818
TV Media Blog 2024-25 Week 14,https://tvmediablog.substack.com/api/v1/posts/2025-college-basketball-week-14-viewership,2024-25,basketball,men,Arizona at BYU,Arizona,BYU,2025-02-04,11PM,Prime,ESPN,279000,listed,,,Regular Season,2025 College Basketball Week 14 Viewership,,,,,,,,,Tuesday,2,February,0,0,20,0,1,21,0,1,0,2,0,0,0,0,0,0,0,0,12.538967060803502
TV Media Blog 2024-25 Week 14,https://tvmediablog.substack.com/api/v1/posts/2025-college-basketball-week-14-viewership,2024-25,basketball,men,Baylor at Texas Tech,Baylor,Texas Tech,2025-02-04,9PM,Prime,ESPN2,272000,listed,,,Regular Season,2025 College Basketball Week 14 Viewership,,,,,,,,,Tuesday,2,February,0,0,25,0,1,13,0,1,0,2,0,0,0,0,0,0,0,0,12.513557345278134
TV Media Blog 2024-25 Week 14,https://tvmediablog.substack.com/api/v1/posts/2025-college-basketball-week-14-viewership,2024-25,basketball,men,Oregon at Michigan,Oregon,Michigan,2025-02-05,6:30PM,Mid,BTN,238000,listed,,,Regular Season,2025 College Basketball Week 14 Viewership,,,,,,,,,Wednesday,2,February,0,0,16,0,1,24,0,1,0,2,0,0,0,0,0,0,0,0,12.380025952653611
TV Media Blog 2024-25 Week 14,https://tvmediablog.substack.com/api/v1/posts/2025-college-basketball-week-14-viewership,2024-25,basketball,men,Rutgers at Maryland,Rutgers,Maryland,2025-02-09,12PM,Early,BTN,234000,listed,,,Regular Season,2025 College Basketball Week 14 Viewership,,,,,,,,,Sunday,2,February,1,0,24,0,1,18,0,1,0,2,0,0,0,0,0,0,0,0,12.363076394339839
TV Media Blog 2024-25 Week 14,https://tvmediablog.substack.com/api/v1/posts/2025-college-basketball-week-14-viewership,2024-25,basketball,men,Xavier/Villanova,Xavier,Villanova,2025-02-09,12PM,Early,FS1,176000,listed,,,Regular Season,2025 College Basketball Week 14 Viewership,,,,,,,,,Sunday,2,February,1,0,22,0,1,18,0,1,0,2,0,0,0,0,0,0,0,0,12.078239274020289
TV Media Blog 2024-25 Week 14,https://tvmediablog.substack.com/api/v1/posts/2025-college-basketball-week-14-viewership,2024-25,basketball,men,VCU at Dayton,VCU,Dayton,2025-02-07,7PM,Prime,ESPN2,162000,listed,,,Regular Season,2025 College Basketball Week 14 Viewership,,,,,,,,,Friday,2,February,0,0,0,0,0,22,0,1,0,1,0,0,0,0,0,0,0,0,11.99535161421452
TV Media Blog 2024-25 Week 14,https://tvmediablog.substack.com/api/v1/posts/2025-college-basketball-week-14-viewership,2024-25,basketball,men,Creighton at Providence,Creighton,Providence,2025-02-05,8:30PM,Prime,FS1,152000,listed,,,Regular Season,2025 College Basketball Week 14 Viewership,,,,,,,,,Wednesday,2,February,0,0,21,0,1,23,0,1,0,2,0,0,0,0,0,0,0,0,11.931635799828413
TV Media Blog 2024-25 Week 14,https://tvmediablog.substack.com/api/v1/posts/2025-college-basketball-week-14-viewership,2024-25,basketball,men,Georgetown at Xavier,Georgetown,Xavier,2025-02-04,8:30PM,Prime,FS1,147000,listed,,,Regular Season,2025 College Basketball Week 14 Viewership,,,,,,,,,Tuesday,2,February,0,0,0,0,0,22,0,1,0,1,0,0,0,0,0,0,0,0,11.898187865760873
TV Media Blog 2024-25 Week 14,https://tvmediablog.substack.com/api/v1/posts/2025-college-basketball-week-14-viewership,2024-25,basketball,men,Pitt at North Carolina,Pitt,North Carolina,2025-02-08,4PM,Mid,ESPNU,135000,listed,,,Regular Season,2025 College Basketball Week 14 Viewership,,,,,,,,,Saturday,2,February,1,0,18,0,1,20,0,1,0,2,0,0,0,0,0,0,0,0,11.813030057420567
TV Media Blog 2024-25 Week 14,https://tvmediablog.substack.com/api/v1/posts/2025-college-basketball-week-14-viewership,2024-25,basketball,men,Saint Mary's at Oregon State,Saint Mary's,Oregon State,2025-02-08,10PM,Prime,ESPN2,121000,listed,,,Regular Season,2025 College Basketball Week 14 Viewership,,,,,,,,,Saturday,2,February,1,0,15,0,1,0,0,0,0,1,0,0,0,0,0,0,0,0,11.703545824578878
TV Media Blog 2024-25 Week 14,https://tvmediablog.substack.com/api/v1/posts/2025-college-basketball-week-14-viewership,2024-25,basketball,men,Nebraska at Washington,Nebraska,Washington,2025-02-05,10:30PM,Prime,BTN,116000,listed,,,Regular Season,2025 College Basketball Week 14 Viewership,,,,,,,,,Wednesday,2,February,0,0,0,0,0,0,0,0,0,0,0,0,0,0,0,0,0,0,11.661345470088502
TV Media Blog 2024-25 Week 14,https://tvmediablog.substack.com/api/v1/posts/2025-college-basketball-week-14-viewership,2024-25,basketball,men,Penn State at UCLA,Penn State,UCLA,2025-02-08,4PM,Mid,BTN,114000,listed,,,Regular Season,2025 College Basketball Week 14 Viewership,,,,,,,,,Saturday,2,February,1,0,0,0,0,22,0,1,0,1,0,0,0,0,0,0,0,0,11.643953727376633
TV Media Blog 2024-25 Week 14,https://tvmediablog.substack.com/api/v1/posts/2025-college-basketball-week-14-viewership,2024-25,basketball,men,Saint Mary's at San Francisco,Saint Mary's,San Francisco,2025-02-06,9PM,Prime,ESPN2,105000,listed,,,Regular Season,2025 College Basketball Week 14 Viewership,,,,,,,,,Thursday,2,February,0,0,15,0,1,0,0,0,0,1,0,0,0,0,0,0,0,0,11.56171562913966
TV Media Blog 2024-25 Week 14,https://tvmediablog.substack.com/api/v1/posts/2025-college-basketball-week-14-viewership,2024-25,basketball,men,Washington State/Oregon State,Washington State,Oregon State,2025-02-06,11PM,Prime,ESPN2,100000,listed,,,Regular Season,2025 College Basketball Week 14 Viewership,,,,,,,,,Thursday,2,February,0,0,25,0,1,0,0,0,0,1,0,0,0,0,0,0,0,0,11.512925464970229
TV Media Blog 2024-25 Week 14,https://tvmediablog.substack.com/api/v1/posts/2025-college-basketball-week-14-viewership,2024-25,basketball,men,North Texas at UAB,North Texas,UAB,2025-02-03,9PM,Prime,ESPN2,99000,listed,,,Regular Season,2025 College Basketball Week 14 Viewership,,,,,,,,,Monday,2,February,0,0,0,0,0,0,0,0,0,0,0,0,0,0,0,0,0,0,11.502875129116727
TV Media Blog 2024-25 Week 14,https://tvmediablog.substack.com/api/v1/posts/2025-college-basketball-week-14-viewership,2024-25,basketball,men,San Jose State at Boise State,San Jose State,Boise State,2025-02-07,9PM,Prime,FS1,96000,listed,,,Regular Season,2025 College Basketball Week 14 Viewership,,,,,,,,,Friday,2,February,0,0,0,0,0,0,0,0,0,0,0,0,0,0,0,0,0,0,11.472103470449973
TV Media Blog 2024-25 Week 14,https://tvmediablog.substack.com/api/v1/posts/2025-college-basketball-week-14-viewership,2024-25,basketball,men,Temple at South Florida,Temple,South Florida,2025-02-06,7PM,Prime,ESPN2,95000,listed,,,Regular Season,2025 College Basketball Week 14 Viewership,,,,,,,,,Thursday,2,February,0,0,0,0,0,24,0,1,0,1,0,0,0,0,0,0,0,0,11.461632170582678
TV Media Blog 2024-25 Week 14,https://tvmediablog.substack.com/api/v1/posts/2025-college-basketball-week-14-viewership,2024-25,basketball,men,Butler at Seton Hall,Butler,Seton Hall,2025-02-05,6:30PM,Mid,FS1,89000,listed,,,Regular Season,2025 College Basketball Week 14 Viewership,,,,,,,,,Wednesday,2,February,0,0,0,0,0,0,0,0,0,0,0,0,0,0,0,0,0,0,11.396391648714276
TV Media Blog 2024-25 Week 14,https://tvmediablog.substack.com/api/v1/posts/2025-college-basketball-week-14-viewership,2024-25,basketball,men,Minnesota at Penn State,Minnesota,Penn State,2025-02-04,7PM,Prime,BTN,80000,listed,,,Regular Season,2025 College Basketball Week 14 Viewership,,,,,,,,,Tuesday,2,February,0,0,0,0,0,0,0,0,0,0,0,0,0,0,0,0,0,0,11.289781913656018
TV Media Blog 2024-25 Week 14,https://tvmediablog.substack.com/api/v1/posts/2025-college-basketball-week-14-viewership,2024-25,basketball,men,Colorado State at New Mexico,Colorado State,New Mexico,2025-02-05,10:30PM,Prime,FS1,73000,listed,,,Regular Season,2025 College Basketball Week 14 Viewership,,,,,,,,,Wednesday,2,February,0,0,22,0,1,25,0,1,0,2,0,0,0,0,0,0,0,0,11.198214720130528
TV Media Blog 2024-25 Week 14,https://tvmediablog.substack.com/api/v1/posts/2025-college-basketball-week-14-viewership,2024-25,basketball,men,George Washington at St. Bonaventure,George Washington,St. Bonaventure,2025-02-09,12PM,Early,USA,68000,listed,,,Regular Season,2025 College Basketball Week 14 Viewership,,,,,,,,,Sunday,2,February,1,0,0,0,0,0,0,0,0,0,0,0,0,0,0,0,0,0,11.127262984158243
TV Media Blog 2024-25 Week 14,https://tvmediablog.substack.com/api/v1/posts/2025-college-basketball-week-14-viewership,2024-25,basketball,men,USC/Northwestern,USC,Northwestern,2025-02-04,9PM,Prime,BTN,67000,listed,,,Regular Season,2025 College Basketball Week 14 Viewership,,,,,,,,,Tuesday,2,February,0,0,23,0,1,25,0,1,0,2,0,0,0,0,0,0,0,0,11.112447898373103
TV Media Blog 2024-25 Week 14,https://tvmediablog.substack.com/api/v1/posts/2025-college-basketball-week-14-viewership,2024-25,basketball,men,Seton Hall at Georgetown,Seton Hall,Georgetown,2025-02-08,12PM,Early,FS1,67000,listed,,,Regular Season,2025 College Basketball Week 14 Viewership,,,,,,,,,Saturday,2,February,1,0,0,0,0,0,0,0,0,0,0,0,0,0,0,0,0,0,11.112447898373103
TV Media Blog 2024-25 Week 14,https://tvmediablog.substack.com/api/v1/posts/2025-college-basketball-week-14-viewership,2024-25,basketball,men,UMass at La Salle,UMass,La Salle,2025-02-09,2PM,Early,USA,50000,listed,,,Regular Season,2025 College Basketball Week 14 Viewership,,,,,,,,,Sunday,2,February,1,0,0,0,0,0,0,0,0,0,0,0,0,0,0,0,0,0,10.819778284410283
TV Media Blog 2024-25 Week 14,https://tvmediablog.substack.com/api/v1/posts/2025-college-basketball-week-14-viewership,2024-25,basketball,men,Drake at Murray State,Drake,Murray State,2025-02-04,7PM,Prime,ESPN2,46000,listed,,,Regular Season,2025 College Basketball Week 14 Viewership,,,,,,,,,Tuesday,2,February,0,0,0,0,0,0,0,0,0,0,0,0,0,0,0,0,0,0,10.736396675471232
TV Media Blog 2024-25 Week 14,https://tvmediablog.substack.com/api/v1/posts/2025-college-basketball-week-14-viewership,2024-25,basketball,men,Northwestern at Washington,Northwestern,Washington,2025-02-08,10:30PM,Prime,BTN,39000,listed,,,Regular Season,2025 College Basketball Week 14 Viewership,,,,,,,,,Saturday,2,February,1,0,25,0,1,0,0,0,0,1,0,0,0,0,0,0,0,0,10.571316925111784
TV Media Blog 2024-25 Week 14,https://tvmediablog.substack.com/api/v1/posts/2025-college-basketball-week-14-viewership,2024-25,basketball,men,Illinois State at UNI,Illinois State,UNI,2025-02-08,6PM,Mid,ESPNU,35000,listed,,,Regular Season,2025 College Basketball Week 14 Viewership,,,,,,,,,Saturday,2,February,1,0,0,0,0,0,0,0,0,0,0,0,0,0,0,0,0,0,10.46310334047155
TV Media Blog 2024-25 Week 14,https://tvmediablog.substack.com/api/v1/posts/2025-college-basketball-week-14-viewership,2024-25,basketball,men,Saint Louis at Saint Joseph's,Saint Louis,Saint Joseph's,2025-02-07,9PM,Prime,ESPNU,19000,listed,,,Regular Season,2025 College Basketball Week 14 Viewership,,,,,,,,,Friday,2,February,0,0,0,0,0,0,0,0,0,0,0,0,0,0,0,0,0,0,9.852194258148577
TV Media Blog 2024-25 Week 14,https://tvmediablog.substack.com/api/v1/posts/2025-college-basketball-week-14-viewership,2024-25,basketball,men,East Carolina at UTSA,East Carolina,UTSA,2025-02-08,8PM,Prime,ESPNU,16000,listed,,,Regular Season,2025 College Basketball Week 14 Viewership,,,,,,,,,Saturday,2,February,1,0,0,0,0,0,0,0,0,0,0,0,0,0,0,0,0,0,9.680344001221918
TV Media Blog 2024-25 Week 14,https://tvmediablog.substack.com/api/v1/posts/2025-college-basketball-week-14-viewership,2024-25,basketball,men,Arkansas State at Marshall,Arkansas State,Marshall,2025-02-05,9PM,Prime,ESPNU,15000,listed,,,Regular Season,2025 College Basketball Week 14 Viewership,,,,,,,,,Wednesday,2,February,0,0,0,0,0,0,0,0,0,0,0,0,0,0,0,0,0,0,9.615805480084347
TV Media Blog 2024-25 Week 14,https://tvmediablog.substack.com/api/v1/posts/2025-college-basketball-week-14-viewership,2024-25,basketball,men,Wichita State at Charlotte,Wichita State,Charlotte,2025-02-04,7PM,Prime,ESPNU,14000,listed,,,Regular Season,2025 College Basketball Week 14 Viewership,,,,,,,,,Tuesday,2,February,0,0,0,0,0,0,0,0,0,0,0,0,0,0,0,0,0,0,9.546812608597396
TV Media Blog 2024-25 Week 14,https://tvmediablog.substack.com/api/v1/posts/2025-college-basketball-week-14-viewership,2024-25,basketball,men,UC San Diego at UC Irvine,UC San Diego,UC Irvine,2025-02-08,10PM,Prime,ESPNU,14000,listed,,,Regular Season,2025 College Basketball Week 14 Viewership,,,,,,,,,Saturday,2,February,1,0,0,0,0,0,0,0,0,0,0,0,0,0,0,0,0,0,9.546812608597396
TV Media Blog 2024-25 Week 14,https://tvmediablog.substack.com/api/v1/posts/2025-college-basketball-week-14-viewership,2024-25,basketball,men,Wake Forest at Stanford,Wake Forest,Stanford,2025-02-05,11PM,Prime,ESPNU,11000,listed,,,Regular Season,2025 College Basketball Week 14 Viewership,,,,,,,,,Wednesday,2,February,0,0,0,0,0,0,0,0,0,0,0,0,0,0,0,0,0,0,9.305650551780507
TV Media Blog 2024-25 Week 14,https://tvmediablog.substack.com/api/v1/posts/2025-college-basketball-week-14-viewership,2024-25,basketball,men,Marist at Fairfield,Marist,Fairfield,2025-02-06,7PM,Prime,ESPNU,11000,listed,,,Regular Season,2025 College Basketball Week 14 Viewership,,,,,,,,,Thursday,2,February,0,0,0,0,0,0,0,0,0,0,0,0,0,0,0,0,0,0,9.305650551780507
TV Media Blog 2024-25 Week 14,https://tvmediablog.substack.com/api/v1/posts/2025-college-basketball-week-14-viewership,2024-25,basketball,men,Little Rock at Morehead State,Little Rock,Morehead State,2025-02-08,2PM,Early,ESPNU,8000,listed,,,Regular Season,2025 College Basketball Week 14 Viewership,,,,,,,,,Saturday,2,February,1,0,0,0,0,0,0,0,0,0,0,0,0,0,0,0,0,0,8.987196820661973
TV Media Blog 2024-25 Week 14,https://tvmediablog.substack.com/api/v1/posts/2025-college-basketball-week-14-viewership,2024-25,basketball,men,North Carolina Central at Norfolk State,North Carolina Central,Norfolk State,2025-02-03,7PM,Prime,ESPNU,7000,listed,,,Regular Season,2025 College Basketball Week 14 Viewership,,,,,,,,,Monday,2,February,0,0,0,0,0,0,0,0,0,0,0,0,0,0,0,0,0,0,8.85366542803745
TV Media Blog 2024-25 Week 14,https://tvmediablog.substack.com/api/v1/posts/2025-college-basketball-week-14-viewership,2024-25,basketball,men,Alcorn State at Grambling State,Alcorn State,Grambling State,2025-02-03,9PM,Prime,ESPNU,7000,listed,,,Regular Season,2025 College Basketball Week 14 Viewership,,,,,,,,,Monday,2,February,0,0,0,0,0,0,0,0,0,0,0,0,0,0,0,0,0,0,8.85366542803745
TV Media Blog 2024-25 Week 14,https://tvmediablog.substack.com/api/v1/posts/2025-college-basketball-week-14-viewership,2024-25,basketball,men,Florida Atlantic at Tulsa,Florida Atlantic,Tulsa,2025-02-08,12PM,Early,ESPNU,6000,listed,,,Regular Season,2025 College Basketball Week 14 Viewership,,,,,,,,,Saturday,2,February,1,0,24,0,1,0,0,0,0,1,0,0,0,0,0,0,0,0,8.699514748210191
TV Media Blog 2024-25 Week 14,https://tvmediablog.substack.com/api/v1/posts/2025-college-basketball-week-14-viewership,2024-25,basketball,men,Gardner-Webb at UNC Asheville,Gardner-Webb,UNC Asheville,2025-02-06,9PM,Prime,ESPNU,5000,listed,,,Regular Season,2025 College Basketball Week 14 Viewership,,,,,,,,,Thursday,2,February,0,0,0,0,0,0,0,0,0,0,0,0,0,0,0,0,0,0,8.517193191416238
TV Media Blog 2024-25 Week 14,https://tvmediablog.substack.com/api/v1/posts/2025-college-basketball-week-14-viewership,2024-25,basketball,men,Chattanooga at Wofford,Chattanooga,Wofford,2025-02-05,7PM,Prime,ESPNU,4000,listed,,,Regular Season,2025 College Basketball Week 14 Viewership,,,,,,,,,Wednesday,2,February,0,0,0,0,0,0,0,0,0,0,0,0,0,0,0,0,0,0,8.294049640102028
TV Media Blog 2024-25 Week 15,https://tvmediablog.substack.com/api/v1/posts/2025-college-basketball-week-15-viewership,2024-25,basketball,men,Auburn/Alabama,Auburn,Alabama,2025-02-15,4PM,Mid,ESPN,2760000,listed,,,Regular Season,2025 College Basketball Week 15 Viewership,,,,,,,,,Saturday,2,February,1,0,1,1,0,2,1,0,2,0,0,0,0,0,0,0,0,0,14.830741237693333
TV Media Blog 2024-25 Week 15,https://tvmediablog.substack.com/api/v1/posts/2025-college-basketball-week-15-viewership,2024-25,basketball,men,North Carolina/Syracuse,North Carolina,Syracuse,2025-02-15,6PM,Mid,ESPN,1752000,listed,,,Regular Season,2025 College Basketball Week 15 Viewership,,,,,,,,,Saturday,2,February,1,0,20,0,1,0,0,0,0,1,0,0,0,0,0,0,0,0,14.376268550478473
TV Media Blog 2024-25 Week 15,https://tvmediablog.substack.com/api/v1/posts/2025-college-basketball-week-15-viewership,2024-25,basketball,men,Kentucky/Texas,Kentucky,Texas,2025-02-15,8PM,Prime,ESPN,1544000,listed,,,Regular Season,2025 College Basketball Week 15 Viewership,,,,,,,,,Saturday,2,February,1,0,15,0,1,19,0,1,0,2,0,0,0,0,0,0,0,0,14.249887009566859
TV Media Blog 2024-25 Week 15,https://tvmediablog.substack.com/api/v1/posts/2025-college-basketball-week-15-viewership,2024-25,basketball,men,Tennessee/Kentucky,Tennessee,Kentucky,2025-02-11,7PM,Prime,ESPN,1476000,listed,,,Regular Season,2025 College Basketball Week 15 Viewership,,,,,,,,,Tuesday,2,February,0,0,5,1,0,15,0,1,1,1,0,0,0,0,0,0,0,0,14.204846284142555
TV Media Blog 2024-25 Week 15,https://tvmediablog.substack.com/api/v1/posts/2025-college-basketball-week-15-viewership,2024-25,basketball,men,Michigan State/Illinois,Michigan State,Illinois,2025-02-15,8PM,Prime,FOX,1346000,listed,,,Regular Season,2025 College Basketball Week 15 Viewership,,,,,,,,,Saturday,2,February,1,0,11,0,1,23,0,1,0,2,0,0,0,0,0,0,0,0,14.112647789186811
TV Media Blog 2024-25 Week 15,https://tvmediablog.substack.com/api/v1/posts/2025-college-basketball-week-15-viewership,2024-25,basketball,men,Houston/Arizona,Houston,Arizona,2025-02-15,2PM,Early,ESPN,1268000,listed,,,Regular Season,2025 College Basketball Week 15 Viewership,,,,,,,,,Saturday,2,February,1,0,6,1,0,13,0,1,1,1,0,0,0,0,0,0,0,0,14.052951413979308
TV Media Blog 2024-25 Week 15,https://tvmediablog.substack.com/api/v1/posts/2025-college-basketball-week-15-viewership,2024-25,basketball,men,UCLA/Indiana,UCLA,Indiana,2025-02-14,8PM,Prime,FOX,1140000,listed,,,Regular Season,2025 College Basketball Week 15 Viewership,,,,,,,,,Friday,2,February,0,0,22,0,1,14,0,1,0,2,0,0,0,0,0,0,0,0,13.946538820370678
TV Media Blog 2024-25 Week 15,https://tvmediablog.substack.com/api/v1/posts/2025-college-basketball-week-15-viewership,2024-25,basketball,men,Stanford/Duke,Stanford,Duke,2025-02-15,4PM,Mid,ABC,1080000,listed,,,Regular Season,2025 College Basketball Week 15 Viewership,,,,,,,,,Saturday,2,February,1,0,0,0,0,3,1,0,1,0,0,0,0,0,0,0,0,0,13.892471599100402
TV Media Blog 2024-25 Week 15,https://tvmediablog.substack.com/api/v1/posts/2025-college-basketball-week-15-viewership,2024-25,basketball,men,Arkansas/Texas A&M,Arkansas,Texas A&M,2025-02-15,12PM,Early,ESPN,1012000,listed,,,Regular Season,2025 College Basketball Week 15 Viewership,,,,,,,,,Saturday,2,February,1,0,23,0,1,8,1,0,1,1,0,0,0,0,0,0,0,0,13.827439128829548
TV Media Blog 2024-25 Week 15,https://tvmediablog.substack.com/api/v1/posts/2025-college-basketball-week-15-viewership,2024-25,basketball,men,Kansas/Utah,Kansas,Utah,2025-02-15,10PM,Prime,ESPN,976000,listed,,,Regular Season,2025 College Basketball Week 15 Viewership,,,,,,,,,Saturday,2,February,1,0,17,0,1,0,0,0,0,1,0,0,0,0,0,0,0,0,13.791217865395229
TV Media Blog 2024-25 Week 15,https://tvmediablog.substack.com/api/v1/posts/2025-college-basketball-week-15-viewership,2024-25,basketball,men,North Carolina/Clemson,North Carolina,Clemson,2025-02-10,7PM,Prime,ESPN,925000,listed,,,Regular Season,2025 College Basketball Week 15 Viewership,,,,,,,,,Monday,2,February,0,0,20,0,1,23,0,1,0,2,0,0,0,0,0,0,0,0,13.737549016494562
TV Media Blog 2024-25 Week 15,https://tvmediablog.substack.com/api/v1/posts/2025-college-basketball-week-15-viewership,2024-25,basketball,men,Alabama/Texas,Alabama,Texas,2025-02-11,9PM,Prime,ESPN,818000,listed,,,Regular Season,2025 College Basketball Week 15 Viewership,,,,,,,,,Tuesday,2,February,0,0,2,1,0,19,0,1,1,1,0,0,0,0,0,0,0,0,13.614617615584883
TV Media Blog 2024-25 Week 15,https://tvmediablog.substack.com/api/v1/posts/2025-college-basketball-week-15-viewership,2024-25,basketball,men,Baylor/Houston,Baylor,Houston,2025-02-10,9PM (Coverage ended early due to coverage of Doncic's Lakers debut),Prime,ESPN,758000,listed,,,Regular Season,2025 College Basketball Week 15 Viewership,,,,,,,,,Monday,2,February,0,0,25,0,1,6,1,0,1,1,0,0,0,0,0,0,0,0,13.53843866462451
TV Media Blog 2024-25 Week 15,https://tvmediablog.substack.com/api/v1/posts/2025-college-basketball-week-15-viewership,2024-25,basketball,men,Iowa/Maryland,Iowa,Maryland,2025-02-16,5PM,Mid,FS1,633000,listed,,,Regular Season,2025 College Basketball Week 15 Viewership,,,,,,,,,Sunday,2,February,1,0,0,0,0,25,0,1,0,1,0,0,0,0,0,0,0,0,13.358225701126313
TV Media Blog 2024-25 Week 15,https://tvmediablog.substack.com/api/v1/posts/2025-college-basketball-week-15-viewership,2024-25,basketball,men,Creighton/St. John's,Creighton,St. John's,2025-02-16,3PM,Mid,FS1,542000,listed,,,Regular Season,2025 College Basketball Week 15 Viewership,,,,,,,,,Sunday,2,February,1,0,24,0,1,9,1,0,1,1,0,0,0,0,0,0,0,0,13.203021280421783
TV Media Blog 2024-25 Week 15,https://tvmediablog.substack.com/api/v1/posts/2025-college-basketball-week-15-viewership,2024-25,basketball,men,Memphis/Wichita State,Memphis,Wichita State,2025-02-16,12PM,Early,ESPN,495000,listed,,,Regular Season,2025 College Basketball Week 15 Viewership,,,,,,,,,Sunday,2,February,1,0,14,0,1,0,0,0,0,1,0,0,0,0,0,0,0,0,13.112313041550827
TV Media Blog 2024-25 Week 15,https://tvmediablog.substack.com/api/v1/posts/2025-college-basketball-week-15-viewership,2024-25,basketball,men,St. John's/Villanova,St. John's,Villanova,2025-02-12,6PM,Mid,FS1,398000,listed,,,Regular Season,2025 College Basketball Week 15 Viewership,,,,,,,,,Wednesday,2,February,0,0,9,1,0,18,0,1,1,1,0,0,0,0,0,0,0,0,12.894207284266574
TV Media Blog 2024-25 Week 15,https://tvmediablog.substack.com/api/v1/posts/2025-college-basketball-week-15-viewership,2024-25,basketball,men,San Francisco/Gonzaga,San Francisco,Gonzaga,2025-02-13,11PM,Prime,ESPN,385000,listed,,,Regular Season,2025 College Basketball Week 15 Viewership,,,,,,,,,Thursday,2,February,0,0,0,0,0,16,0,1,0,1,0,0,0,0,0,0,0,0,12.86099861326992
TV Media Blog 2024-25 Week 15,https://tvmediablog.substack.com/api/v1/posts/2025-college-basketball-week-15-viewership,2024-25,basketball,men,Colorado/Kansas,Colorado,Kansas,2025-02-11,9PM,Prime,ESPN2,336000,listed,,,Regular Season,2025 College Basketball Week 15 Viewership,,,,,,,,,Tuesday,2,February,0,0,18,0,1,17,0,1,0,2,0,0,0,0,0,0,0,0,12.724866438945341
TV Media Blog 2024-25 Week 15,https://tvmediablog.substack.com/api/v1/posts/2025-college-basketball-week-15-viewership,2024-25,basketball,men,Mississippi State/Ole Miss,Mississippi State,Ole Miss,2025-02-15,6PM,Mid,ESPN2,325000,listed,,,Regular Season,2025 College Basketball Week 15 Viewership,,,,,,,,,Saturday,2,February,1,0,22,0,1,19,0,1,0,2,0,0,0,0,0,0,0,0,12.691580461311874
TV Media Blog 2024-25 Week 15,https://tvmediablog.substack.com/api/v1/posts/2025-college-basketball-week-15-viewership,2024-25,basketball,men,Cincinnati/Iowa State,Cincinnati,Iowa State,2025-02-15,4PM,Mid,ESPN2,297000,listed,,,Regular Season,2025 College Basketball Week 15 Viewership,,,,,,,,,Saturday,2,February,1,0,16,0,1,10,1,0,1,1,0,0,0,0,0,0,0,0,12.601487417784837
TV Media Blog 2024-25 Week 15,https://tvmediablog.substack.com/api/v1/posts/2025-college-basketball-week-15-viewership,2024-25,basketball,men,West Virginia/Baylor,West Virginia,Baylor,2025-02-15,2PM,Early,ESPN2,274000,listed,,,Regular Season,2025 College Basketball Week 15 Viewership,,,,,,,,,Saturday,2,February,1,0,23,0,1,25,0,1,0,2,0,0,0,0,0,0,0,0,12.520883385370206
TV Media Blog 2024-25 Week 15,https://tvmediablog.substack.com/api/v1/posts/2025-college-basketball-week-15-viewership,2024-25,basketball,men,Rutgers/Oregon,Rutgers,Oregon,2025-02-16,7PM,Prime,FS1,271000,listed,,,Regular Season,2025 College Basketball Week 15 Viewership,,,,,,,,,Sunday,2,February,1,0,24,0,1,16,0,1,0,2,0,0,0,0,0,0,0,0,12.509874099861838
TV Media Blog 2024-25 Week 15,https://tvmediablog.substack.com/api/v1/posts/2025-college-basketball-week-15-viewership,2024-25,basketball,men,Florida/Mississippi State,Florida,Mississippi State,2025-02-11,7PM,Prime,ESPN2,262000,listed,,,Regular Season,2025 College Basketball Week 15 Viewership,,,,,,,,,Tuesday,2,February,0,0,3,1,0,22,0,1,1,1,0,0,0,0,0,0,0,0,12.476099782743233
TV Media Blog 2024-25 Week 15,https://tvmediablog.substack.com/api/v1/posts/2025-college-basketball-week-15-viewership,2024-25,basketball,men,Maryland/Nebraska,Maryland,Nebraska,2025-02-13,8:30PM,Prime,BTN,255000,listed,,,Regular Season,2025 College Basketball Week 15 Viewership,,,,,,,,,Thursday,2,February,0,0,25,0,1,0,0,0,0,1,0,0,0,0,0,0,0,0,12.449018824140563
TV Media Blog 2024-25 Week 15,https://tvmediablog.substack.com/api/v1/posts/2025-college-basketball-week-15-viewership,2024-25,basketball,men,LSU/Arkansas,LSU,Arkansas,2025-02-12,9PM,Prime,ESPN2,252000,listed,,,Regular Season,2025 College Basketball Week 15 Viewership,,,,,,,,,Wednesday,2,February,0,0,0,0,0,23,0,1,0,1,0,0,0,0,0,0,0,0,12.437184366493561
TV Media Blog 2024-25 Week 15,https://tvmediablog.substack.com/api/v1/posts/2025-college-basketball-week-15-viewership,2024-25,basketball,men,Louisville/NC State,Louisville,NC State,2025-02-12,7PM,Prime,ESPN2,223000,listed,,,Regular Season,2025 College Basketball Week 15 Viewership,,,,,,,,,Wednesday,2,February,0,0,21,0,1,0,0,0,0,1,0,0,0,0,0,0,0,0,12.314927050442256
TV Media Blog 2024-25 Week 15,https://tvmediablog.substack.com/api/v1/posts/2025-college-basketball-week-15-viewership,2024-25,basketball,men,Saint Louis/Loyola Chicago,Saint Louis,Loyola Chicago,2025-02-14,7PM,Prime,ESPN2,203000,listed,,,Regular Season,2025 College Basketball Week 15 Viewership,,,,,,,,,Friday,2,February,0,0,0,0,0,0,0,0,0,0,0,0,0,0,0,0,0,0,12.220961258023925
TV Media Blog 2024-25 Week 15,https://tvmediablog.substack.com/api/v1/posts/2025-college-basketball-week-15-viewership,2024-25,basketball,men,Iowa/Rutgers,Iowa,Rutgers,2025-02-12,6:30PM,Mid,BTN,186000,listed,,,Regular Season,2025 College Basketball Week 15 Viewership,,,,,,,,,Wednesday,2,February,0,0,0,0,0,24,0,1,0,1,0,0,0,0,0,0,0,0,12.133501952695338
TV Media Blog 2024-25 Week 15,https://tvmediablog.substack.com/api/v1/posts/2025-college-basketball-week-15-viewership,2024-25,basketball,men,Memphis/South Florida,Memphis,South Florida,2025-02-13,9PM,Prime,ESPN2,177000,listed,,,Regular Season,2025 College Basketball Week 15 Viewership,,,,,,,,,Thursday,2,February,0,0,14,0,1,24,0,1,0,2,0,0,0,0,0,0,0,0,12.083905011555967
TV Media Blog 2024-25 Week 15,https://tvmediablog.substack.com/api/v1/posts/2025-college-basketball-week-15-viewership,2024-25,basketball,men,Washington/Ohio State,Washington,Ohio State,2025-02-12,8:30PM,Prime,BTN,162000,listed,,,Regular Season,2025 College Basketball Week 15 Viewership,,,,,,,,,Wednesday,2,February,0,0,0,0,0,21,0,1,0,1,0,0,0,0,0,0,0,0,11.99535161421452
TV Media Blog 2024-25 Week 15,https://tvmediablog.substack.com/api/v1/posts/2025-college-basketball-week-15-viewership,2024-25,basketball,men,Morehouse/Tuskegee,Morehouse,Tuskegee,2025-02-15,5PM,Mid,truTV + NBATV,161000,listed,,,Regular Season,2025 College Basketball Week 15 Viewership,,,,,,,,,Saturday,2,February,1,0,0,0,0,0,0,0,0,0,0,0,0,0,0,0,0,0,11.9891596439666
TV Media Blog 2024-25 Week 15,https://tvmediablog.substack.com/api/v1/posts/2025-college-basketball-week-15-viewership,2024-25,basketball,men,Nebraska/Northwestern,Nebraska,Northwestern,2025-02-16,3PM,Mid,BTN,158000,listed,,,Regular Season,2025 College Basketball Week 15 Viewership,,,,,,,,,Sunday,2,February,1,0,0,0,0,25,0,1,0,1,0,0,0,0,0,0,0,0,11.970350312009105
TV Media Blog 2024-25 Week 15,https://tvmediablog.substack.com/api/v1/posts/2025-college-basketball-week-15-viewership,2024-25,basketball,men,Miami (FL)/Pitt,Miami (FL),Pitt,2025-02-15,12PM,Early,ESPN2,152000,listed,,,Regular Season,2025 College Basketball Week 15 Viewership,,,,,,,,,Saturday,2,February,1,0,0,0,0,18,0,1,0,1,0,0,0,0,0,0,0,0,11.931635799828413
TV Media Blog 2024-25 Week 15,https://tvmediablog.substack.com/api/v1/posts/2025-college-basketball-week-15-viewership,2024-25,basketball,men,Nevada/San Jose State,Nevada,San Jose State,2025-02-14,10PM,Prime,FS1,151000,listed,,,Regular Season,2025 College Basketball Week 15 Viewership,,,,,,,,,Friday,2,February,0,0,23,0,1,0,0,0,0,1,0,0,0,0,0,0,0,0,11.925035115797062
TV Media Blog 2024-25 Week 15,https://tvmediablog.substack.com/api/v1/posts/2025-college-basketball-week-15-viewership,2024-25,basketball,men,Wyoming/New Mexico,Wyoming,New Mexico,2025-02-12,10PM,Prime,FS1,140000,listed,,,Regular Season,2025 College Basketball Week 15 Viewership,,,,,,,,,Wednesday,2,February,0,0,0,0,0,25,0,1,0,1,0,0,0,0,0,0,0,0,11.84939770159144
TV Media Blog 2024-25 Week 15,https://tvmediablog.substack.com/api/v1/posts/2025-college-basketball-week-15-viewership,2024-25,basketball,men,Minnesota/USC,Minnesota,USC,2025-02-15,4PM,Mid,BTN,140000,listed,,,Regular Season,2025 College Basketball Week 15 Viewership,,,,,,,,,Saturday,2,February,1,0,0,0,0,23,0,1,0,1,0,0,0,0,0,0,0,0,11.84939770159144
TV Media Blog 2024-25 Week 15,https://tvmediablog.substack.com/api/v1/posts/2025-college-basketball-week-15-viewership,2024-25,basketball,men,Santa Clara/St. Mary's,Santa Clara,Saint Mary's,2025-02-11,11PM,Prime,ESPN2,127000,listed,,,Regular Season,2025 College Basketball Week 15 Viewership,,,,,,,,,Tuesday,2,February,0,0,0,0,0,15,0,1,0,1,0,0,0,0,0,0,0,0,11.751942365440728
TV Media Blog 2024-25 Week 15,https://tvmediablog.substack.com/api/v1/posts/2025-college-basketball-week-15-viewership,2024-25,basketball,men,South Florida/UAB,South Florida,UAB,2025-02-16,4PM,Mid,ESPN2,127000,listed,,,Regular Season,2025 College Basketball Week 15 Viewership,,,,,,,,,Sunday,2,February,1,0,24,0,1,0,0,0,0,1,0,0,0,0,0,0,0,0,11.751942365440728
TV Media Blog 2024-25 Week 15,https://tvmediablog.substack.com/api/v1/posts/2025-college-basketball-week-15-viewership,2024-25,basketball,men,Troy/Arkansas State,Troy,Arkansas State,2025-02-15,8PM,Prime,ESPN2,99000,listed,,,Regular Season,2025 College Basketball Week 15 Viewership,,,,,,,,,Saturday,2,February,1,0,0,0,0,0,0,0,0,0,0,0,0,0,0,0,0,0,11.502875129116727
TV Media Blog 2024-25 Week 15,https://tvmediablog.substack.com/api/v1/posts/2025-college-basketball-week-15-viewership,2024-25,basketball,men,Bradley/Drake,Bradley,Drake,2025-02-16,2PM,Early,ESPN2,97000,listed,,,Regular Season,2025 College Basketball Week 15 Viewership,,,,,,,,,Sunday,2,February,1,0,0,0,0,0,0,0,0,0,0,0,0,0,0,0,0,0,11.48246625748552
TV Media Blog 2024-25 Week 15,https://tvmediablog.substack.com/api/v1/posts/2025-college-basketball-week-15-viewership,2024-25,basketball,men,Washington State/Saint Mary's,Washington State,Saint Mary's,2025-02-15,10PM,Prime,ESPN2,92000,listed,,,Regular Season,2025 College Basketball Week 15 Viewership,,,,,,,,,Saturday,2,February,1,0,25,0,1,15,0,1,0,2,0,0,0,0,0,0,0,0,11.429543856031177
TV Media Blog 2024-25 Week 15,https://tvmediablog.substack.com/api/v1/posts/2025-college-basketball-week-15-viewership,2024-25,basketball,men,DePaul/Xavier,DePaul,Xavier,2025-02-15,12PM,Early,FS1,89000,listed,,,Regular Season,2025 College Basketball Week 15 Viewership,,,,,,,,,Saturday,2,February,1,0,0,0,0,22,0,1,0,1,0,0,0,0,0,0,0,0,11.396391648714276
TV Media Blog 2024-25 Week 15,https://tvmediablog.substack.com/api/v1/posts/2025-college-basketball-week-15-viewership,2024-25,basketball,men,Washington/Penn State,Washington,Penn State,2025-02-15,2PM,Early,BTN,87000,listed,,,Regular Season,2025 College Basketball Week 15 Viewership,,,,,,,,,Saturday,2,February,1,0,0,0,0,0,0,0,0,0,0,0,0,0,0,0,0,0,11.37366339763672
TV Media Blog 2024-25 Week 15,https://tvmediablog.substack.com/api/v1/posts/2025-college-basketball-week-15-viewership,2024-25,basketball,men,Duquesne/Dayton,Duquesne,Dayton,2025-02-15,2:30PM,Early,USA,75000,listed,,,Regular Season,2025 College Basketball Week 15 Viewership,,,,,,,,,Saturday,2,February,1,0,0,0,0,22,0,1,0,1,0,0,0,0,0,0,0,0,11.225243392518447
TV Media Blog 2024-25 Week 15,https://tvmediablog.substack.com/api/v1/posts/2025-college-basketball-week-15-viewership,2024-25,basketball,men,Saint Joseph's/George Mason,Saint Joseph's,George Mason,2025-02-15,12:30PM,Early,USA,69000,listed,,,Regular Season,2025 College Basketball Week 15 Viewership,,,,,,,,,Saturday,2,February,1,0,0,0,0,0,0,0,0,0,0,0,0,0,0,0,0,0,11.141861783579396
TV Media Blog 2024-25 Week 15,https://tvmediablog.substack.com/api/v1/posts/2025-college-basketball-week-15-viewership,2024-25,basketball,men,Georgetown/Butler,Georgetown,Butler,2025-02-15,2PM,Early,FS1,69000,listed,,,Regular Season,2025 College Basketball Week 15 Viewership,,,,,,,,,Saturday,2,February,1,0,0,0,0,0,0,0,0,0,0,0,0,0,0,0,0,0,11.141861783579396
TV Media Blog 2024-25 Week 15,https://tvmediablog.substack.com/api/v1/posts/2025-college-basketball-week-15-viewership,2024-25,basketball,men,FAU/Temple,Florida Atlantic,Temple,2025-02-16,12PM,Early,ESPN2,66000,listed,,,Regular Season,2025 College Basketball Week 15 Viewership,,,,,,,,,Sunday,2,February,1,0,24,0,1,0,0,0,0,1,0,0,0,0,0,0,0,0,11.097410021008562
TV Media Blog 2024-25 Week 15,https://tvmediablog.substack.com/api/v1/posts/2025-college-basketball-week-15-viewership,2024-25,basketball,men,Fresno State/Nevada,Fresno State,Nevada,2025-02-10,11PM,Prime,FS1,61000,listed,,,Regular Season,2025 College Basketball Week 15 Viewership,,,,,,,,,Monday,2,February,0,0,0,0,0,23,0,1,0,1,0,0,0,0,0,0,0,0,11.018629143155449
TV Media Blog 2024-25 Week 15,https://tvmediablog.substack.com/api/v1/posts/2025-college-basketball-week-15-viewership,2024-25,basketball,men,Florida State/Wake Forest,Florida State,Wake Forest,2025-02-12,7PM,Prime,ESPNU,46000,listed,,,Regular Season,2025 College Basketball Week 15 Viewership,,,,,,,,,Wednesday,2,February,0,0,0,0,0,0,0,0,0,0,0,0,0,0,0,0,0,0,10.736396675471232
TV Media Blog 2024-25 Week 15,https://tvmediablog.substack.com/api/v1/posts/2025-college-basketball-week-15-viewership,2024-25,basketball,men,Qunnipiac/Sacred Heart,Quinnipiac,Sacred Heart,2025-02-14,7PM,Prime,ESPNU,36000,listed,,,Regular Season,2025 College Basketball Week 15 Viewership,,,,,,,,,Friday,2,February,0,0,0,0,0,0,0,0,0,0,0,0,0,0,0,0,0,0,10.491274217438248
TV Media Blog 2024-25 Week 15,https://tvmediablog.substack.com/api/v1/posts/2025-college-basketball-week-15-viewership,2024-25,basketball,men,Penn State/USC,Penn State,USC,2025-02-11,9PM,Prime,BTN,35000,listed,,,Regular Season,2025 College Basketball Week 15 Viewership,,,,,,,,,Tuesday,2,February,0,0,0,0,0,23,0,1,0,1,0,0,0,0,0,0,0,0,10.46310334047155
TV Media Blog 2024-25 Week 15,https://tvmediablog.substack.com/api/v1/posts/2025-college-basketball-week-15-viewership,2024-25,basketball,men,Charlotte/FAU,Charlotte,Florida Atlantic,2025-02-10,9PM,Prime,ESPN2,34000,listed,,,Regular Season,2025 College Basketball Week 15 Viewership,,,,,,,,,Monday,2,February,0,0,0,0,0,24,0,1,0,1,0,0,0,0,0,0,0,0,10.4341158035983
TV Media Blog 2024-25 Week 15,https://tvmediablog.substack.com/api/v1/posts/2025-college-basketball-week-15-viewership,2024-25,basketball,men,Baylor/Houston,Baylor,Houston,2025-02-10,9PM,Prime,ESPNU,28000,listed,,,Regular Season,2025 College Basketball Week 15 Viewership,,,,,,,,,Monday,2,February,0,0,25,0,1,6,1,0,1,1,0,0,0,0,0,0,0,0,10.239959789157341
TV Media Blog 2024-25 Week 15,https://tvmediablog.substack.com/api/v1/posts/2025-college-basketball-week-15-viewership,2024-25,basketball,men,Longwood/High Point,Longwood,High Point,2025-02-13,7PM,Prime,ESPNU,28000,listed,,,Regular Season,2025 College Basketball Week 15 Viewership,,,,,,,,,Thursday,2,February,0,0,0,0,0,0,0,0,0,0,0,0,0,0,0,0,0,0,10.239959789157341
TV Media Blog 2024-25 Week 15,https://tvmediablog.substack.com/api/v1/posts/2025-college-basketball-week-15-viewership,2024-25,basketball,men,Notre Dame/Boston College,Notre Dame,Boston College,2025-02-12,9PM,Prime,ESPNU,24000,listed,,,Regular Season,2025 College Basketball Week 15 Viewership,,,,,,,,,Wednesday,2,February,0,0,0,0,0,0,0,0,0,0,0,0,0,0,0,0,0,0,10.085809109330082
TV Media Blog 2024-25 Week 15,https://tvmediablog.substack.com/api/v1/posts/2025-college-basketball-week-15-viewership,2024-25,basketball,men,Northwestern/Oregon,Northwestern,Oregon,2025-02-11,11PM,Prime,BTN,18000,listed,,,Regular Season,2025 College Basketball Week 15 Viewership,,,,,,,,,Tuesday,2,February,0,0,25,0,1,16,0,1,0,2,0,0,0,0,0,0,0,0,9.798127036878302
TV Media Blog 2024-25 Week 15,https://tvmediablog.substack.com/api/v1/posts/2025-college-basketball-week-15-viewership,2024-25,basketball,men,UAB/East Carolina,UAB,East Carolina,2025-02-11,7PM,Prime,ESPNU,13000,listed,,,Regular Season,2025 College Basketball Week 15 Viewership,,,,,,,,,Tuesday,2,February,0,0,0,0,0,0,0,0,0,0,0,0,0,0,0,0,0,0,9.472704636443673
TV Media Blog 2024-25 Week 15,https://tvmediablog.substack.com/api/v1/posts/2025-college-basketball-week-15-viewership,2024-25,basketball,men,UTSA/Tulsa,UTSA,Tulsa,2025-02-15,6PM,Mid,ESPNU,10000,listed,,,Regular Season,2025 College Basketball Week 15 Viewership,,,,,,,,,Saturday,2,February,1,0,0,0,0,0,0,0,0,0,0,0,0,0,0,0,0,0,9.210340371976184
TV Media Blog 2024-25 Week 15,https://tvmediablog.substack.com/api/v1/posts/2025-college-basketball-week-15-viewership,2024-25,basketball,men,North Texas/Rice,North Texas,Rice,2025-02-11,9PM,Prime,ESPNU,9000,listed,,,Regular Season,2025 College Basketball Week 15 Viewership,,,,,,,,,Tuesday,2,February,0,0,0,0,0,0,0,0,0,0,0,0,0,0,0,0,0,0,9.104979856318357
TV Media Blog 2024-25 Week 15,https://tvmediablog.substack.com/api/v1/posts/2025-college-basketball-week-15-viewership,2024-25,basketball,men,UC Santa Barbara/UC Irvine,UC Santa Barbara,UC Irvine,2025-02-13,11PM,Prime,ESPNU,8000,listed,,,Regular Season,2025 College Basketball Week 15 Viewership,,,,,,,,,Thursday,2,February,0,0,0,0,0,0,0,0,0,0,0,0,0,0,0,0,0,0,8.987196820661973
TV Media Blog 2024-25 Week 15,https://tvmediablog.substack.com/api/v1/posts/2025-college-basketball-week-15-viewership,2024-25,basketball,men,Princeton/Yale,Princeton,Yale,2025-02-15,8PM,Prime,ESPNU,8000,listed,,,Regular Season,2025 College Basketball Week 15 Viewership,,,,,,,,,Saturday,2,February,1,0,0,0,0,0,0,0,0,0,0,0,0,0,0,0,0,0,8.987196820661973
TV Media Blog 2024-25 Week 15,https://tvmediablog.substack.com/api/v1/posts/2025-college-basketball-week-15-viewership,2024-25,basketball,men,Youngstown State/Cleveland State,Youngstown State,Cleveland State,2025-02-16,2PM,Early,ESPNU,7000,listed,,,Regular Season,2025 College Basketball Week 15 Viewership,,,,,,,,,Sunday,2,February,1,0,0,0,0,0,0,0,0,0,0,0,0,0,0,0,0,0,8.85366542803745
TV Media Blog 2024-25 Week 15,https://tvmediablog.substack.com/api/v1/posts/2025-college-basketball-week-15-viewership,2024-25,basketball,men,Samford/Wofford,Samford,Wofford,2025-02-15,2PM,Early,ESPNU,6000,listed,,,Regular Season,2025 College Basketball Week 15 Viewership,,,,,,,,,Saturday,2,February,1,0,0,0,0,0,0,0,0,0,0,0,0,0,0,0,0,0,8.699514748210191
TV Media Blog 2024-25 Week 16,https://tvmediablog.substack.com/api/v1/posts/2025-college-basketball-week-16-viewership,2024-25,basketball,men,Kentucky/Alabama,Kentucky,Alabama,2025-02-22,6PM,Mid,ESPN,2171000,listed,,,Regular Season,2025 College Basketball Week 16 Viewership,,,,,,,,,Saturday,2,February,1,0,17,0,1,4,1,0,1,1,0,0,0,0,0,0,0,0,14.59069844886043
TV Media Blog 2024-25 Week 16,https://tvmediablog.substack.com/api/v1/posts/2025-college-basketball-week-16-viewership,2024-25,basketball,men,Michigan State/Michigan,Michigan State,Michigan,2025-02-21,8PM,Prime,FOX,1783000,listed,,,Regular Season,2025 College Basketball Week 16 Viewership,,,,,,,,,Friday,2,February,0,0,14,0,1,12,0,1,0,2,0,0,0,0,0,0,0,0,14.393807896845278
TV Media Blog 2024-25 Week 16,https://tvmediablog.substack.com/api/v1/posts/2025-college-basketball-week-16-viewership,2024-25,basketball,men,Georgia/Auburn,Georgia,Auburn,2025-02-22,4PM,Mid,ESPN,1579000,listed,,,Regular Season,2025 College Basketball Week 16 Viewership,,,,,,,,,Saturday,2,February,1,0,23,0,1,1,1,0,1,1,0,0,0,0,0,0,0,0,14.272302293237779
TV Media Blog 2024-25 Week 16,https://tvmediablog.substack.com/api/v1/posts/2025-college-basketball-week-16-viewership,2024-25,basketball,men,Tennessee/Texas A&M,Tennessee,Texas A&M,2025-02-22,12PM,Early,ESPN,1402000,listed,,,Regular Season,2025 College Basketball Week 16 Viewership,,,,,,,,,Saturday,2,February,1,0,6,1,0,7,1,0,2,0,0,0,0,0,0,0,0,0,14.153410346576672
TV Media Blog 2024-25 Week 16,https://tvmediablog.substack.com/api/v1/posts/2025-college-basketball-week-16-viewership,2024-25,basketball,men,Iowa State/Houston,Iowa State,Houston,2025-02-22,2PM,Early,ESPN,1399000,listed,,,Regular Season,2025 College Basketball Week 16 Viewership,,,,,,,,,Saturday,2,February,1,0,8,1,0,5,1,0,2,0,0,0,0,0,0,0,0,0,14.151268253647618
TV Media Blog 2024-25 Week 16,https://tvmediablog.substack.com/api/v1/posts/2025-college-basketball-week-16-viewership,2024-25,basketball,men,Illinois/Duke,Illinois,Duke,2025-02-22,8PM,Prime,FOX,1305000,listed,,,Regular Season,2025 College Basketball Week 16 Viewership,,,,,,,,,Saturday,2,February,1,0,23,0,1,3,1,0,1,1,0,0,0,0,0,0,0,0,14.081713598738931
TV Media Blog 2024-25 Week 16,https://tvmediablog.substack.com/api/v1/posts/2025-college-basketball-week-16-viewership,2024-25,basketball,men,Missouri/Arkansas,Missouri,Arkansas,2025-02-22,8PM,Prime,ESPN,1213000,listed,,,Regular Season,2025 College Basketball Week 16 Viewership,,,,,,,,,Saturday,2,February,1,0,15,0,1,23,0,1,0,2,0,0,0,0,0,0,0,0,14.008607187926188
TV Media Blog 2024-25 Week 16,https://tvmediablog.substack.com/api/v1/posts/2025-college-basketball-week-16-viewership,2024-25,basketball,men,Arkansas/Auburn,Arkansas,Auburn,2025-02-19,9PM,Prime,ESPN,1145000,listed,,,Regular Season,2025 College Basketball Week 16 Viewership,,,,,,,,,Wednesday,2,February,0,0,23,0,1,1,1,0,1,1,0,0,0,0,0,0,0,0,13.950915194970477
TV Media Blog 2024-25 Week 16,https://tvmediablog.substack.com/api/v1/posts/2025-college-basketball-week-16-viewership,2024-25,basketball,men,Duke/Virginia,Duke,Virginia,2025-02-17,8PM,Prime,ESPN,1143000,listed,,,Regular Season,2025 College Basketball Week 16 Viewership,,,,,,,,,Monday,2,February,0,0,3,1,0,21,0,1,1,1,0,0,0,0,0,0,0,0,13.949166942776948
TV Media Blog 2024-25 Week 16,https://tvmediablog.substack.com/api/v1/posts/2025-college-basketball-week-16-viewership,2024-25,basketball,men,NC State/North Carolina,NC State,North Carolina,2025-02-19,7PM,Prime,ESPN,899000,listed,,,Regular Season,2025 College Basketball Week 16 Viewership,,,,,,,,,Wednesday,2,February,0,0,0,0,0,20,0,1,0,1,0,0,0,0,0,0,0,0,13.709038313453757
TV Media Blog 2024-25 Week 16,https://tvmediablog.substack.com/api/v1/posts/2025-college-basketball-week-16-viewership,2024-25,basketball,men,BYU/Arizona,BYU,Arizona,2025-02-22,10PM,Prime,ESPN,756000,listed,,,Regular Season,2025 College Basketball Week 16 Viewership,,,,,,,,,Saturday,2,February,1,0,21,0,1,19,0,1,0,2,0,0,0,0,0,0,0,0,13.53579665516167
TV Media Blog 2024-25 Week 16,https://tvmediablog.substack.com/api/v1/posts/2025-college-basketball-week-16-viewership,2024-25,basketball,men,Kansas/BYU,Kansas,BYU,2025-02-18,9PM,Prime,ESPN,750000,listed,,,Regular Season,2025 College Basketball Week 16 Viewership,,,,,,,,,Tuesday,2,February,0,0,23,0,1,21,0,1,0,2,0,0,0,0,0,0,0,0,13.527828485512494
TV Media Blog 2024-25 Week 16,https://tvmediablog.substack.com/api/v1/posts/2025-college-basketball-week-16-viewership,2024-25,basketball,men,Illinois/Wisconsin,Illinois,Wisconsin,2025-02-18,8:30PM,Prime,FS1,628000,listed,,,Regular Season,2025 College Basketball Week 16 Viewership,,,,,,,,,Tuesday,2,February,0,0,23,0,1,11,0,1,0,2,0,0,0,0,0,0,0,0,13.350295445450335
TV Media Blog 2024-25 Week 16,https://tvmediablog.substack.com/api/v1/posts/2025-college-basketball-week-16-viewership,2024-25,basketball,men,Arizona/Baylor,Arizona,Baylor,2025-02-17,10PM,Prime,ESPN,611000,listed,,,Regular Season,2025 College Basketball Week 16 Viewership,,,,,,,,,Monday,2,February,0,0,19,0,1,25,0,1,0,2,0,0,0,0,0,0,0,0,13.322852238153732
TV Media Blog 2024-25 Week 16,https://tvmediablog.substack.com/api/v1/posts/2025-college-basketball-week-16-viewership,2024-25,basketball,men,Virginia/North Carolina,Virginia,North Carolina,2025-02-22,4PM,Mid,ESPN2,522000,listed,,,Regular Season,2025 College Basketball Week 16 Viewership,,,,,,,,,Saturday,2,February,1,0,21,0,1,20,0,1,0,2,0,0,0,0,0,0,0,0,13.165422866864775
TV Media Blog 2024-25 Week 16,https://tvmediablog.substack.com/api/v1/posts/2025-college-basketball-week-16-viewership,2024-25,basketball,men,Villanova/UConn,Villanova,UConn,2025-02-18,6:30PM,Mid,FS1,460000,listed,,,Regular Season,2025 College Basketball Week 16 Viewership,,,,,,,,,Tuesday,2,February,0,0,18,0,1,19,0,1,0,2,0,0,0,0,0,0,0,0,13.038981768465277
TV Media Blog 2024-25 Week 16,https://tvmediablog.substack.com/api/v1/posts/2025-college-basketball-week-16-viewership,2024-25,basketball,men,Oklahoma/Florida,Oklahoma,Florida,2025-02-18,7PM,Prime,ESPN2,426000,listed,,,Regular Season,2025 College Basketball Week 16 Viewership,,,,,,,,,Tuesday,2,February,0,0,17,0,1,2,1,0,1,1,0,0,0,0,0,0,0,0,12.962194625251508
TV Media Blog 2024-25 Week 16,https://tvmediablog.substack.com/api/v1/posts/2025-college-basketball-week-16-viewership,2024-25,basketball,men,Wake Forest/NC State,Wake Forest,NC State,2025-02-22,2PM,Early,ESPN2,341000,listed,,,Regular Season,2025 College Basketball Week 16 Viewership,,,,,,,,,Saturday,2,February,1,0,0,0,0,0,0,0,0,0,0,0,0,0,0,0,0,0,12.739637756265655
TV Media Blog 2024-25 Week 16,https://tvmediablog.substack.com/api/v1/posts/2025-college-basketball-week-16-viewership,2024-25,basketball,men,Cincinnati/West Virginia,Cincinnati,West Virginia,2025-02-19,7PM,Prime,ESPN2,323000,listed,,,Regular Season,2025 College Basketball Week 16 Viewership,,,,,,,,,Wednesday,2,February,0,0,16,0,1,23,0,1,0,2,0,0,0,0,0,0,0,0,12.685407602204794
TV Media Blog 2024-25 Week 16,https://tvmediablog.substack.com/api/v1/posts/2025-college-basketball-week-16-viewership,2024-25,basketball,men,Saint Mary's/Gonzaga,Saint Mary's,Gonzaga,2025-02-22,8PM,Prime,ESPN2,318000,listed,,,Regular Season,2025 College Basketball Week 16 Viewership,,,,,,,,,Saturday,2,February,1,0,15,0,1,16,0,1,0,2,0,0,0,0,0,0,0,0,12.669806661762314
TV Media Blog 2024-25 Week 16,https://tvmediablog.substack.com/api/v1/posts/2025-college-basketball-week-16-viewership,2024-25,basketball,men,Washington/Iowa,Washington,Iowa,2025-02-22,4PM,Mid,FS1,280000,listed,,,Regular Season,2025 College Basketball Week 16 Viewership,,,,,,,,,Saturday,2,February,1,0,0,0,0,0,0,0,0,0,0,0,0,0,0,0,0,0,12.542544882151386
TV Media Blog 2024-25 Week 16,https://tvmediablog.substack.com/api/v1/posts/2025-college-basketball-week-16-viewership,2024-25,basketball,men,Minnesota/UCLA,Minnesota,UCLA,2025-02-18,10:30PM,Prime,FS1,261000,listed,,,Regular Season,2025 College Basketball Week 16 Viewership,,,,,,,,,Tuesday,2,February,0,0,0,0,0,22,0,1,0,1,0,0,0,0,0,0,0,0,12.47227568630483
TV Media Blog 2024-25 Week 16,https://tvmediablog.substack.com/api/v1/posts/2025-college-basketball-week-16-viewership,2024-25,basketball,men,Kansas State/Utah,Kansas State,Utah,2025-02-17,9PM,Prime,ESPN2,258000,listed,,,Regular Season,2025 College Basketball Week 16 Viewership,,,,,,,,,Monday,2,February,0,0,0,0,0,0,0,0,0,0,0,0,0,0,0,0,0,0,12.460714863903755
TV Media Blog 2024-25 Week 16,https://tvmediablog.substack.com/api/v1/posts/2025-college-basketball-week-16-viewership,2024-25,basketball,men,USC/Rutgers,USC,Rutgers,2025-02-23,6PM,Mid,FS1,254000,listed,,,Regular Season,2025 College Basketball Week 16 Viewership,,,,,,,,,Sunday,2,February,1,0,23,0,1,24,0,1,0,2,0,0,0,0,0,0,0,0,12.445089546000673
TV Media Blog 2024-25 Week 16,https://tvmediablog.substack.com/api/v1/posts/2025-college-basketball-week-16-viewership,2024-25,basketball,men,Houston/Arizona State,Houston,Arizona State,2025-02-18,9PM,Prime,ESPN2,246000,listed,,,Regular Season,2025 College Basketball Week 16 Viewership,,,,,,,,,Tuesday,2,February,0,0,5,1,0,0,0,0,1,0,0,0,0,0,0,0,0,0,12.4130868149145
TV Media Blog 2024-25 Week 16,https://tvmediablog.substack.com/api/v1/posts/2025-college-basketball-week-16-viewership,2024-25,basketball,men,Marquette/Villanova,Marquette,Villanova,2025-02-21,7PM,Prime,FS1,235000,listed,,,Regular Season,2025 College Basketball Week 16 Viewership,,,,,,,,,Friday,2,February,0,0,16,0,1,18,0,1,0,2,0,0,0,0,0,0,0,0,12.367340793126296
TV Media Blog 2024-25 Week 16,https://tvmediablog.substack.com/api/v1/posts/2025-college-basketball-week-16-viewership,2024-25,basketball,men,Oregon/Iowa,Oregon,Iowa,2025-02-19,8:30PM,Prime,BTN,231000,listed,,,Regular Season,2025 College Basketball Week 16 Viewership,,,,,,,,,Wednesday,2,February,0,0,16,0,1,0,0,0,0,1,0,0,0,0,0,0,0,0,12.35017298950393
TV Media Blog 2024-25 Week 16,https://tvmediablog.substack.com/api/v1/posts/2025-college-basketball-week-16-viewership,2024-25,basketball,men,Gonzaga/Washington State,Gonzaga,Washington State,2025-02-19,9PM,Prime,ESPN2,231000,listed,,,Regular Season,2025 College Basketball Week 16 Viewership,,,,,,,,,Wednesday,2,February,0,0,16,0,1,25,0,1,0,2,0,0,0,0,0,0,0,0,12.35017298950393
TV Media Blog 2024-25 Week 16,https://tvmediablog.substack.com/api/v1/posts/2025-college-basketball-week-16-viewership,2024-25,basketball,men,USC/Maryland,USC,Maryland,2025-02-20,8:30PM,Prime,FS1,216000,listed,,,Regular Season,2025 College Basketball Week 16 Viewership,,,,,,,,,Thursday,2,February,0,0,23,0,1,20,0,1,0,2,0,0,0,0,0,0,0,0,12.283033686666302
TV Media Blog 2024-25 Week 16,https://tvmediablog.substack.com/api/v1/posts/2025-college-basketball-week-16-viewership,2024-25,basketball,men,Northwestern/Ohio State,Northwestern,Ohio State,2025-02-20,6:30PM,Mid,FS1,211000,listed,,,Regular Season,2025 College Basketball Week 16 Viewership,,,,,,,,,Thursday,2,February,0,0,25,0,1,21,0,1,0,2,0,0,0,0,0,0,0,0,12.259613412458204
TV Media Blog 2024-25 Week 16,https://tvmediablog.substack.com/api/v1/posts/2025-college-basketball-week-16-viewership,2024-25,basketball,men,Nebraska/Penn State,Nebraska,Penn State,2025-02-19,6:30PM,Mid,BTN,202000,listed,,,Regular Season,2025 College Basketball Week 16 Viewership,,,,,,,,,Wednesday,2,February,0,0,0,0,0,0,0,0,0,0,0,0,0,0,0,0,0,0,12.216022976383341
TV Media Blog 2024-25 Week 16,https://tvmediablog.substack.com/api/v1/posts/2025-college-basketball-week-16-viewership,2024-25,basketball,men,Dayton/Loyola Chicago,Dayton,Loyola Chicago,2025-02-21,7PM,Prime,ESPN2,168000,listed,,,Regular Season,2025 College Basketball Week 16 Viewership,,,,,,,,,Friday,2,February,0,0,22,0,1,0,0,0,0,1,0,0,0,0,0,0,0,0,12.031719258385396
TV Media Blog 2024-25 Week 16,https://tvmediablog.substack.com/api/v1/posts/2025-college-basketball-week-16-viewership,2024-25,basketball,men,Akron/Ohio,Akron,Ohio,2025-02-22,6PM,Mid,ESPN2,153000,listed,,,Regular Season,2025 College Basketball Week 16 Viewership,,,,,,,,,Saturday,2,February,1,0,0,0,0,0,0,0,0,0,0,0,0,0,0,0,0,0,11.938193200374572
TV Media Blog 2024-25 Week 16,https://tvmediablog.substack.com/api/v1/posts/2025-college-basketball-week-16-viewership,2024-25,basketball,men,Wichita State/FAU,Wichita State,Florida Atlantic,2025-02-20,9PM,Prime,ESPN2,145000,listed,,,Regular Season,2025 College Basketball Week 16 Viewership,,,,,,,,,Thursday,2,February,0,0,0,0,0,24,0,1,0,1,0,0,0,0,0,0,0,0,11.884489021402711
TV Media Blog 2024-25 Week 16,https://tvmediablog.substack.com/api/v1/posts/2025-college-basketball-week-16-viewership,2024-25,basketball,men,Boise State/Nevada,Boise State,Nevada,2025-02-22,6PM,Mid,FS1,133000,listed,,,Regular Season,2025 College Basketball Week 16 Viewership,,,,,,,,,Saturday,2,February,1,0,0,0,0,23,0,1,0,1,0,0,0,0,0,0,0,0,11.79810440720389
TV Media Blog 2024-25 Week 16,https://tvmediablog.substack.com/api/v1/posts/2025-college-basketball-week-16-viewership,2024-25,basketball,men,Penn State/Minnesota,Penn State,Minnesota,2025-02-22,2PM,Early,BTN,130000,listed,,,Regular Season,2025 College Basketball Week 16 Viewership,,,,,,,,,Saturday,2,February,1,0,0,0,0,0,0,0,0,0,0,0,0,0,0,0,0,0,11.77528972943772
TV Media Blog 2024-25 Week 16,https://tvmediablog.substack.com/api/v1/posts/2025-college-basketball-week-16-viewership,2024-25,basketball,men,Florida Atlantic/Memphis,Florida Atlantic,Memphis,2025-02-23,2PM,Early,ESPN2,128000,listed,,,Regular Season,2025 College Basketball Week 16 Viewership,,,,,,,,,Sunday,2,February,1,0,24,0,1,22,0,1,0,2,0,0,0,0,0,0,0,0,11.759785542901755
TV Media Blog 2024-25 Week 16,https://tvmediablog.substack.com/api/v1/posts/2025-college-basketball-week-16-viewership,2024-25,basketball,men,Drake/UNI,Drake,UNI,2025-02-23,4PM,Mid,ESPN2,122000,listed,,,Regular Season,2025 College Basketball Week 16 Viewership,,,,,,,,,Sunday,2,February,1,0,0,0,0,0,0,0,0,0,0,0,0,0,0,0,0,0,11.711776323715394
TV Media Blog 2024-25 Week 16,https://tvmediablog.substack.com/api/v1/posts/2025-college-basketball-week-16-viewership,2024-25,basketball,men,TCU/Cincinnati,TCU,Cincinnati,2025-02-22,12PM,Early,ESPN2,118000,listed,,,Regular Season,2025 College Basketball Week 16 Viewership,,,,,,,,,Saturday,2,February,1,0,25,0,1,16,0,1,0,2,0,0,0,0,0,0,0,0,11.678439903447801
TV Media Blog 2024-25 Week 16,https://tvmediablog.substack.com/api/v1/posts/2025-college-basketball-week-16-viewership,2024-25,basketball,men,St. John's/DePaul,St. John's,DePaul,2025-02-19,9PM,Prime,FS1,99000,listed,,,Regular Season,2025 College Basketball Week 16 Viewership,,,,,,,,,Wednesday,2,February,0,0,10,1,0,0,0,0,1,0,0,0,0,0,0,0,0,0,11.502875129116727
TV Media Blog 2024-25 Week 16,https://tvmediablog.substack.com/api/v1/posts/2025-college-basketball-week-16-viewership,2024-25,basketball,men,Xavier/Seton Hall,Xavier,Seton Hall,2025-02-23,2PM,Early,FS1,97000,listed,,,Regular Season,2025 College Basketball Week 16 Viewership,,,,,,,,,Sunday,2,February,1,0,22,0,1,0,0,0,0,1,0,0,0,0,0,0,0,0,11.48246625748552
TV Media Blog 2024-25 Week 16,https://tvmediablog.substack.com/api/v1/posts/2025-college-basketball-week-16-viewership,2024-25,basketball,men,Providence/Georgetown,Providence,Georgetown,2025-02-19,7PM,Prime,FS1,84000,listed,,,Regular Season,2025 College Basketball Week 16 Viewership,,,,,,,,,Wednesday,2,February,0,0,23,0,1,0,0,0,0,1,0,0,0,0,0,0,0,0,11.33857207782545
TV Media Blog 2024-25 Week 16,https://tvmediablog.substack.com/api/v1/posts/2025-college-basketball-week-16-viewership,2024-25,basketball,men,Rutgers/Washington,Rutgers,Washington,2025-02-19,10:30PM,Prime,BTN,82000,listed,,,Regular Season,2025 College Basketball Week 16 Viewership,,,,,,,,,Wednesday,2,February,0,0,24,0,1,0,0,0,0,1,0,0,0,0,0,0,0,0,11.314474526246391
TV Media Blog 2024-25 Week 16,https://tvmediablog.substack.com/api/v1/posts/2025-college-basketball-week-16-viewership,2024-25,basketball,men,Cal/Stanford,California,Stanford,2025-02-22,10PM,Prime,ESPN2,76000,listed,,,Regular Season,2025 College Basketball Week 16 Viewership,,,,,,,,,Saturday,2,February,1,0,0,0,0,0,0,0,0,0,0,0,0,0,0,0,0,0,11.238488619268468
TV Media Blog 2024-25 Week 16,https://tvmediablog.substack.com/api/v1/posts/2025-college-basketball-week-16-viewership,2024-25,basketball,men,Loyola Marymount/Santa Clara,Loyola Marymount,Santa Clara,2025-02-20,11PM,Prime,ESPN2,74000,listed,,,Regular Season,2025 College Basketball Week 16 Viewership,,,,,,,,,Thursday,2,February,0,0,0,0,0,0,0,0,0,0,0,0,0,0,0,0,0,0,11.211820372186306
TV Media Blog 2024-25 Week 16,https://tvmediablog.substack.com/api/v1/posts/2025-college-basketball-week-16-viewership,2024-25,basketball,men,Butler/DePaul,Butler,DePaul,2025-02-22,8PM,Prime,FS1,57000,listed,,,Regular Season,2025 College Basketball Week 16 Viewership,,,,,,,,,Saturday,2,February,1,0,0,0,0,0,0,0,0,0,0,0,0,0,0,0,0,0,10.950806546816688
TV Media Blog 2024-25 Week 16,https://tvmediablog.substack.com/api/v1/posts/2025-college-basketball-week-16-viewership,2024-25,basketball,men,Richmond/Saint Joseph's,Richmond,Saint Joseph's,2025-02-22,12:30PM,Early,USA,52000,listed,,,Regular Season,2025 College Basketball Week 16 Viewership,,,,,,,,,Saturday,2,February,1,0,0,0,0,0,0,0,0,0,0,0,0,0,0,0,0,0,10.858998997563564
TV Media Blog 2024-25 Week 16,https://tvmediablog.substack.com/api/v1/posts/2025-college-basketball-week-16-viewership,2024-25,basketball,men,Rhode Island/St. Louis,Rhode Island,Saint Louis,2025-02-22,2:30PM,Early,USA,51000,listed,,,Regular Season,2025 College Basketball Week 16 Viewership,,,,,,,,,Saturday,2,February,1,0,0,0,0,0,0,0,0,0,0,0,0,0,0,0,0,0,10.839580911706463
TV Media Blog 2024-25 Week 16,https://tvmediablog.substack.com/api/v1/posts/2025-college-basketball-week-16-viewership,2024-25,basketball,men,Murray State/Bradley,Murray State,Bradley,2025-02-22,6PM,Mid,ESPNU,33000,listed,,,Regular Season,2025 College Basketball Week 16 Viewership,,,,,,,,,Saturday,2,February,1,0,0,0,0,0,0,0,0,0,0,0,0,0,0,0,0,0,10.404262840448617
TV Media Blog 2024-25 Week 16,https://tvmediablog.substack.com/api/v1/posts/2025-college-basketball-week-16-viewership,2024-25,basketball,men,Milwaukee/Youngstown State,Milwaukee,Youngstown State,2025-02-21,9PM,Prime,ESPNU,28000,listed,,,Regular Season,2025 College Basketball Week 16 Viewership,,,,,,,,,Friday,2,February,0,0,0,0,0,0,0,0,0,0,0,0,0,0,0,0,0,0,10.239959789157341
TV Media Blog 2024-25 Week 16,https://tvmediablog.substack.com/api/v1/posts/2025-college-basketball-week-16-viewership,2024-25,basketball,men,UCF/Oklahoma State,UCF,Oklahoma State,2025-02-19,9PM,Prime,ESPNU,27000,listed,,,Regular Season,2025 College Basketball Week 16 Viewership,,,,,,,,,Wednesday,2,February,0,0,0,0,0,0,0,0,0,0,0,0,0,0,0,0,0,0,10.203592144986466
TV Media Blog 2024-25 Week 16,https://tvmediablog.substack.com/api/v1/posts/2025-college-basketball-week-16-viewership,2024-25,basketball,men,Tarleton/UTA,Tarleton,UTA,2025-02-22,8PM,Prime,ESPNU,20000,listed,,,Regular Season,2025 College Basketball Week 16 Viewership,,,,,,,,,Saturday,2,February,1,0,0,0,0,0,0,0,0,0,0,0,0,0,0,0,0,0,9.903487552536127
TV Media Blog 2024-25 Week 16,https://tvmediablog.substack.com/api/v1/posts/2025-college-basketball-week-16-viewership,2024-25,basketball,men,Manhattan/Iona,Manhattan,Iona,2025-02-21,7PM,Prime,ESPNU,11000,listed,,,Regular Season,2025 College Basketball Week 16 Viewership,,,,,,,,,Friday,2,February,0,0,0,0,0,0,0,0,0,0,0,0,0,0,0,0,0,0,9.305650551780507
TV Media Blog 2024-25 Week 16,https://tvmediablog.substack.com/api/v1/posts/2025-college-basketball-week-16-viewership,2024-25,basketball,men,Texas Southern/Southern,Texas Southern,Southern,2025-02-17,9PM,Prime,ESPNU,10000,listed,,,Regular Season,2025 College Basketball Week 16 Viewership,,,,,,,,,Monday,2,February,0,0,0,0,0,0,0,0,0,0,0,0,0,0,0,0,0,0,9.210340371976184
TV Media Blog 2024-25 Week 16,https://tvmediablog.substack.com/api/v1/posts/2025-college-basketball-week-16-viewership,2024-25,basketball,men,Temple/UAB,Temple,UAB,2025-02-23,2PM,Early,ESPNU,8000,listed,,,Regular Season,2025 College Basketball Week 16 Viewership,,,,,,,,,Sunday,2,February,1,0,0,0,0,0,0,0,0,0,0,0,0,0,0,0,0,0,8.987196820661973
TV Media Blog 2024-25 Week 16,https://tvmediablog.substack.com/api/v1/posts/2025-college-basketball-week-16-viewership,2024-25,basketball,men,UNCG/ETSU,UNC Greensboro,ETSU,2025-02-19,7PM,Prime,ESPNU,7000,listed,,,Regular Season,2025 College Basketball Week 16 Viewership,,,,,,,,,Wednesday,2,February,0,0,0,0,0,0,0,0,0,0,0,0,0,0,0,0,0,0,8.85366542803745
TV Media Blog 2024-25 Week 16,https://tvmediablog.substack.com/api/v1/posts/2025-college-basketball-week-16-viewership,2024-25,basketball,men,Sam Houston/WKU,Sam Houston,Western Kentucky,2025-02-20,9PM,Prime,ESPNU,7000,listed,,,Regular Season,2025 College Basketball Week 16 Viewership,,,,,,,,,Thursday,2,February,0,0,0,0,0,0,0,0,0,0,0,0,0,0,0,0,0,0,8.85366542803745
TV Media Blog 2024-25 Week 16,https://tvmediablog.substack.com/api/v1/posts/2025-college-basketball-week-16-viewership,2024-25,basketball,men,Tennessee State/Tennessee State,Tennessee State,Tennessee State,2025-02-22,2PM,Early,ESPNU,7000,listed,,,Regular Season,2025 College Basketball Week 16 Viewership,,,,,,,,,Saturday,2,February,1,0,0,0,0,0,0,0,0,0,0,0,0,0,0,0,0,0,8.85366542803745
TV Media Blog 2024-25 Week 16,https://tvmediablog.substack.com/api/v1/posts/2025-college-basketball-week-16-viewership,2024-25,basketball,men,UNC Asheville/Radford,UNC Asheville,Radford,2025-02-20,7PM,Prime,ESPNU,4000,listed,,,Regular Season,2025 College Basketball Week 16 Viewership,,,,,,,,,Thursday,2,February,0,0,0,0,0,0,0,0,0,0,0,0,0,0,0,0,0,0,8.294049640102028
TV Media Blog 2024-25 Week 16,https://tvmediablog.substack.com/api/v1/posts/2025-college-basketball-week-16-viewership,2024-25,basketball,men,North Texas/USF,North Texas,South Florida,2025-02-23,12PM,Early,ESPNU,4000,listed,,,Regular Season,2025 College Basketball Week 16 Viewership,,,,,,,,,Sunday,2,February,1,0,0,0,0,24,0,1,0,1,0,0,0,0,0,0,0,0,8.294049640102028
TV Media Blog 2024-25 Week 17,https://tvmediablog.substack.com/api/v1/posts/2025-college-basketball-week-17-viewership,2024-25,basketball,men,Illinois/Michigan,Illinois,Michigan,2025-03-02,3:45PM,Mid,CBS,2110000,listed,,,Regular Season,2025 College Basketball Week 17 Viewership,,,,,,,,,Sunday,3,March,1,0,23,0,1,15,0,1,0,2,0,0,0,0,0,0,0,0,14.56219850545225
TV Media Blog 2024-25 Week 17,https://tvmediablog.substack.com/api/v1/posts/2025-college-basketball-week-17-viewership,2024-25,basketball,men,Wisconsin/Michigan State,Wisconsin,Michigan State,2025-03-02,1:30PM,Early,CBS,2031000,listed,,,Regular Season,2025 College Basketball Week 17 Viewership,,,,,,,,,Sunday,3,March,1,0,11,0,1,8,1,0,1,1,0,0,0,0,0,0,0,0,14.524038840562522
TV Media Blog 2024-25 Week 17,https://tvmediablog.substack.com/api/v1/posts/2025-college-basketball-week-17-viewership,2024-25,basketball,men,Alabama/Tennessee,Alabama,Tennessee,2025-03-01,4PM,Mid,ESPN,1966000,listed,,,Regular Season,2025 College Basketball Week 17 Viewership,,,,,,,,,Saturday,3,March,1,0,6,1,0,5,1,0,2,0,0,0,0,0,0,0,0,0,14.491511579689249
TV Media Blog 2024-25 Week 17,https://tvmediablog.substack.com/api/v1/posts/2025-college-basketball-week-17-viewership,2024-25,basketball,men,Houston/Texas Tech,Houston,Texas Tech,2025-02-24,9PM,Prime,ESPN,1034000,listed,,,Regular Season,2025 College Basketball Week 17 Viewership,,,,,,,,,Monday,2,February,0,0,4,1,0,10,1,0,2,0,0,0,0,0,0,0,0,0,13.848945334050512
TV Media Blog 2024-25 Week 17,https://tvmediablog.substack.com/api/v1/posts/2025-college-basketball-week-17-viewership,2024-25,basketball,men,UCLA/Purdue,UCLA,Purdue,2025-02-28,8PM,Prime,FOX,1026000,listed,,,Regular Season,2025 College Basketball Week 17 Viewership,,,,,,,,,Friday,2,February,0,0,22,0,1,20,0,1,0,2,0,0,0,0,0,0,0,0,13.841178304712852
TV Media Blog 2024-25 Week 17,https://tvmediablog.substack.com/api/v1/posts/2025-college-basketball-week-17-viewership,2024-25,basketball,men,North Carolina/Florida State,North Carolina,Florida State,2025-02-24,7PM,Prime,ESPN,882000,listed,,,Regular Season,2025 College Basketball Week 17 Viewership,,,,,,,,,Monday,2,February,0,0,20,0,1,0,0,0,0,1,0,0,0,0,0,0,0,0,13.68994733498893
TV Media Blog 2024-25 Week 17,https://tvmediablog.substack.com/api/v1/posts/2025-college-basketball-week-17-viewership,2024-25,basketball,men,Arizona/Iowa State,Arizona,Iowa State,2025-03-01,9PM,Prime,ESPN,880000,listed,,,Regular Season,2025 College Basketball Week 17 Viewership,,,,,,,,,Saturday,3,March,1,0,22,0,1,9,1,0,1,1,0,0,0,0,0,0,0,0,13.687677186454389
TV Media Blog 2024-25 Week 17,https://tvmediablog.substack.com/api/v1/posts/2025-college-basketball-week-17-viewership,2024-25,basketball,men,Texas Tech/Kansas,Texas Tech,Kansas,2025-03-01,2PM,Early,ESPN,872000,listed,,,Regular Season,2025 College Basketball Week 17 Viewership,,,,,,,,,Saturday,3,March,1,0,10,1,0,23,0,1,1,1,0,0,0,0,0,0,0,0,13.678544702891116
TV Media Blog 2024-25 Week 17,https://tvmediablog.substack.com/api/v1/posts/2025-college-basketball-week-17-viewership,2024-25,basketball,men,Duke/Miami (FL),Duke,Miami (FL),2025-02-25,7PM,Prime,ESPN,672000,listed,,,Regular Season,2025 College Basketball Week 17 Viewership,,,,,,,,,Tuesday,2,February,0,0,2,1,0,0,0,0,1,0,0,0,0,0,0,0,0,0,13.418013619505286
TV Media Blog 2024-25 Week 17,https://tvmediablog.substack.com/api/v1/posts/2025-college-basketball-week-17-viewership,2024-25,basketball,men,Miami (FL)/North Carolina,Miami (FL),North Carolina,2025-03-01,12PM,Early,ESPN,668000,listed,,,Regular Season,2025 College Basketball Week 17 Viewership,,,,,,,,,Saturday,3,March,1,0,0,0,0,20,0,1,0,1,0,0,0,0,0,0,0,0,13.412043452518782
TV Media Blog 2024-25 Week 17,https://tvmediablog.substack.com/api/v1/posts/2025-college-basketball-week-17-viewership,2024-25,basketball,men,Gonzaga/San Francisco,Gonzaga,San Francisco,2025-03-01,11PM,Prime,ESPN,661000,listed,,,Regular Season,2025 College Basketball Week 17 Viewership,,,,,,,,,Saturday,3,March,1,0,16,0,1,0,0,0,0,1,0,0,0,0,0,0,0,0,13.401509118833824
TV Media Blog 2024-25 Week 17,https://tvmediablog.substack.com/api/v1/posts/2025-college-basketball-week-17-viewership,2024-25,basketball,men,Kansas/Colorado,Kansas,Colorado,2025-02-24,11PM,Prime,ESPN,554000,listed,,,Regular Season,2025 College Basketball Week 17 Viewership,,,,,,,,,Monday,2,February,0,0,23,0,1,18,0,1,0,2,0,0,0,0,0,0,0,0,13.224919965729422
TV Media Blog 2024-25 Week 17,https://tvmediablog.substack.com/api/v1/posts/2025-college-basketball-week-17-viewership,2024-25,basketball,men,Michigan State/Maryland,Michigan State,Maryland,2025-02-26,6:30PM,Mid,BTN,553000,listed,,,Regular Season,2025 College Basketball Week 17 Viewership,,,,,,,,,Wednesday,2,February,0,0,8,1,0,16,0,1,1,1,0,0,0,0,0,0,0,0,13.223113280504473
TV Media Blog 2024-25 Week 17,https://tvmediablog.substack.com/api/v1/posts/2025-college-basketball-week-17-viewership,2024-25,basketball,men,Michigan/Nebraska,Michigan,Nebraska,2025-02-24,8PM,Prime,FS1,519000,listed,,,Regular Season,2025 College Basketball Week 17 Viewership,,,,,,,,,Monday,2,February,0,0,15,0,1,0,0,0,0,1,0,0,0,0,0,0,0,0,13.159659162148026
TV Media Blog 2024-25 Week 17,https://tvmediablog.substack.com/api/v1/posts/2025-college-basketball-week-17-viewership,2024-25,basketball,men,Pitt/Louisville,Pitt,Louisville,2025-03-01,6PM,Mid,ESPN2,486000,listed,,,Regular Season,2025 College Basketball Week 17 Viewership,,,,,,,,,Saturday,3,March,1,0,18,0,1,19,0,1,0,2,0,0,0,0,0,0,0,0,13.093963902882631
TV Media Blog 2024-25 Week 17,https://tvmediablog.substack.com/api/v1/posts/2025-college-basketball-week-17-viewership,2024-25,basketball,men,Georgia/Texas,Georgia,Texas,2025-03-01,8PM,Prime,ESPN2,460000,listed,,,Regular Season,2025 College Basketball Week 17 Viewership,,,,,,,,,Saturday,3,March,1,0,23,0,1,19,0,1,0,2,0,0,0,0,0,0,0,0,13.038981768465277
TV Media Blog 2024-25 Week 17,https://tvmediablog.substack.com/api/v1/posts/2025-college-basketball-week-17-viewership,2024-25,basketball,men,Memphis/UAB,Memphis,UAB,2025-03-02,4PM,Mid,ESPN,434000,listed,,,Regular Season,2025 College Basketball Week 17 Viewership,,,,,,,,,Sunday,3,March,1,0,18,0,1,0,0,0,0,1,0,0,0,0,0,0,0,0,12.980799813082541
TV Media Blog 2024-25 Week 17,https://tvmediablog.substack.com/api/v1/posts/2025-college-basketball-week-17-viewership,2024-25,basketball,men,Ole Miss/Auburn,Ole Miss,Auburn,2025-02-26,7PM,Prime,ESPN2,404000,listed,,,Regular Season,2025 College Basketball Week 17 Viewership,,,,,,,,,Wednesday,2,February,0,0,24,0,1,1,1,0,1,1,0,0,0,0,0,0,0,0,12.909170156943286
TV Media Blog 2024-25 Week 17,https://tvmediablog.substack.com/api/v1/posts/2025-college-basketball-week-17-viewership,2024-25,basketball,men,Texas/Arkansas,Texas,Arkansas,2025-02-26,9PM,Prime,ESPN2,396000,listed,,,Regular Season,2025 College Basketball Week 17 Viewership,,,,,,,,,Wednesday,2,February,0,0,19,0,1,23,0,1,0,2,0,0,0,0,0,0,0,0,12.889169490236618
TV Media Blog 2024-25 Week 17,https://tvmediablog.substack.com/api/v1/posts/2025-college-basketball-week-17-viewership,2024-25,basketball,men,Clemson/Virginia,Clemson,Virginia,2025-03-01,12PM,Early,ESPN2,349000,listed,,,Regular Season,2025 College Basketball Week 17 Viewership,,,,,,,,,Saturday,3,March,1,0,13,0,1,21,0,1,0,2,0,0,0,0,0,0,0,0,12.762827201184564
TV Media Blog 2024-25 Week 17,https://tvmediablog.substack.com/api/v1/posts/2025-college-basketball-week-17-viewership,2024-25,basketball,men,Penn State/Indiana,Penn State,Indiana,2025-02-26,8:30PM,Prime,BTN,339000,listed,,,Regular Season,2025 College Basketball Week 17 Viewership,,,,,,,,,Wednesday,2,February,0,0,0,0,0,14,0,1,0,1,0,0,0,0,0,0,0,0,12.733755386362587
TV Media Blog 2024-25 Week 17,https://tvmediablog.substack.com/api/v1/posts/2025-college-basketball-week-17-viewership,2024-25,basketball,men,West Virginia/BYU,West Virginia,BYU,2025-03-01,10PM,Prime,ESPN2,329000,listed,,,Regular Season,2025 College Basketball Week 17 Viewership,,,,,,,,,Saturday,3,March,1,0,23,0,1,25,0,1,0,2,0,0,0,0,0,0,0,0,12.70381302974751
TV Media Blog 2024-25 Week 17,https://tvmediablog.substack.com/api/v1/posts/2025-college-basketball-week-17-viewership,2024-25,basketball,men,Iowa/Illinois,Iowa,Illinois,2025-02-25,9PM,Prime,FS1,311000,listed,,,Regular Season,2025 College Basketball Week 17 Viewership,,,,,,,,,Tuesday,2,February,0,0,0,0,0,23,0,1,0,1,0,0,0,0,0,0,0,0,12.647548191161372
TV Media Blog 2024-25 Week 17,https://tvmediablog.substack.com/api/v1/posts/2025-college-basketball-week-17-viewership,2024-25,basketball,men,Mississippi State/Alabama,Mississippi State,Alabama,2025-02-25,9PM,Prime,ESPN2,306000,listed,,,Regular Season,2025 College Basketball Week 17 Viewership,,,,,,,,,Tuesday,2,February,0,0,24,0,1,6,1,0,1,1,0,0,0,0,0,0,0,0,12.631340380934517
TV Media Blog 2024-25 Week 17,https://tvmediablog.substack.com/api/v1/posts/2025-college-basketball-week-17-viewership,2024-25,basketball,men,Georgetown/Uconn,Georgetown,UConn,2025-02-26,6:30PM,Mid,FS1,264000,listed,,,Regular Season,2025 College Basketball Week 17 Viewership,,,,,,,,,Wednesday,2,February,0,0,0,0,0,19,0,1,0,1,0,0,0,0,0,0,0,0,12.483704382128453
TV Media Blog 2024-25 Week 17,https://tvmediablog.substack.com/api/v1/posts/2025-college-basketball-week-17-viewership,2024-25,basketball,men,Maryland/Penn State,Maryland,Penn State,2025-03-01,12PM,Early,BTN,261000,listed,,,Regular Season,2025 College Basketball Week 17 Viewership,,,,,,,,,Saturday,3,March,1,0,16,0,1,0,0,0,0,1,0,0,0,0,0,0,0,0,12.47227568630483
TV Media Blog 2024-25 Week 17,https://tvmediablog.substack.com/api/v1/posts/2025-college-basketball-week-17-viewership,2024-25,basketball,men,Minnesota/Nebraska,Minnesota,Nebraska,2025-03-01,2PM,Early,BTN,259000,listed,,,Regular Season,2025 College Basketball Week 17 Viewership,,,,,,,,,Saturday,3,March,1,0,0,0,0,0,0,0,0,0,0,0,0,0,0,0,0,0,12.464583340681674
TV Media Blog 2024-25 Week 17,https://tvmediablog.substack.com/api/v1/posts/2025-college-basketball-week-17-viewership,2024-25,basketball,men,Oklahoma/Ole Miss,Oklahoma,Ole Miss,2025-03-01,2PM,Early,ESPN2,229000,listed,,,Regular Season,2025 College Basketball Week 17 Viewership,,,,,,,,,Saturday,3,March,1,0,17,0,1,24,0,1,0,2,0,0,0,0,0,0,0,0,12.341477282536376
TV Media Blog 2024-25 Week 17,https://tvmediablog.substack.com/api/v1/posts/2025-college-basketball-week-17-viewership,2024-25,basketball,men,Baylor/Cincinnati,Baylor,Cincinnati,2025-02-25,7PM,Prime,ESPN2,207000,listed,,,Regular Season,2025 College Basketball Week 17 Viewership,,,,,,,,,Tuesday,2,February,0,0,25,0,1,16,0,1,0,2,0,0,0,0,0,0,0,0,12.240474072247506
TV Media Blog 2024-25 Week 17,https://tvmediablog.substack.com/api/v1/posts/2025-college-basketball-week-17-viewership,2024-25,basketball,men,Iowa/Northwestern,Iowa,Northwestern,2025-02-28,9PM,Prime,FS1,166000,listed,,,Regular Season,2025 College Basketball Week 17 Viewership,,,,,,,,,Friday,2,February,0,0,0,0,0,25,0,1,0,1,0,0,0,0,0,0,0,0,12.01974306733868
TV Media Blog 2024-25 Week 17,https://tvmediablog.substack.com/api/v1/posts/2025-college-basketball-week-17-viewership,2024-25,basketball,men,USC/Oregon,USC,Oregon,2025-03-01,4PM,Mid,BTN,157000,listed,,,Regular Season,2025 College Basketball Week 17 Viewership,,,,,,,,,Saturday,3,March,1,0,23,0,1,16,0,1,0,2,0,0,0,0,0,0,0,0,11.964001084330445
TV Media Blog 2024-25 Week 17,https://tvmediablog.substack.com/api/v1/posts/2025-college-basketball-week-17-viewership,2024-25,basketball,men,Providence/Marquette,Providence,Marquette,2025-02-25,7PM,Prime,FS1,149000,listed,,,Regular Season,2025 College Basketball Week 17 Viewership,,,,,,,,,Tuesday,2,February,0,0,23,0,1,21,0,1,0,2,0,0,0,0,0,0,0,0,11.911701584927597
TV Media Blog 2024-25 Week 17,https://tvmediablog.substack.com/api/v1/posts/2025-college-basketball-week-17-viewership,2024-25,basketball,men,Ohio State/USC,Ohio State,USC,2025-02-26,10:30PM,Prime,BTN,139000,listed,,,Regular Season,2025 College Basketball Week 17 Viewership,,,,,,,,,Wednesday,2,February,0,0,21,0,1,23,0,1,0,2,0,0,0,0,0,0,0,0,11.842229212112828
TV Media Blog 2024-25 Week 17,https://tvmediablog.substack.com/api/v1/posts/2025-college-basketball-week-17-viewership,2024-25,basketball,men,UNI/Bradley,UNI,Bradley,2025-03-02,2PM,Early,ESPN2,139000,listed,,,Regular Season,2025 College Basketball Week 17 Viewership,,,,,,,,,Sunday,3,March,1,0,0,0,0,0,0,0,0,0,0,0,0,0,0,0,0,0,11.842229212112828
TV Media Blog 2024-25 Week 17,https://tvmediablog.substack.com/api/v1/posts/2025-college-basketball-week-17-viewership,2024-25,basketball,men,Davidson/VCU,Davidson,VCU,2025-02-28,7PM,Prime,ESPN2,134000,listed,,,Regular Season,2025 College Basketball Week 17 Viewership,,,,,,,,,Friday,2,February,0,0,0,0,0,0,0,0,0,0,0,0,0,0,0,0,0,0,11.805595078933049
TV Media Blog 2024-25 Week 17,https://tvmediablog.substack.com/api/v1/posts/2025-college-basketball-week-17-viewership,2024-25,basketball,men,FAU/USF,Florida Atlantic,South Florida,2025-03-02,12PM,Early,ESPN2,117000,listed,,,Regular Season,2025 College Basketball Week 17 Viewership,,,,,,,,,Sunday,3,March,1,0,24,0,1,24,0,1,0,2,0,0,0,0,0,0,0,0,11.669929213779893
TV Media Blog 2024-25 Week 17,https://tvmediablog.substack.com/api/v1/posts/2025-college-basketball-week-17-viewership,2024-25,basketball,men,Villanova/Seton Hall,Villanova,Seton Hall,2025-02-26,8:30PM,Prime,FS1,116000,listed,,,Regular Season,2025 College Basketball Week 17 Viewership,,,,,,,,,Wednesday,2,February,0,0,18,0,1,0,0,0,0,1,0,0,0,0,0,0,0,0,11.661345470088502
TV Media Blog 2024-25 Week 17,https://tvmediablog.substack.com/api/v1/posts/2025-college-basketball-week-17-viewership,2024-25,basketball,men,New Mexico/San Diego State,New Mexico,San Diego State,2025-02-25,11PM,Prime,FS1,98000,listed,,,Regular Season,2025 College Basketball Week 17 Viewership,,,,,,,,,Tuesday,2,February,0,0,25,0,1,20,0,1,0,2,0,0,0,0,0,0,0,0,11.49272275765271
TV Media Blog 2024-25 Week 17,https://tvmediablog.substack.com/api/v1/posts/2025-college-basketball-week-17-viewership,2024-25,basketball,men,Utah State/Boise State,Utah State,Boise State,2025-02-26,10:30PM,Prime,FS1,98000,listed,,,Regular Season,2025 College Basketball Week 17 Viewership,,,,,,,,,Wednesday,2,February,0,0,22,0,1,0,0,0,0,1,0,0,0,0,0,0,0,0,11.49272275765271
TV Media Blog 2024-25 Week 17,https://tvmediablog.substack.com/api/v1/posts/2025-college-basketball-week-17-viewership,2024-25,basketball,men,Purdue Fort Wayne/Cleveland State,Purdue Fort Wayne,Cleveland State,2025-03-01,4PM,Mid,ESPN2,96000,listed,,,Regular Season,2025 College Basketball Week 17 Viewership,,,,,,,,,Saturday,3,March,1,0,0,0,0,0,0,0,0,0,0,0,0,0,0,0,0,0,11.472103470449973
TV Media Blog 2024-25 Week 17,https://tvmediablog.substack.com/api/v1/posts/2025-college-basketball-week-17-viewership,2024-25,basketball,men,North Texas/FAU,North Texas,Florida Atlantic,2025-02-27,7PM,Prime,ESPN2,94000,listed,,,Regular Season,2025 College Basketball Week 17 Viewership,,,,,,,,,Thursday,2,February,0,0,0,0,0,24,0,1,0,1,0,0,0,0,0,0,0,0,11.451050061252142
TV Media Blog 2024-25 Week 17,https://tvmediablog.substack.com/api/v1/posts/2025-college-basketball-week-17-viewership,2024-25,basketball,men,Kent State/Akron,Kent State,Akron,2025-02-28,9PM,Prime,ESPN2,80000,listed,,,Regular Season,2025 College Basketball Week 17 Viewership,,,,,,,,,Friday,2,February,0,0,0,0,0,0,0,0,0,0,0,0,0,0,0,0,0,0,11.289781913656018
TV Media Blog 2024-25 Week 17,https://tvmediablog.substack.com/api/v1/posts/2025-college-basketball-week-17-viewership,2024-25,basketball,men,Cleveland State/Wright State,Cleveland State,Wright State,2025-02-27,9PM,Prime,ESPN2,75000,listed,,,Regular Season,2025 College Basketball Week 17 Viewership,,,,,,,,,Thursday,2,February,0,0,0,0,0,0,0,0,0,0,0,0,0,0,0,0,0,0,11.225243392518447
TV Media Blog 2024-25 Week 17,https://tvmediablog.substack.com/api/v1/posts/2025-college-basketball-week-17-viewership,2024-25,basketball,men,Saint Joseph's/Fordham,Saint Joseph's,Fordham,2025-03-01,12PM,Early,USA,74000,listed,,,Regular Season,2025 College Basketball Week 17 Viewership,,,,,,,,,Saturday,3,March,1,0,0,0,0,0,0,0,0,0,0,0,0,0,0,0,0,0,11.211820372186306
TV Media Blog 2024-25 Week 17,https://tvmediablog.substack.com/api/v1/posts/2025-college-basketball-week-17-viewership,2024-25,basketball,men,Nevada/UNLV,Nevada,UNLV,2025-02-28,11PM,Prime,FS1,72000,listed,,,Regular Season,2025 College Basketball Week 17 Viewership,,,,,,,,,Friday,2,February,0,0,23,0,1,0,0,0,0,1,0,0,0,0,0,0,0,0,11.184421397998193
TV Media Blog 2024-25 Week 17,https://tvmediablog.substack.com/api/v1/posts/2025-college-basketball-week-17-viewership,2024-25,basketball,men,NC State/Syracuse,NC State,Syracuse,2025-02-26,7PM,Prime,ESPNU,70000,listed,,,Regular Season,2025 College Basketball Week 17 Viewership,,,,,,,,,Wednesday,2,February,0,0,0,0,0,0,0,0,0,0,0,0,0,0,0,0,0,0,11.156250521031495
TV Media Blog 2024-25 Week 17,https://tvmediablog.substack.com/api/v1/posts/2025-college-basketball-week-17-viewership,2024-25,basketball,men,Virginia/Wake Forest,Virginia,Wake Forest,2025-02-26,9PM,Prime,ESPNU,55000,listed,,,Regular Season,2025 College Basketball Week 17 Viewership,,,,,,,,,Wednesday,2,February,0,0,21,0,1,0,0,0,0,1,0,0,0,0,0,0,0,0,10.915088464214607
TV Media Blog 2024-25 Week 17,https://tvmediablog.substack.com/api/v1/posts/2025-college-basketball-week-17-viewership,2024-25,basketball,men,Utah State/Colorado State,Utah State,Colorado State,2025-03-01,4PM,Mid,FS1,45000,listed,,,Regular Season,2025 College Basketball Week 17 Viewership,,,,,,,,,Saturday,3,March,1,0,22,0,1,22,0,1,0,2,0,0,0,0,0,0,0,0,10.714417768752456
TV Media Blog 2024-25 Week 17,https://tvmediablog.substack.com/api/v1/posts/2025-college-basketball-week-17-viewership,2024-25,basketball,men,South Carolina/Missouri,South Carolina,Missouri,2025-02-25,9PM,Prime,ESPNU,42000,listed,,,Regular Season,2025 College Basketball Week 17 Viewership,,,,,,,,,Tuesday,2,February,0,0,16,0,1,14,0,1,0,2,0,0,0,0,0,0,0,0,10.645424897265505
TV Media Blog 2024-25 Week 17,https://tvmediablog.substack.com/api/v1/posts/2025-college-basketball-week-17-viewership,2024-25,basketball,men,UAB/Wichita State,UAB,Wichita State,2025-02-27,9PM,Prime,ESPNU,36000,listed,,,Regular Season,2025 College Basketball Week 17 Viewership,,,,,,,,,Thursday,2,February,0,0,0,0,0,0,0,0,0,0,0,0,0,0,0,0,0,0,10.491274217438248
TV Media Blog 2024-25 Week 17,https://tvmediablog.substack.com/api/v1/posts/2025-college-basketball-week-17-viewership,2024-25,basketball,men,Princeton/Cornell,Princeton,Cornell,2025-03-02,2PM,Early,ESPNU,25000,listed,,,Regular Season,2025 College Basketball Week 17 Viewership,,,,,,,,,Sunday,3,March,1,0,0,0,0,0,0,0,0,0,0,0,0,0,0,0,0,0,10.126631103850338
TV Media Blog 2024-25 Week 17,https://tvmediablog.substack.com/api/v1/posts/2025-college-basketball-week-17-viewership,2024-25,basketball,men,Bluefield State/Virginia State,Bluefield State,Virginia State,2025-03-01,4PM,Mid,ESPNU,19000,listed,,,Regular Season,2025 College Basketball Week 17 Viewership,,,,,,,,,Saturday,3,March,1,0,0,0,0,0,0,0,0,0,0,0,0,0,0,0,0,0,9.852194258148577
TV Media Blog 2024-25 Week 17,https://tvmediablog.substack.com/api/v1/posts/2025-college-basketball-week-17-viewership,2024-25,basketball,men,Charlotte/East Carolina,Charlotte,East Carolina,2025-03-02,12PM,Early,ESPNU,16000,listed,,,Regular Season,2025 College Basketball Week 17 Viewership,,,,,,,,,Sunday,3,March,1,0,0,0,0,0,0,0,0,0,0,0,0,0,0,0,0,0,9.680344001221918
TV Media Blog 2024-25 Week 17,https://tvmediablog.substack.com/api/v1/posts/2025-college-basketball-week-17-viewership,2024-25,basketball,men,Winthrop/Longwood,Winthrop,Longwood,2025-02-27,7PM,Prime,ESPNU,13000,listed,,,Regular Season,2025 College Basketball Week 17 Viewership,,,,,,,,,Thursday,2,February,0,0,0,0,0,0,0,0,0,0,0,0,0,0,0,0,0,0,9.472704636443673
TV Media Blog 2024-25 Week 17,https://tvmediablog.substack.com/api/v1/posts/2025-college-basketball-week-17-viewership,2024-25,basketball,men,SMU/Cal,SMU,California,2025-02-26,11PM,Prime,ESPNU,12000,listed,,,Regular Season,2025 College Basketball Week 17 Viewership,,,,,,,,,Wednesday,2,February,0,0,0,0,0,0,0,0,0,0,0,0,0,0,0,0,0,0,9.392661928770137
TV Media Blog 2024-25 Week 17,https://tvmediablog.substack.com/api/v1/posts/2025-college-basketball-week-17-viewership,2024-25,basketball,men,Tulane/Tulsa,Tulane,Tulsa,2025-03-01,2PM,Early,ESPNU,12000,listed,,,Regular Season,2025 College Basketball Week 17 Viewership,,,,,,,,,Saturday,3,March,1,0,0,0,0,0,0,0,0,0,0,0,0,0,0,0,0,0,9.392661928770137
TV Media Blog 2024-25 Week 17,https://tvmediablog.substack.com/api/v1/posts/2025-college-basketball-week-17-viewership,2024-25,basketball,men,Boston College/Cal,Boston College,California,2025-03-01,10PM,Prime,ESPNU,10000,listed,,,Regular Season,2025 College Basketball Week 17 Viewership,,,,,,,,,Saturday,3,March,1,0,0,0,0,0,0,0,0,0,0,0,0,0,0,0,0,0,9.210340371976184
TV Media Blog 2024-25 Week 17,https://tvmediablog.substack.com/api/v1/posts/2025-college-basketball-week-17-viewership,2024-25,basketball,men,Lipscomb/Austin Peay,Lipscomb,Austin Peay,2025-02-24,7PM,Prime,ESPNU,9000,listed,,,Regular Season,2025 College Basketball Week 17 Viewership,,,,,,,,,Monday,2,February,0,0,0,0,0,0,0,0,0,0,0,0,0,0,0,0,0,0,9.104979856318357
TV Media Blog 2024-25 Week 17,https://tvmediablog.substack.com/api/v1/posts/2025-college-basketball-week-17-viewership,2024-25,basketball,men,Saint Peter's/Quinnipiac,Saint Peter's,Quinnipiac,2025-02-28,7PM,Prime,ESPNU,9000,listed,,,Regular Season,2025 College Basketball Week 17 Viewership,,,,,,,,,Friday,2,February,0,0,0,0,0,0,0,0,0,0,0,0,0,0,0,0,0,0,9.104979856318357
TV Media Blog 2024-25 Week 17,https://tvmediablog.substack.com/api/v1/posts/2025-college-basketball-week-17-viewership,2024-25,basketball,men,Central Connecticut/Wagner,Central Connecticut,Wagner,2025-03-01,6PM,Mid,ESPNU,7000,listed,,,Regular Season,2025 College Basketball Week 17 Viewership,,,,,,,,,Saturday,3,March,1,0,0,0,0,0,0,0,0,0,0,0,0,0,0,0,0,0,8.85366542803745
TV Media Blog 2024-25 Week 17,https://tvmediablog.substack.com/api/v1/posts/2025-college-basketball-week-17-viewership,2024-25,basketball,men,App State/Marshall,Appalachian State,Marshall,2025-02-28,9PM,Prime,ESPNU,6000,listed,,,Regular Season,2025 College Basketball Week 17 Viewership,,,,,,,,,Friday,2,February,0,0,0,0,0,0,0,0,0,0,0,0,0,0,0,0,0,0,8.699514748210191
TV Media Blog 2024-25 Weeks 18-19,https://tvmediablog.substack.com/api/v1/posts/2025-college-basketball-week-18-and,2024-25,basketball,men,Duke/North Carolina,Duke,North Carolina,2025-03-08,6:30PM,Mid,ESPN,2998000,listed,,,Regular Season,Week 18,,,,,,,,,Saturday,3,March,1,0,2,1,0,20,0,1,1,1,0,0,0,0,0,0,0,0,14.91345595764468
TV Media Blog 2024-25 Weeks 18-19,https://tvmediablog.substack.com/api/v1/posts/2025-college-basketball-week-18-and,2024-25,basketball,men,Alabama/Auburn,Alabama,Auburn,2025-03-08,2:30PM,Early,ESPN,2076000,listed,,,Regular Season,Week 18,,,,,,,,,Saturday,3,March,1,0,7,1,0,1,1,0,2,0,0,0,0,0,0,0,0,0,14.545953523267917
TV Media Blog 2024-25 Weeks 18-19,https://tvmediablog.substack.com/api/v1/posts/2025-college-basketball-week-18-and,2024-25,basketball,men,Michigan/Michigan State,Michigan,Michigan State,2025-03-02,12:00PM,Early,CBS,1780000,listed,,,Regular Season,Week 18,,,,,,,,,Sunday,3,March,1,0,15,0,1,8,1,0,1,1,0,0,0,0,0,0,0,0,14.392123922268269
TV Media Blog 2024-25 Weeks 18-19,https://tvmediablog.substack.com/api/v1/posts/2025-college-basketball-week-18-and,2024-25,basketball,men,Arizona/Kansas,Arizona,Kansas,2025-03-08,4:30PM,Mid,ESPN,1709000,listed,,,Regular Season,Week 18,,,,,,,,,Saturday,3,March,1,0,24,0,1,23,0,1,0,2,0,0,0,0,0,0,0,0,14.351418962097728
TV Media Blog 2024-25 Weeks 18-19,https://tvmediablog.substack.com/api/v1/posts/2025-college-basketball-week-18-and,2024-25,basketball,men,Kentucky/Missouri,Kentucky,Missouri,2025-03-08,12:00PM,Early,ESPN,1344000,listed,,,Regular Season,Week 18,,,,,,,,,Saturday,3,March,1,0,19,0,1,15,0,1,0,2,0,0,0,0,0,0,0,0,14.111160800065232
TV Media Blog 2024-25 Weeks 18-19,https://tvmediablog.substack.com/api/v1/posts/2025-college-basketball-week-18-and,2024-25,basketball,men,Purdue/Illinois,Purdue,Illinois,2025-03-07,8:00PM,Prime,FOX,1219000,listed,,,Regular Season,Week 18,,,,,,,,,Friday,3,March,0,0,18,0,1,23,0,1,0,2,0,0,0,0,0,0,0,0,14.013541408463409
TV Media Blog 2024-25 Weeks 18-19,https://tvmediablog.substack.com/api/v1/posts/2025-college-basketball-week-18-and,2024-25,basketball,men,Ohio State/Indiana,Ohio State,Indiana,2025-03-08,3:45PM,Mid,CBS,1190000,listed,,,Regular Season,Week 18,,,,,,,,,Saturday,3,March,1,0,21,0,1,14,0,1,0,2,0,0,0,0,0,0,0,0,13.989463865087712
TV Media Blog 2024-25 Weeks 18-19,https://tvmediablog.substack.com/api/v1/posts/2025-college-basketball-week-18-and,2024-25,basketball,men,Bradley/Drake,Bradley,Drake,2025-03-02,2:15PM,Early,CBS,1160000,listed,,,Regular Season,Week 18,,,,,,,,,Sunday,3,March,1,0,0,0,0,0,0,0,0,0,0,0,0,0,0,0,0,0,13.963930563082547
TV Media Blog 2024-25 Weeks 18-19,https://tvmediablog.substack.com/api/v1/posts/2025-college-basketball-week-18-and,2024-25,basketball,men,Kansas/Houston,Kansas,Houston,2025-03-03,9:00PM,Prime,ESPN,1145000,listed,,,Regular Season,Week 18,,,,,,,,,Monday,3,March,0,0,23,0,1,3,1,0,1,1,0,0,0,0,0,0,0,0,13.950915194970477
TV Media Blog 2024-25 Weeks 18-19,https://tvmediablog.substack.com/api/v1/posts/2025-college-basketball-week-18-and,2024-25,basketball,men,Wake Forest/Duke,Wake Forest,Duke,2025-03-03,7:00PM,Prime,ESPN,1042000,listed,,,Regular Season,Week 18,,,,,,,,,Monday,3,March,0,0,0,0,0,2,1,0,1,0,0,0,0,0,0,0,0,0,13.85665250129545
TV Media Blog 2024-25 Weeks 18-19,https://tvmediablog.substack.com/api/v1/posts/2025-college-basketball-week-18-and,2024-25,basketball,men,Florida/Alabama,Florida,Alabama,2025-03-05,7:00PM,Prime,ESPN2,898000,listed,,,Regular Season,Week 18,,,,,,,,,Wednesday,3,March,0,0,5,1,0,7,1,0,2,0,0,0,0,0,0,0,0,0,13.707925347284336
TV Media Blog 2024-25 Weeks 18-19,https://tvmediablog.substack.com/api/v1/posts/2025-college-basketball-week-18-and,2024-25,basketball,men,Tennessee/Ole Miss,Tennessee,Ole Miss,2025-03-05,9:00PM,Prime,ESPN2,835000,listed,,,Regular Season,Week 18,,,,,,,,,Wednesday,3,March,0,0,4,1,0,24,0,1,1,1,0,0,0,0,0,0,0,0,13.635187003832993
TV Media Blog 2024-25 Weeks 18-19,https://tvmediablog.substack.com/api/v1/posts/2025-college-basketball-week-18-and,2024-25,basketball,men,Michigan State/Iowa,Michigan State,Iowa,2025-03-06,8:00PM,Prime,FS1,723000,listed,,,Regular Season,Week 18,,,,,,,,,Thursday,3,March,0,0,8,1,0,0,0,0,1,0,0,0,0,0,0,0,0,0,13.491164501140902
TV Media Blog 2024-25 Weeks 18-19,https://tvmediablog.substack.com/api/v1/posts/2025-college-basketball-week-18-and,2024-25,basketball,men,Iowa State/Kansas State,Iowa State,Kansas State,2025-03-08,1:30PM,Early,CBS,705000,listed,,,Regular Season,Week 18,,,,,,,,,Saturday,3,March,1,0,10,1,0,0,0,0,1,0,0,0,0,0,0,0,0,0,13.465953081794405
TV Media Blog 2024-25 Weeks 18-19,https://tvmediablog.substack.com/api/v1/posts/2025-college-basketball-week-18-and,2024-25,basketball,men,Houston/Baylor,Houston,Baylor,2025-03-08,10:00PM,Prime,ESPN,626000,listed,,,Regular Season,Week 18,,,,,,,,,Saturday,3,March,1,0,3,1,0,25,0,1,1,1,0,0,0,0,0,0,0,0,13.347105650082236
TV Media Blog 2024-25 Weeks 18-19,https://tvmediablog.substack.com/api/v1/posts/2025-college-basketball-week-18-and,2024-25,basketball,men,Auburn/Texas A&M,Auburn,Texas A&M,2025-03-04,9:00PM,Prime,ESPN,564000,listed,,,Regular Season,Week 18,,,,,,,,,Tuesday,3,March,0,0,1,1,0,22,0,1,1,1,0,0,0,0,0,0,0,0,13.242809530480196
TV Media Blog 2024-25 Weeks 18-19,https://tvmediablog.substack.com/api/v1/posts/2025-college-basketball-week-18-and,2024-25,basketball,men,LSU/Kentucky,LSU,Kentucky,2025-03-04,7:00PM,Prime,ESPN2,506000,listed,,,Regular Season,Week 18,,,,,,,,,Tuesday,3,March,0,0,0,0,0,19,0,1,0,1,0,0,0,0,0,0,0,0,13.134291948269603
TV Media Blog 2024-25 Weeks 18-19,https://tvmediablog.substack.com/api/v1/posts/2025-college-basketball-week-18-and,2024-25,basketball,men,USC/UCLA,USC,UCLA,2025-03-08,8:00PM,Prime,FOX,483000,listed,,,Regular Season,Week 18,,,,,,,,,Saturday,3,March,1,0,23,0,1,22,0,1,0,2,0,0,0,0,0,0,0,0,13.087771932634709
TV Media Blog 2024-25 Weeks 18-19,https://tvmediablog.substack.com/api/v1/posts/2025-college-basketball-week-18-and,2024-25,basketball,men,Maryland/Michigan,Maryland,Michigan,2025-03-05,6:30PM,Mid,BTN,398000,listed,,,Regular Season,Week 18,,,,,,,,,Wednesday,3,March,0,0,13,0,1,17,0,1,0,2,0,0,0,0,0,0,0,0,12.894207284266574
TV Media Blog 2024-25 Weeks 18-19,https://tvmediablog.substack.com/api/v1/posts/2025-college-basketball-week-18-and,2024-25,basketball,men,BYU/Iowa State,BYU,Iowa State,2025-03-04,9:00PM,Prime,ESPN2,334000,listed,,,Regular Season,Week 18,,,,,,,,,Tuesday,3,March,0,0,23,0,1,10,1,0,1,1,0,0,0,0,0,0,0,0,12.718896271958837
TV Media Blog 2024-25 Weeks 18-19,https://tvmediablog.substack.com/api/v1/posts/2025-college-basketball-week-18-and,2024-25,basketball,men,Wisconsin/Minnesota,Wisconsin,Minnesota,2025-03-05,8:30PM,Prime,BTN,328000,listed,,,Regular Season,Week 18,,,,,,,,,Wednesday,3,March,0,0,12,0,1,0,0,0,0,1,0,0,0,0,0,0,0,0,12.70076888736628
TV Media Blog 2024-25 Weeks 18-19,https://tvmediablog.substack.com/api/v1/posts/2025-college-basketball-week-18-and,2024-25,basketball,men,Marquette/UConn,Marquette,UConn,2025-03-05,8:30PM,Prime,FS1,307000,listed,,,Regular Season,Week 18,,,,,,,,,Wednesday,3,March,0,0,20,0,1,19,0,1,0,2,0,0,0,0,0,0,0,0,12.634603026569334
TV Media Blog 2024-25 Weeks 18-19,https://tvmediablog.substack.com/api/v1/posts/2025-college-basketball-week-18-and,2024-25,basketball,men,Dayton/VCU,Dayton,VCU,2025-03-07,7:00PM,Prime,ESPN2,258000,listed,,,Regular Season,Week 18,,,,,,,,,Friday,3,March,0,0,22,0,1,0,0,0,0,1,0,0,0,0,0,0,0,0,12.460714863903755
TV Media Blog 2024-25 Weeks 18-19,https://tvmediablog.substack.com/api/v1/posts/2025-college-basketball-week-18-and,2024-25,basketball,men,Arizona State/Arizona,Arizona State,Arizona,2025-03-04,11:00PM,Prime,ESPN,254000,listed,,,Regular Season,Week 18,,,,,,,,,Tuesday,3,March,0,0,0,0,0,24,0,1,0,1,0,0,0,0,0,0,0,0,12.445089546000673
TV Media Blog 2024-25 Weeks 18-19,https://tvmediablog.substack.com/api/v1/posts/2025-college-basketball-week-18-and,2024-25,basketball,men,South Florida/Memphis,South Florida,Memphis,2025-03-07,9:00PM,Prime,ESPN2,242000,listed,,,Regular Season,Week 18,,,,,,,,,Friday,3,March,0,0,24,0,1,16,0,1,0,2,0,0,0,0,0,0,0,0,12.396693005138824
TV Media Blog 2024-25 Weeks 18-19,https://tvmediablog.substack.com/api/v1/posts/2025-college-basketball-week-18-and,2024-25,basketball,men,Winthrop/High Point,Winthrop,High Point,2025-03-02,12:00PM,Early,ESPN2,237000,listed,,,Regular Season,Week 18,,,,,,,,,Sunday,3,March,1,0,0,0,0,0,0,0,0,0,0,0,0,0,0,0,0,0,12.375815420117268
TV Media Blog 2024-25 Weeks 18-19,https://tvmediablog.substack.com/api/v1/posts/2025-college-basketball-week-18-and,2024-25,basketball,men,Creighton/Seton Hall,Creighton,Seton Hall,2025-03-04,7:00PM,Prime,FS1,228000,listed,,,Regular Season,Week 18,,,,,,,,,Tuesday,3,March,0,0,24,0,1,0,0,0,0,1,0,0,0,0,0,0,0,0,12.337100907936577
TV Media Blog 2024-25 Weeks 18-19,https://tvmediablog.substack.com/api/v1/posts/2025-college-basketball-week-18-and,2024-25,basketball,men,Oregon/Washington,Oregon,Washington,2025-03-02,3:00PM,Mid,BTN,213000,listed,,,Regular Season,Week 18,,,,,,,,,Sunday,3,March,1,0,16,0,1,0,0,0,0,1,0,0,0,0,0,0,0,0,12.269047444691562
TV Media Blog 2024-25 Weeks 18-19,https://tvmediablog.substack.com/api/v1/posts/2025-college-basketball-week-18-and,2024-25,basketball,men,Indiana/Oregon,Indiana,Oregon,2025-03-04,9:00PM,Prime,FS1,211000,listed,,,Regular Season,Week 18,,,,,,,,,Tuesday,3,March,0,0,14,0,1,16,0,1,0,2,0,0,0,0,0,0,0,0,12.259613412458204
TV Media Blog 2024-25 Weeks 18-19,https://tvmediablog.substack.com/api/v1/posts/2025-college-basketball-week-18-and,2024-25,basketball,men,Pepperdine/Santa Clara,Pepperdine,Santa Clara,2025-03-02,8:30PM,Prime,ESPN2,206000,listed,,,Regular Season,Week 18,,,,,,,,,Sunday,3,March,1,0,0,0,0,0,0,0,0,0,0,0,0,0,0,0,0,0,12.235631447771718
TV Media Blog 2024-25 Weeks 18-19,https://tvmediablog.substack.com/api/v1/posts/2025-college-basketball-week-18-and,2024-25,basketball,men,North Alabama/Lipscomb,North Alabama,Lipscomb,2025-03-02,2:00PM,Early,ESPN2,171000,listed,,,Regular Season,Week 18,,,,,,,,,Sunday,3,March,1,0,0,0,0,0,0,0,0,0,0,0,0,0,0,0,0,0,12.049418835484797
TV Media Blog 2024-25 Weeks 18-19,https://tvmediablog.substack.com/api/v1/posts/2025-college-basketball-week-18-and,2024-25,basketball,men,UCLA/Northwestern,UCLA,Northwestern,2025-03-03,9:00PM,Prime,FS1,163000,listed,,,Regular Season,Week 18,,,,,,,,,Monday,3,March,0,0,22,0,1,25,0,1,0,2,0,0,0,0,0,0,0,0,12.0015054797889
TV Media Blog 2024-25 Weeks 18-19,https://tvmediablog.substack.com/api/v1/posts/2025-college-basketball-week-18-and,2024-25,basketball,men,Washington State/San Francisco,Washington State,San Francisco,2025-03-02,11:00PM,Prime,ESPN2,161000,listed,,,Regular Season,Week 18,,,,,,,,,Sunday,3,March,1,0,25,0,1,0,0,0,0,1,0,0,0,0,0,0,0,0,11.9891596439666
TV Media Blog 2024-25 Weeks 18-19,https://tvmediablog.substack.com/api/v1/posts/2025-college-basketball-week-18-and,2024-25,basketball,men,SIUE/Southeast Missouri,SIUE,Southeast Missouri,2025-03-08,9:00PM,Prime,ESPN2,159000,listed,,,Regular Season,Week 18,,,,,,,,,Saturday,3,March,1,0,0,0,0,0,0,0,0,0,0,0,0,0,0,0,0,0,11.976659481202368
TV Media Blog 2024-25 Weeks 18-19,https://tvmediablog.substack.com/api/v1/posts/2025-college-basketball-week-18-and,2024-25,basketball,men,Charlotte/North Texas,Charlotte,North Texas,2025-03-06,9:00PM,Prime,ESPN2,155000,listed,,,Regular Season,Week 18,,,,,,,,,Thursday,3,March,0,0,0,0,0,0,0,0,0,0,0,0,0,0,0,0,0,0,11.951180395901384
TV Media Blog 2024-25 Weeks 18-19,https://tvmediablog.substack.com/api/v1/posts/2025-college-basketball-week-18-and,2024-25,basketball,men,Butler/Creighton,Butler,Creighton,2025-03-08,6:00PM,Mid,FS1,136000,listed,,,Regular Season,Week 18,,,,,,,,,Saturday,3,March,1,0,0,0,0,24,0,1,0,1,0,0,0,0,0,0,0,0,11.820410164718188
TV Media Blog 2024-25 Weeks 18-19,https://tvmediablog.substack.com/api/v1/posts/2025-college-basketball-week-18-and,2024-25,basketball,men,Colorado State/Boise State,Colorado State,Boise State,2025-03-07,10:00PM,Prime,FS1,134000,listed,,,Regular Season,Week 18,,,,,,,,,Friday,3,March,0,0,22,0,1,0,0,0,0,1,0,0,0,0,0,0,0,0,11.805595078933049
TV Media Blog 2024-25 Weeks 18-19,https://tvmediablog.substack.com/api/v1/posts/2025-college-basketball-week-18-and,2024-25,basketball,men,North Carolina/Virginia Tech,North Carolina,Virginia Tech,2025-03-04,7:00PM,Prime,ESPNU,125000,listed,,,Regular Season,Week 18,,,,,,,,,Tuesday,3,March,0,0,20,0,1,0,0,0,0,1,0,0,0,0,0,0,0,0,11.736069016284437
TV Media Blog 2024-25 Weeks 18-19,https://tvmediablog.substack.com/api/v1/posts/2025-college-basketball-week-18-and,2024-25,basketball,men,Providence/Xavier,Providence,Xavier,2025-03-08,4:00PM,Mid,FS1,121000,listed,,,Regular Season,Week 18,,,,,,,,,Saturday,3,March,1,0,23,0,1,22,0,1,0,2,0,0,0,0,0,0,0,0,11.703545824578878
TV Media Blog 2024-25 Weeks 18-19,https://tvmediablog.substack.com/api/v1/posts/2025-college-basketball-week-18-and,2024-25,basketball,men,Texas Tech/Arizona State,Texas Tech,Arizona State,2025-03-08,8:00PM,Prime,ESPNU,113000,listed,,,Regular Season,Week 18,,,,,,,,,Saturday,3,March,1,0,9,1,0,0,0,0,1,0,0,0,0,0,0,0,0,0,11.635143097694478
TV Media Blog 2024-25 Weeks 18-19,https://tvmediablog.substack.com/api/v1/posts/2025-college-basketball-week-18-and,2024-25,basketball,men,Florida Atlantic/UAB,Florida Atlantic,UAB,2025-03-06,7:00PM,Prime,ESPN2,106000,listed,,,Regular Season,Week 18,,,,,,,,,Thursday,3,March,0,0,24,0,1,0,0,0,0,1,0,0,0,0,0,0,0,0,11.571194373094205
TV Media Blog 2024-25 Weeks 18-19,https://tvmediablog.substack.com/api/v1/posts/2025-college-basketball-week-18-and,2024-25,basketball,men,Wichita State/North Texas,Wichita State,North Texas,2025-03-03,9:00PM,Prime,ESPN2,101000,listed,,,Regular Season,Week 18,,,,,,,,,Monday,3,March,0,0,0,0,0,0,0,0,0,0,0,0,0,0,0,0,0,0,11.522875795823397
TV Media Blog 2024-25 Weeks 18-19,https://tvmediablog.substack.com/api/v1/posts/2025-college-basketball-week-18-and,2024-25,basketball,men,DePaul/Providence,DePaul,Providence,2025-03-05,6:30PM,Mid,FS1,100000,listed,,,Regular Season,Week 18,,,,,,,,,Wednesday,3,March,0,0,0,0,0,23,0,1,0,1,0,0,0,0,0,0,0,0,11.512925464970229
TV Media Blog 2024-25 Weeks 18-19,https://tvmediablog.substack.com/api/v1/posts/2025-college-basketball-week-18-and,2024-25,basketball,men,Minnesota/Rutgers,Minnesota,Rutgers,2025-03-02,1:00PM,Early,BTN,100000,listed,,,Regular Season,Week 18,,,,,,,,,Sunday,3,March,1,0,0,0,0,24,0,1,0,1,0,0,0,0,0,0,0,0,11.512925464970229
TV Media Blog 2024-25 Weeks 18-19,https://tvmediablog.substack.com/api/v1/posts/2025-college-basketball-week-18-and,2024-25,basketball,men,Utah/BYU,Utah,BYU,2025-03-08,10:00PM,Prime,ESPNU,91000,listed,,,Regular Season,Week 18,,,,,,,,,Saturday,3,March,1,0,0,0,0,23,0,1,0,1,0,0,0,0,0,0,0,0,11.418614785498987
TV Media Blog 2024-25 Weeks 18-19,https://tvmediablog.substack.com/api/v1/posts/2025-college-basketball-week-18-and,2024-25,basketball,men,Stanford/Louisville,Stanford,Louisville,2025-03-08,2:00PM,Early,ESPNU,78000,listed,,,Regular Season,Week 18,,,,,,,,,Saturday,3,March,1,0,0,0,0,14,0,1,0,1,0,0,0,0,0,0,0,0,11.26446410567173
TV Media Blog 2024-25 Weeks 18-19,https://tvmediablog.substack.com/api/v1/posts/2025-college-basketball-week-18-and,2024-25,basketball,men,VMI/Wofford,VMI,Wofford,2025-03-02,7PM,Prime,ESPNU,62000,listed,,,Regular Season,Week 18,,,,,,,,,Sunday,3,March,1,0,0,0,0,0,0,0,0,0,0,0,0,0,0,0,0,0,11.03488966402723
TV Media Blog 2024-25 Weeks 18-19,https://tvmediablog.substack.com/api/v1/posts/2025-college-basketball-week-18-and,2024-25,basketball,men,Eastern Washington/Montana,Eastern Washington,Montana,2025-03-03,11:00PM,Prime,ESPN2,58000,listed,,,Regular Season,Week 18,,,,,,,,,Monday,3,March,0,0,0,0,0,0,0,0,0,0,0,0,0,0,0,0,0,0,10.968198289528557
TV Media Blog 2024-25 Weeks 18-19,https://tvmediablog.substack.com/api/v1/posts/2025-college-basketball-week-18-and,2024-25,basketball,men,Furman/Chattanooga,Furman,Chattanooga,2025-03-02,4:00PM,Mid,ESPNU,58000,listed,,,Regular Season,Week 18,,,,,,,,,Sunday,3,March,1,0,0,0,0,0,0,0,0,0,0,0,0,0,0,0,0,0,10.968198289528557
TV Media Blog 2024-25 Weeks 18-19,https://tvmediablog.substack.com/api/v1/posts/2025-college-basketball-week-18-and,2024-25,basketball,men,Virginia Tech/Clemson,Virginia Tech,Clemson,2025-03-08,6:00PM,Mid,ESPNU,57000,listed,,,Regular Season,Week 18,,,,,,,,,Saturday,3,March,1,0,0,0,0,11,0,1,0,1,0,0,0,0,0,0,0,0,10.950806546816688
TV Media Blog 2024-25 Weeks 18-19,https://tvmediablog.substack.com/api/v1/posts/2025-college-basketball-week-18-and,2024-25,basketball,men,Loyola Chicago/UMass,Loyola Chicago,UMass,2025-03-08,12:30PM,Early,USA,56000,listed,,,Regular Season,Week 18,,,,,,,,,Saturday,3,March,1,0,0,0,0,0,0,0,0,0,0,0,0,0,0,0,0,0,10.933106969717286
TV Media Blog 2024-25 Weeks 18-19,https://tvmediablog.substack.com/api/v1/posts/2025-college-basketball-week-18-and,2024-25,basketball,men,Nevada/San Diego State,Nevada,San Diego State,2025-03-08,10:30PM,Prime,FS1,56000,listed,,,Regular Season,Week 18,,,,,,,,,Saturday,3,March,1,0,23,0,1,20,0,1,0,2,0,0,0,0,0,0,0,0,10.933106969717286
TV Media Blog 2024-25 Weeks 18-19,https://tvmediablog.substack.com/api/v1/posts/2025-college-basketball-week-18-and,2024-25,basketball,men,Washington/USC,Washington,USC,2025-03-05,10:30PM,Prime,BTN,55000,listed,,,Regular Season,Week 18,,,,,,,,,Wednesday,3,March,0,0,0,0,0,23,0,1,0,1,0,0,0,0,0,0,0,0,10.915088464214607
TV Media Blog 2024-25 Weeks 18-19,https://tvmediablog.substack.com/api/v1/posts/2025-college-basketball-week-18-and,2024-25,basketball,men,Georgetown/DePaul,Georgetown,DePaul,2025-03-08,2:00PM,Early,FS1,55000,listed,,,Regular Season,Week 18,,,,,,,,,Saturday,3,March,1,0,0,0,0,0,0,0,0,0,0,0,0,0,0,0,0,0,10.915088464214607
TV Media Blog 2024-25 Weeks 18-19,https://tvmediablog.substack.com/api/v1/posts/2025-college-basketball-week-18-and,2024-25,basketball,men,Syracuse/SMU,Syracuse,SMU,2025-03-04,9:00PM,Prime,ESPNU,54000,listed,,,Regular Season,Week 18,,,,,,,,,Tuesday,3,March,0,0,0,0,0,0,0,0,0,0,0,0,0,0,0,0,0,0,10.896739325546411
TV Media Blog 2024-25 Weeks 18-19,https://tvmediablog.substack.com/api/v1/posts/2025-college-basketball-week-18-and,2024-25,basketball,men,Stanford/Notre Dame,Stanford,Notre Dame,2025-03-05,9:00PM,Prime,ESPNU,51000,listed,,,Regular Season,Week 18,,,,,,,,,Wednesday,3,March,0,0,0,0,0,0,0,0,0,0,0,0,0,0,0,0,0,0,10.839580911706463
TV Media Blog 2024-25 Weeks 18-19,https://tvmediablog.substack.com/api/v1/posts/2025-college-basketball-week-18-and,2024-25,basketball,men,Vanderbilt/Georgia,Vanderbilt,Georgia,2025-03-08,12:00PM,Early,ESPNU,49000,listed,,,Regular Season,Week 18,,,,,,,,,Saturday,3,March,1,0,24,0,1,23,0,1,0,2,0,0,0,0,0,0,0,0,10.799575577092764
TV Media Blog 2024-25 Weeks 18-19,https://tvmediablog.substack.com/api/v1/posts/2025-college-basketball-week-18-and,2024-25,basketball,men,SMU/Florida State,SMU,Florida State,2025-03-08,4:00PM,Mid,ESPNU,49000,listed,,,Regular Season,Week 18,,,,,,,,,Saturday,3,March,1,0,0,0,0,0,0,0,0,0,0,0,0,0,0,0,0,0,10.799575577092764
TV Media Blog 2024-25 Weeks 18-19,https://tvmediablog.substack.com/api/v1/posts/2025-college-basketball-week-18-and,2024-25,basketball,men,UC San Diego/UC Davis,UC San Diego,UC Davis,2025-03-08,11:00PM,Prime,ESPN2,48000,listed,,,Regular Season,Week 18,,,,,,,,,Saturday,3,March,1,0,0,0,0,0,0,0,0,0,0,0,0,0,0,0,0,0,10.778956289890028
TV Media Blog 2024-25 Weeks 18-19,https://tvmediablog.substack.com/api/v1/posts/2025-college-basketball-week-18-and,2024-25,basketball,men,Saint Joseph's/La Salle,Saint Joseph's,La Salle,2025-03-08,2:30PM,Early,USA,41000,listed,,,Regular Season,Week 18,,,,,,,,,Saturday,3,March,1,0,0,0,0,0,0,0,0,0,0,0,0,0,0,0,0,0,10.621327345686446
TV Media Blog 2024-25 Weeks 18-19,https://tvmediablog.substack.com/api/v1/posts/2025-college-basketball-week-18-and,2024-25,basketball,men,Little Rock/Southeast Missouri,Little Rock,Southeast Missouri,2025-03-07,8:00PM,Prime,ESPNU,27000,listed,,,Regular Season,Week 18,,,,,,,,,Friday,3,March,0,0,0,0,0,0,0,0,0,0,0,0,0,0,0,0,0,0,10.203592144986466
TV Media Blog 2024-25 Weeks 18-19,https://tvmediablog.substack.com/api/v1/posts/2025-college-basketball-week-18-and,2024-25,basketball,men,Ball State/Miami (OH),Ball State,Miami (OH),2025-03-07,6:00PM,Mid,ESPNU,24000,listed,,,Regular Season,Week 18,,,,,,,,,Friday,3,March,0,0,0,0,0,0,0,0,0,0,0,0,0,0,0,0,0,0,10.085809109330082
TV Media Blog 2024-25 Weeks 18-19,https://tvmediablog.substack.com/api/v1/posts/2025-college-basketball-week-18-and,2024-25,basketball,men,Clemson/Boston College,Clemson,Boston College,2025-03-05,7:00PM,Prime,ESPNU,23000,listed,,,Regular Season,Week 18,,,,,,,,,Wednesday,3,March,0,0,11,0,1,0,0,0,0,1,0,0,0,0,0,0,0,0,10.043249494911286
TV Media Blog 2024-25 Weeks 18-19,https://tvmediablog.substack.com/api/v1/posts/2025-college-basketball-week-18-and,2024-25,basketball,men,Tennessee State/SIUE,Tennessee State,SIUE,2025-03-07,10:30PM,Prime,ESPNU,14000,listed,,,Regular Season,Week 18,,,,,,,,,Friday,3,March,0,0,0,0,0,0,0,0,0,0,0,0,0,0,0,0,0,0,9.546812608597396
TV Media Blog 2024-25 Weeks 18-19,https://tvmediablog.substack.com/api/v1/posts/2025-college-basketball-week-18-and,2024-25,basketball,men,Prairie View A&M/Jackson State,Prairie View A&M,Jackson State,2025-03-03,9:00PM,Prime,ESPNU,12000,listed,,,Regular Season,Week 18,,,,,,,,,Monday,3,March,0,0,0,0,0,0,0,0,0,0,0,0,0,0,0,0,0,0,9.392661928770137
TV Media Blog 2024-25 Weeks 18-19,https://tvmediablog.substack.com/api/v1/posts/2025-college-basketball-week-18-and,2024-25,basketball,men,McNeese/Stephen F. Austin,McNeese,Stephen F. Austin,2025-03-03,7:00PM,Prime,ESPNU,7000,listed,,,Regular Season,Week 18,,,,,,,,,Monday,3,March,0,0,0,0,0,0,0,0,0,0,0,0,0,0,0,0,0,0,8.85366542803745
TV Media Blog 2024-25 Postseason Week 1,https://tvmediablog.substack.com/api/v1/posts/2025-college-basketball-postseason,2024-25,basketball,men,Illinois/Kentucky,Illinois,Kentucky,2025-03-23,5PM,Mid,CBS,9992000,listed,,,Second Round,2025 College Basketball Postseason Week 1 Viewership,,Second Round,,,,,,,Sunday,3,March,1,1,24,0,1,18,0,1,0,2,6,1,3,1,2,3,14,3,16.117295330787552
TV Media Blog 2024-25 Postseason Week 1,https://tvmediablog.substack.com/api/v1/posts/2025-college-basketball-postseason,2024-25,basketball,men,BYU/Wisconsin,BYU,Wisconsin,2025-03-22,7:30PM,Prime,CBS,6377000,listed,,,Second Round,2025 College Basketball Postseason Week 1 Viewership,,Second Round,,,,,,,Saturday,3,March,1,1,17,0,1,13,0,1,0,2,6,1,3,1,2,3,14,3,15.668208325297408
TV Media Blog 2024-25 Postseason Week 1,https://tvmediablog.substack.com/api/v1/posts/2025-college-basketball-postseason,2024-25,basketball,men,Arkansas/Kansas,Arkansas,Kansas,2025-03-20,7PM,Prime,CBS,6359000,listed,,,First Round,2025 College Basketball Postseason Week 1 Viewership,,First Round,,,,,,,Thursday,3,March,0,1,23,0,1,23,0,1,0,2,10,1,7,1,2,7,10,3,15.665381690249545
TV Media Blog 2024-25 Postseason Week 1,https://tvmediablog.substack.com/api/v1/posts/2025-college-basketball-postseason,2024-25,basketball,men,Troy/Kentucky,Troy,Kentucky,2025-03-21,7PM,Prime,CBS,3863000,listed,,,First Round,2025 College Basketball Postseason Week 1 Viewership,,First Round,,,,,,,Friday,3,March,0,1,0,0,0,18,0,1,0,1,14,1,3,1,2,3,14,11,15.166954641648418
TV Media Blog 2024-25 Postseason Week 1,https://tvmediablog.substack.com/api/v1/posts/2025-college-basketball-postseason,2024-25,basketball,men,Omaha/St. John's,Omaha,St. John's,2025-03-20,9:30PM,Prime,CBS,3773000,listed,,,First Round,2025 College Basketball Postseason Week 1 Viewership,,First Round,,,,,,,Thursday,3,March,0,1,0,0,0,5,1,0,1,0,15,1,2,1,2,2,15,13,15.143380998946448
TV Media Blog 2024-25 Postseason Week 1,https://tvmediablog.substack.com/api/v1/posts/2025-college-basketball-postseason,2024-25,basketball,men,New Mexico/Michigan State,New Mexico,Michigan State,2025-03-23,8:30PM,Prime,TNT,3694000,listed,,,Second Round,2025 College Basketball Postseason Week 1 Viewership,,Second Round,,,,,,,Sunday,3,March,1,1,25,0,1,8,1,0,1,1,10,1,2,1,2,2,15,8,15.122220439741323
TV Media Blog 2024-25 Postseason Week 1,https://tvmediablog.substack.com/api/v1/posts/2025-college-basketball-postseason,2024-25,basketball,men,Xavier/Illinois,Xavier,Illinois,2025-03-21,9:30PM,Prime,CBS,3217000,listed,,,First Round,2025 College Basketball Postseason Week 1 Viewership,,First Round,,,,,,,Friday,3,March,0,1,22,0,1,24,0,1,0,2,0,0,6,1,1,6,11,0,14.983959806221163
TV Media Blog 2024-25 Postseason Week 1,https://tvmediablog.substack.com/api/v1/posts/2025-college-basketball-postseason,2024-25,basketball,men,UCLA/Tennessee,UCLA,Tennessee,2025-03-22,9:30PM,Prime,TBS + truTV,3049000,listed,,,Second Round,2025 College Basketball Postseason Week 1 Viewership,,Second Round,,,,,,,Saturday,3,March,1,1,22,0,1,6,1,0,1,1,7,1,2,1,2,2,15,5,14.930324225970391
TV Media Blog 2024-25 Postseason Week 1,https://tvmediablog.substack.com/api/v1/posts/2025-college-basketball-postseason,2024-25,basketball,men,Colorado State/Maryland,Colorado State,Maryland,2025-03-23,7PM,Prime,TBS,3013000,listed,,,Second Round,2025 College Basketball Postseason Week 1 Viewership,,Second Round,,,,,,,Sunday,3,March,1,1,22,0,1,11,0,1,0,2,12,1,4,1,2,4,13,8,14.918446818112438
TV Media Blog 2024-25 Postseason Week 1,https://tvmediablog.substack.com/api/v1/posts/2025-college-basketball-postseason,2024-25,basketball,men,Creighton/Auburn,Creighton,Auburn,2025-03-22,7PM,Prime,TBS + truTV,2931000,listed,,,Second Round,2025 College Basketball Postseason Week 1 Viewership,,Second Round,,,,,,,Saturday,3,March,1,1,24,0,1,4,1,0,1,1,9,1,1,1,2,1,16,8,14.89085421969303
TV Media Blog 2024-25 Postseason Week 1,https://tvmediablog.substack.com/api/v1/posts/2025-college-basketball-postseason,2024-25,basketball,men,Oklahoma/Uconn,Oklahoma,UConn,2025-03-21,9:15PM,Prime,TNT,2761000,listed,,,First Round,2025 College Basketball Postseason Week 1 Viewership,,First Round,,,,,,,Friday,3,March,0,1,17,0,1,19,0,1,0,2,9,1,8,1,2,8,9,1,14.831103490912291
TV Media Blog 2024-25 Postseason Week 1,https://tvmediablog.substack.com/api/v1/posts/2025-college-basketball-postseason,2024-25,basketball,men,Oregon/Arizona,Oregon,Arizona,2025-03-23,9:30PM,Prime,TBS,2747000,listed,,,Second Round,2025 College Basketball Postseason Week 1 Viewership,,Second Round,,,,,,,Sunday,3,March,1,1,25,0,1,21,0,1,0,2,5,1,4,1,2,4,13,1,14.82601996507741
TV Media Blog 2024-25 Postseason Week 1,https://tvmediablog.substack.com/api/v1/posts/2025-college-basketball-postseason,2024-25,basketball,men,Gonzaga/Houston,Gonzaga,Houston,2025-03-22,8:30PM,Prime,TNT,2644000,listed,,,Second Round,2025 College Basketball Postseason Week 1 Viewership,,Second Round,,,,,,,Saturday,3,March,1,1,24,0,1,2,1,0,1,1,8,1,1,1,2,1,16,7,14.787803479953714
TV Media Blog 2024-25 Postseason Week 1,https://tvmediablog.substack.com/api/v1/posts/2025-college-basketball-postseason,2024-25,basketball,men,New Mexico/Marquette,New Mexico,Marquette,2025-03-21,7:15PM,Prime,TBS,2571000,listed,,,First Round,2025 College Basketball Postseason Week 1 Viewership,,First Round,,,,,,,Friday,3,March,0,1,25,0,1,25,0,1,0,2,10,1,7,1,2,7,10,3,14.759805486248027
TV Media Blog 2024-25 Postseason Week 1,https://tvmediablog.substack.com/api/v1/posts/2025-college-basketball-postseason,2024-25,basketball,men,Xavier/Texas,Xavier,Texas,2025-03-19,9PM,Prime,truTV,2433000,listed,,,First Four,2025 College Basketball Postseason Week 1 Viewership,,First Four,,,,,,,Wednesday,3,March,0,1,22,0,1,19,0,1,0,2,0,0,11,1,1,11,6,0,14.704635621765659
TV Media Blog 2024-25 Postseason Week 1,https://tvmediablog.substack.com/api/v1/posts/2025-college-basketball-postseason,2024-25,basketball,men,Wofford/Tennessee,Wofford,Tennessee,2025-03-20,6:45PM,Mid,TNT,2433000,listed,,,First Round,2025 College Basketball Postseason Week 1 Viewership,,First Round,,,,,,,Thursday,3,March,0,1,0,0,0,6,1,0,1,0,15,1,2,1,2,2,15,13,14.704635621765659
TV Media Blog 2024-25 Postseason Week 1,https://tvmediablog.substack.com/api/v1/posts/2025-college-basketball-postseason,2024-25,basketball,men,North Carolina/Ole Miss,North Carolina,Ole Miss,2025-03-21,4PM,Mid,TNT,2294000,listed,,,First Round,2025 College Basketball Postseason Week 1 Viewership,,First Round,,,,,,,Friday,3,March,0,1,20,0,1,24,0,1,0,2,0,0,6,1,1,6,11,0,14.645807576671453
TV Media Blog 2024-25 Postseason Week 1,https://tvmediablog.substack.com/api/v1/posts/2025-college-basketball-postseason,2024-25,basketball,men,St. Mary's/Alabama,Saint Mary's,Alabama,2025-03-23,6PM,Mid,TNT,2291000,listed,,,Second Round,2025 College Basketball Postseason Week 1 Viewership,,Second Round,,,,,,,Sunday,3,March,1,1,20,0,1,7,1,0,1,1,7,1,2,1,2,2,15,5,14.644498961435632
TV Media Blog 2024-25 Postseason Week 1,https://tvmediablog.substack.com/api/v1/posts/2025-college-basketball-postseason,2024-25,basketball,men,North Carolina/San Diego State,North Carolina,San Diego State,2025-03-18,9PM,Prime,truTV,2198000,listed,,,First Four,2025 College Basketball Postseason Week 1 Viewership,,First Four,,,,,,,Tuesday,3,March,0,1,20,0,1,20,0,1,0,2,0,0,11,1,1,11,6,0,14.603058413945703
TV Media Blog 2024-25 Postseason Week 1,https://tvmediablog.substack.com/api/v1/posts/2025-college-basketball-postseason,2024-25,basketball,men,UC San Diego/Michigan,UC San Diego,Michigan,2025-03-20,9:45PM,Prime,TBS,2146000,listed,,,First Round,2025 College Basketball Postseason Week 1 Viewership,,First Round,,,,,,,Thursday,3,March,0,1,0,0,0,14,0,1,0,1,12,1,5,1,2,5,12,7,14.57911620217278
TV Media Blog 2024-25 Postseason Week 1,https://tvmediablog.substack.com/api/v1/posts/2025-college-basketball-postseason,2024-25,basketball,men,Norfolk State/Florida,Norfolk State,Florida,2025-03-21,6:45PM,Mid,TNT,2060000,listed,,,First Round,2025 College Basketball Postseason Week 1 Viewership,,First Round,,,,,,,Friday,3,March,0,1,0,0,0,3,1,0,1,0,16,1,1,1,2,1,16,15,14.538216540765763
TV Media Blog 2024-25 Postseason Week 1,https://tvmediablog.substack.com/api/v1/posts/2025-college-basketball-postseason,2024-25,basketball,men,Bryant/Michigan State,Bryant,Michigan State,2025-03-21,9:45PM,Prime,TBS,2003000,listed,,,First Round,2025 College Basketball Postseason Week 1 Viewership,,First Round,,,,,,,Friday,3,March,0,1,0,0,0,8,1,0,1,0,15,1,2,1,2,2,15,13,14.510156614647956
TV Media Blog 2024-25 Postseason Week 1,https://tvmediablog.substack.com/api/v1/posts/2025-college-basketball-postseason,2024-25,basketball,men,McNeese/Clemson,McNeese,Clemson,2025-03-20,3PM,Mid,truTV,1984000,listed,,,First Round,2025 College Basketball Postseason Week 1 Viewership,,First Round,,,,,,,Thursday,3,March,0,1,0,0,0,12,0,1,0,1,12,1,5,1,2,5,12,7,14.500625566826955
TV Media Blog 2024-25 Postseason Week 1,https://tvmediablog.substack.com/api/v1/posts/2025-college-basketball-postseason,2024-25,basketball,men,Drake/Missouri,Drake,Missouri,2025-03-20,7:30PM,Prime,truTV,1946000,listed,,,First Round,2025 College Basketball Postseason Week 1 Viewership,,First Round,,,,,,,Thursday,3,March,0,1,0,0,0,23,0,1,0,1,11,1,6,1,2,6,11,5,14.481286541728087
TV Media Blog 2024-25 Postseason Week 1,https://tvmediablog.substack.com/api/v1/posts/2025-college-basketball-postseason,2024-25,basketball,men,Drake/Texas Tech,Drake,Texas Tech,2025-03-22,6PM,Mid,TNT,1868000,listed,,,Second Round,2025 College Basketball Postseason Week 1 Viewership,,Second Round,,,,,,,Saturday,3,March,1,1,0,0,0,9,1,0,1,0,11,1,3,1,2,3,14,8,14.440378897770925
TV Media Blog 2024-25 Postseason Week 1,https://tvmediablog.substack.com/api/v1/posts/2025-college-basketball-postseason,2024-25,basketball,men,Georgia/Gonzaga,Georgia,Gonzaga,2025-03-20,4:30PM,Mid,TBS,1652000,listed,,,First Round,2025 College Basketball Postseason Week 1 Viewership,,First Round,,,,,,,Thursday,3,March,0,1,23,0,1,24,0,1,0,2,9,1,8,1,2,8,9,1,14.31749723306306
TV Media Blog 2024-25 Postseason Week 1,https://tvmediablog.substack.com/api/v1/posts/2025-college-basketball-postseason,2024-25,basketball,men,Ole Miss/Iowa State,Ole Miss,Iowa State,2025-03-23,7:30PM,Prime,truTV,1557000,listed,,,Second Round,2025 College Basketball Postseason Week 1 Viewership,,Second Round,,,,,,,Sunday,3,March,1,1,24,0,1,15,0,1,0,2,6,1,3,1,2,3,14,3,14.258271450816135
TV Media Blog 2024-25 Postseason Week 1,https://tvmediablog.substack.com/api/v1/posts/2025-college-basketball-postseason,2024-25,basketball,men,VCU/BYU,VCU,BYU,2025-03-20,4PM,Mid,TNT,1554000,listed,,,First Round,2025 College Basketball Postseason Week 1 Viewership,,First Round,,,,,,,Thursday,3,March,0,1,0,0,0,17,0,1,0,1,11,1,6,1,2,6,11,5,14.25634280990973
TV Media Blog 2024-25 Postseason Week 1,https://tvmediablog.substack.com/api/v1/posts/2025-college-basketball-postseason,2024-25,basketball,men,High Point/Purdue,High Point,Purdue,2025-03-20,12:30PM,Early,truTV,1452000,listed,,,First Round,2025 College Basketball Postseason Week 1 Viewership,,First Round,,,,,,,Thursday,3,March,0,1,0,0,0,22,0,1,0,1,13,1,4,1,2,4,13,9,14.188452474366878
TV Media Blog 2024-25 Postseason Week 1,https://tvmediablog.substack.com/api/v1/posts/2025-college-basketball-postseason,2024-25,basketball,men,Vanderbilt/Saint Mary's,Vanderbilt,Saint Mary's,2025-03-21,3PM,Mid,truTV,1436000,listed,,,First Round,2025 College Basketball Postseason Week 1 Viewership,,First Round,,,,,,,Friday,3,March,0,1,24,0,1,20,0,1,0,2,10,1,7,1,2,7,10,3,14.177372028590307
TV Media Blog 2024-25 Postseason Week 1,https://tvmediablog.substack.com/api/v1/posts/2025-college-basketball-postseason,2024-25,basketball,men,Robert Morris/Alabama,Robert Morris,Alabama,2025-03-21,12:30PM,Early,truTV,1433000,listed,,,First Round,2025 College Basketball Postseason Week 1 Viewership,,First Round,,,,,,,Friday,3,March,0,1,0,0,0,7,1,0,1,0,15,1,2,1,2,2,15,13,14.175280706810309
TV Media Blog 2024-25 Postseason Week 1,https://tvmediablog.substack.com/api/v1/posts/2025-college-basketball-postseason,2024-25,basketball,men,Mount St. Mary's/American,Mount St. Mary's,American,2025-03-19,6:30PM,Mid,truTV,1432000,listed,,,First Four,2025 College Basketball Postseason Week 1 Viewership,,First Four,,,,,,,Wednesday,3,March,0,1,0,0,0,0,0,0,0,0,0,0,16,1,1,16,1,0,14.174582626502728
TV Media Blog 2024-25 Postseason Week 1,https://tvmediablog.substack.com/api/v1/posts/2025-college-basketball-postseason,2024-25,basketball,men,Yale/Texas A&M,Yale,Texas A&M,2025-03-20,7:15PM,Prime,TBS,1431000,listed,,,First Round,2025 College Basketball Postseason Week 1 Viewership,,First Round,,,,,,,Thursday,3,March,0,1,0,0,0,19,0,1,0,1,13,1,4,1,2,4,13,9,14.173884058538588
TV Media Blog 2024-25 Postseason Week 1,https://tvmediablog.substack.com/api/v1/posts/2025-college-basketball-postseason,2024-25,basketball,men,Grand Canyon/Maryland,Grand Canyon,Maryland,2025-03-21,4:30PM,Mid,TBS,1410000,listed,,,First Round,2025 College Basketball Postseason Week 1 Viewership,,First Round,,,,,,,Friday,3,March,0,1,0,0,0,11,0,1,0,1,13,1,4,1,2,4,13,9,14.15910026235435
TV Media Blog 2024-25 Postseason Week 1,https://tvmediablog.substack.com/api/v1/posts/2025-college-basketball-postseason,2024-25,basketball,men,Saint Francis U/Alabama State,Saint Francis U,Alabama State,2025-03-18,6:30PM,Mid,truTV,1352000,listed,,,First Four,2025 College Basketball Postseason Week 1 Viewership,,First Four,,,,,,,Tuesday,3,March,0,1,0,0,0,0,0,0,0,0,0,0,16,1,1,16,1,0,14.117095535585046
TV Media Blog 2024-25 Postseason Week 1,https://tvmediablog.substack.com/api/v1/posts/2025-college-basketball-postseason,2024-25,basketball,men,Colorado State/Memphis,Colorado State,Memphis,2025-03-21,2PM,Early,TBS,1312000,listed,,,First Round,2025 College Basketball Postseason Week 1 Viewership,,First Round,,,,,,,Friday,3,March,0,1,22,0,1,16,0,1,0,2,12,1,5,1,2,5,12,7,14.08706324848617
TV Media Blog 2024-25 Postseason Week 1,https://tvmediablog.substack.com/api/v1/posts/2025-college-basketball-postseason,2024-25,basketball,men,Utah State/UCLA,Utah State,UCLA,2025-03-20,9:15PM,Prime,TNT,1259000,listed,,,First Round,2025 College Basketball Postseason Week 1 Viewership,,First Round,,,,,,,Thursday,3,March,0,1,22,0,1,22,0,1,0,2,10,1,7,1,2,7,10,3,14.045828313026485
TV Media Blog 2024-25 Postseason Week 1,https://tvmediablog.substack.com/api/v1/posts/2025-college-basketball-postseason,2024-25,basketball,men,UNCW/Texas Tech,UNCW,Texas Tech,2025-03-20,10PM,Prime,truTV,1185000,listed,,,First Round,2025 College Basketball Postseason Week 1 Viewership,,First Round,,,,,,,Thursday,3,March,0,1,0,0,0,9,1,0,1,0,14,1,3,1,2,3,14,11,13.985253332551368
TV Media Blog 2024-25 Postseason Week 1,https://tvmediablog.substack.com/api/v1/posts/2025-college-basketball-postseason,2024-25,basketball,men,Montana/Wisconsin,Montana,Wisconsin,2025-03-20,1:30PM,Early,TNT,1167000,listed,,,First Round,2025 College Basketball Postseason Week 1 Viewership,,First Round,,,,,,,Thursday,3,March,0,1,0,0,0,13,0,1,0,1,14,1,3,1,2,3,14,11,13.969946911268693
TV Media Blog 2024-25 Postseason Week 1,https://tvmediablog.substack.com/api/v1/posts/2025-college-basketball-postseason,2024-25,basketball,men,Akron/Arizona,Akron,Arizona,2025-03-21,7:30PM,Prime,truTV,881000,listed,,,First Round,2025 College Basketball Postseason Week 1 Viewership,,First Round,,,,,,,Friday,3,March,0,1,0,0,0,21,0,1,0,1,13,1,4,1,2,4,13,9,13.688812904918317
TV Media Blog 2024-25 Postseason Week 1,https://tvmediablog.substack.com/api/v1/posts/2025-college-basketball-postseason,2024-25,basketball,men,Lipscomb/Iowa State,Lipscomb,Iowa State,2025-03-21,1:30PM,Early,TNT,556000,listed,,,First Round,2025 College Basketball Postseason Week 1 Viewership,,First Round,,,,,,,Friday,3,March,0,1,0,0,0,15,0,1,0,1,14,1,3,1,2,3,14,11,13.228523573232719
TV Media Blog 2024-25 Postseason Week 1,https://tvmediablog.substack.com/api/v1/posts/2025-college-basketball-postseason,2024-25,basketball,men,Liberty/Oregon,Liberty,Oregon,2025-03-21,10PM,Prime,truTV,465000,listed,,,First Round,2025 College Basketball Postseason Week 1 Viewership,,First Round,,,,,,,Friday,3,March,0,1,0,0,0,25,0,1,0,1,12,1,5,1,2,5,12,7,13.049792684569493
TV Media Blog 2024-25 Postseason Week 1,https://tvmediablog.substack.com/api/v1/posts/2025-college-basketball-postseason,2024-25,basketball,men,SIUE/Houston,SIUE,Houston,2025-03-20,2PM,Early,TBS,459000,listed,,,First Round,2025 College Basketball Postseason Week 1 Viewership,,First Round,,,,,,,Thursday,3,March,0,1,0,0,0,2,1,0,1,0,16,1,1,1,2,1,16,15,13.036805489042683
TV Media Blog 2025-26 Datawrapper,https://tvmediablog.substack.com/api/v1/posts/2025-26-college-basketball-viewership,2025-26,basketball,men,Kansas/North Carolina,Kansas,North Carolina,2025-11-07,7:00PM,Prime,ESPN,1196000,panel,1196000.0,,Regular Season,Week 1,,,,,,,,,Friday,11,November,0,0,19,0,1,25,0,1,0,2,0,0,0,0,0,0,0,0,13.994493213492714
TV Media Blog 2025-26 Datawrapper,https://tvmediablog.substack.com/api/v1/posts/2025-26-college-basketball-viewership,2025-26,basketball,men,Indiana/Marquette,Indiana,Marquette,2025-11-09,1:00PM,Early,ESPN,370000,panel,370000.0,,Regular Season,Week 1,,,,,,,,,Sunday,11,November,1,0,14,0,1,25,0,1,0,2,0,0,0,0,0,0,0,0,12.821258284620408
TV Media Blog 2025-26 Datawrapper,https://tvmediablog.substack.com/api/v1/posts/2025-26-college-basketball-viewership,2025-26,basketball,men,BYU/Villanova,BYU,Villanova,2025-11-03,9:30PM,Prime,TNT,287000,panel,287000.0,,Regular Season,Week 1,,,,,,,,,Monday,11,November,0,0,8,1,0,18,0,1,1,1,0,0,0,0,0,0,0,0,12.567237494741757
TV Media Blog 2025-26 Datawrapper,https://tvmediablog.substack.com/api/v1/posts/2025-26-college-basketball-viewership,2025-26,basketball,men,Georgetown/Maryland,Georgetown,Maryland,2025-11-07,6:00PM,Mid,FS1,253000,panel,253000.0,,Regular Season,Week 1,,,,,,,,,Friday,11,November,0,0,0,0,0,11,0,1,0,1,0,0,0,0,0,0,0,0,12.441144767709657
TV Media Blog 2025-26 Datawrapper,https://tvmediablog.substack.com/api/v1/posts/2025-26-college-basketball-viewership,2025-26,basketball,men,Oklahoma/Gonzaga,Oklahoma,Gonzaga,2025-11-08,10:30PM,Prime,ESPN2,253000,panel,253000.0,,Regular Season,Week 1,,,,,,,,,Saturday,11,November,1,0,17,0,1,21,0,1,0,2,0,0,0,0,0,0,0,0,12.441144767709657
TV Media Blog 2025-26 Datawrapper,https://tvmediablog.substack.com/api/v1/posts/2025-26-college-basketball-viewership,2025-26,basketball,men,Alabama/St. John's,Alabama,St. John's,2025-11-08,12:00PM,Early,FS1,238000,panel,238000.0,,Regular Season,Week 1,,,,,,,,,Saturday,11,November,1,0,15,0,1,5,1,0,1,1,0,0,0,0,0,0,0,0,12.380025952653611
TV Media Blog 2025-26 Datawrapper,https://tvmediablog.substack.com/api/v1/posts/2025-26-college-basketball-viewership,2025-26,basketball,men,Northern Illinois/Wisconsin,Northern Illinois,Wisconsin,2025-11-07,8:30PM,Prime,BTN,119000,panel,119000.0,,Regular Season,Week 1,,,,,,,,,Friday,11,November,0,0,0,0,0,24,0,1,0,1,0,0,0,0,0,0,0,0,11.686878772093667
TV Media Blog 2025-26 Datawrapper,https://tvmediablog.substack.com/api/v1/posts/2025-26-college-basketball-viewership,2025-26,basketball,men,Purdue Fort Wayne/Ohio State,Purdue Fort Wayne,Ohio State,2025-11-07,6:30PM,Mid,BTN,113000,panel,113000.0,,Regular Season,Week 1,,,,,,,,,Friday,11,November,0,0,0,0,0,21,0,1,0,1,0,0,0,0,0,0,0,0,11.635143097694478
TV Media Blog 2025-26 Datawrapper,https://tvmediablog.substack.com/api/v1/posts/2025-26-college-basketball-viewership,2025-26,basketball,men,Texas A&M/Oklahoma State,Texas A&M,Oklahoma State,2025-11-09,2:00PM,Early,ESPN2,108000,panel,108000.0,,Regular Season,Week 1,,,,,,,,,Sunday,11,November,1,0,19,0,1,0,0,0,0,1,0,0,0,0,0,0,0,0,11.589886506106357
TV Media Blog 2025-26 Datawrapper,https://tvmediablog.substack.com/api/v1/posts/2025-26-college-basketball-viewership,2025-26,basketball,men,Saint Francis U/TCU,Saint Francis U,TCU,2025-11-06,8:00PM,Prime,TNT,105000,panel,105000.0,,Regular Season,Week 1,,,,,,,,,Thursday,11,November,0,0,0,0,0,25,0,1,0,1,0,0,0,0,0,0,0,0,11.56171562913966
TV Media Blog 2025-26 Datawrapper,https://tvmediablog.substack.com/api/v1/posts/2025-26-college-basketball-viewership,2025-26,basketball,men,Utah Tech/Arizona,Utah Tech,Arizona,2025-11-07,9:00PM,Prime,TNT,104000,panel,104000.0,,Regular Season,Week 1,,,,,,,,,Friday,11,November,0,0,0,0,0,13,0,1,0,1,0,0,0,0,0,0,0,0,11.55214617812351
TV Media Blog 2025-26 Datawrapper,https://tvmediablog.substack.com/api/v1/posts/2025-26-college-basketball-viewership,2025-26,basketball,men,Washington/Baylor,Washington,Baylor,2025-11-09,8:30PM,Prime,ESPN,101000,panel,101000.0,,Regular Season,Week 1,,,,,,,,,Sunday,11,November,1,0,0,0,0,25,0,1,0,1,0,0,0,0,0,0,0,0,11.522875795823397
TV Media Blog 2025-26 Datawrapper,https://tvmediablog.substack.com/api/v1/posts/2025-26-college-basketball-viewership,2025-26,basketball,men,Hawai'i/Oregon,Hawaii,Oregon,2025-11-04,10:30PM,Prime,BTN,73000,panel,73000.0,,Regular Season,Week 1,,,,,,,,,Tuesday,11,November,0,0,0,0,0,25,0,1,0,1,0,0,0,0,0,0,0,0,11.198214720130528
TV Media Blog 2025-26 Datawrapper,https://tvmediablog.substack.com/api/v1/posts/2025-26-college-basketball-viewership,2025-26,basketball,men,Pepperdine/UCLA,Pepperdine,UCLA,2025-11-07,10:30PM,Prime,BTN,60000,panel,60000.0,,Regular Season,Week 1,,,,,,,,,Friday,11,November,0,0,0,0,0,12,0,1,0,1,0,0,0,0,0,0,0,0,11.002099841204238
TV Media Blog 2025-26 Datawrapper,https://tvmediablog.substack.com/api/v1/posts/2025-26-college-basketball-viewership,2025-26,basketball,men,Eastern Washington/UCLA,Eastern Washington,UCLA,2025-11-03,10:30PM,Prime,BTN,36000,panel,36000.0,,Regular Season,Week 1,,,,,,,,,Monday,11,November,0,0,0,0,0,12,0,1,0,1,0,0,0,0,0,0,0,0,10.491274217438248
TV Media Blog 2025-26 Datawrapper,https://tvmediablog.substack.com/api/v1/posts/2025-26-college-basketball-viewership,2025-26,basketball,men,Denver/Washington,Denver,Washington,2025-11-06,9:00PM,Prime,BTN,26000,panel,26000.0,,Regular Season,Week 1,,,,,,,,,Thursday,11,November,0,0,0,0,0,0,0,0,0,0,0,0,0,0,0,0,0,0,10.165851817003619
TV Media Blog 2025-26 Datawrapper,https://tvmediablog.substack.com/api/v1/posts/2025-26-college-basketball-viewership,2025-26,basketball,men,Boston College/Florida Atlantic,Boston College,Florida Atlantic,2025-11-03,7:00PM,Prime,ESPNU,14000,panel,14000.0,,Regular Season,Week 1,,,,,,,,,Monday,11,November,0,0,0,0,0,24,0,1,0,1,0,0,0,0,0,0,0,0,9.546812608597396
TV Media Blog 2025-26 Datawrapper,https://tvmediablog.substack.com/api/v1/posts/2025-26-college-basketball-viewership,2025-26,basketball,men,Creighton/Gonzaga,Creighton,Gonzaga,2025-11-11,10:00PM,Prime,ESPN,604000,panel,604000.0,,Regular Season,Week 2,,,,,,,,,Tuesday,11,November,0,0,23,0,1,19,0,1,0,2,0,0,0,0,0,0,0,0,13.311329476916953
TV Media Blog 2025-26 Datawrapper,https://tvmediablog.substack.com/api/v1/posts/2025-26-college-basketball-viewership,2025-26,basketball,men,Houston/Auburn,Houston,Auburn,2025-11-16,3:00PM,Mid,ESPN,335000,panel,335000.0,,Regular Season,Week 2,,,,,,,,,Sunday,11,November,1,0,1,1,0,22,0,1,1,1,0,0,0,0,0,0,0,0,12.721885810807203
TV Media Blog 2025-26 Datawrapper,https://tvmediablog.substack.com/api/v1/posts/2025-26-college-basketball-viewership,2025-26,basketball,men,Gonzaga/Arizona State,Gonzaga,Arizona State,2025-11-14,11:00PM,Prime,ESPN2,293000,panel,293000.0,,Regular Season,Week 2,,,,,,,,,Friday,11,November,0,0,19,0,1,0,0,0,0,1,0,0,0,0,0,0,0,0,12.587927887999204
TV Media Blog 2025-26 Datawrapper,https://tvmediablog.substack.com/api/v1/posts/2025-26-college-basketball-viewership,2025-26,basketball,men,UIW/Indiana,UIW,Indiana,2025-11-16,5:30PM,Mid,BTN,156000,panel,156000.0,,Regular Season,Week 2,,,,,,,,,Sunday,11,November,1,0,0,0,0,14,0,1,0,1,0,0,0,0,0,0,0,0,11.957611286231675
TV Media Blog 2025-26 Datawrapper,https://tvmediablog.substack.com/api/v1/posts/2025-26-college-basketball-viewership,2025-26,basketball,men,UNLV/Memphis,UNLV,Memphis,2025-11-16,5:00PM,Mid,ESPN,146000,panel,146000.0,,Regular Season,Week 2,,,,,,,,,Sunday,11,November,1,0,0,0,0,16,0,1,0,1,0,0,0,0,0,0,0,0,11.891361900690473
TV Media Blog 2025-26 Datawrapper,https://tvmediablog.substack.com/api/v1/posts/2025-26-college-basketball-viewership,2025-26,basketball,men,Notre Dame/Ohio State,Notre Dame,Ohio State,2025-11-16,12:30PM,Early,FS1,131000,panel,131000.0,,Regular Season,Week 2,,,,,,,,,Sunday,11,November,1,0,0,0,0,21,0,1,0,1,0,0,0,0,0,0,0,0,11.782952602183288
TV Media Blog 2025-26 Datawrapper,https://tvmediablog.substack.com/api/v1/posts/2025-26-college-basketball-viewership,2025-26,basketball,men,Mississippi State/Iowa State,Mississippi State,Iowa State,2025-11-10,8:00PM,Prime,ESPNU,42000,panel,42000.0,,Regular Season,Week 2,,,,,,,,,Monday,11,November,0,0,25,0,1,16,0,1,0,2,0,0,0,0,0,0,0,0,10.645424897265505
TV Media Blog 2025-26 Datawrapper,https://tvmediablog.substack.com/api/v1/posts/2025-26-college-basketball-viewership,2025-26,basketball,men,Duquesne/Villanova,Duquesne,Villanova,2025-11-15,8:00PM,Prime,truTV,40000,panel,40000.0,,Regular Season,Week 2,,,,,,,,,Saturday,11,November,1,0,0,0,0,18,0,1,0,1,0,0,0,0,0,0,0,0,10.596634733096073
TV Media Blog 2025-26 Datawrapper,https://tvmediablog.substack.com/api/v1/posts/2025-26-college-basketball-viewership,2025-26,basketball,men,William & Mary/St. John's,William & Mary,St. John's,2025-11-15,6:00PM,Mid,truTV,39000,panel,39000.0,,Regular Season,Week 2,,,,,,,,,Saturday,11,November,1,0,0,0,0,13,0,1,0,1,0,0,0,0,0,0,0,0,10.571316925111784
TV Media Blog 2025-26 Datawrapper,https://tvmediablog.substack.com/api/v1/posts/2025-26-college-basketball-viewership,2025-26,basketball,men,Northwestern/DePaul,Northwestern,DePaul,2025-11-14,8:30PM,Prime,truTV,26000,panel,26000.0,,Regular Season,Week 2,,,,,,,,,Friday,11,November,0,0,25,0,1,0,0,0,0,1,0,0,0,0,0,0,0,0,10.165851817003619
TV Media Blog 2025-26 Datawrapper,https://tvmediablog.substack.com/api/v1/posts/2025-26-college-basketball-viewership,2025-26,basketball,men,Cleveland State/Northwestern,Cleveland State,Northwestern,2025-11-10,8:30PM,Prime,BTN,24000,panel,24000.0,,Regular Season,Week 2,,,,,,,,,Monday,11,November,0,0,0,0,0,25,0,1,0,1,0,0,0,0,0,0,0,0,10.085809109330082
TV Media Blog 2025-26 Datawrapper,https://tvmediablog.substack.com/api/v1/posts/2025-26-college-basketball-viewership,2025-26,basketball,men,Missouri/Kansas,Missouri,Kansas,2025-12-07,1PM,Early,ESPN2,468000,panel,468000.0,,Regular Season,Week 5,,,,,,,,,Sunday,12,December,1,0,23,0,1,21,0,1,0,2,0,0,0,0,0,0,0,0,13.056223574899784
TV Media Blog 2025-26 Datawrapper,https://tvmediablog.substack.com/api/v1/posts/2025-26-college-basketball-viewership,2025-26,basketball,men,Georgetown/North Carolina,Georgetown,North Carolina,2025-12-07,5PM,Mid,ESPN,388000,panel,388000.0,,Regular Season,Week 5,,,,,,,,,Sunday,12,December,1,0,0,0,0,16,0,1,0,1,0,0,0,0,0,0,0,0,12.86876061860541
TV Media Blog 2025-26 Datawrapper,https://tvmediablog.substack.com/api/v1/posts/2025-26-college-basketball-viewership,2025-26,basketball,men,Marquette/Wisconsin,Marquette,Wisconsin,2025-12-06,2PM,Early,FS1,380000,panel,380000.0,,Regular Season,Week 5,,,,,,,,,Saturday,12,December,1,0,25,0,1,23,0,1,0,2,0,0,0,0,0,0,0,0,12.84792653170257
TV Media Blog 2025-26 Datawrapper,https://tvmediablog.substack.com/api/v1/posts/2025-26-college-basketball-viewership,2025-26,basketball,men,Rutgers/Michigan,Rutgers,Michigan,2025-12-06,4PM,Mid,BTN,359000,panel,359000.0,,Regular Season,Week 5,,,,,,,,,Saturday,12,December,1,0,24,0,1,3,1,0,1,1,0,0,0,0,0,0,0,0,12.791077667470416
TV Media Blog 2025-26 Datawrapper,https://tvmediablog.substack.com/api/v1/posts/2025-26-college-basketball-viewership,2025-26,basketball,men,Maryland/Iowa,Maryland,Iowa,2025-12-06,4PM,Mid,FS1,340000,panel,340000.0,,Regular Season,Week 5,,,,,,,,,Saturday,12,December,1,0,11,0,1,0,0,0,0,1,0,0,0,0,0,0,0,0,12.736700896592344
TV Media Blog 2025-26 Datawrapper,https://tvmediablog.substack.com/api/v1/posts/2025-26-college-basketball-viewership,2025-26,basketball,men,Auburn/Arizona,Auburn,Arizona,2025-12-06,10PM,Prime,ESPN,327000,panel,327000.0,,Regular Season,Week 5,,,,,,,,,Saturday,12,December,1,0,20,0,1,2,1,0,1,1,0,0,0,0,0,0,0,0,12.697715449879391
TV Media Blog 2025-26 Datawrapper,https://tvmediablog.substack.com/api/v1/posts/2025-26-college-basketball-viewership,2025-26,basketball,men,Northwestern/Wisconsin,Northwestern,Wisconsin,2025-12-03,9PM,Prime,BTN,193000,panel,193000.0,,Regular Season,Week 5,,,,,,,,,Wednesday,12,December,0,0,25,0,1,23,0,1,0,2,0,0,0,0,0,0,0,0,12.170445467887022
TV Media Blog 2025-26 Datawrapper,https://tvmediablog.substack.com/api/v1/posts/2025-26-college-basketball-viewership,2025-26,basketball,men,Ohio State/Northwestern,Ohio State,Northwestern,2025-12-06,2PM,Early,BTN,182000,panel,182000.0,,Regular Season,Week 5,,,,,,,,,Saturday,12,December,1,0,21,0,1,25,0,1,0,2,0,0,0,0,0,0,0,0,12.111761966058932
TV Media Blog 2025-26 Datawrapper,https://tvmediablog.substack.com/api/v1/posts/2025-26-college-basketball-viewership,2025-26,basketball,men,Wake Forest/West Virginia,Wake Forest,West Virginia,2025-12-06,6PM,Mid,ESPN2,156000,panel,156000.0,,Regular Season,Week 5,,,,,,,,,Saturday,12,December,1,0,0,0,0,23,0,1,0,1,0,0,0,0,0,0,0,0,11.957611286231675
TV Media Blog 2025-26 Datawrapper,https://tvmediablog.substack.com/api/v1/posts/2025-26-college-basketball-viewership,2025-26,basketball,men,LSU/Texas Tech,LSU,Texas Tech,2025-12-07,3PM,Mid,ESPN2,137000,panel,137000.0,,Regular Season,Week 5,,,,,,,,,Sunday,12,December,1,0,0,0,0,19,0,1,0,1,0,0,0,0,0,0,0,0,11.827736204810263
TV Media Blog 2025-26 Datawrapper,https://tvmediablog.substack.com/api/v1/posts/2025-26-college-basketball-viewership,2025-26,basketball,men,Dayton/Virginia,Dayton,Virginia,2025-12-06,12PM,Early,ESPN2,125000,panel,125000.0,,Regular Season,Week 5,,,,,,,,,Saturday,12,December,1,0,22,0,1,21,0,1,0,2,0,0,0,0,0,0,0,0,11.736069016284437
TV Media Blog 2025-26 Datawrapper,https://tvmediablog.substack.com/api/v1/posts/2025-26-college-basketball-viewership,2025-26,basketball,men,Creighton/Nebraska,Creighton,Nebraska,2025-12-07,5PM,Mid,FS1,120000,panel,120000.0,,Regular Season,Week 5,,,,,,,,,Sunday,12,December,1,0,23,0,1,0,0,0,0,1,0,0,0,0,0,0,0,0,11.695247021764184
TV Media Blog 2025-26 Datawrapper,https://tvmediablog.substack.com/api/v1/posts/2025-26-college-basketball-viewership,2025-26,basketball,men,UCLA/Washington,UCLA,Washington,2025-12-03,11PM,Prime,BTN,119000,panel,119000.0,,Regular Season,Week 5,,,,,,,,,Wednesday,12,December,0,0,18,0,1,0,0,0,0,1,0,0,0,0,0,0,0,0,11.686878772093667
TV Media Blog 2025-26 Datawrapper,https://tvmediablog.substack.com/api/v1/posts/2025-26-college-basketball-viewership,2025-26,basketball,men,USC/Oregon,USC,Oregon,2025-12-02,10PM,Prime,FS1,113000,panel,113000.0,,Regular Season,Week 5,,,,,,,,,Tuesday,12,December,0,0,24,0,1,25,0,1,0,2,0,0,0,0,0,0,0,0,11.635143097694478
TV Media Blog 2025-26 Datawrapper,https://tvmediablog.substack.com/api/v1/posts/2025-26-college-basketball-viewership,2025-26,basketball,men,Texas A&M/SMU,Texas A&M,SMU,2025-12-07,5PM,Mid,ESPN2,86000,panel,86000.0,,Regular Season,Week 5,,,,,,,,,Sunday,12,December,1,0,19,0,1,0,0,0,0,1,0,0,0,0,0,0,0,0,11.362102575235644
TV Media Blog 2025-26 Datawrapper,https://tvmediablog.substack.com/api/v1/posts/2025-26-college-basketball-viewership,2025-26,basketball,men,Virginia/Texas,Virginia,Texas,2025-12-03,9:15PM,Prime,ESPNU,76000,panel,76000.0,,Regular Season,Week 5,,,,,,,,,Wednesday,12,December,0,0,21,0,1,19,0,1,0,2,0,0,0,0,0,0,0,0,11.238488619268468
TV Media Blog 2025-26 Datawrapper,https://tvmediablog.substack.com/api/v1/posts/2025-26-college-basketball-viewership,2025-26,basketball,men,Clemson/Alabama,Clemson,Alabama,2025-12-03,7:15PM,Prime,ESPNU,67000,panel,67000.0,,Regular Season,Week 5,,,,,,,,,Wednesday,12,December,0,0,12,0,1,12,0,1,0,2,0,0,0,0,0,0,0,0,11.112447898373103
TV Media Blog 2025-26 Datawrapper,https://tvmediablog.substack.com/api/v1/posts/2025-26-college-basketball-viewership,2025-26,basketball,men,Old Dominion/Richmond,Old Dominion,Richmond,2025-12-06,12:30PM,Early,USA,53000,panel,53000.0,,Regular Season,Week 5,,,,,,,,,Saturday,12,December,1,0,0,0,0,0,0,0,0,0,0,0,0,0,0,0,0,0,10.87804719253426
TV Media Blog 2025-26 Datawrapper,https://tvmediablog.substack.com/api/v1/posts/2025-26-college-basketball-viewership,2025-26,basketball,men,Campbell/Penn State,Campbell,Penn State,2025-12-02,6PM,Mid,BTN,49000,panel,49000.0,,Regular Season,Week 5,,,,,,,,,Tuesday,12,December,0,0,0,0,0,0,0,0,0,0,0,0,0,0,0,0,0,0,10.799575577092764
TV Media Blog 2025-26 Datawrapper,https://tvmediablog.substack.com/api/v1/posts/2025-26-college-basketball-viewership,2025-26,basketball,men,Missouri/Notre Dame,Missouri,Notre Dame,2025-12-02,9PM,Prime,ESPNU,47000,panel,47000.0,,Regular Season,Week 5,,,,,,,,,Tuesday,12,December,0,0,23,0,1,0,0,0,0,1,0,0,0,0,0,0,0,0,10.757902880692196
TV Media Blog 2025-26 Datawrapper,https://tvmediablog.substack.com/api/v1/posts/2025-26-college-basketball-viewership,2025-26,basketball,men,Texas A&M/Pitt,Texas A&M,Pitt,2025-12-02,7PM,Prime,ESPNU,43000,panel,43000.0,,Regular Season,Week 5,,,,,,,,,Tuesday,12,December,0,0,19,0,1,18,0,1,0,2,0,0,0,0,0,0,0,0,10.668955394675699
TV Media Blog 2025-26 Datawrapper,https://tvmediablog.substack.com/api/v1/posts/2025-26-college-basketball-viewership,2025-26,basketball,men,Saint Francis U/Xavier,Saint Francis U,Xavier,2025-12-01,7PM,Prime,truTV,41000,panel,41000.0,,Regular Season,Week 5,,,,,,,,,Monday,12,December,0,0,0,0,0,22,0,1,0,1,0,0,0,0,0,0,0,0,10.621327345686446
TV Media Blog 2025-26 Datawrapper,https://tvmediablog.substack.com/api/v1/posts/2025-26-college-basketball-viewership,2025-26,basketball,men,Princeton/Rhode Island,Princeton,Rhode Island,2025-12-06,2:30PM,Early,USA,36000,panel,36000.0,,Regular Season,Week 5,,,,,,,,,Saturday,12,December,1,0,0,0,0,0,0,0,0,0,0,0,0,0,0,0,0,0,10.491274217438248
TV Media Blog 2025-26 Datawrapper,https://tvmediablog.substack.com/api/v1/posts/2025-26-college-basketball-viewership,2025-26,basketball,men,Wagner/Maryland,Wagner,Maryland,2025-12-02,8PM,Prime,BTN,33000,panel,33000.0,,Regular Season,Week 5,,,,,,,,,Tuesday,12,December,0,0,0,0,0,11,0,1,0,1,0,0,0,0,0,0,0,0,10.404262840448617
TV Media Blog 2025-26 Datawrapper,https://tvmediablog.substack.com/api/v1/posts/2025-26-college-basketball-viewership,2025-26,basketball,men,Boise State/Butler,Boise State,Butler,2025-12-06,2PM,Early,truTV,30000,panel,30000.0,,Regular Season,Week 5,,,,,,,,,Saturday,12,December,1,0,0,0,0,0,0,0,0,0,0,0,0,0,0,0,0,0,10.308952660644293
TV Media Blog 2025-26 Datawrapper,https://tvmediablog.substack.com/api/v1/posts/2025-26-college-basketball-viewership,2025-26,basketball,men,Rhode Island/Providence,Rhode Island,Providence,2025-12-06,12PM,Early,truTV,28000,panel,28000.0,,Regular Season,Week 5,,,,,,,,,Saturday,12,December,1,0,0,0,0,23,0,1,0,1,0,0,0,0,0,0,0,0,10.239959789157341
TV Media Blog 2025-26 Datawrapper,https://tvmediablog.substack.com/api/v1/posts/2025-26-college-basketball-viewership,2025-26,basketball,men,Seton Hall/Kansas State,Seton Hall,Kansas State,2025-12-06,4PM,Mid,ESPNU,25000,panel,25000.0,,Regular Season,Week 5,,,,,,,,,Saturday,12,December,1,0,0,0,0,0,0,0,0,0,0,0,0,0,0,0,0,0,10.126631103850338
TV Media Blog 2025-26 Datawrapper,https://tvmediablog.substack.com/api/v1/posts/2025-26-college-basketball-viewership,2025-26,basketball,men,UMBC/Georgetown,UMBC,Georgetown,2025-12-03,8PM,Prime,truTV,13000,panel,13000.0,,Regular Season,Week 5,,,,,,,,,Wednesday,12,December,0,0,0,0,0,0,0,0,0,0,0,0,0,0,0,0,0,0,9.472704636443673
TV Media Blog 2025-26 Datawrapper,https://tvmediablog.substack.com/api/v1/posts/2025-26-college-basketball-viewership,2025-26,basketball,men,Eastern Michigan/Butler,Eastern Michigan,Butler,2025-12-02,7PM,Prime,truTV,8000,panel,8000.0,,Regular Season,Week 5,,,,,,,,,Tuesday,12,December,0,0,0,0,0,0,0,0,0,0,0,0,0,0,0,0,0,0,8.987196820661973
TV Media Blog 2025-26 Datawrapper,https://tvmediablog.substack.com/api/v1/posts/2025-26-college-basketball-viewership,2025-26,basketball,men,UAPB/DePaul,UAPB,DePaul,2025-12-06,9PM,Prime,truTV,4000,panel,4000.0,,Regular Season,Week 5,,,,,,,,,Saturday,12,December,1,0,0,0,0,0,0,0,0,0,0,0,0,0,0,0,0,0,8.294049640102028
TV Media Blog 2025-26 Datawrapper,https://tvmediablog.substack.com/api/v1/posts/2025-26-college-basketball-viewership,2025-26,basketball,men,UCLA/Gonzaga,UCLA,Gonzaga,2025-12-13,11:30PM,Prime,ESPN,711000,panel,711000.0,,Regular Season,Week 6,,,,,,,,,Saturday,12,December,1,0,25,0,1,8,1,0,1,1,0,0,0,0,0,0,0,0,13.474427708785377
TV Media Blog 2025-26 Datawrapper,https://tvmediablog.substack.com/api/v1/posts/2025-26-college-basketball-viewership,2025-26,basketball,men,Arkansas/Texas Tech,Arkansas,Texas Tech,2025-12-13,12PM,Early,ESPN2,550000,panel,550000.0,,Regular Season,Week 6,,,,,,,,,Saturday,12,December,1,0,17,0,1,16,0,1,0,2,0,0,0,0,0,0,0,0,13.217673557208654
TV Media Blog 2025-26 Datawrapper,https://tvmediablog.substack.com/api/v1/posts/2025-26-college-basketball-viewership,2025-26,basketball,men,Memphis/Louisville,Memphis,Louisville,2025-12-13,3:30PM,Mid,ESPN,478000,panel,478000.0,,Regular Season,Week 6,,,,,,,,,Saturday,12,December,1,0,16,0,1,11,0,1,0,2,0,0,0,0,0,0,0,0,13.077366011473593
TV Media Blog 2025-26 Datawrapper,https://tvmediablog.substack.com/api/v1/posts/2025-26-college-basketball-viewership,2025-26,basketball,men,Michigan State/Penn State,Michigan State,Penn State,2025-12-13,12PM,Early,BTN,455000,panel,455000.0,,Regular Season,Week 6,,,,,,,,,Saturday,12,December,1,0,9,1,0,0,0,0,1,0,0,0,0,0,0,0,0,0,13.028052697933088
TV Media Blog 2025-26 Datawrapper,https://tvmediablog.substack.com/api/v1/posts/2025-26-college-basketball-viewership,2025-26,basketball,men,George Washington/Florida,George Washington,Florida,2025-12-13,2:30PM,Early,ESPN2,259000,panel,259000.0,,Regular Season,Week 6,,,,,,,,,Saturday,12,December,1,0,0,0,0,18,0,1,0,1,0,0,0,0,0,0,0,0,12.464583340681674
TV Media Blog 2025-26 Datawrapper,https://tvmediablog.substack.com/api/v1/posts/2025-26-college-basketball-viewership,2025-26,basketball,men,Providence/Butler,Providence,Butler,2025-12-13,2PM,Early,TNT + truTV,194000,panel,194000.0,,Regular Season,Week 6,,,,,,,,,Saturday,12,December,1,0,23,0,1,0,0,0,0,1,0,0,0,0,0,0,0,0,12.175613438045465
TV Media Blog 2025-26 Datawrapper,https://tvmediablog.substack.com/api/v1/posts/2025-26-college-basketball-viewership,2025-26,basketball,men,Iona/St.John's,Iona,St. John's,2025-12-13,12PM,Early,TNT + truTV,185000,panel,185000.0,,Regular Season,Week 6,,,,,,,,,Saturday,12,December,1,0,0,0,0,22,0,1,0,1,0,0,0,0,0,0,0,0,12.128111104060462
TV Media Blog 2025-26 Datawrapper,https://tvmediablog.substack.com/api/v1/posts/2025-26-college-basketball-viewership,2025-26,basketball,men,Jackson State/Northwestern,Jackson State,Northwestern,2025-12-13,2PM,Early,BTN,126000,panel,126000.0,,Regular Season,Week 6,,,,,,,,,Saturday,12,December,1,0,0,0,0,25,0,1,0,1,0,0,0,0,0,0,0,0,11.744037185933616
TV Media Blog 2025-26 Datawrapper,https://tvmediablog.substack.com/api/v1/posts/2025-26-college-basketball-viewership,2025-26,basketball,men,Santa Clara/Arizona State,Santa Clara,Arizona State,2025-12-13,7PM,Prime,TNT + truTV,82000,panel,82000.0,,Regular Season,Week 6,,,,,,,,,Saturday,12,December,1,0,0,0,0,0,0,0,0,0,0,0,0,0,0,0,0,0,11.314474526246391
TV Media Blog 2025-26 Datawrapper,https://tvmediablog.substack.com/api/v1/posts/2025-26-college-basketball-viewership,2025-26,basketball,men,Western Michigan/Iowa,Western Michigan,Iowa,2025-12-14,3PM,Mid,BTN,74000,panel,74000.0,,Regular Season,Week 6,,,,,,,,,Sunday,12,December,1,0,0,0,0,0,0,0,0,0,0,0,0,0,0,0,0,0,11.211820372186306
TV Media Blog 2025-26 Datawrapper,https://tvmediablog.substack.com/api/v1/posts/2025-26-college-basketball-viewership,2025-26,basketball,men,Pitt/Villanova,Pitt,Villanova,2025-12-13,4:30PM,Mid,truTV,72000,panel,72000.0,,Regular Season,Week 6,,,,,,,,,Saturday,12,December,1,0,18,0,1,18,0,1,0,2,0,0,0,0,0,0,0,0,11.184421397998193
TV Media Blog 2025-26 Datawrapper,https://tvmediablog.substack.com/api/v1/posts/2025-26-college-basketball-viewership,2025-26,basketball,men,Missouri State/Xavier,Missouri State,Xavier,2025-12-12,7PM,Prime,truTV,69000,panel,69000.0,,Regular Season,Week 6,,,,,,,,,Friday,12,December,0,0,0,0,0,22,0,1,0,1,0,0,0,0,0,0,0,0,11.141861783579396
TV Media Blog 2025-26 Datawrapper,https://tvmediablog.substack.com/api/v1/posts/2025-26-college-basketball-viewership,2025-26,basketball,men,Ohio State/West Virginia,Ohio State,West Virginia,2025-12-13,8PM,Prime,ESPNU,68000,panel,68000.0,,Regular Season,Week 6,,,,,,,,,Saturday,12,December,1,0,21,0,1,23,0,1,0,2,0,0,0,0,0,0,0,0,11.127262984158243
TV Media Blog 2025-26 Datawrapper,https://tvmediablog.substack.com/api/v1/posts/2025-26-college-basketball-viewership,2025-26,basketball,men,Old Dominion/George Mason,Old Dominion,George Mason,2025-12-13,12:30PM,Early,USA,65000,panel,65000.0,,Regular Season,Week 6,,,,,,,,,Saturday,12,December,1,0,0,0,0,0,0,0,0,0,0,0,0,0,0,0,0,0,11.082142548877775
TV Media Blog 2025-26 Datawrapper,https://tvmediablog.substack.com/api/v1/posts/2025-26-college-basketball-viewership,2025-26,basketball,men,Washington State/USC,Washington State,USC,2025-12-14,7:30PM,Prime,FS1,62000,panel,62000.0,,Regular Season,Week 6,,,,,,,,,Sunday,12,December,1,0,25,0,1,24,0,1,0,2,0,0,0,0,0,0,0,0,11.03488966402723
TV Media Blog 2025-26 Datawrapper,https://tvmediablog.substack.com/api/v1/posts/2025-26-college-basketball-viewership,2025-26,basketball,men,Rutgers/Seton Hall,Rutgers,Seton Hall,2025-12-13,8PM,Prime,FS1,60000,panel,60000.0,,Regular Season,Week 6,,,,,,,,,Saturday,12,December,1,0,24,0,1,0,0,0,0,1,0,0,0,0,0,0,0,0,11.002099841204238
TV Media Blog 2025-26 Datawrapper,https://tvmediablog.substack.com/api/v1/posts/2025-26-college-basketball-viewership,2025-26,basketball,men,Cincinnati/Georgia,Cincinnati,Georgia,2025-12-13,2PM,Early,ESPNU,46000,panel,46000.0,,Regular Season,Week 6,,,,,,,,,Saturday,12,December,1,0,16,0,1,23,0,1,0,2,0,0,0,0,0,0,0,0,10.736396675471232
TV Media Blog 2025-26 Datawrapper,https://tvmediablog.substack.com/api/v1/posts/2025-26-college-basketball-viewership,2025-26,basketball,men,Southern Utah/Washington,Southern Utah,Washington,2025-12-13,6PM,Mid,BTN,33000,panel,33000.0,,Regular Season,Week 6,,,,,,,,,Saturday,12,December,1,0,0,0,0,0,0,0,0,0,0,0,0,0,0,0,0,0,10.404262840448617
TV Media Blog 2025-26 Datawrapper,https://tvmediablog.substack.com/api/v1/posts/2025-26-college-basketball-viewership,2025-26,basketball,men,Boston College/UMass,Boston College,UMass,2025-12-10,7PM,Prime,ESPNU,30000,panel,30000.0,,Regular Season,Week 6,,,,,,,,,Wednesday,12,December,0,0,0,0,0,0,0,0,0,0,0,0,0,0,0,0,0,0,10.308952660644293
TV Media Blog 2025-26 Datawrapper,https://tvmediablog.substack.com/api/v1/posts/2025-26-college-basketball-viewership,2025-26,basketball,men,Brown/Providence,Brown,Providence,2025-12-09,7:30PM,Prime,truTV,29000,panel,29000.0,,Regular Season,Week 6,,,,,,,,,Tuesday,12,December,0,0,0,0,0,23,0,1,0,1,0,0,0,0,0,0,0,0,10.275051108968611
TV Media Blog 2025-26 Datawrapper,https://tvmediablog.substack.com/api/v1/posts/2025-26-college-basketball-viewership,2025-26,basketball,men,Texas Southern/Minnesota,Texas Southern,Minnesota,2025-12-14,1PM,Early,BTN,26000,panel,26000.0,,Regular Season,Week 6,,,,,,,,,Sunday,12,December,1,0,0,0,0,0,0,0,0,0,0,0,0,0,0,0,0,0,10.165851817003619
TV Media Blog 2025-26 Datawrapper,https://tvmediablog.substack.com/api/v1/posts/2025-26-college-basketball-viewership,2025-26,basketball,men,Yale/Ualbany,Yale,Albany,2025-12-10,4:30PM,Mid,ESPNU,25000,panel,25000.0,,Regular Season,Week 6,,,,,,,,,Wednesday,12,December,0,0,0,0,0,0,0,0,0,0,0,0,0,0,0,0,0,0,10.126631103850338
TV Media Blog 2025-26 Datawrapper,https://tvmediablog.substack.com/api/v1/posts/2025-26-college-basketball-viewership,2025-26,basketball,men,Mississppi State/Utah,Mississippi State,Utah,2025-12-13,10PM,Prime,ESPNU,25000,panel,25000.0,,Regular Season,Week 6,,,,,,,,,Saturday,12,December,1,0,25,0,1,0,0,0,0,1,0,0,0,0,0,0,0,0,10.126631103850338
TV Media Blog 2025-26 Datawrapper,https://tvmediablog.substack.com/api/v1/posts/2025-26-college-basketball-viewership,2025-26,basketball,men,UC Davis/Oregon,UC Davis,Oregon,2025-12-13,4PM,Mid,BTN,22000,panel,22000.0,,Regular Season,Week 6,,,,,,,,,Saturday,12,December,1,0,0,0,0,25,0,1,0,1,0,0,0,0,0,0,0,0,9.998797732340453
TV Media Blog 2025-26 Datawrapper,https://tvmediablog.substack.com/api/v1/posts/2025-26-college-basketball-viewership,2025-26,basketball,men,DePaul/Wichita State,DePaul,Wichita State,2025-12-13,12PM,Early,ESPNU,19000,panel,19000.0,,Regular Season,Week 6,,,,,,,,,Saturday,12,December,1,0,0,0,0,0,0,0,0,0,0,0,0,0,0,0,0,0,9.852194258148577
TV Media Blog 2025-26 Datawrapper,https://tvmediablog.substack.com/api/v1/posts/2025-26-college-basketball-viewership,2025-26,basketball,men,Troy/UAB,Troy,UAB,2025-12-14,3PM,Mid,ESPN2,16000,panel,16000.0,,Regular Season,Week 6,,,,,,,,,Sunday,12,December,1,0,0,0,0,0,0,0,0,0,0,0,0,0,0,0,0,0,9.680344001221918
TV Media Blog 2025-26 Datawrapper,https://tvmediablog.substack.com/api/v1/posts/2025-26-college-basketball-viewership,2025-26,basketball,men,Tennessee/Arkansas,Tennessee,Arkansas,2026-01-03,3PM,Mid,ESPN2,655000,panel,655000.0,,Regular Season,Week 9,,,,,,,,,Saturday,1,January,1,0,19,0,1,18,0,1,0,2,0,0,0,0,0,0,0,0,13.39239051461739
TV Media Blog 2025-26 Datawrapper,https://tvmediablog.substack.com/api/v1/posts/2025-26-college-basketball-viewership,2025-26,basketball,men,Cornell/Michigan State,Cornell,Michigan State,2025-12-29,7PM,Prime,FS1,318000,panel,318000.0,,Regular Season,Week 9,,,,,,,,,Monday,12,December,0,0,0,0,0,9,1,0,1,0,0,0,0,0,0,0,0,0,12.669806661762314
TV Media Blog 2025-26 Datawrapper,https://tvmediablog.substack.com/api/v1/posts/2025-26-college-basketball-viewership,2025-26,basketball,men,Virginia/NC State,Virginia,NC State,2026-01-03,11AM,Early,ESPN2,300000,panel,300000.0,,Regular Season,Week 9,,,,,,,,,Saturday,1,January,1,0,21,0,1,23,0,1,0,2,0,0,0,0,0,0,0,0,12.611537753638338
TV Media Blog 2025-26 Datawrapper,https://tvmediablog.substack.com/api/v1/posts/2025-26-college-basketball-viewership,2025-26,basketball,men,Oklahoma State/Texas Tech,Oklahoma State,Texas Tech,2026-01-03,1PM,Early,ESPN2,294000,panel,294000.0,,Regular Season,Week 9,,,,,,,,,Saturday,1,January,1,0,0,0,0,15,0,1,0,1,0,0,0,0,0,0,0,0,12.591335046320818
TV Media Blog 2025-26 Datawrapper,https://tvmediablog.substack.com/api/v1/posts/2025-26-college-basketball-viewership,2025-26,basketball,men,Clemson/Syracuse,Clemson,Syracuse,2025-12-31,2PM,Early,ESPN2,232000,panel,232000.0,,Regular Season,Week 9,,,,,,,,,Wednesday,12,December,0,0,12,0,1,0,0,0,0,1,0,0,0,0,0,0,0,0,12.354492650648448
TV Media Blog 2025-26 Datawrapper,https://tvmediablog.substack.com/api/v1/posts/2025-26-college-basketball-viewership,2025-26,basketball,men,UMass Lowell/Iowa,UMass Lowell,Iowa,2025-12-29,5PM,Mid,BTN,218000,panel,218000.0,,Regular Season,Week 9,,,,,,,,,Monday,12,December,0,0,0,0,0,25,0,1,0,1,0,0,0,0,0,0,0,0,12.292250341771226
TV Media Blog 2025-26 Datawrapper,https://tvmediablog.substack.com/api/v1/posts/2025-26-college-basketball-viewership,2025-26,basketball,men,Wake Forest/NC State,Wake Forest,NC State,2025-12-31,12PM,Early,ESPN2,217000,panel,217000.0,,Regular Season,Week 9,,,,,,,,,Wednesday,12,December,0,0,0,0,0,23,0,1,0,1,0,0,0,0,0,0,0,0,12.287652632522597
TV Media Blog 2025-26 Datawrapper,https://tvmediablog.substack.com/api/v1/posts/2025-26-college-basketball-viewership,2025-26,basketball,men,Colorado/Arizona State,Colorado,Arizona State,2026-01-03,5PM,Mid,ESPN2,192000,panel,192000.0,,Regular Season,Week 9,,,,,,,,,Saturday,1,January,1,0,18,0,1,0,0,0,0,1,0,0,0,0,0,0,0,0,12.165250651009918
TV Media Blog 2025-26 Datawrapper,https://tvmediablog.substack.com/api/v1/posts/2025-26-college-basketball-viewership,2025-26,basketball,men,Baylor/TCU,Baylor,TCU,2026-01-03,2PM,Early,TNT + truTV,178000,panel,178000.0,,Regular Season,Week 9,,,,,,,,,Saturday,1,January,1,0,25,0,1,25,0,1,0,2,0,0,0,0,0,0,0,0,12.089538829274222
TV Media Blog 2025-26 Datawrapper,https://tvmediablog.substack.com/api/v1/posts/2025-26-college-basketball-viewership,2025-26,basketball,men,Villanova/Butler,Villanova,Butler,2026-01-03,12PM,Early,TNT + truTV,145000,panel,145000.0,,Regular Season,Week 9,,,,,,,,,Saturday,1,January,1,0,18,0,1,0,0,0,0,1,0,0,0,0,0,0,0,0,11.884489021402711
TV Media Blog 2025-26 Datawrapper,https://tvmediablog.substack.com/api/v1/posts/2025-26-college-basketball-viewership,2025-26,basketball,men,Notre Dame/California,Notre Dame,California,2026-01-02,11PM,Prime,ESPN2,142000,panel,142000.0,,Regular Season,Week 9,,,,,,,,,Friday,1,January,0,0,0,0,0,0,0,0,0,0,0,0,0,0,0,0,0,0,11.863582336583399
TV Media Blog 2025-26 Datawrapper,https://tvmediablog.substack.com/api/v1/posts/2025-26-college-basketball-viewership,2025-26,basketball,men,Southern/Illinois,Southern,Illinois,2025-12-29,3PM,Mid,BTN,141000,panel,141000.0,,Regular Season,Week 9,,,,,,,,,Monday,12,December,0,0,0,0,0,20,0,1,0,1,0,0,0,0,0,0,0,0,11.856515169360305
TV Media Blog 2025-26 Datawrapper,https://tvmediablog.substack.com/api/v1/posts/2025-26-college-basketball-viewership,2025-26,basketball,men,North Texas/Memphis,North Texas,Memphis,2025-12-31,4PM,Mid,ESPN2,119000,panel,119000.0,,Regular Season,Week 9,,,,,,,,,Wednesday,12,December,0,0,0,0,0,16,0,1,0,1,0,0,0,0,0,0,0,0,11.686878772093667
TV Media Blog 2025-26 Datawrapper,https://tvmediablog.substack.com/api/v1/posts/2025-26-college-basketball-viewership,2025-26,basketball,men,Minnesota/Northwestern,Minnesota,Northwestern,2026-01-03,5PM,Mid,BTN,105000,panel,105000.0,,Regular Season,Week 9,,,,,,,,,Saturday,1,January,1,0,0,0,0,25,0,1,0,1,0,0,0,0,0,0,0,0,11.56171562913966
TV Media Blog 2025-26 Datawrapper,https://tvmediablog.substack.com/api/v1/posts/2025-26-college-basketball-viewership,2025-26,basketball,men,Richmond/Fordham,Richmond,Fordham,2026-01-04,12PM,Early,USA,86000,panel,86000.0,,Regular Season,Week 9,,,,,,,,,Sunday,1,January,1,0,0,0,0,0,0,0,0,0,0,0,0,0,0,0,0,0,11.362102575235644
TV Media Blog 2025-26 Datawrapper,https://tvmediablog.substack.com/api/v1/posts/2025-26-college-basketball-viewership,2025-26,basketball,men,VCU/Duquesne,VCU,Duquesne,2026-01-03,12PM,Early,USA,71000,panel,71000.0,,Regular Season,Week 9,,,,,,,,,Saturday,1,January,1,0,0,0,0,0,0,0,0,0,0,0,0,0,0,0,0,0,11.170435156023453
TV Media Blog 2025-26 Datawrapper,https://tvmediablog.substack.com/api/v1/posts/2025-26-college-basketball-viewership,2025-26,basketball,men,Xavier/DePaul,Xavier,DePaul,2026-01-03,2PM,Early,FS1,70000,panel,70000.0,,Regular Season,Week 9,,,,,,,,,Saturday,1,January,1,0,22,0,1,0,0,0,0,1,0,0,0,0,0,0,0,0,11.156250521031495
TV Media Blog 2025-26 Datawrapper,https://tvmediablog.substack.com/api/v1/posts/2025-26-college-basketball-viewership,2025-26,basketball,men,Delaware State/Rutgers,Delaware State,Rutgers,2025-12-29,7PM,Prime,BTN,68000,panel,68000.0,,Regular Season,Week 9,,,,,,,,,Monday,12,December,0,0,0,0,0,24,0,1,0,1,0,0,0,0,0,0,0,0,11.127262984158243
TV Media Blog 2025-26 Datawrapper,https://tvmediablog.substack.com/api/v1/posts/2025-26-college-basketball-viewership,2025-26,basketball,men,Utah/Washington,Utah,Washington,2025-12-29,11PM,Prime,FS1,62000,panel,62000.0,,Regular Season,Week 9,,,,,,,,,Monday,12,December,0,0,0,0,0,0,0,0,0,0,0,0,0,0,0,0,0,0,11.03488966402723
TV Media Blog 2025-26 Datawrapper,https://tvmediablog.substack.com/api/v1/posts/2025-26-college-basketball-viewership,2025-26,basketball,men,Vanderbilt/South Carolina,Vanderbilt,South Carolina,2026-01-03,2PM,Early,ESPNU,60000,panel,60000.0,,Regular Season,Week 9,,,,,,,,,Saturday,1,January,1,0,11,0,1,16,0,1,0,2,0,0,0,0,0,0,0,0,11.002099841204238
TV Media Blog 2025-26 Datawrapper,https://tvmediablog.substack.com/api/v1/posts/2025-26-college-basketball-viewership,2025-26,basketball,men,New Mexico/Boise State,New Mexico,Boise State,2025-12-30,11PM,Prime,FS1,53000,panel,53000.0,,Regular Season,Week 9,,,,,,,,,Tuesday,12,December,0,0,25,0,1,0,0,0,0,1,0,0,0,0,0,0,0,0,10.87804719253426
TV Media Blog 2025-26 Datawrapper,https://tvmediablog.substack.com/api/v1/posts/2025-26-college-basketball-viewership,2025-26,basketball,men,Fairleigh Dickinson/Minnesota,Fairleigh Dickinson,Minnesota,2025-12-29,9PM,Prime,BTN,49000,panel,49000.0,,Regular Season,Week 9,,,,,,,,,Monday,12,December,0,0,0,0,0,0,0,0,0,0,0,0,0,0,0,0,0,0,10.799575577092764
TV Media Blog 2025-26 Datawrapper,https://tvmediablog.substack.com/api/v1/posts/2025-26-college-basketball-viewership,2025-26,basketball,men,Bradley/Murray State,Bradley,Murray State,2026-01-04,5PM,Mid,ESPN2,42000,panel,42000.0,,Regular Season,Week 9,,,,,,,,,Sunday,1,January,1,0,0,0,0,0,0,0,0,0,0,0,0,0,0,0,0,0,10.645424897265505
TV Media Blog 2025-26 Datawrapper,https://tvmediablog.substack.com/api/v1/posts/2025-26-college-basketball-viewership,2025-26,basketball,men,NC Central/Penn State,North Carolina Central,Penn State,2025-12-29,1PM,Early,BTN,41000,panel,41000.0,,Regular Season,Week 9,,,,,,,,,Monday,12,December,0,0,0,0,0,0,0,0,0,0,0,0,0,0,0,0,0,0,10.621327345686446
TV Media Blog 2025-26 Datawrapper,https://tvmediablog.substack.com/api/v1/posts/2025-26-college-basketball-viewership,2025-26,basketball,men,Kennesaw State/Liberty,Kennesaw State,Liberty,2026-01-02,7PM,Prime,ESPNU,37000,panel,37000.0,,Regular Season,Week 9,,,,,,,,,Friday,1,January,0,0,0,0,0,0,0,0,0,0,0,0,0,0,0,0,0,0,10.51867319162636
TV Media Blog 2025-26 Datawrapper,https://tvmediablog.substack.com/api/v1/posts/2025-26-college-basketball-viewership,2025-26,basketball,men,LSU/Texas A&M,LSU,Texas A&M,2026-01-03,4PM,Mid,ESPNU,37000,panel,37000.0,,Regular Season,Week 9,,,,,,,,,Saturday,1,January,1,0,0,0,0,19,0,1,0,1,0,0,0,0,0,0,0,0,10.51867319162636
TV Media Blog 2025-26 Datawrapper,https://tvmediablog.substack.com/api/v1/posts/2025-26-college-basketball-viewership,2025-26,basketball,men,Howard/Northwestern,Howard,Northwestern,2025-12-30,5PM,Mid,BTN,26000,panel,26000.0,,Regular Season,Week 9,,,,,,,,,Tuesday,12,December,0,0,0,0,0,25,0,1,0,1,0,0,0,0,0,0,0,0,10.165851817003619
TV Media Blog 2025-26 Datawrapper,https://tvmediablog.substack.com/api/v1/posts/2025-26-college-basketball-viewership,2025-26,basketball,men,Florida Atlantic/Tulane,Florida Atlantic,Tulane,2026-01-04,1PM,Early,ESPN2,21000,panel,21000.0,,Regular Season,Week 9,,,,,,,,,Sunday,1,January,1,0,24,0,1,0,0,0,0,1,0,0,0,0,0,0,0,0,9.95227771670556
TV Media Blog 2025-26 Datawrapper,https://tvmediablog.substack.com/api/v1/posts/2025-26-college-basketball-viewership,2025-26,basketball,men,La Salle/George Washington,La Salle,George Washington,2026-01-03,2PM,Early,USA,17000,panel,17000.0,,Regular Season,Week 9,,,,,,,,,Saturday,1,January,1,0,0,0,0,0,0,0,0,0,0,0,0,0,0,0,0,0,9.740968623038354
TV Media Blog 2025-26 Datawrapper,https://tvmediablog.substack.com/api/v1/posts/2025-26-college-basketball-viewership,2025-26,basketball,men,UAB/South Florida,UAB,South Florida,2026-01-04,1PM,Early,ESPNU,11000,panel,11000.0,,Regular Season,Week 9,,,,,,,,,Sunday,1,January,1,0,0,0,0,24,0,1,0,1,0,0,0,0,0,0,0,0,9.305650551780507
TV Media Blog 2025-26 Datawrapper,https://tvmediablog.substack.com/api/v1/posts/2025-26-college-basketball-viewership,2025-26,basketball,men,Rhode Island/George Mason,Rhode Island,George Mason,2026-01-03,4PM,Mid,USA,10000,panel,10000.0,,Regular Season,Week 9,,,,,,,,,Saturday,1,January,1,0,0,0,0,0,0,0,0,0,0,0,0,0,0,0,0,0,9.210340371976184
TV Media Blog 2025-26 Datawrapper,https://tvmediablog.substack.com/api/v1/posts/2025-26-college-basketball-viewership,2025-26,basketball,men,Wichita State/Charlotte,Wichita State,Charlotte,2026-01-03,6PM,Mid,ESPNU,10000,panel,10000.0,,Regular Season,Week 9,,,,,,,,,Saturday,1,January,1,0,0,0,0,0,0,0,0,0,0,0,0,0,0,0,0,0,9.210340371976184
TV Media Blog 2025-26 Datawrapper,https://tvmediablog.substack.com/api/v1/posts/2025-26-college-basketball-viewership,2025-26,basketball,men,Rice/Tulsa,Rice,Tulsa,2025-12-31,2PM,Early,ESPNU,8000,panel,8000.0,,Regular Season,Week 9,,,,,,,,,Wednesday,12,December,0,0,0,0,0,0,0,0,0,0,0,0,0,0,0,0,0,0,8.987196820661973
TV Media Blog 2025-26 Datawrapper,https://tvmediablog.substack.com/api/v1/posts/2025-26-college-basketball-viewership,2025-26,basketball,men,Tulane/East Carolina,Tulane,East Carolina,2025-12-31,12PM,Early,ESPNU,7000,panel,7000.0,,Regular Season,Week 9,,,,,,,,,Wednesday,12,December,0,0,0,0,0,0,0,0,0,0,0,0,0,0,0,0,0,0,8.85366542803745
TV Media Blog 2025-26 Datawrapper,https://tvmediablog.substack.com/api/v1/posts/2025-26-college-basketball-viewership,2025-26,basketball,men,Wichita State/UAB,Wichita State,UAB,2025-12-31,4PM,Mid,ESPNU,6000,panel,6000.0,,Regular Season,Week 9,,,,,,,,,Wednesday,12,December,0,0,0,0,0,0,0,0,0,0,0,0,0,0,0,0,0,0,8.699514748210191
TV Media Blog 2025-26 Datawrapper,https://tvmediablog.substack.com/api/v1/posts/2025-26-college-basketball-viewership,2025-26,basketball,men,UTSA/Temple,UTSA,Temple,2026-01-03,12PM,Early,ESPNU,6000,panel,6000.0,,Regular Season,Week 9,,,,,,,,,Saturday,1,January,1,0,0,0,0,0,0,0,0,0,0,0,0,0,0,0,0,0,8.699514748210191
TV Media Blog 2025-26 Datawrapper,https://tvmediablog.substack.com/api/v1/posts/2025-26-college-basketball-viewership,2025-26,basketball,men,BYU/Utah,BYU,Utah,2026-01-10,10PM,Prime,ESPN,578000,panel,578000.0,,Regular Season,Week 10,,,,,,,,,Saturday,1,January,1,0,9,1,0,0,0,0,1,0,0,0,0,0,0,0,0,0,13.267329147654515
TV Media Blog 2025-26 Datawrapper,https://tvmediablog.substack.com/api/v1/posts/2025-26-college-basketball-viewership,2025-26,basketball,men,Arizona/TCU,Arizona,TCU,2026-01-10,4PM,Mid,ESPN,520000,panel,520000.0,,Regular Season,Week 10,,,,,,,,,Saturday,1,January,1,0,1,1,0,25,0,1,1,1,0,0,0,0,0,0,0,0,13.16158409055761
TV Media Blog 2025-26 Datawrapper,https://tvmediablog.substack.com/api/v1/posts/2025-26-college-basketball-viewership,2025-26,basketball,men,Nebraska/Indiana,Nebraska,Indiana,2026-01-10,12PM,Early,BTN,423000,panel,423000.0,,Regular Season,Week 10,,,,,,,,,Saturday,1,January,1,0,10,1,0,22,0,1,1,1,0,0,0,0,0,0,0,0,12.955127458028414
TV Media Blog 2025-26 Datawrapper,https://tvmediablog.substack.com/api/v1/posts/2025-26-college-basketball-viewership,2025-26,basketball,men,Penn State/Purdue,Penn State,Purdue,2026-01-10,2PM,Early,BTN,399000,panel,399000.0,,Regular Season,Week 10,,,,,,,,,Saturday,1,January,1,0,0,0,0,5,1,0,1,0,0,0,0,0,0,0,0,0,12.896716695872
TV Media Blog 2025-26 Datawrapper,https://tvmediablog.substack.com/api/v1/posts/2025-26-college-basketball-viewership,2025-26,basketball,men,Oklahoma State/Iowa State,Oklahoma State,Iowa State,2026-01-10,4PM,Mid,ESPN2,307000,panel,307000.0,,Regular Season,Week 10,,,,,,,,,Saturday,1,January,1,0,0,0,0,3,1,0,1,0,0,0,0,0,0,0,0,0,12.634603026569334
TV Media Blog 2025-26 Datawrapper,https://tvmediablog.substack.com/api/v1/posts/2025-26-college-basketball-viewership,2025-26,basketball,men,DePaul/UConn,DePaul,UConn,2026-01-10,12:30PM,Early,TNT + truTV,270000,panel,270000.0,,Regular Season,Week 10,,,,,,,,,Saturday,1,January,1,0,0,0,0,4,1,0,1,0,0,0,0,0,0,0,0,0,12.506177237980511
TV Media Blog 2025-26 Datawrapper,https://tvmediablog.substack.com/api/v1/posts/2025-26-college-basketball-viewership,2025-26,basketball,men,Santa Clara/Gonzaga,Santa Clara,Gonzaga,2026-01-08,11:30PM,Prime,ESPN2,252000,panel,252000.0,,Regular Season,Week 10,,,,,,,,,Thursday,1,January,0,0,0,0,0,8,1,0,1,0,0,0,0,0,0,0,0,0,12.437184366493561
TV Media Blog 2025-26 Datawrapper,https://tvmediablog.substack.com/api/v1/posts/2025-26-college-basketball-viewership,2025-26,basketball,men,Georgia/South Carolina,Georgia,South Carolina,2026-01-10,2PM,Early,ESPN2,224000,panel,224000.0,,Regular Season,Week 10,,,,,,,,,Saturday,1,January,1,0,18,0,1,16,0,1,0,2,0,0,0,0,0,0,0,0,12.319401330837177
TV Media Blog 2025-26 Datawrapper,https://tvmediablog.substack.com/api/v1/posts/2025-26-college-basketball-viewership,2025-26,basketball,men,Villanova/Marquette,Villanova,Marquette,2026-01-10,2:30PM,Early,TNT + truTV,187000,panel,187000.0,,Regular Season,Week 10,,,,,,,,,Saturday,1,January,1,0,18,0,1,25,0,1,0,2,0,0,0,0,0,0,0,0,12.138863895836725
TV Media Blog 2025-26 Datawrapper,https://tvmediablog.substack.com/api/v1/posts/2025-26-college-basketball-viewership,2025-26,basketball,men,St. John's/Creighton,St. John's,Creighton,2026-01-10,2PM,Early,FS1,105000,panel,105000.0,,Regular Season,Week 10,,,,,,,,,Saturday,1,January,1,0,22,0,1,23,0,1,0,2,0,0,0,0,0,0,0,0,11.56171562913966
TV Media Blog 2025-26 Datawrapper,https://tvmediablog.substack.com/api/v1/posts/2025-26-college-basketball-viewership,2025-26,basketball,men,Georgia Tech/Miami (FL),Georgia Tech,Miami (FL),2026-01-10,12PM,Early,ESPN2,99000,panel,99000.0,,Regular Season,Week 10,,,,,,,,,Saturday,1,January,1,0,0,0,0,0,0,0,0,0,0,0,0,0,0,0,0,0,11.502875129116727
TV Media Blog 2025-26 Datawrapper,https://tvmediablog.substack.com/api/v1/posts/2025-26-college-basketball-viewership,2025-26,basketball,men,San Diego State/Nevada,San Diego State,Nevada,2026-01-06,11PM,Prime,FS1,97000,panel,97000.0,,Regular Season,Week 10,,,,,,,,,Tuesday,1,January,0,0,20,0,1,23,0,1,0,2,0,0,0,0,0,0,0,0,11.48246625748552
TV Media Blog 2025-26 Datawrapper,https://tvmediablog.substack.com/api/v1/posts/2025-26-college-basketball-viewership,2025-26,basketball,men,Providence/Xavier,Providence,Xavier,2026-01-10,4PM,Mid,FS1,96000,panel,96000.0,,Regular Season,Week 10,,,,,,,,,Saturday,1,January,1,0,23,0,1,22,0,1,0,2,0,0,0,0,0,0,0,0,11.472103470449973
TV Media Blog 2025-26 Datawrapper,https://tvmediablog.substack.com/api/v1/posts/2025-26-college-basketball-viewership,2025-26,basketball,men,Grand Canyon/Boise State,Grand Canyon,Boise State,2026-01-07,11PM,Prime,FS1,67000,panel,67000.0,,Regular Season,Week 10,,,,,,,,,Wednesday,1,January,0,0,0,0,0,0,0,0,0,0,0,0,0,0,0,0,0,0,11.112447898373103
TV Media Blog 2025-26 Datawrapper,https://tvmediablog.substack.com/api/v1/posts/2025-26-college-basketball-viewership,2025-26,basketball,men,Ohio State/Oregon,Ohio State,Oregon,2026-01-08,10:30PM,Prime,BTN,67000,panel,67000.0,,Regular Season,Week 10,,,,,,,,,Thursday,1,January,0,0,21,0,1,25,0,1,0,2,0,0,0,0,0,0,0,0,11.112447898373103
TV Media Blog 2025-26 Datawrapper,https://tvmediablog.substack.com/api/v1/posts/2025-26-college-basketball-viewership,2025-26,basketball,men,Cincinnati/UCF,Cincinnati,UCF,2026-01-11,5PM,Mid,ESPN2,62000,panel,62000.0,,Regular Season,Week 10,,,,,,,,,Sunday,1,January,1,0,16,0,1,25,0,1,0,2,0,0,0,0,0,0,0,0,11.03488966402723
TV Media Blog 2025-26 Datawrapper,https://tvmediablog.substack.com/api/v1/posts/2025-26-college-basketball-viewership,2025-26,basketball,men,Georgetown/DePaul,Georgetown,DePaul,2026-01-06,8PM,Prime,truTV,58000,panel,58000.0,,Regular Season,Week 10,,,,,,,,,Tuesday,1,January,0,0,0,0,0,0,0,0,0,0,0,0,0,0,0,0,0,0,10.968198289528557
TV Media Blog 2025-26 Datawrapper,https://tvmediablog.substack.com/api/v1/posts/2025-26-college-basketball-viewership,2025-26,basketball,men,Memphis/Florida Atlantic,Memphis,Florida Atlantic,2026-01-11,1PM,Early,ESPN2,46000,panel,46000.0,,Regular Season,Week 10,,,,,,,,,Sunday,1,January,1,0,16,0,1,24,0,1,0,2,0,0,0,0,0,0,0,0,10.736396675471232
TV Media Blog 2025-26 Datawrapper,https://tvmediablog.substack.com/api/v1/posts/2025-26-college-basketball-viewership,2025-26,basketball,men,Saint Joseph's/Richmond,Saint Joseph's,Richmond,2026-01-11,12PM,Early,USA,45000,panel,45000.0,,Regular Season,Week 10,,,,,,,,,Sunday,1,January,1,0,0,0,0,0,0,0,0,0,0,0,0,0,0,0,0,0,10.714417768752456
TV Media Blog 2025-26 Datawrapper,https://tvmediablog.substack.com/api/v1/posts/2025-26-college-basketball-viewership,2025-26,basketball,men,Fordham/St. Bonaventure,Fordham,St. Bonaventure,2026-01-10,12PM,Early,USA,42000,panel,42000.0,,Regular Season,Week 10,,,,,,,,,Saturday,1,January,1,0,0,0,0,0,0,0,0,0,0,0,0,0,0,0,0,0,10.645424897265505
TV Media Blog 2025-26 Datawrapper,https://tvmediablog.substack.com/api/v1/posts/2025-26-college-basketball-viewership,2025-26,basketball,men,Wright State/Oakland,Wright State,Oakland,2026-01-11,3PM,Mid,ESPN2,40000,panel,40000.0,,Regular Season,Week 10,,,,,,,,,Sunday,1,January,1,0,0,0,0,0,0,0,0,0,0,0,0,0,0,0,0,0,10.596634733096073
TV Media Blog 2025-26 Datawrapper,https://tvmediablog.substack.com/api/v1/posts/2025-26-college-basketball-viewership,2025-26,basketball,men,Miami (FL)/Wake Forest,Miami (FL),Wake Forest,2026-01-07,7PM,Prime,ESPNU,33000,panel,33000.0,,Regular Season,Week 10,,,,,,,,,Wednesday,1,January,0,0,0,0,0,0,0,0,0,0,0,0,0,0,0,0,0,0,10.404262840448617
TV Media Blog 2025-26 Datawrapper,https://tvmediablog.substack.com/api/v1/posts/2025-26-college-basketball-viewership,2025-26,basketball,men,Saint Louis/La Salle,Saint Louis,La Salle,2026-01-10,4PM,Mid,USA,30000,panel,30000.0,,Regular Season,Week 10,,,,,,,,,Saturday,1,January,1,0,0,0,0,0,0,0,0,0,0,0,0,0,0,0,0,0,10.308952660644293
TV Media Blog 2025-26 Datawrapper,https://tvmediablog.substack.com/api/v1/posts/2025-26-college-basketball-viewership,2025-26,basketball,men,SMU/Clemson,SMU,Clemson,2026-01-07,9PM,Prime,ESPNU,29000,panel,29000.0,,Regular Season,Week 10,,,,,,,,,Wednesday,1,January,0,0,24,0,1,12,0,1,0,2,0,0,0,0,0,0,0,0,10.275051108968611
TV Media Blog 2025-26 Datawrapper,https://tvmediablog.substack.com/api/v1/posts/2025-26-college-basketball-viewership,2025-26,basketball,men,VCU/George Mason,VCU,George Mason,2026-01-10,12PM,Early,ESPNU,27000,panel,27000.0,,Regular Season,Week 10,,,,,,,,,Saturday,1,January,1,0,0,0,0,0,0,0,0,0,0,0,0,0,0,0,0,0,10.203592144986466
TV Media Blog 2025-26 Datawrapper,https://tvmediablog.substack.com/api/v1/posts/2025-26-college-basketball-viewership,2025-26,basketball,men,Rhode Island/Davidson,Rhode Island,Davidson,2026-01-10,2PM,Early,USA,18000,panel,18000.0,,Regular Season,Week 10,,,,,,,,,Saturday,1,January,1,0,0,0,0,0,0,0,0,0,0,0,0,0,0,0,0,0,9.798127036878302
TV Media Blog 2025-26 Datawrapper,https://tvmediablog.substack.com/api/v1/posts/2025-26-college-basketball-viewership,2025-26,basketball,men,Middle Tennessee/NM State,Middle Tennessee,New Mexico State,2026-01-10,8PM,Prime,ESPNU,17000,panel,17000.0,,Regular Season,Week 10,,,,,,,,,Saturday,1,January,1,0,0,0,0,0,0,0,0,0,0,0,0,0,0,0,0,0,9.740968623038354
TV Media Blog 2025-26 Datawrapper,https://tvmediablog.substack.com/api/v1/posts/2025-26-college-basketball-viewership,2025-26,basketball,men,South Carolina/LSU,South Carolina,LSU,2026-01-06,7PM,Prime,ESPNU,15000,panel,15000.0,,Regular Season,Week 10,,,,,,,,,Tuesday,1,January,0,0,16,0,1,0,0,0,0,1,0,0,0,0,0,0,0,0,9.615805480084347
TV Media Blog 2025-26 Datawrapper,https://tvmediablog.substack.com/api/v1/posts/2025-26-college-basketball-viewership,2025-26,basketball,men,North Texas/Wichita State,North Texas,Wichita State,2026-01-11,3PM,Mid,ESPNU,12000,panel,12000.0,,Regular Season,Week 10,,,,,,,,,Sunday,1,January,1,0,0,0,0,0,0,0,0,0,0,0,0,0,0,0,0,0,9.392661928770137
TV Media Blog 2025-26 Datawrapper,https://tvmediablog.substack.com/api/v1/posts/2025-26-college-basketball-viewership,2025-26,basketball,men,Villanova/Providence,Villanova,Providence,2026-01-11,12PM,Early,truTV,10000,panel,10000.0,,Regular Season,Week 10,,,,,,,,,Sunday,1,January,1,0,18,0,1,23,0,1,0,2,0,0,0,0,0,0,0,0,9.210340371976184
TV Media Blog 2025-26 Datawrapper,https://tvmediablog.substack.com/api/v1/posts/2025-26-college-basketball-viewership,2025-26,basketball,men,UNI/Bradley,UNI,Bradley,2026-01-10,6PM,Mid,ESPNU,6000,panel,6000.0,,Regular Season,Week 10,,,,,,,,,Saturday,1,January,1,0,0,0,0,0,0,0,0,0,0,0,0,0,0,0,0,0,8.699514748210191
TV Media Blog 2025-26 Datawrapper,https://tvmediablog.substack.com/api/v1/posts/2025-26-college-basketball-viewership,2025-26,basketball,men,Georgia Southern/South Alabama,Georgia Southern,South Alabama,2026-01-10,2PM,Early,ESPNU,5000,panel,5000.0,,Regular Season,Week 10,,,,,,,,,Saturday,1,January,1,0,0,0,0,0,0,0,0,0,0,0,0,0,0,0,0,0,8.517193191416238
TV Media Blog 2025-26 Datawrapper,https://tvmediablog.substack.com/api/v1/posts/2025-26-college-basketball-viewership,2025-26,basketball,men,Jackson State/Alabama State,Jackson State,Alabama State,2026-01-10,4PM,Mid,ESPNU,4000,panel,4000.0,,Regular Season,Week 10,,,,,,,,,Saturday,1,January,1,0,0,0,0,0,0,0,0,0,0,0,0,0,0,0,0,0,8.294049640102028
TV Media Blog 2025-26 Datawrapper,https://tvmediablog.substack.com/api/v1/posts/2025-26-college-basketball-viewership,2025-26,basketball,men,Iowa/Purdue,Iowa,Purdue,2026-01-14,6:30PM,Mid,BTN,475000,panel,475000.0,,Regular Season,Week 11,,,,,,,,,Wednesday,1,January,0,0,19,0,1,5,1,0,1,1,0,0,0,0,0,0,0,0,13.071070083016778
TV Media Blog 2025-26 Datawrapper,https://tvmediablog.substack.com/api/v1/posts/2025-26-college-basketball-viewership,2025-26,basketball,men,Illinois/Northwestern,Illinois,Northwestern,2026-01-14,8:30PM,Prime,BTN,395000,panel,395000.0,,Regular Season,Week 11,,,,,,,,,Wednesday,1,January,0,0,13,0,1,25,0,1,0,2,0,0,0,0,0,0,0,0,12.886641043883259
TV Media Blog 2025-26 Datawrapper,https://tvmediablog.substack.com/api/v1/posts/2025-26-college-basketball-viewership,2025-26,basketball,men,Vanderbilt/Texas,Vanderbilt,Texas,2026-01-14,9PM,Prime,ESPN2,346000,panel,346000.0,,Regular Season,Week 11,,,,,,,,,Wednesday,1,January,0,0,10,1,0,19,0,1,1,1,0,0,0,0,0,0,0,0,12.75419405403986
TV Media Blog 2025-26 Datawrapper,https://tvmediablog.substack.com/api/v1/posts/2025-26-college-basketball-viewership,2025-26,basketball,men,TCU/BYU,TCU,BYU,2026-01-14,11PM,Prime,ESPN2,317000,panel,317000.0,,Regular Season,Week 11,,,,,,,,,Wednesday,1,January,0,0,25,0,1,11,0,1,0,2,0,0,0,0,0,0,0,0,12.666657052859417
TV Media Blog 2025-26 Datawrapper,https://tvmediablog.substack.com/api/v1/posts/2025-26-college-basketball-viewership,2025-26,basketball,men,Auburn/Missouri,Auburn,Missouri,2026-01-14,7PM,Prime,ESPN2,256000,panel,256000.0,,Regular Season,Week 11,,,,,,,,,Wednesday,1,January,0,0,21,0,1,23,0,1,0,2,0,0,0,0,0,0,0,0,12.4529327234617
TV Media Blog 2025-26 Datawrapper,https://tvmediablog.substack.com/api/v1/posts/2025-26-college-basketball-viewership,2025-26,basketball,men,Arizona State/Arizona,Arizona State,Arizona,2026-01-14,10:30PM,Prime,FS1,179000,panel,179000.0,,Regular Season,Week 11,,,,,,,,,Wednesday,1,January,0,0,0,0,0,1,1,0,1,0,0,0,0,0,0,0,0,0,12.095141084822892
TV Media Blog 2025-26 Datawrapper,https://tvmediablog.substack.com/api/v1/posts/2025-26-college-basketball-viewership,2025-26,basketball,men,Michigan/Washington,Michigan,Washington,2026-01-14,10:30PM,Prime,BTN,178000,panel,178000.0,,Regular Season,Week 11,,,,,,,,,Wednesday,1,January,0,0,4,1,0,0,0,0,1,0,0,0,0,0,0,0,0,0,12.089538829274222
TV Media Blog 2025-26 Datawrapper,https://tvmediablog.substack.com/api/v1/posts/2025-26-college-basketball-viewership,2025-26,basketball,men,UCLA/Penn State,UCLA,Penn State,2026-01-14,8:30PM,Prime,FS1,133000,panel,133000.0,,Regular Season,Week 11,,,,,,,,,Wednesday,1,January,0,0,25,0,1,0,0,0,0,1,0,0,0,0,0,0,0,0,11.79810440720389
TV Media Blog 2025-26 Datawrapper,https://tvmediablog.substack.com/api/v1/posts/2025-26-college-basketball-viewership,2025-26,basketball,men,Penn State/Maryland,Penn State,Maryland,2026-01-18,12PM,Early,BTN,103000,panel,103000.0,,Regular Season,Week 11,,,,,,,,,Sunday,1,January,1,0,0,0,0,11,0,1,0,1,0,0,0,0,0,0,0,0,11.542484267211773
TV Media Blog 2025-26 Datawrapper,https://tvmediablog.substack.com/api/v1/posts/2025-26-college-basketball-viewership,2025-26,basketball,men,Saint Mary's/San Francisco,Saint Mary's,San Francisco,2026-01-13,11PM,Prime,ESPN2,78000,panel,78000.0,,Regular Season,Week 11,,,,,,,,,Tuesday,1,January,0,0,20,0,1,0,0,0,0,1,0,0,0,0,0,0,0,0,11.26446410567173
TV Media Blog 2025-26 Datawrapper,https://tvmediablog.substack.com/api/v1/posts/2025-26-college-basketball-viewership,2025-26,basketball,men,Butler/Xavier,Butler,Xavier,2026-01-14,6:30PM,Mid,FS1,75000,panel,75000.0,,Regular Season,Week 11,,,,,,,,,Wednesday,1,January,0,0,0,0,0,22,0,1,0,1,0,0,0,0,0,0,0,0,11.225243392518447
TV Media Blog 2025-26 Datawrapper,https://tvmediablog.substack.com/api/v1/posts/2025-26-college-basketball-viewership,2025-26,basketball,men,North Texas/Tulane,North Texas,Tulane,2026-01-18,5PM,Mid,ESPN2,71000,panel,71000.0,,Regular Season,Week 11,,,,,,,,,Sunday,1,January,1,0,0,0,0,0,0,0,0,0,0,0,0,0,0,0,0,0,11.170435156023453
TV Media Blog 2025-26 Datawrapper,https://tvmediablog.substack.com/api/v1/posts/2025-26-college-basketball-viewership,2025-26,basketball,men,Colorado State/Boise State,Colorado State,Boise State,2026-01-16,10:30PM,Prime,FS1,69000,panel,69000.0,,Regular Season,Week 11,,,,,,,,,Friday,1,January,0,0,22,0,1,0,0,0,0,1,0,0,0,0,0,0,0,0,11.141861783579396
TV Media Blog 2025-26 Datawrapper,https://tvmediablog.substack.com/api/v1/posts/2025-26-college-basketball-viewership,2025-26,basketball,men,Maryland/USC,Maryland,USC,2026-01-13,10:30PM,Prime,FS1,67000,panel,67000.0,,Regular Season,Week 11,,,,,,,,,Tuesday,1,January,0,0,11,0,1,24,0,1,0,2,0,0,0,0,0,0,0,0,11.112447898373103
TV Media Blog 2025-26 Datawrapper,https://tvmediablog.substack.com/api/v1/posts/2025-26-college-basketball-viewership,2025-26,basketball,men,Virginia Tech/SMU,Virginia Tech,SMU,2026-01-14,9PM,Prime,ESPNU,61000,panel,61000.0,,Regular Season,Week 11,,,,,,,,,Wednesday,1,January,0,0,0,0,0,24,0,1,0,1,0,0,0,0,0,0,0,0,11.018629143155449
TV Media Blog 2025-26 Datawrapper,https://tvmediablog.substack.com/api/v1/posts/2025-26-college-basketball-viewership,2025-26,basketball,men,Ole Miss/Georgia,Ole Miss,Georgia,2026-01-14,7PM,Prime,ESPNU,56000,panel,56000.0,,Regular Season,Week 11,,,,,,,,,Wednesday,1,January,0,0,24,0,1,21,0,1,0,2,0,0,0,0,0,0,0,0,10.933106969717286
TV Media Blog 2025-26 Datawrapper,https://tvmediablog.substack.com/api/v1/posts/2025-26-college-basketball-viewership,2025-26,basketball,men,Miami (FL)/Notre Dame,Miami (FL),Notre Dame,2026-01-13,7PM,Prime,ESPNU,52000,panel,52000.0,,Regular Season,Week 11,,,,,,,,,Tuesday,1,January,0,0,0,0,0,0,0,0,0,0,0,0,0,0,0,0,0,0,10.858998997563564
TV Media Blog 2025-26 Datawrapper,https://tvmediablog.substack.com/api/v1/posts/2025-26-college-basketball-viewership,2025-26,basketball,men,Florida Atlantic/Temple,Florida Atlantic,Temple,2026-01-18,12PM,Early,ESPNU,38000,panel,38000.0,,Regular Season,Week 11,,,,,,,,,Sunday,1,January,1,0,24,0,1,0,0,0,0,1,0,0,0,0,0,0,0,0,10.545341438708522
TV Media Blog 2025-26 Datawrapper,https://tvmediablog.substack.com/api/v1/posts/2025-26-college-basketball-viewership,2025-26,basketball,men,Wichita State/South Florida,Wichita State,South Florida,2026-01-18,2PM,Early,ESPNU,30000,panel,30000.0,,Regular Season,Week 11,,,,,,,,,Sunday,1,January,1,0,0,0,0,24,0,1,0,1,0,0,0,0,0,0,0,0,10.308952660644293
TV Media Blog 2025-26 Datawrapper,https://tvmediablog.substack.com/api/v1/posts/2025-26-college-basketball-viewership,2025-26,basketball,men,UTSA/Memphis,UTSA,Memphis,2026-01-18,6PM,Mid,ESPNU,25000,panel,25000.0,,Regular Season,Week 11,,,,,,,,,Sunday,1,January,1,0,0,0,0,16,0,1,0,1,0,0,0,0,0,0,0,0,10.126631103850338
TV Media Blog 2025-26 Datawrapper,https://tvmediablog.substack.com/api/v1/posts/2025-26-college-basketball-viewership,2025-26,basketball,men,Lindenwood/Southeast Missouri,Lindenwood,Southeast Missouri,2026-01-15,9PM,Prime,ESPNU,11000,panel,11000.0,,Regular Season,Week 11,,,,,,,,,Thursday,1,January,0,0,0,0,0,0,0,0,0,0,0,0,0,0,0,0,0,0,9.305650551780507
TV Media Blog 2025-26 Datawrapper,https://tvmediablog.substack.com/api/v1/posts/2025-26-college-basketball-viewership,2025-26,basketball,men,Oakland/Milwaukee,Oakland,Milwaukee,2026-01-15,7PM,Prime,ESPNU,8000,panel,8000.0,,Regular Season,Week 11,,,,,,,,,Thursday,1,January,0,0,0,0,0,0,0,0,0,0,0,0,0,0,0,0,0,0,8.987196820661973
TV Media Blog 2025-26 Datawrapper,https://tvmediablog.substack.com/api/v1/posts/2025-26-college-basketball-viewership,2025-26,basketball,men,Vanderbilt/Arkansas,Vanderbilt,Arkansas,2026-01-20,9PM,Prime,ESPN,493000,panel,493000.0,,Regular Season,Week 12,,,,,,,,,Tuesday,1,January,0,0,15,0,1,20,0,1,0,2,0,0,0,0,0,0,0,0,13.108264453024827
TV Media Blog 2025-26 Datawrapper,https://tvmediablog.substack.com/api/v1/posts/2025-26-college-basketball-viewership,2025-26,basketball,men,LSU/Florida,LSU,Florida,2026-01-20,7PM,Prime,ESPN2,414000,panel,414000.0,,Regular Season,Week 12,,,,,,,,,Tuesday,1,January,0,0,0,0,0,16,0,1,0,1,0,0,0,0,0,0,0,0,12.933621252807452
TV Media Blog 2025-26 Datawrapper,https://tvmediablog.substack.com/api/v1/posts/2025-26-college-basketball-viewership,2025-26,basketball,men,Kansas/Colorado,Kansas,Colorado,2026-01-20,11PM,Prime,ESPN,363000,panel,363000.0,,Regular Season,Week 12,,,,,,,,,Tuesday,1,January,0,0,19,0,1,18,0,1,0,2,0,0,0,0,0,0,0,0,12.802158113246987
TV Media Blog 2025-26 Datawrapper,https://tvmediablog.substack.com/api/v1/posts/2025-26-college-basketball-viewership,2025-26,basketball,men,Michigan State/Oregon,Michigan State,Oregon,2026-01-20,9PM,Prime,FS1,348000,panel,348000.0,,Regular Season,Week 12,,,,,,,,,Tuesday,1,January,0,0,10,1,0,25,0,1,1,1,0,0,0,0,0,0,0,0,12.759957758756611
TV Media Blog 2025-26 Datawrapper,https://tvmediablog.substack.com/api/v1/posts/2025-26-college-basketball-viewership,2025-26,basketball,men,Rutgers/Iowa,Rutgers,Iowa,2026-01-20,8:30PM,Prime,BTN,308000,panel,308000.0,,Regular Season,Week 12,,,,,,,,,Tuesday,1,January,0,0,24,0,1,19,0,1,0,2,0,0,0,0,0,0,0,0,12.637855061955712
TV Media Blog 2025-26 Datawrapper,https://tvmediablog.substack.com/api/v1/posts/2025-26-college-basketball-viewership,2025-26,basketball,men,Minnesota/Ohio State,Minnesota,Ohio State,2026-01-19,6:30PM,Mid,BTN,282000,panel,282000.0,,Regular Season,Week 12,,,,,,,,,Monday,1,January,0,0,0,0,0,21,0,1,0,1,0,0,0,0,0,0,0,0,12.54966234992025
TV Media Blog 2025-26 Datawrapper,https://tvmediablog.substack.com/api/v1/posts/2025-26-college-basketball-viewership,2025-26,basketball,men,Seton Hall/St. John's,Seton Hall,St. John's,2026-01-20,7PM,Prime,FS1,183000,panel,183000.0,,Regular Season,Week 12,,,,,,,,,Tuesday,1,January,0,0,25,0,1,22,0,1,0,2,0,0,0,0,0,0,0,0,12.117241431823558
TV Media Blog 2025-26 Datawrapper,https://tvmediablog.substack.com/api/v1/posts/2025-26-college-basketball-viewership,2025-26,basketball,men,Utah State/Colorado State,Utah State,Colorado State,2026-01-23,10PM,Prime,FS1,163000,panel,163000.0,,Regular Season,Week 12,,,,,,,,,Friday,1,January,0,0,23,0,1,22,0,1,0,2,0,0,0,0,0,0,0,0,12.0015054797889
TV Media Blog 2025-26 Datawrapper,https://tvmediablog.substack.com/api/v1/posts/2025-26-college-basketball-viewership,2025-26,basketball,men,FAU/USF,Florida Atlantic,South Florida,2026-01-25,1PM,Early,ESPN2,139000,panel,139000.0,,Regular Season,Week 12,,,,,,,,,Sunday,1,January,1,0,24,0,1,24,0,1,0,2,0,0,0,0,0,0,0,0,11.842229212112828
TV Media Blog 2025-26 Datawrapper,https://tvmediablog.substack.com/api/v1/posts/2025-26-college-basketball-viewership,2025-26,basketball,men,Saint Louis/St. Bonaventure,Saint Louis,St. Bonaventure,2026-01-23,5:30PM,Mid,ESPN2,131000,panel,131000.0,,Regular Season,Week 12,,,,,,,,,Friday,1,January,0,0,24,0,1,0,0,0,0,1,0,0,0,0,0,0,0,0,11.782952602183288
TV Media Blog 2025-26 Datawrapper,https://tvmediablog.substack.com/api/v1/posts/2025-26-college-basketball-viewership,2025-26,basketball,men,Northwestern/USC,Northwestern,USC,2026-01-21,11PM,Prime,BTN,112000,panel,112000.0,,Regular Season,Week 12,,,,,,,,,Wednesday,1,January,0,0,25,0,1,24,0,1,0,2,0,0,0,0,0,0,0,0,11.626254150277232
TV Media Blog 2025-26 Datawrapper,https://tvmediablog.substack.com/api/v1/posts/2025-26-college-basketball-viewership,2025-26,basketball,men,Providence/Marquette,Providence,Marquette,2026-01-19,6PM,Mid,FS1,91000,panel,91000.0,,Regular Season,Week 12,,,,,,,,,Monday,1,January,0,0,23,0,1,25,0,1,0,2,0,0,0,0,0,0,0,0,11.418614785498987
TV Media Blog 2025-26 Datawrapper,https://tvmediablog.substack.com/api/v1/posts/2025-26-college-basketball-viewership,2025-26,basketball,men,San Diego State/Grand Canyon,San Diego State,Grand Canyon,2026-01-21,11PM,Prime,FS1,89000,panel,89000.0,,Regular Season,Week 12,,,,,,,,,Wednesday,1,January,0,0,20,0,1,0,0,0,0,1,0,0,0,0,0,0,0,0,11.396391648714276
TV Media Blog 2025-26 Datawrapper,https://tvmediablog.substack.com/api/v1/posts/2025-26-college-basketball-viewership,2025-26,basketball,men,Auburn/Ole Miss,Auburn,Ole Miss,2026-01-20,9PM,Prime,ESPNU,55000,panel,55000.0,,Regular Season,Week 12,,,,,,,,,Tuesday,1,January,0,0,21,0,1,24,0,1,0,2,0,0,0,0,0,0,0,0,10.915088464214607
TV Media Blog 2025-26 Datawrapper,https://tvmediablog.substack.com/api/v1/posts/2025-26-college-basketball-viewership,2025-26,basketball,men,UNLV/Utah State,UNLV,Utah State,2026-01-20,11PM,Prime,FS1,46000,panel,46000.0,,Regular Season,Week 12,,,,,,,,,Tuesday,1,January,0,0,0,0,0,23,0,1,0,1,0,0,0,0,0,0,0,0,10.736396675471232
TV Media Blog 2025-26 Datawrapper,https://tvmediablog.substack.com/api/v1/posts/2025-26-college-basketball-viewership,2025-26,basketball,men,DePaul/Butler,DePaul,Butler,2026-01-20,7:30PM,Prime,truTV,37000,panel,37000.0,,Regular Season,Week 12,,,,,,,,,Tuesday,1,January,0,0,0,0,0,0,0,0,0,0,0,0,0,0,0,0,0,0,10.51867319162636
TV Media Blog 2025-26 Datawrapper,https://tvmediablog.substack.com/api/v1/posts/2025-26-college-basketball-viewership,2025-26,basketball,men,UCLA/Northwestern,UCLA,Northwestern,2026-01-25,4PM,Mid,BTN,33000,panel,33000.0,,Regular Season,Week 12,,,,,,,,,Sunday,1,January,1,0,25,0,1,25,0,1,0,2,0,0,0,0,0,0,0,0,10.404262840448617
TV Media Blog 2025-26 Datawrapper,https://tvmediablog.substack.com/api/v1/posts/2025-26-college-basketball-viewership,2025-26,basketball,men,Florida State/Miami (FL),Florida State,Miami (FL),2026-01-20,7PM,Prime,ESPNU,20000,panel,20000.0,,Regular Season,Week 12,,,,,,,,,Tuesday,1,January,0,0,0,0,0,0,0,0,0,0,0,0,0,0,0,0,0,0,9.903487552536127
TV Media Blog 2025-26 Datawrapper,https://tvmediablog.substack.com/api/v1/posts/2025-26-college-basketball-viewership,2025-26,basketball,men,UNI/Illinois State,UNI,Illinois State,2026-01-21,9PM,Prime,ESPNU,15000,panel,15000.0,,Regular Season,Week 12,,,,,,,,,Wednesday,1,January,0,0,0,0,0,0,0,0,0,0,0,0,0,0,0,0,0,0,9.615805480084347
TV Media Blog 2025-26 Datawrapper,https://tvmediablog.substack.com/api/v1/posts/2025-26-college-basketball-viewership,2025-26,basketball,men,Vermont/UAlbany,Vermont,Albany,2026-01-19,1PM,Early,ESPNU,11000,panel,11000.0,,Regular Season,Week 12,,,,,,,,,Monday,1,January,0,0,0,0,0,0,0,0,0,0,0,0,0,0,0,0,0,0,9.305650551780507
TV Media Blog 2025-26 Datawrapper,https://tvmediablog.substack.com/api/v1/posts/2025-26-college-basketball-viewership,2025-26,basketball,men,Akron/Ohio,Akron,Ohio,2026-01-23,8PM,Prime,ESPNU,11000,panel,11000.0,,Regular Season,Week 12,,,,,,,,,Friday,1,January,0,0,0,0,0,0,0,0,0,0,0,0,0,0,0,0,0,0,9.305650551780507
TV Media Blog 2025-26 Datawrapper,https://tvmediablog.substack.com/api/v1/posts/2025-26-college-basketball-viewership,2025-26,basketball,men,Tennessee State/SIUE,Tennessee State,SIUE,2026-01-22,9PM,Prime,ESPNU,10000,panel,10000.0,,Regular Season,Week 12,,,,,,,,,Thursday,1,January,0,0,0,0,0,0,0,0,0,0,0,0,0,0,0,0,0,0,9.210340371976184
TV Media Blog 2025-26 Datawrapper,https://tvmediablog.substack.com/api/v1/posts/2025-26-college-basketball-viewership,2025-26,basketball,men,ETSU/Chattanooga,ETSU,Chattanooga,2026-01-21,7PM,Prime,ESPNU,5000,panel,5000.0,,Regular Season,Week 12,,,,,,,,,Wednesday,1,January,0,0,0,0,0,0,0,0,0,0,0,0,0,0,0,0,0,0,8.517193191416238
TV Media Blog 2025-26 Datawrapper,https://tvmediablog.substack.com/api/v1/posts/2025-26-college-basketball-viewership,2025-26,basketball,men,Saint Mary's/Gonzaga,Saint Mary's,Gonzaga,2026-01-31,10:30PM,Prime,ESPN,725000,panel,725000.0,,Regular Season,Week 13,,,,,,,,,Saturday,1,January,1,0,20,0,1,6,1,0,1,1,0,0,0,0,0,0,0,0,13.493926933836812
TV Media Blog 2025-26 Datawrapper,https://tvmediablog.substack.com/api/v1/posts/2025-26-college-basketball-viewership,2025-26,basketball,men,Texas Tech/UCF,Texas Tech,UCF,2026-01-31,12PM,Early,ESPN2,455000,panel,455000.0,,Regular Season,Week 13,,,,,,,,,Saturday,1,January,1,0,11,0,1,25,0,1,0,2,0,0,0,0,0,0,0,0,13.028052697933088
TV Media Blog 2025-26 Datawrapper,https://tvmediablog.substack.com/api/v1/posts/2025-26-college-basketball-viewership,2025-26,basketball,men,Baylor/West Virginia,Baylor,West Virginia,2026-01-31,4PM,Mid,ESPN2,447000,panel,447000.0,,Regular Season,Week 13,,,,,,,,,Saturday,1,January,1,0,25,0,1,23,0,1,0,2,0,0,0,0,0,0,0,0,13.010313873595706
TV Media Blog 2025-26 Datawrapper,https://tvmediablog.substack.com/api/v1/posts/2025-26-college-basketball-viewership,2025-26,basketball,men,Arizona/Arizona State,Arizona,Arizona State,2026-01-31,2PM,Early,TNT + truTV,405000,panel,405000.0,,Regular Season,Week 13,,,,,,,,,Saturday,1,January,1,0,1,1,0,0,0,0,1,0,0,0,0,0,0,0,0,0,12.911642346088676
TV Media Blog 2025-26 Datawrapper,https://tvmediablog.substack.com/api/v1/posts/2025-26-college-basketball-viewership,2025-26,basketball,men,Texas/Oklahoma,Texas,Oklahoma,2026-01-31,2PM,Early,ESPN2,391000,panel,391000.0,,Regular Season,Week 13,,,,,,,,,Saturday,1,January,1,0,19,0,1,17,0,1,0,2,0,0,0,0,0,0,0,0,12.876462838967504
TV Media Blog 2025-26 Datawrapper,https://tvmediablog.substack.com/api/v1/posts/2025-26-college-basketball-viewership,2025-26,basketball,men,Oklahoma State/Utah,Oklahoma State,Utah,2026-01-31,6PM,Mid,ESPN2,285000,panel,285000.0,,Regular Season,Week 13,,,,,,,,,Saturday,1,January,1,0,0,0,0,0,0,0,0,0,0,0,0,0,0,0,0,0,12.560244459250788
TV Media Blog 2025-26 Datawrapper,https://tvmediablog.substack.com/api/v1/posts/2025-26-college-basketball-viewership,2025-26,basketball,men,Georgetown/Butler,Georgetown,Butler,2026-01-31,12PM,Early,TNT + truTV,138000,panel,138000.0,,Regular Season,Week 13,,,,,,,,,Saturday,1,January,1,0,0,0,0,0,0,0,0,0,0,0,0,0,0,0,0,0,11.835008964139341
TV Media Blog 2025-26 Datawrapper,https://tvmediablog.substack.com/api/v1/posts/2025-26-college-basketball-viewership,2025-26,basketball,men,Tulane/Memphis,Tulane,Memphis,2026-02-01,3PM,Mid,ESPN2,128000,panel,128000.0,,Regular Season,Week 13,,,,,,,,,Sunday,2,February,1,0,0,0,0,16,0,1,0,1,0,0,0,0,0,0,0,0,11.759785542901755
TV Media Blog 2025-26 Datawrapper,https://tvmediablog.substack.com/api/v1/posts/2025-26-college-basketball-viewership,2025-26,basketball,men,Providence/Villanova,Providence,Villanova,2026-01-30,7PM,Prime,FS1,125000,panel,125000.0,,Regular Season,Week 13,,,,,,,,,Friday,1,January,0,0,23,0,1,18,0,1,0,2,0,0,0,0,0,0,0,0,11.736069016284437
TV Media Blog 2025-26 Datawrapper,https://tvmediablog.substack.com/api/v1/posts/2025-26-college-basketball-viewership,2025-26,basketball,men,Chattanooga/Furman,Chattanooga,Furman,2026-02-01,1PM,Early,ESPN2,121000,panel,121000.0,,Regular Season,Week 13,,,,,,,,,Sunday,2,February,1,0,0,0,0,0,0,0,0,0,0,0,0,0,0,0,0,0,11.703545824578878
TV Media Blog 2025-26 Datawrapper,https://tvmediablog.substack.com/api/v1/posts/2025-26-college-basketball-viewership,2025-26,basketball,men,Creighton/Marquette,Creighton,Marquette,2026-01-27,9:30PM,Prime,TNT + truTV,105000,panel,105000.0,,Regular Season,Week 13,,,,,,,,,Tuesday,1,January,0,0,23,0,1,25,0,1,0,2,0,0,0,0,0,0,0,0,11.56171562913966
TV Media Blog 2025-26 Datawrapper,https://tvmediablog.substack.com/api/v1/posts/2025-26-college-basketball-viewership,2025-26,basketball,men,TCU/Colorado,TCU,Colorado,2026-02-01,2PM,Early,TNT,102000,panel,102000.0,,Regular Season,Week 13,,,,,,,,,Sunday,2,February,1,0,25,0,1,18,0,1,0,2,0,0,0,0,0,0,0,0,11.532728092266408
TV Media Blog 2025-26 Datawrapper,https://tvmediablog.substack.com/api/v1/posts/2025-26-college-basketball-viewership,2025-26,basketball,men,Saint Joseph's/La Salle,Saint Joseph's,La Salle,2026-01-31,2:30PM,Early,USA,92000,panel,92000.0,,Regular Season,Week 13,,,,,,,,,Saturday,1,January,1,0,0,0,0,0,0,0,0,0,0,0,0,0,0,0,0,0,11.429543856031177
TV Media Blog 2025-26 Datawrapper,https://tvmediablog.substack.com/api/v1/posts/2025-26-college-basketball-viewership,2025-26,basketball,men,Baylor/Cincinnati,Baylor,Cincinnati,2026-01-28,6:30PM,Mid,FS1,89000,panel,89000.0,,Regular Season,Week 13,,,,,,,,,Wednesday,1,January,0,0,25,0,1,16,0,1,0,2,0,0,0,0,0,0,0,0,11.396391648714276
TV Media Blog 2025-26 Datawrapper,https://tvmediablog.substack.com/api/v1/posts/2025-26-college-basketball-viewership,2025-26,basketball,men,DePaul/Georgetown,DePaul,Georgetown,2026-01-28,8:30PM,Prime,FS1,86000,panel,86000.0,,Regular Season,Week 13,,,,,,,,,Wednesday,1,January,0,0,0,0,0,0,0,0,0,0,0,0,0,0,0,0,0,0,11.362102575235644
TV Media Blog 2025-26 Datawrapper,https://tvmediablog.substack.com/api/v1/posts/2025-26-college-basketball-viewership,2025-26,basketball,men,Rhode Island/Duquesne,Rhode Island,Duquesne,2026-02-01,12PM,Early,USA,85000,panel,85000.0,,Regular Season,Week 13,,,,,,,,,Sunday,2,February,1,0,0,0,0,0,0,0,0,0,0,0,0,0,0,0,0,0,11.350406535472453
TV Media Blog 2025-26 Datawrapper,https://tvmediablog.substack.com/api/v1/posts/2025-26-college-basketball-viewership,2025-26,basketball,men,Grand Canyon/Nevada,Grand Canyon,Nevada,2026-01-27,10:30PM,Prime,FS1,84000,panel,84000.0,,Regular Season,Week 13,,,,,,,,,Tuesday,1,January,0,0,0,0,0,23,0,1,0,1,0,0,0,0,0,0,0,0,11.33857207782545
TV Media Blog 2025-26 Datawrapper,https://tvmediablog.substack.com/api/v1/posts/2025-26-college-basketball-viewership,2025-26,basketball,men,UCLA/Oregon,UCLA,Oregon,2026-01-28,11PM,Prime,BTN,83000,panel,83000.0,,Regular Season,Week 13,,,,,,,,,Wednesday,1,January,0,0,25,0,1,25,0,1,0,2,0,0,0,0,0,0,0,0,11.326595886778735
TV Media Blog 2025-26 Datawrapper,https://tvmediablog.substack.com/api/v1/posts/2025-26-college-basketball-viewership,2025-26,basketball,men,Syracuse/NC State,Syracuse,NC State,2026-01-27,7PM,Prime,ESPNU,82000,panel,82000.0,,Regular Season,Week 13,,,,,,,,,Tuesday,1,January,0,0,0,0,0,23,0,1,0,1,0,0,0,0,0,0,0,0,11.314474526246391
TV Media Blog 2025-26 Datawrapper,https://tvmediablog.substack.com/api/v1/posts/2025-26-college-basketball-viewership,2025-26,basketball,men,USF/Temple,South Florida,Temple,2026-01-31,8PM,Prime,ESPN2,76000,panel,76000.0,,Regular Season,Week 13,,,,,,,,,Saturday,1,January,1,0,24,0,1,0,0,0,0,1,0,0,0,0,0,0,0,0,11.238488619268468
TV Media Blog 2025-26 Datawrapper,https://tvmediablog.substack.com/api/v1/posts/2025-26-college-basketball-viewership,2025-26,basketball,men,Colorado State/San Diego State,Colorado State,San Diego State,2026-01-28,10:30PM,Prime,FS1,65000,panel,65000.0,,Regular Season,Week 13,,,,,,,,,Wednesday,1,January,0,0,22,0,1,20,0,1,0,2,0,0,0,0,0,0,0,0,11.082142548877775
TV Media Blog 2025-26 Datawrapper,https://tvmediablog.substack.com/api/v1/posts/2025-26-college-basketball-viewership,2025-26,basketball,men,Boise State/Grand Canyon,Boise State,Grand Canyon,2026-01-30,9PM,Prime,FS1,60000,panel,60000.0,,Regular Season,Week 13,,,,,,,,,Friday,1,January,0,0,0,0,0,0,0,0,0,0,0,0,0,0,0,0,0,0,11.002099841204238
TV Media Blog 2025-26 Datawrapper,https://tvmediablog.substack.com/api/v1/posts/2025-26-college-basketball-viewership,2025-26,basketball,men,Davidson/Richmond,Davidson,Richmond,2026-01-31,4:30PM,Mid,USA,60000,panel,60000.0,,Regular Season,Week 13,,,,,,,,,Saturday,1,January,1,0,0,0,0,0,0,0,0,0,0,0,0,0,0,0,0,0,11.002099841204238
TV Media Blog 2025-26 Datawrapper,https://tvmediablog.substack.com/api/v1/posts/2025-26-college-basketball-viewership,2025-26,basketball,men,Washington/Northwestern,Washington,Northwestern,2026-01-31,8PM,Prime,BTN,48000,panel,48000.0,,Regular Season,Week 13,,,,,,,,,Saturday,1,January,1,0,0,0,0,25,0,1,0,1,0,0,0,0,0,0,0,0,10.778956289890028
TV Media Blog 2025-26 Datawrapper,https://tvmediablog.substack.com/api/v1/posts/2025-26-college-basketball-viewership,2025-26,basketball,men,Loyola Chicago/VCU,Loyola Chicago,VCU,2026-01-30,9PM,Prime,ESPN2,47000,panel,47000.0,,Regular Season,Week 13,,,,,,,,,Friday,1,January,0,0,0,0,0,0,0,0,0,0,0,0,0,0,0,0,0,0,10.757902880692196
TV Media Blog 2025-26 Datawrapper,https://tvmediablog.substack.com/api/v1/posts/2025-26-college-basketball-viewership,2025-26,basketball,men,Louisiana Tech/Sam Houston,Louisiana Tech,Sam Houston,2026-01-31,10PM,Prime,ESPN2,45000,panel,45000.0,,Regular Season,Week 13,,,,,,,,,Saturday,1,January,1,0,0,0,0,0,0,0,0,0,0,0,0,0,0,0,0,0,10.714417768752456
TV Media Blog 2025-26 Datawrapper,https://tvmediablog.substack.com/api/v1/posts/2025-26-college-basketball-viewership,2025-26,basketball,men,UMass/Miami (OH),UMass,Miami (OH),2026-01-27,9PM,Prime,ESPNU,43000,panel,43000.0,,Regular Season,Week 13,,,,,,,,,Tuesday,1,January,0,0,0,0,0,0,0,0,0,0,0,0,0,0,0,0,0,0,10.668955394675699
TV Media Blog 2025-26 Datawrapper,https://tvmediablog.substack.com/api/v1/posts/2025-26-college-basketball-viewership,2025-26,basketball,men,George Mason/St. Bonaventure,George Mason,St. Bonaventure,2026-01-31,6:30PM,Mid,USA,42000,panel,42000.0,,Regular Season,Week 13,,,,,,,,,Saturday,1,January,1,0,0,0,0,0,0,0,0,0,0,0,0,0,0,0,0,0,10.645424897265505
TV Media Blog 2025-26 Datawrapper,https://tvmediablog.substack.com/api/v1/posts/2025-26-college-basketball-viewership,2025-26,basketball,men,Mount St. Mary's/Saint Peter's,Mount St. Mary's,Saint Peter's,2026-01-30,8PM,Prime,ESPNU,35000,panel,35000.0,,Regular Season,Week 13,,,,,,,,,Friday,1,January,0,0,0,0,0,0,0,0,0,0,0,0,0,0,0,0,0,0,10.46310334047155
TV Media Blog 2025-26 Datawrapper,https://tvmediablog.substack.com/api/v1/posts/2025-26-college-basketball-viewership,2025-26,basketball,men,Wichita State/Tulsa,Wichita State,Tulsa,2026-02-01,2PM,Early,ESPNU,35000,panel,35000.0,,Regular Season,Week 13,,,,,,,,,Sunday,2,February,1,0,0,0,0,0,0,0,0,0,0,0,0,0,0,0,0,0,10.46310334047155
TV Media Blog 2025-26 Datawrapper,https://tvmediablog.substack.com/api/v1/posts/2025-26-college-basketball-viewership,2025-26,basketball,men,DePaul/Xavier,DePaul,Xavier,2026-01-31,1PM,Early,FS1,33000,panel,33000.0,,Regular Season,Week 13,,,,,,,,,Saturday,1,January,1,0,0,0,0,22,0,1,0,1,0,0,0,0,0,0,0,0,10.404262840448617
TV Media Blog 2025-26 Datawrapper,https://tvmediablog.substack.com/api/v1/posts/2025-26-college-basketball-viewership,2025-26,basketball,men,Colorado State/Wyoming,Colorado State,Wyoming,2026-01-31,9:30PM,Prime,FS1,30000,panel,30000.0,,Regular Season,Week 13,,,,,,,,,Saturday,1,January,1,0,22,0,1,0,0,0,0,1,0,0,0,0,0,0,0,0,10.308952660644293
TV Media Blog 2025-26 Datawrapper,https://tvmediablog.substack.com/api/v1/posts/2025-26-college-basketball-viewership,2025-26,basketball,men,UAB/North Texas,UAB,North Texas,2026-01-31,8PM,Prime,ESPNU,26000,panel,26000.0,,Regular Season,Week 13,,,,,,,,,Saturday,1,January,1,0,0,0,0,0,0,0,0,0,0,0,0,0,0,0,0,0,10.165851817003619
TV Media Blog 2025-26 Datawrapper,https://tvmediablog.substack.com/api/v1/posts/2025-26-college-basketball-viewership,2025-26,basketball,men,Rice/East Carolina,Rice,East Carolina,2026-01-28,7PM,Prime,ESPNU,18000,panel,18000.0,,Regular Season,Week 13,,,,,,,,,Wednesday,1,January,0,0,0,0,0,0,0,0,0,0,0,0,0,0,0,0,0,0,9.798127036878302
TV Media Blog 2025-26 Datawrapper,https://tvmediablog.substack.com/api/v1/posts/2025-26-college-basketball-viewership,2025-26,basketball,men,Hawaii/UC Irvine,Hawaii,UC Irvine,2026-01-29,11PM,Prime,ESPNU,14000,panel,14000.0,,Regular Season,Week 13,,,,,,,,,Thursday,1,January,0,0,0,0,0,0,0,0,0,0,0,0,0,0,0,0,0,0,9.546812608597396
TV Media Blog 2025-26 Datawrapper,https://tvmediablog.substack.com/api/v1/posts/2025-26-college-basketball-viewership,2025-26,basketball,men,Presbyterian/High Point,Presbyterian,High Point,2026-01-29,9PM,Prime,ESPNU,8000,panel,8000.0,,Regular Season,Week 13,,,,,,,,,Thursday,1,January,0,0,0,0,0,0,0,0,0,0,0,0,0,0,0,0,0,0,8.987196820661973
TV Media Blog 2025-26 Datawrapper,https://tvmediablog.substack.com/api/v1/posts/2025-26-college-basketball-viewership,2025-26,basketball,men,LIU/Central Connecticut,LIU,Central Connecticut,2026-01-31,2PM,Early,ESPNU,7000,panel,7000.0,,Regular Season,Week 13,,,,,,,,,Saturday,1,January,1,0,0,0,0,0,0,0,0,0,0,0,0,0,0,0,0,0,8.85366542803745
TV Media Blog 2025-26 Datawrapper,https://tvmediablog.substack.com/api/v1/posts/2025-26-college-basketball-viewership,2025-26,basketball,men,Norfolk State/Howard,Norfolk State,Howard,2026-01-31,4PM,Mid,ESPNU,7000,panel,7000.0,,Regular Season,Week 13,,,,,,,,,Saturday,1,January,1,0,0,0,0,0,0,0,0,0,0,0,0,0,0,0,0,0,8.85366542803745
TV Media Blog 2025-26 Datawrapper,https://tvmediablog.substack.com/api/v1/posts/2025-26-college-basketball-viewership,2025-26,basketball,men,USF/Tulane,South Florida,Tulane,2026-01-28,9PM,Prime,ESPNU,6000,panel,6000.0,,Regular Season,Week 13,,,,,,,,,Wednesday,1,January,0,0,24,0,1,0,0,0,0,1,0,0,0,0,0,0,0,0,8.699514748210191
TV Media Blog 2025-26 Datawrapper,https://tvmediablog.substack.com/api/v1/posts/2025-26-college-basketball-viewership,2025-26,basketball,men,Alabama/Auburn,Alabama,Auburn,2026-02-07,4PM,Mid,ESPN2,661000,panel,661000.0,,Regular Season,Week 14,,,,,,,,,Saturday,2,February,1,0,23,0,1,21,0,1,0,2,0,0,0,0,0,0,0,0,13.401509118833824
TV Media Blog 2025-26 Datawrapper,https://tvmediablog.substack.com/api/v1/posts/2025-26-college-basketball-viewership,2025-26,basketball,men,Syracuse/Virginia,Syracuse,Virginia,2026-02-07,12PM,Early,ESPN,508000,panel,508000.0,,Regular Season,Week 14,,,,,,,,,Saturday,2,February,1,0,0,0,0,18,0,1,0,1,0,0,0,0,0,0,0,0,13.138236726560619
TV Media Blog 2025-26 Datawrapper,https://tvmediablog.substack.com/api/v1/posts/2025-26-college-basketball-viewership,2025-26,basketball,men,Oklahoma State/Arizona,Oklahoma State,Arizona,2026-02-07,4PM,Mid,ESPN,497000,panel,497000.0,,Regular Season,Week 14,,,,,,,,,Saturday,2,February,1,0,0,0,0,1,1,0,1,0,0,0,0,0,0,0,0,0,13.116345305078767
TV Media Blog 2025-26 Datawrapper,https://tvmediablog.substack.com/api/v1/posts/2025-26-college-basketball-viewership,2025-26,basketball,men,Baylor/Iowa State,Baylor,Iowa State,2026-02-07,2PM,Early,ESPN,463000,panel,463000.0,,Regular Season,Week 14,,,,,,,,,Saturday,2,February,1,0,25,0,1,7,1,0,1,1,0,0,0,0,0,0,0,0,13.045482333068371
TV Media Blog 2025-26 Datawrapper,https://tvmediablog.substack.com/api/v1/posts/2025-26-college-basketball-viewership,2025-26,basketball,men,Arkansas/Mississippi State,Arkansas,Mississippi State,2026-02-07,12PM,Early,ESPN2,338000,panel,338000.0,,Regular Season,Week 14,,,,,,,,,Saturday,2,February,1,0,21,0,1,25,0,1,0,2,0,0,0,0,0,0,0,0,12.730801174465157
TV Media Blog 2025-26 Datawrapper,https://tvmediablog.substack.com/api/v1/posts/2025-26-college-basketball-viewership,2025-26,basketball,men,Ole Miss/Texas,Ole Miss,Texas,2026-02-07,2PM,Early,ESPN2,338000,panel,338000.0,,Regular Season,Week 14,,,,,,,,,Saturday,2,February,1,0,24,0,1,19,0,1,0,2,0,0,0,0,0,0,0,0,12.730801174465157
TV Media Blog 2025-26 Datawrapper,https://tvmediablog.substack.com/api/v1/posts/2025-26-college-basketball-viewership,2025-26,basketball,men,Northwestern/Iowa,Northwestern,Iowa,2026-02-08,3PM,Mid,FS1,240000,panel,240000.0,,Regular Season,Week 14,,,,,,,,,Sunday,2,February,1,0,25,0,1,19,0,1,0,2,0,0,0,0,0,0,0,0,12.388394202324129
TV Media Blog 2025-26 Datawrapper,https://tvmediablog.substack.com/api/v1/posts/2025-26-college-basketball-viewership,2025-26,basketball,men,Nebraska/Rutgers,Nebraska,Rutgers,2026-02-07,12PM,Early,BTN,224000,panel,224000.0,,Regular Season,Week 14,,,,,,,,,Saturday,2,February,1,0,9,1,0,24,0,1,1,1,0,0,0,0,0,0,0,0,12.319401330837177
TV Media Blog 2025-26 Datawrapper,https://tvmediablog.substack.com/api/v1/posts/2025-26-college-basketball-viewership,2025-26,basketball,men,Maryland/Minnesota,Maryland,Minnesota,2026-02-08,2PM,Early,BTN,134000,panel,134000.0,,Regular Season,Week 14,,,,,,,,,Sunday,2,February,1,0,11,0,1,0,0,0,0,1,0,0,0,0,0,0,0,0,11.805595078933049
TV Media Blog 2025-26 Datawrapper,https://tvmediablog.substack.com/api/v1/posts/2025-26-college-basketball-viewership,2025-26,basketball,men,Utah State/New Mexico,Utah State,New Mexico,2026-02-04,11PM,Prime,FS1,133000,panel,133000.0,,Regular Season,Week 14,,,,,,,,,Wednesday,2,February,0,0,23,0,1,25,0,1,0,2,0,0,0,0,0,0,0,0,11.79810440720389
TV Media Blog 2025-26 Datawrapper,https://tvmediablog.substack.com/api/v1/posts/2025-26-college-basketball-viewership,2025-26,basketball,men,Iowa/Washington,Iowa,Washington,2026-02-04,11PM,Prime,BTN,121000,panel,121000.0,,Regular Season,Week 14,,,,,,,,,Wednesday,2,February,0,0,19,0,1,0,0,0,0,1,0,0,0,0,0,0,0,0,11.703545824578878
TV Media Blog 2025-26 Datawrapper,https://tvmediablog.substack.com/api/v1/posts/2025-26-college-basketball-viewership,2025-26,basketball,men,Villanova/Georgetown,Villanova,Georgetown,2026-02-07,12PM,Early,TNT + truTV,121000,panel,121000.0,,Regular Season,Week 14,,,,,,,,,Saturday,2,February,1,0,18,0,1,0,0,0,0,1,0,0,0,0,0,0,0,0,11.703545824578878
TV Media Blog 2025-26 Datawrapper,https://tvmediablog.substack.com/api/v1/posts/2025-26-college-basketball-viewership,2025-26,basketball,men,Kansas State/TCU,Kansas State,TCU,2026-02-07,2PM,Early,TNT + truTV,115000,panel,115000.0,,Regular Season,Week 14,,,,,,,,,Saturday,2,February,1,0,0,0,0,25,0,1,0,1,0,0,0,0,0,0,0,0,11.652687407345388
TV Media Blog 2025-26 Datawrapper,https://tvmediablog.substack.com/api/v1/posts/2025-26-college-basketball-viewership,2025-26,basketball,men,UCF/Houston,UCF,Houston,2026-02-04,7PM,Prime,FS1,104000,panel,104000.0,,Regular Season,Week 14,,,,,,,,,Wednesday,2,February,0,0,25,0,1,8,1,0,1,1,0,0,0,0,0,0,0,0,11.55214617812351
TV Media Blog 2025-26 Datawrapper,https://tvmediablog.substack.com/api/v1/posts/2025-26-college-basketball-viewership,2025-26,basketball,men,Washington/UCLA,Washington,UCLA,2026-02-07,10PM,Prime,FS1,95000,panel,95000.0,,Regular Season,Week 14,,,,,,,,,Saturday,2,February,1,0,0,0,0,25,0,1,0,1,0,0,0,0,0,0,0,0,11.461632170582678
TV Media Blog 2025-26 Datawrapper,https://tvmediablog.substack.com/api/v1/posts/2025-26-college-basketball-viewership,2025-26,basketball,men,UNLV/Fresno State,UNLV,Fresno State,2026-02-03,11PM,Prime,FS1,94000,panel,94000.0,,Regular Season,Week 14,,,,,,,,,Tuesday,2,February,0,0,0,0,0,0,0,0,0,0,0,0,0,0,0,0,0,0,11.451050061252142
TV Media Blog 2025-26 Datawrapper,https://tvmediablog.substack.com/api/v1/posts/2025-26-college-basketball-viewership,2025-26,basketball,men,Butler/Marquette,Butler,Marquette,2026-02-07,2PM,Early,FS1,85000,panel,85000.0,,Regular Season,Week 14,,,,,,,,,Saturday,2,February,1,0,0,0,0,25,0,1,0,1,0,0,0,0,0,0,0,0,11.350406535472453
TV Media Blog 2025-26 Datawrapper,https://tvmediablog.substack.com/api/v1/posts/2025-26-college-basketball-viewership,2025-26,basketball,men,Belmont/UIC,Belmont,UIC,2026-02-06,9PM,Prime,ESPNU,69000,panel,69000.0,,Regular Season,Week 14,,,,,,,,,Friday,2,February,0,0,0,0,0,0,0,0,0,0,0,0,0,0,0,0,0,0,11.141861783579396
TV Media Blog 2025-26 Datawrapper,https://tvmediablog.substack.com/api/v1/posts/2025-26-college-basketball-viewership,2025-26,basketball,men,UNCG/Furman,UNC Greensboro,Furman,2026-02-08,1PM,Early,ESPN2,68000,panel,68000.0,,Regular Season,Week 14,,,,,,,,,Sunday,2,February,1,0,0,0,0,0,0,0,0,0,0,0,0,0,0,0,0,0,11.127262984158243
TV Media Blog 2025-26 Datawrapper,https://tvmediablog.substack.com/api/v1/posts/2025-26-college-basketball-viewership,2025-26,basketball,men,DePaul/Providence,DePaul,Providence,2026-02-07,4PM,Mid,FS1,59000,panel,59000.0,,Regular Season,Week 14,,,,,,,,,Saturday,2,February,1,0,0,0,0,23,0,1,0,1,0,0,0,0,0,0,0,0,10.985292722887856
TV Media Blog 2025-26 Datawrapper,https://tvmediablog.substack.com/api/v1/posts/2025-26-college-basketball-viewership,2025-26,basketball,men,Arizona State/Colorado,Arizona State,Colorado,2026-02-07,9:30PM,Prime,ESPN2,58000,panel,58000.0,,Regular Season,Week 14,,,,,,,,,Saturday,2,February,1,0,0,0,0,18,0,1,0,1,0,0,0,0,0,0,0,0,10.968198289528557
TV Media Blog 2025-26 Datawrapper,https://tvmediablog.substack.com/api/v1/posts/2025-26-college-basketball-viewership,2025-26,basketball,men,Rutgers/UCLA,Rutgers,UCLA,2026-02-03,9:30PM,Prime,BTN,53000,panel,53000.0,,Regular Season,Week 14,,,,,,,,,Tuesday,2,February,0,0,24,0,1,25,0,1,0,2,0,0,0,0,0,0,0,0,10.87804719253426
TV Media Blog 2025-26 Datawrapper,https://tvmediablog.substack.com/api/v1/posts/2025-26-college-basketball-viewership,2025-26,basketball,men,San Francisco/Saint Mary's,San Francisco,Saint Mary's,2026-02-07,11:30PM,Prime,ESPN2,46000,panel,46000.0,,Regular Season,Week 14,,,,,,,,,Saturday,2,February,1,0,0,0,0,20,0,1,0,1,0,0,0,0,0,0,0,0,10.736396675471232
TV Media Blog 2025-26 Datawrapper,https://tvmediablog.substack.com/api/v1/posts/2025-26-college-basketball-viewership,2025-26,basketball,men,USC/Penn State,USC,Penn State,2026-02-08,12PM,Early,BTN,45000,panel,45000.0,,Regular Season,Week 14,,,,,,,,,Sunday,2,February,1,0,24,0,1,0,0,0,0,1,0,0,0,0,0,0,0,0,10.714417768752456
TV Media Blog 2025-26 Datawrapper,https://tvmediablog.substack.com/api/v1/posts/2025-26-college-basketball-viewership,2025-26,basketball,men,San Diego State/Air Force,San Diego State,Air Force,2026-02-07,8PM,Prime,FS1,32000,panel,32000.0,,Regular Season,Week 14,,,,,,,,,Saturday,2,February,1,0,20,0,1,0,0,0,0,1,0,0,0,0,0,0,0,0,10.373491181781864
TV Media Blog 2025-26 Datawrapper,https://tvmediablog.substack.com/api/v1/posts/2025-26-college-basketball-viewership,2025-26,basketball,men,Iowa/Siena,Iowa,Siena,2026-02-05,7PM,Prime,ESPNU,24000,panel,24000.0,,Regular Season,Week 14,,,,,,,,,Thursday,2,February,0,0,19,0,1,0,0,0,0,1,0,0,0,0,0,0,0,0,10.085809109330082
TV Media Blog 2025-26 Datawrapper,https://tvmediablog.substack.com/api/v1/posts/2025-26-college-basketball-viewership,2025-26,basketball,men,Tulsa/USF,Tulsa,South Florida,2026-02-08,12PM,Early,ESPNU,12000,panel,12000.0,,Regular Season,Week 14,,,,,,,,,Sunday,2,February,1,0,0,0,0,24,0,1,0,1,0,0,0,0,0,0,0,0,9.392661928770137
TV Media Blog 2025-26 Datawrapper,https://tvmediablog.substack.com/api/v1/posts/2025-26-college-basketball-viewership,2025-26,basketball,men,Morehead State/UT Martin,Morehead State,UT Martin,2026-02-07,4PM,Mid,ESPNU,11000,panel,11000.0,,Regular Season,Week 14,,,,,,,,,Saturday,2,February,1,0,0,0,0,0,0,0,0,0,0,0,0,0,0,0,0,0,9.305650551780507
TV Media Blog 2025-26 Datawrapper,https://tvmediablog.substack.com/api/v1/posts/2025-26-college-basketball-viewership,2025-26,basketball,men,Princeton/Penn,Princeton,Penn,2026-02-07,2PM,Early,ESPNU,9000,panel,9000.0,,Regular Season,Week 14,,,,,,,,,Saturday,2,February,1,0,0,0,0,0,0,0,0,0,0,0,0,0,0,0,0,0,9.104979856318357
TV Media Blog 2025-26 Datawrapper,https://tvmediablog.substack.com/api/v1/posts/2025-26-college-basketball-viewership,2025-26,basketball,men,Georgia Tech/Stanford,Georgia Tech,Stanford,2026-02-07,8PM,Prime,ESPNU,6000,panel,6000.0,,Regular Season,Week 14,,,,,,,,,Saturday,2,February,1,0,0,0,0,0,0,0,0,0,0,0,0,0,0,0,0,0,8.699514748210191
TV Media Blog 2025-26 Datawrapper,https://tvmediablog.substack.com/api/v1/posts/2025-26-college-basketball-viewership,2025-26,basketball,men,UC Irvine/UC Santa Barbara,UC Irvine,UC Santa Barbara,2026-02-07,10PM,Prime,ESPNU,5000,panel,5000.0,,Regular Season,Week 14,,,,,,,,,Saturday,2,February,1,0,0,0,0,0,0,0,0,0,0,0,0,0,0,0,0,0,8.517193191416238
TV Media Blog 2025-26 Datawrapper,https://tvmediablog.substack.com/api/v1/posts/2025-26-college-basketball-viewership,2025-26,basketball,men,Temple/East Carolina,Temple,East Carolina,2026-02-07,12PM,Early,ESPNU,3000,panel,3000.0,,Regular Season,Week 14,,,,,,,,,Saturday,2,February,1,0,0,0,0,0,0,0,0,0,0,0,0,0,0,0,0,0,8.006367567650246
TV Media Blog 2025-26 Datawrapper,https://tvmediablog.substack.com/api/v1/posts/2025-26-college-basketball-viewership,2025-26,basketball,men,Wright State/Robert Morris,Wright State,Robert Morris,2026-02-04,7PM,Prime,ESPNU,2000,panel,2000.0,,Regular Season,Week 14,,,,,,,,,Wednesday,2,February,0,0,0,0,0,0,0,0,0,0,0,0,0,0,0,0,0,0,7.600902459542082
TV Media Blog 2025-26 Datawrapper,https://tvmediablog.substack.com/api/v1/posts/2025-26-college-basketball-viewership,2025-26,basketball,men,Clemson/Duke,Clemson,Duke,2026-02-14,12PM,Early,ESPN,999000,panel,999000.0,,Regular Season,Week 15,,,,,,,,,Saturday,2,February,1,0,20,0,1,4,1,0,1,1,0,0,0,0,0,0,0,0,13.81451005763069
TV Media Blog 2025-26 Datawrapper,https://tvmediablog.substack.com/api/v1/posts/2025-26-college-basketball-viewership,2025-26,basketball,men,Pitt/North Carolina,Pitt,North Carolina,2026-02-14,2PM,Early,ESPN,689000,panel,689000.0,,Regular Season,Week 15,,,,,,,,,Saturday,2,February,1,0,18,0,1,11,0,1,0,2,0,0,0,0,0,0,0,0,13.442996549995796
TV Media Blog 2025-26 Datawrapper,https://tvmediablog.substack.com/api/v1/posts/2025-26-college-basketball-viewership,2025-26,basketball,men,Gonzaga/Santa Clara,Gonzaga,Santa Clara,2026-02-14,10:30PM,Prime,ESPN,628000,panel,628000.0,,Regular Season,Week 15,,,,,,,,,Saturday,2,February,1,0,12,0,1,0,0,0,0,1,0,0,0,0,0,0,0,0,13.350295445450335
TV Media Blog 2025-26 Datawrapper,https://tvmediablog.substack.com/api/v1/posts/2025-26-college-basketball-viewership,2025-26,basketball,men,Louisville/Baylor,Louisville,Baylor,2026-02-14,4PM,Mid,ESPN,484000,panel,484000.0,,Regular Season,Week 15,,,,,,,,,Saturday,2,February,1,0,24,0,1,25,0,1,0,2,0,0,0,0,0,0,0,0,13.089840185698769
TV Media Blog 2025-26 Datawrapper,https://tvmediablog.substack.com/api/v1/posts/2025-26-college-basketball-viewership,2025-26,basketball,men,Utah/Cincinnati,Utah,Cincinnati,2026-02-15,12PM,Early,ESPN,363000,panel,363000.0,,Regular Season,Week 15,,,,,,,,,Sunday,2,February,1,0,0,0,0,16,0,1,0,1,0,0,0,0,0,0,0,0,12.802158113246987
TV Media Blog 2025-26 Datawrapper,https://tvmediablog.substack.com/api/v1/posts/2025-26-college-basketball-viewership,2025-26,basketball,men,Colorado/BYU,Colorado,BYU,2026-02-14,4PM,Mid,FS1,311000,panel,311000.0,,Regular Season,Week 15,,,,,,,,,Saturday,2,February,1,0,18,0,1,22,0,1,0,2,0,0,0,0,0,0,0,0,12.647548191161372
TV Media Blog 2025-26 Datawrapper,https://tvmediablog.substack.com/api/v1/posts/2025-26-college-basketball-viewership,2025-26,basketball,men,Miami (FL)/NC State,Miami (FL),NC State,2026-02-14,4PM,Mid,ESPN2,287000,panel,287000.0,,Regular Season,Week 15,,,,,,,,,Saturday,2,February,1,0,0,0,0,23,0,1,0,1,0,0,0,0,0,0,0,0,12.567237494741757
TV Media Blog 2025-26 Datawrapper,https://tvmediablog.substack.com/api/v1/posts/2025-26-college-basketball-viewership,2025-26,basketball,men,Northwestern/Nebraska,Northwestern,Nebraska,2026-02-14,1PM,Early,BTN,194000,panel,194000.0,,Regular Season,Week 15,,,,,,,,,Saturday,2,February,1,0,25,0,1,7,1,0,1,1,0,0,0,0,0,0,0,0,12.175613438045465
TV Media Blog 2025-26 Datawrapper,https://tvmediablog.substack.com/api/v1/posts/2025-26-college-basketball-viewership,2025-26,basketball,men,Seton Hall/Butler,Seton Hall,Butler,2026-02-15,6PM,Mid,FS1,177000,panel,177000.0,,Regular Season,Week 15,,,,,,,,,Sunday,2,February,1,0,25,0,1,0,0,0,0,1,0,0,0,0,0,0,0,0,12.083905011555967
TV Media Blog 2025-26 Datawrapper,https://tvmediablog.substack.com/api/v1/posts/2025-26-college-basketball-viewership,2025-26,basketball,men,Washington State/Gonzaga,Washington State,Gonzaga,2026-02-10,11PM,Prime,ESPN2,172000,panel,172000.0,,Regular Season,Week 15,,,,,,,,,Tuesday,2,February,0,0,25,0,1,12,0,1,0,2,0,0,0,0,0,0,0,0,12.05524975579559
TV Media Blog 2025-26 Datawrapper,https://tvmediablog.substack.com/api/v1/posts/2025-26-college-basketball-viewership,2025-26,basketball,men,St. John's/Providence,St. John's,Providence,2026-02-14,1PM,Early,TNT + truTV,172000,panel,172000.0,,Regular Season,Week 15,,,,,,,,,Saturday,2,February,1,0,17,0,1,23,0,1,0,2,0,0,0,0,0,0,0,0,12.05524975579559
TV Media Blog 2025-26 Datawrapper,https://tvmediablog.substack.com/api/v1/posts/2025-26-college-basketball-viewership,2025-26,basketball,men,Maryland/Rutgers,Maryland,Rutgers,2026-02-15,12PM,Early,FS1,160000,panel,160000.0,,Regular Season,Week 15,,,,,,,,,Sunday,2,February,1,0,11,0,1,24,0,1,0,2,0,0,0,0,0,0,0,0,11.982929094215963
TV Media Blog 2025-26 Datawrapper,https://tvmediablog.substack.com/api/v1/posts/2025-26-college-basketball-viewership,2025-26,basketball,men,Marquette/Villanova,Marquette,Villanova,2026-02-10,7:30PM,Prime,TNT + truTV,143000,panel,143000.0,,Regular Season,Week 15,,,,,,,,,Tuesday,2,February,0,0,25,0,1,18,0,1,0,2,0,0,0,0,0,0,0,0,11.870599909242044
TV Media Blog 2025-26 Datawrapper,https://tvmediablog.substack.com/api/v1/posts/2025-26-college-basketball-viewership,2025-26,basketball,men,UNLV/Boise State,UNLV,Boise State,2026-02-13,10PM,Prime,FS1,141000,panel,141000.0,,Regular Season,Week 15,,,,,,,,,Friday,2,February,0,0,0,0,0,0,0,0,0,0,0,0,0,0,0,0,0,0,11.856515169360305
TV Media Blog 2025-26 Datawrapper,https://tvmediablog.substack.com/api/v1/posts/2025-26-college-basketball-viewership,2025-26,basketball,men,Davidson/Dayton,Davidson,Dayton,2026-02-15,4PM,Mid,ESPN2,126000,panel,126000.0,,Regular Season,Week 15,,,,,,,,,Sunday,2,February,1,0,0,0,0,22,0,1,0,1,0,0,0,0,0,0,0,0,11.744037185933616
TV Media Blog 2025-26 Datawrapper,https://tvmediablog.substack.com/api/v1/posts/2025-26-college-basketball-viewership,2025-26,basketball,men,Saint Louis/Loyola Chicago,Saint Louis,Loyola Chicago,2026-02-13,8:30PM,Prime,ESPN2,122000,panel,122000.0,,Regular Season,Week 15,,,,,,,,,Friday,2,February,0,0,18,0,1,0,0,0,0,1,0,0,0,0,0,0,0,0,11.711776323715394
TV Media Blog 2025-26 Datawrapper,https://tvmediablog.substack.com/api/v1/posts/2025-26-college-basketball-viewership,2025-26,basketball,men,TCU/Oklahoma State,TCU,Oklahoma State,2026-02-14,12PM,Early,ESPN2,117000,panel,117000.0,,Regular Season,Week 15,,,,,,,,,Saturday,2,February,1,0,25,0,1,0,0,0,0,1,0,0,0,0,0,0,0,0,11.669929213779893
TV Media Blog 2025-26 Datawrapper,https://tvmediablog.substack.com/api/v1/posts/2025-26-college-basketball-viewership,2025-26,basketball,men,Belmont/Murray State,Belmont,Murray State,2026-02-15,6PM,Mid,ESPN2,116000,panel,116000.0,,Regular Season,Week 15,,,,,,,,,Sunday,2,February,1,0,0,0,0,0,0,0,0,0,0,0,0,0,0,0,0,0,11.661345470088502
TV Media Blog 2025-26 Datawrapper,https://tvmediablog.substack.com/api/v1/posts/2025-26-college-basketball-viewership,2025-26,basketball,men,Mississippi State/Ole Miss,Mississippi State,Ole Miss,2026-02-14,6:30PM,Mid,ESPN2,106000,panel,106000.0,,Regular Season,Week 15,,,,,,,,,Saturday,2,February,1,0,25,0,1,24,0,1,0,2,0,0,0,0,0,0,0,0,11.571194373094205
TV Media Blog 2025-26 Datawrapper,https://tvmediablog.substack.com/api/v1/posts/2025-26-college-basketball-viewership,2025-26,basketball,men,New Mexico/Grand Canyon,New Mexico,Grand Canyon,2026-02-11,10PM,Prime,FS1,100000,panel,100000.0,,Regular Season,Week 15,,,,,,,,,Wednesday,2,February,0,0,25,0,1,0,0,0,0,1,0,0,0,0,0,0,0,0,11.512925464970229
TV Media Blog 2025-26 Datawrapper,https://tvmediablog.substack.com/api/v1/posts/2025-26-college-basketball-viewership,2025-26,basketball,men,Marquette/Xavier,Marquette,Xavier,2026-02-14,3PM,Mid,TNT + truTV,99000,panel,99000.0,,Regular Season,Week 15,,,,,,,,,Saturday,2,February,1,0,25,0,1,22,0,1,0,2,0,0,0,0,0,0,0,0,11.502875129116727
TV Media Blog 2025-26 Datawrapper,https://tvmediablog.substack.com/api/v1/posts/2025-26-college-basketball-viewership,2025-26,basketball,men,USF/Florida Atlantic,South Florida,Florida Atlantic,2026-02-15,2PM,Early,ESPN2,94000,panel,94000.0,,Regular Season,Week 15,,,,,,,,,Sunday,2,February,1,0,24,0,1,24,0,1,0,2,0,0,0,0,0,0,0,0,11.451050061252142
TV Media Blog 2025-26 Datawrapper,https://tvmediablog.substack.com/api/v1/posts/2025-26-college-basketball-viewership,2025-26,basketball,men,Oregon State/San Francisco,Oregon State,San Francisco,2026-02-12,9PM,Prime,ESPN2,93000,panel,93000.0,,Regular Season,Week 15,,,,,,,,,Thursday,2,February,0,0,0,0,0,0,0,0,0,0,0,0,0,0,0,0,0,0,11.440354772135393
TV Media Blog 2025-26 Datawrapper,https://tvmediablog.substack.com/api/v1/posts/2025-26-college-basketball-viewership,2025-26,basketball,men,San Jose State/UNLV,San Jose State,UNLV,2026-02-10,11PM,Prime,FS1,82000,panel,82000.0,,Regular Season,Week 15,,,,,,,,,Tuesday,2,February,0,0,0,0,0,0,0,0,0,0,0,0,0,0,0,0,0,0,11.314474526246391
TV Media Blog 2025-26 Datawrapper,https://tvmediablog.substack.com/api/v1/posts/2025-26-college-basketball-viewership,2025-26,basketball,men,Hampton/North Carolina A&T,Hampton,North Carolina A&T,2026-02-13,11PM,Prime,NBATV + ESPN2,79000,panel,79000.0,,Regular Season,Week 15,,,,,,,,,Friday,2,February,0,0,0,0,0,0,0,0,0,0,0,0,0,0,0,0,0,0,11.27720313144916
TV Media Blog 2025-26 Datawrapper,https://tvmediablog.substack.com/api/v1/posts/2025-26-college-basketball-viewership,2025-26,basketball,men,Virgnia/Florida State,Virginia,Florida State,2026-02-10,7PM,Prime,ESPNU,77000,panel,77000.0,,Regular Season,Week 15,,,,,,,,,Tuesday,2,February,0,0,15,0,1,0,0,0,0,1,0,0,0,0,0,0,0,0,11.251560700835821
TV Media Blog 2025-26 Datawrapper,https://tvmediablog.substack.com/api/v1/posts/2025-26-college-basketball-viewership,2025-26,basketball,men,Saint Mary's/Pacific,Saint Mary's,Pacific,2026-02-14,10:30PM,Prime,ESPN2,77000,panel,77000.0,,Regular Season,Week 15,,,,,,,,,Saturday,2,February,1,0,20,0,1,0,0,0,0,1,0,0,0,0,0,0,0,0,11.251560700835821
TV Media Blog 2025-26 Datawrapper,https://tvmediablog.substack.com/api/v1/posts/2025-26-college-basketball-viewership,2025-26,basketball,men,Penn State/Oregon,Penn State,Oregon,2026-02-14,3PM,Mid,BTN,76000,panel,76000.0,,Regular Season,Week 15,,,,,,,,,Saturday,2,February,1,0,0,0,0,25,0,1,0,1,0,0,0,0,0,0,0,0,11.238488619268468
TV Media Blog 2025-26 Datawrapper,https://tvmediablog.substack.com/api/v1/posts/2025-26-college-basketball-viewership,2025-26,basketball,men,Liberty/UTEP,Liberty,UTEP,2026-02-14,2PM,Early,ESPN2,72000,panel,72000.0,,Regular Season,Week 15,,,,,,,,,Saturday,2,February,1,0,0,0,0,0,0,0,0,0,0,0,0,0,0,0,0,0,11.184421397998193
TV Media Blog 2025-26 Datawrapper,https://tvmediablog.substack.com/api/v1/posts/2025-26-college-basketball-viewership,2025-26,basketball,men,Penn State/Washington,Penn State,Washington,2026-02-11,10:30PM,Prime,BTN,65000,panel,65000.0,,Regular Season,Week 15,,,,,,,,,Wednesday,2,February,0,0,0,0,0,0,0,0,0,0,0,0,0,0,0,0,0,0,11.082142548877775
TV Media Blog 2025-26 Datawrapper,https://tvmediablog.substack.com/api/v1/posts/2025-26-college-basketball-viewership,2025-26,basketball,men,Cal/Syracuse,California,Syracuse,2026-02-11,7PM,Prime,ESPNU,46000,panel,46000.0,,Regular Season,Week 15,,,,,,,,,Wednesday,2,February,0,0,0,0,0,0,0,0,0,0,0,0,0,0,0,0,0,0,10.736396675471232
TV Media Blog 2025-26 Datawrapper,https://tvmediablog.substack.com/api/v1/posts/2025-26-college-basketball-viewership,2025-26,basketball,men,Indiana/USC,Indiana,USC,2026-02-12,10PM,Prime,BTN,36000,panel,36000.0,,Regular Season,Week 15,,,,,,,,,Thursday,2,February,0,0,22,0,1,24,0,1,0,2,0,0,0,0,0,0,0,0,10.491274217438248
TV Media Blog 2025-26 Datawrapper,https://tvmediablog.substack.com/api/v1/posts/2025-26-college-basketball-viewership,2025-26,basketball,men,Tulane/UAB,Tulane,UAB,2026-02-15,2PM,Early,ESPNU,21000,panel,21000.0,,Regular Season,Week 15,,,,,,,,,Sunday,2,February,1,0,0,0,0,0,0,0,0,0,0,0,0,0,0,0,0,0,9.95227771670556
TV Media Blog 2025-26 Datawrapper,https://tvmediablog.substack.com/api/v1/posts/2025-26-college-basketball-viewership,2025-26,basketball,men,UNC Asheville/Longwood,UNC Asheville,Longwood,2026-02-12,7PM,Prime,ESPNU,19000,panel,19000.0,,Regular Season,Week 15,,,,,,,,,Thursday,2,February,0,0,0,0,0,0,0,0,0,0,0,0,0,0,0,0,0,0,9.852194258148577
TV Media Blog 2025-26 Datawrapper,https://tvmediablog.substack.com/api/v1/posts/2025-26-college-basketball-viewership,2025-26,basketball,men,Stanford/Boston College,Stanford,Boston College,2026-02-11,9PM,Prime,ESPNU,18000,panel,18000.0,,Regular Season,Week 15,,,,,,,,,Wednesday,2,February,0,0,0,0,0,0,0,0,0,0,0,0,0,0,0,0,0,0,9.798127036878302
TV Media Blog 2025-26 Datawrapper,https://tvmediablog.substack.com/api/v1/posts/2025-26-college-basketball-viewership,2025-26,basketball,men,Eastern Kentucky/North Alabama,Eastern Kentucky,North Alabama,2026-02-15,4PM,Mid,ESPNU,17000,panel,17000.0,,Regular Season,Week 15,,,,,,,,,Sunday,2,February,1,0,0,0,0,0,0,0,0,0,0,0,0,0,0,0,0,0,9.740968623038354
TV Media Blog 2025-26 Datawrapper,https://tvmediablog.substack.com/api/v1/posts/2025-26-college-basketball-viewership,2025-26,basketball,men,Yale/Harvard,Yale,Harvard,2026-02-14,6:30PM,Mid,ESPNU,15000,panel,15000.0,,Regular Season,Week 15,,,,,,,,,Saturday,2,February,1,0,0,0,0,0,0,0,0,0,0,0,0,0,0,0,0,0,9.615805480084347
TV Media Blog 2025-26 Datawrapper,https://tvmediablog.substack.com/api/v1/posts/2025-26-college-basketball-viewership,2025-26,basketball,men,Alabama State/Southern,Alabama State,Southern,2026-02-09,9PM,Prime,ESPNU,10000,panel,10000.0,,Regular Season,Week 15,,,,,,,,,Monday,2,February,0,0,0,0,0,0,0,0,0,0,0,0,0,0,0,0,0,0,9.210340371976184
TV Media Blog 2025-26 Datawrapper,https://tvmediablog.substack.com/api/v1/posts/2025-26-college-basketball-viewership,2025-26,basketball,men,Samford/ETSU,Samford,ETSU,2026-02-14,12PM,Early,ESPNU,8000,panel,8000.0,,Regular Season,Week 15,,,,,,,,,Saturday,2,February,1,0,0,0,0,0,0,0,0,0,0,0,0,0,0,0,0,0,8.987196820661973
TV Media Blog 2025-26 Datawrapper,https://tvmediablog.substack.com/api/v1/posts/2025-26-college-basketball-viewership,2025-26,basketball,men,UTSA/Charlotte,UTSA,Charlotte,2026-02-15,12PM,Early,ESPNU,5000,panel,5000.0,,Regular Season,Week 15,,,,,,,,,Sunday,2,February,1,0,0,0,0,0,0,0,0,0,0,0,0,0,0,0,0,0,8.517193191416238
TV Media Blog 2025-26 Datawrapper,https://tvmediablog.substack.com/api/v1/posts/2025-26-college-basketball-viewership,2025-26,basketball,men,Marshall/Georgia Southern,Marshall,Georgia Southern,2026-02-14,8:30PM,Prime,ESPNU,2000,panel,2000.0,,Regular Season,Week 15,,,,,,,,,Saturday,2,February,1,0,0,0,0,0,0,0,0,0,0,0,0,0,0,0,0,0,7.600902459542082
TV Media Blog 2025-26 Datawrapper,https://tvmediablog.substack.com/api/v1/posts/2025-26-college-basketball-viewership,2025-26,basketball,men,UTA/Albilene Christian,UTA,Albilene Christian,2026-02-12,9PM,Prime,ESPNU,1000,panel,1000.0,,Regular Season,Week 15,,,,,,,,,Thursday,2,February,0,0,0,0,0,0,0,0,0,0,0,0,0,0,0,0,0,0,6.907755278982137
TV Media Blog 2025-26 Datawrapper,https://tvmediablog.substack.com/api/v1/posts/2025-26-college-basketball-viewership,2025-26,basketball,men,Tennessee/Vanderbilt,Tennessee,Vanderbilt,2026-02-21,2PM,Early,ESPN,680000,panel,680000.0,,Regular Season,Week 16,,,,,,,,,Saturday,2,February,1,0,25,0,1,19,0,1,0,2,0,0,0,0,0,0,0,0,13.42984807715229
TV Media Blog 2025-26 Datawrapper,https://tvmediablog.substack.com/api/v1/posts/2025-26-college-basketball-viewership,2025-26,basketball,men,Florida/Ole Miss,Florida,Ole Miss,2026-02-21,12PM,Early,ESPN,672000,panel,672000.0,,Regular Season,Week 16,,,,,,,,,Saturday,2,February,1,0,12,0,1,24,0,1,0,2,0,0,0,0,0,0,0,0,13.418013619505286
TV Media Blog 2025-26 Datawrapper,https://tvmediablog.substack.com/api/v1/posts/2025-26-college-basketball-viewership,2025-26,basketball,men,Iowa/Wisconsin,Iowa,Wisconsin,2026-02-22,4PM,Mid,FS1,521000,panel,521000.0,,Regular Season,Week 16,,,,,,,,,Sunday,2,February,1,0,19,0,1,24,0,1,0,2,0,0,0,0,0,0,0,0,13.163505320735505
TV Media Blog 2025-26 Datawrapper,https://tvmediablog.substack.com/api/v1/posts/2025-26-college-basketball-viewership,2025-26,basketball,men,UConn/Villanova,UConn,Villanova,2026-02-21,5:30PM,Mid,TNT + truTV,316000,panel,316000.0,,Regular Season,Week 16,,,,,,,,,Saturday,2,February,1,0,5,1,0,18,0,1,1,1,0,0,0,0,0,0,0,0,12.66349749256905
TV Media Blog 2025-26 Datawrapper,https://tvmediablog.substack.com/api/v1/posts/2025-26-college-basketball-viewership,2025-26,basketball,men,Penn State/Nebraska,Penn State,Nebraska,2026-02-21,2PM,Early,BTN,269000,panel,269000.0,,Regular Season,Week 16,,,,,,,,,Saturday,2,February,1,0,0,0,0,9,1,0,1,0,0,0,0,0,0,0,0,0,12.502466658583977
TV Media Blog 2025-26 Datawrapper,https://tvmediablog.substack.com/api/v1/posts/2025-26-college-basketball-viewership,2025-26,basketball,men,Providence/UConn,Providence,UConn,2026-02-22,12PM,Early,FS1,205000,panel,205000.0,,Regular Season,Week 16,,,,,,,,,Sunday,2,February,1,0,23,0,1,5,1,0,1,1,0,0,0,0,0,0,0,0,12.230765258120545
TV Media Blog 2025-26 Datawrapper,https://tvmediablog.substack.com/api/v1/posts/2025-26-college-basketball-viewership,2025-26,basketball,men,Illinois/USC,Illinois,USC,2026-02-18,10PM,Prime,BTN,201000,panel,201000.0,,Regular Season,Week 16,,,,,,,,,Wednesday,2,February,0,0,10,1,0,24,0,1,1,1,0,0,0,0,0,0,0,0,12.211060187041213
TV Media Blog 2025-26 Datawrapper,https://tvmediablog.substack.com/api/v1/posts/2025-26-college-basketball-viewership,2025-26,basketball,men,Gonzaga/San Francisco,Gonzaga,San Francisco,2026-02-18,11PM,Prime,ESPN2,193000,panel,193000.0,,Regular Season,Week 16,,,,,,,,,Wednesday,2,February,0,0,11,0,1,0,0,0,0,1,0,0,0,0,0,0,0,0,12.170445467887022
TV Media Blog 2025-26 Datawrapper,https://tvmediablog.substack.com/api/v1/posts/2025-26-college-basketball-viewership,2025-26,basketball,men,Miami (FL)/Virginia,Miami (FL),Virginia,2026-02-21,2PM,Early,ESPN2,186000,panel,186000.0,,Regular Season,Week 16,,,,,,,,,Saturday,2,February,1,0,0,0,0,14,0,1,0,1,0,0,0,0,0,0,0,0,12.133501952695338
TV Media Blog 2025-26 Datawrapper,https://tvmediablog.substack.com/api/v1/posts/2025-26-college-basketball-viewership,2025-26,basketball,men,Texas Tech/Arizona State,Texas Tech,Arizona State,2026-02-17,11PM,Prime,ESPN2,164000,panel,164000.0,,Regular Season,Week 16,,,,,,,,,Tuesday,2,February,0,0,13,0,1,0,0,0,0,1,0,0,0,0,0,0,0,0,12.007621706806335
TV Media Blog 2025-26 Datawrapper,https://tvmediablog.substack.com/api/v1/posts/2025-26-college-basketball-viewership,2025-26,basketball,men,Oregon/USC,Oregon,USC,2026-02-21,4PM,Mid,FS1,159000,panel,159000.0,,Regular Season,Week 16,,,,,,,,,Saturday,2,February,1,0,25,0,1,24,0,1,0,2,0,0,0,0,0,0,0,0,11.976659481202368
TV Media Blog 2025-26 Datawrapper,https://tvmediablog.substack.com/api/v1/posts/2025-26-college-basketball-viewership,2025-26,basketball,men,Arizona State/Baylor,Arizona State,Baylor,2026-02-21,4PM,Mid,ESPN2,130000,panel,130000.0,,Regular Season,Week 16,,,,,,,,,Saturday,2,February,1,0,0,0,0,25,0,1,0,1,0,0,0,0,0,0,0,0,11.77528972943772
TV Media Blog 2025-26 Datawrapper,https://tvmediablog.substack.com/api/v1/posts/2025-26-college-basketball-viewership,2025-26,basketball,men,UAB/Memphis,UAB,Memphis,2026-02-22,12PM,Early,ESPN2,122000,panel,122000.0,,Regular Season,Week 16,,,,,,,,,Sunday,2,February,1,0,0,0,0,16,0,1,0,1,0,0,0,0,0,0,0,0,11.711776323715394
TV Media Blog 2025-26 Datawrapper,https://tvmediablog.substack.com/api/v1/posts/2025-26-college-basketball-viewership,2025-26,basketball,men,Georgetown/Seton Hall,Georgetown,Seton Hall,2026-02-21,6PM,Mid,FS1,93000,panel,93000.0,,Regular Season,Week 16,,,,,,,,,Saturday,2,February,1,0,0,0,0,25,0,1,0,1,0,0,0,0,0,0,0,0,11.440354772135393
TV Media Blog 2025-26 Datawrapper,https://tvmediablog.substack.com/api/v1/posts/2025-26-college-basketball-viewership,2025-26,basketball,men,Oklahoma State/Colorado,Oklahoma State,Colorado,2026-02-21,3:30PM,Mid,TNT + truTV,88000,panel,88000.0,,Regular Season,Week 16,,,,,,,,,Saturday,2,February,1,0,0,0,0,18,0,1,0,1,0,0,0,0,0,0,0,0,11.385092093460344
TV Media Blog 2025-26 Datawrapper,https://tvmediablog.substack.com/api/v1/posts/2025-26-college-basketball-viewership,2025-26,basketball,men,Minnesota/Oregon,Minnesota,Oregon,2026-02-17,10:30PM,Prime,FS1,87000,panel,87000.0,,Regular Season,Week 16,,,,,,,,,Tuesday,2,February,0,0,0,0,0,25,0,1,0,1,0,0,0,0,0,0,0,0,11.37366339763672
TV Media Blog 2025-26 Datawrapper,https://tvmediablog.substack.com/api/v1/posts/2025-26-college-basketball-viewership,2025-26,basketball,men,Providence/DePaul,Providence,DePaul,2026-02-21,8PM,Prime,FS1,82000,panel,82000.0,,Regular Season,Week 16,,,,,,,,,Saturday,2,February,1,0,23,0,1,0,0,0,0,1,0,0,0,0,0,0,0,0,11.314474526246391
TV Media Blog 2025-26 Datawrapper,https://tvmediablog.substack.com/api/v1/posts/2025-26-college-basketball-viewership,2025-26,basketball,men,Boise State/Utah State,Boise State,Utah State,2026-02-18,10:30PM,Prime,FS1,81000,panel,81000.0,,Regular Season,Week 16,,,,,,,,,Wednesday,2,February,0,0,0,0,0,23,0,1,0,1,0,0,0,0,0,0,0,0,11.302204433654575
TV Media Blog 2025-26 Datawrapper,https://tvmediablog.substack.com/api/v1/posts/2025-26-college-basketball-viewership,2025-26,basketball,men,Maryland/Northwestern,Maryland,Northwestern,2026-02-18,8PM,Prime,BTN,79000,panel,79000.0,,Regular Season,Week 16,,,,,,,,,Wednesday,2,February,0,0,11,0,1,25,0,1,0,2,0,0,0,0,0,0,0,0,11.27720313144916
TV Media Blog 2025-26 Datawrapper,https://tvmediablog.substack.com/api/v1/posts/2025-26-college-basketball-viewership,2025-26,basketball,men,Saint Mary's/Washington State,Saint Mary's,Washington State,2026-02-21,10PM,Prime,ESPN2,78000,panel,78000.0,,Regular Season,Week 16,,,,,,,,,Saturday,2,February,1,0,20,0,1,25,0,1,0,2,0,0,0,0,0,0,0,0,11.26446410567173
TV Media Blog 2025-26 Datawrapper,https://tvmediablog.substack.com/api/v1/posts/2025-26-college-basketball-viewership,2025-26,basketball,men,Rutgers/Minnesota,Rutgers,Minnesota,2026-02-21,12PM,Early,BTN,74000,panel,74000.0,,Regular Season,Week 16,,,,,,,,,Saturday,2,February,1,0,24,0,1,0,0,0,0,1,0,0,0,0,0,0,0,0,11.211820372186306
TV Media Blog 2025-26 Datawrapper,https://tvmediablog.substack.com/api/v1/posts/2025-26-college-basketball-viewership,2025-26,basketball,men,East Carolina/Charlotte,East Carolina,Charlotte,2026-02-21,12PM,Early,ESPN2,67000,panel,67000.0,,Regular Season,Week 16,,,,,,,,,Saturday,2,February,1,0,0,0,0,0,0,0,0,0,0,0,0,0,0,0,0,0,11.112447898373103
TV Media Blog 2025-26 Datawrapper,https://tvmediablog.substack.com/api/v1/posts/2025-26-college-basketball-viewership,2025-26,basketball,men,Xavier/Butler,Xavier,Butler,2026-02-21,1:30PM,Early,TNT + truTV,61000,panel,61000.0,,Regular Season,Week 16,,,,,,,,,Saturday,2,February,1,0,22,0,1,0,0,0,0,1,0,0,0,0,0,0,0,0,11.018629143155449
TV Media Blog 2025-26 Datawrapper,https://tvmediablog.substack.com/api/v1/posts/2025-26-college-basketball-viewership,2025-26,basketball,men,Rutgers/Penn State,Rutgers,Penn State,2026-02-18,6PM,Mid,BTN,46000,panel,46000.0,,Regular Season,Week 16,,,,,,,,,Wednesday,2,February,0,0,24,0,1,0,0,0,0,1,0,0,0,0,0,0,0,0,10.736396675471232
TV Media Blog 2025-26 Datawrapper,https://tvmediablog.substack.com/api/v1/posts/2025-26-college-basketball-viewership,2025-26,basketball,men,FAU/North Texas,Florida Atlantic,North Texas,2026-02-22,4PM,Mid,ESPNU,43000,panel,43000.0,,Regular Season,Week 16,,,,,,,,,Sunday,2,February,1,0,24,0,1,0,0,0,0,1,0,0,0,0,0,0,0,0,10.668955394675699
TV Media Blog 2025-26 Datawrapper,https://tvmediablog.substack.com/api/v1/posts/2025-26-college-basketball-viewership,2025-26,basketball,men,Utah State/Nevada,Utah State,Nevada,2026-02-21,10PM,Prime,FS1,40000,panel,40000.0,,Regular Season,Week 16,,,,,,,,,Saturday,2,February,1,0,23,0,1,23,0,1,0,2,0,0,0,0,0,0,0,0,10.596634733096073
TV Media Blog 2025-26 Datawrapper,https://tvmediablog.substack.com/api/v1/posts/2025-26-college-basketball-viewership,2025-26,basketball,men,Siena/Merrimack,Siena,Merrimack,2026-02-20,8PM,Prime,ESPNU,34000,panel,34000.0,,Regular Season,Week 16,,,,,,,,,Friday,2,February,0,0,0,0,0,0,0,0,0,0,0,0,0,0,0,0,0,0,10.4341158035983
TV Media Blog 2025-26 Datawrapper,https://tvmediablog.substack.com/api/v1/posts/2025-26-college-basketball-viewership,2025-26,basketball,men,Idaho/Portland State,Idaho,Portland State,2026-02-19,9PM,Prime,ESPNU,30000,panel,30000.0,,Regular Season,Week 16,,,,,,,,,Thursday,2,February,0,0,0,0,0,0,0,0,0,0,0,0,0,0,0,0,0,0,10.308952660644293
TV Media Blog 2025-26 Datawrapper,https://tvmediablog.substack.com/api/v1/posts/2025-26-college-basketball-viewership,2025-26,basketball,men,Robert Morris/Wright State,Robert Morris,Wright State,2026-02-22,2PM,Early,ESPNU,29000,panel,29000.0,,Regular Season,Week 16,,,,,,,,,Sunday,2,February,1,0,0,0,0,0,0,0,0,0,0,0,0,0,0,0,0,0,10.275051108968611
TV Media Blog 2025-26 Datawrapper,https://tvmediablog.substack.com/api/v1/posts/2025-26-college-basketball-viewership,2025-26,basketball,men,DePaul/Seton Hall,DePaul,Seton Hall,2026-02-18,8PM,Prime,truTV,28000,panel,28000.0,,Regular Season,Week 16,,,,,,,,,Wednesday,2,February,0,0,0,0,0,25,0,1,0,1,0,0,0,0,0,0,0,0,10.239959789157341
TV Media Blog 2025-26 Datawrapper,https://tvmediablog.substack.com/api/v1/posts/2025-26-college-basketball-viewership,2025-26,basketball,men,Rutgers/Illinois,Rutgers,Illinois,2026-02-17,7PM,Prime,BTN,20000,panel,20000.0,,Regular Season,Week 16,,,,,,,,,Tuesday,2,February,0,0,24,0,1,10,1,0,1,1,0,0,0,0,0,0,0,0,9.903487552536127
TV Media Blog 2025-26 Datawrapper,https://tvmediablog.substack.com/api/v1/posts/2025-26-college-basketball-viewership,2025-26,basketball,men,Murray State/Illinois State,Murray State,Illinois State,2026-02-18,9PM,Prime,ESPNU,15000,panel,15000.0,,Regular Season,Week 16,,,,,,,,,Wednesday,2,February,0,0,0,0,0,0,0,0,0,0,0,0,0,0,0,0,0,0,9.615805480084347
TV Media Blog 2025-26 Datawrapper,https://tvmediablog.substack.com/api/v1/posts/2025-26-college-basketball-viewership,2025-26,basketball,men,UC Santa Barbara/Hawaii,UC Santa Barbara,Hawaii,2026-02-21,10PM,Prime,ESPNU,12000,panel,12000.0,,Regular Season,Week 16,,,,,,,,,Saturday,2,February,1,0,0,0,0,0,0,0,0,0,0,0,0,0,0,0,0,0,9.392661928770137
TV Media Blog 2025-26 Datawrapper,https://tvmediablog.substack.com/api/v1/posts/2025-26-college-basketball-viewership,2025-26,basketball,men,UAB/Temple,UAB,Temple,2026-02-18,7PM,Prime,ESPNU,11000,panel,11000.0,,Regular Season,Week 16,,,,,,,,,Wednesday,2,February,0,0,0,0,0,0,0,0,0,0,0,0,0,0,0,0,0,0,9.305650551780507
TV Media Blog 2025-26 Datawrapper,https://tvmediablog.substack.com/api/v1/posts/2025-26-college-basketball-viewership,2025-26,basketball,men,UNC Asheville/High Point,UNC Asheville,High Point,2026-02-19,7PM,Prime,ESPNU,10000,panel,10000.0,,Regular Season,Week 16,,,,,,,,,Thursday,2,February,0,0,0,0,0,0,0,0,0,0,0,0,0,0,0,0,0,0,9.210340371976184
TV Media Blog 2025-26 Datawrapper,https://tvmediablog.substack.com/api/v1/posts/2025-26-college-basketball-viewership,2025-26,basketball,men,Bethune-Cookman/Jackson State,Bethune-Cookman,Jackson State,2026-02-16,7PM,Prime,ESPNU,8000,panel,8000.0,,Regular Season,Week 16,,,,,,,,,Monday,2,February,0,0,0,0,0,0,0,0,0,0,0,0,0,0,0,0,0,0,8.987196820661973
TV Media Blog 2025-26 Datawrapper,https://tvmediablog.substack.com/api/v1/posts/2025-26-college-basketball-viewership,2025-26,basketball,men,A&M-Corpus Christi/McNeese,Texas A&M-Corpus Christi,McNeese,2026-02-21,8PM,Prime,ESPNU,4000,panel,4000.0,,Regular Season,Week 16,,,,,,,,,Saturday,2,February,1,0,0,0,0,0,0,0,0,0,0,0,0,0,0,0,0,0,8.294049640102028
TV Media Blog 2025-26 Datawrapper,https://tvmediablog.substack.com/api/v1/posts/2025-26-college-basketball-viewership,2025-26,basketball,men,Loyola Chicago/Saint Joseph's,Loyola Chicago,Saint Joseph's,2026-02-21,12PM,Early,ESPNU,3000,panel,3000.0,,Regular Season,Week 16,,,,,,,,,Saturday,2,February,1,0,0,0,0,0,0,0,0,0,0,0,0,0,0,0,0,0,8.006367567650246
TV Media Blog 2025-26 Datawrapper,https://tvmediablog.substack.com/api/v1/posts/2025-26-college-basketball-viewership,2025-26,basketball,men,South Carolina State/Norfolk State,South Carolina State,Norfolk State,2026-02-21,4PM,Mid,ESPNU,3000,panel,3000.0,,Regular Season,Week 16,,,,,,,,,Saturday,2,February,1,0,0,0,0,0,0,0,0,0,0,0,0,0,0,0,0,0,8.006367567650246
TV Media Blog 2025-26 Datawrapper,https://tvmediablog.substack.com/api/v1/posts/2025-26-college-basketball-viewership,2025-26,basketball,men,SIUE/Tennessee State,SIUE,Tennessee State,2026-02-21,2PM,Early,ESPNU,2000,panel,2000.0,,Regular Season,Week 16,,,,,,,,,Saturday,2,February,1,0,0,0,0,0,0,0,0,0,0,0,0,0,0,0,0,0,7.600902459542082
TV Media Blog 2025-26 Datawrapper,https://tvmediablog.substack.com/api/v1/posts/2025-26-college-basketball-viewership,2025-26,basketball,men,Gonzaga/Saint Mary's,Gonzaga,Saint Mary's,2026-02-28,10:30PM,Prime,ESPN,656000,panel,656000.0,,Regular Season,Week 17,,,,,,,,,Saturday,2,February,1,0,9,1,0,20,0,1,1,1,0,0,0,0,0,0,0,0,13.393916067926225
TV Media Blog 2025-26 Datawrapper,https://tvmediablog.substack.com/api/v1/posts/2025-26-college-basketball-viewership,2025-26,basketball,men,Louisville/Clemson,Louisville,Clemson,2026-02-28,2PM,Early,ESPN2,373000,panel,373000.0,,Regular Season,Week 17,,,,,,,,,Saturday,2,February,1,0,24,0,1,20,0,1,0,2,0,0,0,0,0,0,0,0,12.829333698625952
TV Media Blog 2025-26 Datawrapper,https://tvmediablog.substack.com/api/v1/posts/2025-26-college-basketball-viewership,2025-26,basketball,men,Texas/Texas A&M,Texas,Texas A&M,2026-02-28,4PM,Mid,ESPN2,311000,panel,311000.0,,Regular Season,Week 17,,,,,,,,,Saturday,2,February,1,0,19,0,1,19,0,1,0,2,0,0,0,0,0,0,0,0,12.647548191161372
TV Media Blog 2025-26 Datawrapper,https://tvmediablog.substack.com/api/v1/posts/2025-26-college-basketball-viewership,2025-26,basketball,men,UCF/BYU,UCF,BYU,2026-02-24,11PM,Prime,ESPN2,304000,panel,304000.0,,Regular Season,Week 17,,,,,,,,,Tuesday,2,February,0,0,25,0,1,19,0,1,0,2,0,0,0,0,0,0,0,0,12.624782980388359
TV Media Blog 2025-26 Datawrapper,https://tvmediablog.substack.com/api/v1/posts/2025-26-college-basketball-viewership,2025-26,basketball,men,Nebraska/USC,Nebraska,USC,2026-02-28,4PM,Mid,BTN,288000,panel,288000.0,,Regular Season,Week 17,,,,,,,,,Saturday,2,February,1,0,12,0,1,24,0,1,0,2,0,0,0,0,0,0,0,0,12.570715759118084
TV Media Blog 2025-26 Datawrapper,https://tvmediablog.substack.com/api/v1/posts/2025-26-college-basketball-viewership,2025-26,basketball,men,Seton Hall/UConn,Seton Hall,UConn,2026-02-28,12PM,Early,FS1,282000,panel,282000.0,,Regular Season,Week 17,,,,,,,,,Saturday,2,February,1,0,25,0,1,6,1,0,1,1,0,0,0,0,0,0,0,0,12.54966234992025
TV Media Blog 2025-26 Datawrapper,https://tvmediablog.substack.com/api/v1/posts/2025-26-college-basketball-viewership,2025-26,basketball,men,Iowa/Penn State,Iowa,Penn State,2026-02-28,12PM,Early,BTN,253000,panel,253000.0,,Regular Season,Week 17,,,,,,,,,Saturday,2,February,1,0,19,0,1,0,0,0,0,1,0,0,0,0,0,0,0,0,12.441144767709657
TV Media Blog 2025-26 Datawrapper,https://tvmediablog.substack.com/api/v1/posts/2025-26-college-basketball-viewership,2025-26,basketball,men,UCLA/Minnesota,UCLA,Minnesota,2026-02-28,2PM,Early,FS1,242000,panel,242000.0,,Regular Season,Week 17,,,,,,,,,Saturday,2,February,1,0,25,0,1,0,0,0,0,1,0,0,0,0,0,0,0,0,12.396693005138824
TV Media Blog 2025-26 Datawrapper,https://tvmediablog.substack.com/api/v1/posts/2025-26-college-basketball-viewership,2025-26,basketball,men,Wisconsin/Washington,Wisconsin,Washington,2026-02-28,4PM,Mid,FS1,230000,panel,230000.0,,Regular Season,Week 17,,,,,,,,,Saturday,2,February,1,0,24,0,1,0,0,0,0,1,0,0,0,0,0,0,0,0,12.345834587905333
TV Media Blog 2025-26 Datawrapper,https://tvmediablog.substack.com/api/v1/posts/2025-26-college-basketball-viewership,2025-26,basketball,men,Colorado/Houston,Colorado,Houston,2026-02-28,12PM,Early,ESPN2,214000,panel,214000.0,,Regular Season,Week 17,,,,,,,,,Saturday,2,February,1,0,18,0,1,5,1,0,1,1,0,0,0,0,0,0,0,0,12.273731294003989
TV Media Blog 2025-26 Datawrapper,https://tvmediablog.substack.com/api/v1/posts/2025-26-college-basketball-viewership,2025-26,basketball,men,Providence/Creighton,Providence,Creighton,2026-02-28,5:30PM,Mid,TNT + truTV,187000,panel,187000.0,,Regular Season,Week 17,,,,,,,,,Saturday,2,February,1,0,23,0,1,23,0,1,0,2,0,0,0,0,0,0,0,0,12.138863895836725
TV Media Blog 2025-26 Datawrapper,https://tvmediablog.substack.com/api/v1/posts/2025-26-college-basketball-viewership,2025-26,basketball,men,Oregon/Northwestern,Oregon,Northwestern,2026-02-28,2PM,Early,BTN,146000,panel,146000.0,,Regular Season,Week 17,,,,,,,,,Saturday,2,February,1,0,25,0,1,25,0,1,0,2,0,0,0,0,0,0,0,0,11.891361900690473
TV Media Blog 2025-26 Datawrapper,https://tvmediablog.substack.com/api/v1/posts/2025-26-college-basketball-viewership,2025-26,basketball,men,Temple/Florida Atlantic,Temple,Florida Atlantic,2026-02-26,7PM,Prime,ESPN2,133000,panel,133000.0,,Regular Season,Week 17,,,,,,,,,Thursday,2,February,0,0,0,0,0,24,0,1,0,1,0,0,0,0,0,0,0,0,11.79810440720389
TV Media Blog 2025-26 Datawrapper,https://tvmediablog.substack.com/api/v1/posts/2025-26-college-basketball-viewership,2025-26,basketball,men,Dayton/George Washington,Dayton,George Washington,2026-02-27,7PM,Prime,ESPN2,132000,panel,132000.0,,Regular Season,Week 17,,,,,,,,,Friday,2,February,0,0,22,0,1,0,0,0,0,1,0,0,0,0,0,0,0,0,11.790557201568507
TV Media Blog 2025-26 Datawrapper,https://tvmediablog.substack.com/api/v1/posts/2025-26-college-basketball-viewership,2025-26,basketball,men,Wisconsin/Oregon,Wisconsin,Oregon,2026-02-25,11PM,Prime,BTN,130000,panel,130000.0,,Regular Season,Week 17,,,,,,,,,Wednesday,2,February,0,0,24,0,1,25,0,1,0,2,0,0,0,0,0,0,0,0,11.77528972943772
TV Media Blog 2025-26 Datawrapper,https://tvmediablog.substack.com/api/v1/posts/2025-26-college-basketball-viewership,2025-26,basketball,men,UC Santa Barbara/UC Irvine,UC Santa Barbara,UC Irvine,2026-02-28,10:30PM,Prime,ESPN2,130000,panel,130000.0,,Regular Season,Week 17,,,,,,,,,Saturday,2,February,1,0,0,0,0,0,0,0,0,0,0,0,0,0,0,0,0,0,11.77528972943772
TV Media Blog 2025-26 Datawrapper,https://tvmediablog.substack.com/api/v1/posts/2025-26-college-basketball-viewership,2025-26,basketball,men,Georgetown/Xavier,Georgetown,Xavier,2026-02-28,1:30PM,Early,TNT + truTV,125000,panel,125000.0,,Regular Season,Week 17,,,,,,,,,Saturday,2,February,1,0,0,0,0,22,0,1,0,1,0,0,0,0,0,0,0,0,11.736069016284437
TV Media Blog 2025-26 Datawrapper,https://tvmediablog.substack.com/api/v1/posts/2025-26-college-basketball-viewership,2025-26,basketball,men,Murray State/Bradley,Murray State,Bradley,2026-03-01,2PM,Early,ESPN2,120000,panel,120000.0,,Regular Season,Week 17,,,,,,,,,Sunday,3,March,1,0,0,0,0,0,0,0,0,0,0,0,0,0,0,0,0,0,11.695247021764184
TV Media Blog 2025-26 Datawrapper,https://tvmediablog.substack.com/api/v1/posts/2025-26-college-basketball-viewership,2025-26,basketball,men,Fordham/VCU,Fordham,VCU,2026-02-28,12:30PM,Early,USA,118000,panel,118000.0,,Regular Season,Week 17,,,,,,,,,Saturday,2,February,1,0,0,0,0,0,0,0,0,0,0,0,0,0,0,0,0,0,11.678439903447801
TV Media Blog 2025-26 Datawrapper,https://tvmediablog.substack.com/api/v1/posts/2025-26-college-basketball-viewership,2025-26,basketball,men,Rutgers/Maryland,Rutgers,Maryland,2026-03-01,12PM,Early,FS1,114000,panel,114000.0,,Regular Season,Week 17,,,,,,,,,Sunday,3,March,1,0,24,0,1,11,0,1,0,2,0,0,0,0,0,0,0,0,11.643953727376633
TV Media Blog 2025-26 Datawrapper,https://tvmediablog.substack.com/api/v1/posts/2025-26-college-basketball-viewership,2025-26,basketball,men,USC/UCLA,USC,UCLA,2026-02-24,11PM,Prime,FS1,107000,panel,107000.0,,Regular Season,Week 17,,,,,,,,,Tuesday,2,February,0,0,24,0,1,25,0,1,0,2,0,0,0,0,0,0,0,0,11.580584113444043
TV Media Blog 2025-26 Datawrapper,https://tvmediablog.substack.com/api/v1/posts/2025-26-college-basketball-viewership,2025-26,basketball,men,Utah/Arizona State,Utah,Arizona State,2026-02-28,3:30PM,Mid,TNT + truTV,102000,panel,102000.0,,Regular Season,Week 17,,,,,,,,,Saturday,2,February,1,0,0,0,0,0,0,0,0,0,0,0,0,0,0,0,0,0,11.532728092266408
TV Media Blog 2025-26 Datawrapper,https://tvmediablog.substack.com/api/v1/posts/2025-26-college-basketball-viewership,2025-26,basketball,men,Tulane/USF,Tulane,South Florida,2026-03-01,12PM,Early,ESPN2,99000,panel,99000.0,,Regular Season,Week 17,,,,,,,,,Sunday,3,March,1,0,0,0,0,24,0,1,0,1,0,0,0,0,0,0,0,0,11.502875129116727
TV Media Blog 2025-26 Datawrapper,https://tvmediablog.substack.com/api/v1/posts/2025-26-college-basketball-viewership,2025-26,basketball,men,Mississippi State/Alabama,Mississippi State,Alabama,2026-02-25,9PM,Prime,ESPNU,93000,panel,93000.0,,Regular Season,Week 17,,,,,,,,,Wednesday,2,February,0,0,25,0,1,17,0,1,0,2,0,0,0,0,0,0,0,0,11.440354772135393
TV Media Blog 2025-26 Datawrapper,https://tvmediablog.substack.com/api/v1/posts/2025-26-college-basketball-viewership,2025-26,basketball,men,Baylor/UCF,Baylor,UCF,2026-02-28,8PM,Prime,FS1,88000,panel,88000.0,,Regular Season,Week 17,,,,,,,,,Saturday,2,February,1,0,25,0,1,25,0,1,0,2,0,0,0,0,0,0,0,0,11.385092093460344
TV Media Blog 2025-26 Datawrapper,https://tvmediablog.substack.com/api/v1/posts/2025-26-college-basketball-viewership,2025-26,basketball,men,Auburn/Oklahoma,Auburn,Oklahoma,2026-02-24,9PM,Prime,ESPNU,86000,panel,86000.0,,Regular Season,Week 17,,,,,,,,,Tuesday,2,February,0,0,21,0,1,17,0,1,0,2,0,0,0,0,0,0,0,0,11.362102575235644
TV Media Blog 2025-26 Datawrapper,https://tvmediablog.substack.com/api/v1/posts/2025-26-college-basketball-viewership,2025-26,basketball,men,Utah State/San Diego State,Utah State,San Diego State,2026-02-25,11PM,Prime,FS1,82000,panel,82000.0,,Regular Season,Week 17,,,,,,,,,Wednesday,2,February,0,0,23,0,1,20,0,1,0,2,0,0,0,0,0,0,0,0,11.314474526246391
TV Media Blog 2025-26 Datawrapper,https://tvmediablog.substack.com/api/v1/posts/2025-26-college-basketball-viewership,2025-26,basketball,men,Butler/Villanova,Butler,Villanova,2026-02-25,7PM,Prime,FS1,80000,panel,80000.0,,Regular Season,Week 17,,,,,,,,,Wednesday,2,February,0,0,0,0,0,18,0,1,0,1,0,0,0,0,0,0,0,0,11.289781913656018
TV Media Blog 2025-26 Datawrapper,https://tvmediablog.substack.com/api/v1/posts/2025-26-college-basketball-viewership,2025-26,basketball,men,Kansas State/Colorado,Kansas State,Colorado,2026-02-25,9PM,Prime,FS1,77000,panel,77000.0,,Regular Season,Week 17,,,,,,,,,Wednesday,2,February,0,0,0,0,0,18,0,1,0,1,0,0,0,0,0,0,0,0,11.251560700835821
TV Media Blog 2025-26 Datawrapper,https://tvmediablog.substack.com/api/v1/posts/2025-26-college-basketball-viewership,2025-26,basketball,men,Washington/Rutgers,Washington,Rutgers,2026-02-24,6:30PM,Mid,BTN,66000,panel,66000.0,,Regular Season,Week 17,,,,,,,,,Tuesday,2,February,0,0,0,0,0,24,0,1,0,1,0,0,0,0,0,0,0,0,11.097410021008562
TV Media Blog 2025-26 Datawrapper,https://tvmediablog.substack.com/api/v1/posts/2025-26-college-basketball-viewership,2025-26,basketball,men,Grand Canyon/Utah State,Grand Canyon,Utah State,2026-02-28,10:30PM,Prime,FS1,64000,panel,64000.0,,Regular Season,Week 17,,,,,,,,,Saturday,2,February,1,0,0,0,0,23,0,1,0,1,0,0,0,0,0,0,0,0,11.06663836234181
TV Media Blog 2025-26 Datawrapper,https://tvmediablog.substack.com/api/v1/posts/2025-26-college-basketball-viewership,2025-26,basketball,men,La Salle/Davidson,La Salle,Davidson,2026-03-01,12PM,Early,USA,36000,panel,36000.0,,Regular Season,Week 17,,,,,,,,,Sunday,3,March,1,0,0,0,0,0,0,0,0,0,0,0,0,0,0,0,0,0,10.491274217438248
TV Media Blog 2025-26 Datawrapper,https://tvmediablog.substack.com/api/v1/posts/2025-26-college-basketball-viewership,2025-26,basketball,men,Xavier/Providence,Xavier,Providence,2026-02-25,7:30PM,Prime,truTV,33000,panel,33000.0,,Regular Season,Week 17,,,,,,,,,Wednesday,2,February,0,0,22,0,1,23,0,1,0,2,0,0,0,0,0,0,0,0,10.404262840448617
TV Media Blog 2025-26 Datawrapper,https://tvmediablog.substack.com/api/v1/posts/2025-26-college-basketball-viewership,2025-26,basketball,men,Liberty/Jacksonville State,Liberty,Jacksonville State,2026-02-28,6PM,Mid,ESPNU,29000,panel,29000.0,,Regular Season,Week 17,,,,,,,,,Saturday,2,February,1,0,0,0,0,0,0,0,0,0,0,0,0,0,0,0,0,0,10.275051108968611
TV Media Blog 2025-26 Datawrapper,https://tvmediablog.substack.com/api/v1/posts/2025-26-college-basketball-viewership,2025-26,basketball,men,Washington State/Loyola Marymount,Washington State,Loyola Marymount,2026-02-25,11PM,Prime,ESPNU,22000,panel,22000.0,,Regular Season,Week 17,,,,,,,,,Wednesday,2,February,0,0,25,0,1,0,0,0,0,1,0,0,0,0,0,0,0,0,9.998797732340453
TV Media Blog 2025-26 Datawrapper,https://tvmediablog.substack.com/api/v1/posts/2025-26-college-basketball-viewership,2025-26,basketball,men,Yale/Cornell,Yale,Cornell,2026-02-27,6PM,Mid,ESPNU,17000,panel,17000.0,,Regular Season,Week 17,,,,,,,,,Friday,2,February,0,0,0,0,0,0,0,0,0,0,0,0,0,0,0,0,0,0,9.740968623038354
TV Media Blog 2025-26 Datawrapper,https://tvmediablog.substack.com/api/v1/posts/2025-26-college-basketball-viewership,2025-26,basketball,men,Illinois State/UNI,Illinois State,UNI,2026-02-25,7PM,Prime,ESPNU,13000,panel,13000.0,,Regular Season,Week 17,,,,,,,,,Wednesday,2,February,0,0,0,0,0,0,0,0,0,0,0,0,0,0,0,0,0,0,9.472704636443673
TV Media Blog 2025-26 Datawrapper,https://tvmediablog.substack.com/api/v1/posts/2025-26-college-basketball-viewership,2025-26,basketball,men,Akron/Kent State,Akron,Kent State,2026-02-27,8PM,Prime,ESPNU,12000,panel,12000.0,,Regular Season,Week 17,,,,,,,,,Friday,2,February,0,0,0,0,0,0,0,0,0,0,0,0,0,0,0,0,0,0,9.392661928770137
TV Media Blog 2025-26 Datawrapper,https://tvmediablog.substack.com/api/v1/posts/2025-26-college-basketball-viewership,2025-26,basketball,men,High Point/Presbyterian,High Point,Presbyterian,2026-02-26,7PM,Prime,ESPNU,9000,panel,9000.0,,Regular Season,Week 17,,,,,,,,,Thursday,2,February,0,0,0,0,0,0,0,0,0,0,0,0,0,0,0,0,0,0,9.104979856318357
TV Media Blog 2025-26 Datawrapper,https://tvmediablog.substack.com/api/v1/posts/2025-26-college-basketball-viewership,2025-26,basketball,men,Bluefield State/Fayetteville State,Bluefield State,Fayetteville State,2026-02-28,4PM,Mid,ESPNU,8000,panel,8000.0,,Conference Championship,Week 17,,,,,,,,,Saturday,2,February,1,1,0,0,0,0,0,0,0,0,0,0,0,0,0,0,0,0,8.987196820661973
TV Media Blog 2025-26 Datawrapper,https://tvmediablog.substack.com/api/v1/posts/2025-26-college-basketball-viewership,2025-26,basketball,men,Saint Peter's/Marist,Saint Peter's,Marist,2026-03-01,2PM,Early,ESPNU,7000,panel,7000.0,,Regular Season,Week 17,,,,,,,,,Sunday,3,March,1,0,0,0,0,0,0,0,0,0,0,0,0,0,0,0,0,0,8.85366542803745
TV Media Blog 2025-26 Datawrapper,https://tvmediablog.substack.com/api/v1/posts/2025-26-college-basketball-viewership,2025-26,basketball,men,Tennessee/UT Martin,Tennessee,UT Martin,2026-02-28,2PM,Early,ESPNU,6000,panel,6000.0,,Regular Season,Week 17,,,,,,,,,Saturday,2,February,1,0,22,0,1,0,0,0,0,1,0,0,0,0,0,0,0,0,8.699514748210191
TV Media Blog 2025-26 Datawrapper,https://tvmediablog.substack.com/api/v1/posts/2025-26-college-basketball-viewership,2025-26,basketball,men,North Texas/UAB,North Texas,UAB,2026-03-01,12PM,Early,ESPNU,4000,panel,4000.0,,Regular Season,Week 17,,,,,,,,,Sunday,3,March,1,0,0,0,0,0,0,0,0,0,0,0,0,0,0,0,0,0,8.294049640102028
TV Media Blog 2025-26 Datawrapper,https://tvmediablog.substack.com/api/v1/posts/2025-26-college-basketball-viewership,2025-26,basketball,men,Texas Tech/BYU,Texas Tech,BYU,2026-03-07,10:30PM,Prime,ESPN,584000,panel,584000.0,,Regular Season,Week 18,,,,,,,,,Saturday,3,March,1,0,10,1,0,19,0,1,1,1,0,0,0,0,0,0,0,0,13.277656261810364
TV Media Blog 2025-26 Datawrapper,https://tvmediablog.substack.com/api/v1/posts/2025-26-college-basketball-viewership,2025-26,basketball,men,Nebraska/UCLA,Nebraska,UCLA,2026-03-03,11PM,Prime,FS1,359000,panel,359000.0,,Regular Season,Week 18,,,,,,,,,Tuesday,3,March,0,0,9,1,0,25,0,1,1,1,0,0,0,0,0,0,0,0,12.791077667470416
TV Media Blog 2025-26 Datawrapper,https://tvmediablog.substack.com/api/v1/posts/2025-26-college-basketball-viewership,2025-26,basketball,men,Arizona State/Iowa State,Arizona State,Iowa State,2026-03-07,2PM,Early,FS1,278000,panel,278000.0,,Regular Season,Week 18,,,,,,,,,Saturday,3,March,1,0,0,0,0,6,1,0,1,0,0,0,0,0,0,0,0,0,12.535376392672774
TV Media Blog 2025-26 Datawrapper,https://tvmediablog.substack.com/api/v1/posts/2025-26-college-basketball-viewership,2025-26,basketball,men,Arizona/Colorado,Arizona,Colorado,2026-03-07,11PM,Prime,ESPN2,241000,panel,241000.0,,Regular Season,Week 18,,,,,,,,,Saturday,3,March,1,0,2,1,0,18,0,1,1,1,0,0,0,0,0,0,0,0,12.392552212472792
TV Media Blog 2025-26 Datawrapper,https://tvmediablog.substack.com/api/v1/posts/2025-26-college-basketball-viewership,2025-26,basketball,men,Central Arkansas/Queens,Central Arkansas,Queens,2026-03-08,2PM,Early,ESPN2,210000,panel,210000.0,,Conference Championship,Week 18,,,,,,,,,Sunday,3,March,1,1,0,0,0,0,0,0,0,0,0,0,0,0,0,0,0,0,12.254862809699606
TV Media Blog 2025-26 Datawrapper,https://tvmediablog.substack.com/api/v1/posts/2025-26-college-basketball-viewership,2025-26,basketball,men,Winthrop/High Point,Winthrop,High Point,2026-03-08,12PM,Early,ESPN2,202000,panel,202000.0,,Conference Championship,Week 18,,,,,,,,,Sunday,3,March,1,1,0,0,0,0,0,0,0,0,0,0,0,0,0,0,0,0,12.216022976383341
TV Media Blog 2025-26 Datawrapper,https://tvmediablog.substack.com/api/v1/posts/2025-26-college-basketball-viewership,2025-26,basketball,men,Pacific/Santa Clara,Pacific,Santa Clara,2026-03-08,11:30PM,Prime,ESPN2,199000,panel,199000.0,,Regular Season,Week 18,,,,,,,,,Sunday,3,March,1,0,0,0,0,0,0,0,0,0,0,0,0,0,0,0,0,0,12.201060103706629
TV Media Blog 2025-26 Datawrapper,https://tvmediablog.substack.com/api/v1/posts/2025-26-college-basketball-viewership,2025-26,basketball,men,Cincinnati/TCU,Cincinnati,TCU,2026-03-07,2PM,Early,TNT,133000,panel,133000.0,,Regular Season,Week 18,,,,,,,,,Saturday,3,March,1,0,16,0,1,25,0,1,0,2,0,0,0,0,0,0,0,0,11.79810440720389
TV Media Blog 2025-26 Datawrapper,https://tvmediablog.substack.com/api/v1/posts/2025-26-college-basketball-viewership,2025-26,basketball,men,Louisville/Miami (FL),Louisville,Miami (FL),2026-03-07,2PM,Early,ESPNU,129000,panel,129000.0,,Regular Season,Week 18,,,,,,,,,Saturday,3,March,1,0,24,0,1,0,0,0,0,1,0,0,0,0,0,0,0,0,11.76756768334381
TV Media Blog 2025-26 Datawrapper,https://tvmediablog.substack.com/api/v1/posts/2025-26-college-basketball-viewership,2025-26,basketball,men,Creighton/Butler,Creighton,Butler,2026-03-04,6PM,Mid,FS1,120000,panel,120000.0,,Regular Season,Week 18,,,,,,,,,Wednesday,3,March,0,0,23,0,1,0,0,0,0,1,0,0,0,0,0,0,0,0,11.695247021764184
TV Media Blog 2025-26 Datawrapper,https://tvmediablog.substack.com/api/v1/posts/2025-26-college-basketball-viewership,2025-26,basketball,men,Xavier/Villanova,Xavier,Villanova,2026-03-07,12PM,Early,TNT,106000,panel,106000.0,,Regular Season,Week 18,,,,,,,,,Saturday,3,March,1,0,22,0,1,18,0,1,0,2,0,0,0,0,0,0,0,0,11.571194373094205
TV Media Blog 2025-26 Datawrapper,https://tvmediablog.substack.com/api/v1/posts/2025-26-college-basketball-viewership,2025-26,basketball,men,Northwestern/Minnesota,Northwestern,Minnesota,2026-03-07,9PM,Prime,BTN,98000,panel,98000.0,,Regular Season,Week 18,,,,,,,,,Saturday,3,March,1,0,25,0,1,0,0,0,0,1,0,0,0,0,0,0,0,0,11.49272275765271
TV Media Blog 2025-26 Datawrapper,https://tvmediablog.substack.com/api/v1/posts/2025-26-college-basketball-viewership,2025-26,basketball,men,Saint Louis/George Mason,Saint Louis,George Mason,2026-03-07,4PM,Mid,USA,87000,panel,87000.0,,Regular Season,Week 18,,,,,,,,,Saturday,3,March,1,0,25,0,1,0,0,0,0,1,0,0,0,0,0,0,0,0,11.37366339763672
TV Media Blog 2025-26 Datawrapper,https://tvmediablog.substack.com/api/v1/posts/2025-26-college-basketball-viewership,2025-26,basketball,men,UNCG/Furman,UNC Greensboro,Furman,2026-03-08,7:30PM,Prime,ESPNU,76000,panel,76000.0,,Regular Season,Week 18,,,,,,,,,Sunday,3,March,1,0,0,0,0,0,0,0,0,0,0,0,0,0,0,0,0,0,11.238488619268468
TV Media Blog 2025-26 Datawrapper,https://tvmediablog.substack.com/api/v1/posts/2025-26-college-basketball-viewership,2025-26,basketball,men,Butler/DePaul,Butler,DePaul,2026-03-07,12PM,Early,FS1,74000,panel,74000.0,,Regular Season,Week 18,,,,,,,,,Saturday,3,March,1,0,0,0,0,0,0,0,0,0,0,0,0,0,0,0,0,0,11.211820372186306
TV Media Blog 2025-26 Datawrapper,https://tvmediablog.substack.com/api/v1/posts/2025-26-college-basketball-viewership,2025-26,basketball,men,Davidson/St. Bonaventure,Davidson,St. Bonaventure,2026-03-07,12PM,Early,USA,73000,panel,73000.0,,Regular Season,Week 18,,,,,,,,,Saturday,3,March,1,0,0,0,0,0,0,0,0,0,0,0,0,0,0,0,0,0,11.198214720130528
TV Media Blog 2025-26 Datawrapper,https://tvmediablog.substack.com/api/v1/posts/2025-26-college-basketball-viewership,2025-26,basketball,men,Penn State/Rutgers,Penn State,Rutgers,2026-03-08,12PM,Early,BTN,70000,panel,70000.0,,Regular Season,Week 18,,,,,,,,,Sunday,3,March,1,0,0,0,0,24,0,1,0,1,0,0,0,0,0,0,0,0,11.156250521031495
TV Media Blog 2025-26 Datawrapper,https://tvmediablog.substack.com/api/v1/posts/2025-26-college-basketball-viewership,2025-26,basketball,men,USC/Washington,USC,Washington,2026-03-04,10:30PM,Prime,BTN,65000,panel,65000.0,,Regular Season,Week 18,,,,,,,,,Wednesday,3,March,0,0,24,0,1,0,0,0,0,1,0,0,0,0,0,0,0,0,11.082142548877775
TV Media Blog 2025-26 Datawrapper,https://tvmediablog.substack.com/api/v1/posts/2025-26-college-basketball-viewership,2025-26,basketball,men,Boston College/Virginia Tech,Boston College,Virginia Tech,2026-03-03,9PM,Prime,ESPNU,59000,panel,59000.0,,Regular Season,Week 18,,,,,,,,,Tuesday,3,March,0,0,0,0,0,0,0,0,0,0,0,0,0,0,0,0,0,0,10.985292722887856
TV Media Blog 2025-26 Datawrapper,https://tvmediablog.substack.com/api/v1/posts/2025-26-college-basketball-viewership,2025-26,basketball,men,Washington/Oregon,Washington,Oregon,2026-03-07,11PM,Prime,FS1,55000,panel,55000.0,,Regular Season,Week 18,,,,,,,,,Saturday,3,March,1,0,0,0,0,25,0,1,0,1,0,0,0,0,0,0,0,0,10.915088464214607
TV Media Blog 2025-26 Datawrapper,https://tvmediablog.substack.com/api/v1/posts/2025-26-college-basketball-viewership,2025-26,basketball,men,FAU/Wichita State,Florida Atlantic,Wichita State,2026-03-07,4PM,Mid,ESPNU,53000,panel,53000.0,,Regular Season,Week 18,,,,,,,,,Saturday,3,March,1,0,24,0,1,0,0,0,0,1,0,0,0,0,0,0,0,0,10.87804719253426
TV Media Blog 2025-26 Datawrapper,https://tvmediablog.substack.com/api/v1/posts/2025-26-college-basketball-viewership,2025-26,basketball,men,Seton Hall/Xavier,Seton Hall,Xavier,2026-03-03,7PM,Prime,truTV,52000,panel,52000.0,,Regular Season,Week 18,,,,,,,,,Tuesday,3,March,0,0,25,0,1,22,0,1,0,2,0,0,0,0,0,0,0,0,10.858998997563564
TV Media Blog 2025-26 Datawrapper,https://tvmediablog.substack.com/api/v1/posts/2025-26-college-basketball-viewership,2025-26,basketball,men,Missouri/Oklahoma,Missouri,Oklahoma,2026-03-03,7PM,Prime,ESPNU,52000,panel,52000.0,,Regular Season,Week 18,,,,,,,,,Tuesday,3,March,0,0,23,0,1,17,0,1,0,2,0,0,0,0,0,0,0,0,10.858998997563564
TV Media Blog 2025-26 Datawrapper,https://tvmediablog.substack.com/api/v1/posts/2025-26-college-basketball-viewership,2025-26,basketball,men,George Washington/Loyola Chicago,George Washington,Loyola Chicago,2026-03-07,2PM,Early,USA,34000,panel,34000.0,,Regular Season,Week 18,,,,,,,,,Saturday,3,March,1,0,0,0,0,0,0,0,0,0,0,0,0,0,0,0,0,0,10.4341158035983
TV Media Blog 2025-26 Datawrapper,https://tvmediablog.substack.com/api/v1/posts/2025-26-college-basketball-viewership,2025-26,basketball,men,Providence/Georgetown,Providence,Georgetown,2026-03-07,8PM,Prime,truTV,33000,panel,33000.0,,Regular Season,Week 18,,,,,,,,,Saturday,3,March,1,0,23,0,1,0,0,0,0,1,0,0,0,0,0,0,0,0,10.404262840448617
TV Media Blog 2025-26 Datawrapper,https://tvmediablog.substack.com/api/v1/posts/2025-26-college-basketball-viewership,2025-26,basketball,men,Stanford/Notre Dame,Stanford,Notre Dame,2026-03-04,9PM,Prime,ESPNU,27000,panel,27000.0,,Regular Season,Week 18,,,,,,,,,Wednesday,3,March,0,0,0,0,0,0,0,0,0,0,0,0,0,0,0,0,0,0,10.203592144986466
TV Media Blog 2025-26 Datawrapper,https://tvmediablog.substack.com/api/v1/posts/2025-26-college-basketball-viewership,2025-26,basketball,men,Tulsa/East Carolina,Tulsa,East Carolina,2026-03-05,7PM,Prime,ESPNU,25000,panel,25000.0,,Regular Season,Week 18,,,,,,,,,Thursday,3,March,0,0,0,0,0,0,0,0,0,0,0,0,0,0,0,0,0,0,10.126631103850338
TV Media Blog 2025-26 Datawrapper,https://tvmediablog.substack.com/api/v1/posts/2025-26-college-basketball-viewership,2025-26,basketball,men,Notre Dame/Boston College,Notre Dame,Boston College,2026-03-07,12PM,Early,ESPNU,24000,panel,24000.0,,Regular Season,Week 18,,,,,,,,,Saturday,3,March,1,0,0,0,0,0,0,0,0,0,0,0,0,0,0,0,0,0,10.085809109330082
TV Media Blog 2025-26 Datawrapper,https://tvmediablog.substack.com/api/v1/posts/2025-26-college-basketball-viewership,2025-26,basketball,men,South Carolina State/NC Central,South Carolina State,North Carolina Central,2026-03-05,5PM,Mid,ESPNU,13000,panel,13000.0,,Regular Season,Week 18,,,,,,,,,Thursday,3,March,0,0,0,0,0,0,0,0,0,0,0,0,0,0,0,0,0,0,9.472704636443673
TV Media Blog 2025-26 Datawrapper,https://tvmediablog.substack.com/api/v1/posts/2025-26-college-basketball-viewership,2025-26,basketball,men,UT Martin/Tennessee Tech,UT Martin,Tennessee Tech,2026-03-06,8PM,Prime,ESPNU,12000,panel,12000.0,,Regular Season,Week 18,,,,,,,,,Friday,3,March,0,0,0,0,0,0,0,0,0,0,0,0,0,0,0,0,0,0,9.392661928770137
TV Media Blog 2025-26 Datawrapper,https://tvmediablog.substack.com/api/v1/posts/2025-26-college-basketball-viewership,2025-26,basketball,men,UC Davis/UC Irvine,UC Davis,UC Irvine,2026-03-07,8PM,Prime,ESPNU,9000,panel,9000.0,,Regular Season,Week 18,,,,,,,,,Saturday,3,March,1,0,0,0,0,0,0,0,0,0,0,0,0,0,0,0,0,0,9.104979856318357
TV Media Blog 2025-26 Datawrapper,https://tvmediablog.substack.com/api/v1/posts/2025-26-college-basketball-viewership,2025-26,basketball,men,Western Carolina/ETSU,Western Carolina,ETSU,2026-03-08,4PM,Mid,ESPNU,9000,panel,9000.0,,Regular Season,Week 18,,,,,,,,,Sunday,3,March,1,0,0,0,0,0,0,0,0,0,0,0,0,0,0,0,0,0,9.104979856318357
TV Media Blog 2025-26 Datawrapper,https://tvmediablog.substack.com/api/v1/posts/2025-26-college-basketball-viewership,2025-26,basketball,men,Southeast Missouri/Morehead State,Southeast Missouri,Morehead State,2026-03-06,10:30PM,Prime,ESPNU,6000,panel,6000.0,,Regular Season,Week 18,,,,,,,,,Friday,3,March,0,0,0,0,0,0,0,0,0,0,0,0,0,0,0,0,0,0,8.699514748210191
TV Media Blog 2025-26 Datawrapper,https://tvmediablog.substack.com/api/v1/posts/2025-26-college-basketball-viewership,2025-26,basketball,men,Cal/Georgia Tech,California,Georgia Tech,2026-03-04,7PM,Prime,ESPNU,5000,panel,5000.0,,Regular Season,Week 18,,,,,,,,,Wednesday,3,March,0,0,0,0,0,0,0,0,0,0,0,0,0,0,0,0,0,0,8.517193191416238
TV Media Blog 2025-26 Datawrapper,https://tvmediablog.substack.com/api/v1/posts/2025-26-college-basketball-viewership,2025-26,basketball,men,Ohio State/Michigan,Ohio State,Michigan,2026-03-13,12PM,Early,BTN,787000,panel,787000.0,,Regular Season,Week 19,,,,,,,,,Friday,3,March,0,0,21,0,1,3,1,0,1,1,0,0,0,0,0,0,0,0,13.57598352739954
TV Media Blog 2025-26 Datawrapper,https://tvmediablog.substack.com/api/v1/posts/2025-26-college-basketball-viewership,2025-26,basketball,men,TCU/Kansas,TCU,Kansas,2026-03-12,9:30PM,Prime,ESPN2,767000,panel,767000.0,,Regular Season,Week 19,,,,,,,,,Thursday,3,March,0,0,25,0,1,14,0,1,0,2,0,0,0,0,0,0,0,0,13.550242080349394
TV Media Blog 2025-26 Datawrapper,https://tvmediablog.substack.com/api/v1/posts/2025-26-college-basketball-viewership,2025-26,basketball,men,SMU/Louisville,SMU,Louisville,2026-03-11,2:30PM,Early,ESPN,637000,panel,637000.0,,Regular Season,Week 19,,,,,,,,,Wednesday,3,March,0,0,24,0,1,24,0,1,0,2,0,0,0,0,0,0,0,0,13.3645249345543
TV Media Blog 2025-26 Datawrapper,https://tvmediablog.substack.com/api/v1/posts/2025-26-college-basketball-viewership,2025-26,basketball,men,Louisville/Miami (FL),Louisville,Miami (FL),2026-03-12,2:30PM,Early,ESPN2,609000,panel,609000.0,,Regular Season,Week 19,,,,,,,,,Thursday,3,March,0,0,24,0,1,0,0,0,0,1,0,0,0,0,0,0,0,0,13.319573546692034
TV Media Blog 2025-26 Datawrapper,https://tvmediablog.substack.com/api/v1/posts/2025-26-college-basketball-viewership,2025-26,basketball,men,Iowa State/Texas Tech,Iowa State,Texas Tech,2026-03-12,12:30PM,Early,ESPN,562000,panel,562000.0,,Regular Season,Week 19,,,,,,,,,Thursday,3,March,0,0,7,1,0,16,0,1,1,1,0,0,0,0,0,0,0,0,13.239257128875828
TV Media Blog 2025-26 Datawrapper,https://tvmediablog.substack.com/api/v1/posts/2025-26-college-basketball-viewership,2025-26,basketball,men,UCF/Arizona,UCF,Arizona,2026-03-12,3PM,Mid,ESPN,471000,panel,471000.0,,Regular Season,Week 19,,,,,,,,,Thursday,3,March,0,0,25,0,1,2,1,0,1,1,0,0,0,0,0,0,0,0,13.062613372998555
TV Media Blog 2025-26 Datawrapper,https://tvmediablog.substack.com/api/v1/posts/2025-26-college-basketball-viewership,2025-26,basketball,men,Penn/Yale,Penn,Yale,2026-03-15,12PM,Early,ESPN2,465000,panel,465000.0,,Conference Championship,Week 19,,,,,,,,,Sunday,3,March,1,1,0,0,0,0,0,0,0,0,0,0,0,0,0,0,0,0,13.049792684569493
TV Media Blog 2025-26 Datawrapper,https://tvmediablog.substack.com/api/v1/posts/2025-26-college-basketball-viewership,2025-26,basketball,men,NC State/Virginia,NC State,Virginia,2026-03-12,12PM,Early,ESPN2,430000,panel,430000.0,,Regular Season,Week 19,,,,,,,,,Thursday,3,March,0,0,23,0,1,10,1,0,1,1,0,0,0,0,0,0,0,0,12.971540487669746
TV Media Blog 2025-26 Datawrapper,https://tvmediablog.substack.com/api/v1/posts/2025-26-college-basketball-viewership,2025-26,basketball,men,Arizona State/Iowa State,Arizona State,Iowa State,2026-03-11,12:30PM,Early,ESPN,413000,panel,413000.0,,Regular Season,Week 19,,,,,,,,,Wednesday,3,March,0,0,0,0,0,7,1,0,1,0,0,0,0,0,0,0,0,0,12.931202871943169
TV Media Blog 2025-26 Datawrapper,https://tvmediablog.substack.com/api/v1/posts/2025-26-college-basketball-viewership,2025-26,basketball,men,Iowa/Ohio State,Iowa,Ohio State,2026-03-12,12PM,Early,BTN,403000,panel,403000.0,,Regular Season,Week 19,,,,,,,,,Thursday,3,March,0,0,19,0,1,21,0,1,0,2,0,0,0,0,0,0,0,0,12.90669184092882
TV Media Blog 2025-26 Datawrapper,https://tvmediablog.substack.com/api/v1/posts/2025-26-college-basketball-viewership,2025-26,basketball,men,Washington/Wisconsin,Washington,Wisconsin,2026-03-12,2:30PM,Early,BTN,354000,panel,354000.0,,Regular Season,Week 19,,,,,,,,,Thursday,3,March,0,0,0,0,0,23,0,1,0,1,0,0,0,0,0,0,0,0,12.777052192115912
TV Media Blog 2025-26 Datawrapper,https://tvmediablog.substack.com/api/v1/posts/2025-26-college-basketball-viewership,2025-26,basketball,men,Idaho/Montana,Idaho,Montana,2026-03-11,11:30PM,Prime,ESPN2,302000,panel,302000.0,,Conference Championship,Week 19,,,,,,,,,Wednesday,3,March,0,1,0,0,0,0,0,0,0,0,0,0,0,0,0,0,0,0,12.618182296357007
TV Media Blog 2025-26 Datawrapper,https://tvmediablog.substack.com/api/v1/posts/2025-26-college-basketball-viewership,2025-26,basketball,men,Pitt/NC State,Pitt,NC State,2026-03-11,12PM,Early,ESPN2,286000,panel,286000.0,,Regular Season,Week 19,,,,,,,,,Wednesday,3,March,0,0,18,0,1,23,0,1,0,2,0,0,0,0,0,0,0,0,12.56374708980199
TV Media Blog 2025-26 Datawrapper,https://tvmediablog.substack.com/api/v1/posts/2025-26-college-basketball-viewership,2025-26,basketball,men,Call State Fullerton/Hawaii,Cal State Fullerton,Hawaii,2026-03-13,11:30PM,Prime,ESPN2,270000,panel,270000.0,,Regular Season,Week 19,,,,,,,,,Friday,3,March,0,0,0,0,0,0,0,0,0,0,0,0,0,0,0,0,0,0,12.506177237980511
TV Media Blog 2025-26 Datawrapper,https://tvmediablog.substack.com/api/v1/posts/2025-26-college-basketball-viewership,2025-26,basketball,men,Vermont/UMBC,Vermont,UMBC,2026-03-14,11AM,Early,ESPN2,260000,panel,260000.0,,Conference Championship,Week 19,,,,,,,,,Saturday,3,March,1,1,0,0,0,0,0,0,0,0,0,0,0,0,0,0,0,0,12.468436909997665
TV Media Blog 2025-26 Datawrapper,https://tvmediablog.substack.com/api/v1/posts/2025-26-college-basketball-viewership,2025-26,basketball,men,UC Irvine/Hawaii,UC Irvine,Hawaii,2026-03-14,10PM,Prime,ESPN2,256000,panel,256000.0,,Conference Championship,Week 19,,,,,,,,,Saturday,3,March,1,1,0,0,0,0,0,0,0,0,0,0,0,0,0,0,0,0,12.4529327234617
TV Media Blog 2025-26 Datawrapper,https://tvmediablog.substack.com/api/v1/posts/2025-26-college-basketball-viewership,2025-26,basketball,men,McNeese/SFA,McNeese,Stephen F. Austin,2026-03-11,5PM,Mid,ESPN2,250000,panel,250000.0,,Conference Championship,Week 19,,,,,,,,,Wednesday,3,March,0,1,0,0,0,0,0,0,0,0,0,0,0,0,0,0,0,0,12.429216196844383
TV Media Blog 2025-26 Datawrapper,https://tvmediablog.substack.com/api/v1/posts/2025-26-college-basketball-viewership,2025-26,basketball,men,Santa Clara/Saint Mary's,Santa Clara,Saint Mary's,2026-03-09,11:30PM,Prime,ESPN2,238000,panel,238000.0,,Regular Season,Week 19,,,,,,,,,Monday,3,March,0,0,0,0,0,21,0,1,0,1,0,0,0,0,0,0,0,0,12.380025952653611
TV Media Blog 2025-26 Datawrapper,https://tvmediablog.substack.com/api/v1/posts/2025-26-college-basketball-viewership,2025-26,basketball,men,Cal Baptist/Utah Valley,California Baptist,Utah Valley,2026-03-14,11:59PM,Prime,ESPN2,235000,panel,235000.0,,Conference Championship,Week 19,,,,,,,,,Saturday,3,March,1,1,0,0,0,0,0,0,0,0,0,0,0,0,0,0,0,0,12.367340793126296
TV Media Blog 2025-26 Datawrapper,https://tvmediablog.substack.com/api/v1/posts/2025-26-college-basketball-viewership,2025-26,basketball,men,Charlotte/USF,Charlotte,South Florida,2026-03-14,3PM,Mid,ESPN2,200000,panel,200000.0,,Regular Season,Week 19,,,,,,,,,Saturday,3,March,1,0,0,0,0,24,0,1,0,1,0,0,0,0,0,0,0,0,12.206072645530174
TV Media Blog 2025-26 Datawrapper,https://tvmediablog.substack.com/api/v1/posts/2025-26-college-basketball-viewership,2025-26,basketball,men,Tulsa/Wichita State,Tulsa,Wichita State,2026-03-14,5:30PM,Mid,ESPN2,174000,panel,174000.0,,Regular Season,Week 19,,,,,,,,,Saturday,3,March,1,0,0,0,0,0,0,0,0,0,0,0,0,0,0,0,0,0,12.066810578196666
TV Media Blog 2025-26 Datawrapper,https://tvmediablog.substack.com/api/v1/posts/2025-26-college-basketball-viewership,2025-26,basketball,men,North Texas/Tulsa,North Texas,Tulsa,2026-03-13,3:30PM,Mid,ESPN2,167000,panel,167000.0,,Regular Season,Week 19,,,,,,,,,Friday,3,March,0,0,0,0,0,0,0,0,0,0,0,0,0,0,0,0,0,0,12.025749091398891
TV Media Blog 2025-26 Datawrapper,https://tvmediablog.substack.com/api/v1/posts/2025-26-college-basketball-viewership,2025-26,basketball,men,Oregon State/Gonzaga,Oregon State,Gonzaga,2026-03-10,4PM,Mid,ESPN2,148000,panel,148000.0,,Conference Championship,Week 19,,,,,,,,,Tuesday,3,March,0,1,0,0,0,12,0,1,0,1,0,0,0,0,0,0,0,0,11.904967552746252
TV Media Blog 2025-26 Datawrapper,https://tvmediablog.substack.com/api/v1/posts/2025-26-college-basketball-viewership,2025-26,basketball,men,St. Bonaventure/Dayton,St. Bonaventure,Dayton,2026-03-13,2PM,Early,USA,143000,panel,143000.0,,Regular Season,Week 19,,,,,,,,,Friday,3,March,0,0,0,0,0,22,0,1,0,1,0,0,0,0,0,0,0,0,11.870599909242044
TV Media Blog 2025-26 Datawrapper,https://tvmediablog.substack.com/api/v1/posts/2025-26-college-basketball-viewership,2025-26,basketball,men,NC Central/Howard,North Carolina Central,Howard,2026-03-14,1PM,Early,ESPN2,136000,panel,136000.0,,Conference Championship,Week 19,,,,,,,,,Saturday,3,March,1,1,0,0,0,0,0,0,0,0,0,0,0,0,0,0,0,0,11.820410164718188
TV Media Blog 2025-26 Datawrapper,https://tvmediablog.substack.com/api/v1/posts/2025-26-college-basketball-viewership,2025-26,basketball,men,Oklahoma State/TCU,Oklahoma State,TCU,2026-03-11,9:30PM,Prime,ESPNU,122000,panel,122000.0,,Regular Season,Week 19,,,,,,,,,Wednesday,3,March,0,0,0,0,0,25,0,1,0,1,0,0,0,0,0,0,0,0,11.711776323715394
TV Media Blog 2025-26 Datawrapper,https://tvmediablog.substack.com/api/v1/posts/2025-26-college-basketball-viewership,2025-26,basketball,men,Cal/Florida State,California,Florida State,2026-03-11,7PM,Prime,ESPNU,113000,panel,113000.0,,Regular Season,Week 19,,,,,,,,,Wednesday,3,March,0,0,0,0,0,0,0,0,0,0,0,0,0,0,0,0,0,0,11.635143097694478
TV Media Blog 2025-26 Datawrapper,https://tvmediablog.substack.com/api/v1/posts/2025-26-college-basketball-viewership,2025-26,basketball,men,Charlotte/UAB,Charlotte,UAB,2026-03-13,1PM,Early,ESPN2,113000,panel,113000.0,,Regular Season,Week 19,,,,,,,,,Friday,3,March,0,0,0,0,0,0,0,0,0,0,0,0,0,0,0,0,0,0,11.635143097694478
TV Media Blog 2025-26 Datawrapper,https://tvmediablog.substack.com/api/v1/posts/2025-26-college-basketball-viewership,2025-26,basketball,men,George Washington/Saint Louis,George Washington,Saint Louis,2026-03-13,11:30AM,Early,USA,105000,panel,105000.0,,Regular Season,Week 19,,,,,,,,,Friday,3,March,0,0,0,0,0,25,0,1,0,1,0,0,0,0,0,0,0,0,11.56171562913966
TV Media Blog 2025-26 Datawrapper,https://tvmediablog.substack.com/api/v1/posts/2025-26-college-basketball-viewership,2025-26,basketball,men,Mercyhurst/LIU,Mercyhurst,LIU,2026-03-10,7PM,Prime,ESPN2,95000,panel,95000.0,,Conference Championship,Week 19,,,,,,,,,Tuesday,3,March,0,1,0,0,0,0,0,0,0,0,0,0,0,0,0,0,0,0,11.461632170582678
TV Media Blog 2025-26 Datawrapper,https://tvmediablog.substack.com/api/v1/posts/2025-26-college-basketball-viewership,2025-26,basketball,men,Duquesne/VCU,Duquesne,VCU,2026-03-13,5PM,Mid,USA,92000,panel,92000.0,,Regular Season,Week 19,,,,,,,,,Friday,3,March,0,0,0,0,0,0,0,0,0,0,0,0,0,0,0,0,0,0,11.429543856031177
TV Media Blog 2025-26 Datawrapper,https://tvmediablog.substack.com/api/v1/posts/2025-26-college-basketball-viewership,2025-26,basketball,men,Rhode Island/Duquesne,Rhode Island,Duquesne,2026-03-12,5PM,Mid,USA,89000,panel,89000.0,,Regular Season,Week 19,,,,,,,,,Thursday,3,March,0,0,0,0,0,0,0,0,0,0,0,0,0,0,0,0,0,0,11.396391648714276
TV Media Blog 2025-26 Datawrapper,https://tvmediablog.substack.com/api/v1/posts/2025-26-college-basketball-viewership,2025-26,basketball,men,Idaho/Eastern Washington,Idaho,Eastern Washington,2026-03-10,11:30PM,Prime,ESPN2,81000,panel,81000.0,,Regular Season,Week 19,,,,,,,,,Tuesday,3,March,0,0,0,0,0,0,0,0,0,0,0,0,0,0,0,0,0,0,11.302204433654575
TV Media Blog 2025-26 Datawrapper,https://tvmediablog.substack.com/api/v1/posts/2025-26-college-basketball-viewership,2025-26,basketball,men,Cornell/Yale,Cornell,Yale,2026-03-14,11AM,Early,ESPNU,80000,panel,80000.0,,Regular Season,Week 19,,,,,,,,,Saturday,3,March,1,0,0,0,0,0,0,0,0,0,0,0,0,0,0,0,0,0,11.289781913656018
TV Media Blog 2025-26 Datawrapper,https://tvmediablog.substack.com/api/v1/posts/2025-26-college-basketball-viewership,2025-26,basketball,men,Cincinnati/UCF,Cincinnati,UCF,2026-03-11,3PM,Mid,ESPNU,73000,panel,73000.0,,Regular Season,Week 19,,,,,,,,,Wednesday,3,March,0,0,16,0,1,25,0,1,0,2,0,0,0,0,0,0,0,0,11.198214720130528
TV Media Blog 2025-26 Datawrapper,https://tvmediablog.substack.com/api/v1/posts/2025-26-college-basketball-viewership,2025-26,basketball,men,St. Bonaventure/George Mason,St. Bonaventure,George Mason,2026-03-12,2PM,Early,USA,69000,panel,69000.0,,Regular Season,Week 19,,,,,,,,,Thursday,3,March,0,0,0,0,0,0,0,0,0,0,0,0,0,0,0,0,0,0,11.141861783579396
TV Media Blog 2025-26 Datawrapper,https://tvmediablog.substack.com/api/v1/posts/2025-26-college-basketball-viewership,2025-26,basketball,men,Northern Kentucky/Wright State,Northern Kentucky,Wright State,2026-03-09,7PM,Prime,ESPNU,63000,panel,63000.0,,Regular Season,Week 19,,,,,,,,,Monday,3,March,0,0,0,0,0,0,0,0,0,0,0,0,0,0,0,0,0,0,11.05089000537367
TV Media Blog 2025-26 Datawrapper,https://tvmediablog.substack.com/api/v1/posts/2025-26-college-basketball-viewership,2025-26,basketball,men,George Washington/Fordham,George Washington,Fordham,2026-03-12,11:30AM,Early,USA,60000,panel,60000.0,,Regular Season,Week 19,,,,,,,,,Thursday,3,March,0,0,0,0,0,0,0,0,0,0,0,0,0,0,0,0,0,0,11.002099841204238
TV Media Blog 2025-26 Datawrapper,https://tvmediablog.substack.com/api/v1/posts/2025-26-college-basketball-viewership,2025-26,basketball,men,Loyola Chicago/Richmond,Loyola Chicago,Richmond,2026-03-11,2PM,Early,USA,52000,panel,52000.0,,Regular Season,Week 19,,,,,,,,,Wednesday,3,March,0,0,0,0,0,0,0,0,0,0,0,0,0,0,0,0,0,0,10.858998997563564
TV Media Blog 2025-26 Datawrapper,https://tvmediablog.substack.com/api/v1/posts/2025-26-college-basketball-viewership,2025-26,basketball,men,Loyola Chicago/Davidson,Loyola Chicago,Davidson,2026-03-12,7:30PM,Prime,USA,45000,panel,45000.0,,Regular Season,Week 19,,,,,,,,,Thursday,3,March,0,0,0,0,0,0,0,0,0,0,0,0,0,0,0,0,0,0,10.714417768752456
TV Media Blog 2025-26 Datawrapper,https://tvmediablog.substack.com/api/v1/posts/2025-26-college-basketball-viewership,2025-26,basketball,men,St. Bonaventure/La Salle,St. Bonaventure,La Salle,2026-03-11,11:30AM,Early,USA,43000,panel,43000.0,,Regular Season,Week 19,,,,,,,,,Wednesday,3,March,0,0,0,0,0,0,0,0,0,0,0,0,0,0,0,0,0,0,10.668955394675699
TV Media Blog 2025-26 Datawrapper,https://tvmediablog.substack.com/api/v1/posts/2025-26-college-basketball-viewership,2025-26,basketball,men,Davidson/Saint Joseph's,Davidson,Saint Joseph's,2026-03-13,7:30PM,Prime,CNBC,39000,panel,39000.0,,Regular Season,Week 19,,,,,,,,,Friday,3,March,0,0,0,0,0,0,0,0,0,0,0,0,0,0,0,0,0,0,10.571316925111784
TV Media Blog 2025-26 Datawrapper,https://tvmediablog.substack.com/api/v1/posts/2025-26-college-basketball-viewership,2025-26,basketball,men,Montana/Portland State,Montana,Portland State,2026-03-10,9PM,Prime,ESPNU,17000,panel,17000.0,,Regular Season,Week 19,,,,,,,,,Tuesday,3,March,0,0,0,0,0,0,0,0,0,0,0,0,0,0,0,0,0,0,9.740968623038354
TV Media Blog 2025-26 Datawrapper,https://tvmediablog.substack.com/api/v1/posts/2025-26-college-basketball-viewership,2025-26,basketball,men,Tulane/Charlotte,Tulane,Charlotte,2026-03-12,7PM,Prime,ESPNU,14000,panel,14000.0,,Regular Season,Week 19,,,,,,,,,Thursday,3,March,0,0,0,0,0,0,0,0,0,0,0,0,0,0,0,0,0,0,9.546812608597396
TV Media Blog 2025-26 Datawrapper,https://tvmediablog.substack.com/api/v1/posts/2025-26-college-basketball-viewership,2025-26,basketball,men,A&M CC/SFA,Texas A&M-Corpus Christi,Stephen F. Austin,2026-03-10,7PM,Prime,ESPNU,13000,panel,13000.0,,Regular Season,Week 19,,,,,,,,,Tuesday,3,March,0,0,0,0,0,0,0,0,0,0,0,0,0,0,0,0,0,0,9.472704636443673
TV Media Blog 2025-26 Datawrapper,https://tvmediablog.substack.com/api/v1/posts/2025-26-college-basketball-viewership,2025-26,basketball,men,Prairie View A&M/Southern,Prairie View A&M,Southern,2026-03-14,7:30PM,Prime,ESPNU,11000,panel,11000.0,,Conference Championship,Week 19,,,,,,,,,Saturday,3,March,1,1,0,0,0,0,0,0,0,0,0,0,0,0,0,0,0,0,9.305650551780507
TV Media Blog 2025-26 Datawrapper,https://tvmediablog.substack.com/api/v1/posts/2025-26-college-basketball-viewership,2025-26,basketball,men,FAU/North Texas,Florida Atlantic,North Texas,2026-03-12,9:30PM,Prime,ESPNU,10000,panel,10000.0,,Regular Season,Week 19,,,,,,,,,Thursday,3,March,0,0,24,0,1,0,0,0,0,1,0,0,0,0,0,0,0,0,9.210340371976184
TV Media Blog 2025-26 Datawrapper,https://tvmediablog.substack.com/api/v1/posts/2025-26-college-basketball-viewership,2025-26,basketball,men,Call State Northridge/UC Irvine,Cal State Northridge,UC Irvine,2026-03-13,9PM,Prime,ESPNU,10000,panel,10000.0,,Regular Season,Week 19,,,,,,,,,Friday,3,March,0,0,0,0,0,0,0,0,0,0,0,0,0,0,0,0,0,0,9.210340371976184
TV Media Blog 2025-26 Datawrapper,https://tvmediablog.substack.com/api/v1/posts/2025-26-college-basketball-viewership,2025-26,basketball,men,Troy/Nebraska,Troy,Nebraska,2026-03-19,12:30PM,Early,truTV,893000,panel,893000.0,,First Round,Postseason,Men's March Madness,First Round,,,,,,,Thursday,3,March,0,1,0,0,0,15,0,1,0,1,13,1,4,1,2,4,13,9,13.702341859858636
TV Media Blog 2025-26 Datawrapper,https://tvmediablog.substack.com/api/v1/posts/2025-26-college-basketball-viewership,2025-26,basketball,men,McNeese/Vanderbilt,McNeese,Vanderbilt,2026-03-19,3PM,Mid,truTV,753000,panel,753000.0,,First Round,Postseason,Men's March Madness,First Round,,,,,,,Thursday,3,March,0,1,0,0,0,16,0,1,0,1,12,1,5,1,2,5,12,7,13.531820506782031
TV Media Blog 2025-26 Datawrapper,https://tvmediablog.substack.com/api/v1/posts/2025-26-college-basketball-viewership,2025-26,basketball,men,USF/Louisville,South Florida,Louisville,2026-03-19,1:30PM,Early,TNT,732000,panel,732000.0,,First Round,Postseason,Men's March Madness,First Round,,,,,,,Thursday,3,March,0,1,24,0,1,23,0,1,0,2,11,1,6,1,2,6,11,5,13.503535792943449
TV Media Blog 2025-26 Datawrapper,https://tvmediablog.substack.com/api/v1/posts/2025-26-college-basketball-viewership,2025-26,basketball,men,Akron/Texas Tech,Akron,Texas Tech,2026-03-20,12:30PM,Early,truTV,725000,panel,725000.0,,First Round,Postseason,Men's March Madness,First Round,,,,,,,Friday,3,March,0,1,0,0,0,20,0,1,0,1,12,1,5,1,2,5,12,7,13.493926933836812
TV Media Blog 2025-26 Datawrapper,https://tvmediablog.substack.com/api/v1/posts/2025-26-college-basketball-viewership,2025-26,basketball,men,Idaho/Houston,Idaho,Houston,2026-03-19,10PM,Prime,truTV,627000,panel,627000.0,,First Round,Postseason,Men's March Madness,First Round,,,,,,,Thursday,3,March,0,1,0,0,0,5,1,0,1,0,15,1,2,1,2,2,15,13,13.348701819615057
TV Media Blog 2025-26 Datawrapper,https://tvmediablog.substack.com/api/v1/posts/2025-26-college-basketball-viewership,2025-26,basketball,men,LIU/Arizona,LIU,Arizona,2026-03-20,1:30PM,Early,TNT,547000,panel,547000.0,,First Round,Postseason,Men's March Madness,First Round,,,,,,,Friday,3,March,0,1,0,0,0,2,1,0,1,0,16,1,1,1,2,1,16,15,13.212204081404119
TV Media Blog 2025-26 Datawrapper,https://tvmediablog.substack.com/api/v1/posts/2025-26-college-basketball-viewership,2025-26,basketball,men,Baylor/Minnesota,Baylor,Minnesota,2026-04-01,10:30PM,Prime,FS1,141000,panel,141000.0,,Quarterfinal,Postseason,Crown,Quarterfinal,,,,,,,Wednesday,4,March,0,1,25,0,1,0,0,0,0,1,0,0,0,0,0,0,0,0,11.856515169360305
TV Media Blog 2025-26 Datawrapper,https://tvmediablog.substack.com/api/v1/posts/2025-26-college-basketball-viewership,2025-26,basketball,men,UIC/Cal,UIC,California,2026-03-18,11PM,Prime,ESPN2,127000,panel,127000.0,,First Round,Postseason,NIT,First Round,,,,,,,Wednesday,3,March,0,1,0,0,0,0,0,0,0,0,0,0,0,0,0,0,0,0,11.751942365440728
TV Media Blog 2025-26 Datawrapper,https://tvmediablog.substack.com/api/v1/posts/2025-26-college-basketball-viewership,2025-26,basketball,men,Seattle U/Auburn,Seattle U,Auburn,2026-03-22,6:30PM,Mid,ESPN2,102000,panel,102000.0,,Second Round,Postseason,NIT,Second Round,,,,,,,Sunday,3,March,1,1,0,0,0,21,0,1,0,1,0,0,0,0,0,0,0,0,11.532728092266408
TV Media Blog 2025-26 Datawrapper,https://tvmediablog.substack.com/api/v1/posts/2025-26-college-basketball-viewership,2025-26,basketball,men,Illinois State/Wake Forest,Illinois State,Wake Forest,2026-03-22,4:30PM,Mid,ESPN2,91000,panel,91000.0,,Second Round,Postseason,NIT,Second Round,,,,,,,Sunday,3,March,1,1,0,0,0,0,0,0,0,0,0,0,0,0,0,0,0,0,11.418614785498987
TV Media Blog 2025-26 Datawrapper,https://tvmediablog.substack.com/api/v1/posts/2025-26-college-basketball-viewership,2025-26,basketball,men,Rutgers/Creighton,Rutgers,Creighton,2026-04-02,10:30PM,Prime,FS1,79000,panel,79000.0,,Quarterfinal,Postseason,Crown,Quarterfinal,,,,,,,Thursday,4,March,0,1,24,0,1,23,0,1,0,2,0,0,0,0,0,0,0,0,11.27720313144916
TV Media Blog 2025-26 Datawrapper,https://tvmediablog.substack.com/api/v1/posts/2025-26-college-basketball-viewership,2025-26,basketball,men,Wyoming/Wichita State,Wyoming,Wichita State,2026-03-17,7PM,Prime,ESPNU,77000,panel,77000.0,,First Round,Postseason,NIT,First Round,,,,,,,Tuesday,3,March,0,1,0,0,0,0,0,0,0,0,0,0,0,0,0,0,0,0,11.251560700835821
TV Media Blog 2025-26 Datawrapper,https://tvmediablog.substack.com/api/v1/posts/2025-26-college-basketball-viewership,2025-26,basketball,men,Navy/Wake Forest,Navy,Wake Forest,2026-03-18,7PM,Prime,ESPNU,76000,panel,76000.0,,First Round,Postseason,NIT,First Round,,,,,,,Wednesday,3,March,0,1,0,0,0,0,0,0,0,0,0,0,0,0,0,0,0,0,11.238488619268468
TV Media Blog 2025-26 Datawrapper,https://tvmediablog.substack.com/api/v1/posts/2025-26-college-basketball-viewership,2025-26,basketball,men,Dayton/Bradley,Dayton,Bradley,2026-03-18,9PM,Prime,ESPNU,66000,panel,66000.0,,First Round,Postseason,NIT,First Round,,,,,,,Wednesday,3,March,0,1,22,0,1,0,0,0,0,1,0,0,0,0,0,0,0,0,11.097410021008562
TV Media Blog 2025-26 Datawrapper,https://tvmediablog.substack.com/api/v1/posts/2025-26-college-basketball-viewership,2025-26,basketball,men,SFA/Tulsa,Stephen F. Austin,Tulsa,2026-03-17,9PM,Prime,ESPNU,65000,panel,65000.0,,First Round,Postseason,NIT,First Round,,,,,,,Tuesday,3,March,0,1,0,0,0,0,0,0,0,0,0,0,0,0,0,0,0,0,11.082142548877775
TV Media Blog 2025-26 Datawrapper,https://tvmediablog.substack.com/api/v1/posts/2025-26-college-basketball-viewership,2025-26,basketball,men,UNLV/UC Irvine,UNLV,UC Irvine,2026-03-17,11PM,Prime,ESPNU,58000,panel,58000.0,,First Round,Postseason,NIT,First Round,,,,,,,Tuesday,3,March,0,1,0,0,0,0,0,0,0,0,0,0,0,0,0,0,0,0,10.968198289528557
TV Media Blog 2025-26 Datawrapper,https://tvmediablog.substack.com/api/v1/posts/2025-26-college-basketball-viewership,2025-26,basketball,men,Saint Joseph's/Colorado State,Saint Joseph's,Colorado State,2026-03-18,11PM,Prime,ESPNU,56000,panel,56000.0,,First Round,Postseason,NIT,First Round,,,,,,,Wednesday,3,March,0,1,0,0,0,22,0,1,0,1,0,0,0,0,0,0,0,0,10.933106969717286
TV Media Blog 2025-26 Datawrapper,https://tvmediablog.substack.com/api/v1/posts/2025-26-college-basketball-viewership,2025-26,basketball,men,Saint Joseph's/Cal,Saint Joseph's,California,2026-03-22,9PM,Prime,ESPNU,19000,panel,19000.0,,Second Round,Postseason,NIT,Second Round,,,,,,,Sunday,3,March,1,1,0,0,0,0,0,0,0,0,0,0,0,0,0,0,0,0,9.852194258148577
TV Media Blog 2025-26 Datawrapper,https://tvmediablog.substack.com/api/v1/posts/2025-26-college-basketball-viewership,2025-26,basketball,men,UNLV/Tulsa,UNLV,Tulsa,2026-03-22,7PM,Prime,ESPNU,12000,panel,12000.0,,Second Round,Postseason,NIT,Second Round,,,,,,,Sunday,3,March,1,1,0,0,0,0,0,0,0,0,0,0,0,0,0,0,0,0,9.392661928770137
On3 2025-26 most-watched games,https://www.on3.com/news/college-basketball-tv-ratings-most-watched-mens-games-2025-26-season/,2025-26,mens,men,National championship: Michigan vs. UConn,Michigan,UConn,2026-04-06,8:50 p.m. ET,Prime,TBS + TNT + truTV,18280000,,,,National Championship,,,,,,,,,,Monday,4,March,0,1,3,1,0,7,1,0,2,0,0,0,0,0,0,0,0,0,16.72131812399028
On3 2025-26 most-watched games,https://www.on3.com/news/college-basketball-tv-ratings-most-watched-mens-games-2025-26-season/,2025-26,mens,men,Final 4: Michigan vs. Arizona,Michigan,Arizona,2026-04-04,9:08 p.m. ET,Prime,TBS + TNT + truTV,14290000,,,,Final Four,,,,,,,,,,Saturday,4,March,1,1,3,1,0,2,1,0,2,0,1,1,1,1,2,1,16,0,16.47507054990605
On3 2025-26 most-watched games,https://www.on3.com/news/college-basketball-tv-ratings-most-watched-mens-games-2025-26-season/,2025-26,mens,men,Final 4: UConn vs. Illinois,UConn,Illinois,2026-04-04,6:09 p.m. ET,Mid,TBS + TNT + truTV,14160000,,,,Final Four,,,,,,,,,,Saturday,4,March,1,1,7,1,0,13,0,1,1,1,2,1,3,1,2,2,15,1,16.465931646229848
Sports Media Watch 2023-24 OCR Week 1,https://www.sportsmediawatch.com/wp-content/uploads/2024/01/nov6to12.png,2023-24,basketball,men,Arizona / Duke,Arizona,Duke,2023-11-10,7:00,Early,ESPN2,1193000,sportsmediawatch_ocr,1193000.0,,Regular Season,Week 1,,,0.64,COLLEGE BKBL REG SSN OL,ESPN2,0.64,"1,193","Fri 11.10.23 7:00 COLLEGE BKBL REG SSN OL ARIZONA / DUKE ESPN2 0.64 1,193",Friday,11,November,0,0,12,0,1,2,1,0,1,1,0,0,0,0,0,0,0,0,13.991981701080054
Sports Media Watch 2023-24 OCR Week 1,https://www.sportsmediawatch.com/wp-content/uploads/2024/01/nov6to12.png,2023-24,basketball,men,Auburn / Baylor,Auburn,Baylor,2023-11-07,9:01,Early,ESPN,582000,sportsmediawatch_ocr,582000.0,,Regular Season,Week 1,,,0.33,COLLEGE BKBL REG SSN OL,ESPN,0.33,582,Tue 11.07.23 9:01 COLLEGE BKBL REG SSN OL AUBURN / BAYLOR ESPN 0.33 582,Tuesday,11,November,0,0,0,0,0,20,0,1,0,1,0,0,0,0,0,0,0,0,13.274225726713574
Sports Media Watch 2023-24 OCR Week 1,https://www.sportsmediawatch.com/wp-content/uploads/2024/01/nov6to12.png,2023-24,basketball,men,Florida Gulf Coast / Indiana,FGCU,Indiana,2023-11-07,6:30,Early,BTN,277000,sportsmediawatch_ocr,277000.0,,Regular Season,Week 1,,,0.15,BIGMENSBASKETBALLL,BTN,0.15,277,Tue 11.0723 6:30 BIGMENSBASKETBALLL FLORIDA GULF COAST / 71.11 BTN 0.15 277,Tuesday,11,November,0,0,0,0,0,0,0,0,0,0,0,0,0,0,0,0,0,0,12.531772785169476
Sports Media Watch 2023-24 OCR Week 1,https://www.sportsmediawatch.com/wp-content/uploads/2024/01/nov6to12.png,2023-24,basketball,men,James Madison/Michigan State,James Madison,Michigan State,2023-11-06,8:36,Early,BTN,233000,sportsmediawatch_ocr,233000.0,,Regular Season,Week 1,,,0.14,BIGMENSBASKETBALLL,BTN,0.14,233,Mon 11.06.23 8:36 BIGMENSBASKETBALLL JAMES MADISON / JIUICAN STATE BTN 0.14 233,Monday,11,November,0,0,0,0,0,4,1,0,1,0,0,0,0,0,0,0,0,0,12.358793732547838
Sports Media Watch 2023-24 OCR Week 1,https://www.sportsmediawatch.com/wp-content/uploads/2024/01/nov6to12.png,2023-24,basketball,men,UNC Asheville / Michigan,UNC Asheville,Michigan,2023-11-07,8:37,Early,BTN,215000,sportsmediawatch_ocr,215000.0,,Regular Season,Week 1,,,0.12,_BIGMENSBASKETBALLL,BTN,0.12,215,T bo? 53 8:37 _BIGMENSBASKETBALLL UNC-ASHEVILLE / MICHIGAN BTN 0.12 215,Tuesday,11,November,0,0,0,0,0,0,0,0,0,0,0,0,0,0,0,0,0,0,12.2783933071098
Sports Media Watch 2023-24 OCR Week 1,https://www.sportsmediawatch.com/wp-content/uploads/2024/01/nov6to12.png,2023-24,basketball,men,Floridaa&M / Creighton,Florida A&M,Creighton,2023-11-07,,Unknown,FS1,185000,sportsmediawatch_ocr,185000.0,,Regular Season,Week 1,,,0.08,COLL BSKTBL: BIGEASTL,FS1,0.08,185,9 2)  COLL BSKTBL: BIGEASTL FLORIDAA&M/CREIGHTON FS1 0.08 185,Tuesday,11,November,0,0,0,0,0,8,1,0,1,0,0,0,0,0,0,0,0,0,12.128111104060462
Sports Media Watch 2023-24 OCR Week 1,https://www.sportsmediawatch.com/wp-content/uploads/2024/01/nov6to12.png,2023-24,basketball,men,Army / Indiana,Army,Indiana,2023-11-12,7:07,Early,BTN,170000,sportsmediawatch_ocr,170000.0,,Regular Season,Week 1,,,0.1,B1G MENS BASKETBALLL,BIN,0.10,170,Sun 11.12.23 7:07 B1G MENS BASKETBALLL ARMY / INDIANA BIN 0.10 170,Sunday,11,November,1,0,0,0,0,0,0,0,0,0,0,0,0,0,0,0,0,0,12.043553716032399
Sports Media Watch 2023-24 OCR Week 1,https://www.sportsmediawatch.com/wp-content/uploads/2024/01/nov6to12.png,2023-24,basketball,men,Stony Brook / St. John's,Stony Brook,St. John's,2023-11-07,,Unknown,FS1,166000,sportsmediawatch_ocr,166000.0,,Regular Season,Week 1,,,0.09,COLL BSKTBL: BIGEASTL,FSI,0.09,166,1703  COLL BSKTBL: BIGEASTL STONY BROOK/STJOHN S FSI 0.09 166,Tuesday,11,November,0,0,0,0,0,0,0,0,0,0,0,0,0,0,0,0,0,0,12.01974306733868
Sports Media Watch 2023-24 OCR Week 1,https://www.sportsmediawatch.com/wp-content/uploads/2024/01/nov6to12.png,2023-24,basketball,men,Samford / Purdue,Samford,Purdue,2023-11-06,6:30,Early,BTN,153000,sportsmediawatch_ocr,153000.0,,Regular Season,Week 1,,,0.1,B1G MENS BASKETBALLL,BIN,0.10,153,Mon 11.06.23 6:30 B1G MENS BASKETBALLL SAMFORD / PURDUE BIN 0.10 153,Monday,11,November,0,0,0,0,0,3,1,0,1,0,0,0,0,0,0,0,0,0,11.938193200374572
Sports Media Watch 2023-24 OCR Week 1,https://www.sportsmediawatch.com/wp-content/uploads/2024/01/nov6to12.png,2023-24,basketball,men,Southern Indiana/Michigan State,Southern Indiana,Michigan State,2023-11-09,7:00,Early,BTN,122000,sportsmediawatch_ocr,122000.0,,Regular Season,Week 1,,,0.06,BIGMENSBASKETBALLL,BTN,0.06,122,Thu 11.09.23 7:00 BIGMENSBASKETBALLL SOUTHERN INDIANA / JG. CAN TATE BTN 0.06 122,Thursday,11,November,0,0,0,0,0,4,1,0,1,0,0,0,0,0,0,0,0,0,11.711776323715394
Sports Media Watch 2023-24 OCR Week 1,https://www.sportsmediawatch.com/wp-content/uploads/2024/01/nov6to12.png,2023-24,basketball,men,Youngstown State/Michigan,Youngstown State,Michigan,2023-11-10,6:30,Early,BTN,116000,sportsmediawatch_ocr,116000.0,,Regular Season,Week 1,,,0.07,BIGMENSBASKETBALLL,BTN,0.07,116,Fri 11.10.23 6:30 BIGMENSBASKETBALLL YOUNGSTOWN STATE / INUICAN BTN 0.07 116,Friday,11,November,0,0,0,0,0,0,0,0,0,0,0,0,0,0,0,0,0,0,11.661345470088502
Sports Media Watch 2023-24 OCR Week 1,https://www.sportsmediawatch.com/wp-content/uploads/2024/01/nov6to12.png,2023-24,basketball,men,Dayton / Northwestern,Dayton,Northwestern,2023-11-10,,Unknown,BTN,107000,sportsmediawatch_ocr,107000.0,,Regular Season,Week 1,,,0.06,B1G MENS BASKETBALLL,BTN,0.06,107,it ED  B1G MENS BASKETBALLL DAYTON / NORTHWESTERN BTN 0.06 107,Friday,11,November,0,0,0,0,0,0,0,0,0,0,0,0,0,0,0,0,0,0,11.580584113444043
Sports Media Watch 2023-24 OCR Week 1,https://www.sportsmediawatch.com/wp-content/uploads/2024/01/nov6to12.png,2023-24,basketball,men,Northern Arizona / UConn,Northern Arizona,UConn,2023-11-06,6:30,Early,FS1,107000,sportsmediawatch_ocr,107000.0,,Regular Season,Week 1,,,0.06,COLL BSKTBL: BIGEASTL,FS1,0.06,107,Mon 11.06.23 6:30 COLL BSKTBL: BIGEASTL 23 OPENING NIGHT TIP OFF FS1 0.06 107,Monday,11,November,0,0,0,0,0,6,1,0,1,0,0,0,0,0,0,0,0,0,11.580584113444043
Sports Media Watch 2023-24 OCR Week 1,https://www.sportsmediawatch.com/wp-content/uploads/2024/01/nov6to12.png,2023-24,basketball,men,Le Moyne / Villanova,Le Moyne,Villanova,2023-11-10,,Unknown,FS1,76000,sportsmediawatch_ocr,76000.0,,Regular Season,Week 1,,,0.05,COLL BSKTBL: BIG EASTL_,FS1,0.05,76,it ED  COLL BSKTBL: BIG EASTL_ LEMOYNE/ VILLANOVA FS1 0.05 76,Friday,11,November,0,0,0,0,0,22,0,1,0,1,0,0,0,0,0,0,0,0,11.238488619268468
Sports Media Watch 2023-24 OCR Week 1,https://www.sportsmediawatch.com/wp-content/uploads/2024/01/nov6to12.png,2023-24,basketball,men,Davidson / Clemson,Davidson,Clemson,2023-11-12,3:07,Early,ESPN2,61000,sportsmediawatch_ocr,61000.0,,Regular Season,Week 1,,,0.04,COLLEGE BKBL REG SSN OL,ESPN2,0.04,61,Sun 11.1223 3:07 COLLEGE BKBL REG SSN OL DAVIDSON / CLEMSON ESPN2 0.04 61,Sunday,11,November,1,0,0,0,0,0,0,0,0,0,0,0,0,0,0,0,0,0,11.018629143155449
Sports Media Watch 2023-24 OCR Week 1,https://www.sportsmediawatch.com/wp-content/uploads/2024/01/nov6to12.png,2023-24,basketball,men,Cal State Fullerton / San Diego State,Cal State Fullerton,San Diego State,2023-11-06,10:40,Early,FS1,53000,sportsmediawatch_ocr,53000.0,,Regular Season,Week 1,,,0.03,COLL BSKTBL: MTN WEST L,FSI,0.03 .,53,Mon 11.06.23. 10:40 COLL BSKTBL: MTN WEST L CALST FULLERTON/ SAN DIEGO ST FSI 0.03 . 53,Monday,11,November,0,0,0,0,0,17,0,1,0,1,0,0,0,0,0,0,0,0,10.87804719253426
Sports Media Watch 2023-24 OCR Week 1,https://www.sportsmediawatch.com/wp-content/uploads/2024/01/nov6to12.png,2023-24,basketball,men,Rider / Marquette,Rider,Marquette,2023-11-10,8:30,Early,FS1,48000,sportsmediawatch_ocr,48000.0,,Regular Season,Week 1,,,0.02,COLL BSKTBL: BIGEASTL,FS1,0.02,48,Fri 11.10.23 8:30 COLL BSKTBL: BIGEASTL RIDER/ MARQUETTE FS1 0.02 48,Friday,11,November,0,0,0,0,0,5,1,0,1,0,0,0,0,0,0,0,0,0,10.778956289890028
Sports Media Watch 2023-24 OCR Week 1,https://www.sportsmediawatch.com/wp-content/uploads/2024/01/nov6to12.png,2023-24,basketball,men,Stonehill / UConn,Stonehill,UConn,2023-11-11,,Unknown,FS2,47000,sportsmediawatch_ocr,47000.0,,Regular Season,Week 1,,,0.03,COLL BSKTBL: BIGEASTL,FS2,0.03,47,ae 23  COLL BSKTBL: BIGEASTL STONEHILL/ UCONN FS2 0.03 47,Saturday,11,November,1,0,0,0,0,6,1,0,1,0,0,0,0,0,0,0,0,0,10.757902880692196
Sports Media Watch 2023-24 OCR Week 1,https://www.sportsmediawatch.com/wp-content/uploads/2024/01/nov6to12.png,2023-24,basketball,men,Maryland / Davidson,Maryland,Davidson,2023-11-10,7:00,Early,ESPNU,47000,sportsmediawatch_ocr,47000.0,,Regular Season,Week 1,,,0.02,COLLEGE BKBL REG SSN L,ESPNU,0.02,47,Fri 11.1023 7:00 COLLEGE BKBL REG SSN L MARYLAND / DAVIDSON ESPNU 0.02 47,Friday,11,November,0,0,0,0,0,0,0,0,0,0,0,0,0,0,0,0,0,0,10.757902880692196
Sports Media Watch 2023-24 OCR Week 1,https://www.sportsmediawatch.com/wp-content/uploads/2024/01/nov6to12.png,2023-24,basketball,men,Fdu / Seton Hall,FDU,Seton Hall,2023-11-11,4:00,Early,FS2,45000,sportsmediawatch_ocr,45000.0,,Regular Season,Week 1,,,0.01,COLL BSKTBL: BIGEASTL,FS2,0.01,45,Sat 11.1123 4:00 COLL BSKTBL: BIGEASTL FDU/SETON HALL FS2 0.01 45,Saturday,11,November,1,0,0,0,0,0,0,0,0,0,0,0,0,0,0,0,0,0,10.714417768752456
Sports Media Watch 2023-24 OCR Week 1,https://www.sportsmediawatch.com/wp-content/uploads/2024/01/nov6to12.png,2023-24,basketball,men,North Dakota State/Creighton,North Dakota State,Creighton,2023-11-11,2:00,Early,FS2,43000,sportsmediawatch_ocr,43000.0,,Regular Season,Week 1,,,0.02,COLLBSKTBL:BIGEASTL,FS2,0.02,43,Sat 111123 2:00 COLLBSKTBL:BIGEASTL NORTH DAKOTA ST/ GOP IAIRON FS2 0.02 43,Saturday,11,November,1,0,0,0,0,8,1,0,1,0,0,0,0,0,0,0,0,0,10.668955394675699
Sports Media Watch 2023-24 OCR Week 1,https://www.sportsmediawatch.com/wp-content/uploads/2024/01/nov6to12.png,2023-24,basketball,men,Purdue Fort Wayne / Depaul,Purdue Fort Wayne,DePaul,2023-11-07,9:07,Early,FS2,32000,sportsmediawatch_ocr,32000.0,,Regular Season,Week 1,,,0.02,COLLBSKTBL:BIGEASTL,FS2,0.02,32,Tue 11.07.23 9:07 COLLBSKTBL:BIGEASTL PURDUE FORT WAYNE / DEPAUL FS2 0.02 32,Tuesday,11,November,0,0,0,0,0,0,0,0,0,0,0,0,0,0,0,0,0,0,10.373491181781864
Sports Media Watch 2023-24 OCR Week 1,https://www.sportsmediawatch.com/wp-content/uploads/2024/01/nov6to12.png,2023-24,basketball,men,Milwaukee / Providence,Milwaukee,Providence,2023-11-11,,Unknown,FS2,29000,sportsmediawatch_ocr,29000.0,,Regular Season,Week 1,,,0.02,COLL BSKTBL: BIGEASTL,FS2,0.02,29,ae  COLL BSKTBL: BIGEASTL MILWAUKEE/PROVIDENCE FS2 0.02 29,Saturday,11,November,1,0,0,0,0,0,0,0,0,0,0,0,0,0,0,0,0,0,10.275051108968611
Sports Media Watch 2023-24 OCR Week 1,https://www.sportsmediawatch.com/wp-content/uploads/2024/01/nov6to12.png,2023-24,basketball,men,Long Beach State / Depaul,Long Beach State,DePaul,2023-11-11,,Unknown,FS2,28000,sportsmediawatch_ocr,28000.0,,Regular Season,Week 1,,,0.01,COLL BSKTBL: BIGEASTL,FS2,0.01,28,ea 2)  COLL BSKTBL: BIGEASTL LONG BEACH ST/ DEPAUL FS2 0.01 28,Saturday,11,November,1,0,0,0,0,0,0,0,0,0,0,0,0,0,0,0,0,0,10.239959789157341
Sports Media Watch 2023-24 OCR Week 1,https://www.sportsmediawatch.com/wp-content/uploads/2024/01/nov6to12.png,2023-24,basketball,men,Jacksonville / Xavier,Jacksonville,Xavier,2023-11-10,,Unknown,FS2,27000,sportsmediawatch_ocr,27000.0,,Regular Season,Week 1,,,0.01,COLL BSKTBL: BIGEASTL,FS2,0.01,27,it ED  COLL BSKTBL: BIGEASTL JACKSONVILLE / XAVIER FS2 0.01 27,Friday,11,November,0,0,0,0,0,0,0,0,0,0,0,0,0,0,0,0,0,0,10.203592144986466
Sports Media Watch 2023-24 OCR Week 1,https://www.sportsmediawatch.com/wp-content/uploads/2024/01/nov6to12.png,2023-24,basketball,men,Southeast Missouri State / Butler,Southeast Missouri,Butler,2023-11-10,8:35,Early,FS2,17000,sportsmediawatch_ocr,17000.0,,Regular Season,Week 1,,,0.01,COLLBSKTBL:BIGEASTL,FS2,0.01,17,Fri 11.10.23 8:35 COLLBSKTBL:BIGEASTL SOUTHEAST MISSOURI ST / BUTLER FS2 0.01 17,Friday,11,November,0,0,0,0,0,0,0,0,0,0,0,0,0,0,0,0,0,0,9.740968623038354
Sports Media Watch 2023-24 OCR Week 2,https://www.sportsmediawatch.com/wp-content/uploads/2024/01/nov13to19.png,2023-24,basketball,men,Kentucky / Kansas,Kentucky,Kansas,2023-11-14,9:41,Early,ESPN,1535000,sportsmediawatch_ocr,1535000.0,,Regular Season,Week 2,,,0.87,COLLEGE BKBL REG SSN OL,ESPN,0.87,"1,535","Tue 11.1423 9:41 COLLEGE BKBL REG SSN OL KENTUCKY / KANSAS ESPN 0.87 1,535",Tuesday,11,November,0,0,17,0,1,1,1,0,1,1,0,0,0,0,0,0,0,0,14.244040939003435
Sports Media Watch 2023-24 OCR Week 2,https://www.sportsmediawatch.com/wp-content/uploads/2024/01/nov13to19.png,2023-24,basketball,men,Duke / Michigan State,Duke,Michigan State,2023-11-14,7:00,Early,ESPN,1514000,sportsmediawatch_ocr,1514000.0,,Regular Season,Week 2,,,0.86,COLLEGE BKBL REG SSN OL,ESPN,0.86,"1,514","Tue 11.1423 7:00 COLLEGE BKBL REG SSN OL DUKE / MICHIGAN STATE ESPN 0.86 1,514",Tuesday,11,November,0,0,9,1,0,18,0,1,1,1,0,0,0,0,0,0,0,0,14.23026571297953
Sports Media Watch 2023-24 OCR Week 2,https://www.sportsmediawatch.com/wp-content/uploads/2024/01/nov13to19.png,2023-24,basketball,men,UConn / Indiana,UConn,Indiana,2023-11-19,1:00,Early,ESPN,500000,sportsmediawatch_ocr,500000.0,,Regular Season,Week 2,,,0.29,COLLEGE BKBL REG SSN OL,ESPN,0.29,500,Sun 11.19.23 1:00 COLLEGE BKBL REG SSN OL UCONN / INDIANA ESPN 0.29 500,Sunday,11,November,1,0,5,1,0,0,0,0,1,0,0,0,0,0,0,0,0,0,13.122363377404328
Sports Media Watch 2023-24 OCR Week 2,https://www.sportsmediawatch.com/wp-content/uploads/2024/01/nov13to19.png,2023-24,basketball,men,Michigan / St. John's,Michigan,St. John's,2023-11-13,6:30,Early,FS1,333000,sportsmediawatch_ocr,333000.0,,Regular Season,Week 2,,,0.19,COLL BSKTBL: BIGEASTL,FS1,0.19,333,Mon 11.13.23 6:30 COLL BSKTBL: BIGEASTL MICHIGAN / ST JOHNS FS1 0.19 333,Monday,11,November,0,0,0,0,0,0,0,0,0,0,0,0,0,0,0,0,0,0,12.71589776896258
Sports Media Watch 2023-24 OCR Week 2,https://www.sportsmediawatch.com/wp-content/uploads/2024/01/nov13to19.png,2023-24,basketball,men,Marquette / Illinois,Marquette,Illinois,2023-11-14,8:11,Early,FS1,327000,sportsmediawatch_ocr,327000.0,,Regular Season,Week 2,,,0.2,COLL BSKBL:BIG 10L,FS1,0.20,327,Tue 11.14.23 8:11 COLL BSKBL:BIG 10L MARQUETTE/ ILLINOIS FS1 0.20 327,Tuesday,11,November,0,0,4,1,0,23,0,1,1,1,0,0,0,0,0,0,0,0,12.697715449879391
Sports Media Watch 2023-24 OCR Week 2,https://www.sportsmediawatch.com/wp-content/uploads/2024/01/nov13to19.png,2023-24,basketball,men,Texas / Louisville,Texas,Louisville,2023-11-19,3:37,Early,ESPN,316000,sportsmediawatch_ocr,316000.0,,Regular Season,Week 2,,,0.18,COLLEGE BKBL REG SSN L,ESPN,0.18,316,Sun 11.19.23 3:37 COLLEGE BKBL REG SSN L TEXAS / LOUISVILLE ESPN 0.18 316,Sunday,11,November,1,0,19,0,1,0,0,0,0,1,0,0,0,0,0,0,0,0,12.66349749256905
Sports Media Watch 2023-24 OCR Week 2,https://www.sportsmediawatch.com/wp-content/uploads/2024/01/nov13to19.png,2023-24,basketball,men,Xavier / Purdue,Xavier,Purdue,2023-11-13,8:40,Early,FS1,290000,sportsmediawatch_ocr,290000.0,,Regular Season,Week 2,,,0.16,COLL BSKBL:BIG 10L,FS1,0.16,290,Mon 11.13.23 8:40 COLL BSKBL:BIG 10L XAVIER / PURDUE FS1 0.16 290,Monday,11,November,0,0,0,0,0,2,1,0,1,0,0,0,0,0,0,0,0,0,12.577636201962656
Sports Media Watch 2023-24 OCR Week 2,https://www.sportsmediawatch.com/wp-content/uploads/2024/01/nov13to19.png,2023-24,basketball,men,Butler / Michigan State,Butler,Michigan State,2023-11-17,6:31,Early,FS1,281000,sportsmediawatch_ocr,281000.0,,Regular Season,Week 2,,,0.15,COLL BSKBL:BIG 10 L,FS1,0.15,281,Fri 11.17.23 6:31 COLL BSKBL:BIG 10 L BUTLER / MICHIGAN ST FS1 0.15 281,Friday,11,November,0,0,0,0,0,18,0,1,0,1,0,0,0,0,0,0,0,0,12.546109948315882
Sports Media Watch 2023-24 OCR Week 2,https://www.sportsmediawatch.com/wp-content/uploads/2024/01/nov13to19.png,2023-24,basketball,men,Iowa / Creighton,Iowa,Creighton,2023-11-14,10:14,Early,FS1,264000,sportsmediawatch_ocr,264000.0,,Regular Season,Week 2,,,0.16,COLL BSKTBL: BIGEASTL,FS1,0.16,264,Tue 11.14.23 10:14 COLL BSKTBL: BIGEASTL OWA/ CREIGHTON FS1 0.16 264,Tuesday,11,November,0,0,0,0,0,8,1,0,1,0,0,0,0,0,0,0,0,0,12.483704382128453
Sports Media Watch 2023-24 OCR Week 2,https://www.sportsmediawatch.com/wp-content/uploads/2024/01/nov13to19.png,2023-24,basketball,men,St. John's / Utah,St. John's,Utah,2023-11-19,6:00,Early,ESPN,245000,sportsmediawatch_ocr,245000.0,,Regular Season,Week 2,,,0.14,COLLEGE BKBL REG SSN,ESPN,0.14,245,Sun 11.1923 6:00 COLLEGE BKBL REG SSN ST JOHNS / UTAH ESPN 0.14 245,Sunday,11,November,1,0,0,0,0,0,0,0,0,0,0,0,0,0,0,0,0,0,12.409013489526863
Sports Media Watch 2023-24 OCR Week 2,https://www.sportsmediawatch.com/wp-content/uploads/2024/01/nov13to19.png,2023-24,basketball,men,St. John's / Dayton,St. John's,Dayton,2023-11-17,2:01,Early,ESPN2,213000,sportsmediawatch_ocr,213000.0,,Regular Season,Week 2,,,0.13,COLLEGE BKBL REG SSN,ESPN2,0.13,213,Fri 11.17.23 2:01 COLLEGE BKBL REG SSN ST.JOHNS / DAYTON ESPN2 0.13 213,Friday,11,November,0,0,0,0,0,0,0,0,0,0,0,0,0,0,0,0,0,0,12.269047444691562
Sports Media Watch 2023-24 OCR Week 2,https://www.sportsmediawatch.com/wp-content/uploads/2024/01/nov13to19.png,2023-24,basketball,men,Auburn/St. Bonaventure,Auburn,St. Bonaventure,2023-11-17,,Unknown,ESPN2,212000,sportsmediawatch_ocr,212000.0,,Regular Season,Week 2,,,0.11,POrreGe ELS,ESPN2,0.11,212,it PE)  POrreGe ELS ST. AUBURN/ BONAVENTURE ESPN2 0.11 212,Friday,11,November,0,0,0,0,0,0,0,0,0,0,0,0,0,0,0,0,0,0,12.26434155365415
Sports Media Watch 2023-24 OCR Week 2,https://www.sportsmediawatch.com/wp-content/uploads/2024/01/nov13to19.png,2023-24,basketball,men,Maryland / Villanova,Maryland,Villanova,2023-11-17,,Unknown,FS1,204000,sportsmediawatch_ocr,204000.0,,Regular Season,Week 2,,,0.12,COLL BSKTBL: BIGEASTL,FS1,0.12,204,it PE)  COLL BSKTBL: BIGEASTL MARYLAND / VILLANOVA FS1 0.12 204,Friday,11,November,0,0,0,0,0,21,0,1,0,1,0,0,0,0,0,0,0,0,12.225875272826354
Sports Media Watch 2023-24 OCR Week 2,https://www.sportsmediawatch.com/wp-content/uploads/2024/01/nov13to19.png,2023-24,basketball,men,Houston / Utah,Houston,Utah,2023-11-17,4:32,Early,ESPN2,195000,sportsmediawatch_ocr,195000.0,,Regular Season,Week 2,,,0.12,COLLEGE BKBL REG SSN OL,ESPN2,0.12,195,Fri 11.1723 4:32 COLLEGE BKBL REG SSN OL HOUSTON / UTAH ESPN2 0.12 195,Friday,11,November,0,0,6,1,0,0,0,0,1,0,0,0,0,0,0,0,0,0,12.180754837545884
Sports Media Watch 2023-24 OCR Week 2,https://www.sportsmediawatch.com/wp-content/uploads/2024/01/nov13to19.png,2023-24,basketball,men,Auburn / Notre Dame,Auburn,Notre Dame,2023-11-16,9:04,Early,ESPN2,186000,sportsmediawatch_ocr,186000.0,,Regular Season,Week 2,,,0.12,COLLEGE BKBL REG SSN L,ESPN2,0.12,186,Thu 11.16.23 9:04 COLLEGE BKBL REG SSN L AUBURN / NOTRE DAME ESPN2 0.12 186,Thursday,11,November,0,0,0,0,0,0,0,0,0,0,0,0,0,0,0,0,0,0,12.133501952695338
Sports Media Watch 2023-24 OCR Week 2,https://www.sportsmediawatch.com/wp-content/uploads/2024/01/nov13to19.png,2023-24,basketball,men,Dayton / LSU,Dayton,LSU,2023-11-16,4:13,Early,ESPN2,186000,sportsmediawatch_ocr,186000.0,,Regular Season,Week 2,,,0.1,COLLEGE BKBL REG SSN L,ESPN2,0.10,186,Thu 11.1623 4:13 COLLEGE BKBL REG SSN L DAYTON / LSU ESPN2 0.10 186,Thursday,11,November,0,0,0,0,0,0,0,0,0,0,0,0,0,0,0,0,0,0,12.133501952695338
Sports Media Watch 2023-24 OCR Week 2,https://www.sportsmediawatch.com/wp-content/uploads/2024/01/nov13to19.png,2023-24,basketball,men,Alcorn State / Michigan,Alcorn State,Michigan,2023-11-19,6:06,Early,BTN,183000,sportsmediawatch_ocr,183000.0,,Regular Season,Week 2,,,0.08,BIGMENSBASKETBALLL,BTN,0.08,183,Sun 111923 6:06 BIGMENSBASKETBALLL ALCORN STATE / MICHIGAN -. BTN 0.08 183,Sunday,11,November,1,0,0,0,0,0,0,0,0,0,0,0,0,0,0,0,0,0,12.117241431823558
Sports Media Watch 2023-24 OCR Week 2,https://www.sportsmediawatch.com/wp-content/uploads/2024/01/nov13to19.png,2023-24,basketball,men,Wright State / Indiana,Wright State,Indiana,2023-11-16,,Unknown,BTN,173000,sportsmediawatch_ocr,173000.0,,Regular Season,Week 2,,,0.08,B1G MENS BASKETBALLL_,BTN,0.08,173,tie 2)  B1G MENS BASKETBALLL_ WRIGHT STATE / INDIANA BTN 0.08 173,Thursday,11,November,0,0,0,0,0,0,0,0,0,0,0,0,0,0,0,0,0,0,12.061046873479915
Sports Media Watch 2023-24 OCR Week 2,https://www.sportsmediawatch.com/wp-content/uploads/2024/01/nov13to19.png,2023-24,basketball,men,Dayton / Houston,Dayton,Houston,2023-11-19,8:30,Early,ESPN,160000,sportsmediawatch_ocr,160000.0,,Regular Season,Week 2,,,0.08,COLLEGE BKBL REG SSN L,ESPN,0.08,160,Sun 11.19.23 8:30 COLLEGE BKBL REG SSN L DAYTON / HOUSTON ESPN 0.08 160,Sunday,11,November,1,0,0,0,0,6,1,0,1,0,0,0,0,0,0,0,0,0,11.982929094215963
Sports Media Watch 2023-24 OCR Week 2,https://www.sportsmediawatch.com/wp-content/uploads/2024/01/nov13to19.png,2023-24,basketball,men,Wisconsin / Providence,Wisconsin,Providence,2023-11-14,6:00,Early,FS1,156000,sportsmediawatch_ocr,156000.0,,Regular Season,Week 2,,,0.09,COLL BSKTBL: BIG EASTL,FS1,0.09,156,T 11423 6:00 COLL BSKTBL: BIG EASTL WISCONSIN / PROVIDENCE FS1 0.09 156,Tuesday,11,November,0,0,0,0,0,0,0,0,0,0,0,0,0,0,0,0,0,0,11.957611286231675
Sports Media Watch 2023-24 OCR Week 2,https://www.sportsmediawatch.com/wp-content/uploads/2024/01/nov13to19.png,2023-24,basketball,men,Georgetown / Rutgers,Georgetown,Rutgers,2023-11-15,8:30,Early,FS1,140000,sportsmediawatch_ocr,140000.0,,Regular Season,Week 2,,,0.08,COLL BSKBL:BIG 10 L,FS1,0.08,140,Wed 11.1523 8:30 COLL BSKBL:BIG 10 L GEORGETOWN / RUTGERS FS1 0.08 140,Wednesday,11,November,0,0,0,0,0,0,0,0,0,0,0,0,0,0,0,0,0,0,11.84939770159144
Sports Media Watch 2023-24 OCR Week 2,https://www.sportsmediawatch.com/wp-content/uploads/2024/01/nov13to19.png,2023-24,basketball,men,Vermont / Saint Louis,Vermont,Saint Louis,2023-11-17,,Unknown,ESPN2,136000,sportsmediawatch_ocr,136000.0,,Regular Season,Week 2,,,0.07,POrreGe ELS,ESPN2,0.07,136,it PE)  POrreGe ELS VERMONT/ SAINT LOUIS ESPN2 0.07 136,Friday,11,November,0,0,0,0,0,0,0,0,0,0,0,0,0,0,0,0,0,0,11.820410164718188
Sports Media Watch 2023-24 OCR Week 2,https://www.sportsmediawatch.com/wp-content/uploads/2024/01/nov13to19.png,2023-24,basketball,men,Houston / Towson,Houston,Towson,2023-11-16,6:47,Early,ESPN2,135000,sportsmediawatch_ocr,135000.0,,Regular Season,Week 2,,,0.08,COLLEGE BKBL REG SSN,ESPN2,0.08,135,Thu 11.16.23 6:47 COLLEGE BKBL REG SSN HOUSTON / TOWSON ESPN2 0.08 135,Thursday,11,November,0,0,6,1,0,0,0,0,1,0,0,0,0,0,0,0,0,0,11.813030057420567
Sports Media Watch 2023-24 OCR Week 2,https://www.sportsmediawatch.com/wp-content/uploads/2024/01/nov13to19.png,2023-24,basketball,men,Saint Louis / Wyoming,Saint Louis,Wyoming,2023-11-16,2:00,Early,ESPN2,126000,sportsmediawatch_ocr,126000.0,,Regular Season,Week 2,,,0.07,COLLEGE BKBL REG SSN L,ESPN2,0.07,126,Thu 11.1623 2:00 COLLEGE BKBL REG SSN L SAINT LOUIS / WYOMING ESPN2 0.07 126,Thursday,11,November,0,0,0,0,0,0,0,0,0,0,0,0,0,0,0,0,0,0,11.744037185933616
Sports Media Watch 2023-24 OCR Week 2,https://www.sportsmediawatch.com/wp-content/uploads/2024/01/nov13to19.png,2023-24,basketball,men,Missouri / Minnesota,Missouri,Minnesota,2023-11-16,,Unknown,BTN,124000,sportsmediawatch_ocr,124000.0,,Regular Season,Week 2,,,0.07,B1G MENS BASKETBALLL,BTN,0.07,124,tie Pa  B1G MENS BASKETBALLL MISSOURI / MINNESOTA BTN 0.07 124,Thursday,11,November,0,0,0,0,0,0,0,0,0,0,0,0,0,0,0,0,0,0,11.728036844587175
Sports Media Watch 2023-24 OCR Week 2,https://www.sportsmediawatch.com/wp-content/uploads/2024/01/nov13to19.png,2023-24,basketball,men,Albany / Seton Hall,Albany,Seton Hall,2023-11-15,6:30,Early,FS1,117000,sportsmediawatch_ocr,117000.0,,Regular Season,Week 2,,,0.07,COLL BSKTBL: BIGEASTL,FS1,0.07,117,Wed 11.15.23 6:30 COLL BSKTBL: BIGEASTL ALBANY /SETON HALL FS1 0.07 117,Wednesday,11,November,0,0,0,0,0,0,0,0,0,0,0,0,0,0,0,0,0,0,11.669929213779893
Sports Media Watch 2023-24 OCR Week 2,https://www.sportsmediawatch.com/wp-content/uploads/2024/01/nov13to19.png,2023-24,basketball,men,Southern / Illinois,Southern,Illinois,2023-11-19,8:08,Early,BTN,111000,sportsmediawatch_ocr,111000.0,,Regular Season,Week 2,,,0.07,B1G MENS BASKETBALLL,BIN,0.07,111,Sun 11.19.23 8:08 B1G MENS BASKETBALLL SOUTHERN / ILLINOIS BIN 0.07 111,Sunday,11,November,1,0,0,0,0,23,0,1,0,1,0,0,0,0,0,0,0,0,11.617285480294472
Sports Media Watch 2023-24 OCR Week 2,https://www.sportsmediawatch.com/wp-content/uploads/2024/01/nov13to19.png,2023-24,basketball,men,Washington / San Diego State,Washington,San Diego State,2023-11-19,10:03,Early,ESPN2,102000,sportsmediawatch_ocr,102000.0,,Regular Season,Week 2,,,,COLLEGE BKBLREGSSN,ESPN2,"0,06",102,"Sun 11.19.23 10:03 COLLEGE BKBLREGSSN WASHINGTON/SAN DIEGO STATE ESPN2 0,06 102",Sunday,11,November,1,0,0,0,0,17,0,1,0,1,0,0,0,0,0,0,0,0,11.532728092266408
Sports Media Watch 2023-24 OCR Week 2,https://www.sportsmediawatch.com/wp-content/uploads/2024/01/nov13to19.png,2023-24,basketball,men,Merrimack / Ohio State,Merrimack,Ohio State,2023-11-15,7:00,Early,BTN,101000,sportsmediawatch_ocr,101000.0,,Regular Season,Week 2,,,0.07,B1G MENS BASKETBALLL,BIN,0.07,101,Wed 11.15.23 7:00 B1G MENS BASKETBALLL MERRIMACK / OHIO STATE BIN 0.07 101,Wednesday,11,November,0,0,0,0,0,0,0,0,0,0,0,0,0,0,0,0,0,0,11.522875795823397
Sports Media Watch 2023-24 OCR Week 2,https://www.sportsmediawatch.com/wp-content/uploads/2024/01/nov13to19.png,2023-24,basketball,men,Washington / Xavier,Washington,Xavier,2023-11-17,12:54,Early,ESPN2,98000,sportsmediawatch_ocr,98000.0,,Regular Season,Week 2,,,0.06,COLLEGE BKBL REG SSN OL,ESPN2,0.06,98,Fri 11.1723 12:54 COLLEGE BKBL REG SSN OL WASHINGTON / XAVIER ESPN2 0.06 98,Friday,11,November,0,0,0,0,0,0,0,0,0,0,0,0,0,0,0,0,0,0,11.49272275765271
Sports Media Watch 2023-24 OCR Week 2,https://www.sportsmediawatch.com/wp-content/uploads/2024/01/nov13to19.png,2023-24,basketball,men,LSU / Wake Forest,LSU,Wake Forest,2023-11-19,3:03,Early,ESPN2,81000,sportsmediawatch_ocr,81000.0,,Regular Season,Week 2,,,0.05,COLLEGE BKBL REG SSN OL,ESPN2,0.05,81,Sun 11.19.23 3:03 COLLEGE BKBL REG SSN OL LSU / WAKE FOREST ESPN2 0.05 81,Sunday,11,November,1,0,0,0,0,0,0,0,0,0,0,0,0,0,0,0,0,0,11.302204433654575
Sports Media Watch 2023-24 OCR Week 2,https://www.sportsmediawatch.com/wp-content/uploads/2024/01/nov13to19.png,2023-24,basketball,men,Notre Dame/Oklahoma State,Notre Dame,Oklahoma State,2023-11-17,4:30,Early,ESPNU,71000,sportsmediawatch_ocr,71000.0,,Regular Season,Week 2,,,,COLLEGE BKBLREGSSN,ESPNU,"0),03",71,"Fri 11.17.23 4:30 COLLEGE BKBLREGSSN OKLAHOMA NOTRE DAME/ STATE ESPNU 0),03 71",Friday,11,November,0,0,0,0,0,0,0,0,0,0,0,0,0,0,0,0,0,0,11.170435156023453
Sports Media Watch 2023-24 OCR Week 2,https://www.sportsmediawatch.com/wp-content/uploads/2024/01/nov13to19.png,2023-24,basketball,men,Vermont / Liberty,Vermont,Liberty,2023-11-19,5:32,Early,ESPN2,69000,sportsmediawatch_ocr,69000.0,,Regular Season,Week 2,,,0.04,COLLEGE BKBL REG SSN,ESPN2,0.04,69,Sun 11.19.23 5:32 COLLEGE BKBL REG SSN VERMONT / LIBERTY ESPN2 0.04 69,Sunday,11,November,1,0,0,0,0,0,0,0,0,0,0,0,0,0,0,0,0,0,11.141861783579396
Sports Media Watch 2023-24 OCR Week 2,https://www.sportsmediawatch.com/wp-content/uploads/2024/01/nov13to19.png,2023-24,basketball,men,Mississippi Valley State / UConn,Mississippi Valley State,UConn,2023-11-14,7:00,Early,FS2,58000,sportsmediawatch_ocr,58000.0,,Regular Season,Week 2,,,0.03,COLLBSKTBL:BIGEASTL,FS2,0.03,58,Tue 111423 7:00 COLLBSKTBL:BIGEASTL ST MISSISSIPPI VALLEY / 04K FS2 0.03 58,Tuesday,11,November,0,0,0,0,0,5,1,0,1,0,0,0,0,0,0,0,0,0,10.968198289528557
Sports Media Watch 2023-24 OCR Week 2,https://www.sportsmediawatch.com/wp-content/uploads/2024/01/nov13to19.png,2023-24,basketball,men,Western Michigan / Ohio,Western Michigan,Ohio,2023-11-19,4:04,Early,BTN,56000,sportsmediawatch_ocr,56000.0,,Regular Season,Week 2,,,0.03,BIGMENSBASKETBALLL,BTN,0.03,56,Sun 1119.23 4:04 BIGMENSBASKETBALLL WESTERN MICHIGAN / OHIO .. - BTN 0.03 56,Sunday,11,November,1,0,0,0,0,0,0,0,0,0,0,0,0,0,0,0,0,0,10.933106969717286
Sports Media Watch 2023-24 OCR Week 2,https://www.sportsmediawatch.com/wp-content/uploads/2024/01/nov13to19.png,2023-24,basketball,men,Northwestern / Mississippi State,Northwestern,Mississippi State,2023-11-19,1:00,Early,ESPN2,33000,sportsmediawatch_ocr,33000.0,,Regular Season,Week 2,,,0.03,COLLEGEBKBLREGSSN,ESPN2,0.03,33,Sun 11.19.23 1:00 COLLEGEBKBLREGSSN NORTHWESTERN/ MISSISSIPPI STATE ESPN2 0.03 33,Sunday,11,November,1,0,0,0,0,0,0,0,0,0,0,0,0,0,0,0,0,0,10.404262840448617
Sports Media Watch 2023-24 OCR Week 2,https://www.sportsmediawatch.com/wp-content/uploads/2024/01/nov13to19.png,2023-24,basketball,men,Texas Southern / Creighton,Texas Southern,Creighton,2023-11-18,8:30,Early,FS2,53000,sportsmediawatch_ocr,53000.0,,Regular Season,Week 2,,,0.02,COLL BSKTBL:BIGEASTL,FS2,0.02,53,Sat 11.1823 8:30 COLL BSKTBL:BIGEASTL TEXAS SOUTHERN / CREIGHTON FS2 0.02 53,Saturday,11,November,1,0,0,0,0,8,1,0,1,0,0,0,0,0,0,0,0,0,10.87804719253426
Sports Media Watch 2023-24 OCR Week 2,https://www.sportsmediawatch.com/wp-content/uploads/2024/01/nov13to19.png,2023-24,basketball,men,Saint Louis / Wichita State,Saint Louis,Wichita State,2023-11-19,,Unknown,ESPN2,52000,sportsmediawatch_ocr,52000.0,,Regular Season,Week 2,,,0.04,POrteGe ELS,ESPN2,0.04,52,a9 2)  POrteGe ELS SAINT LOUIS / WICHITA STATE ESPN2 0.04 52,Sunday,11,November,1,0,0,0,0,0,0,0,0,0,0,0,0,0,0,0,0,0,10.858998997563564
Sports Media Watch 2023-24 OCR Week 2,https://www.sportsmediawatch.com/wp-content/uploads/2024/01/nov13to19.png,2023-24,basketball,men,Oklahoma State / St Bonaventure,Oklahoma State,St. Bonaventure,2023-11-16,6:30,Early,ESPNU,52000,sportsmediawatch_ocr,52000.0,,Regular Season,Week 2,,,0.02,COLLEGEBKBLREGSSN,ESPNU,0.02,52,Thu 11.16.23 6:30 COLLEGEBKBLREGSSN OKLAHOMA STATE/ST BONAVENTURE ESPNU 0.02 52,Thursday,11,November,0,0,0,0,0,0,0,0,0,0,0,0,0,0,0,0,0,0,10.858998997563564
Sports Media Watch 2023-24 OCR Week 2,https://www.sportsmediawatch.com/wp-content/uploads/2024/01/nov13to19.png,2023-24,basketball,men,Utah / Wake Forest,Utah,Wake Forest,2023-11-16,9:16,Early,ESPNU,48000,sportsmediawatch_ocr,48000.0,,Regular Season,Week 2,,,0.03,COLLEGE BKBL REG SSN L,ESPNU,0.03,48,Thu 11.16.23 9:16 COLLEGE BKBL REG SSN L UTAH / WAKE FOREST ESPNU 0.03 48,Thursday,11,November,0,0,0,0,0,0,0,0,0,0,0,0,0,0,0,0,0,0,10.778956289890028
Sports Media Watch 2023-24 OCR Week 2,https://www.sportsmediawatch.com/wp-content/uploads/2024/01/nov13to19.png,2023-24,basketball,men,Towson / Wake Forest,Towson,Wake Forest,2023-11-17,,Unknown,ESPNU,40000,sportsmediawatch_ocr,40000.0,,Regular Season,Week 2,,,0.02,POrteGe ELS,ESPNU,0.02,40,it PE)  POrteGe ELS TOWSON / WAKE FOREST ESPNU 0.02 40,Friday,11,November,0,0,0,0,0,0,0,0,0,0,0,0,0,0,0,0,0,0,10.596634733096073
Sports Media Watch 2023-24 OCR Week 2,https://www.sportsmediawatch.com/wp-content/uploads/2024/01/nov13to19.png,2023-24,basketball,men,Wyoming / Furman,Wyoming,Furman,2023-11-19,10:30,Early,ESPNU,31000,sportsmediawatch_ocr,31000.0,,Regular Season,Week 2,,,0.02,REG SSN COLLEGE BKBL,ESPNU,0.02,31,Sun 11.19.23 10:30 REG SSN COLLEGE BKBL WYOMING / FURMAN ESPNU 0.02 31,Sunday,11,November,1,0,0,0,0,0,0,0,0,0,0,0,0,0,0,0,0,0,10.341742483467284
Sports Media Watch 2023-24 OCR Week 2,https://www.sportsmediawatch.com/wp-content/uploads/2024/01/nov13to19.png,2023-24,basketball,men,North Texas / LSU,North Texas,LSU,2023-11-17,11:30,Early,ESPNU,31000,sportsmediawatch_ocr,31000.0,,Regular Season,Week 2,,,0.02,COLLEGE BKBL REG SSN OL,ESPNU,0.02,31,Fri 11.1723 11:30 COLLEGE BKBL REG SSN OL NORTH TEXAS / LSU ESPNU 0.02 31,Friday,11,November,0,0,0,0,0,0,0,0,0,0,0,0,0,0,0,0,0,0,10.341742483467284
Sports Media Watch 2023-24 OCR Week 2,https://www.sportsmediawatch.com/wp-content/uploads/2024/01/nov13to19.png,2023-24,basketball,men,Wichita State / Coastal Carolina,Wichita State,Coastal Carolina,2023-11-16,4:30,Early,ESPNU,28000,sportsmediawatch_ocr,28000.0,,Regular Season,Week 2,,,,COLLEGEBKBLREGSSN,| ESPNU,"0,02",28,"Thu 11.16.23 4:30 COLLEGEBKBLREGSSN WICHITA STATE/ COASTAL CAROLINA | ESPNU 0,02 28",Thursday,11,November,0,0,0,0,0,0,0,0,0,0,0,0,0,0,0,0,0,0,10.239959789157341
Sports Media Watch 2023-24 OCR Week 2,https://www.sportsmediawatch.com/wp-content/uploads/2024/01/nov13to19.png,2023-24,basketball,men,Charleston / Vermont,Charleston,Vermont,2023-11-16,11:30,Early,ESPNU,20000,sportsmediawatch_ocr,20000.0,,Regular Season,Week 2,,,0.01,REG SSN COLLEGE BKBL,ESPNU,0.01,20,Thu 11.1623 11:30 REG SSN COLLEGE BKBL CHARLESTON / VERMONT ESPNU 0.01 20,Thursday,11,November,0,0,0,0,0,0,0,0,0,0,0,0,0,0,0,0,0,0,9.903487552536127
Sports Media Watch 2023-24 OCR Week 2,https://www.sportsmediawatch.com/wp-content/uploads/2024/01/nov13to19.png,2023-24,basketball,men,Charleston / Wyoming,Charleston,Wyoming,2023-11-17,2:30,Early,ESPNU,19000,sportsmediawatch_ocr,19000.0,,Regular Season,Week 2,,,0.01,COLLEGE BKBL REG SSN L,ESPNU,0.01,19,Fri 11.17.23 2:30 COLLEGE BKBL REG SSN L CHARLESTON / WYOMING ESPNU 0.01 19,Friday,11,November,0,0,0,0,0,0,0,0,0,0,0,0,0,0,0,0,0,0,9.852194258148577
Sports Media Watch 2023-24 OCR Week 2,https://www.sportsmediawatch.com/wp-content/uploads/2024/01/nov13to19.png,2023-24,basketball,men,St Francis Pa / Penn,Saint Francis U,Penn,2023-11-14,7:00,Early,BTN,19000,sportsmediawatch_ocr,19000.0,,Regular Season,Week 2,,,0.01,BIGMENSBASKETBALLL,BTN,0.01,19,Tue 111423 7:00 BIGMENSBASKETBALLL ST FRANCIS PA / PENN . - BTN 0.01 19,Tuesday,11,November,0,0,0,0,0,0,0,0,0,0,0,0,0,0,0,0,0,0,9.852194258148577
Sports Media Watch 2023-24 OCR Week 2,https://www.sportsmediawatch.com/wp-content/uploads/2024/01/nov13to19.png,2023-24,basketball,men,American / Georgetown,American,Georgetown,2023-11-19,4:30,Early,FS2,17000,sportsmediawatch_ocr,17000.0,,Regular Season,Week 2,,,0.01,COLL BSKTBL: BIGEASTL,FS2,0.01,17,S 1.1923 4:30 COLL BSKTBL: BIGEASTL AMERICAN / GEORGETOWN FS2 0.01 17,Sunday,11,November,1,0,0,0,0,0,0,0,0,0,0,0,0,0,0,0,0,0,9.740968623038354
Sports Media Watch 2023-24 OCR Week 2,https://www.sportsmediawatch.com/wp-content/uploads/2024/01/nov13to19.png,2023-24,basketball,men,South Dakota / Depaul,South Dakota,DePaul,2023-11-14,,Unknown,FS2,15000,sportsmediawatch_ocr,15000.0,,Regular Season,Week 2,,,0.01,COLL BSKTBL: BIGEASTL,FS2,0.01,15,Ly fen  COLL BSKTBL: BIGEASTL SOUTH DAKOTA / DEPAUL FS2 0.01 15,Tuesday,11,November,0,0,0,0,0,0,0,0,0,0,0,0,0,0,0,0,0,0,9.615805480084347
Sports Media Watch 2023-24 OCR Week 3,https://www.sportsmediawatch.com/wp-content/uploads/2024/01/nov20to26.png,2023-24,basketball,men,Mi St / Az Palm Springs Ca,Michigan State,Arizona,2023-11-23,4:00,Early,FOX,9183000,sportsmediawatch_ocr,9183000.0,,Regular Season,Week 3,,,1.96,FOXC.HOOPS-ACRISURE CLAS,RO,1.96,"9,183","Thu 11.23.23 4:00 FOXC.HOOPS-ACRISURE CLAS MI ST UNIV VS UNIV-AZ PALM SPRINGS CA RO 1.96 9,183",Thursday,11,November,0,0,21,0,1,3,1,0,1,1,0,0,0,0,0,0,0,0,16.032864506595658
Sports Media Watch 2023-24 OCR Week 3,https://www.sportsmediawatch.com/wp-content/uploads/2024/01/nov20to26.png,2023-24,basketball,men,Purdue / Marquette,Purdue,Marquette,2023-11-22,5:08,Early,ESPN,1587000,sportsmediawatch_ocr,1587000.0,,Regular Season,Week 3,,,0.8,COLLEGE BKBL REG SSN,ESPN,0.80,"1,587","Wed 11.2223 5:08 COLLEGE BKBL REG SSN PURDUE / MARQUETTE ESPN 0.80 1,587",Wednesday,11,November,0,0,2,1,0,4,1,0,2,0,0,0,0,0,0,0,0,0,14.277355999508545
Sports Media Watch 2023-24 OCR Week 3,https://www.sportsmediawatch.com/wp-content/uploads/2024/01/nov20to26.png,2023-24,basketball,men,Tennessee / Purdue,Tennessee,Purdue,2023-11-21,8:00,Early,ESPN,1393000,sportsmediawatch_ocr,1393000.0,,Regular Season,Week 3,,,0.72,COLLEGE BKBL REG SSN,ESPN,0.72,"1,393","Tue 2123) 8:00 COLLEGE BKBL REG SSN TENNESSEE / PURDUE ESPN 0.72 1,393",Tuesday,11,November,0,0,7,1,0,2,1,0,2,0,0,0,0,0,0,0,0,0,14.146970252761943
Sports Media Watch 2023-24 OCR Week 3,https://www.sportsmediawatch.com/wp-content/uploads/2024/01/nov20to26.png,2023-24,basketball,men,Tennessee / Kansas,Tennessee,Kansas,2023-11-22,2:30,Early,ESPN,1156000,sportsmediawatch_ocr,1156000.0,,Regular Season,Week 3,,,0.59,COLLEGE BKBL REG SSN,ESPN,0.59,"1,156","Wed 11.2223 2:30 COLLEGE BKBL REG SSN TENNESSEE / KANSAS ESPN 0.59 1,156",Wednesday,11,November,0,0,7,1,0,1,1,0,2,0,0,0,0,0,0,0,0,0,13.96047632821446
Sports Media Watch 2023-24 OCR Week 3,https://www.sportsmediawatch.com/wp-content/uploads/2024/01/nov20to26.png,2023-24,basketball,men,Kansas / Marquette,Kansas,Marquette,2023-11-21,10:55,Early,ESPN,971000,sportsmediawatch_ocr,971000.0,,Regular Season,Week 3,,,0.53,COLLEGE BKBL REG SSN,ESPN,0.53,971,Tue 11.2123 10:55 COLLEGE BKBL REG SSN KANSAS / MARQUETTE ESPN 0.53 971,Tuesday,11,November,0,0,1,1,0,4,1,0,2,0,0,0,0,0,0,0,0,0,13.786081747273462
Sports Media Watch 2023-24 OCR Week 3,https://www.sportsmediawatch.com/wp-content/uploads/2024/01/nov20to26.png,2023-24,basketball,men,Villanova / North Carolina,Villanova,North Carolina,2023-11-23,2:42,Early,ESPN,897000,sportsmediawatch_ocr,897000.0,,Regular Season,Week 3,,,0.34,COLLEGEBKBLREGSSN,ESPN,0.34,897,Thu 11.2323 2:42 COLLEGEBKBLREGSSN VILLANOVA/ NORTH CAROLINA ESPN 0.34 897,Thursday,11,November,0,0,21,0,1,14,0,1,0,2,0,0,0,0,0,0,0,0,13.706811141040934
Sports Media Watch 2023-24 OCR Week 3,https://www.sportsmediawatch.com/wp-content/uploads/2024/01/nov20to26.png,2023-24,basketball,men,Ok / Southern Ca,Oklahoma,USC,2023-11-24,3:53,Early,FOX,779000,sportsmediawatch_ocr,779000.0,,Regular Season,Week 3,,,0.43,—_ FOXC.HOOPS-RADYINV 3:30,FOX,0.43,779,Fri 11.24.23 3:53 —_ FOXC.HOOPS-RADYINV 3:30 UNIV-OK VS UNIV SOUTHERN CA FOX 0.43 779,Friday,11,November,0,0,0,0,0,23,0,1,0,1,0,0,0,0,0,0,0,0,13.565766324852886
Sports Media Watch 2023-24 OCR Week 3,https://www.sportsmediawatch.com/wp-content/uploads/2024/01/nov20to26.png,2023-24,basketball,men,Iowa / Seton Hall,Iowa,Seton Hall,2023-11-24,6:20,Early,FOX,775000,sportsmediawatch_ocr,775000.0,,Regular Season,Week 3,,,0.41,FOX C.HOOPS-RADY INV 6PM,FOX,0.41,775,Fri 11.24.23 6:20 FOX C.HOOPS-RADY INV 6PM UNIV-IA VS SETON HALL FOX 0.41 775,Friday,11,November,0,0,0,0,0,0,0,0,0,0,0,0,0,0,0,0,0,0,13.560618308335483
Sports Media Watch 2023-24 OCR Week 3,https://www.sportsmediawatch.com/wp-content/uploads/2024/01/nov20to26.png,2023-24,basketball,men,Arkansas / Memphis,Arkansas,Memphis,2023-11-23,5:52,Early,ESPN,625000,sportsmediawatch_ocr,625000.0,,Regular Season,Week 3,,,0.27,COLLEGE BKBL REG SSN OL,ESPN,0.27,625,Thu 11.23.23 5:52 COLLEGE BKBL REG SSN OL ARKANSAS / MEMPHIS ESPN 0.27 625,Thursday,11,November,0,0,20,0,1,0,0,0,0,1,0,0,0,0,0,0,0,0,13.345506928718539
Sports Media Watch 2023-24 OCR Week 3,https://www.sportsmediawatch.com/wp-content/uploads/2024/01/nov20to26.png,2023-24,basketball,men,Purdue / Gonzaga,Purdue,Gonzaga,2023-11-20,5:02,Early,ESPN2,623000,sportsmediawatch_ocr,623000.0,,Regular Season,Week 3,,,0.35,COLLEGE BKBL REG SSN OL,ESPN2,0.35,623,Mon 11.20.23 5:02 COLLEGE BKBL REG SSN OL PURDUE / GONZAGA ESPN2 0.35 623,Monday,11,November,0,0,2,1,0,11,0,1,1,1,0,0,0,0,0,0,0,0,13.34230179776959
Sports Media Watch 2023-24 OCR Week 3,https://www.sportsmediawatch.com/wp-content/uploads/2024/01/nov20to26.png,2023-24,basketball,men,Northern Iowa / North Carolina,UNI,North Carolina,2023-11-22,12:00,Early,ESPN,614000,sportsmediawatch_ocr,614000.0,,Regular Season,Week 3,,,0.35,COLLEGE BKBL REG SSN L,ESPN,0.35,614,Wed 11.22.23 12:00 COLLEGE BKBL REG SSN L NORTHERN IOWA / NORTH CAROLINA ESPN 0.35 614,Wednesday,11,November,0,0,0,0,0,14,0,1,0,1,0,0,0,0,0,0,0,0,13.327750207129279
Sports Media Watch 2023-24 OCR Week 3,https://www.sportsmediawatch.com/wp-content/uploads/2024/01/nov20to26.png,2023-24,basketball,men,Arkansas / North Carolina,Arkansas,North Carolina,2023-11-24,1:16,Early,ESPN2,610000,sportsmediawatch_ocr,610000.0,,Regular Season,Week 3,,,,COLLEGEBKBLREGSSN,ESPN2,"—),33",610,"Fri 11.24.23 1:16 COLLEGEBKBLREGSSN ARKANSAS/ NORTH CAROLINA ESPN2 —),33 610",Friday,11,November,0,0,20,0,1,14,0,1,0,2,0,0,0,0,0,0,0,0,13.321214236149494
Sports Media Watch 2023-24 OCR Week 3,https://www.sportsmediawatch.com/wp-content/uploads/2024/01/nov20to26.png,2023-24,basketball,men,Baylor / Florida,Baylor,Florida,2023-11-24,5:33,Early,ESPN,547000,sportsmediawatch_ocr,547000.0,,Regular Season,Week 3,,,0.25,COLLEGE BKBL REG SSN OL,ESPN,0.25,547,Fri 11.24.23 5:33 COLLEGE BKBL REG SSN OL BAYLOR / FLORIDA ESPN 0.25 547,Friday,11,November,0,0,13,0,1,0,0,0,0,1,0,0,0,0,0,0,0,0,13.212204081404119
Sports Media Watch 2023-24 OCR Week 3,https://www.sportsmediawatch.com/wp-content/uploads/2024/01/nov20to26.png,2023-24,basketball,men,Memphis / Michigan,Memphis,Michigan,2023-11-22,5:18,Early,ESPN2,419000,sportsmediawatch_ocr,419000.0,,Regular Season,Week 3,,,0.22,COLLEGE BKBL REG SSN OL,ESPN2,0.22,419,Wed 11.2223 5:18 COLLEGE BKBL REG SSN OL MEMPHIS / MICHIGAN ESPN2 0.22 419,Wednesday,11,November,0,0,0,0,0,0,0,0,0,0,0,0,0,0,0,0,0,0,12.945626198904275
Sports Media Watch 2023-24 OCR Week 3,https://www.sportsmediawatch.com/wp-content/uploads/2024/01/nov20to26.png,2023-24,basketball,men,Memphis / Villanova,Memphis,Villanova,2023-11-24,3:57,Early,ESPN,418000,sportsmediawatch_ocr,418000.0,,Regular Season,Week 3,,,0.21,COLLEGE BKBL REG SSN L,ESPN,0.21,418,Fri 11.24.23 3:57 COLLEGE BKBL REG SSN L MEMPHIS / VILLANOVA ESPN 0.21 418,Friday,11,November,0,0,0,0,0,21,0,1,0,1,0,0,0,0,0,0,0,0,12.943236711506893
Sports Media Watch 2023-24 OCR Week 3,https://www.sportsmediawatch.com/wp-content/uploads/2024/01/nov20to26.png,2023-24,basketball,men,Penn State / Texas A&M,Penn State,Texas A&M,2023-11-23,12:00,Early,ESPN,383000,sportsmediawatch_ocr,383000.0,,Regular Season,Week 3,,,0.18,COLLEGE BKBL REG SSN OL,ESPN,0.18,383,Thu 11.23.23 12:00 COLLEGE BKBL REG SSN OL PENN STATE / TEXAS A&M ESPN 0.18 383,Thursday,11,November,0,0,0,0,0,12,0,1,0,1,0,0,0,0,0,0,0,0,12.855790268162783
Sports Media Watch 2023-24 OCR Week 3,https://www.sportsmediawatch.com/wp-content/uploads/2024/01/nov20to26.png,2023-24,basketball,men,Tennessee / Syracuse,Tennessee,Syracuse,2023-11-20,2:30,Early,ESPN2,378000,sportsmediawatch_ocr,378000.0,,Regular Season,Week 3,,,0.22,COLLEGE BKBL REG SSN OL,ESPN2,0.22,378,Mon 11.20.23 2:30 COLLEGE BKBL REG SSN OL TENNESSEE / SYRACUSE ESPN2 0.22 378,Monday,11,November,0,0,7,1,0,0,0,0,1,0,0,0,0,0,0,0,0,0,12.842649474601725
Sports Media Watch 2023-24 OCR Week 3,https://www.sportsmediawatch.com/wp-content/uploads/2024/01/nov20to26.png,2023-24,basketball,men,Syracuse / Gonzaga,Syracuse,Gonzaga,2023-11-21,2:30,Early,ESPN2,349000,sportsmediawatch_ocr,349000.0,,Regular Season,Week 3,,,0.2,COLLEGE BKBL REG SSN OL,ESPN2,0.20,349,Tue 11.21.23 2:30 COLLEGE BKBL REG SSN OL SYRACUSE / GONZAGA ESPN2 0.20 349,Tuesday,11,November,0,0,0,0,0,11,0,1,0,1,0,0,0,0,0,0,0,0,12.762827201184564
Sports Media Watch 2023-24 OCR Week 3,https://www.sportsmediawatch.com/wp-content/uploads/2024/01/nov20to26.png,2023-24,basketball,men,UCLA / Marquette,UCLA,Marquette,2023-11-20,11:40,Early,ESPN2,331000,sportsmediawatch_ocr,331000.0,,Regular Season,Week 3,,,0.2,COLLEGE BKBL REG SSN OL,ESPN2,0.20,331,Mon 11.20.23 11:40 COLLEGE BKBL REG SSN OL UCLA / MARQUETTE ESPN2 0.20 331,Monday,11,November,0,0,0,0,0,4,1,0,1,0,0,0,0,0,0,0,0,0,12.7098736543592
Sports Media Watch 2023-24 OCR Week 3,https://www.sportsmediawatch.com/wp-content/uploads/2024/01/nov20to26.png,2023-24,basketball,men,Baylor / Oregon State,Baylor,Oregon State,2023-11-22,7:35,Early,ESPN2,328000,sportsmediawatch_ocr,328000.0,,Regular Season,Week 3,,,0.16,COLLEGE BKBL REG SSN,ESPN2,0.16,328,Wed 11.2223 7:35 COLLEGE BKBL REG SSN BAYLOR / OREGON STATE ESPN2 0.16 328,Wednesday,11,November,0,0,13,0,1,0,0,0,0,1,0,0,0,0,0,0,0,0,12.70076888736628
Sports Media Watch 2023-24 OCR Week 3,https://www.sportsmediawatch.com/wp-content/uploads/2024/01/nov20to26.png,2023-24,basketball,men,Florida Atlantic / Virginia Tech,Florida Atlantic,Virginia Tech,2023-11-26,1:00,Early,ESPN,317000,sportsmediawatch_ocr,317000.0,,Regular Season,Week 3,,,0.16,COLLEGEBKBLREGSSN,ESN,0.16,317,Sun 11.26.23 1:00 COLLEGEBKBLREGSSN FLORIDA ATLANTIC / VIRGINIA TECH ESN 0.16 317,Sunday,11,November,1,0,19,0,1,0,0,0,0,1,0,0,0,0,0,0,0,0,12.666657052859417
Sports Media Watch 2023-24 OCR Week 3,https://www.sportsmediawatch.com/wp-content/uploads/2024/01/nov20to26.png,2023-24,basketball,men,Florida / Pitt,Florida,Pitt,2023-11-22,9:30,Early,ESPN2,308000,sportsmediawatch_ocr,308000.0,,Regular Season,Week 3,,,0.14,COLLEGE BKBL REG SSN L,ESPN2,0.14,308,Wed 11.22.23 9:30 COLLEGE BKBL REG SSN L FLORIDA / PITTSBURGH ESPN2 0.14 308,Wednesday,11,November,0,0,0,0,0,0,0,0,0,0,0,0,0,0,0,0,0,0,12.637855061955712
Sports Media Watch 2023-24 OCR Week 3,https://www.sportsmediawatch.com/wp-content/uploads/2024/01/nov20to26.png,2023-24,basketball,men,UCLA / Chaminade,UCLA,Chaminade,2023-11-21,5:00,Early,ESPN2,306000,sportsmediawatch_ocr,306000.0,,Regular Season,Week 3,,,0.17,COLLEGE BKBL REG SSN L,ESPN2,0.17,306,Tue 11.21.23 5:00 COLLEGE BKBL REG SSN L UCLA / CHAMINADE ESPN2 0.17 306,Tuesday,11,November,0,0,0,0,0,0,0,0,0,0,0,0,0,0,0,0,0,0,12.631340380934517
Sports Media Watch 2023-24 OCR Week 3,https://www.sportsmediawatch.com/wp-content/uploads/2024/01/nov20to26.png,2023-24,basketball,men,Gonzaga / UCLA,Gonzaga,UCLA,2023-11-22,12:00,Early,ESPN2,272000,sportsmediawatch_ocr,272000.0,,Regular Season,Week 3,,,0.17,COLLEGE BKBL REG SSN L,ESPN2,0.17,272,Wed 11.22.23 12:00 COLLEGE BKBL REG SSN L GONZAGA / UCLA ESPN2 0.17 272,Wednesday,11,November,0,0,11,0,1,0,0,0,0,1,0,0,0,0,0,0,0,0,12.513557345278134
Sports Media Watch 2023-24 OCR Week 3,https://www.sportsmediawatch.com/wp-content/uploads/2024/01/nov20to26.png,2023-24,basketball,men,NC State / Byu,NC State,BYU,2023-11-24,10:22,Early,ESPN2,266000,sportsmediawatch_ocr,266000.0,,Regular Season,Week 3,,,0.11,COLLEGE BKBL REG SSN L,ESPN2,0.11,266,Fri 11.24.23 10:22 COLLEGE BKBL REG SSN L NC STATE/ BYU ESPN2 0.11 266,Friday,11,November,0,0,0,0,0,0,0,0,0,0,0,0,0,0,0,0,0,0,12.491251587763836
Sports Media Watch 2023-24 OCR Week 3,https://www.sportsmediawatch.com/wp-content/uploads/2024/01/nov20to26.png,2023-24,basketball,men,Texas A&M / Florida Atlantic,Texas A&M,Florida Atlantic,2023-11-24,11:00,Early,ESPN2,259000,sportsmediawatch_ocr,259000.0,,Regular Season,Week 3,,,0.15,COLLEGEBKBLREGSSN,ESPN2,(0.15,259,Fri 11.24.23 11:00 COLLEGEBKBLREGSSN TEXAS A&M / FLORIDA ATLANTIC ESPN2 (0.15 259,Friday,11,November,0,0,12,0,1,19,0,1,0,2,0,0,0,0,0,0,0,0,12.464583340681674
Sports Media Watch 2023-24 OCR Week 3,https://www.sportsmediawatch.com/wp-content/uploads/2024/01/nov20to26.png,2023-24,basketball,men,West Virginia / Virginia,West Virginia,Virginia,2023-11-22,,Unknown,FS1,257000,sportsmediawatch_ocr,257000.0,,Regular Season,Week 3,,,0.09,FORT MYERS TIP-OFF L,FS1,0.09,257,top oe)  FORT MYERS TIP-OFF L WEST VIRGINIA / VIRGINIA FS1 0.09 257,Wednesday,11,November,0,0,0,0,0,24,0,1,0,1,0,0,0,0,0,0,0,0,12.456831363877356
Sports Media Watch 2023-24 OCR Week 3,https://www.sportsmediawatch.com/wp-content/uploads/2024/01/nov20to26.png,2023-24,basketball,men,Oregon State / Pitt,Oregon State,Pitt,2023-11-24,,Unknown,ESPN2,250000,sportsmediawatch_ocr,250000.0,,Regular Season,Week 3,,,0.13,POrteGe EAE ee,ESPN2,0.13,250,i‘ ee  POrteGe EAE ee OREGON STATE/ PITTSBURGH ESPN2 0.13 250,Friday,11,November,0,0,0,0,0,0,0,0,0,0,0,0,0,0,0,0,0,0,12.429216196844383
Sports Media Watch 2023-24 OCR Week 3,https://www.sportsmediawatch.com/wp-content/uploads/2024/01/nov20to26.png,2023-24,basketball,men,SMU / Wisconsin,SMU,Wisconsin,2023-11-22,8:35,Early,FS1,228000,sportsmediawatch_ocr,228000.0,,Regular Season,Week 3,,,0.1,FORT MYERS TIP-OFF L,FS1,0.10,228,Wed 11.22.23 8:35 FORT MYERS TIP-OFF L SMU / WISCONSIN FS1 0.10 228,Wednesday,11,November,0,0,0,0,0,0,0,0,0,0,0,0,0,0,0,0,0,0,12.337100907936577
Sports Media Watch 2023-24 OCR Week 3,https://www.sportsmediawatch.com/wp-content/uploads/2024/01/nov20to26.png,2023-24,basketball,men,Texas Tech / Villanova,Texas Tech,Villanova,2023-11-22,,Unknown,ESPN2,222000,sportsmediawatch_ocr,222000.0,,Regular Season,Week 3,,,0.12,POrteGe Eick,ESPN2,0.12,222,top oe)  POrteGe Eick TEXAS TECH / VILLANOVA ESPN2 0.12 222,Wednesday,11,November,0,0,0,0,0,21,0,1,0,1,0,0,0,0,0,0,0,0,12.310432660854417
Sports Media Watch 2023-24 OCR Week 3,https://www.sportsmediawatch.com/wp-content/uploads/2024/01/nov20to26.png,2023-24,basketball,men,Oklahoma / Iowa,Oklahoma,Iowa,2023-11-23,3:00,Early,FS1,215000,sportsmediawatch_ocr,215000.0,,Regular Season,Week 3,,,0.07,RADY CHILDRENS INVL,FS1,0.07,215,Thu 11.23.23 3:00 RADY CHILDRENS INVL OKLAHOMA / IOWA FS1 0.07 215,Thursday,11,November,0,0,0,0,0,0,0,0,0,0,0,0,0,0,0,0,0,0,12.2783933071098
Sports Media Watch 2023-24 OCR Week 3,https://www.sportsmediawatch.com/wp-content/uploads/2024/01/nov20to26.png,2023-24,basketball,men,Arkansas / Michigan,Arkansas,Michigan,2023-11-23,8:45,Early,ESPN2,211000,sportsmediawatch_ocr,211000.0,,Regular Season,Week 3,,,0.12,COLLEGE BKBL REG SSN OL,ESPN2,0.12,211,Thu 11.23.23 8:45 COLLEGE BKBL REG SSN OL ARKANSAS / MICHIGAN ESPN2 0.12 211,Thursday,11,November,0,0,20,0,1,0,0,0,0,1,0,0,0,0,0,0,0,0,12.259613412458204
Sports Media Watch 2023-24 OCR Week 3,https://www.sportsmediawatch.com/wp-content/uploads/2024/01/nov20to26.png,2023-24,basketball,men,NC State / Vanderbilt,NC State,Vanderbilt,2023-11-23,10:39,Early,ESPN2,207000,sportsmediawatch_ocr,207000.0,,Regular Season,Week 3,,,0.12,COLLEGE BKBL REG SSN,ESPN2,0.12,207,Thu 11.23.23 10:39 COLLEGE BKBL REG SSN NC STATE / VANDERBILT ESPN2 0.12 207,Thursday,11,November,0,0,0,0,0,0,0,0,0,0,0,0,0,0,0,0,0,0,12.240474072247506
Sports Media Watch 2023-24 OCR Week 3,https://www.sportsmediawatch.com/wp-content/uploads/2024/01/nov20to26.png,2023-24,basketball,men,Iowa State/Virginia Tech,Iowa State,Virginia Tech,2023-11-24,5:30,Early,ESPN2,206000,sportsmediawatch_ocr,206000.0,,Regular Season,Week 3,,,0.1,COLLEGE BKBL REG SSN OL,ESPN2,0.10,206,Fri 11.24.23 5:30 COLLEGE BKBL REG SSN OL STATE/ VIRGINIA IOWA TECH ESPN2 0.10 206,Friday,11,November,0,0,0,0,0,0,0,0,0,0,0,0,0,0,0,0,0,0,12.235631447771718
Sports Media Watch 2023-24 OCR Week 3,https://www.sportsmediawatch.com/wp-content/uploads/2024/01/nov20to26.png,2023-24,basketball,men,Texas A&M / Iowa State,Texas A&M,Iowa State,2023-11-26,6:30,Early,ESPN2,188000,sportsmediawatch_ocr,188000.0,,Regular Season,Week 3,,,0.09,COLLEGE BKBL REG SSN OL,ESPN2,0.09,188,Sun 11.26.23 6:30 COLLEGE BKBL REG SSN OL TEXAS A&M / IOWA STATE ESPN2 0.09 188,Sunday,11,November,1,0,12,0,1,0,0,0,0,1,0,0,0,0,0,0,0,0,12.144197241812087
Sports Media Watch 2023-24 OCR Week 3,https://www.sportsmediawatch.com/wp-content/uploads/2024/01/nov20to26.png,2023-24,basketball,men,West Virginia / SMU,West Virginia,SMU,2023-11-20,8:30,Early,FS1,172000,sportsmediawatch_ocr,172000.0,,Regular Season,Week 3,,,0.06,FORT MYERS TIP-OFF L,FS1,0.06,172,Mon 11.2023 8:30 FORT MYERS TIP-OFF L WEST VIRGINIA / SMU FS1 0.06 172,Monday,11,November,0,0,0,0,0,0,0,0,0,0,0,0,0,0,0,0,0,0,12.05524975579559
Sports Media Watch 2023-24 OCR Week 3,https://www.sportsmediawatch.com/wp-content/uploads/2024/01/nov20to26.png,2023-24,basketball,men,UConn / Texas,UConn,Texas,2023-11-20,7:11,Early,ESPNU,171000,sportsmediawatch_ocr,171000.0,,Regular Season,Week 3,,,0.09,COLLEGE BKBL REG SSN L,ESPNU,0.09,171,Mon 11.20.23 7:11 COLLEGE BKBL REG SSN L UCONN / TEXAS ESPNU 0.09 171,Monday,11,November,0,0,5,1,0,15,0,1,1,1,0,0,0,0,0,0,0,0,12.049418835484797
Sports Media Watch 2023-24 OCR Week 3,https://www.sportsmediawatch.com/wp-content/uploads/2024/01/nov20to26.png,2023-24,basketball,men,Wisconsin / Virginia,Wisconsin,Virginia,2023-11-20,6:00,Early,FS1,169000,sportsmediawatch_ocr,169000.0,,Regular Season,Week 3,,,0.09,FORT MYERS TIP-OFF L,FS1,0.09,169,Mon 11.20.23 6:00 FORT MYERS TIP-OFF L WISCONSIN / VIRGINIA FS1 0.09 169,Monday,11,November,0,0,0,0,0,24,0,1,0,1,0,0,0,0,0,0,0,0,12.037653993905211
Sports Media Watch 2023-24 OCR Week 3,https://www.sportsmediawatch.com/wp-content/uploads/2024/01/nov20to26.png,2023-24,basketball,men,Harvard / Indiana,Harvard,Indiana,2023-11-26,4:30,Early,BTN,162000,sportsmediawatch_ocr,162000.0,,Regular Season,Week 3,,,0.09,B1G MENS BASKETBALLL,BTN,0.09,162,Sun 11.26.23 4:30 B1G MENS BASKETBALLL HARVARD / INDIANA BTN 0.09 162,Sunday,11,November,1,0,0,0,0,0,0,0,0,0,0,0,0,0,0,0,0,0,11.99535161421452
Sports Media Watch 2023-24 OCR Week 3,https://www.sportsmediawatch.com/wp-content/uploads/2024/01/nov20to26.png,2023-24,basketball,men,Stanford / Arkansas,Stanford,Arkansas,2023-11-22,8:01,Early,ESPNU,156000,sportsmediawatch_ocr,156000.0,,Regular Season,Week 3,,,0.09,COLLEGE BKBL REG SSN OL,ESPNU,0.09,156,Wed 11.2223 8:01 COLLEGE BKBL REG SSN OL STANFORD / ARKANSAS ESPNU 0.09 156,Wednesday,11,November,0,0,0,0,0,20,0,1,0,1,0,0,0,0,0,0,0,0,11.957611286231675
Sports Media Watch 2023-24 OCR Week 3,https://www.sportsmediawatch.com/wp-content/uploads/2024/01/nov20to26.png,2023-24,basketball,men,Indiana / Louisville,Indiana,Louisville,2023-11-20,4:38,Early,ESPNU,140000,sportsmediawatch_ocr,140000.0,,Regular Season,Week 3,,,0.08,COLLEGE BKBL REG SSN OL,ESPNU,0.08,140,Mon 11.20.23 4:38 COLLEGE BKBL REG SSN OL INDIANA / LOUISVILLE ESPNU 0.08 140,Monday,11,November,0,0,0,0,0,0,0,0,0,0,0,0,0,0,0,0,0,0,11.84939770159144
Sports Media Watch 2023-24 OCR Week 3,https://www.sportsmediawatch.com/wp-content/uploads/2024/01/nov20to26.png,2023-24,basketball,men,Western Illinois / Illinois,Western Illinois,Illinois,2023-11-24,9:06,Early,BTN,137000,sportsmediawatch_ocr,137000.0,,Regular Season,Week 3,,,0.07,B1G MENS BASKETBALLL,BTN,0.07,137,Fri 11.24.23 9:06 B1G MENS BASKETBALLL WESTERN ILLINOIS / ILLINOIS BTN 0.07 137,Friday,11,November,0,0,0,0,0,23,0,1,0,1,0,0,0,0,0,0,0,0,11.827736204810263
Sports Media Watch 2023-24 OCR Week 3,https://www.sportsmediawatch.com/wp-content/uploads/2024/01/nov20to26.png,2023-24,basketball,men,Vanderbilt / Arizona,Vanderbilt,Arizona,2023-11-24,8:00,Early,ESPN2,133000,sportsmediawatch_ocr,133000.0,,Regular Season,Week 3,,,0.07,COLLEGE BKBL REG SSN OL,ESPN2,0.07,133,Fri 11.24.23 8:00 COLLEGE BKBL REG SSN OL VANDERBILT / ARIZONA ESPN2 0.07 133,Friday,11,November,0,0,0,0,0,3,1,0,1,0,0,0,0,0,0,0,0,0,11.79810440720389
Sports Media Watch 2023-24 OCR Week 3,https://www.sportsmediawatch.com/wp-content/uploads/2024/01/nov20to26.png,2023-24,basketball,men,Texas Tech / Northern Iowa,Texas Tech,UNI,2023-11-23,12:00,Early,ESPN2,125000,sportsmediawatch_ocr,125000.0,,Regular Season,Week 3,,,,COLLEGEBKBLREGSSN,EsPN2,"0,07",125,"Thu 11.2323 12:00 COLLEGEBKBLREGSSN TEXAS TECH/ NORTHERN IOWA EsPN2 0,07 125",Thursday,11,November,0,0,0,0,0,0,0,0,0,0,0,0,0,0,0,0,0,0,11.736069016284437
Sports Media Watch 2023-24 OCR Week 3,https://www.sportsmediawatch.com/wp-content/uploads/2024/01/nov20to26.png,2023-24,basketball,men,Byu / Arizona State,BYU,Arizona State,2023-11-23,12:33,Early,ESPN2,124000,sportsmediawatch_ocr,124000.0,,Regular Season,Week 3,,,0.07,COLLEGE BKBL REG SSN OL,ESPN2,0.07,124,Thu 11.2323 12:33 COLLEGE BKBL REG SSN OL BYU / ARIZONA STATE ESPN2 0.07 124,Thursday,11,November,0,0,0,0,0,0,0,0,0,0,0,0,0,0,0,0,0,0,11.728036844587175
Sports Media Watch 2023-24 OCR Week 3,https://www.sportsmediawatch.com/wp-content/uploads/2024/01/nov20to26.png,2023-24,basketball,men,Duquesne / Nebraska,Duquesne,Nebraska,2023-11-22,8:00,Early,ESPN,122000,sportsmediawatch_ocr,122000.0,,Regular Season,Week 3,,,0.06,B1G MENS BASKETBALLL,BIN,0.06,122,Wed 11.22.23 8:00 B1G MENS BASKETBALLL DUQUESNE / NEBRASKA BIN 0.06 122,Wednesday,11,November,0,0,0,0,0,0,0,0,0,0,0,0,0,0,0,0,0,0,11.711776323715394
Sports Media Watch 2023-24 OCR Week 3,https://www.sportsmediawatch.com/wp-content/uploads/2024/01/nov20to26.png,2023-24,basketball,men,South Alabama/Maryland,South Alabama,Maryland,2023-11-25,7:13,Early,BTN,121000,sportsmediawatch_ocr,121000.0,,Regular Season,Week 3,,,0.05,BIGMENSBASKETBALLL,BTN,0.05,121,Sat 11.25.23 7:13 BIGMENSBASKETBALLL SOUTH ALABAMA / 2 ANY BTN 0.05 121,Saturday,11,November,1,0,0,0,0,0,0,0,0,0,0,0,0,0,0,0,0,0,11.703545824578878
Sports Media Watch 2023-24 OCR Week 3,https://www.sportsmediawatch.com/wp-content/uploads/2024/01/nov20to26.png,2023-24,basketball,men,Iowa State / VCU,Iowa State,VCU,2023-11-23,5:32,Early,ESPN2,116000,sportsmediawatch_ocr,116000.0,,Regular Season,Week 3,,,0.06,COLLEGE BKBL REG SSN,ESPN2,0.06,116,Thu 11.23.23 5:32 COLLEGE BKBL REG SSN IOWA STATE / VCU ESPN2 0.06 116,Thursday,11,November,0,0,0,0,0,0,0,0,0,0,0,0,0,0,0,0,0,0,11.661345470088502
Sports Media Watch 2023-24 OCR Week 3,https://www.sportsmediawatch.com/wp-content/uploads/2024/01/nov20to26.png,2023-24,basketball,men,Kansas / Chaminade,Kansas,Chaminade,2023-11-20,9:14,Early,ESPNU,100000,sportsmediawatch_ocr,100000.0,,Regular Season,Week 3,,,0.06,COLLEGE BKBL REG SSN,ESPNU,0.06,100,Mon 11.2023 9:14 COLLEGE BKBL REG SSN KANSAS / CHAMINADE ESPNU 0.06 100,Monday,11,November,0,0,1,1,0,0,0,0,1,0,0,0,0,0,0,0,0,0,11.512925464970229
Sports Media Watch 2023-24 OCR Week 3,https://www.sportsmediawatch.com/wp-content/uploads/2024/01/nov20to26.png,2023-24,basketball,men,Florida Atlantic / Butler,Florida Atlantic,Butler,2023-11-23,2:54,Early,ESPN2,100000,sportsmediawatch_ocr,100000.0,,Regular Season,Week 3,,,0.05,COLLEGE BKBL REG SSN L,ESPN2,0.05,100,Thu 11.23.23 2:54 COLLEGE BKBL REG SSN L FLORIDA ATLANTIC / BUTLER ESPN2 0.05 100,Thursday,11,November,0,0,19,0,1,0,0,0,0,1,0,0,0,0,0,0,0,0,11.512925464970229
Sports Media Watch 2023-24 OCR Week 3,https://www.sportsmediawatch.com/wp-content/uploads/2024/01/nov20to26.png,2023-24,basketball,men,Seton Hall / USC,Seton Hall,USC,2023-11-23,5:38,Early,FS1,96000,sportsmediawatch_ocr,96000.0,,Regular Season,Week 3,,,0.04,— RADYCHILDRENSINVL,FS1,0.04,96,Thu 112323 5:38 — RADYCHILDRENSINVL SETON HALL/ USC FS1 0.04 96,Thursday,11,November,0,0,0,0,0,23,0,1,0,1,0,0,0,0,0,0,0,0,11.472103470449973
Sports Media Watch 2023-24 OCR Week 3,https://www.sportsmediawatch.com/wp-content/uploads/2024/01/nov20to26.png,2023-24,basketball,men,Manhattan / UConn,Manhattan,UConn,2023-11-24,2:01,Early,FS1,80000,sportsmediawatch_ocr,80000.0,,Regular Season,Week 3,,,0.04,COLL BSKTBL: BIGEASTL,FS1,0.04,80,Fri 1124.23 2:01 COLL BSKTBL: BIGEASTL MANHATTAN / UCONN FS1 0.04 80,Friday,11,November,0,0,0,0,0,5,1,0,1,0,0,0,0,0,0,0,0,0,11.289781913656018
Sports Media Watch 2023-24 OCR Week 3,https://www.sportsmediawatch.com/wp-content/uploads/2024/01/nov20to26.png,2023-24,basketball,men,Michigan / Texas Tech,Michigan,Texas Tech,2023-11-24,6:32,Early,ESPNU,79000,sportsmediawatch_ocr,79000.0,,Regular Season,Week 3,,,0.04,COLLEGE BKBL REG SSN,ESPNU,0.04,79,Fri 11.24.23 6:32 COLLEGE BKBL REG SSN MICHIGAN / TEXAS TECH ESPNU 0.04 79,Friday,11,November,0,0,0,0,0,0,0,0,0,0,0,0,0,0,0,0,0,0,11.27720313144916
Sports Media Watch 2023-24 OCR Week 3,https://www.sportsmediawatch.com/wp-content/uploads/2024/01/nov20to26.png,2023-24,basketball,men,Boise State / Virginia Tech,Boise State,Virginia Tech,2023-11-23,8:08,Early,ESPNU,55000,sportsmediawatch_ocr,55000.0,,Regular Season,Week 3,,,0.03,COLLEGE BKBL REG SSN,ESPNU,0.03,55,Thu 11.23.23 8:08 COLLEGE BKBL REG SSN BOISE STATE/ VIRGINIA TECH ESPNU 0.03 55,Thursday,11,November,0,0,0,0,0,0,0,0,0,0,0,0,0,0,0,0,0,0,10.915088464214607
Sports Media Watch 2023-24 OCR Week 3,https://www.sportsmediawatch.com/wp-content/uploads/2024/01/nov20to26.png,2023-24,basketball,men,Butler / Boise State,Butler,Boise State,2023-11-26,4:00,Early,ESPN2,54000,sportsmediawatch_ocr,54000.0,,Regular Season,Week 3,,,0.04,COLLEGE BKBL REG SSN OL,ESPN2,0.04,54,Sun 11.26.23 4:00 COLLEGE BKBL REG SSN OL BUTLER / BOISE STATE ESPN2 0.04 54,Sunday,11,November,1,0,0,0,0,0,0,0,0,0,0,0,0,0,0,0,0,0,10.896739325546411
Sports Media Watch 2023-24 OCR Week 3,https://www.sportsmediawatch.com/wp-content/uploads/2024/01/nov20to26.png,2023-24,basketball,men,VCU / Boise State,VCU,Boise State,2023-11-24,8:37,Early,ESPNU,46000,sportsmediawatch_ocr,46000.0,,Regular Season,Week 3,,,0.02,COLLEGE BKBL REG SSN OL,ESPNU,0.02,46,Fri 11.24.23 8:37 COLLEGE BKBL REG SSN OL VCU / BOISE STATE ESPNU 0.02 46,Friday,11,November,0,0,0,0,0,0,0,0,0,0,0,0,0,0,0,0,0,0,10.736396675471232
Sports Media Watch 2023-24 OCR Week 3,https://www.sportsmediawatch.com/wp-content/uploads/2024/01/nov20to26.png,2023-24,basketball,men,Bryant / Xavier,Bryant,Xavier,2023-11-24,12:00,Early,FS1,44000,sportsmediawatch_ocr,44000.0,,Regular Season,Week 3,,,0.02,COLL BSKTBL: BIGEASTL,FS1,0.02,44,Fri 1124.23 12:00 COLL BSKTBL: BIGEASTL BRYANT / XAVIER FS1 0.02 44,Friday,11,November,0,0,0,0,0,0,0,0,0,0,0,0,0,0,0,0,0,0,10.691944912900398
Sports Media Watch 2023-24 OCR Week 3,https://www.sportsmediawatch.com/wp-content/uploads/2024/01/nov20to26.png,2023-24,basketball,men,Umbc / Maryland,UMBC,Maryland,2023-11-21,,Unknown,BTN,38000,sportsmediawatch_ocr,38000.0,,Regular Season,Week 3,,,0.02,B1G MENS BASKETBALLL,BTN,0.02,38,ot oe)  B1G MENS BASKETBALLL UMBC / MARYLAND BTN 0.02 38,Tuesday,11,November,0,0,0,0,0,0,0,0,0,0,0,0,0,0,0,0,0,0,10.545341438708522
Sports Media Watch 2023-24 OCR Week 3,https://www.sportsmediawatch.com/wp-content/uploads/2024/01/nov20to26.png,2023-24,basketball,men,Penn State / TCU,Penn State,TCU,2023-11-26,10:30,Early,ESPNU,38000,sportsmediawatch_ocr,38000.0,,Regular Season,Week 3,,,0.02,COLLEGE BKBL REG SSN OL,ESPNU,0.02,38,Sun 11.26.23 10:30 COLLEGE BKBL REG SSN OL PENN STATE / TCU ESPNU 0.02 38,Sunday,11,November,1,0,0,0,0,0,0,0,0,0,0,0,0,0,0,0,0,0,10.545341438708522
Sports Media Watch 2023-24 OCR Week 3,https://www.sportsmediawatch.com/wp-content/uploads/2024/01/nov20to26.png,2023-24,basketball,men,Holy Cross / St. John's,Holy Cross,St. John's,2023-11-25,,Unknown,FS2,34000,sportsmediawatch_ocr,34000.0,,Regular Season,Week 3,,,0.01,COLL BSKTBL: BIGEASTL,FS2,0.01,34,aes Pa  COLL BSKTBL: BIGEASTL HOLY CROSS/ ST JOHNS FS2 0.01 34,Saturday,11,November,1,0,0,0,0,0,0,0,0,0,0,0,0,0,0,0,0,0,10.4341158035983
Sports Media Watch 2023-24 OCR Week 3,https://www.sportsmediawatch.com/wp-content/uploads/2024/01/nov20to26.png,2023-24,basketball,men,Lehigh / Providence,Lehigh,Providence,2023-11-24,7:00,Early,FS2,24000,sportsmediawatch_ocr,24000.0,,Regular Season,Week 3,,,0.01,COLL BSKTBL: BIGEASTL,FS2,0.01,24,Fri 1124.23 7:00 COLL BSKTBL: BIGEASTL LEHIGH/ PROVIDENCE FS2 0.01 24,Friday,11,November,0,0,0,0,0,0,0,0,0,0,0,0,0,0,0,0,0,0,10.085809109330082
Sports Media Watch 2023-24 OCR Week 3,https://www.sportsmediawatch.com/wp-content/uploads/2024/01/nov20to26.png,2023-24,basketball,men,Northern Illinois / Depaul,Northern Illinois,DePaul,2023-11-25,,Unknown,FS2,14000,sportsmediawatch_ocr,14000.0,,Regular Season,Week 3,,,0.01,COLL BSKTBL: BIGEASTL,FS2,0.01,14,aes 33  COLL BSKTBL: BIGEASTL NORTHERN ILLINOIS / DEPAUL FS2 0.01 14,Saturday,11,November,1,0,0,0,0,0,0,0,0,0,0,0,0,0,0,0,0,0,9.546812608597396
Sports Media Watch 2023-24 OCR Week 4,https://www.sportsmediawatch.com/wp-content/uploads/2024/01/nov27todec3.png,2023-24,basketball,men,Duke / Arkansas,Duke,Arkansas,2023-11-29,9:48,Early,ESPN,1399000,sportsmediawatch_ocr,1399000.0,,Regular Season,Week 4,,,0.83,COLLEGE BKBL REG SSN OL,ESPN,0.83,"1,399","Wed 11.29.23 9:48 COLLEGE BKBL REG SSN OL DUKE / ARKANSAS ESPN 0.83 1,399",Wednesday,11,November,0,0,7,1,0,20,0,1,1,1,0,0,0,0,0,0,0,0,14.151268253647618
Sports Media Watch 2023-24 OCR Week 4,https://www.sportsmediawatch.com/wp-content/uploads/2024/01/nov27todec3.png,2023-24,basketball,men,Tennessee / North Carolina,Tennessee,North Carolina,2023-11-29,7:15,Early,ESPN,1244000,sportsmediawatch_ocr,1244000.0,,Regular Season,Week 4,,,0.74,COLLEGEBKBLREGSSN oL,Ba,0.74,"1,244","Wed 11.29.23 7:15 COLLEGEBKBLREGSSN oL TENNESSEE / NORTH CAROLINA Ba 0.74 1,244",Wednesday,11,November,0,0,10,1,0,17,0,1,1,1,0,0,0,0,0,0,0,0,14.033842552281262
Sports Media Watch 2023-24 OCR Week 4,https://www.sportsmediawatch.com/wp-content/uploads/2024/01/nov27todec3.png,2023-24,basketball,men,Miami (FL) / Kentucky,Miami (FL),Kentucky,2023-11-28,7:31,Early,ESPN,1148000,sportsmediawatch_ocr,1148000.0,,Regular Season,Week 4,,,0.65,COLLEGE BKBL REG SSN oL,ESPN,0.65,"1,148","Tue 11.28.23 7:31 COLLEGE BKBL REG SSN oL MIAMI / KENTUCKY ESPN 0.65 1,148",Tuesday,11,November,0,0,0,0,0,12,0,1,0,1,0,0,0,0,0,0,0,0,13.953531855861648
Sports Media Watch 2023-24 OCR Week 4,https://www.sportsmediawatch.com/wp-content/uploads/2024/01/nov27todec3.png,2023-24,basketball,men,Marquette / Wi,Marquette,Wisconsin,2023-12-02,12:30,Early,FOX,697000,sportsmediawatch_ocr,697000.0,,Regular Season,Week 4,,,0.43,- FOX C. HOOPS BIG10 NOON,FOX,0.43,697,Sat 12.02.23 12:30 - FOX C. HOOPS BIG10 NOON MARQUETTE UNIV AT UNIV-WI FOX 0.43 697,Saturday,12,December,1,0,3,1,0,0,0,0,1,0,0,0,0,0,0,0,0,0,13.454540689742661
Sports Media Watch 2023-24 OCR Week 4,https://www.sportsmediawatch.com/wp-content/uploads/2024/01/nov27todec3.png,2023-24,basketball,men,UConn / Kansas,UConn,Kansas,2023-12-01,9:08,Early,ESPN2,651000,sportsmediawatch_ocr,651000.0,,Regular Season,Week 4,,,0.37,COLLEGE BKBL REG SSN OL,ESPN2,0.37,651,Fri 12.01.23 9:08 COLLEGE BKBL REG SSN OL UCONN / KANSAS ESPN2 0.37 651,Friday,12,December,0,0,4,1,0,5,1,0,2,0,0,0,0,0,0,0,0,0,13.386264921190707
Sports Media Watch 2023-24 OCR Week 4,https://www.sportsmediawatch.com/wp-content/uploads/2024/01/nov27todec3.png,2023-24,basketball,men,Clemson / Alabama,Clemson,Alabama,2023-11-28,9:46,Early,ESPN,555000,sportsmediawatch_ocr,555000.0,,Regular Season,Week 4,,,0.31,COLLEGE BKBL REG SSN o£,ESPN,0.31,555,Tue 11.28.23 9:46 COLLEGE BKBL REG SSN o£ CLEMSON / ALABAMA ESPN 0.31 555,Tuesday,11,November,0,0,0,0,0,23,0,1,0,1,0,0,0,0,0,0,0,0,13.226723392728571
Sports Media Watch 2023-24 OCR Week 4,https://www.sportsmediawatch.com/wp-content/uploads/2024/01/nov27todec3.png,2023-24,basketball,men,Purdue / Northwestern,Purdue,Northwestern,2023-12-01,,Unknown,BTN,375000,sportsmediawatch_ocr,375000.0,,Regular Season,Week 4,,,0.16,L B1G MENS BASKETBALL,BTN,0.16,375,. wee  L B1G MENS BASKETBALL PURDUE / NORTHWESTERN BTN 0.16 375,Friday,12,December,0,0,1,1,0,0,0,0,1,0,0,0,0,0,0,0,0,0,12.834681304952548
Sports Media Watch 2023-24 OCR Week 4,https://www.sportsmediawatch.com/wp-content/uploads/2024/01/nov27todec3.png,2023-24,basketball,men,Johns St / West Virginia,St. John's,West Virginia,2023-12-01,7:13,Early,ESPN2,333000,sportsmediawatch_ocr,333000.0,,Regular Season,Week 4,,,0.19,COLLEGE BKBL REG SSN OL,ESPN2,0.19,333,Fri 12.01.23 7:13 COLLEGE BKBL REG SSN OL JOHNS ST / WEST VIRGINIA ESPN2 0.19 333,Friday,12,December,0,0,0,0,0,0,0,0,0,0,0,0,0,0,0,0,0,0,12.71589776896258
Sports Media Watch 2023-24 OCR Week 4,https://www.sportsmediawatch.com/wp-content/uploads/2024/01/nov27todec3.png,2023-24,basketball,men,USC / Gonzaga,USC,Gonzaga,2023-12-02,10:00,Early,ESPN,316000,sportsmediawatch_ocr,316000.0,,Regular Season,Week 4,,,0.18,COLLEGE BKBL REG SSN L,ESPN,0.18,316,Sat 12.02.23. 10:00 COLLEGE BKBL REG SSN L USC / GONZAGA ESPN 0.18 316,Saturday,12,December,1,0,23,0,1,11,0,1,0,2,0,0,0,0,0,0,0,0,12.66349749256905
Sports Media Watch 2023-24 OCR Week 4,https://www.sportsmediawatch.com/wp-content/uploads/2024/01/nov27todec3.png,2023-24,basketball,men,LSU / Syracuse,LSU,Syracuse,2023-11-28,7:00,Early,ESPN2,250000,sportsmediawatch_ocr,250000.0,,Regular Season,Week 4,,,0.15,COLLEGE BKBL REG SSN L,ESPN2,0.15,250,Tue 11.28.23 7:00 COLLEGE BKBL REG SSN L LSU / SYRACUSE ESPN2 0.15 250,Tuesday,11,November,0,0,0,0,0,0,0,0,0,0,0,0,0,0,0,0,0,0,12.429216196844383
Sports Media Watch 2023-24 OCR Week 4,https://www.sportsmediawatch.com/wp-content/uploads/2024/01/nov27todec3.png,2023-24,basketball,men,Texas A&M / Virginia,Texas A&M,Virginia,2023-11-29,7:15,Early,ESPN2,249000,sportsmediawatch_ocr,249000.0,,Regular Season,Week 4,,,0.16,COLLEGE BKBL REG SSN L,ESPN2,0.16,249,Wed 11.29.23 7:15 COLLEGE BKBL REG SSN L TEXAS A&M / VIRGINIA ESPN2 0.16 249,Wednesday,11,November,0,0,14,0,1,24,0,1,0,2,0,0,0,0,0,0,0,0,12.425208175446844
Sports Media Watch 2023-24 OCR Week 4,https://www.sportsmediawatch.com/wp-content/uploads/2024/01/nov27todec3.png,2023-24,basketball,men,Maryland / Indiana,Maryland,Indiana,2023-12-01,7:00,Early,BTN,236000,sportsmediawatch_ocr,236000.0,,Regular Season,Week 4,,,0.11,B1G MENS BASKETBALLL,BTN,0.11,236,Fri 12.01.23 7:00 B1G MENS BASKETBALLL MARYLAND / INDIANA BTN 0.11 236,Friday,12,December,0,0,0,0,0,0,0,0,0,0,0,0,0,0,0,0,0,0,12.371587084007746
Sports Media Watch 2023-24 OCR Week 4,https://www.sportsmediawatch.com/wp-content/uploads/2024/01/nov27todec3.png,2023-24,basketball,men,Memphis / Ole Miss,Memphis,Ole Miss,2023-12-02,2:04,Early,ESPN2,226000,sportsmediawatch_ocr,226000.0,,Regular Season,Week 4,,,0.13,COLLEGE BKBL REG SSN OL,ESPN2,0.13,226,Sat 12.02.23 2:04 COLLEGE BKBL REG SSN OL MEMPHIS / OLE MISS ESPN2 0.13 226,Saturday,12,December,1,0,0,0,0,0,0,0,0,0,0,0,0,0,0,0,0,0,12.328290278254423
Sports Media Watch 2023-24 OCR Week 4,https://www.sportsmediawatch.com/wp-content/uploads/2024/01/nov27todec3.png,2023-24,basketball,men,Syracuse / Virginia,Syracuse,Virginia,2023-12-02,12:00,Early,ESPN2,221000,sportsmediawatch_ocr,221000.0,,Regular Season,Week 4,,,0.14,COLLEGE BKBL REG SSN L,ESPN2,0.14,221,Sat 12.02.23 12:00 COLLEGE BKBL REG SSN L SYRACUSE / VIRGINIA ESPN2 0.14 221,Saturday,12,December,1,0,0,0,0,24,0,1,0,1,0,0,0,0,0,0,0,0,12.30591798049989
Sports Media Watch 2023-24 OCR Week 4,https://www.sportsmediawatch.com/wp-content/uploads/2024/01/nov27todec3.png,2023-24,basketball,men,Texas Southern / Purdue,Texas Southern,Purdue,2023-11-28,,Unknown,BTN,212000,sportsmediawatch_ocr,212000.0,,Regular Season,Week 4,,,0.12,B1G MENS BASKETBALLL,BTN,0.12,212,toe oe  B1G MENS BASKETBALLL TEXAS SOUTHERN / PURDUE BTN 0.12 212,Tuesday,11,November,0,0,0,0,0,1,1,0,1,0,0,0,0,0,0,0,0,0,12.26434155365415
Sports Media Watch 2023-24 OCR Week 4,https://www.sportsmediawatch.com/wp-content/uploads/2024/01/nov27todec3.png,2023-24,basketball,men,Michigan / Oregon,Michigan,Oregon,2023-12-02,3:34,Early,FS1,208000,sportsmediawatch_ocr,208000.0,,Regular Season,Week 4,,,0.12,COLL BSKTBL: PAC 12 L,FS1,0.12,208,Sat 12.02.23 3:34 COLL BSKTBL: PAC 12 L MICHIGAN / OREGON FS1 0.12 208,Saturday,12,December,1,0,0,0,0,0,0,0,0,0,0,0,0,0,0,0,0,0,12.245293358683455
Sports Media Watch 2023-24 OCR Week 4,https://www.sportsmediawatch.com/wp-content/uploads/2024/01/nov27todec3.png,2023-24,basketball,men,Creighton / Oklahoma State,Creighton,Oklahoma State,2023-11-30,9:00,Early,ESPN2,200000,sportsmediawatch_ocr,200000.0,,Regular Season,Week 4,,,0.1,COLLEGEBKBLREGSSN,EsPN2,0.10,200,Thu 11.30.23 9:00 COLLEGEBKBLREGSSN CREIGHTON / OKLAHOMA STATE EsPN2 0.10 200,Thursday,11,November,0,0,15,0,1,0,0,0,0,1,0,0,0,0,0,0,0,0,12.206072645530174
Sports Media Watch 2023-24 OCR Week 4,https://www.sportsmediawatch.com/wp-content/uploads/2024/01/nov27todec3.png,2023-24,basketball,men,Georgia Southern / Yicuican State,Georgia Southern,Michigan State,2023-11-28,6:30,Early,BTN,188000,sportsmediawatch_ocr,188000.0,,Regular Season,Week 4,,,0.11,BIGMENSBASKETBALLL,BTN,0.11,188,Tue 112823 6:30 BIGMENSBASKETBALLL GEORGIA SOUTHERN / YICUICAN STATE BTN 0.11 188,Tuesday,11,November,0,0,0,0,0,21,0,1,0,1,0,0,0,0,0,0,0,0,12.144197241812087
Sports Media Watch 2023-24 OCR Week 4,https://www.sportsmediawatch.com/wp-content/uploads/2024/01/nov27todec3.png,2023-24,basketball,men,NC State / Ole Miss,NC State,Ole Miss,2023-11-28,9:09,Early,ESPN2,175000,sportsmediawatch_ocr,175000.0,,Regular Season,Week 4,,,0.11,COLLEGE BKBL REG SSN L,ESPN2,0.11,175,Tue 11.28.23 9:09 COLLEGE BKBL REG SSN L NC STATE/ OLE MISS ESPN2 0.11 175,Tuesday,11,November,0,0,0,0,0,0,0,0,0,0,0,0,0,0,0,0,0,0,12.072541252905651
Sports Media Watch 2023-24 OCR Week 4,https://www.sportsmediawatch.com/wp-content/uploads/2024/01/nov27todec3.png,2023-24,basketball,men,Creighton / Nebraska,Creighton,Nebraska,2023-12-03,4:00,Early,FS1,175000,sportsmediawatch_ocr,175000.0,,Regular Season,Week 4,,,0.11,COLL BSKBL:BIG 10L,FS1,0.11,175,Sun 12.03.23 4:00 COLL BSKBL:BIG 10L CREIGHTON / NEBRASKA FS1 0.11 175,Sunday,12,December,1,0,15,0,1,0,0,0,0,1,0,0,0,0,0,0,0,0,12.072541252905651
Sports Media Watch 2023-24 OCR Week 4,https://www.sportsmediawatch.com/wp-content/uploads/2024/01/nov27todec3.png,2023-24,basketball,men,Houston / Xavier,Houston,Xavier,2023-12-01,6:30,Early,FS1,175000,sportsmediawatch_ocr,175000.0,,Regular Season,Week 4,,,0.1,COLL BSKTBL: BIGEASTL,FS1,0.10,175,Fri 12.01.23 6:30 COLL BSKTBL: BIGEASTL HOUSTON/ XAVIER FS1 0.10 175,Friday,12,December,0,0,6,1,0,0,0,0,1,0,0,0,0,0,0,0,0,0,12.072541252905651
Sports Media Watch 2023-24 OCR Week 4,https://www.sportsmediawatch.com/wp-content/uploads/2024/01/nov27todec3.png,2023-24,basketball,men,Virginia Tech / Auburn,Virginia Tech,Auburn,2023-11-29,9:21,Early,ESPN2,164000,sportsmediawatch_ocr,164000.0,,Regular Season,Week 4,,,0.1,COLLEGE BKBL REG SSN OL,ESPN2,0.10,164,Wed 11.29.23 9:21 COLLEGE BKBL REG SSN OL VIRGINIA TECH / AUBURN ESPN2 0.10 164,Wednesday,11,November,0,0,0,0,0,0,0,0,0,0,0,0,0,0,0,0,0,0,12.007621706806335
Sports Media Watch 2023-24 OCR Week 4,https://www.sportsmediawatch.com/wp-content/uploads/2024/01/nov27todec3.png,2023-24,basketball,men,Texas Tech / Butler,Texas Tech,Butler,2023-11-30,6:30,Early,FS1,163000,sportsmediawatch_ocr,163000.0,,Regular Season,Week 4,,,0.09,COLL BSKTBL: BIGEASTL,FS1,0.09,163,Thu 11.30.23 6:30 COLL BSKTBL: BIGEASTL TEXAS TECH/ BUTLER FS1 0.09 163,Thursday,11,November,0,0,0,0,0,0,0,0,0,0,0,0,0,0,0,0,0,0,12.0015054797889
Sports Media Watch 2023-24 OCR Week 4,https://www.sportsmediawatch.com/wp-content/uploads/2024/01/nov27todec3.png,2023-24,basketball,men,Illinois / Rutgers,Illinois,Rutgers,2023-12-02,4:00,Early,BTN,157000,sportsmediawatch_ocr,157000.0,,Regular Season,Week 4,,,0.1,L_ B1G MENS BASKETBALL,BTN,0.10,157,Sat 12.02.23 4:00 L_ B1G MENS BASKETBALL ILLINOIS / RUTGERS BTN 0.10 157,Saturday,12,December,1,0,24,0,1,0,0,0,0,1,0,0,0,0,0,0,0,0,11.964001084330445
Sports Media Watch 2023-24 OCR Week 4,https://www.sportsmediawatch.com/wp-content/uploads/2024/01/nov27todec3.png,2023-24,basketball,men,Minnesota / Ohio State,Minnesota,Ohio State,2023-12-03,,Unknown,BTN,148000,sportsmediawatch_ocr,148000.0,,Regular Season,Week 4,,,0.08,B1G MENS BASKETBALLL,BTN,0.08,148,03 oe  B1G MENS BASKETBALLL MINNESOTA / OHIOSTATE BTN 0.08 148,Sunday,12,December,1,0,0,0,0,0,0,0,0,0,0,0,0,0,0,0,0,0,11.904967552746252
Sports Media Watch 2023-24 OCR Week 4,https://www.sportsmediawatch.com/wp-content/uploads/2024/01/nov27todec3.png,2023-24,basketball,men,Saint Joseph's / Villanova,Saint Joseph's,Villanova,2023-11-29,,Unknown,FS1,144000,sportsmediawatch_ocr,144000.0,,Regular Season,Week 4,,,0.09,COLL BSKTBL: BIGEASTL,FS1,0.09,144,1150.23  COLL BSKTBL: BIGEASTL SAINT JOSEPHS / VILLANOVA FS1 0.09 144,Wednesday,11,November,0,0,0,0,0,18,0,1,0,1,0,0,0,0,0,0,0,0,11.877568578558138
Sports Media Watch 2023-24 OCR Week 4,https://www.sportsmediawatch.com/wp-content/uploads/2024/01/nov27todec3.png,2023-24,basketball,men,North Florida / Iowa,North Florida,Iowa,2023-11-29,9:06,Early,BTN,128000,sportsmediawatch_ocr,128000.0,,Regular Season,Week 4,,,0.09,BIGMENS BASKETBALLL,BTN,0.09,128,Wed 11.29.23 9:06 BIGMENS BASKETBALLL NORTH FLORIDA / IOWA BTN 0.09 128,Wednesday,11,November,0,0,0,0,0,0,0,0,0,0,0,0,0,0,0,0,0,0,11.759785542901755
Sports Media Watch 2023-24 OCR Week 4,https://www.sportsmediawatch.com/wp-content/uploads/2024/01/nov27todec3.png,2023-24,basketball,men,Western Illinois / Wisconsin,Western Illinois,Wisconsin,2023-11-27,7:00,Early,BTN,120000,sportsmediawatch_ocr,120000.0,,Regular Season,Week 4,,,0.07,BIGMENSBASKETBALLL,BTN,0.07,120,Mon 112723 7:00 BIGMENSBASKETBALLL WESTERN ILLINOIS / WISCONSIN BTN 0.07 120,Monday,11,November,0,0,0,0,0,0,0,0,0,0,0,0,0,0,0,0,0,0,11.695247021764184
Sports Media Watch 2023-24 OCR Week 4,https://www.sportsmediawatch.com/wp-content/uploads/2024/01/nov27todec3.png,2023-24,basketball,men,Central Michigan / Ohio,Central Michigan,Ohio,2023-11-29,7:00,Early,BTN,116000,sportsmediawatch_ocr,116000.0,,Regular Season,Week 4,,,0.08,BIGMENSBASKETBALLL,BTN,0.08,116,Wed 1129.23 7:00 BIGMENSBASKETBALLL CENTRAL MICHIGAN / OHIO BTN 0.08 116,Wednesday,11,November,0,0,0,0,0,0,0,0,0,0,0,0,0,0,0,0,0,0,11.661345470088502
Sports Media Watch 2023-24 OCR Week 4,https://www.sportsmediawatch.com/wp-content/uploads/2024/01/nov27todec3.png,2023-24,basketball,men,TCU / Georgetown,TCU,Georgetown,2023-12-02,5:55,Early,FS1,109000,sportsmediawatch_ocr,109000.0,,Regular Season,Week 4,,,0.05,COLL BSKTBL: BIGEASTL,FS1,0.05,109,Sat 12.02.23 5:55 COLL BSKTBL: BIGEASTL TCU/ GEORGETOWN FS1 0.05 109,Saturday,12,December,1,0,0,0,0,0,0,0,0,0,0,0,0,0,0,0,0,0,11.59910316121128
Sports Media Watch 2023-24 OCR Week 4,https://www.sportsmediawatch.com/wp-content/uploads/2024/01/nov27todec3.png,2023-24,basketball,men,Oakland / Xavier,Oakland,Xavier,2023-11-27,6:30,Early,FS1,104000,sportsmediawatch_ocr,104000.0,,Regular Season,Week 4,,,0.06,COLL BSKTBL: BIGEASTL,FS1,0.06,104,Mon 11.27.23 6:30 COLL BSKTBL: BIGEASTL OAKLAND / XAVIER FS1 0.06 104,Monday,11,November,0,0,0,0,0,0,0,0,0,0,0,0,0,0,0,0,0,0,11.55214617812351
Sports Media Watch 2023-24 OCR Week 4,https://www.sportsmediawatch.com/wp-content/uploads/2024/01/nov27todec3.png,2023-24,basketball,men,Wichita State / Missouri,Wichita State,Missouri,2023-12-03,3:09,Early,ESPN2,101000,sportsmediawatch_ocr,101000.0,,Regular Season,Week 4,,,0.07,COLLEGE BKBL REG SSN OL,ESPN2,0.07,101,Sun 12.03.23 3:09 COLLEGE BKBL REG SSN OL WICHITA STATE / MISSOURI ESPN2 0.07 101,Sunday,12,December,1,0,0,0,0,0,0,0,0,0,0,0,0,0,0,0,0,0,11.522875795823397
Sports Media Watch 2023-24 OCR Week 4,https://www.sportsmediawatch.com/wp-content/uploads/2024/01/nov27todec3.png,2023-24,basketball,men,Missouri / Pitt,Missouri,Pitt,2023-11-28,7:33,Early,ESPNU,98000,sportsmediawatch_ocr,98000.0,,Regular Season,Week 4,,,0.06,COLLEGE BKBL REG SSN L,ESPNU,0.06,98,Tue 11.28.23 7:33 COLLEGE BKBL REG SSN L MISSOURI / PITTSBURGH ESPNU 0.06 98,Tuesday,11,November,0,0,0,0,0,0,0,0,0,0,0,0,0,0,0,0,0,0,11.49272275765271
Sports Media Watch 2023-24 OCR Week 4,https://www.sportsmediawatch.com/wp-content/uploads/2024/01/nov27todec3.png,2023-24,basketball,men,Auburn / Appalachian State,Auburn,Appalachian State,2023-12-03,1:00,Early,ESPN2,97000,sportsmediawatch_ocr,97000.0,,Regular Season,Week 4,,,,COLLEGEBKBLREGSSN,ESPN2—).06,,97,Sun 12.03.23 1:00 COLLEGEBKBLREGSSN AUBURN/ APPALACHIAN STATE ESPN2—).06  97,Sunday,12,December,1,0,0,0,0,0,0,0,0,0,0,0,0,0,0,0,0,0,11.48246625748552
Sports Media Watch 2023-24 OCR Week 4,https://www.sportsmediawatch.com/wp-content/uploads/2024/01/nov27todec3.png,2023-24,basketball,men,Owa St / Depaul,Iowa State,DePaul,2023-12-01,8:55,Early,FS1,74000,sportsmediawatch_ocr,74000.0,,Regular Season,Week 4,,,0.04,COLL BSKTBL: BIGEASTL,FS1,0.04,74,Fri 120123 8:55 COLL BSKTBL: BIGEASTL OWA ST/ DEPAUL FS1 0.04 74,Friday,12,December,0,0,0,0,0,0,0,0,0,0,0,0,0,0,0,0,0,0,11.211820372186306
Sports Media Watch 2023-24 OCR Week 4,https://www.sportsmediawatch.com/wp-content/uploads/2024/01/nov27todec3.png,2023-24,basketball,men,Boise State / Saint Mary's,Boise State,Saint Mary's,2023-12-01,10:45,Early,FS1,67000,sportsmediawatch_ocr,67000.0,,Regular Season,Week 4,,,0.04,COLL BSKTBL: MTN WEST OL,FS1,0.04,67,Fri 12.01.23 10:45 COLL BSKTBL: MTN WEST OL BOISE ST / SAINT MARYS FS1 0.04 67,Friday,12,December,0,0,0,0,0,23,0,1,0,1,0,0,0,0,0,0,0,0,11.112447898373103
Sports Media Watch 2023-24 OCR Week 4,https://www.sportsmediawatch.com/wp-content/uploads/2024/01/nov27todec3.png,2023-24,basketball,men,Southern / Marquette,Southern,Marquette,2023-11-28,,Unknown,FS1,61000,sportsmediawatch_ocr,61000.0,,Regular Season,Week 4,,,0.03,COLL BSKTBL: BIGEASTL,FS1,0.03,61,toe oe  COLL BSKTBL: BIGEASTL SOUTHERN / MARQUETTE FS1 0.03 61,Tuesday,11,November,0,0,0,0,0,3,1,0,1,0,0,0,0,0,0,0,0,0,11.018629143155449
Sports Media Watch 2023-24 OCR Week 4,https://www.sportsmediawatch.com/wp-content/uploads/2024/01/nov27todec3.png,2023-24,basketball,men,Florida / Wake Forest,Florida,Wake Forest,2023-11-29,7:15,Early,ESPNU,60000,sportsmediawatch_ocr,60000.0,,Regular Season,Week 4,,,0.04,COLLEGE BKBL REG SSN OL,ESPNU,0.04,60,Wed 11.29.23 7:15 COLLEGE BKBL REG SSN OL FLORIDA / WAKE FOREST ESPNU 0.04 60,Wednesday,11,November,0,0,0,0,0,0,0,0,0,0,0,0,0,0,0,0,0,0,11.002099841204238
Sports Media Watch 2023-24 OCR Week 4,https://www.sportsmediawatch.com/wp-content/uploads/2024/01/nov27todec3.png,2023-24,basketball,men,Merrimack / Georgetown,Merrimack,Georgetown,2023-11-29,,Unknown,FS1,54000,sportsmediawatch_ocr,54000.0,,Regular Season,Week 4,,,0.03,COLL BSKTBL: BIGEASTL,FS1,0.03,54,1150.23  COLL BSKTBL: BIGEASTL MERRIMACK/GEORGETOWN FS1 0.03 54,Wednesday,11,November,0,0,0,0,0,0,0,0,0,0,0,0,0,0,0,0,0,0,10.896739325546411
Sports Media Watch 2023-24 OCR Week 4,https://www.sportsmediawatch.com/wp-content/uploads/2024/01/nov27todec3.png,2023-24,basketball,men,New Orleans / Minnesota,New Orleans,Minnesota,2023-11-30,,Unknown,BTN,49000,sportsmediawatch_ocr,49000.0,,Regular Season,Week 4,,,0.03,B1G MENS BASKETBALLL,BTN,0.03,49,t30 oe  B1G MENS BASKETBALLL NEWORLEANS / MINNESOTA BTN 0.03 49,Thursday,11,November,0,0,0,0,0,0,0,0,0,0,0,0,0,0,0,0,0,0,10.799575577092764
Sports Media Watch 2023-24 OCR Week 4,https://www.sportsmediawatch.com/wp-content/uploads/2024/01/nov27todec3.png,2023-24,basketball,men,Bucknell / Penn State,Bucknell,Penn State,2023-12-02,,Unknown,BTN,45000,sportsmediawatch_ocr,45000.0,,Regular Season,Week 4,,,0.03,B1G MENS BASKETBALLL,BTN,0.03,45,oe 2 oe  B1G MENS BASKETBALLL BUCKNELL / PENN STATE BTN 0.03 45,Saturday,12,December,1,0,0,0,0,0,0,0,0,0,0,0,0,0,0,0,0,0,10.714417768752456
Sports Media Watch 2023-24 OCR Week 4,https://www.sportsmediawatch.com/wp-content/uploads/2024/01/nov27todec3.png,2023-24,basketball,men,Wagner / Providence,Wagner,Providence,2023-11-28,,Unknown,FS1,33000,sportsmediawatch_ocr,33000.0,,Regular Season,Week 4,,,0.02,COLL BSKTBL: BIG EASTL,FS1,0.02,33,toe oe  COLL BSKTBL: BIG EASTL WAGNER / PROVIDENCE FS1 0.02 33,Tuesday,11,November,0,0,0,0,0,0,0,0,0,0,0,0,0,0,0,0,0,0,10.404262840448617
Sports Media Watch 2023-24 OCR Week 4,https://www.sportsmediawatch.com/wp-content/uploads/2024/01/nov27todec3.png,2023-24,basketball,men,Utah / Saint Mary's,Utah,Saint Mary's,2023-11-27,11:00,Early,ESPNU,33000,sportsmediawatch_ocr,33000.0,,Regular Season,Week 4,,,0.02,COLLEGE BKBL REG SSN OL,ESPNU,0.02,33,Mon 11.2723 11:00 COLLEGE BKBL REG SSN OL UTAH / SAINT MARYS ESPNU 0.02 33,Monday,11,November,0,0,0,0,0,23,0,1,0,1,0,0,0,0,0,0,0,0,10.404262840448617
Sports Media Watch 2023-24 OCR Week 4,https://www.sportsmediawatch.com/wp-content/uploads/2024/01/nov27todec3.png,2023-24,basketball,men,Charleston / Florida Atlantic,Charleston,Florida Atlantic,2023-12-02,6:00,Early,ESPNU,30000,sportsmediawatch_ocr,30000.0,,Regular Season,Week 4,,,,CHARLESTON/ COLLEGEBKBLREGSSN,| ESPNU,0).02,30,Sat 12.02.23 6:00 CHARLESTON/ COLLEGEBKBLREGSSN CHARLESTON / FLORIDA ATLANTIC | ESPNU 0).02 30,Saturday,12,December,1,0,0,0,0,13,0,1,0,1,0,0,0,0,0,0,0,0,10.308952660644293
Sports Media Watch 2023-24 OCR Week 4,https://www.sportsmediawatch.com/wp-content/uploads/2024/01/nov27todec3.png,2023-24,basketball,men,Liberty / Florida Atlantic,Liberty,Florida Atlantic,2023-11-30,6:00,Early,ESPNU,28000,sportsmediawatch_ocr,28000.0,,Regular Season,Week 4,,,0.01,COLLEGE BKBL REG SSN L,ESPNU,0.01,28,Thu 11.30.23. 6:00 COLLEGE BKBL REG SSN L LIBERTY / FLORIDA ATLANTIC ESPNU 0.01 28,Thursday,11,November,0,0,0,0,0,13,0,1,0,1,0,0,0,0,0,0,0,0,10.239959789157341
Sports Media Watch 2023-24 OCR Week 4,https://www.sportsmediawatch.com/wp-content/uploads/2024/01/nov27todec3.png,2023-24,basketball,men,Indiana State / Bradley,Indiana State,Bradley,2023-12-02,2:00,Early,ESPNU,20000,sportsmediawatch_ocr,20000.0,,Regular Season,Week 4,,,0.01,COLLEGE BKBL REG SSN OL,ESPNU,0.01,20,Sat 12.02.23 2:00 COLLEGE BKBL REG SSN OL INDIANA STATE / BRADLEY ESPNU 0.01 20,Saturday,12,December,1,0,0,0,0,0,0,0,0,0,0,0,0,0,0,0,0,0,9.903487552536127
Sports Media Watch 2023-24 OCR Week 4,https://www.sportsmediawatch.com/wp-content/uploads/2024/01/nov27todec3.png,2023-24,basketball,men,Northeastern/Seton Hall,Northeastern,Seton Hall,2023-11-29,6:30,Early,FS2,18000,sportsmediawatch_ocr,18000.0,,Regular Season,Week 4,,,0.01,COLLBSKTBL:BIGEASTL,FS2,0.01,18,Wed 11.29.23 6:30 COLLBSKTBL:BIGEASTL NORTHEASTERN / SETON FS2 0.01 18,Wednesday,11,November,0,0,0,0,0,0,0,0,0,0,0,0,0,0,0,0,0,0,9.798127036878302
Sports Media Watch 2023-24 OCR Week 5,https://www.sportsmediawatch.com/wp-content/uploads/2024/01/dec4to10.png,2023-24,basketball,men,Illinois / Tennessee,Illinois,Tennessee,2023-12-09,12:00,Early,CBS,1456000,sportsmediawatch_ocr,1456000.0,,Regular Season,Week 5,,,0.85,NCAA BASKETBALL-SAT,CBS,0.85,"1,456","Sat 12.09.23 12:00 NCAA BASKETBALL-SAT ILLINOIS AT TENNESSEE CBS 0.85 1,456",Saturday,12,December,1,0,20,0,1,17,0,1,0,2,0,0,0,0,0,0,0,0,14.191203507738768
Sports Media Watch 2023-24 OCR Week 5,https://www.sportsmediawatch.com/wp-content/uploads/2024/01/dec4to10.png,2023-24,basketball,men,North Carolina / UConn,North Carolina,UConn,2023-12-05,9:03,Early,ESPN,1211000,sportsmediawatch_ocr,1211000.0,,Regular Season,Week 5,,,0.7,COLLEGE BKBL REG SSN L,ESPN,0.70,"1,211","Tue 12.05.23 9:03 COLLEGE BKBL REG SSN L NORTH CAROLINA / UCONN ESPN 0.70 1,211",Tuesday,12,December,0,0,9,1,0,5,1,0,2,0,0,0,0,0,0,0,0,0,14.006957022535229
Sports Media Watch 2023-24 OCR Week 5,https://www.sportsmediawatch.com/wp-content/uploads/2024/01/dec4to10.png,2023-24,basketball,men,Missouri / Kansas,Missouri,Kansas,2023-12-09,5:19,Early,ESPN,1201000,sportsmediawatch_ocr,1201000.0,,Regular Season,Week 5,,,0.63,COLLEGE BKBL REG SSN oL,ESPN,0.63,"1,201","Sat 12.09.23 5:19 COLLEGE BKBL REG SSN oL MISSOURI / KANSAS ESPN 0.63 1,201",Saturday,12,December,1,0,0,0,0,2,1,0,1,0,0,0,0,0,0,0,0,0,13.998665101062121
Sports Media Watch 2023-24 OCR Week 5,https://www.sportsmediawatch.com/wp-content/uploads/2024/01/dec4to10.png,2023-24,basketball,men,Purdue / Al,Purdue,Alabama,2023-12-09,1:37,Early,FOX,1058000,sportsmediawatch_ocr,1058000.0,,Regular Season,Week 5,,,0.6,FOX C.HOOPS- HALL OF FAME,FOX,0.60,"1,058","Sat 12.09.23 1:37 FOX C.HOOPS- HALL OF FAME PURDUE UNIV VS UNIV-AL FOX 0.60 1,058",Saturday,12,December,1,0,4,1,0,23,0,1,1,1,0,0,0,0,0,0,0,0,13.871890891400382
Sports Media Watch 2023-24 OCR Week 5,https://www.sportsmediawatch.com/wp-content/uploads/2024/01/dec4to10.png,2023-24,basketball,men,Ca-Los Angeles / Villanova,UCLA,Villanova,2023-12-09,7:07,Early,FOX,898000,sportsmediawatch_ocr,898000.0,,Regular Season,Week 5,,,0.49,— FOXC.HOOPS-BIGEAST PRME,RO,0.49,898,Sat 12.09.23 7:07 — FOXC.HOOPS-BIGEAST PRME UNIV-CA-LOS ANGELES AT VILLANOVA UNIV RO 0.49 898,Saturday,12,December,1,0,0,0,0,18,0,1,0,1,0,0,0,0,0,0,0,0,13.707925347284336
Sports Media Watch 2023-24 OCR Week 5,https://www.sportsmediawatch.com/wp-content/uploads/2024/01/dec4to10.png,2023-24,basketball,men,Florida Atlantic / Illinois,Florida Atlantic,Illinois,2023-12-05,,Unknown,ESPN,768000,sportsmediawatch_ocr,768000.0,,Regular Season,Week 5,,,0.42,POLLEGE BKBLREGSSN,ESPN,0.42,768,05 33  POLLEGE BKBLREGSSN FLORIDA ATLANTIC / ILLINOIS ESPN 0.42 768,Tuesday,12,December,0,0,11,0,1,20,0,1,0,2,0,0,0,0,0,0,0,0,13.551545012129809
Sports Media Watch 2023-24 OCR Week 5,https://www.sportsmediawatch.com/wp-content/uploads/2024/01/dec4to10.png,2023-24,basketball,men,Syracuse / Georgetown,Syracuse,Georgetown,2023-12-09,11:30,Early,FOX,681000,sportsmediawatch_ocr,681000.0,,Regular Season,Week 5,,,0.41,FOXC.HOOPS-BIGEAST NOON,FOX,0.41,681,Sat 12.09.23 11:30 FOXC.HOOPS-BIGEAST NOON SYRACUSE UNIV AT GEORGETOWN UNIV FOX 0.41 681,Saturday,12,December,1,0,0,0,0,0,0,0,0,0,0,0,0,0,0,0,0,0,13.43131758513165
Sports Media Watch 2023-24 OCR Week 5,https://www.sportsmediawatch.com/wp-content/uploads/2024/01/dec4to10.png,2023-24,basketball,men,Wisconsin / Arizona,Wisconsin,Arizona,2023-12-09,3:14,Early,ESPN,681000,sportsmediawatch_ocr,681000.0,,Regular Season,Week 5,,,0.38,COLLEGE BKBL REG SSN,ESPN,0.38,681,Sat 12.09.23 3:14 COLLEGE BKBL REG SSN WISCONSIN / ARIZONA ESPN 0.38 681,Saturday,12,December,1,0,23,0,1,1,1,0,1,1,0,0,0,0,0,0,0,0,13.43131758513165
Sports Media Watch 2023-24 OCR Week 5,https://www.sportsmediawatch.com/wp-content/uploads/2024/01/dec4to10.png,2023-24,basketball,men,Notre Dame / Marquette,Notre Dame,Marquette,2023-12-09,9:22,Early,FOX,650000,sportsmediawatch_ocr,650000.0,,Regular Season,Week 5,,,0.39,— FOXC.HOOPS-BIGEAST NITE,FOX,0.39,650,Sat 12.09.23 9:22 — FOXC.HOOPS-BIGEAST NITE UNIV-NOTRE DAME AT MARQUETTE UNIV FOX 0.39 650,Saturday,12,December,1,0,0,0,0,8,1,0,1,0,0,0,0,0,0,0,0,0,13.38472764187182
Sports Media Watch 2023-24 OCR Week 5,https://www.sportsmediawatch.com/wp-content/uploads/2024/01/dec4to10.png,2023-24,basketball,men,Pennsylvania / Kentucky,Penn,Kentucky,2023-12-09,,Unknown,ESPN2,485000,sportsmediawatch_ocr,485000.0,,Regular Season,Week 5,,,0.28,POLLEGE EGE oReN,ESPN2,0.28,485,o00 oa  POLLEGE EGE oReN PENNSYLVANIA / KENTUCKY ESPN2 0.28 485,Saturday,12,December,1,0,0,0,0,16,0,1,0,1,0,0,0,0,0,0,0,0,13.091904169919621
Sports Media Watch 2023-24 OCR Week 5,https://www.sportsmediawatch.com/wp-content/uploads/2024/01/dec4to10.png,2023-24,basketball,men,Gonzaga / Washington,Gonzaga,Washington,2023-12-09,11:28,Early,ESPN2,438000,sportsmediawatch_ocr,438000.0,,Regular Season,Week 5,,,0.26,COLLEGE BKBL REG SSN,ESPN2,0.26,438,Sat 12.09.23 11:28 COLLEGE BKBL REG SSN GONZAGA / WASHINGTON ESPN2 0.26 438,Saturday,12,December,1,0,7,1,0,0,0,0,1,0,0,0,0,0,0,0,0,0,12.989974189358584
Sports Media Watch 2023-24 OCR Week 5,https://www.sportsmediawatch.com/wp-content/uploads/2024/01/dec4to10.png,2023-24,basketball,men,Arkansas / Oklahoma,Arkansas,Oklahoma,2023-12-09,4:21,Early,ESPN2,416000,sportsmediawatch_ocr,416000.0,,Regular Season,Week 5,,,0.24,COLLEGE BKBL REG SSN,ESPN2,0.24,416,Sat 12.09.23 4:21 COLLEGE BKBL REG SSN ARKANSAS / OKLAHOMA ESPN2 0.24 416,Saturday,12,December,1,0,20,0,1,19,0,1,0,2,0,0,0,0,0,0,0,0,12.9384405392434
Sports Media Watch 2023-24 OCR Week 5,https://www.sportsmediawatch.com/wp-content/uploads/2024/01/dec4to10.png,2023-24,basketball,men,Auburn / Indiana,Auburn,Indiana,2023-12-09,2:04,Early,ESPN2,412000,sportsmediawatch_ocr,412000.0,,Regular Season,Week 5,,,0.24,COLLEGE BKBL REG SSN,ESPN2,0.24,412,Sat 12.09.23 2:04 COLLEGE BKBL REG SSN AUBURN / INDIANA ESPN2 0.24 412,Saturday,12,December,1,0,0,0,0,0,0,0,0,0,0,0,0,0,0,0,0,0,12.928778628331663
Sports Media Watch 2023-24 OCR Week 5,https://www.sportsmediawatch.com/wp-content/uploads/2024/01/dec4to10.png,2023-24,basketball,men,Iowa / Purdue,Iowa,Purdue,2023-12-04,7:00,Early,BTN,367000,sportsmediawatch_ocr,367000.0,,Regular Season,Week 5,,,0.2,B1G MENS BASKETBALLL,BIN,0.20,367,Mon 12.04.23 7:00 B1G MENS BASKETBALLL IOWA / PURDUE BIN 0.20 367,Monday,12,December,0,0,0,0,0,4,1,0,1,0,0,0,0,0,0,0,0,0,12.813117127036707
Sports Media Watch 2023-24 OCR Week 5,https://www.sportsmediawatch.com/wp-content/uploads/2024/01/dec4to10.png,2023-24,basketball,men,Michigan State / Nebraska,Michigan State,Nebraska,2023-12-10,6:39,Early,BTN,350000,sportsmediawatch_ocr,350000.0,,Regular Season,Week 5,,,0.17,BIGMENSBASKETBALLL,BTN,0.17,350,Sun 12.1023 6:39 BIGMENSBASKETBALLL MICHIGAN STATE / 30 .CI BTN 0.17 350,Sunday,12,December,1,0,21,0,1,0,0,0,0,1,0,0,0,0,0,0,0,0,12.765688433465597
Sports Media Watch 2023-24 OCR Week 5,https://www.sportsmediawatch.com/wp-content/uploads/2024/01/dec4to10.png,2023-24,basketball,men,Iii Anova / Kansas State,Villanova,Kansas State,2023-12-05,,Unknown,ESPN2,328000,sportsmediawatch_ocr,328000.0,,Regular Season,Week 5,,,0.19,POLLEGE BKBLREGSSN,ESPN2,0.19,328,05 33  POLLEGE BKBLREGSSN III ANOVA/ KANSAS STATE ESPN2 0.19 328,Tuesday,12,December,0,0,18,0,1,0,0,0,0,1,0,0,0,0,0,0,0,0,12.70076888736628
Sports Media Watch 2023-24 OCR Week 5,https://www.sportsmediawatch.com/wp-content/uploads/2024/01/dec4to10.png,2023-24,basketball,men,Cincinnati / Xavier,Cincinnati,Xavier,2023-12-09,6:39,Early,FS1,302000,sportsmediawatch_ocr,302000.0,,Regular Season,Week 5,,,0.14,COLL BSKTBL: BIGEASTL,FS1,0.14,302,Sat 12.09.23. 6:39 COLL BSKTBL: BIGEASTL CINCINNATI / XAVIER FS1 0.14 302,Saturday,12,December,1,0,0,0,0,0,0,0,0,0,0,0,0,0,0,0,0,0,12.618182296357007
Sports Media Watch 2023-24 OCR Week 5,https://www.sportsmediawatch.com/wp-content/uploads/2024/01/dec4to10.png,2023-24,basketball,men,Texas / Marquette,Texas,Marquette,2023-12-06,8:00,Early,FS1,289000,sportsmediawatch_ocr,289000.0,,Regular Season,Week 5,,,0.17,COLL BSKTBL: BIGEASTL,FS1,0.17,289,Wed 12.06.23 8:00 COLL BSKTBL: BIGEASTL TEXAS / MARQUETTE FS1 0.17 289,Wednesday,12,December,0,0,12,0,1,8,1,0,1,1,0,0,0,0,0,0,0,0,12.57418196709457
Sports Media Watch 2023-24 OCR Week 5,https://www.sportsmediawatch.com/wp-content/uploads/2024/01/dec4to10.png,2023-24,basketball,men,Pitt / West Virginia,Pitt,West Virginia,2023-12-06,,Unknown,ESPN2,255000,sportsmediawatch_ocr,255000.0,,Regular Season,Week 5,,,0.15,POLLEGE SE et,ESPN2,0.15,255,te 06 oa  POLLEGE SE et PITTSBURGH / WEST VIRGINIA ESPN2 0.15 255,Wednesday,12,December,0,0,0,0,0,0,0,0,0,0,0,0,0,0,0,0,0,0,12.449018824140563
Sports Media Watch 2023-24 OCR Week 5,https://www.sportsmediawatch.com/wp-content/uploads/2024/01/dec4to10.png,2023-24,basketball,men,Ohio State / Penn State,Ohio State,Penn State,2023-12-09,,Unknown,BTN,244000,sportsmediawatch_ocr,244000.0,,Regular Season,Week 5,,,0.12,B1G MENS BASKETBALLL,BTN,0.12,244,ae oe  B1G MENS BASKETBALLL OHIO STATE / PENNSTATE BTN 0.12 244,Saturday,12,December,1,0,0,0,0,0,0,0,0,0,0,0,0,0,0,0,0,0,12.404923504275338
Sports Media Watch 2023-24 OCR Week 5,https://www.sportsmediawatch.com/wp-content/uploads/2024/01/dec4to10.png,2023-24,basketball,men,Un-Nc Chrlte / Duke,Charlotte,Duke,2023-12-09,2:15,Early,CW,239000,sportsmediawatch_ocr,239000.0,,Regular Season,Week 5,,,0.14,ACC MEN'S BASKETBALL- DAY2,CW,0.14,239,Sat 12.09.23 2:15 ACC MEN'S BASKETBALL- DAY2 UN-NC CHRLTE AT DUKE CW 0.14 239,Saturday,12,December,1,0,0,0,0,22,0,1,0,1,0,0,0,0,0,0,0,0,12.384218830913648
Sports Media Watch 2023-24 OCR Week 5,https://www.sportsmediawatch.com/wp-content/uploads/2024/01/dec4to10.png,2023-24,basketball,men,Michigan / Iowa,Michigan,Iowa,2023-12-10,4:30,Early,BTN,235000,sportsmediawatch_ocr,235000.0,,Regular Season,Week 5,,,0.13,B1G MENS BASKETBALLL,BIN,0.13,235,Sun 12.10.23 4:30 B1G MENS BASKETBALLL MICHIGAN / IOWA BIN 0.13 235,Sunday,12,December,1,0,0,0,0,0,0,0,0,0,0,0,0,0,0,0,0,0,12.367340793126296
Sports Media Watch 2023-24 OCR Week 5,https://www.sportsmediawatch.com/wp-content/uploads/2024/01/dec4to10.png,2023-24,basketball,men,Rutgers / Seton Hall,Rutgers,Seton Hall,2023-12-09,8:51,Early,FS1,189000,sportsmediawatch_ocr,189000.0,,Regular Season,Week 5,,,0.08,COLL BSKTBL: BIGEASTL,FS1,0.08,189,Sat 12.09.23 8:51 COLL BSKTBL: BIGEASTL RUTGERS /SETON HALL FS1 0.08 189,Saturday,12,December,1,0,0,0,0,0,0,0,0,0,0,0,0,0,0,0,0,0,12.14950229404178
Sports Media Watch 2023-24 OCR Week 5,https://www.sportsmediawatch.com/wp-content/uploads/2024/01/dec4to10.png,2023-24,basketball,men,Nebraska / Minnesota,Nebraska,Minnesota,2023-12-06,,Unknown,BTN,171000,sportsmediawatch_ocr,171000.0,,Regular Season,Week 5,,,0.11,B1G MENS BASKETBALLL,BTN,0.11,171,te 06 oa  B1G MENS BASKETBALLL NEBRASKA / MINNESOTA BTN 0.11 171,Wednesday,12,December,0,0,0,0,0,0,0,0,0,0,0,0,0,0,0,0,0,0,12.049418835484797
Sports Media Watch 2023-24 OCR Week 5,https://www.sportsmediawatch.com/wp-content/uploads/2024/01/dec4to10.png,2023-24,basketball,men,Seton Hall / Baylor,Seton Hall,Baylor,2023-12-05,9:14,Early,ESPN2,155000,sportsmediawatch_ocr,155000.0,,Regular Season,Week 5,,,0.1,COLLEGE BKBL REG SSN L,ESPN2,0.10,155,Tue 12.05.23 9:14 COLLEGE BKBL REG SSN L SETON HALL/ BAYLOR ESPN2 0.10 155,Tuesday,12,December,0,0,0,0,0,6,1,0,1,0,0,0,0,0,0,0,0,0,11.951180395901384
Sports Media Watch 2023-24 OCR Week 5,https://www.sportsmediawatch.com/wp-content/uploads/2024/01/dec4to10.png,2023-24,basketball,men,Penn State / Maryland,Penn State,Maryland,2023-12-06,,Unknown,BTN,149000,sportsmediawatch_ocr,149000.0,,Regular Season,Week 5,,,0.1,B1G MENS BASKETBALLL,BTN,0.10,149,te 06 oe  B1G MENS BASKETBALLL PENN STATE / MARYLAND BTN 0.10 149,Wednesday,12,December,0,0,0,0,0,0,0,0,0,0,0,0,0,0,0,0,0,0,11.911701584927597
Sports Media Watch 2023-24 OCR Week 5,https://www.sportsmediawatch.com/wp-content/uploads/2024/01/dec4to10.png,2023-24,basketball,men,Memphis / Texas A&M,Memphis,Texas A&M,2023-12-10,4:04,Early,ESPN2,146000,sportsmediawatch_ocr,146000.0,,Regular Season,Week 5,,,0.08,COLLEGE BKBL REG SSN OL,ESPN2,0.08,146,Sun 12.10.23 4:04 COLLEGE BKBL REG SSN OL MEMPHIS / TEXAS A&M ESPN2 0.08 146,Sunday,12,December,1,0,0,0,0,21,0,1,0,1,0,0,0,0,0,0,0,0,11.891361900690473
Sports Media Watch 2023-24 OCR Week 5,https://www.sportsmediawatch.com/wp-content/uploads/2024/01/dec4to10.png,2023-24,basketball,men,Valparaiso/Virginia Tech,Valparaiso,Virginia Tech,2023-12-09,12:00,Early,CW,145000,sportsmediawatch_ocr,145000.0,,Regular Season,Week 5,,,0.1,ACC MEN'S BASKETBALL- DAY1,CW,0.10,145,Sat 12.09.23 12:00 ACC MEN'S BASKETBALL- DAY1 VALPRSO UNIV AT VA TECH CW 0.10 145,Saturday,12,December,1,0,0,0,0,0,0,0,0,0,0,0,0,0,0,0,0,0,11.884489021402711
Sports Media Watch 2023-24 OCR Week 5,https://www.sportsmediawatch.com/wp-content/uploads/2024/01/dec4to10.png,2023-24,basketball,men,Louisville / Depaul,Louisville,DePaul,2023-12-09,2:35,Early,FS1,121000,sportsmediawatch_ocr,121000.0,,Regular Season,Week 5,,,0.07,COLL BSKTBL: BIGEASTL,FS1,0.07,121,Sat 12.09.23 2:35 COLL BSKTBL: BIGEASTL LOUISVILLE / DEPAUL FS1 0.07 121,Saturday,12,December,1,0,0,0,0,0,0,0,0,0,0,0,0,0,0,0,0,0,11.703545824578878
Sports Media Watch 2023-24 OCR Week 5,https://www.sportsmediawatch.com/wp-content/uploads/2024/01/dec4to10.png,2023-24,basketball,men,Uc Irvine / San Diego State,UC Irvine,San Diego State,2023-12-09,10:47,Early,FS1,114000,sportsmediawatch_ocr,114000.0,,Regular Season,Week 5,,,0.05,COLL BSKTBL: MTN WEST,FS1,0.05,114,Sat 12.09.23 10:47 COLL BSKTBL: MTN WEST UC IRVINE / SAN DIEGO ST FS1 0.05 114,Saturday,12,December,1,0,0,0,0,25,0,1,0,1,0,0,0,0,0,0,0,0,11.643953727376633
Sports Media Watch 2023-24 OCR Week 5,https://www.sportsmediawatch.com/wp-content/uploads/2024/01/dec4to10.png,2023-24,basketball,men,Iowa / Iowa State,Iowa,Iowa State,2023-12-07,7:30,Early,ESPNU,100000,sportsmediawatch_ocr,100000.0,,Regular Season,Week 5,,,0.07,COLLEGE BKBL REG SSN OL,ESPNU,0.07,100,Thu 12.07.23 7:30 COLLEGE BKBL REG SSN OL IOWA / IOWA STATE ESPNU 0.07 100,Thursday,12,December,0,0,0,0,0,0,0,0,0,0,0,0,0,0,0,0,0,0,11.512925464970229
Sports Media Watch 2023-24 OCR Week 5,https://www.sportsmediawatch.com/wp-content/uploads/2024/01/dec4to10.png,2023-24,basketball,men,Delaware / Xavier,Delaware,Xavier,2023-12-05,6:30,Early,FS1,99000,sportsmediawatch_ocr,99000.0,,Regular Season,Week 5,,,0.06,COLL BSKTBL: BIGEASTL,FS1,0.06,99,Tue 12.0523 6:30 COLL BSKTBL: BIGEASTL DELAWARE/ XAVIER FS1 0.06 99,Tuesday,12,December,0,0,0,0,0,0,0,0,0,0,0,0,0,0,0,0,0,0,11.502875129116727
Sports Media Watch 2023-24 OCR Week 5,https://www.sportsmediawatch.com/wp-content/uploads/2024/01/dec4to10.png,2023-24,basketball,men,SMU / Arizona State,SMU,Arizona State,2023-12-06,10:09,Early,FS1,99000,sportsmediawatch_ocr,99000.0,,Regular Season,Week 5,,,0.05,= COLLBSKTBL:PAC12L,FS1,0.05,99,Wed 12.0623 10:09 = COLLBSKTBL:PAC12L SMU/ ARIZONA ST FS1 0.05 99,Wednesday,12,December,0,0,0,0,0,0,0,0,0,0,0,0,0,0,0,0,0,0,11.502875129116727
Sports Media Watch 2023-24 OCR Week 5,https://www.sportsmediawatch.com/wp-content/uploads/2024/01/dec4to10.png,2023-24,basketball,men,Colorado / Miami (FL),Colorado,Miami (FL),2023-12-10,2:00,Early,ESPN2,97000,sportsmediawatch_ocr,97000.0,,Regular Season,Week 5,,,0.06,COLLEGE BKBL REG SSN OL,ESPN2,0.06,97,Sun 12.10.23 2:00 COLLEGE BKBL REG SSN OL COLORADO / MIAMI ESPN2 0.06 97,Sunday,12,December,1,0,18,0,1,0,0,0,0,1,0,0,0,0,0,0,0,0,11.48246625748552
Sports Media Watch 2023-24 OCR Week 5,https://www.sportsmediawatch.com/wp-content/uploads/2024/01/dec4to10.png,2023-24,basketball,men,Isa / Oklahoma State,Iowa State,Oklahoma State,2023-12-10,,Unknown,ESPN2,73000,sportsmediawatch_ocr,73000.0,,Regular Season,Week 5,,,0.05,POLLEGE BKBLREGSSN,ESPN2,0.05,73,x0 33  POLLEGE BKBLREGSSN ISA /OKLAHOMASTATE ESPN2 0.05 73,Sunday,12,December,1,0,0,0,0,0,0,0,0,0,0,0,0,0,0,0,0,0,11.198214720130528
Sports Media Watch 2023-24 OCR Week 5,https://www.sportsmediawatch.com/wp-content/uploads/2024/01/dec4to10.png,2023-24,basketball,men,Buffalo / Butler,Buffalo,Butler,2023-12-05,8:30,Early,FS1,68000,sportsmediawatch_ocr,68000.0,,Regular Season,Week 5,,,0.04,COLL BSKTBL: BIGEASTL,FS1,0.04,68,Tue 12.0523 8:30 COLL BSKTBL: BIGEASTL BUFFALO / BUTLER FS1 0.04 68,Tuesday,12,December,0,0,0,0,0,0,0,0,0,0,0,0,0,0,0,0,0,0,11.127262984158243
Sports Media Watch 2023-24 OCR Week 5,https://www.sportsmediawatch.com/wp-content/uploads/2024/01/dec4to10.png,2023-24,basketball,men,Arkansas-Pine Bluff / UConn,Arkansas-Pine Bluff,UConn,2023-12-09,12:00,Early,FS2,65000,sportsmediawatch_ocr,65000.0,,Regular Season,Week 5,,,0.04,COLLBSKTBL:BIGEASTL,FS2,0.04,65,Sat 12.00.23 12:00 COLLBSKTBL:BIGEASTL ARKANSAS-PINE BLUFF / UCONN FS2 0.04 65,Saturday,12,December,1,0,0,0,0,5,1,0,1,0,0,0,0,0,0,0,0,0,11.082142548877775
Sports Media Watch 2023-24 OCR Week 5,https://www.sportsmediawatch.com/wp-content/uploads/2024/01/dec4to10.png,2023-24,basketball,men,Memphis / VCU,Memphis,VCU,2023-12-06,7:00,Early,ESPNU,63000,sportsmediawatch_ocr,63000.0,,Regular Season,Week 5,,,0.04,COLLEGE BKBL REG SSN OL,ESPNU,0.04,63,Wed 12.06.23 7:00 COLLEGE BKBL REG SSN OL MEMPHIS / VCU ESPNU 0.04 63,Wednesday,12,December,0,0,0,0,0,0,0,0,0,0,0,0,0,0,0,0,0,0,11.05089000537367
Sports Media Watch 2023-24 OCR Week 5,https://www.sportsmediawatch.com/wp-content/uploads/2024/01/dec4to10.png,2023-24,basketball,men,South Carolina/East Carolina,South Carolina,East Carolina,2023-12-09,12:05,Early,ESPNU,51000,sportsmediawatch_ocr,51000.0,,Regular Season,Week 5,,,,COLLEGE BKBLREGSSN,ESPNU,"),04",51,"Sat 12.09.23 12:05 COLLEGE BKBLREGSSN SOUTHCAROLINA/ CAROLINA EAST ESPNU ),04 51",Saturday,12,December,1,0,0,0,0,0,0,0,0,0,0,0,0,0,0,0,0,0,10.839580911706463
Sports Media Watch 2023-24 OCR Week 5,https://www.sportsmediawatch.com/wp-content/uploads/2024/01/dec4to10.png,2023-24,basketball,men,Florida Gulf Coast/Minnesota,FGCU,Minnesota,2023-12-09,12:00,Early,BTN,50000,sportsmediawatch_ocr,50000.0,,Regular Season,Week 5,,,0.03,BIGMENSBASKETBALLL,BTN,0.03,50,Sat 12.09.23 12:00 BIGMENSBASKETBALLL FLORIDA GULF COAST / IVCCOR BTN 0.03 50,Saturday,12,December,1,0,0,0,0,0,0,0,0,0,0,0,0,0,0,0,0,0,10.819778284410283
Sports Media Watch 2023-24 OCR Week 5,https://www.sportsmediawatch.com/wp-content/uploads/2024/01/dec4to10.png,2023-24,basketball,men,Providence / Oklahoma,Providence,Oklahoma,2023-12-05,7:00,Early,ESPNU,49000,sportsmediawatch_ocr,49000.0,,Regular Season,Week 5,,,0.03,COLLEGE BKBL REG SSN OL,ESPNU,0.03,49,Tue 12.05.23 7:00 COLLEGE BKBL REG SSN OL PROVIDENCE / OKLAHOMA ESPNU 0.03 49,Tuesday,12,December,0,0,0,0,0,19,0,1,0,1,0,0,0,0,0,0,0,0,10.799575577092764
Sports Media Watch 2023-24 OCR Week 5,https://www.sportsmediawatch.com/wp-content/uploads/2024/01/dec4to10.png,2023-24,basketball,men,Central Michigan / Creighton,Central Michigan,Creighton,2023-12-09,2:09,Early,FS2,47000,sportsmediawatch_ocr,47000.0,,Regular Season,Week 5,,,0.03,COLLBSKTBL:BIGEASTL,FS2,0.03,47,Sat 12.09.23 2:09 COLLBSKTBL:BIGEASTL CENTRAL MICHIGAN / CREIGHTON FS2 0.03 47,Saturday,12,December,1,0,0,0,0,10,1,0,1,0,0,0,0,0,0,0,0,0,10.757902880692196
Sports Media Watch 2023-24 OCR Week 5,https://www.sportsmediawatch.com/wp-content/uploads/2024/01/dec4to10.png,2023-24,basketball,men,San Diego State / Grand Canyon,San Diego State,Grand Canyon,2023-12-05,9:02,Early,ESPNU,37000,sportsmediawatch_ocr,37000.0,,Regular Season,Week 5,,,0.03,COLLEGEBKBLREGSSN,ESPNU,0.03,37,Tue 12.05.23 9:02 COLLEGEBKBLREGSSN SAN DIEGO STATE/ GRAND CANYON ESPNU 0.03 37,Tuesday,12,December,0,0,25,0,1,0,0,0,0,1,0,0,0,0,0,0,0,0,10.51867319162636
Sports Media Watch 2023-24 OCR Week 5,https://www.sportsmediawatch.com/wp-content/uploads/2024/01/dec4to10.png,2023-24,basketball,men,Grand Canyon / Liberty,Grand Canyon,Liberty,2023-12-09,2:20,Early,ESPNU,37000,sportsmediawatch_ocr,37000.0,,Regular Season,Week 5,,,0.02,COLLEGE BKBL REG SSN L,ESPNU,0.02,37,Sat 12.09.23 2:20 COLLEGE BKBL REG SSN L GRAND CANYON / LIBERTY ESPNU 0.02 37,Saturday,12,December,1,0,0,0,0,0,0,0,0,0,0,0,0,0,0,0,0,0,10.51867319162636
Sports Media Watch 2023-24 OCR Week 5,https://www.sportsmediawatch.com/wp-content/uploads/2024/01/dec4to10.png,2023-24,basketball,men,St. John's / Boston College,St. John's,Boston College,2023-12-10,,Unknown,ESPNU,27000,sportsmediawatch_ocr,27000.0,,Regular Season,Week 5,,,0.01,POLLEGE BKBLREGSSN,ESPNU,0.01,27,x0 33  POLLEGE BKBLREGSSN ST. JOHNS / BOSTON COLLEGE ESPNU 0.01 27,Sunday,12,December,1,0,0,0,0,0,0,0,0,0,0,0,0,0,0,0,0,0,10.203592144986466
Sports Media Watch 2023-24 OCR Week 6,https://www.sportsmediawatch.com/wp-content/uploads/2024/01/dec11to17.png,2023-24,basketball,men,North Carolina/Kentucky,North Carolina,Kentucky,2023-12-16,5:49,Early,CBS,2397000,sportsmediawatch_ocr,2397000.0,,Regular Season,Week 6,,,,NCAABASKETBALL-SAT-2,CBS,"1,32","2,397","Sat 12.16.23 5:49 NCAABASKETBALL-SAT-2 NORTH CAROLINA VS /- ANY CBS 1,32 2,397",Saturday,12,December,1,0,9,1,0,14,0,1,1,1,0,0,0,0,0,0,0,0,14.68972851341652
Sports Media Watch 2023-24 OCR Week 6,https://www.sportsmediawatch.com/wp-content/uploads/2024/01/dec11to17.png,2023-24,basketball,men,Kansas / Indiana,Kansas,Indiana,2023-12-16,12:30,Early,CBS,1455000,sportsmediawatch_ocr,1455000.0,,Regular Season,Week 6,,,0.84,NCAA BASKETBALL-SAT,CBS,0.84,"1,455","Sat 12.16.23 12:30 NCAA BASKETBALL-SAT KANSAS AT INDIANA CBS 0.84 1,455",Saturday,12,December,1,0,2,1,0,0,0,0,1,0,0,0,0,0,0,0,0,0,14.19051645858773
Sports Media Watch 2023-24 OCR Week 6,https://www.sportsmediawatch.com/wp-content/uploads/2024/01/dec11to17.png,2023-24,basketball,men,UCLA / Ohio State,UCLA,Ohio State,2023-12-16,3:04,Early,CBS,1212000,sportsmediawatch_ocr,1212000.0,,Regular Season,Week 6,,,0.68,NCAABASKETBALL-SAT-1,CBS,0.68,"1,21 2","Sat 12.1623 3:04 NCAABASKETBALL-SAT-1 UCLA VS OHIO STATE CBS 0.68 1,21 2",Saturday,12,December,1,0,0,0,0,0,0,0,0,0,0,0,0,0,0,0,0,0,14.007782445611397
Sports Media Watch 2023-24 OCR Week 6,https://www.sportsmediawatch.com/wp-content/uploads/2024/01/dec11to17.png,2023-24,basketball,men,Al / Creighton,Alabama,Creighton,2023-12-16,8:04,Early,FOX,784000,sportsmediawatch_ocr,784000.0,,Regular Season,Week 6,,,0.42,FOX C.HOOPS-BIG EAST PRME,FOX,0.42,784,Sat 12.16.23 8:04 FOX C.HOOPS-BIG EAST PRME UNIV-AL AT CREIGHTON UNIV FOX 0.42 784,Saturday,12,December,1,0,23,0,1,8,1,0,1,1,0,0,0,0,0,0,0,0,13.572164299332545
Sports Media Watch 2023-24 OCR Week 6,https://www.sportsmediawatch.com/wp-content/uploads/2024/01/dec11to17.png,2023-24,basketball,men,Mi St / Baylor,Michigan State,Baylor,2023-12-16,2:00,Early,FOX,616000,sportsmediawatch_ocr,616000.0,,Regular Season,Week 6,,,0.35,FOX C.HOOPS - MOTOR CITY,FOX,0.35,616,Sat 12.16.23 2:00 FOX C.HOOPS - MOTOR CITY MI ST UNIV VS BAYLOR UNIV FOX 0.35 616,Saturday,12,December,1,0,21,0,1,6,1,0,1,1,0,0,0,0,0,0,0,0,13.331002242515657
Sports Media Watch 2023-24 OCR Week 6,https://www.sportsmediawatch.com/wp-content/uploads/2024/01/dec11to17.png,2023-24,basketball,men,UConn / Gonzaga,UConn,Gonzaga,2023-12-15,10:12,Early,ESPN2,557000,sportsmediawatch_ocr,557000.0,,Regular Season,Week 6,,,0.32,COLLEGE BKBL REG SSN OL,ESPN2,0.32,557,Fri 12.15.23 10:12 COLLEGE BKBL REG SSN OL UCONN / GONZAGA ESPN2 0.32 557,Friday,12,December,0,0,5,1,0,10,1,0,2,0,0,0,0,0,0,0,0,0,13.230320518909421
Sports Media Watch 2023-24 OCR Week 6,https://www.sportsmediawatch.com/wp-content/uploads/2024/01/dec11to17.png,2023-24,basketball,men,Hofstra / Duke,Hofstra,Duke,2023-12-12,7:00,Early,ESPN2,368000,sportsmediawatch_ocr,368000.0,,Regular Season,Week 6,,,0.23,COLLEGE BKBL REG SSN OL,ESPN2,0.23,368,Tue 12.1223 7:00 COLLEGE BKBL REG SSN OL HOFSTRA / DUKE ESPN2 0.23 368,Tuesday,12,December,0,0,0,0,0,21,0,1,0,1,0,0,0,0,0,0,0,0,12.815838217151068
Sports Media Watch 2023-24 OCR Week 6,https://www.sportsmediawatch.com/wp-content/uploads/2024/01/dec11to17.png,2023-24,basketball,men,USC / Auburn,USC,Auburn,2023-12-17,1:00,Early,ESPN,308000,sportsmediawatch_ocr,308000.0,,Regular Season,Week 6,,,0.18,COLLEGE BKBL REG SSN OL,ESPN,0.18,308,Sun 12.17.23 1:00 COLLEGE BKBL REG SSN OL USC / AUBURN ESPN 0.18 308,Sunday,12,December,1,0,23,0,1,0,0,0,0,1,0,0,0,0,0,0,0,0,12.637855061955712
Sports Media Watch 2023-24 OCR Week 6,https://www.sportsmediawatch.com/wp-content/uploads/2024/01/dec11to17.png,2023-24,basketball,men,Seton Hall / Missouri,Seton Hall,Missouri,2023-12-17,5:04,Early,ESPN,299000,sportsmediawatch_ocr,299000.0,,Regular Season,Week 6,,,0.14,COLLEGE BKBL REG SSN L,ESPN,0.14,299,Sun 12.17.23 5:04 COLLEGE BKBL REG SSN L SETON HALL / MISSOURI ESPN 0.14 299,Sunday,12,December,1,0,0,0,0,0,0,0,0,0,0,0,0,0,0,0,0,0,12.608198852372823
Sports Media Watch 2023-24 OCR Week 6,https://www.sportsmediawatch.com/wp-content/uploads/2024/01/dec11to17.png,2023-24,basketball,men,NC State / Tennessee,NC State,Tennessee,2023-12-16,10:01,Early,ESPN2,287000,sportsmediawatch_ocr,287000.0,,Regular Season,Week 6,,,0.17,COLLEGE BKBL REG SSN L,ESPN2,0.17,287,Sat 12.16.23 10:01 COLLEGE BKBL REG SSN L NC STATE/ TENNESSEE ESPN2 0.17 287,Saturday,12,December,1,0,0,0,0,12,0,1,0,1,0,0,0,0,0,0,0,0,12.567237494741757
Sports Media Watch 2023-24 OCR Week 6,https://www.sportsmediawatch.com/wp-content/uploads/2024/01/dec11to17.png,2023-24,basketball,men,Texas A&M / Houston,Texas A&M,Houston,2023-12-16,2:43,Early,ESPN2,242000,sportsmediawatch_ocr,242000.0,,Regular Season,Week 6,,,0.14,COLLEGE BKBL REG SSN L,ESPN2,0.14,242,Sat 12.16.23 2:43 COLLEGE BKBL REG SSN L TEXAS A&M / HOUSTON ESPN2 0.14 242,Saturday,12,December,1,0,21,0,1,4,1,0,1,1,0,0,0,0,0,0,0,0,12.396693005138824
Sports Media Watch 2023-24 OCR Week 6,https://www.sportsmediawatch.com/wp-content/uploads/2024/01/dec11to17.png,2023-24,basketball,men,LSU / Texas,LSU,Texas,2023-12-16,12:02,Early,ESPN2,194000,sportsmediawatch_ocr,194000.0,,Regular Season,Week 6,,,0.11,COLLEGE BKBL REG SSN OL,ESPN2,0.11,194,Sat 12.16.23 12:02 COLLEGE BKBL REG SSN OL LSU / TEXAS ESPN2 0.11 194,Saturday,12,December,1,0,0,0,0,19,0,1,0,1,0,0,0,0,0,0,0,0,12.175613438045465
Sports Media Watch 2023-24 OCR Week 6,https://www.sportsmediawatch.com/wp-content/uploads/2024/01/dec11to17.png,2023-24,basketball,men,Georgetown / Notre Dame,Georgetown,Notre Dame,2023-12-16,2:15,Early,CW,179000,sportsmediawatch_ocr,179000.0,,Regular Season,Week 6,,,0.12,ACC MEN'S BASKETBALL- DAY2,cw,0.12,179,Sat 12.16.23 2:15 ACC MEN'S BASKETBALL- DAY2 GEORGETOWN AT NOTRE DAME cw 0.12 179,Saturday,12,December,1,0,0,0,0,0,0,0,0,0,0,0,0,0,0,0,0,0,12.095141084822892
Sports Media Watch 2023-24 OCR Week 6,https://www.sportsmediawatch.com/wp-content/uploads/2024/01/dec11to17.png,2023-24,basketball,men,La Salle / Miami (FL),La Salle,Miami (FL),2023-12-16,12:00,Early,CW,158000,sportsmediawatch_ocr,158000.0,,Regular Season,Week 6,,,0.12,ACC MEN'S BASKETBALL- DAY1,CW,0.12,158,Sat 12.16.23 12:00 ACC MEN'S BASKETBALL- DAY1 LA SALLE UNIV AT UNIV-MIAMI CW 0.12 158,Saturday,12,December,1,0,0,0,0,0,0,0,0,0,0,0,0,0,0,0,0,0,11.970350312009105
Sports Media Watch 2023-24 OCR Week 6,https://www.sportsmediawatch.com/wp-content/uploads/2024/01/dec11to17.png,2023-24,basketball,men,Floridaa&M / Iowa,Florida A&M,Iowa,2023-12-16,4:37,Early,BTN,134000,sportsmediawatch_ocr,134000.0,,Regular Season,Week 6,,,0.08,B1G MENS BASKETBALLL_,BIN,0.08,134,Sat 12.16.23 4:37 B1G MENS BASKETBALLL_ FLORIDA A&M / IOWA BIN 0.08 134,Saturday,12,December,1,0,0,0,0,0,0,0,0,0,0,0,0,0,0,0,0,0,11.805595078933049
Sports Media Watch 2023-24 OCR Week 6,https://www.sportsmediawatch.com/wp-content/uploads/2024/01/dec11to17.png,2023-24,basketball,men,Jacksonville State/Wisconsin,Jacksonville State,Wisconsin,2023-12-14,7:00,Early,BTN,130000,sportsmediawatch_ocr,130000.0,,Regular Season,Week 6,,,0.07,BIGMENSBASKETBALLL,BTN,0.07,130,Thu 121423 7:00 BIGMENSBASKETBALLL JACKSONVILLE STATE / VC KONAN BTN 0.07 130,Thursday,12,December,0,0,0,0,0,23,0,1,0,1,0,0,0,0,0,0,0,0,11.77528972943772
Sports Media Watch 2023-24 OCR Week 6,https://www.sportsmediawatch.com/wp-content/uploads/2024/01/dec11to17.png,2023-24,basketball,men,St Thomas / Marquette,St Thomas,Marquette,2023-12-14,,Unknown,FS1,117000,sportsmediawatch_ocr,117000.0,,Regular Season,Week 6,,,0.07,COLL BSKTBL: BIGEASTL,FS1,0.07,117,ae AgR  COLL BSKTBL: BIGEASTL ST THOMAS / MARQUETTE FS1 0.07 117,Thursday,12,December,0,0,0,0,0,7,1,0,1,0,0,0,0,0,0,0,0,0,11.669929213779893
Sports Media Watch 2023-24 OCR Week 6,https://www.sportsmediawatch.com/wp-content/uploads/2024/01/dec11to17.png,2023-24,basketball,men,Eastern Michigan/Michigan,Eastern Michigan,Michigan,2023-12-16,2:32,Early,BTN,96000,sportsmediawatch_ocr,96000.0,,Regular Season,Week 6,,,0.06,BIGMENSBASKETBALLL,BTN,0.06,96,Sat 12.16.23 2:32 BIGMENSBASKETBALLL EASTERN MICHIGAN / JYNICAN BTN 0.06 96,Saturday,12,December,1,0,0,0,0,0,0,0,0,0,0,0,0,0,0,0,0,0,11.472103470449973
Sports Media Watch 2023-24 OCR Week 6,https://www.sportsmediawatch.com/wp-content/uploads/2024/01/dec11to17.png,2023-24,basketball,men,Chicago State/Northwestern,Chicago State,Northwestern,2023-12-13,8:00,Early,BTN,88000,sportsmediawatch_ocr,88000.0,,Regular Season,Week 6,,,0.05,BIGMENSBASKETBALLL,BTN,0.05,88,Wed 1213.23 8:00 BIGMENSBASKETBALLL CHICAGO STATE PN / P 7 ECRE BTN 0.05 88,Wednesday,12,December,0,0,0,0,0,25,0,1,0,1,0,0,0,0,0,0,0,0,11.385092093460344
Sports Media Watch 2023-24 OCR Week 6,https://www.sportsmediawatch.com/wp-content/uploads/2024/01/dec11to17.png,2023-24,basketball,men,Colgate / Illinois,Colgate,Illinois,2023-12-17,1:00,Early,BTN,85000,sportsmediawatch_ocr,85000.0,,Regular Season,Week 6,,,0.06,BLGMENSBASKETBALLL,BIN,0.06,85,Sun 121723 1:00 BLGMENSBASKETBALLL COLGATE / ILLNOIS BIN 0.06 85,Sunday,12,December,1,0,0,0,0,16,0,1,0,1,0,0,0,0,0,0,0,0,11.350406535472453
Sports Media Watch 2023-24 OCR Week 6,https://www.sportsmediawatch.com/wp-content/uploads/2024/01/dec11to17.png,2023-24,basketball,men,Monmouth / Seton Hall,Monmouth,Seton Hall,2023-12-12,,Unknown,FS1,84000,sportsmediawatch_ocr,84000.0,,Regular Season,Week 6,,,0.05,COLL BSKTBL: BIG EASTL,FS1,0.05,84,bp oe  COLL BSKTBL: BIG EASTL MONMOUTH/SETON HALL FS1 0.05 84,Tuesday,12,December,0,0,0,0,0,0,0,0,0,0,0,0,0,0,0,0,0,0,11.33857207782545
Sports Media Watch 2023-24 OCR Week 6,https://www.sportsmediawatch.com/wp-content/uploads/2024/01/dec11to17.png,2023-24,basketball,men,West Virginia / UMass,West Virginia,UMass,2023-12-16,6:39,Early,ESPNU,81000,sportsmediawatch_ocr,81000.0,,Regular Season,Week 6,,,0.05,COLLEGEBKBLREGSSN,ESPNU,0.05,81,Sat 12.16.23 6:39 COLLEGEBKBLREGSSN WEST VIRGINIA / MASSACHUSETTS ESPNU 0.05 81,Saturday,12,December,1,0,0,0,0,0,0,0,0,0,0,0,0,0,0,0,0,0,11.302204433654575
Sports Media Watch 2023-24 OCR Week 6,https://www.sportsmediawatch.com/wp-content/uploads/2024/01/dec11to17.png,2023-24,basketball,men,Saginaw Valley St / Butler,Saginaw Valley St,Butler,2023-12-15,7:00,Early,FS1,81000,sportsmediawatch_ocr,81000.0,,Regular Season,Week 6,,,0.04,COLLBSKTBL: BIGEASTL,FS1,0.04,81,Fri 12.1523 7:00 COLLBSKTBL: BIGEASTL SAGINAW VALLEY ST/ BUTLER FS1 0.04 81,Friday,12,December,0,0,0,0,0,0,0,0,0,0,0,0,0,0,0,0,0,0,11.302204433654575
Sports Media Watch 2023-24 OCR Week 6,https://www.sportsmediawatch.com/wp-content/uploads/2024/01/dec11to17.png,2023-24,basketball,men,Fordham / St. John's,Fordham,St. John's,2023-12-16,3:30,Early,FS1,64000,sportsmediawatch_ocr,64000.0,,Regular Season,Week 6,,,0.03,COLL BSKTBL: BIGEASTL,FS1,0.03,64,Sat 121623 3:30 COLL BSKTBL: BIGEASTL FORDHAM/ST. JOHNS FS1 0.03 64,Saturday,12,December,1,0,0,0,0,0,0,0,0,0,0,0,0,0,0,0,0,0,11.06663836234181
Sports Media Watch 2023-24 OCR Week 6,https://www.sportsmediawatch.com/wp-content/uploads/2024/01/dec11to17.png,2023-24,basketball,men,Alcorn State / Maryland,Alcorn State,Maryland,2023-12-12,,Unknown,BTN,59000,sportsmediawatch_ocr,59000.0,,Regular Season,Week 6,,,0.04,B1G MENS BASKETBALLL,BTN,0.04,59,be om  B1G MENS BASKETBALLL ALCORN STATE / MARYLAND BTN 0.04 59,Tuesday,12,December,0,0,0,0,0,0,0,0,0,0,0,0,0,0,0,0,0,0,10.985292722887856
Sports Media Watch 2023-24 OCR Week 6,https://www.sportsmediawatch.com/wp-content/uploads/2024/01/dec11to17.png,2023-24,basketball,men,Georgia Tech / Penn State,Georgia Tech,Penn State,2023-12-16,,Unknown,BTN,55000,sportsmediawatch_ocr,55000.0,,Regular Season,Week 6,,,0.04,B1G MENS BASKETBALLL,BTN,0.04,55,a 93  B1G MENS BASKETBALLL GEORGIA TECH / PENNSTATE BTN 0.04 55,Saturday,12,December,1,0,0,0,0,0,0,0,0,0,0,0,0,0,0,0,0,0,10.915088464214607
Sports Media Watch 2023-24 OCR Week 6,https://www.sportsmediawatch.com/wp-content/uploads/2024/01/dec11to17.png,2023-24,basketball,men,Coppin State / Georgetown,Coppin State,Georgetown,2023-12-12,,Unknown,FS1,55000,sportsmediawatch_ocr,55000.0,,Regular Season,Week 6,,,0.04,COLL BSKTBL: BIGEASTL,FS1,0.04,55,bp om  COLL BSKTBL: BIGEASTL COPPIN ST/ GEORGETOWN FS1 0.04 55,Tuesday,12,December,0,0,0,0,0,0,0,0,0,0,0,0,0,0,0,0,0,0,10.915088464214607
Sports Media Watch 2023-24 OCR Week 6,https://www.sportsmediawatch.com/wp-content/uploads/2024/01/dec11to17.png,2023-24,basketball,men,Winthrop / Xavier,Winthrop,Xavier,2023-12-16,7:39,Early,FS1,51000,sportsmediawatch_ocr,51000.0,,Regular Season,Week 6,,,0.03,COLL BSKTBL: BIGEASTL,FS1,0.03,51,Sat 121623 7:39 COLL BSKTBL: BIGEASTL WINTHROP / XAVIER FS1 0.03 51,Saturday,12,December,1,0,0,0,0,0,0,0,0,0,0,0,0,0,0,0,0,0,10.839580911706463
Sports Media Watch 2023-24 OCR Week 6,https://www.sportsmediawatch.com/wp-content/uploads/2024/01/dec11to17.png,2023-24,basketball,men,Sacred Heart / Providence,Sacred Heart,Providence,2023-12-16,1:30,Early,FS1,36000,sportsmediawatch_ocr,36000.0,,Regular Season,Week 6,,,0.03,COLLBSKTBL:BIGEASTL,FS1,0.03,36,Sat 12.16.23 1:30 COLLBSKTBL:BIGEASTL SACRED HEART / PROVIDENCE FS1 0.03 36,Saturday,12,December,1,0,0,0,0,0,0,0,0,0,0,0,0,0,0,0,0,0,10.491274217438248
Sports Media Watch 2023-24 OCR Week 6,https://www.sportsmediawatch.com/wp-content/uploads/2024/01/dec11to17.png,2023-24,basketball,men,Northwestern / Depaul,Northwestern,DePaul,2023-12-16,,Unknown,FS1,34000,sportsmediawatch_ocr,34000.0,,Regular Season,Week 6,,,0.02,COLL BSKTBL: BIG EASTL,FS1,0.02,34,a oe  COLL BSKTBL: BIG EASTL NORTHWESTERN / DEPAUL FS1 0.02 34,Saturday,12,December,1,0,25,0,1,0,0,0,0,1,0,0,0,0,0,0,0,0,10.4341158035983
Sports Media Watch 2023-24 OCR Week 6,https://www.sportsmediawatch.com/wp-content/uploads/2024/01/dec11to17.png,2023-24,basketball,men,Florida Atlantic / St Bonaventure,Florida Atlantic,St. Bonaventure,2023-12-16,4:00,Early,ESPNU,29000,sportsmediawatch_ocr,29000.0,,Regular Season,Week 6,,,0.02,COLLEGE BKBLREGSSN,| ESPNU,0.02,29,Sat 12.16.23 4:00 COLLEGE BKBLREGSSN FLORIDA ATLANTIC / ST. BONAVENTURE | ESPNU 0.02 29,Saturday,12,December,1,0,15,0,1,0,0,0,0,1,0,0,0,0,0,0,0,0,10.275051108968611
Sports Media Watch 2023-24 OCR Week 6,https://www.sportsmediawatch.com/wp-content/uploads/2024/01/dec11to17.png,2023-24,basketball,men,Arizona State / TCU,Arizona State,TCU,2023-12-16,10:00,Early,ESPNU,16000,sportsmediawatch_ocr,16000.0,,Regular Season,Week 6,,,0.01,COLLEGE BKBL REG SSN L,ESPNU,0.01,16,Sat 12.16.23 10:00 COLLEGE BKBL REG SSN L ARIZONA STATE/ TCU ESPNU 0.01 16,Saturday,12,December,1,0,0,0,0,0,0,0,0,0,0,0,0,0,0,0,0,0,9.680344001221918
Sports Media Watch 2023-24 OCR Week 6,https://www.sportsmediawatch.com/wp-content/uploads/2024/01/dec11to17.png,2023-24,basketball,men,Oward / Texas Southern,Howard,Texas Southern,2023-12-17,,Unknown,ESPNU,10000,sportsmediawatch_ocr,10000.0,,Regular Season,Week 6,,,0.01,POrteGe BKBLREGSSN,ESPNU,0.01,10,ae 33  POrteGe BKBLREGSSN OWARD/TEXAS SOUTHERN ESPNU 0.01 10,Sunday,12,December,1,0,0,0,0,0,0,0,0,0,0,0,0,0,0,0,0,0,9.210340371976184
Sports Media Watch 2023-24 OCR Week 7,https://www.sportsmediawatch.com/wp-content/uploads/2024/01/dec18to24.png,2023-24,basketball,men,North Carolina / Oklahoma,North Carolina,Oklahoma,2023-12-20,9:11,Early,ESPN,1289000,sportsmediawatch_ocr,1289000.0,,Regular Season,Week 7,,,0.76,COLLEGEBKBLREGSSN,Bay,0.76,"1,289","Wed 12.20.23 9:11 COLLEGEBKBLREGSSN NORTH CAROLINA/ OKLAHOMA Bay 0.76 1,289",Wednesday,12,December,0,0,11,0,1,7,1,0,1,1,0,0,0,0,0,0,0,0,14.069377281921325
Sports Media Watch 2023-24 OCR Week 7,https://www.sportsmediawatch.com/wp-content/uploads/2024/01/dec18to24.png,2023-24,basketball,men,Baylor / Duke,Baylor,Duke,2023-12-20,7:00,Early,ESPN,1184000,sportsmediawatch_ocr,1184000.0,,Regular Season,Week 7,,,0.66,COLLEGE BKBL REG SSN,ESPN,0.66,"1,184","Wed 123023 7:00 COLLEGE BKBL REG SSN BAYLOR / DUKE ESPN 0.66 1,184",Wednesday,12,December,0,0,10,1,0,21,0,1,1,1,0,0,0,0,0,0,0,0,13.984409094426088
Sports Media Watch 2023-24 OCR Week 7,https://www.sportsmediawatch.com/wp-content/uploads/2024/01/dec18to24.png,2023-24,basketball,men,Kentucky / Louisville,Kentucky,Louisville,2023-12-21,6:00,Early,ESPN,1113000,sportsmediawatch_ocr,1113000.0,,Regular Season,Week 7,,,0.59,COLLEGE BKBL REG SSN OL,ESPN,0.59,"1,113","Thu 1221.23 6:00 COLLEGE BKBL REG SSN OL KENTUCKY / LOUISVILLE ESPN 0.59 1,113",Thursday,12,December,0,0,9,1,0,0,0,0,1,0,0,0,0,0,0,0,0,0,13.922569630257682
Sports Media Watch 2023-24 OCR Week 7,https://www.sportsmediawatch.com/wp-content/uploads/2024/01/dec18to24.png,2023-24,basketball,men,St. John's / Ct,St. John's,UConn,2023-12-23,8:04,Early,FOX,961000,sportsmediawatch_ocr,961000.0,,Regular Season,Week 7,,,0.53,FOX C.HOOPS-BIG EAST PRME,FOX,0.53,961,Sat 12.23.23 8:04 FOX C.HOOPS-BIG EAST PRME ST JOHNS UNIV AT UNIV-CT FOX 0.53 961,Saturday,12,December,1,0,0,0,0,5,1,0,1,0,0,0,0,0,0,0,0,0,13.77572968795243
Sports Media Watch 2023-24 OCR Week 7,https://www.sportsmediawatch.com/wp-content/uploads/2024/01/dec18to24.png,2023-24,basketball,men,Florida / Michigan,Florida,Michigan,2023-12-19,7:00,Early,ESPN,870000,sportsmediawatch_ocr,870000.0,,Regular Season,Week 7,,,0.51,COLLEGE BKBL REG SSN L,ESPN,0.51,870,Tue 12.19.23 7:00 COLLEGE BKBL REG SSN L FLORIDA / MICHIGAN ESPN 0.51 870,Tuesday,12,December,0,0,0,0,0,0,0,0,0,0,0,0,0,0,0,0,0,0,13.676248490630767
Sports Media Watch 2023-24 OCR Week 7,https://www.sportsmediawatch.com/wp-content/uploads/2024/01/dec18to24.png,2023-24,basketball,men,Florida Atlantic / Arizona,Florida Atlantic,Arizona,2023-12-23,3:00,Early,FOX,735000,sportsmediawatch_ocr,735000.0,,Regular Season,Week 7,,,0.4,FOX C.HOOPS- DESERTCLASSIC,Pers,0.40,735,Sat 12.23.23 3:00 FOX C.HOOPS- DESERTCLASSIC FL ATLANTIC UNIV VS UNIV- AZ Pers 0.40 735,Saturday,12,December,1,0,14,0,1,4,1,0,1,1,0,0,0,0,0,0,0,0,13.507625778194974
Sports Media Watch 2023-24 OCR Week 7,https://www.sportsmediawatch.com/wp-content/uploads/2024/01/dec18to24.png,2023-24,basketball,men,Vanderbilt / Memphis,Vanderbilt,Memphis,2023-12-23,,Unknown,CBS,721000,sportsmediawatch_ocr,721000.0,,Regular Season,Week 7,,,0.43,NCAA BASKETBALL-SAT-2,CBS,0.43,721,a3 93  NCAA BASKETBALL-SAT-2 VANDERBILT AT MEMPHIS CBS 0.43 721,Saturday,12,December,1,0,0,0,0,23,0,1,0,1,0,0,0,0,0,0,0,0,13.488394416267086
Sports Media Watch 2023-24 OCR Week 7,https://www.sportsmediawatch.com/wp-content/uploads/2024/01/dec18to24.png,2023-24,basketball,men,Alabama / Arizona,Alabama,Arizona,2023-12-20,11:19,Early,ESPN,634000,sportsmediawatch_ocr,634000.0,,Regular Season,Week 7,,,0.39,COLLEGE BKBL REG SSN OL,ESPN,0.39,634,Wed 12.20.23 11:19 COLLEGE BKBL REG SSN OL ALABAMA / ARIZONA ESPN 0.39 634,Wednesday,12,December,0,0,23,0,1,4,1,0,1,1,0,0,0,0,0,0,0,0,13.359804233419363
Sports Media Watch 2023-24 OCR Week 7,https://www.sportsmediawatch.com/wp-content/uploads/2024/01/dec18to24.png,2023-24,basketball,men,Illinois / Missouri,Illinois,Missouri,2023-12-22,9:09,Early,FS1,450000,sportsmediawatch_ocr,450000.0,,Regular Season,Week 7,,,0.23,COLL BSKBL:BIG 10 L,FS1,0.23,450,Fri 122223 9:09 COLL BSKBL:BIG 10 L ILLINOIS / MISSOURI FS1 0.23 450,Friday,12,December,0,0,13,0,1,0,0,0,0,1,0,0,0,0,0,0,0,0,13.017002861746503
Sports Media Watch 2023-24 OCR Week 7,https://www.sportsmediawatch.com/wp-content/uploads/2024/01/dec18to24.png,2023-24,basketball,men,Nevada / Georgia Tech,Nevada,Georgia Tech,2023-12-24,9:00,Early,ESPN,365000,sportsmediawatch_ocr,365000.0,,Regular Season,Week 7,,,0.19,COLLEGE BKBL REG SSN OL,ESPN,0.19,365,Sun 12.24.23 9:00 COLLEGE BKBL REG SSN OL NEVADA / GEORGIA TECH ESPN 0.19 365,Sunday,12,December,1,0,0,0,0,0,0,0,0,0,0,0,0,0,0,0,0,0,12.80765263256463
Sports Media Watch 2023-24 OCR Week 7,https://www.sportsmediawatch.com/wp-content/uploads/2024/01/dec18to24.png,2023-24,basketball,men,Virginia / Memphis,Virginia,Memphis,2023-12-19,7:00,Early,ESPN2,329000,sportsmediawatch_ocr,329000.0,,Regular Season,Week 7,,,0.2,COLLEGE BKBL REG SSN OL,ESPN2,0.20,329,Tue 12.19.23 7:00 COLLEGE BKBL REG SSN OL VIRGINIA / MEMPHIS ESPN2 0.20 329,Tuesday,12,December,0,0,22,0,1,23,0,1,0,2,0,0,0,0,0,0,0,0,12.70381302974751
Sports Media Watch 2023-24 OCR Week 7,https://www.sportsmediawatch.com/wp-content/uploads/2024/01/dec18to24.png,2023-24,basketball,men,Seton Hall/Xavier,Seton Hall,Xavier,2023-12-23,2:17,Early,FS1,301000,sportsmediawatch_ocr,301000.0,,Regular Season,Week 7,,,0.16,COLL BSKTBL: BIGEASTL,FS1,0.16,301,Sat 12.23.23 2:17 COLL BSKTBL: BIGEASTL HALL/ SETON XAVIER FS1 0.16 301,Saturday,12,December,1,0,0,0,0,0,0,0,0,0,0,0,0,0,0,0,0,0,12.614865543731012
Sports Media Watch 2023-24 OCR Week 7,https://www.sportsmediawatch.com/wp-content/uploads/2024/01/dec18to24.png,2023-24,basketball,men,Maryland / UCLA,Maryland,UCLA,2023-12-22,9:11,Early,ESPN2,258000,sportsmediawatch_ocr,258000.0,,Regular Season,Week 7,,,0.15,COLLEGE BKBL REG SSN L,ESPN2,0.15,258,Fri 12.22.23 9:11 COLLEGE BKBL REG SSN L MARYLAND / UCLA ESPN2 0.15 258,Friday,12,December,0,0,0,0,0,0,0,0,0,0,0,0,0,0,0,0,0,0,12.460714863903755
Sports Media Watch 2023-24 OCR Week 7,https://www.sportsmediawatch.com/wp-content/uploads/2024/01/dec18to24.png,2023-24,basketball,men,Villanova / Creighton,Villanova,Creighton,2023-12-20,9:09,Early,FS1,230000,sportsmediawatch_ocr,230000.0,,Regular Season,Week 7,,,0.13,COLL BSKTBL: BIGEASTL,FS1,0.13,230,Wed 12.20.23 9:09 COLL BSKTBL: BIGEASTL VILLANOVA/ CREIGHTON FS1 0.13 230,Wednesday,12,December,0,0,18,0,1,12,0,1,0,2,0,0,0,0,0,0,0,0,12.345834587905333
Sports Media Watch 2023-24 OCR Week 7,https://www.sportsmediawatch.com/wp-content/uploads/2024/01/dec18to24.png,2023-24,basketball,men,Butler / Providence,Butler,Providence,2023-12-23,12:00,Early,FS1,218000,sportsmediawatch_ocr,218000.0,,Regular Season,Week 7,,,0.13,COLL BSKTBL: BIGEASTL,FS1,0.13,218,Sat 12.23.23 12:00 COLL BSKTBL: BIGEASTL BUTLER/ PROVIDENCE FS1 0.13 218,Saturday,12,December,1,0,0,0,0,0,0,0,0,0,0,0,0,0,0,0,0,0,12.292250341771226
Sports Media Watch 2023-24 OCR Week 7,https://www.sportsmediawatch.com/wp-content/uploads/2024/01/dec18to24.png,2023-24,basketball,men,Marquette / Providence,Marquette,Providence,2023-12-19,,Unknown,FS1,216000,sportsmediawatch_ocr,216000.0,,Regular Season,Week 7,,,0.13,COLL BSKTBL: BIGEASTL,FS1,0.13,216,19 oe  COLL BSKTBL: BIGEASTL MARQUETTE/PROVIDENCE FS1 0.13 216,Tuesday,12,December,0,0,6,1,0,0,0,0,1,0,0,0,0,0,0,0,0,0,12.283033686666302
Sports Media Watch 2023-24 OCR Week 7,https://www.sportsmediawatch.com/wp-content/uploads/2024/01/dec18to24.png,2023-24,basketball,men,North Alabama / Indiana,North Alabama,Indiana,2023-12-21,,Unknown,BTN,215000,sportsmediawatch_ocr,215000.0,,Regular Season,Week 7,,,0.11,B1G MENS BASKETBALLL,BTN,0.11,215,en oe)  B1G MENS BASKETBALLL NORTH ALABAMA / INDIANA BTN 0.11 215,Thursday,12,December,0,0,0,0,0,0,0,0,0,0,0,0,0,0,0,0,0,0,12.2783933071098
Sports Media Watch 2023-24 OCR Week 7,https://www.sportsmediawatch.com/wp-content/uploads/2024/01/dec18to24.png,2023-24,basketball,men,Oakland / Michigan State,Oakland,Michigan State,2023-12-18,,Unknown,BTN,210000,sportsmediawatch_ocr,210000.0,,Regular Season,Week 7,,,0.09,B1G MENS BASKETBALLL,BTN,0.09,210,iB oe  B1G MENS BASKETBALLL OAKLAND / MICHIGAN STATE BTN 0.09 210,Monday,12,December,0,0,0,0,0,21,0,1,0,1,0,0,0,0,0,0,0,0,12.254862809699606
Sports Media Watch 2023-24 OCR Week 7,https://www.sportsmediawatch.com/wp-content/uploads/2024/01/dec18to24.png,2023-24,basketball,men,Nevada / TCU,Nevada,TCU,2023-12-22,5:00,Early,ESPN2,203000,sportsmediawatch_ocr,203000.0,,Regular Season,Week 7,,,0.12,COLLEGE BKBL REG SSN,ESPN2,0.12,203,Fri 12.2223 5:00 COLLEGE BKBL REG SSN NEVADA / TCU ESPN2 0.12 203,Friday,12,December,0,0,0,0,0,0,0,0,0,0,0,0,0,0,0,0,0,0,12.220961258023925
Sports Media Watch 2023-24 OCR Week 7,https://www.sportsmediawatch.com/wp-content/uploads/2024/01/dec18to24.png,2023-24,basketball,men,Jacksonville / Purdue,Jacksonville,Purdue,2023-12-21,,Unknown,BTN,178000,sportsmediawatch_ocr,178000.0,,Regular Season,Week 7,,,0.09,B1G MENS BASKETBALLL,BTN,0.09,178,en oe  B1G MENS BASKETBALLL JACKSONVILLE / PURDUE BTN 0.09 178,Thursday,12,December,0,0,0,0,0,1,1,0,1,0,0,0,0,0,0,0,0,0,12.089538829274222
Sports Media Watch 2023-24 OCR Week 7,https://www.sportsmediawatch.com/wp-content/uploads/2024/01/dec18to24.png,2023-24,basketball,men,Georgetown / Marquette,Georgetown,Marquette,2023-12-22,,Unknown,FS1,168000,sportsmediawatch_ocr,168000.0,,Regular Season,Week 7,,,0.09,COLL BSKTBL: BIGEASTL,FS1,0.09,168,en  COLL BSKTBL: BIGEASTL GEORGETOWN/MARQUETTE FS1 0.09 168,Friday,12,December,0,0,0,0,0,6,1,0,1,0,0,0,0,0,0,0,0,0,12.031719258385396
Sports Media Watch 2023-24 OCR Week 7,https://www.sportsmediawatch.com/wp-content/uploads/2024/01/dec18to24.png,2023-24,basketball,men,Georgia Tech / Hawaii,Georgia Tech,Hawaii,2023-12-22,11:18,Early,ESPN2,165000,sportsmediawatch_ocr,165000.0,,Regular Season,Week 7,,,0.11,COLLEGE BKBL REG SSN L,ESPN2,0.11,165,Fri 12.22.23 11:18 COLLEGE BKBL REG SSN L GEORGIA TECH / HAWAII ESPN2 0.11 165,Friday,12,December,0,0,0,0,0,0,0,0,0,0,0,0,0,0,0,0,0,0,12.013700752882718
Sports Media Watch 2023-24 OCR Week 7,https://www.sportsmediawatch.com/wp-content/uploads/2024/01/dec18to24.png,2023-24,basketball,men,Morehead State / Indiana,Morehead State,Indiana,2023-12-19,,Unknown,BTN,160000,sportsmediawatch_ocr,160000.0,,Regular Season,Week 7,,,0.09,B1G MENS BASKETBALLL,BTN,0.09,160,19 oe  B1G MENS BASKETBALLL MOREHEAD STATE / INDIANA BTN 0.09 160,Tuesday,12,December,0,0,0,0,0,0,0,0,0,0,0,0,0,0,0,0,0,0,11.982929094215963
Sports Media Watch 2023-24 OCR Week 7,https://www.sportsmediawatch.com/wp-content/uploads/2024/01/dec18to24.png,2023-24,basketball,men,Georgetown / Butler,Georgetown,Butler,2023-12-19,6:30,Early,FS1,152000,sportsmediawatch_ocr,152000.0,,Regular Season,Week 7,,,0.08,COLL BSKTBL: BIG EASTL,FS1,0.08,152,Tue 12.19.23 6:30 COLL BSKTBL: BIG EASTL GEORGETOWN / BUTLER FS1 0.08 152,Tuesday,12,December,0,0,0,0,0,0,0,0,0,0,0,0,0,0,0,0,0,0,11.931635799828413
Sports Media Watch 2023-24 OCR Week 7,https://www.sportsmediawatch.com/wp-content/uploads/2024/01/dec18to24.png,2023-24,basketball,men,Chicago State / Iowa,Chicago State,Iowa,2023-12-20,8:02,Early,BTN,143000,sportsmediawatch_ocr,143000.0,,Regular Season,Week 7,,,0.08,BIGMENSBASKETBALLL,BTN,0.08,143,Fri 12.20.23 8:02 BIGMENSBASKETBALLL CHICAGO STATE / 1.00. BTN 0.08 143,Wednesday,12,December,0,0,0,0,0,0,0,0,0,0,0,0,0,0,0,0,0,0,11.870599909242044
Sports Media Watch 2023-24 OCR Week 7,https://www.sportsmediawatch.com/wp-content/uploads/2024/01/dec18to24.png,2023-24,basketball,men,TCU / Hawaii,TCU,Hawaii,2023-12-24,6:30,Early,ESPN2,131000,sportsmediawatch_ocr,131000.0,,Regular Season,Week 7,,,0.07,COLLEGE BKBL REG SSN OL,ESPN2,0.07,131,Sun 12.24.23 6:30 COLLEGE BKBL REG SSN OL TCU / HAWAII ESPN2 0.07 131,Sunday,12,December,1,0,0,0,0,0,0,0,0,0,0,0,0,0,0,0,0,0,11.782952602183288
Sports Media Watch 2023-24 OCR Week 7,https://www.sportsmediawatch.com/wp-content/uploads/2024/01/dec18to24.png,2023-24,basketball,men,Umbc / Iowa,UMBC,Iowa,2023-12-20,8:00,Early,BTN,113000,sportsmediawatch_ocr,113000.0,,Regular Season,Week 7,,,0.06,BIGMENSBASKETBALLL,BTN,0.06,113,Wed 12.2023 8:00 BIGMENSBASKETBALLL UMBC / IOWA BTN 0.06 113,Wednesday,12,December,0,0,0,0,0,0,0,0,0,0,0,0,0,0,0,0,0,0,11.635143097694478
Sports Media Watch 2023-24 OCR Week 7,https://www.sportsmediawatch.com/wp-content/uploads/2024/01/dec18to24.png,2023-24,basketball,men,Villanova / Depaul,Villanova,DePaul,2023-12-23,4:09,Early,FS1,102000,sportsmediawatch_ocr,102000.0,,Regular Season,Week 7,,,0.06,COLL BSKTBL: BIGEASTL,FS1,0.06,102,Sat 12.2323 4:09 COLL BSKTBL: BIGEASTL VILLANOVA / DEPAUL FS1 0.06 102,Saturday,12,December,1,0,18,0,1,0,0,0,0,1,0,0,0,0,0,0,0,0,11.532728092266408
Sports Media Watch 2023-24 OCR Week 7,https://www.sportsmediawatch.com/wp-content/uploads/2024/01/dec18to24.png,2023-24,basketball,men,Northwestern / Arizona State,Northwestern,Arizona State,2023-12-20,8:30,Early,ESPN2,88000,sportsmediawatch_ocr,88000.0,,Regular Season,Week 7,,,0.06,COLLEGEBKBLREGSSN,ESPN2,0.06,88,Wed 12.20.23 8:30 COLLEGEBKBLREGSSN NORTHWESTERN/ ARIZONA STATE ESPN2 0.06 88,Wednesday,12,December,0,0,25,0,1,0,0,0,0,1,0,0,0,0,0,0,0,0,11.385092093460344
Sports Media Watch 2023-24 OCR Week 7,https://www.sportsmediawatch.com/wp-content/uploads/2024/01/dec18to24.png,2023-24,basketball,men,Portland / Hawaii,Portland,Hawaii,2023-12-21,11:41,Early,ESPN2,80000,sportsmediawatch_ocr,80000.0,,Regular Season,Week 7,,,0.05,COLLEGE BKBL REG SSN,ESPN2,0.05,80,Thu 1221.23 11:41 COLLEGE BKBL REG SSN PORTLAND / HAWAII ESPN2 0.05 80,Thursday,12,December,0,0,0,0,0,0,0,0,0,0,0,0,0,0,0,0,0,0,11.289781913656018
Sports Media Watch 2023-24 OCR Week 7,https://www.sportsmediawatch.com/wp-content/uploads/2024/01/dec18to24.png,2023-24,basketball,men,Georgia Tech / UMass,Georgia Tech,UMass,2023-12-21,9:16,Early,ESPN2,79000,sportsmediawatch_ocr,79000.0,,Regular Season,Week 7,,,0.05,COLLEGEBKBLREGSSN,EsPN2,0.05,79,Thu 12.21.23 9:16 COLLEGEBKBLREGSSN GEORGIA TECH/ MASSACHUSETTS EsPN2 0.05 79,Thursday,12,December,0,0,0,0,0,0,0,0,0,0,0,0,0,0,0,0,0,0,11.27720313144916
Sports Media Watch 2023-24 OCR Week 7,https://www.sportsmediawatch.com/wp-content/uploads/2024/01/dec18to24.png,2023-24,basketball,men,Nicholls / Maryland,Nicholls,Maryland,2023-12-19,,Unknown,BTN,79000,sportsmediawatch_ocr,79000.0,,Regular Season,Week 7,,,0.05,L B1G MENS BASKETBALL,BIN,0.05,79,bu9 oe  L B1G MENS BASKETBALL NICHOLLS / MARYLAND BIN 0.05 79,Tuesday,12,December,0,0,0,0,0,0,0,0,0,0,0,0,0,0,0,0,0,0,11.27720313144916
Sports Media Watch 2023-24 OCR Week 7,https://www.sportsmediawatch.com/wp-content/uploads/2024/01/dec18to24.png,2023-24,basketball,men,Xavier/St. John's,Xavier,St. John's,2023-12-20,7:00,Early,FS1,79000,sportsmediawatch_ocr,79000.0,,Regular Season,Week 7,,,0.05,COLL BSKTBL: BIGEASTL,FS1,0.05,79,Wed 1220.23 7:00 COLL BSKTBL: BIGEASTL ST XAVIER/ JOHNS FS1 0.05 79,Wednesday,12,December,0,0,0,0,0,0,0,0,0,0,0,0,0,0,0,0,0,0,11.27720313144916
Sports Media Watch 2023-24 OCR Week 7,https://www.sportsmediawatch.com/wp-content/uploads/2024/01/dec18to24.png,2023-24,basketball,men,Temple / Portland,Temple,Portland,2023-12-24,1:30,Early,ESPN2,76000,sportsmediawatch_ocr,76000.0,,Regular Season,Week 7,,,0.05,COLLEGE BKBL REG SSN,ESPN2,0.05,76,Sun 12.24.23 1:30 COLLEGE BKBL REG SSN TEMPLE / PORTLAND ESPN2 0.05 76,Sunday,12,December,1,0,0,0,0,0,0,0,0,0,0,0,0,0,0,0,0,0,11.238488619268468
Sports Media Watch 2023-24 OCR Week 7,https://www.sportsmediawatch.com/wp-content/uploads/2024/01/dec18to24.png,2023-24,basketball,men,Old Dominion / UMass,Old Dominion,UMass,2023-12-24,3:55,Early,ESPN2,62000,sportsmediawatch_ocr,62000.0,,Regular Season,Week 7,,,0.04,COLLEGEBKBLREGSSN,EsPN2,0.04,62,Sun 12.24.23 3:55 COLLEGEBKBLREGSSN OLD DOMINION/ MASSACHUSETTS EsPN2 0.04 62,Sunday,12,December,1,0,0,0,0,0,0,0,0,0,0,0,0,0,0,0,0,0,11.03488966402723
Sports Media Watch 2023-24 OCR Week 7,https://www.sportsmediawatch.com/wp-content/uploads/2024/01/dec18to24.png,2023-24,basketball,men,Nevada / Temple,Nevada,Temple,2023-12-21,3:00,Early,ESPNU,55000,sportsmediawatch_ocr,55000.0,,Regular Season,Week 7,,,0.03,COLLEGE BKBL REG SSN OL,ESPNU,0.03,55,Thu 12.21.23 3:00 COLLEGE BKBL REG SSN OL NEVADA / TEMPLE ESPNU 0.03 55,Thursday,12,December,0,0,0,0,0,0,0,0,0,0,0,0,0,0,0,0,0,0,10.915088464214607
Sports Media Watch 2023-24 OCR Week 7,https://www.sportsmediawatch.com/wp-content/uploads/2024/01/dec18to24.png,2023-24,basketball,men,UMass / Portland,UMass,Portland,2023-12-22,1:29,Early,ESPN2,43000,sportsmediawatch_ocr,43000.0,,Regular Season,Week 7,,,0.02,COLLEGE BKBL REG SSN L,ESPN2,0.02,43,Fri 12.22.23 1:29 COLLEGE BKBL REG SSN L MASSACHUSETTS / PORTLAND ESPN2 0.02 43,Friday,12,December,0,0,0,0,0,0,0,0,0,0,0,0,0,0,0,0,0,0,10.668955394675699
Sports Media Watch 2023-24 OCR Week 8,https://www.sportsmediawatch.com/wp-content/uploads/2024/01/dec25to31.png,2023-24,basketball,men,UCLA / Oregon,UCLA,Oregon,2023-12-30,4:09,Early,CBS,782000,sportsmediawatch_ocr,782000.0,,Regular Season,Week 8,,,0.48,NCAABASKETBALL-SAT-2,CBS,0.48,782,Sat 123023 4:09 NCAABASKETBALL-SAT-2 UCLA AT OREGON CBS 0.48 782,Saturday,12,December,1,0,0,0,0,0,0,0,0,0,0,0,0,0,0,0,0,0,13.569610019527449
Sports Media Watch 2023-24 OCR Week 8,https://www.sportsmediawatch.com/wp-content/uploads/2024/01/dec25to31.png,2023-24,basketball,men,Ohio State / West Virginia,Ohio State,West Virginia,2023-12-30,7:00,Early,FOX,755000,sportsmediawatch_ocr,755000.0,,Regular Season,Week 8,,,0.42,FOX C. HOOPS- BIG10 PRIME,FOX,0.42,755,Sat 12.30.23 7:00 FOX C. HOOPS- BIG10 PRIME OH ST UNIV VS WV UNIV FOX 0.42 755,Saturday,12,December,1,0,0,0,0,0,0,0,0,0,0,0,0,0,0,0,0,0,13.534473028231162
Sports Media Watch 2023-24 OCR Week 8,https://www.sportsmediawatch.com/wp-content/uploads/2024/01/dec25to31.png,2023-24,basketball,men,Creighton / Marquette,Creighton,Marquette,2023-12-30,2:00,Early,CBS,687000,sportsmediawatch_ocr,687000.0,,Regular Season,Week 8,,,0.4,NCAABASKETBALL-SAT-1,CBS,0.40,687,Sat 0 30.23 2:00 NCAABASKETBALL-SAT-1 CREIGHTON AT MARQUETTE CBS 0.40 687,Saturday,12,December,1,0,22,0,1,10,1,0,1,1,0,0,0,0,0,0,0,0,13.440089571204487
Sports Media Watch 2023-24 OCR Week 8,https://www.sportsmediawatch.com/wp-content/uploads/2024/01/dec25to31.png,2023-24,basketball,men,Wichita State / Kansas,Wichita State,Kansas,2023-12-30,4:04,Early,ESPN2,496000,sportsmediawatch_ocr,496000.0,,Regular Season,Week 8,,,0.2,COLLEGE BKBL REG SSN OL,ESPN2,0.20,496,Sat 12.30.23 4:04 COLLEGE BKBL REG SSN OL WICHITA STATE/ KANSAS ESPN2 0.20 496,Saturday,12,December,1,0,0,0,0,2,1,0,1,0,0,0,0,0,0,0,0,0,13.114331205707064
Sports Media Watch 2023-24 OCR Week 8,https://www.sportsmediawatch.com/wp-content/uploads/2024/01/dec25to31.png,2023-24,basketball,men,Pitt / Syracuse,Pitt,Syracuse,2023-12-30,12:00,Early,CW,386000,sportsmediawatch_ocr,386000.0,,Regular Season,Week 8,,,0.23,ACC MEN'S BASKETBALL- DAY1,cw,0.23,386,Sat 12.30.23 12:00 ACC MEN'S BASKETBALL- DAY1 UNIV-PITTBRG AT SYRACUSE UNIV cw 0.23 386,Saturday,12,December,1,0,0,0,0,0,0,0,0,0,0,0,0,0,0,0,0,0,12.863592648446968
Sports Media Watch 2023-24 OCR Week 8,https://www.sportsmediawatch.com/wp-content/uploads/2024/01/dec25to31.png,2023-24,basketball,men,Queens / Duke,Queens,Duke,2023-12-30,2:17,Early,CW,382000,sportsmediawatch_ocr,382000.0,,Regular Season,Week 8,,,0.2,ACC MEN'S BASKETBALL- DAY2,cw,0.20,382,Sat 12.30.23 2:17 ACC MEN'S BASKETBALL- DAY2 QUEENS AT DUKE cw 0.20 382,Saturday,12,December,1,0,0,0,0,16,0,1,0,1,0,0,0,0,0,0,0,0,12.853175887588712
Sports Media Watch 2023-24 OCR Week 8,https://www.sportsmediawatch.com/wp-content/uploads/2024/01/dec25to31.png,2023-24,basketball,men,San Diego State / Gonzaga,San Diego State,Gonzaga,2023-12-29,9:00,Early,ESPN2,292000,sportsmediawatch_ocr,292000.0,,Regular Season,Week 8,,,0.17,COLLEGE BKBL REG SSN oL,ESPN2,0.17,292,Fri 12.29.23 9:00 COLLEGE BKBL REG SSN oL SAN DIEGO STATE/GONZAGA ESPN2 0.17 292,Friday,12,December,0,0,25,0,1,13,0,1,0,2,0,0,0,0,0,0,0,0,12.584509081250419
Sports Media Watch 2023-24 OCR Week 8,https://www.sportsmediawatch.com/wp-content/uploads/2024/01/dec25to31.png,2023-24,basketball,men,Indiana State / Michigan State,Indiana State,Michigan State,2023-12-30,2:04,Early,FS1,262000,sportsmediawatch_ocr,262000.0,,Regular Season,Week 8,,,0.14,COLL BSKBL:BIG 10 L,FS1,0.14,262,Sat 12.30.23. 2:04 COLL BSKBL:BIG 10 L INDIANA ST / MICHIGAN ST FS1 0.14 262,Saturday,12,December,1,0,0,0,0,21,0,1,0,1,0,0,0,0,0,0,0,0,12.476099782743233
Sports Media Watch 2023-24 OCR Week 8,https://www.sportsmediawatch.com/wp-content/uploads/2024/01/dec25to31.png,2023-24,basketball,men,Arizona State / Stanford,Arizona State,Stanford,2023-12-29,11:06,Early,ESPN2,239000,sportsmediawatch_ocr,239000.0,,Regular Season,Week 8,,,0.12,COLLEGE BKBL REG SSN OL,ESPN2,0.12,239,Fri 12.29.23 11:06 COLLEGE BKBL REG SSN OL ARIZONA STATE/STANFORD ESPN2 0.12 239,Friday,12,December,0,0,0,0,0,0,0,0,0,0,0,0,0,0,0,0,0,0,12.384218830913648
Sports Media Watch 2023-24 OCR Week 8,https://www.sportsmediawatch.com/wp-content/uploads/2024/01/dec25to31.png,2023-24,basketball,men,Eastern Kentucky/Purdue,Eastern Kentucky,Purdue,2023-12-29,7:00,Early,BTN,200000,sportsmediawatch_ocr,200000.0,,Regular Season,Week 8,,,0.08,BIGMENSBASKETBALLL,BTN,0.08,200,Fri 12.29.23 7:00 BIGMENSBASKETBALLL EASTERN 5 KENTUCKY / OU. BTN 0.08 200,Friday,12,December,0,0,0,0,0,1,1,0,1,0,0,0,0,0,0,0,0,0,12.206072645530174
Sports Media Watch 2023-24 OCR Week 8,https://www.sportsmediawatch.com/wp-content/uploads/2024/01/dec25to31.png,2023-24,basketball,men,Fairleigh Dickinson/Illinois,Fairleigh Dickinson,Illinois,2023-12-29,9:03,Early,BTN,163000,sportsmediawatch_ocr,163000.0,,Regular Season,Week 8,,,0.08,BIGMENSBASKETBALLL,BTN,0.08,163,Fri 12.29.23 9:03 BIGMENSBASKETBALLL FAIRLEIGH DICKINSON / O15 BTN 0.08 163,Friday,12,December,0,0,0,0,0,11,0,1,0,1,0,0,0,0,0,0,0,0,12.0015054797889
Sports Media Watch 2023-24 OCR Week 8,https://www.sportsmediawatch.com/wp-content/uploads/2024/01/dec25to31.png,2023-24,basketball,men,USC / Oregon,USC,Oregon,2023-12-28,9:00,Early,ESPN2,160000,sportsmediawatch_ocr,160000.0,,Regular Season,Week 8,,,0.09,COLLEGE BKBL REG SSN OL,ESPN2,0.09,160,Thu 12.2823 9:00 COLLEGE BKBL REG SSN OL USC / OREGON ESPN2 0.09 160,Thursday,12,December,0,0,23,0,1,0,0,0,0,1,0,0,0,0,0,0,0,0,11.982929094215963
Sports Media Watch 2023-24 OCR Week 8,https://www.sportsmediawatch.com/wp-content/uploads/2024/01/dec25to31.png,2023-24,basketball,men,Chicago State / Depaul,Chicago State,DePaul,2023-12-30,4:14,Early,FS1,121000,sportsmediawatch_ocr,121000.0,,Regular Season,Week 8,,,0.06,COLLBSKTBL: BIGEASTL,FS1,0.06,121,Sat 123023 4:14 COLLBSKTBL: BIGEASTL CHICAGO ST/ DEPAUL FS1 0.06 121,Saturday,12,December,1,0,0,0,0,0,0,0,0,0,0,0,0,0,0,0,0,0,11.703545824578878
Sports Media Watch 2023-24 OCR Week 8,https://www.sportsmediawatch.com/wp-content/uploads/2024/01/dec25to31.png,2023-24,basketball,men,Virginia Tech / Wake Forest,Virginia Tech,Wake Forest,2023-12-30,2:05,Early,ESPN2,114000,sportsmediawatch_ocr,114000.0,,Regular Season,Week 8,,,0.07,COLLEGE BKBLREGSSN,ESPN2,0.07,114,Sat 12.30.23 2:05 COLLEGE BKBLREGSSN VIRGINIA TECH/ WAKE FOREST ESPN2 0.07 114,Saturday,12,December,1,0,0,0,0,0,0,0,0,0,0,0,0,0,0,0,0,0,11.643953727376633
Sports Media Watch 2023-24 OCR Week 8,https://www.sportsmediawatch.com/wp-content/uploads/2024/01/dec25to31.png,2023-24,basketball,men,Hofstra / St John S 2,Hofstra,St. John's,2023-12-30,12:00,Early,FS1,58000,sportsmediawatch_ocr,58000.0,,Regular Season,Week 8,,,0.04,COLL BSKTBL: 9 BIGEASTL,FS1,0.04,58,Sat 123023 12:00 COLL BSKTBL: 9 BIGEASTL HOFSTRA/ ST JOHN S 2 FS1 0.04 58,Saturday,12,December,1,0,0,0,0,0,0,0,0,0,0,0,0,0,0,0,0,0,10.968198289528557
Sports Media Watch 2023-24 OCR Week 8,https://www.sportsmediawatch.com/wp-content/uploads/2024/01/dec25to31.png,2023-24,basketball,men,Stonehill / Rutgers,Stonehill,Rutgers,2023-12-30,,Unknown,BTN,37000,sportsmediawatch_ocr,37000.0,,Regular Season,Week 8,,,0.02,B1G MENS BASKETBALLL,BTN,0.02,37,x30 a  B1G MENS BASKETBALLL STONEHILL / RUTGERS BTN 0.02 37,Saturday,12,December,1,0,0,0,0,0,0,0,0,0,0,0,0,0,0,0,0,0,10.51867319162636
Sports Media Watch 2023-24 OCR Week 8,https://www.sportsmediawatch.com/wp-content/uploads/2024/01/dec25to31.png,2023-24,basketball,men,Quinnipiac / Florida,Quinnipiac,Florida,2023-12-30,1:00,Early,ESPNU,30000,sportsmediawatch_ocr,30000.0,,Regular Season,Week 8,,,0.02,COLLEGE BKBL REG SSN,ESPNU,0.02,30,Sat 12.30.23 1:00 COLLEGE BKBL REG SSN QUINNIPIAC / FLORIDA ESPNU 0.02 30,Saturday,12,December,1,0,0,0,0,0,0,0,0,0,0,0,0,0,0,0,0,0,10.308952660644293
Sports Media Watch 2023-24 OCR Week 8,https://www.sportsmediawatch.com/wp-content/uploads/2024/01/dec25to31.png,2023-24,basketball,men,Uc Santa Barbara / Uc Davis,UC Santa Barbara,UC Davis,2023-12-28,9:00,Early,ESPNU,11000,sportsmediawatch_ocr,11000.0,,Regular Season,Week 8,,,0.01,COLLEGEBKBLREGSSN so,| ESPNU,0.01,11,Thu 12.28.23 9:00 COLLEGEBKBLREGSSN so UC SANTA BARBARA/ UC DAVIS | ESPNU 0.01 11,Thursday,12,December,0,0,0,0,0,0,0,0,0,0,0,0,0,0,0,0,0,0,9.305650551780507
Sports Media Watch 2023-24 OCR Week 9,https://www.sportsmediawatch.com/wp-content/uploads/2024/01/jan1to7.png,2023-24,basketball,men,TCU / Kansas,TCU,Kansas,2024-01-06,2:20,Early,CBS,1552000,sportsmediawatch_ocr,1552000.0,,Regular Season,Week 9,,,0.9,NCAABASKETBALL-SAT-1,CBS,0.90,"1,552","Sat 01.06.24 2:20 NCAABASKETBALL-SAT-1 TCU AT KANSAS CBS 0.90 1,552",Saturday,1,January,1,0,0,0,0,2,1,0,1,0,0,0,0,0,0,0,0,0,14.255054979725301
Sports Media Watch 2023-24 OCR Week 9,https://www.sportsmediawatch.com/wp-content/uploads/2024/01/jan1to7.png,2023-24,basketball,men,Kentucky / Florida,Kentucky,Florida,2024-01-06,12:30,Early,ESPN,1488000,sportsmediawatch_ocr,1488000.0,,Regular Season,Week 9,,,0.81,COLLEGE BKBL REG SSN oL,ESPN,0.81,"1,488","Sat 01.0624 12:30 COLLEGE BKBL REG SSN oL KENTUCKY / FLORIDA ESPN 0.81 1,488",Saturday,1,January,1,0,6,1,0,0,0,0,1,0,0,0,0,0,0,0,0,0,14.212943494375175
Sports Media Watch 2023-24 OCR Week 9,https://www.sportsmediawatch.com/wp-content/uploads/2024/01/jan1to7.png,2023-24,basketball,men,Syracuse / Duke,Syracuse,Duke,2024-01-02,9:10,Early,ESPN,1194000,sportsmediawatch_ocr,1194000.0,,Regular Season,Week 9,,,0.66,COLLEGE BKBL REG SSN,ESPN,0.66,"1,194","Tue 610224 9:10 COLLEGE BKBL REG SSN SYRACUSE / DUKE ESPN 0.66 1,194",Tuesday,1,January,0,0,0,0,0,14,0,1,0,1,0,0,0,0,0,0,0,0,13.992819572934684
Sports Media Watch 2023-24 OCR Week 9,https://www.sportsmediawatch.com/wp-content/uploads/2024/01/jan1to7.png,2023-24,basketball,men,North Carolina / Pitt,North Carolina,Pitt,2024-01-02,7:00,Early,ESPN,1113000,sportsmediawatch_ocr,1113000.0,,Regular Season,Week 9,,,0.63,COLLEGEBKBLREGSSN,aN,0.63,"1,113","Tue 01.02.24 7:00 COLLEGEBKBLREGSSN NORTH CAROLINA / PITTSBURGH aN 0.63 1,113",Tuesday,1,January,0,0,8,1,0,0,0,0,1,0,0,0,0,0,0,0,0,0,13.922569630257682
Sports Media Watch 2023-24 OCR Week 9,https://www.sportsmediawatch.com/wp-content/uploads/2024/01/jan1to7.png,2023-24,basketball,men,Miss State / South Carolina,Mississippi State,South Carolina,2024-01-06,12:00,Early,CBS,947000,sportsmediawatch_ocr,947000.0,,Regular Season,Week 9,,,0.59,NCAABASKETBALL-SAT,CBS,0.59,947,Sat 01.06.24 12:00 NCAABASKETBALL-SAT MISS STATE AT SOUTH CAROLINA CBS 0.59 947,Saturday,1,January,1,0,21,0,1,0,0,0,0,1,0,0,0,0,0,0,0,0,13.761054372168216
Sports Media Watch 2023-24 OCR Week 9,https://www.sportsmediawatch.com/wp-content/uploads/2024/01/jan1to7.png,2023-24,basketball,men,Illinois / Purdue,Illinois,Purdue,2024-01-05,8:44,Early,FS1,904000,sportsmediawatch_ocr,904000.0,,Regular Season,Week 9,,,0.45,COLL BSKBL:BIG 10 L,FS1,0.45,904,Fri 01.05.24 8:44 COLL BSKBL:BIG 10 L ILLINOIS / PURDUE FS1 0.45 904,Friday,1,January,0,0,9,1,0,1,1,0,2,0,0,0,0,0,0,0,0,0,13.714584639374314
Sports Media Watch 2023-24 OCR Week 9,https://www.sportsmediawatch.com/wp-content/uploads/2024/01/jan1to7.png,2023-24,basketball,men,North Carolina / Clemson,North Carolina,Clemson,2024-01-06,,Unknown,ESPN2,775000,sportsmediawatch_ocr,775000.0,,Regular Season,Week 9,,,,POrteGe BKBL REGSSN,ESPN2,"),45",775,"a6 4  POrteGe BKBL REGSSN NORTHCAROLINA/CLEMSON ESPN2 ),45 775",Saturday,1,January,1,0,8,1,0,16,0,1,1,1,0,0,0,0,0,0,0,0,13.560618308335483
Sports Media Watch 2023-24 OCR Week 9,https://www.sportsmediawatch.com/wp-content/uploads/2024/01/jan1to7.png,2023-24,basketball,men,UNLV / San Diego State,UNLV,San Diego State,2024-01-06,,Unknown,CBS,699000,sportsmediawatch_ocr,699000.0,,Regular Season,Week 9,,,0.45,NCAA BASKETBALL-SAT-2_,CBS,0.45,699,a6 Pm  NCAA BASKETBALL-SAT-2_ UNLV AT SAN DIEGO STATE CBS 0.45 699,Saturday,1,January,1,0,0,0,0,25,0,1,0,1,0,0,0,0,0,0,0,0,13.457406021215947
Sports Media Watch 2023-24 OCR Week 9,https://www.sportsmediawatch.com/wp-content/uploads/2024/01/jan1to7.png,2023-24,basketball,men,Ohio State / Indiana,Ohio State,Indiana,2024-01-06,8:04,Early,FOX,690000,sportsmediawatch_ocr,690000.0,,Regular Season,Week 9,,,0.38,FOX C. HOOPS- BIG10 PRIME,FOX,0.38,690,Sat 01.06.24 8:04 FOX C. HOOPS- BIG10 PRIME OH ST UNIV AT INDIANA UNIV FOX 0.38 690,Saturday,1,January,1,0,0,0,0,0,0,0,0,0,0,0,0,0,0,0,0,0,13.444446876573442
Sports Media Watch 2023-24 OCR Week 9,https://www.sportsmediawatch.com/wp-content/uploads/2024/01/jan1to7.png,2023-24,basketball,men,Auburn / Arkansas,Auburn,Arkansas,2024-01-06,2:04,Early,ESPN2,573000,sportsmediawatch_ocr,573000.0,,Regular Season,Week 9,,,0.33,COLLEGE BKBL REG SSN oL,ESPN2,0.33,573,Sat 01.06.24 2:04 COLLEGE BKBL REG SSN oL AUBURN / ARKANSAS ESPN2 0.33 573,Saturday,1,January,1,0,25,0,1,20,0,1,0,2,0,0,0,0,0,0,0,0,13.258640995696876
Sports Media Watch 2023-24 OCR Week 9,https://www.sportsmediawatch.com/wp-content/uploads/2024/01/jan1to7.png,2023-24,basketball,men,UConn / Butler,UConn,Butler,2024-01-05,6:30,Early,FS1,503000,sportsmediawatch_ocr,503000.0,,Regular Season,Week 9,,,0.26,COLL BSKTBL: BIGEASTL,FS1,0.26,503,Fri 01.05.24 6:30 COLL BSKTBL: BIGEASTL UCONN/ BUTLER FS1 0.26 503,Friday,1,January,0,0,4,1,0,0,0,0,1,0,0,0,0,0,0,0,0,0,13.128345449081877
Sports Media Watch 2023-24 OCR Week 9,https://www.sportsmediawatch.com/wp-content/uploads/2024/01/jan1to7.png,2023-24,basketball,men,Clemson / Miami (FL),Clemson,Miami (FL),2024-01-03,8:00,Early,ESPN,47000,sportsmediawatch_ocr,47000.0,,Regular Season,Week 9,,,0.28,COLLEGE BKBL REG SSN,ESPN,0.28,47],Wed 01.0324 8:00 COLLEGE BKBL REG SSN CLEMSON / MIAMI FL ESPN 0.28 47],Wednesday,1,January,0,0,16,0,1,0,0,0,0,1,0,0,0,0,0,0,0,0,10.757902880692196
Sports Media Watch 2023-24 OCR Week 9,https://www.sportsmediawatch.com/wp-content/uploads/2024/01/jan1to7.png,2023-24,basketball,men,Louisville / Virginia,Louisville,Virginia,2024-01-03,7:00,Early,ESPN2,490000,sportsmediawatch_ocr,490000.0,,Regular Season,Week 9,,,0.24,COLLEGE BKBL REG SSN oL,ESPN2,0.24,490,Wed 01.03.24 7:00 COLLEGE BKBL REG SSN oL LOUISVILLE / VIRGINIA ESPN2 0.24 490,Wednesday,1,January,0,0,0,0,0,22,0,1,0,1,0,0,0,0,0,0,0,0,13.102160670086809
Sports Media Watch 2023-24 OCR Week 9,https://www.sportsmediawatch.com/wp-content/uploads/2024/01/jan1to7.png,2023-24,basketball,men,Iowa / Wisconsin,Iowa,Wisconsin,2024-01-02,7:00,Early,BTN,417000,sportsmediawatch_ocr,417000.0,,Regular Season,Week 9,,,0.21,B1G MENS BASKETBALLL_,BTN,0.21,417,Tue 01.02.24 7:00 B1G MENS BASKETBALLL_ IOWA / WISCONSIN BTN 0.21 417,Tuesday,1,January,0,0,0,0,0,21,0,1,0,1,0,0,0,0,0,0,0,0,12.94084150078094
Sports Media Watch 2023-24 OCR Week 9,https://www.sportsmediawatch.com/wp-content/uploads/2024/01/jan1to7.png,2023-24,basketball,men,Colorado / Arizona,Colorado,Arizona,2024-01-04,9:46,Early,ESPN,410000,sportsmediawatch_ocr,410000.0,,Regular Season,Week 9,,,0.22,COLLEGE BKBL REG SSN,ESPN,0.22,410,Thu 01.04.24 9:46 COLLEGE BKBL REG SSN COLORADO / ARIZONA ESPN 0.22 410,Thursday,1,January,0,0,18,0,1,10,1,0,1,1,0,0,0,0,0,0,0,0,12.92391243868049
Sports Media Watch 2023-24 OCR Week 9,https://www.sportsmediawatch.com/wp-content/uploads/2024/01/jan1to7.png,2023-24,basketball,men,Nebraska / Wisconsin,Nebraska,Wisconsin,2024-01-06,2:15,Early,BTN,392000,sportsmediawatch_ocr,392000.0,,Regular Season,Week 9,,,0.21,B1G MENS BASKETBALLL,BIN,0.21,392,Sat 01.06.24 2:15 B1G MENS BASKETBALLL NEBRASKA / WISCONSIN BIN 0.21 392,Saturday,1,January,1,0,0,0,0,21,0,1,0,1,0,0,0,0,0,0,0,0,12.8790171187726
Sports Media Watch 2023-24 OCR Week 9,https://www.sportsmediawatch.com/wp-content/uploads/2024/01/jan1to7.png,2023-24,basketball,men,Indiana / Nebraska,Indiana,Nebraska,2024-01-03,9:06,Early,BTN,373000,sportsmediawatch_ocr,373000.0,,Regular Season,Week 9,,,0.2,B1G MENS BASKETBALLL_,BIN,0.20,373,Wed 01.03.24 9:06 B1G MENS BASKETBALLL_ INDIANA / NEBRASKA BIN 0.20 373,Wednesday,1,January,0,0,0,0,0,0,0,0,0,0,0,0,0,0,0,0,0,0,12.829333698625952
Sports Media Watch 2023-24 OCR Week 9,https://www.sportsmediawatch.com/wp-content/uploads/2024/01/jan1to7.png,2023-24,basketball,men,Pitt / U-Louisville,Pitt,Louisville,2024-01-06,12:00,Early,CW,318000,sportsmediawatch_ocr,318000.0,,Regular Season,Week 9,,,0.18,ACC MEN'S BASKETBALL- DAY1,cw,0.18,318,Sat 01.06.24 12:00 ACC MEN'S BASKETBALL- DAY1 UNIV-PITTBRG AT U- LOUISVILLE cw 0.18 318,Saturday,1,January,1,0,0,0,0,0,0,0,0,0,0,0,0,0,0,0,0,0,12.669806661762314
Sports Media Watch 2023-24 OCR Week 9,https://www.sportsmediawatch.com/wp-content/uploads/2024/01/jan1to7.png,2023-24,basketball,men,Miami (FL) / Wake Forest,Miami (FL),Wake Forest,2024-01-06,2:17,Early,CW,290000,sportsmediawatch_ocr,290000.0,,Regular Season,Week 9,,,0.17,ACC MEN'S BASKETBALL- aye,CW,0.17,290,Sat Gua 2:17 ACC MEN'S BASKETBALL- aye UNIV-MIAMI AT WAKE FOREST CW 0.17 290,Saturday,1,January,1,0,0,0,0,0,0,0,0,0,0,0,0,0,0,0,0,0,12.577636201962656
Sports Media Watch 2023-24 OCR Week 9,https://www.sportsmediawatch.com/wp-content/uploads/2024/01/jan1to7.png,2023-24,basketball,men,Cincinnati / Byu,Cincinnati,BYU,2024-01-06,10:11,Early,ESPN2,263000,sportsmediawatch_ocr,263000.0,,Regular Season,Week 9,,,0.13,COLLEGE BKBL REG SSN L,ESPN2,0.13,263,Sat 01.06.24 10:11 COLLEGE BKBL REG SSN L CINCINNATI / BYU ESPN2 0.13 263,Saturday,1,January,1,0,0,0,0,12,0,1,0,1,0,0,0,0,0,0,0,0,12.479909311159902
Sports Media Watch 2023-24 OCR Week 9,https://www.sportsmediawatch.com/wp-content/uploads/2024/01/jan1to7.png,2023-24,basketball,men,Rutgers / Ohio State,Rutgers,Ohio State,2024-01-03,7:00,Early,BTN,245000,sportsmediawatch_ocr,245000.0,,Regular Season,Week 9,,,0.13,B1G MENS BASKETBALLL,BIN,0.13,245,Wed 01.03.24 7:00 B1G MENS BASKETBALLL RUTGERS / OHIO STATE BIN 0.13 245,Wednesday,1,January,0,0,0,0,0,0,0,0,0,0,0,0,0,0,0,0,0,0,12.409013489526863
Sports Media Watch 2023-24 OCR Week 9,https://www.sportsmediawatch.com/wp-content/uploads/2024/01/jan1to7.png,2023-24,basketball,men,SMU / Memphis,SMU,Memphis,2024-01-07,5:08,Early,ESPN,241000,sportsmediawatch_ocr,241000.0,,Regular Season,Week 9,,,0.13,COLLEGE BKBL REG SSN OL,ESPN,0.13,241,Sun 01.07.24 5:08 COLLEGE BKBL REG SSN OL SMU / MEMPHIS ESPN 0.13 241,Sunday,1,January,1,0,0,0,0,15,0,1,0,1,0,0,0,0,0,0,0,0,12.392552212472792
Sports Media Watch 2023-24 OCR Week 9,https://www.sportsmediawatch.com/wp-content/uploads/2024/01/jan1to7.png,2023-24,basketball,men,Texas Tech / Texas,Texas Tech,Texas,2024-01-06,8:08,Early,ESPN2,232000,sportsmediawatch_ocr,232000.0,,Regular Season,Week 9,,,0.12,COLLEGE BKBL REG SSN oL,ESPN2,0.12,232,Sat 01.06.24 8:08 COLLEGE BKBL REG SSN oL TEXAS TECH / TEXAS ESPN2 0.12 232,Saturday,1,January,1,0,0,0,0,20,0,1,0,1,0,0,0,0,0,0,0,0,12.354492650648448
Sports Media Watch 2023-24 OCR Week 9,https://www.sportsmediawatch.com/wp-content/uploads/2024/01/jan1to7.png,2023-24,basketball,men,Michigan State / Northwestern,Michigan State,Northwestern,2024-01-07,7:44,Early,BTN,226000,sportsmediawatch_ocr,226000.0,,Regular Season,Week 9,,,0.13,BIGMENSBASKETBALLL,BTN,0.13,226,Sun 01.0724 7:44 BIGMENSBASKETBALLL MICHIGAN CTO STATE ON / 0071 BTN 0.13 226,Sunday,1,January,1,0,21,0,1,25,0,1,0,2,0,0,0,0,0,0,0,0,12.328290278254423
Sports Media Watch 2023-24 OCR Week 9,https://www.sportsmediawatch.com/wp-content/uploads/2024/01/jan1to7.png,2023-24,basketball,men,Northwestern/Western Illinois,Northwestern,Western Illinois,2024-01-02,,Unknown,BTN,219000,sportsmediawatch_ocr,219000.0,,Regular Season,Week 9,,,0.12,B1G MENS BASKETBALLL,BTN,0.12,219,o02 a  B1G MENS BASKETBALLL NORTHWESTERN / ILLINOIS BTN 0.12 219,Tuesday,1,January,0,0,25,0,1,0,0,0,0,1,0,0,0,0,0,0,0,0,12.296827008798639
Sports Media Watch 2023-24 OCR Week 9,https://www.sportsmediawatch.com/wp-content/uploads/2024/01/jan1to7.png,2023-24,basketball,men,Boise State / San Jose State,Boise State,San Jose State,2024-01-05,10:57,Early,FS1,214000,sportsmediawatch_ocr,214000.0,,Regular Season,Week 9,,,0.11,COLL BSKTBL: MTN WEST L,FS1,0.11,214,Fri 01.05.24 10:57 COLL BSKTBL: MTN WEST L BOISE ST / SAN JOSE ST FS1 0.11 214,Friday,1,January,0,0,0,0,0,0,0,0,0,0,0,0,0,0,0,0,0,0,12.273731294003989
Sports Media Watch 2023-24 OCR Week 9,https://www.sportsmediawatch.com/wp-content/uploads/2024/01/jan1to7.png,2023-24,basketball,men,Stanford / UCLA,Stanford,UCLA,2024-01-03,9:03,Early,ESPN2,208000,sportsmediawatch_ocr,208000.0,,Regular Season,Week 9,,,0.12,COLLEGE BKBL REG SSN oL,ESPN2,0.12,208,Wed 01.03.24 9:03 COLLEGE BKBL REG SSN oL STANFORD / UCLA ESPN2 0.12 208,Wednesday,1,January,0,0,0,0,0,0,0,0,0,0,0,0,0,0,0,0,0,0,12.245293358683455
Sports Media Watch 2023-24 OCR Week 9,https://www.sportsmediawatch.com/wp-content/uploads/2024/01/jan1to7.png,2023-24,basketball,men,Boston College / Georgia Tech,Boston College,Georgia Tech,2024-01-06,4:04,Early,ESPN2,193000,sportsmediawatch_ocr,193000.0,,Regular Season,Week 9,,,0.12,COLLEGEBKBLREGSSN oso,EsPN2,0.12,193,Sat 01.06.24 4:04 COLLEGEBKBLREGSSN oso BOSTON COLLEGE / GEORGIA TECH EsPN2 0.12 193,Saturday,1,January,1,0,0,0,0,0,0,0,0,0,0,0,0,0,0,0,0,0,12.170445467887022
Sports Media Watch 2023-24 OCR Week 9,https://www.sportsmediawatch.com/wp-content/uploads/2024/01/jan1to7.png,2023-24,basketball,men,Rutgers / Iowa,Rutgers,Iowa,2024-01-06,12:00,Early,BTN,190000,sportsmediawatch_ocr,190000.0,,Regular Season,Week 9,,,0.11,B1G MENS BASKETBALLL,BIN,0.11,190,Sat 01.06.24 12:00 B1G MENS BASKETBALLL RUTGERS / IOWA BIN 0.11 190,Saturday,1,January,1,0,0,0,0,0,0,0,0,0,0,0,0,0,0,0,0,0,12.154779351142624
Sports Media Watch 2023-24 OCR Week 9,https://www.sportsmediawatch.com/wp-content/uploads/2024/01/jan1to7.png,2023-24,basketball,men,Xavier / Villanova,Xavier,Villanova,2024-01-03,8:41,Early,FS1,182000,sportsmediawatch_ocr,182000.0,,Regular Season,Week 9,,,0.1,COLL BSKTBL: BIGEASTL,FS1,0.10,182,Wed 01.03.24 8:41 COLL BSKTBL: BIGEASTL XAVIER/ VILLANOVA FS1 0.10 182,Wednesday,1,January,0,0,0,0,0,18,0,1,0,1,0,0,0,0,0,0,0,0,12.111761966058932
Sports Media Watch 2023-24 OCR Week 9,https://www.sportsmediawatch.com/wp-content/uploads/2024/01/jan1to7.png,2023-24,basketball,men,Seton Hall / Providence,Seton Hall,Providence,2024-01-03,,Unknown,FS1,181000,sportsmediawatch_ocr,181000.0,,Regular Season,Week 9,,,0.1,COLL BSKTBL: BIGEASTL,FS1,0.10,181,ot o3 oA  COLL BSKTBL: BIGEASTL SETONHALL/PROVIDENCE FS1 0.10 181,Wednesday,1,January,0,0,0,0,0,23,0,1,0,1,0,0,0,0,0,0,0,0,12.106252310247962
Sports Media Watch 2023-24 OCR Week 9,https://www.sportsmediawatch.com/wp-content/uploads/2024/01/jan1to7.png,2023-24,basketball,men,Providence / Creighton,Providence,Creighton,2024-01-06,2:06,Early,FS1,171000,sportsmediawatch_ocr,171000.0,,Regular Season,Week 9,,,0.1,COLL BSKTBL: BIGEASTL,FS1,0.10,171,Sat 01.06.24 2:06 COLL BSKTBL: BIGEASTL PROVIDENCE / CREIGHTON FS1 0.10 171,Saturday,1,January,1,0,23,0,1,22,0,1,0,2,0,0,0,0,0,0,0,0,12.049418835484797
Sports Media Watch 2023-24 OCR Week 9,https://www.sportsmediawatch.com/wp-content/uploads/2024/01/jan1to7.png,2023-24,basketball,men,UCF / Kansas State,UCF,Kansas State,2024-01-06,6:12,Early,ESPN2,156000,sportsmediawatch_ocr,156000.0,,Regular Season,Week 9,,,0.08,COLLEGE BKBL REG SSN oL,ESPN2,0.08,156,Sat 01.06.24 6:12 COLLEGE BKBL REG SSN oL UCF / KANSAS STATE ESPN2 0.08 156,Saturday,1,January,1,0,0,0,0,0,0,0,0,0,0,0,0,0,0,0,0,0,11.957611286231675
Sports Media Watch 2023-24 OCR Week 9,https://www.sportsmediawatch.com/wp-content/uploads/2024/01/jan1to7.png,2023-24,basketball,men,Depaul / UConn,DePaul,UConn,2024-01-02,6:30,Early,FS1,151000,sportsmediawatch_ocr,151000.0,,Regular Season,Week 9,,,0.1,COLL BSKTBL: BIGEASTL,FS1,0.10,151,Tue 01.02.24 6:30 COLL BSKTBL: BIGEASTL DEPAUL/ UCONN FS1 0.10 151,Tuesday,1,January,0,0,0,0,0,4,1,0,1,0,0,0,0,0,0,0,0,0,11.925035115797062
Sports Media Watch 2023-24 OCR Week 9,https://www.sportsmediawatch.com/wp-content/uploads/2024/01/jan1to7.png,2023-24,basketball,men,Butler / St. John's,Butler,St. John's,2024-01-02,8:36,Early,FS1,143000,sportsmediawatch_ocr,143000.0,,Regular Season,Week 9,,,0.09,COLL BSKTBL: BIGEASTL,FS1,0.09,143,Tue 01.02.24 8:36 COLL BSKTBL: BIGEASTL BUTLER/ ST. JOHNS FS1 0.09 143,Tuesday,1,January,0,0,0,0,0,0,0,0,0,0,0,0,0,0,0,0,0,0,11.870599909242044
Sports Media Watch 2023-24 OCR Week 9,https://www.sportsmediawatch.com/wp-content/uploads/2024/01/jan1to7.png,2023-24,basketball,men,New Mexico / Colorado State,New Mexico,Colorado State,2024-01-02,10:44,Early,FS1,136000,sportsmediawatch_ocr,136000.0,,Regular Season,Week 9,,,0.09,COLL BSKTBL: MTN WEST L,FS1,0.09,136,Tue 01.02.24 10:44 COLL BSKTBL: MTN WEST L NEW MEXICO /COLORADO ST FS1 0.09 136,Tuesday,1,January,0,0,0,0,0,13,0,1,0,1,0,0,0,0,0,0,0,0,11.820410164718188
Sports Media Watch 2023-24 OCR Week 9,https://www.sportsmediawatch.com/wp-content/uploads/2024/01/jan1to7.png,2023-24,basketball,men,Maryland / Minnesota,Maryland,Minnesota,2024-01-07,5:30,Early,BTN,116000,sportsmediawatch_ocr,116000.0,,Regular Season,Week 9,,,0.07,B1G MENS BASKETBALLL,BTN,0.07,116,Sun 01.07.24 5:30 B1G MENS BASKETBALLL MARYLAND / MINNESOTA BTN 0.07 116,Sunday,1,January,1,0,0,0,0,0,0,0,0,0,0,0,0,0,0,0,0,0,11.661345470088502
Sports Media Watch 2023-24 OCR Week 9,https://www.sportsmediawatch.com/wp-content/uploads/2024/01/jan1to7.png,2023-24,basketball,men,East Carolina / Florida Atlantic,East Carolina,Florida Atlantic,2024-01-02,7:00,Early,ESPN2,115000,sportsmediawatch_ocr,115000.0,,Regular Season,Week 9,,,,COLLEGEBKBLREGSSN,EspN2,"0,06",115,"Tue 01.02.24 7:00 COLLEGEBKBLREGSSN EAST CAROLINA / FLORIDA ATLANTIC EspN2 0,06 115",Tuesday,1,January,0,0,0,0,0,17,0,1,0,1,0,0,0,0,0,0,0,0,11.652687407345388
Sports Media Watch 2023-24 OCR Week 9,https://www.sportsmediawatch.com/wp-content/uploads/2024/01/jan1to7.png,2023-24,basketball,men,Michigan / Penn State,Michigan,Penn State,2024-01-07,,Unknown,BTN,113000,sportsmediawatch_ocr,113000.0,,Regular Season,Week 9,,,0.07,B1G MENS BASKETBALLL,BTN,0.07,113,7 Pm  B1G MENS BASKETBALLL MICHIGAN / PENN STATE BTN 0.07 113,Sunday,1,January,1,0,0,0,0,0,0,0,0,0,0,0,0,0,0,0,0,0,11.635143097694478
Sports Media Watch 2023-24 OCR Week 9,https://www.sportsmediawatch.com/wp-content/uploads/2024/01/jan1to7.png,2023-24,basketball,men,Cleveland State / Wright State,Cleveland State,Wright State,2024-01-04,7:00,Early,ESPN2,105000,sportsmediawatch_ocr,105000.0,,Regular Season,Week 9,,,,COLLEGEBKBLREGSSN,EsPN2,"0,06",105,"Thu 01.04.24 7:00 COLLEGEBKBLREGSSN CLEVELAND STATE/ WRIGHT STATE EsPN2 0,06 105",Thursday,1,January,0,0,0,0,0,0,0,0,0,0,0,0,0,0,0,0,0,0,11.56171562913966
Sports Media Watch 2023-24 OCR Week 9,https://www.sportsmediawatch.com/wp-content/uploads/2024/01/jan1to7.png,2023-24,basketball,men,Wichita State/North Texas,Wichita State,North Texas,2024-01-04,9:03,Early,ESPN2,83000,sportsmediawatch_ocr,83000.0,,Regular Season,Week 9,,,,COLLEGEBKBLREGSSN,EsPpN2,"0,05",83,"Thu 01.04.24 9:03 COLLEGEBKBLREGSSN WICHITA NORTH TEXAS/ STATE EsPpN2 0,05 83",Thursday,1,January,0,0,0,0,0,0,0,0,0,0,0,0,0,0,0,0,0,0,11.326595886778735
Sports Media Watch 2023-24 OCR Week 9,https://www.sportsmediawatch.com/wp-content/uploads/2024/01/jan1to7.png,2023-24,basketball,men,Fresno State / San Diego State,Fresno State,San Diego State,2024-01-03,10:56,Early,ESPN,76000,sportsmediawatch_ocr,76000.0,,Regular Season,Week 9,,,0.05,COLL BSKTBL: MTN WEST OL,FS1,0.05,76,Wed 01.0324 10:56 COLL BSKTBL: MTN WEST OL FRESNO ST / SAN DIEGO ST FS1 0.05 76,Wednesday,1,January,0,0,0,0,0,25,0,1,0,1,0,0,0,0,0,0,0,0,11.238488619268468
Sports Media Watch 2023-24 OCR Week 9,https://www.sportsmediawatch.com/wp-content/uploads/2024/01/jan1to7.png,2023-24,basketball,men,Charlotte / SMU,Charlotte,SMU,2024-01-02,9:07,Early,ESPN2,62000,sportsmediawatch_ocr,62000.0,,Regular Season,Week 9,,,0.04,COLLEGE BKBL REG SSN,ESPN2,0.04,62,Tue 01.0224 9:07 COLLEGE BKBL REG SSN CHARLOTTE / SMU ESPN2 0.04 62,Tuesday,1,January,0,0,0,0,0,0,0,0,0,0,0,0,0,0,0,0,0,0,11.03488966402723
Sports Media Watch 2023-24 OCR Week 9,https://www.sportsmediawatch.com/wp-content/uploads/2024/01/jan1to7.png,2023-24,basketball,men,Depaul / Georgetown,DePaul,Georgetown,2024-01-06,12:00,Early,FS1,62000,sportsmediawatch_ocr,62000.0,,Regular Season,Week 9,,,0.04,COLLBSKTBL: BIGEASTL,FS1,0.04,62,Sat 01.06.24 12:00 COLLBSKTBL: BIGEASTL DEPAUL/ GEORGETOWN FS1 0.04 62,Saturday,1,January,1,0,0,0,0,0,0,0,0,0,0,0,0,0,0,0,0,0,11.03488966402723
Sports Media Watch 2023-24 OCR Week 9,https://www.sportsmediawatch.com/wp-content/uploads/2024/01/jan1to7.png,2023-24,basketball,men,UMass / Dayton,UMass,Dayton,2024-01-07,1:00,Early,ESPN2,61000,sportsmediawatch_ocr,61000.0,,Regular Season,Week 9,,,0.04,BKBL REG SSN COLLEGE OL,—_ESPN2,0.04,61,Sun 01.0724 1:00 BKBL REG SSN COLLEGE OL MASSACHUSETTS / DAYTON —_ESPN2 0.04 61,Sunday,1,January,1,0,0,0,0,0,0,0,0,0,0,0,0,0,0,0,0,0,11.018629143155449
Sports Media Watch 2023-24 OCR Week 9,https://www.sportsmediawatch.com/wp-content/uploads/2024/01/jan1to7.png,2023-24,basketball,men,Drake / Belmont,Drake,Belmont,2024-01-07,3:06,Early,ESPN2,38000,sportsmediawatch_ocr,38000.0,,Regular Season,Week 9,,,0.02,COLLEGE BKBL REG SSN OL,ESPN2,0.02,38,Sun 01.0724 3:06 COLLEGE BKBL REG SSN OL DRAKE / BELMONT ESPN2 0.02 38,Sunday,1,January,1,0,0,0,0,0,0,0,0,0,0,0,0,0,0,0,0,0,10.545341438708522
Sports Media Watch 2023-24 OCR Week 9,https://www.sportsmediawatch.com/wp-content/uploads/2024/01/jan1to7.png,2023-24,basketball,men,Colorado / Arizona State,Colorado,Arizona State,2024-01-06,8:00,Early,ESPNU,33000,sportsmediawatch_ocr,33000.0,,Regular Season,Week 9,,,0.02,COLLEGE BKBL REG SSN L,ESPNU,0.02,33,Sat 01.06.24 8:00 COLLEGE BKBL REG SSN L COLORADO / ARIZONA STATE ESPNU 0.02 33,Saturday,1,January,1,0,18,0,1,0,0,0,0,1,0,0,0,0,0,0,0,0,10.404262840448617
Sports Media Watch 2023-24 OCR Week 9,https://www.sportsmediawatch.com/wp-content/uploads/2024/01/jan1to7.png,2023-24,basketball,men,Oregon / Washington State,Oregon,Washington State,2024-01-06,10:05,Early,ESPNU,32000,sportsmediawatch_ocr,32000.0,,Regular Season,Week 9,,,,COLLEGEBKBLREGSSN OL,| ESPNU,0).02,32,Sat 01.06.24 10:05 COLLEGEBKBLREGSSN OL OREGON/ WASHINGTON STATE | ESPNU 0).02 32,Saturday,1,January,1,0,0,0,0,0,0,0,0,0,0,0,0,0,0,0,0,0,10.373491181781864
Sports Media Watch 2023-24 OCR Week 9,https://www.sportsmediawatch.com/wp-content/uploads/2024/01/jan1to7.png,2023-24,basketball,men,Toledo / Ohio,Toledo,Ohio,2024-01-02,7:13,Early,ESPNU,29000,sportsmediawatch_ocr,29000.0,,Regular Season,Week 9,,,0.02,COLLEGE BKBL REG SSN oL,ESPNU,0.02,29,Tue 01.0224 7:13 COLLEGE BKBL REG SSN oL TOLEDO / OHIO ESPNU 0.02 29,Tuesday,1,January,0,0,0,0,0,0,0,0,0,0,0,0,0,0,0,0,0,0,10.275051108968611
Sports Media Watch 2023-24 OCR Week 9,https://www.sportsmediawatch.com/wp-content/uploads/2024/01/jan1to7.png,2023-24,basketball,men,UAB / Utsa,UAB,UTSA,2024-01-02,9:08,Early,ESPNU,23000,sportsmediawatch_ocr,23000.0,,Regular Season,Week 9,,,0.02,COLLEGE BKBL REG SSN oL,ESPNU,0.02,23,Tue 01.0224 9:08 COLLEGE BKBL REG SSN oL UAB / UTSA ESPNU 0.02 23,Tuesday,1,January,0,0,0,0,0,0,0,0,0,0,0,0,0,0,0,0,0,0,10.043249494911286
Sports Media Watch 2023-24 OCR Week 9,https://www.sportsmediawatch.com/wp-content/uploads/2024/01/jan1to7.png,2023-24,basketball,men,Tulane / North Texas,Tulane,North Texas,2024-01-06,2:03,Early,ESPNU,23000,sportsmediawatch_ocr,23000.0,,Regular Season,Week 9,,,0.01,COLLEGE BKBL REG SSN L,ESPNU,0.01,23,Sat 01.06.24 2:03 COLLEGE BKBL REG SSN L TULANE / NORTH TEXAS ESPNU 0.01 23,Saturday,1,January,1,0,0,0,0,0,0,0,0,0,0,0,0,0,0,0,0,0,10.043249494911286
Sports Media Watch 2023-24 OCR Week 9,https://www.sportsmediawatch.com/wp-content/uploads/2024/01/jan1to7.png,2023-24,basketball,men,Wichita State / Temple,Wichita State,Temple,2024-01-07,1:00,Early,ESPNU,16000,sportsmediawatch_ocr,16000.0,,Regular Season,Week 9,,,0.01,COLLEGE BKBL REG SSN OL,ESPNU,0.01,16,Sun 01.0724 1:00 COLLEGE BKBL REG SSN OL WICHITA STATE / TEMPLE ESPNU 0.01 16,Sunday,1,January,1,0,0,0,0,0,0,0,0,0,0,0,0,0,0,0,0,0,9.680344001221918
Sports Media Watch 2023-24 OCR Week 9,https://www.sportsmediawatch.com/wp-content/uploads/2024/01/jan1to7.png,2023-24,basketball,men,Tulsa / East Carolina,Tulsa,East Carolina,2024-01-07,3:03,Early,ESPNU,16000,sportsmediawatch_ocr,16000.0,,Regular Season,Week 9,,,0.01,COLLEGE BKBL REG SSN L,ESPNU,0.01,16,Sun 01.07.24 3:03 COLLEGE BKBL REG SSN L TULSA / EAST CAROLINA ESPNU 0.01 16,Sunday,1,January,1,0,0,0,0,0,0,0,0,0,0,0,0,0,0,0,0,0,9.680344001221918
Sports Media Watch 2023-24 OCR Week 9,https://www.sportsmediawatch.com/wp-content/uploads/2024/01/jan1to7.png,2023-24,basketball,men,Illinois Eastern / Ut Martin,Eastern Illinois,UT Martin,2024-01-04,9:00,Early,ESPNU,15000,sportsmediawatch_ocr,15000.0,,Regular Season,Week 9,,,0.01,COLLEGEBKBLREGSSN OL,| ESPNU,0.01,15,Thu 01.04.24 9:00 COLLEGEBKBLREGSSN OL ILLINOIS EASTERN / UT MARTIN | ESPNU 0.01 15,Thursday,1,January,0,0,0,0,0,0,0,0,0,0,0,0,0,0,0,0,0,0,9.615805480084347
Sports Media Watch 2023-24 OCR Week 9,https://www.sportsmediawatch.com/wp-content/uploads/2024/01/jan1to7.png,2023-24,basketball,men,Howard / Nc Central,Howard,North Carolina Central,2024-01-06,12:00,Early,ESPNU,15000,sportsmediawatch_ocr,15000.0,,Regular Season,Week 9,,,0.01,COLLEGE BKBL REG SSN,ESPNU,0.01,15,Sat 01.06.24 12:00 COLLEGE BKBL REG SSN HOWARD / NC CENTRAL ESPNU 0.01 15,Saturday,1,January,1,0,0,0,0,0,0,0,0,0,0,0,0,0,0,0,0,0,9.615805480084347
Sports Media Watch 2023-24 OCR Week 10,https://www.sportsmediawatch.com/wp-content/uploads/2024/01/jan8to14.png,2023-24,basketball,men,Kentucky / Texas A&M,Kentucky,Texas A&M,2024-01-13,2:03,Early,ESPN,1521000,sportsmediawatch_ocr,1521000.0,,Regular Season,Week 10,,,0.85,COLLEGE BKBL REG SSN,ESPN,0.85,"1,521","Sat mem 2:03 COLLEGE BKBL REG SSN KENTUCKY / TEXAS A&M ESPN 0.85 1,521",Saturday,1,January,1,0,6,1,0,21,0,1,1,1,0,0,0,0,0,0,0,0,14.23487857124143
Sports Media Watch 2023-24 OCR Week 10,https://www.sportsmediawatch.com/wp-content/uploads/2024/01/jan8to14.png,2023-24,basketball,men,Missouri / Kentucky,Missouri,Kentucky,2024-01-09,7:00,Early,ESPN,1136000,sportsmediawatch_ocr,1136000.0,,Regular Season,Week 10,,,0.64,COLLEGE BKBL REG SSN oL,ESPN,0.64,"1,136","Tue 01.09.24 7:00 COLLEGE BKBL REG SSN oL MISSOURI / KENTUCKY ESPN 0.64 1,136",Tuesday,1,January,0,0,0,0,0,6,1,0,1,0,0,0,0,0,0,0,0,0,13.943023878263233
Sports Media Watch 2023-24 OCR Week 10,https://www.sportsmediawatch.com/wp-content/uploads/2024/01/jan8to14.png,2023-24,basketball,men,Syracuse / North Carolina,Syracuse,North Carolina,2024-01-13,12:00,Early,ESPN,1126000,sportsmediawatch_ocr,1126000.0,,Regular Season,Week 10,,,0.65,COLLEGE BKBLREGSSN,BEAN,0.65,"1,126","Sat 01.13.24 12:00 COLLEGE BKBLREGSSN SYRACUSE/ NORTH CAROLINA BEAN 0.65 1,126",Saturday,1,January,1,0,0,0,0,7,1,0,1,0,0,0,0,0,0,0,0,0,13.934182087681773
Sports Media Watch 2023-24 OCR Week 10,https://www.sportsmediawatch.com/wp-content/uploads/2024/01/jan8to14.png,2023-24,basketball,men,North Carolina / NC State,North Carolina,NC State,2024-01-10,8:00,Early,ESPN,1097000,sportsmediawatch_ocr,1097000.0,,Regular Season,Week 10,,,0.59,COLLEGE BKBL REG SSN oL,ESPN,0.59,"1,097","Wed 01.10.24 8:00 COLLEGE BKBL REG SSN oL NORTH CAROLINA/ NC STATE ESPN 0.59 1,097",Wednesday,1,January,0,0,7,1,0,0,0,0,1,0,0,0,0,0,0,0,0,0,13.908089739257367
Sports Media Watch 2023-24 OCR Week 10,https://www.sportsmediawatch.com/wp-content/uploads/2024/01/jan8to14.png,2023-24,basketball,men,Georgetown / Ct,Georgetown,UConn,2024-01-14,12:00,Early,FOX,876000,sportsmediawatch_ocr,876000.0,,Regular Season,Week 10,,,0.52,FOX C.HOOPS-BIGE NOON- SUN,FOX,0.52,876,Sun 01.14.24 12:00 FOX C.HOOPS-BIGE NOON- SUN - GEORGETOWN UNIV AT UNIV- CT FOX 0.52 876,Sunday,1,January,1,0,0,0,0,4,1,0,1,0,0,0,0,0,0,0,0,0,13.683121369918528
Sports Media Watch 2023-24 OCR Week 10,https://www.sportsmediawatch.com/wp-content/uploads/2024/01/jan8to14.png,2023-24,basketball,men,St. John's / Creighton,St. John's,Creighton,2024-01-13,1:00,Early,FOX,138000,sportsmediawatch_ocr,138000.0,,Regular Season,Week 10,,,0.43,FOXC.HOOPS-BIGEAST DAY,oe,0.43,138,Sat 01.13.24 1:00 FOXC.HOOPS-BIGEAST DAY ST JOHNS UNIV AT CREIGHTON UNIV oe 0.43 138,Saturday,1,January,1,0,0,0,0,22,0,1,0,1,0,0,0,0,0,0,0,0,11.835008964139341
Sports Media Watch 2023-24 OCR Week 10,https://www.sportsmediawatch.com/wp-content/uploads/2024/01/jan8to14.png,2023-24,basketball,men,Duke / Pitt,Duke,Pitt,2024-01-09,9:20,Early,ESPN,717000,sportsmediawatch_ocr,717000.0,,Regular Season,Week 10,,,0.42,COLLEGE BKBL REG SSN OL,ESPN,0.42,717,Tue 01.09.24 9:20 COLLEGE BKBL REG SSN OL DUKE / PITTSBURGH ESPN 0.42 717,Tuesday,1,January,0,0,11,0,1,0,0,0,0,1,0,0,0,0,0,0,0,0,13.482831119581757
Sports Media Watch 2023-24 OCR Week 10,https://www.sportsmediawatch.com/wp-content/uploads/2024/01/jan8to14.png,2023-24,basketball,men,San Diego State / New Mexico,San Diego State,New Mexico,2024-01-13,2:00,Early,CBS,668000,sportsmediawatch_ocr,668000.0,,Regular Season,Week 10,,,0.4,NCAABASKETBALL-SAT-1,CBS,0.40,668,Sat 01.13.24 2:00 NCAABASKETBALL-SAT-1 SAN DIEGO STATE AT NEW MEXICO CBS 0.40 668,Saturday,1,January,1,0,19,0,1,0,0,0,0,1,0,0,0,0,0,0,0,0,13.412043452518782
Sports Media Watch 2023-24 OCR Week 10,https://www.sportsmediawatch.com/wp-content/uploads/2024/01/jan8to14.png,2023-24,basketball,men,Arkansas / Florida,Arkansas,Florida,2024-01-13,4:44,Early,ESPN,609000,sportsmediawatch_ocr,609000.0,,Regular Season,Week 10,,,0.35,COLLEGE BKBL REG SSN OL,ESPN,0.35,609,Sat 01.13.24 4:44 COLLEGE BKBL REG SSN OL ARKANSAS / FLORIDA ESPN 0.35 609,Saturday,1,January,1,0,20,0,1,0,0,0,0,1,0,0,0,0,0,0,0,0,13.319573546692034
Sports Media Watch 2023-24 OCR Week 10,https://www.sportsmediawatch.com/wp-content/uploads/2024/01/jan8to14.png,2023-24,basketball,men,Michigan State / Illinois,Michigan State,Illinois,2024-01-11,9:14,Early,FS1,571000,sportsmediawatch_ocr,571000.0,,Regular Season,Week 10,,,0.3,COLL BSKBL:BIG 10 L,FS1,0.30,571,Thu 01.11.24 9:14 COLL BSKBL:BIG 10 L MICHIGAN ST / ILLINOIS FS1 0.30 571,Thursday,1,January,0,0,21,0,1,10,1,0,1,1,0,0,0,0,0,0,0,0,13.255144488638146
Sports Media Watch 2023-24 OCR Week 10,https://www.sportsmediawatch.com/wp-content/uploads/2024/01/jan8to14.png,2023-24,basketball,men,Tennessee / Georgia,Tennessee,Georgia,2024-01-13,12:00,Early,ESPN2,547000,sportsmediawatch_ocr,547000.0,,Regular Season,Week 10,,,0.31,COLLEGE BKBL REG SSN OL,ESPN2,0.31,547,Sat 01.13.24 12:00 COLLEGE BKBL REG SSN OL TENNESSEE / GEORGIA ESPN2 0.31 547,Saturday,1,January,1,0,5,1,0,0,0,0,1,0,0,0,0,0,0,0,0,0,13.212204081404119
Sports Media Watch 2023-24 OCR Week 10,https://www.sportsmediawatch.com/wp-content/uploads/2024/01/jan8to14.png,2023-24,basketball,men,Cincinnati / Baylor,Cincinnati,Baylor,2024-01-13,8:22,Early,ESPN,533000,sportsmediawatch_ocr,533000.0,,Regular Season,Week 10,,,0.27,COLLEGE BKBL REG SSN oL,ESPN,0.27,533,Sat 01.1324 8:22 COLLEGE BKBL REG SSN oL CINCINNATI / BAYLOR ESPN 0.27 533,Saturday,1,January,1,0,0,0,0,14,0,1,0,1,0,0,0,0,0,0,0,0,13.186276703147982
Sports Media Watch 2023-24 OCR Week 10,https://www.sportsmediawatch.com/wp-content/uploads/2024/01/jan8to14.png,2023-24,basketball,men,Maryland / Illinois,Maryland,Illinois,2024-01-14,2:06,Early,BTN,514000,sportsmediawatch_ocr,514000.0,,Regular Season,Week 10,,,0.29,B1G MENS BASKETBALL L,BIN,0.29,514,Sun 01.14.24 2:06 B1G MENS BASKETBALL L MARYLAND / ILLINOIS BIN 0.29 514,Sunday,1,January,1,0,0,0,0,10,1,0,1,0,0,0,0,0,0,0,0,0,13.149978544437301
Sports Media Watch 2023-24 OCR Week 10,https://www.sportsmediawatch.com/wp-content/uploads/2024/01/jan8to14.png,2023-24,basketball,men,Houston / Iowa State,Houston,Iowa State,2024-01-09,7:00,Early,ESPN2,448000,sportsmediawatch_ocr,448000.0,,Regular Season,Week 10,,,0.24,COLLEGE BKBL REG SSN L,ESPN2,0.24,448,Tue 01.09.24 7:00 COLLEGE BKBL REG SSN L HOUSTON / IOWA STATE ESPN2 0.24 448,Tuesday,1,January,0,0,2,1,0,0,0,0,1,0,0,0,0,0,0,0,0,0,13.012548511397123
Sports Media Watch 2023-24 OCR Week 10,https://www.sportsmediawatch.com/wp-content/uploads/2024/01/jan8to14.png,2023-24,basketball,men,Houston / TCU,Houston,TCU,2024-01-13,6:07,Early,ESPN,417000,sportsmediawatch_ocr,417000.0,,Regular Season,Week 10,,,0.24,COLLEGE BKBL REG SSN OL,ESPN,0.24,417,Sat 01.13.24 6:07 COLLEGE BKBL REG SSN OL HOUSTON / TCU ESPN 0.24 417,Saturday,1,January,1,0,2,1,0,0,0,0,1,0,0,0,0,0,0,0,0,0,12.94084150078094
Sports Media Watch 2023-24 OCR Week 10,https://www.sportsmediawatch.com/wp-content/uploads/2024/01/jan8to14.png,2023-24,basketball,men,NC State / Louisville,NC State,Louisville,2024-01-13,12:00,Early,Unknown,391000,sportsmediawatch_ocr,391000.0,,Regular Season,Week 10,,,0.23,ACC MEN'S BASKETBALL- DAY1,Co),0.23,391,Sat 01.13.24 12:00 ACC MEN'S BASKETBALL- DAY1 NC STATE UNIV AT U- LOUISVILLE Co) 0.23 391,Saturday,1,January,1,0,0,0,0,0,0,0,0,0,0,0,0,0,0,0,0,0,12.876462838967504
Sports Media Watch 2023-24 OCR Week 10,https://www.sportsmediawatch.com/wp-content/uploads/2024/01/jan8to14.png,2023-24,basketball,men,Virginia / Wake Forest,Virginia,Wake Forest,2024-01-13,2:17,Early,ESPN2,385000,sportsmediawatch_ocr,385000.0,,Regular Season,Week 10,,,0.23,COLLEGE BKBL REG SSN L,ESPN2,0.23,385,Sat 01.13.24 2:17 COLLEGE BKBL REG SSN L VIRGINIA / WAKE FOREST ESPN2 0.23 385,Saturday,1,January,1,0,22,0,1,0,0,0,0,1,0,0,0,0,0,0,0,0,12.86099861326992
Sports Media Watch 2023-24 OCR Week 10,https://www.sportsmediawatch.com/wp-content/uploads/2024/01/jan8to14.png,2023-24,basketball,men,Minnesota / Indiana,Minnesota,Indiana,2024-01-12,6:30,Early,FS1,383000,sportsmediawatch_ocr,383000.0,,Regular Season,Week 10,,,0.2,COLL BSKBL:BIG 10 L,FS1,0.20,383,Fri 01.12.24 6:30 COLL BSKBL:BIG 10 L MINNESOTA / INDIANA FS1 0.20 383,Friday,1,January,0,0,0,0,0,0,0,0,0,0,0,0,0,0,0,0,0,0,12.855790268162783
Sports Media Watch 2023-24 OCR Week 10,https://www.sportsmediawatch.com/wp-content/uploads/2024/01/jan8to14.png,2023-24,basketball,men,Fla St / Notre Dame,Florida State,Notre Dame,2024-01-13,2:17,Early,CW,378000,sportsmediawatch_ocr,378000.0,,Regular Season,Week 10,,,0.2,ACC MEN'S BASKETBALL- pAY2,CW,0.20,378,Sat 01.13.24 2:17 ACC MEN'S BASKETBALL- pAY2 FLA ST UNIV AT NOTRE DAME CW 0.20 378,Saturday,1,January,1,0,0,0,0,0,0,0,0,0,0,0,0,0,0,0,0,0,12.842649474601725
Sports Media Watch 2023-24 OCR Week 10,https://www.sportsmediawatch.com/wp-content/uploads/2024/01/jan8to14.png,2023-24,basketball,men,Nebraska / Iowa,Nebraska,Iowa,2024-01-12,9:37,Early,BTN,363000,sportsmediawatch_ocr,363000.0,,Regular Season,Week 10,,,0.18,B1G MENS BASKETBALLL,BIN,0.18,363,Fri 01.12.24 9:37 B1G MENS BASKETBALLL NEBRASKA / IOWA BIN 0.18 363,Friday,1,January,0,0,0,0,0,0,0,0,0,0,0,0,0,0,0,0,0,0,12.802158113246987
Sports Media Watch 2023-24 OCR Week 10,https://www.sportsmediawatch.com/wp-content/uploads/2024/01/jan8to14.png,2023-24,basketball,men,Wisconsin / Ohio State,Wisconsin,Ohio State,2024-01-10,,Unknown,BTN,362000,sportsmediawatch_ocr,362000.0,,Regular Season,Week 10,,,0.2,B1G MENS BASKETBALLL,BTN,0.20,362,ono wn  B1G MENS BASKETBALLL WISCONSIN / OHIO STATE BTN 0.20 362,Wednesday,1,January,0,0,15,0,1,0,0,0,0,1,0,0,0,0,0,0,0,0,12.799399490807907
Sports Media Watch 2023-24 OCR Week 10,https://www.sportsmediawatch.com/wp-content/uploads/2024/01/jan8to14.png,2023-24,basketball,men,Gonzaga / Santa Clara,Gonzaga,Santa Clara,2024-01-11,,Unknown,ESPN,347000,sportsmediawatch_ocr,347000.0,,Regular Season,Week 10,,,0.19,PorreGe EEL Sa,ESPN,0.19,347,oe wn  PorreGe EEL Sa GONZAGA / SANTA CLARA ESPN 0.19 347,Thursday,1,January,0,0,23,0,1,0,0,0,0,1,0,0,0,0,0,0,0,0,12.757080058928997
Sports Media Watch 2023-24 OCR Week 10,https://www.sportsmediawatch.com/wp-content/uploads/2024/01/jan8to14.png,2023-24,basketball,men,Texas A&M / Auburn,Texas A&M,Auburn,2024-01-09,9:13,Early,ESPN2,34000,sportsmediawatch_ocr,34000.0,,Regular Season,Week 10,,,0.2,COLLEGE BKBL REG SSN OL,ESPN2,0.20,34],Tue 01.09.24 9:13 COLLEGE BKBL REG SSN OL TEXAS A&M / AUBURN ESPN2 0.20 34],Tuesday,1,January,0,0,21,0,1,16,0,1,0,2,0,0,0,0,0,0,0,0,10.4341158035983
Sports Media Watch 2023-24 OCR Week 10,https://www.sportsmediawatch.com/wp-content/uploads/2024/01/jan8to14.png,2023-24,basketball,men,Michigan / Maryland,Michigan,Maryland,2024-01-11,7:00,Early,FS1,332000,sportsmediawatch_ocr,332000.0,,Regular Season,Week 10,,,0.18,COLL BSKBL:BIG 10 L,FS1,0.18,332,Thu 01.11.24 7:00 COLL BSKBL:BIG 10 L MICHIGAN / MARYLAND FS1 0.18 332,Thursday,1,January,0,0,0,0,0,0,0,0,0,0,0,0,0,0,0,0,0,0,12.712890247898626
Sports Media Watch 2023-24 OCR Week 10,https://www.sportsmediawatch.com/wp-content/uploads/2024/01/jan8to14.png,2023-24,basketball,men,Memphis / Wichita State,Memphis,Wichita State,2024-01-14,1:00,Early,ESPN2,297000,sportsmediawatch_ocr,297000.0,,Regular Season,Week 10,,,0.17,COLLEGE BKBL REG SSN L,ESPN2,0.17,297,Sun 01.14.24 1:00 COLLEGE BKBL REG SSN L MEMPHIS / WICHITA STATE ESPN2 0.17 297,Sunday,1,January,1,0,13,0,1,0,0,0,0,1,0,0,0,0,0,0,0,0,12.601487417784837
Sports Media Watch 2023-24 OCR Week 10,https://www.sportsmediawatch.com/wp-content/uploads/2024/01/jan8to14.png,2023-24,basketball,men,Rutgers / Michigan State,Rutgers,Michigan State,2024-01-14,,Unknown,BTN,271000,sportsmediawatch_ocr,271000.0,,Regular Season,Week 10,,,0.16,B1G MENS BASKETBALLL,BTN,0.16,2711,aa wn  B1G MENS BASKETBALLL RUTGERS / MICHIGANSTATE BTN 0.16 2711,Sunday,1,January,1,0,0,0,0,21,0,1,0,1,0,0,0,0,0,0,0,0,12.509874099861838
Sports Media Watch 2023-24 OCR Week 10,https://www.sportsmediawatch.com/wp-content/uploads/2024/01/jan8to14.png,2023-24,basketball,men,Kansas State / Texas Tech,Kansas State,Texas Tech,2024-01-13,,Unknown,ESPN2,271000,sportsmediawatch_ocr,271000.0,,Regular Season,Week 10,,,0.15,POLEGE EEL Sa,ESPN2,0.15,271,at wn  POLEGE EEL Sa KANSAS STATE/ TEXAS TECH ESPN2 0.15 271,Saturday,1,January,1,0,0,0,0,0,0,0,0,0,0,0,0,0,0,0,0,0,12.509874099861838
Sports Media Watch 2023-24 OCR Week 10,https://www.sportsmediawatch.com/wp-content/uploads/2024/01/jan8to14.png,2023-24,basketball,men,USC / Colorado,USC,Colorado,2024-01-13,10:02,Early,ESPN2,267000,sportsmediawatch_ocr,267000.0,,Regular Season,Week 10,,,0.15,COLLEGE BKBL REG SSN L,ESPN2,0.15,267,Sat 01.13.24 10:02 COLLEGE BKBL REG SSN L USC / COLORADO ESPN2 0.15 267,Saturday,1,January,1,0,23,0,1,18,0,1,0,2,0,0,0,0,0,0,0,0,12.495003937382387
Sports Media Watch 2023-24 OCR Week 10,https://www.sportsmediawatch.com/wp-content/uploads/2024/01/jan8to14.png,2023-24,basketball,men,UConn / Xavier,UConn,Xavier,2024-01-10,8:48,Early,FS1,265000,sportsmediawatch_ocr,265000.0,,Regular Season,Week 10,,,0.15,COLL BSKTBL: BIGEASTL,FS1,0.15,265,Wed 01.10.24 8:48 COLL BSKTBL: BIGEASTL UCONN/ XAVIER FS1 0.15 265,Wednesday,1,January,0,0,4,1,0,0,0,0,1,0,0,0,0,0,0,0,0,0,12.487485104968359
Sports Media Watch 2023-24 OCR Week 10,https://www.sportsmediawatch.com/wp-content/uploads/2024/01/jan8to14.png,2023-24,basketball,men,Penn State / Purdue,Penn State,Purdue,2024-01-13,2:15,Early,BTN,243000,sportsmediawatch_ocr,243000.0,,Regular Season,Week 10,,,0.13,B1G MENS BASKETBALLL,BIN,0.13,243,Sat 01.13.24 2:15 B1G MENS BASKETBALLL PENN STATE / PURDUE BIN 0.13 243,Saturday,1,January,1,0,0,0,0,1,1,0,1,0,0,0,0,0,0,0,0,0,12.400816722322686
Sports Media Watch 2023-24 OCR Week 10,https://www.sportsmediawatch.com/wp-content/uploads/2024/01/jan8to14.png,2023-24,basketball,men,Florida Atlantic / Tulane,Florida Atlantic,Tulane,2024-01-11,,Unknown,ESPN2,240000,sportsmediawatch_ocr,240000.0,,Regular Season,Week 10,,,0.11,POLEGE EEL Sa,ESPN2,0.11,240,oe wn  POLEGE EEL Sa FLORIDA ATLANTIC / TULANE ESPN2 0.11 240,Thursday,1,January,0,0,24,0,1,0,0,0,0,1,0,0,0,0,0,0,0,0,12.388394202324129
Sports Media Watch 2023-24 OCR Week 10,https://www.sportsmediawatch.com/wp-content/uploads/2024/01/jan8to14.png,2023-24,basketball,men,Northwestern / Wisconsin,Northwestern,Wisconsin,2024-01-13,12:00,Early,BTN,237000,sportsmediawatch_ocr,237000.0,,Regular Season,Week 10,,,0.14,BIGMENSBASKETBALLL,BIN,0.14,237,Sat 01.13.24 12:00 BIGMENSBASKETBALLL NORTHWESTERN / WICCONCINY BIN 0.14 237,Saturday,1,January,1,0,25,0,1,15,0,1,0,2,0,0,0,0,0,0,0,0,12.375815420117268
Sports Media Watch 2023-24 OCR Week 10,https://www.sportsmediawatch.com/wp-content/uploads/2024/01/jan8to14.png,2023-24,basketball,men,Providence / St. John's,Providence,St. John's,2024-01-10,6:30,Early,FS1,216000,sportsmediawatch_ocr,216000.0,,Regular Season,Week 10,,,0.12,COLL BSKTBL: BIGEASTL,FS1,0.12,216,Wed 01.10.24 6:30 COLL BSKTBL: BIGEASTL PROVIDENCE/ST. JOHNS FS1 0.12 216,Wednesday,1,January,0,0,23,0,1,0,0,0,0,1,0,0,0,0,0,0,0,0,12.283033686666302
Sports Media Watch 2023-24 OCR Week 10,https://www.sportsmediawatch.com/wp-content/uploads/2024/01/jan8to14.png,2023-24,basketball,men,Depaul / Villanova,DePaul,Villanova,2024-01-12,8:42,Early,FS1,214000,sportsmediawatch_ocr,214000.0,,Regular Season,Week 10,,,0.11,COLL BSKTBL: BIGEASTL,FS1,0.11,214,Fri 01.12.24 8:42 COLL BSKTBL: BIGEASTL DEPAUL/ VILLANOVA FS1 0.11 214,Friday,1,January,0,0,0,0,0,18,0,1,0,1,0,0,0,0,0,0,0,0,12.273731294003989
Sports Media Watch 2023-24 OCR Week 10,https://www.sportsmediawatch.com/wp-content/uploads/2024/01/jan8to14.png,2023-24,basketball,men,Seton Hall / Georgetown,Seton Hall,Georgetown,2024-01-09,,Unknown,FS1,202000,sportsmediawatch_ocr,202000.0,,Regular Season,Week 10,,,0.1,COLL BSKTBL: BIGEASTL,FS1,0.10,202,br 08 wn  COLL BSKTBL: BIGEASTL SETONHALL/GEORGETOWN' FS1 0.10 202,Tuesday,1,January,0,0,0,0,0,0,0,0,0,0,0,0,0,0,0,0,0,0,12.216022976383341
Sports Media Watch 2023-24 OCR Week 10,https://www.sportsmediawatch.com/wp-content/uploads/2024/01/jan8to14.png,2023-24,basketball,men,Liberty / Louisiana Tech,Liberty,Louisiana Tech,2024-01-14,3:03,Early,ESPN2,179000,sportsmediawatch_ocr,179000.0,,Regular Season,Week 10,,,0.11,COLLEGE BKBL REG SSN L,ESPN2,0.11,179,Sun 01.14.24 3:03 COLLEGE BKBL REG SSN L LIBERTY / LOUISIANA TECH ESPN2 0.11 179,Sunday,1,January,1,0,0,0,0,0,0,0,0,0,0,0,0,0,0,0,0,0,12.095141084822892
Sports Media Watch 2023-24 OCR Week 10,https://www.sportsmediawatch.com/wp-content/uploads/2024/01/jan8to14.png,2023-24,basketball,men,Clemson / Virginia Tech,Clemson,Virginia Tech,2024-01-10,,Unknown,ESPN2,179000,sportsmediawatch_ocr,179000.0,,Regular Season,Week 10,,,0.1,POLEGE EEL Sa,ESPN2,0.10,179,ono wn  POLEGE EEL Sa CLEMSON / VIRGINIA TECH ESPN2 0.10 179,Wednesday,1,January,0,0,21,0,1,0,0,0,0,1,0,0,0,0,0,0,0,0,12.095141084822892
Sports Media Watch 2023-24 OCR Week 10,https://www.sportsmediawatch.com/wp-content/uploads/2024/01/jan8to14.png,2023-24,basketball,men,UCLA / Utah,UCLA,Utah,2024-01-11,9:11,Early,ESPN2,179000,sportsmediawatch_ocr,179000.0,,Regular Season,Week 10,,,0.09,COLLEGE BKBL REG SSN oL,ESPN2,0.09,179,Thu 01.11.24 9:11 COLLEGE BKBL REG SSN oL UCLA / UTAH ESPN2 0.09 179,Thursday,1,January,0,0,0,0,0,0,0,0,0,0,0,0,0,0,0,0,0,0,12.095141084822892
Sports Media Watch 2023-24 OCR Week 10,https://www.sportsmediawatch.com/wp-content/uploads/2024/01/jan8to14.png,2023-24,basketball,men,Oklahoma / TCU,Oklahoma,TCU,2024-01-10,9:00,Early,ESPN2,173000,sportsmediawatch_ocr,173000.0,,Regular Season,Week 10,,,0.1,COLLEGE BKBL REG SSN L,ESPN2,0.10,173,Wed 01.10.24 9:00 COLLEGE BKBL REG SSN L OKLAHOMA / TCU ESPN2 0.10 173,Wednesday,1,January,0,0,9,1,0,0,0,0,1,0,0,0,0,0,0,0,0,0,12.061046873479915
Sports Media Watch 2023-24 OCR Week 10,https://www.sportsmediawatch.com/wp-content/uploads/2024/01/jan8to14.png,2023-24,basketball,men,Dayton / Duquesne,Dayton,Duquesne,2024-01-12,7:00,Early,ESPN2,170000,sportsmediawatch_ocr,170000.0,,Regular Season,Week 10,,,0.08,COLLEGE BKBL REG SSN OL,ESPN2,0.08,170,Fri 01.12.24 7:00 COLLEGE BKBL REG SSN OL DAYTON / DUQUESNE ESPN2 0.08 170,Friday,1,January,0,0,0,0,0,0,0,0,0,0,0,0,0,0,0,0,0,0,12.043553716032399
Sports Media Watch 2023-24 OCR Week 10,https://www.sportsmediawatch.com/wp-content/uploads/2024/01/jan8to14.png,2023-24,basketball,men,Seton Hall / Butler,Seton Hall,Butler,2024-01-13,12:00,Early,FS1,160000,sportsmediawatch_ocr,160000.0,,Regular Season,Week 10,,,0.08,COLL BSKTBL: BIGEASTL,FS1,0.08,160,Sat 01.13.24 12:00 COLL BSKTBL: BIGEASTL SETON HALL/ BUTLER FS1 0.08 160,Saturday,1,January,1,0,0,0,0,0,0,0,0,0,0,0,0,0,0,0,0,0,11.982929094215963
Sports Media Watch 2023-24 OCR Week 10,https://www.sportsmediawatch.com/wp-content/uploads/2024/01/jan8to14.png,2023-24,basketball,men,Xavier / Providence,Xavier,Providence,2024-01-13,2:04,Early,FS1,140000,sportsmediawatch_ocr,140000.0,,Regular Season,Week 10,,,0.07,COLL BSKTBL: BIGEASTL,FS1,0.07,140,Sat 01.13.24 2:04 COLL BSKTBL: BIGEASTL XAVIER/ PROVIDENCE FS1 0.07 140,Saturday,1,January,1,0,0,0,0,23,0,1,0,1,0,0,0,0,0,0,0,0,11.84939770159144
Sports Media Watch 2023-24 OCR Week 10,https://www.sportsmediawatch.com/wp-content/uploads/2024/01/jan8to14.png,2023-24,basketball,men,Boise State / Nevada,Boise State,Nevada,2024-01-12,10:44,Early,FS1,136000,sportsmediawatch_ocr,136000.0,,Regular Season,Week 10,,,0.08,COLL BSKTBL: MTN WEST OL,FS1,0.08,136,Fri 01.12.24 10:44 COLL BSKTBL: MTN WEST OL BOISE ST / NEVADA FS1 0.08 136,Friday,1,January,0,0,0,0,0,0,0,0,0,0,0,0,0,0,0,0,0,0,11.820410164718188
Sports Media Watch 2023-24 OCR Week 10,https://www.sportsmediawatch.com/wp-content/uploads/2024/01/jan8to14.png,2023-24,basketball,men,Arkansas / Georgia,Arkansas,Georgia,2024-01-10,9:00,Early,ESPNU,130000,sportsmediawatch_ocr,130000.0,,Regular Season,Week 10,,,0.08,COLLEGE BKBL REG SSN OL,ESPNU,0.08,130,Wed 01.10.24 9:00 COLLEGE BKBL REG SSN OL ARKANSAS / GEORGIA ESPNU 0.08 130,Wednesday,1,January,0,0,20,0,1,0,0,0,0,1,0,0,0,0,0,0,0,0,11.77528972943772
Sports Media Watch 2023-24 OCR Week 10,https://www.sportsmediawatch.com/wp-content/uploads/2024/01/jan8to14.png,2023-24,basketball,men,Northwestern / Penn 7.,Northwestern,Penn State,2024-01-10,6:30,Early,BTN,122000,sportsmediawatch_ocr,122000.0,,Regular Season,Week 10,,,0.07,BIGMENSBASKETBALLL,BTN,0.07,122,Wed 01.10.24 6:30 BIGMENSBASKETBALLL NORTHWESTERN / PENN 7. BTN 0.07 122,Wednesday,1,January,0,0,25,0,1,0,0,0,0,1,0,0,0,0,0,0,0,0,11.711776323715394
Sports Media Watch 2023-24 OCR Week 10,https://www.sportsmediawatch.com/wp-content/uploads/2024/01/jan8to14.png,2023-24,basketball,men,Washington State / USC,Washington State,USC,2024-01-10,10:50,Early,FS1,116000,sportsmediawatch_ocr,116000.0,,Regular Season,Week 10,,,0.08,COLL BSKTBL: PAC 12 L,FS1,0.08,116,Wed 01.10.24 10:50 COLL BSKTBL: PAC 12 L WASHINGTON ST / USC FS1 0.08 116,Wednesday,1,January,0,0,0,0,0,23,0,1,0,1,0,0,0,0,0,0,0,0,11.661345470088502
Sports Media Watch 2023-24 OCR Week 10,https://www.sportsmediawatch.com/wp-content/uploads/2024/01/jan8to14.png,2023-24,basketball,men,Arizona State / Washington,Arizona State,Washington,2024-01-11,,Unknown,FS1,114000,sportsmediawatch_ocr,114000.0,,Regular Season,Week 10,,,0.07,COLL BSKTBL: PAC12L,FS1,0.07,114,oro  COLL BSKTBL: PAC12L - ARIZONAST/WASHINGTON FS1 0.07 114,Thursday,1,January,0,0,0,0,0,0,0,0,0,0,0,0,0,0,0,0,0,0,11.643953727376633
Sports Media Watch 2023-24 OCR Week 10,https://www.sportsmediawatch.com/wp-content/uploads/2024/01/jan8to14.png,2023-24,basketball,men,Wright State / Youngstown State,Wright State,Youngstown State,2024-01-12,9:03,Early,ESPN2,88000,sportsmediawatch_ocr,88000.0,,Regular Season,Week 10,,,0.06,COLLEGEBKBLREGSSN,ESPN2,0.06,88,Fri 01.12.24 9:03 COLLEGEBKBLREGSSN WRIGHT ST/ YOUNGSTOWN ST ESPN2 0.06 88,Friday,1,January,0,0,0,0,0,0,0,0,0,0,0,0,0,0,0,0,0,0,11.385092093460344
Sports Media Watch 2023-24 OCR Week 10,https://www.sportsmediawatch.com/wp-content/uploads/2024/01/jan8to14.png,2023-24,basketball,men,Temple / North Texas,Temple,North Texas,2024-01-13,6:24,Early,ESPN2,68000,sportsmediawatch_ocr,68000.0,,Regular Season,Week 10,,,0.04,COLLEGE BKBL REG SSN OL,ESPN2,0.04,68,Sat 01.13.24 6:24 COLLEGE BKBL REG SSN OL TEMPLE / NORTH TEXAS ESPN2 0.04 68,Saturday,1,January,1,0,0,0,0,0,0,0,0,0,0,0,0,0,0,0,0,0,11.127262984158243
Sports Media Watch 2023-24 OCR Week 10,https://www.sportsmediawatch.com/wp-content/uploads/2024/01/jan8to14.png,2023-24,basketball,men,New Mexico / UNLV,New Mexico,UNLV,2024-01-09,10:30,Early,FS1,67000,sportsmediawatch_ocr,67000.0,,Regular Season,Week 10,,,0.05,COLL BSKTBL: MTN WEST L,FS1,0.05,67,Tue 01.09.24 10:30 COLL BSKTBL: MTN WEST L NEW MEXICO / UNLV FS1 0.05 67,Tuesday,1,January,0,0,0,0,0,0,0,0,0,0,0,0,0,0,0,0,0,0,11.112447898373103
Sports Media Watch 2023-24 OCR Week 10,https://www.sportsmediawatch.com/wp-content/uploads/2024/01/jan8to14.png,2023-24,basketball,men,Southern Illinois/Drake,Southern Illinois,Drake,2024-01-13,,Unknown,ESPN2,60000,sportsmediawatch_ocr,60000.0,,Regular Season,Week 10,,,0.03,POLEGE BKBL REG SSN,ESPN2,0.03,60,at wn  POLEGE BKBL REG SSN SOUTHERN RAKE / ILLINOIS ESPN2 0.03 60,Saturday,1,January,1,0,0,0,0,0,0,0,0,0,0,0,0,0,0,0,0,0,11.002099841204238
Sports Media Watch 2023-24 OCR Week 10,https://www.sportsmediawatch.com/wp-content/uploads/2024/01/jan8to14.png,2023-24,basketball,men,Colorado / California,Colorado,California,2024-01-10,11:11,Early,ESPNU,46000,sportsmediawatch_ocr,46000.0,,Regular Season,Week 10,,,0.02,COLLEGE BKBL REG SSN OL,ESPNU,0.02,46,Wed 01.10.24 11:11 COLLEGE BKBL REG SSN OL COLORADO / CALIFORNIA ESPNU 0.02 46,Wednesday,1,January,0,0,18,0,1,0,0,0,0,1,0,0,0,0,0,0,0,0,10.736396675471232
Sports Media Watch 2023-24 OCR Week 10,https://www.sportsmediawatch.com/wp-content/uploads/2024/01/jan8to14.png,2023-24,basketball,men,Loyola Chicago / Saint Joseph's,Loyola Chicago,Saint Joseph's,2024-01-13,4:01,Early,ESPNU,37000,sportsmediawatch_ocr,37000.0,,Regular Season,Week 10,,,,COLLEGEBKBLREGSSN,ESPNU,).02,37,Sat 01.13.24 4:01 COLLEGEBKBLREGSSN LOYOLA CHICAGO / SAINT JOSEPHS ESPNU ).02 37,Saturday,1,January,1,0,0,0,0,0,0,0,0,0,0,0,0,0,0,0,0,0,10.51867319162636
Sports Media Watch 2023-24 OCR Week 10,https://www.sportsmediawatch.com/wp-content/uploads/2024/01/jan8to14.png,2023-24,basketball,men,Rice / South Florida,Rice,South Florida,2024-01-12,7:00,Early,ESPNU,25000,sportsmediawatch_ocr,25000.0,,Regular Season,Week 10,,,0.02,COLLEGE BKBL REG SSN L,ESPNU,0.02,25,Fri 01.12.24 7:00 COLLEGE BKBL REG SSN L RICE / SOUTH FLORIDA ESPNU 0.02 25,Friday,1,January,0,0,0,0,0,0,0,0,0,0,0,0,0,0,0,0,0,0,10.126631103850338
Sports Media Watch 2023-24 OCR Week 10,https://www.sportsmediawatch.com/wp-content/uploads/2024/01/jan8to14.png,2023-24,basketball,men,Charlotte / Utsa,Charlotte,UTSA,2024-01-13,8:04,Early,ESPNU,13000,sportsmediawatch_ocr,13000.0,,Regular Season,Week 10,,,0.01,COLLEGE BKBL REG SSN OL,ESPNU,0.01,13,Sat 01.13.24 8:04 COLLEGE BKBL REG SSN OL CHARLOTTE / UTSA ESPNU 0.01 13,Saturday,1,January,1,0,0,0,0,0,0,0,0,0,0,0,0,0,0,0,0,0,9.472704636443673
Sports Media Watch 2023-24 OCR Week 10,https://www.sportsmediawatch.com/wp-content/uploads/2024/01/jan8to14.png,2023-24,basketball,men,Long Beach State / Uc Santa Barbara,Long Beach State,UC Santa Barbara,2024-01-13,10:12,Early,ESPNU,10000,sportsmediawatch_ocr,10000.0,,Regular Season,Week 10,,,0.01,COLLEGE BKBLREGSSN,| ESPNU,0.01,10,Sat 01.13.24 10:12 COLLEGE BKBLREGSSN LONG BEACH STATE/ UC SANTA BARBARA | ESPNU 0.01 10,Saturday,1,January,1,0,0,0,0,0,0,0,0,0,0,0,0,0,0,0,0,0,9.210340371976184
Sports Media Watch 2023-24 OCR Week 11,https://www.sportsmediawatch.com/wp-content/uploads/2024/01/jan15to21.png,2023-24,basketball,men,Michigan State / Maryland,Michigan State,Maryland,2024-01-21,,Unknown,CBS,1234000,sportsmediawatch_ocr,1234000.0,,Regular Season,Week 11,,,0.71,NCAA BASKETBALL-SUN,CBS,0.71,"1,234","at on  NCAA BASKETBALL-SUN MICHIGAN ST AT MARYLAND CBS 0.71 1,234",Sunday,1,January,1,0,21,0,1,0,0,0,0,1,0,0,0,0,0,0,0,0,14.02577148344747
Sports Media Watch 2023-24 OCR Week 11,https://www.sportsmediawatch.com/wp-content/uploads/2024/01/jan15to21.png,2023-24,basketball,men,Ohio State / Mi,Ohio State,Michigan,2024-01-15,12:04,Early,FOX,988000,sportsmediawatch_ocr,988000.0,,Regular Season,Week 11,,,0.58,FOX C.HOOPS-BIGLONOON- MON,FOX,0.58,988,Mon 01.15.24 12:04 FOX C.HOOPS-BIGLONOON- MON OH ST UNIV AT UNIV-MI FOX 0.58 988,Monday,1,January,0,0,0,0,0,0,0,0,0,0,0,0,0,0,0,0,0,0,13.803437976730004
Sports Media Watch 2023-24 OCR Week 11,https://www.sportsmediawatch.com/wp-content/uploads/2024/01/jan15to21.png,2023-24,basketball,men,Villanova / Marquette,Villanova,Marquette,2024-01-15,2:34,Early,FOX,877000,sportsmediawatch_ocr,877000.0,,Regular Season,Week 11,,,0.5,~FOXC.HOOPS-BIGEDAY- MON,FOX,0.50,877,Mon 01.15.24 2:34 ~FOXC.HOOPS-BIGEDAY- MON VILLANOVA UNIV AT MARQUETTE UNIV FOX 0.50 877,Monday,1,January,0,0,18,0,1,17,0,1,0,2,0,0,0,0,0,0,0,0,13.68426227135432
Sports Media Watch 2023-24 OCR Week 11,https://www.sportsmediawatch.com/wp-content/uploads/2024/01/jan15to21.png,2023-24,basketball,men,Marquette / St. John's,Marquette,St. John's,2024-01-20,12:00,Early,FOX,824000,sportsmediawatch_ocr,824000.0,,Regular Season,Week 11,,,0.5,| FOXC.HOOPS-BIGEAST NOON,FOX,0.50,824,Sat 01.20.24 12:00 | FOXC.HOOPS-BIGEAST NOON MARQUETTE UNIV AT ST JOHNS UNIV FOX 0.50 824,Saturday,1,January,1,0,17,0,1,0,0,0,0,1,0,0,0,0,0,0,0,0,13.621925808891609
Sports Media Watch 2023-24 OCR Week 11,https://www.sportsmediawatch.com/wp-content/uploads/2024/01/jan15to21.png,2023-24,basketball,men,Baylor / Texas,Baylor,Texas,2024-01-20,12:00,Early,ESPN,82000,sportsmediawatch_ocr,82000.0,,Regular Season,Week 11,,,0.48,COLLEGE BKBL REG SSN OL,ESPN,0.48,82],Sat 01.20.24 12:00 COLLEGE BKBL REG SSN OL BAYLOR / TEXAS ESPN 0.48 82],Saturday,1,January,1,0,9,1,0,25,0,1,1,1,0,0,0,0,0,0,0,0,11.314474526246391
Sports Media Watch 2023-24 OCR Week 11,https://www.sportsmediawatch.com/wp-content/uploads/2024/01/jan15to21.png,2023-24,basketball,men,Southern Ca / Az St,USC,Arizona State,2024-01-20,2:13,Early,FOX,129000,sportsmediawatch_ocr,129000.0,,Regular Season,Week 11,,,0.42,— FOXC.HOOPS-PAC12 DAY,Rens,0.42,129,Sat 01.20.24 2:13 — FOXC.HOOPS-PAC12 DAY UNIV-SOUTHERN CA AT AZ ST UNIV Rens 0.42 129,Saturday,1,January,1,0,23,0,1,0,0,0,0,1,0,0,0,0,0,0,0,0,11.76756768334381
Sports Media Watch 2023-24 OCR Week 11,https://www.sportsmediawatch.com/wp-content/uploads/2024/01/jan15to21.png,2023-24,basketball,men,Mississippi State / Kentucky,Mississippi State,Kentucky,2024-01-17,7:00,Early,ESPN2,680000,sportsmediawatch_ocr,680000.0,,Regular Season,Week 11,,,0.36,COLLEGE BKBL REG SSN oL,ESPN2,0.36,680,Wed 01.17.24 7:00 COLLEGE BKBL REG SSN oL MISSISSIPPI STATE / KENTUCKY ESPN2 0.36 680,Wednesday,1,January,0,0,21,0,1,8,1,0,1,1,0,0,0,0,0,0,0,0,13.42984807715229
Sports Media Watch 2023-24 OCR Week 11,https://www.sportsmediawatch.com/wp-content/uploads/2024/01/jan15to21.png,2023-24,basketball,men,Purdue / Iowa,Purdue,Iowa,2024-01-20,2:45,Early,FS1,676000,sportsmediawatch_ocr,676000.0,,Regular Season,Week 11,,,0.32,COLL BSKBL:BIG 10 L,FS1,0.32,676,Sat 01.20.24 2:45 COLL BSKBL:BIG 10 L PURDUE/ IOWA FS1 0.32 676,Saturday,1,January,1,0,2,1,0,0,0,0,1,0,0,0,0,0,0,0,0,0,13.423948355025102
Sports Media Watch 2023-24 OCR Week 11,https://www.sportsmediawatch.com/wp-content/uploads/2024/01/jan15to21.png,2023-24,basketball,men,I Ansas / Oklahoma State,Kansas,Oklahoma State,2024-01-16,,Unknown,ESPN,650000,sportsmediawatch_ocr,650000.0,,Regular Season,Week 11,,,0.35,POrteGe BKBLREGSSN,ESPN,0.35,650,ose oA  POrteGe BKBLREGSSN I ANSAS/ OKLAHOMA STATE ESPN 0.35 650,Tuesday,1,January,0,0,3,1,0,0,0,0,1,0,0,0,0,0,0,0,0,0,13.38472764187182
Sports Media Watch 2023-24 OCR Week 11,https://www.sportsmediawatch.com/wp-content/uploads/2024/01/jan15to21.png,2023-24,basketball,men,Alabama / Tennessee,Alabama,Tennessee,2024-01-20,2:03,Early,ESPN2,630000,sportsmediawatch_ocr,630000.0,,Regular Season,Week 11,,,0.34,COLLEGE BKBL REG SSN,ESPN2,0.34,630,Sat 01.2024 2:03 COLLEGE BKBL REG SSN ALABAMA / TENNESSEE ESPN2 0.34 630,Saturday,1,January,1,0,23,0,1,6,1,0,1,1,0,0,0,0,0,0,0,0,13.353475098367715
Sports Media Watch 2023-24 OCR Week 11,https://www.sportsmediawatch.com/wp-content/uploads/2024/01/jan15to21.png,2023-24,basketball,men,North Carolina / Boston Collg,North Carolina,Boston College,2024-01-20,2:17,Early,CW,622000,sportsmediawatch_ocr,622000.0,,Regular Season,Week 11,,,0.36,ACC MEN'S BASKETBALL- pAy2,CW,0.36,622,Sat 01.20.24 2:17 ACC MEN'S BASKETBALL- pAy2 UNIV-NC AT BOSTON COLLG CW 0.36 622,Saturday,1,January,1,0,4,1,0,0,0,0,1,0,0,0,0,0,0,0,0,0,13.340695371721317
Sports Media Watch 2023-24 OCR Week 11,https://www.sportsmediawatch.com/wp-content/uploads/2024/01/jan15to21.png,2023-24,basketball,men,Illinois / Michigan,Illinois,Michigan,2024-01-18,8:42,Early,FS1,571000,sportsmediawatch_ocr,571000.0,,Regular Season,Week 11,,,0.33,COLL BSKBL:BIG 10 L,FS1,0.33,571,Thu 01.18.24 8:42 COLL BSKBL:BIG 10 L ILLINOIS / MICHIGAN FS1 0.33 571,Thursday,1,January,0,0,14,0,1,0,0,0,0,1,0,0,0,0,0,0,0,0,13.255144488638146
Sports Media Watch 2023-24 OCR Week 11,https://www.sportsmediawatch.com/wp-content/uploads/2024/01/jan15to21.png,2023-24,basketball,men,Syracuse / Pitt,Syracuse,Pitt,2024-01-16,7:00,Early,ESPN,566000,sportsmediawatch_ocr,566000.0,,Regular Season,Week 11,,,0.31,COLLEGE BKBL REG SSN,ESPN,0.31,566,Tue 01.16.24 7:00 COLLEGE BKBL REG SSN SYRACUSE / PITTSBURGH ESPN 0.31 566,Tuesday,1,January,0,0,0,0,0,0,0,0,0,0,0,0,0,0,0,0,0,0,13.24634935718532
Sports Media Watch 2023-24 OCR Week 11,https://www.sportsmediawatch.com/wp-content/uploads/2024/01/jan15to21.png,2023-24,basketball,men,San Diego State / Boise State,San Diego State,Boise State,2024-01-20,1:00,Early,CBS,552000,sportsmediawatch_ocr,552000.0,,Regular Season,Week 11,,,0.32,NCAABASKETBALL-SAT-1,CBS,0.32,552,Sat 01.20.24 1:00 NCAABASKETBALL-SAT-1 SAN DIEGO STATE AT BOISE STATE CBS 0.32 552,Saturday,1,January,1,0,19,0,1,0,0,0,0,1,0,0,0,0,0,0,0,0,13.221303325259232
Sports Media Watch 2023-24 OCR Week 11,https://www.sportsmediawatch.com/wp-content/uploads/2024/01/jan15to21.png,2023-24,basketball,men,USC / Arizona,USC,Arizona,2024-01-17,9:50,Early,ESPN,527000,sportsmediawatch_ocr,527000.0,,Regular Season,Week 11,,,0.31,COLLEGE BKBL REG SSN OL,ESPN,0.31,527,Wed 01.17.24 9:50 COLLEGE BKBL REG SSN OL USC / ARIZONA ESPN 0.31 527,Wednesday,1,January,0,0,23,0,1,12,0,1,0,2,0,0,0,0,0,0,0,0,13.1749558275235
Sports Media Watch 2023-24 OCR Week 11,https://www.sportsmediawatch.com/wp-content/uploads/2024/01/jan15to21.png,2023-24,basketball,men,Indiana / Wisconsin,Indiana,Wisconsin,2024-01-19,8:47,Early,FS1,465000,sportsmediawatch_ocr,465000.0,,Regular Season,Week 11,,,0.28,COLL BSKBL:BIG 10 L,FS1,0.28,465,Fri 01.19.24 8:47 COLL BSKBL:BIG 10 L INDIANA / WISCONSIN FS1 0.28 465,Friday,1,January,0,0,0,0,0,11,0,1,0,1,0,0,0,0,0,0,0,0,13.049792684569493
Sports Media Watch 2023-24 OCR Week 11,https://www.sportsmediawatch.com/wp-content/uploads/2024/01/jan15to21.png,2023-24,basketball,men,Minnesota / Michigan State,Minnesota,Michigan State,2024-01-18,6:30,Early,FS1,443000,sportsmediawatch_ocr,443000.0,,Regular Season,Week 11,,,0.24,COLL BSKBL:BIG 10 L,FS1,0.24,443,Thu 01.18.24 6:30 COLL BSKBL:BIG 10 L MINNESOTA / MICHIGAN ST FS1 0.24 443,Thursday,1,January,0,0,0,0,0,21,0,1,0,1,0,0,0,0,0,0,0,0,13.001325049027272
Sports Media Watch 2023-24 OCR Week 11,https://www.sportsmediawatch.com/wp-content/uploads/2024/01/jan15to21.png,2023-24,basketball,men,Creighton / Seton Hall,Creighton,Seton Hall,2024-01-20,,Unknown,FS1,415000,sportsmediawatch_ocr,415000.0,,Regular Season,Week 11,,,0.19,COLL BSKTBL: BIGEASTL,FS1,0.19,415,ae on  COLL BSKTBL: BIGEASTL CREIGHTON/ SETON HALL FS1 0.19 415,Saturday,1,January,1,0,18,0,1,0,0,0,0,1,0,0,0,0,0,0,0,0,12.936033799212835
Sports Media Watch 2023-24 OCR Week 11,https://www.sportsmediawatch.com/wp-content/uploads/2024/01/jan15to21.png,2023-24,basketball,men,South Florida/Memphis,South Florida,Memphis,2024-01-18,7:00,Early,ESPN,381000,sportsmediawatch_ocr,381000.0,,Regular Season,Week 11,,,0.22,COLLEGE BKBL REG SSN L,ESPN,0.22,381,Thu 01.18.24 7:00 COLLEGE BKBL REG SSN L SOUTH FLORIDA / MEMPHIS ESPN 0.22 381,Thursday,1,January,0,0,0,0,0,10,1,0,1,0,0,0,0,0,0,0,0,0,12.850554654108839
Sports Media Watch 2023-24 OCR Week 11,https://www.sportsmediawatch.com/wp-content/uploads/2024/01/jan15to21.png,2023-24,basketball,men,Creighton / UConn,Creighton,UConn,2024-01-17,7:00,Early,FS1,34000,sportsmediawatch_ocr,34000.0,,Regular Season,Week 11,,,0.18,COLL BSKTBL: BIGEASTL,FS1,0.18,34],Wed 01.17.24 7:00 COLL BSKTBL: BIGEASTL CREIGHTON / UCONN FS1 0.18 34],Wednesday,1,January,0,0,18,0,1,1,1,0,1,1,0,0,0,0,0,0,0,0,10.4341158035983
Sports Media Watch 2023-24 OCR Week 11,https://www.sportsmediawatch.com/wp-content/uploads/2024/01/jan15to21.png,2023-24,basketball,men,UCLA / Arizona,UCLA,Arizona,2024-01-20,4:11,Early,ESPN2,334000,sportsmediawatch_ocr,334000.0,,Regular Season,Week 11,,,0.19,COLLEGE BKBL REG SSN,ESPN2,0.19,334,Sat 01.2024 4:11 COLLEGE BKBL REG SSN UCLA / ARIZONA ESPN2 0.19 334,Saturday,1,January,1,0,0,0,0,12,0,1,0,1,0,0,0,0,0,0,0,0,12.718896271958837
Sports Media Watch 2023-24 OCR Week 11,https://www.sportsmediawatch.com/wp-content/uploads/2024/01/jan15to21.png,2023-24,basketball,men,Byu / Texas Tech,BYU,Texas Tech,2024-01-20,6:22,Early,ESPN2,333000,sportsmediawatch_ocr,333000.0,,Regular Season,Week 11,,,0.16,COLLEGE BKBL REG SSN,ESPN2,0.16,333,Sat 01.20.24 6:22 COLLEGE BKBL REG SSN BYU / TEXAS TECH ESPN2 0.16 333,Saturday,1,January,1,0,20,0,1,25,0,1,0,2,0,0,0,0,0,0,0,0,12.71589776896258
Sports Media Watch 2023-24 OCR Week 11,https://www.sportsmediawatch.com/wp-content/uploads/2024/01/jan15to21.png,2023-24,basketball,men,Florida / Tennessee,Florida,Tennessee,2024-01-16,5:00,Early,ESPN2,332000,sportsmediawatch_ocr,332000.0,,Regular Season,Week 11,,,0.2,COLLEGE BKBL REG SSN L,ESPN2,0.20,332,Tue 01.16.24 5:00 COLLEGE BKBL REG SSN L FLORIDA / TENNESSEE ESPN2 0.20 332,Tuesday,1,January,0,0,0,0,0,6,1,0,1,0,0,0,0,0,0,0,0,0,12.712890247898626
Sports Media Watch 2023-24 OCR Week 11,https://www.sportsmediawatch.com/wp-content/uploads/2024/01/jan15to21.png,2023-24,basketball,men,Va Tech / NC State,Virginia Tech,NC State,2024-01-20,12:00,Early,CW,315000,sportsmediawatch_ocr,315000.0,,Regular Season,Week 11,,,0.2,ACC MEN'S BASKETBALL- DAY1,CW,0.20,315,Sat 01.20.24 12:00 ACC MEN'S BASKETBALL- DAY1 VA TECH AT NC STATE UNIV CW 0.20 315,Saturday,1,January,1,0,0,0,0,0,0,0,0,0,0,0,0,0,0,0,0,0,12.66032791780777
Sports Media Watch 2023-24 OCR Week 11,https://www.sportsmediawatch.com/wp-content/uploads/2024/01/jan15to21.png,2023-24,basketball,men,Oregon / Utah,Oregon,Utah,2024-01-21,3:00,Early,ESPN,297000,sportsmediawatch_ocr,297000.0,,Regular Season,Week 11,,,0.16,COLLEGE BKBL REG SSN OL,ESPN,0.16,297,Sun 01.2124 3:00 COLLEGE BKBL REG SSN OL OREGON / UTAH ESPN 0.16 297,Sunday,1,January,1,0,0,0,0,0,0,0,0,0,0,0,0,0,0,0,0,0,12.601487417784837
Sports Media Watch 2023-24 OCR Week 11,https://www.sportsmediawatch.com/wp-content/uploads/2024/01/jan15to21.png,2023-24,basketball,men,Miami (FL) / Syracuse,Miami (FL),Syracuse,2024-01-20,12:00,Early,ESPN2,278000,sportsmediawatch_ocr,278000.0,,Regular Season,Week 11,,,0.18,COLLEGE BKBL REG SSN OL,ESPN2,0.18,278,Sat 01.20.24 12:00 COLLEGE BKBL REG SSN OL MIAMI FL / SYRACUSE ESPN2 0.18 278,Saturday,1,January,1,0,0,0,0,0,0,0,0,0,0,0,0,0,0,0,0,0,12.535376392672774
Sports Media Watch 2023-24 OCR Week 11,https://www.sportsmediawatch.com/wp-content/uploads/2024/01/jan15to21.png,2023-24,basketball,men,Georgetown / Xavier,Georgetown,Xavier,2024-01-19,6:30,Early,FS1,255000,sportsmediawatch_ocr,255000.0,,Regular Season,Week 11,,,0.14,COLL BSKTBL: BIGEASTL,FS1,0.14,255,Fri 01.19.24 6:30 COLL BSKTBL: BIGEASTL GEORGETOWN / XAVIER FS1 0.14 255,Friday,1,January,0,0,0,0,0,0,0,0,0,0,0,0,0,0,0,0,0,0,12.449018824140563
Sports Media Watch 2023-24 OCR Week 11,https://www.sportsmediawatch.com/wp-content/uploads/2024/01/jan15to21.png,2023-24,basketball,men,Northwestern/Ohio State,Northwestern,Ohio State,2024-01-20,2:15,Early,BTN,235000,sportsmediawatch_ocr,235000.0,,Regular Season,Week 11,,,0.12,BIGMENSBASKETBALLL,BTN,0.12,235,Sat 01.20.24 2:15 BIGMENSBASKETBALLL NORTHWESTERN O / EO NOUN BTN 0.12 235,Saturday,1,January,1,0,25,0,1,0,0,0,0,1,0,0,0,0,0,0,0,0,12.367340793126296
Sports Media Watch 2023-24 OCR Week 11,https://www.sportsmediawatch.com/wp-content/uploads/2024/01/jan15to21.png,2023-24,basketball,men,UConn / Villanova,UConn,Villanova,2024-01-20,8:09,Early,FS1,233000,sportsmediawatch_ocr,233000.0,,Regular Season,Week 11,,,0.13,COLL BSKTBL: BIGEASTL,FS1,0.13,233,Sat 01.20.24 8:09 COLL BSKTBL: BIGEASTL UCONN/ VILLANOVA FS1 0.13 233,Saturday,1,January,1,0,1,1,0,18,0,1,1,1,0,0,0,0,0,0,0,0,12.358793732547838
Sports Media Watch 2023-24 OCR Week 11,https://www.sportsmediawatch.com/wp-content/uploads/2024/01/jan15to21.png,2023-24,basketball,men,Nebraska / Rutgers,Nebraska,Rutgers,2024-01-17,7:00,Early,BTN,220000,sportsmediawatch_ocr,220000.0,,Regular Season,Week 11,,,0.13,B1G MENS BASKETBALLL,BIN,0.13,220,Wed 01.17.24 7:00 B1G MENS BASKETBALLL NEBRASKA / RUTGERS BIN 0.13 220,Wednesday,1,January,0,0,0,0,0,0,0,0,0,0,0,0,0,0,0,0,0,0,12.301382825334498
Sports Media Watch 2023-24 OCR Week 11,https://www.sportsmediawatch.com/wp-content/uploads/2024/01/jan15to21.png,2023-24,basketball,men,Wisconsin / Penn State,Wisconsin,Penn State,2024-01-16,,Unknown,BTN,213000,sportsmediawatch_ocr,213000.0,,Regular Season,Week 11,,,0.12,B1G MENS BASKETBALLL,BTN,0.12,213,on i6 wh  B1G MENS BASKETBALLL WISCONSIN / PENNSTATE BTN 0.12 213,Tuesday,1,January,0,0,11,0,1,0,0,0,0,1,0,0,0,0,0,0,0,0,12.269047444691562
Sports Media Watch 2023-24 OCR Week 11,https://www.sportsmediawatch.com/wp-content/uploads/2024/01/jan15to21.png,2023-24,basketball,men,Rutgers / Illinois,Rutgers,Illinois,2024-01-21,1:00,Early,BTN,212000,sportsmediawatch_ocr,212000.0,,Regular Season,Week 11,,,0.13,B1G MENS BASKETBALLL,BIN,0.13,212,Sun 01.21.24 1:00 B1G MENS BASKETBALLL RUTGERS / ILLINOIS BIN 0.13 212,Sunday,1,January,1,0,0,0,0,14,0,1,0,1,0,0,0,0,0,0,0,0,12.26434155365415
Sports Media Watch 2023-24 OCR Week 11,https://www.sportsmediawatch.com/wp-content/uploads/2024/01/jan15to21.png,2023-24,basketball,men,Memphis / Tulane,Memphis,Tulane,2024-01-21,1:00,Early,ESPN2,206000,sportsmediawatch_ocr,206000.0,,Regular Season,Week 11,,,0.13,COLLEGE BKBL REG SSN OL,ESPN2,0.13,206,Sun 01.2124 1:00 COLLEGE BKBL REG SSN OL MEMPHIS / TULANE ESPN2 0.13 206,Sunday,1,January,1,0,10,1,0,0,0,0,1,0,0,0,0,0,0,0,0,0,12.235631447771718
Sports Media Watch 2023-24 OCR Week 11,https://www.sportsmediawatch.com/wp-content/uploads/2024/01/jan15to21.png,2023-24,basketball,men,Depaul / Butler,DePaul,Butler,2024-01-20,4:10,Early,FS1,186000,sportsmediawatch_ocr,186000.0,,Regular Season,Week 11,,,0.07,COLL BSKTBL: BIGEASTL,FS1,0.07,186,Sat 01.20.24 4:10 COLL BSKTBL: BIGEASTL DEPAUL/ BUTLER FS1 0.07 186,Saturday,1,January,1,0,0,0,0,0,0,0,0,0,0,0,0,0,0,0,0,0,12.133501952695338
Sports Media Watch 2023-24 OCR Week 11,https://www.sportsmediawatch.com/wp-content/uploads/2024/01/jan15to21.png,2023-24,basketball,men,Penn State / Ohio State,Penn State,Ohio State,2024-01-20,,Unknown,BTN,178000,sportsmediawatch_ocr,178000.0,,Regular Season,Week 11,,,0.1,B1G MENS BASKETBALLL,BTN,0.10,178,ae wh  B1G MENS BASKETBALLL PENNSTATE / OHIOSTATE BTN 0.10 178,Saturday,1,January,1,0,0,0,0,0,0,0,0,0,0,0,0,0,0,0,0,0,12.089538829274222
Sports Media Watch 2023-24 OCR Week 11,https://www.sportsmediawatch.com/wp-content/uploads/2024/01/jan15to21.png,2023-24,basketball,men,Butler / Xavier,Butler,Xavier,2024-01-16,6:30,Early,FS1,178000,sportsmediawatch_ocr,178000.0,,Regular Season,Week 11,,,0.1,COLL BSKTBL: BIGEASTL,FS1,0.10,178,Tue 01.16.24 6:30 COLL BSKTBL: BIGEASTL BUTLER/ XAVIER FS1 0.10 178,Tuesday,1,January,0,0,0,0,0,0,0,0,0,0,0,0,0,0,0,0,0,0,12.089538829274222
Sports Media Watch 2023-24 OCR Week 11,https://www.sportsmediawatch.com/wp-content/uploads/2024/01/jan15to21.png,2023-24,basketball,men,St. John's / Seton Hall,St. John's,Seton Hall,2024-01-16,8:41,Early,FS1,175000,sportsmediawatch_ocr,175000.0,,Regular Season,Week 11,,,0.1,COLL BSKTBL: BIGEASTL,FS1,0.10,175,Tue 01.16.24 8:41 COLL BSKTBL: BIGEASTL ST. JOHNS / SETON HALL FS1 0.10 175,Tuesday,1,January,0,0,0,0,0,0,0,0,0,0,0,0,0,0,0,0,0,0,12.072541252905651
Sports Media Watch 2023-24 OCR Week 11,https://www.sportsmediawatch.com/wp-content/uploads/2024/01/jan15to21.png,2023-24,basketball,men,Iowa / Minnesota,Iowa,Minnesota,2024-01-15,6:00,Early,BTN,167000,sportsmediawatch_ocr,167000.0,,Regular Season,Week 11,,,0.1,B1G MENS BASKETBALLL,BIN,0.10,167,Mon 01.15.24 6:00 B1G MENS BASKETBALLL IOWA / MINNESOTA BIN 0.10 167,Monday,1,January,0,0,0,0,0,0,0,0,0,0,0,0,0,0,0,0,0,0,12.025749091398891
Sports Media Watch 2023-24 OCR Week 11,https://www.sportsmediawatch.com/wp-content/uploads/2024/01/jan15to21.png,2023-24,basketball,men,Wichita State / Florida Atlantic,Wichita State,Florida Atlantic,2024-01-18,7:00,Early,ESPN2,162000,sportsmediawatch_ocr,162000.0,,Regular Season,Week 11,,,,COLLEGEBKBLREGSSN,ESPN2,"0,09",162,"Thu 01.18.24 7:00 COLLEGEBKBLREGSSN WICHITA STATE/ FLORIDA ATLANTIC ESPN2 0,09 162",Thursday,1,January,0,0,0,0,0,23,0,1,0,1,0,0,0,0,0,0,0,0,11.99535161421452
Sports Media Watch 2023-24 OCR Week 11,https://www.sportsmediawatch.com/wp-content/uploads/2024/01/jan15to21.png,2023-24,basketball,men,Oregon / Colorado,Oregon,Colorado,2024-01-18,10:41,Early,FS1,161000,sportsmediawatch_ocr,161000.0,,Regular Season,Week 11,,,0.11,COLL BSKTBL: PAC 12 L,FS1,0.11,161,Thu 01.18.24 10:41 COLL BSKTBL: PAC 12 L OREGON / COLORADO FS1 0.11 161,Thursday,1,January,0,0,0,0,0,18,0,1,0,1,0,0,0,0,0,0,0,0,11.9891596439666
Sports Media Watch 2023-24 OCR Week 11,https://www.sportsmediawatch.com/wp-content/uploads/2024/01/jan15to21.png,2023-24,basketball,men,UNLV / Colorado State,UNLV,Colorado State,2024-01-19,10:50,Early,FS1,149000,sportsmediawatch_ocr,149000.0,,Regular Season,Week 11,,,0.08,COLL BSKTBL: MTN WEST,FS1,0.08,149,Fri 01.19.24 10:50 COLL BSKTBL: MTN WEST UNLV / COLORADO ST FS1 0.08 149,Friday,1,January,0,0,0,0,0,17,0,1,0,1,0,0,0,0,0,0,0,0,11.911701584927597
Sports Media Watch 2023-24 OCR Week 11,https://www.sportsmediawatch.com/wp-content/uploads/2024/01/jan15to21.png,2023-24,basketball,men,Maryland / Northwestern,Maryland,Northwestern,2024-01-17,9:43,Early,BTN,145000,sportsmediawatch_ocr,145000.0,,Regular Season,Week 11,,,0.09,BIGMENSBASKETBALLL,BTN,0.09,145,Wed 01.17.24 9:43 BIGMENSBASKETBALLL MARYLAND / ANY O 27 ECRE BTN 0.09 145,Wednesday,1,January,0,0,0,0,0,25,0,1,0,1,0,0,0,0,0,0,0,0,11.884489021402711
Sports Media Watch 2023-24 OCR Week 11,https://www.sportsmediawatch.com/wp-content/uploads/2024/01/jan15to21.png,2023-24,basketball,men,Utah State / New Mexico,Utah State,New Mexico,2024-01-16,10:48,Early,FS1,129000,sportsmediawatch_ocr,129000.0,,Regular Season,Week 11,,,0.08,COLL BSKTBL: MTN WEST L,FS1,0.08,129,Tue 01.16.24 10:48 COLL BSKTBL: MTN WEST L UTAH ST / NEW MEXICO FS1 0.08 129,Tuesday,1,January,0,0,16,0,1,0,0,0,0,1,0,0,0,0,0,0,0,0,11.76756768334381
Sports Media Watch 2023-24 OCR Week 11,https://www.sportsmediawatch.com/wp-content/uploads/2024/01/jan15to21.png,2023-24,basketball,men,Saint Louis / VCU,Saint Louis,VCU,2024-01-19,7:00,Early,ESPN2,127000,sportsmediawatch_ocr,127000.0,,Regular Season,Week 11,,,0.07,COLLEGE BKBL REG SSN,ESPN2,0.07,127,Fri 01.19.24 7:00 COLLEGE BKBL REG SSN SAINT LOUIS / VCU ESPN2 0.07 127,Friday,1,January,0,0,0,0,0,0,0,0,0,0,0,0,0,0,0,0,0,0,11.751942365440728
Sports Media Watch 2023-24 OCR Week 11,https://www.sportsmediawatch.com/wp-content/uploads/2024/01/jan15to21.png,2023-24,basketball,men,Virginia Tech / Virginia,Virginia Tech,Virginia,2024-01-17,7:00,Early,ESPNU,116000,sportsmediawatch_ocr,116000.0,,Regular Season,Week 11,,,0.07,COLLEGE BKBL REG SSN OL,ESPNU,0.07,116,Wed 01.17.24 7:00 COLLEGE BKBL REG SSN OL VIRGINIA TECH / VIRGINIA ESPNU 0.07 116,Wednesday,1,January,0,0,0,0,0,22,0,1,0,1,0,0,0,0,0,0,0,0,11.661345470088502
Sports Media Watch 2023-24 OCR Week 11,https://www.sportsmediawatch.com/wp-content/uploads/2024/01/jan15to21.png,2023-24,basketball,men,Oregon State / Utah,Oregon State,Utah,2024-01-18,9:10,Early,ESPN2,103000,sportsmediawatch_ocr,103000.0,,Regular Season,Week 11,,,0.06,COLLEGE BKBL REG SSN OL,ESPN2,0.06,103,Thu 01.1824 9:10 COLLEGE BKBL REG SSN OL OREGON ST / UTAH ESPN2 0.06 103,Thursday,1,January,0,0,0,0,0,0,0,0,0,0,0,0,0,0,0,0,0,0,11.542484267211773
Sports Media Watch 2023-24 OCR Week 11,https://www.sportsmediawatch.com/wp-content/uploads/2024/01/jan15to21.png,2023-24,basketball,men,Texas Tech / Houston,Texas Tech,Houston,2024-01-17,9:03,Early,ESPNU,95000,sportsmediawatch_ocr,95000.0,,Regular Season,Week 11,,,0.06,COLLEGE BKBL REG SSN L,ESPNU,0.06,95,Wed 01.17.24 9:03 COLLEGE BKBL REG SSN L TEXAS TECH / HOUSTON ESPNU 0.06 95,Wednesday,1,January,0,0,25,0,1,5,1,0,1,1,0,0,0,0,0,0,0,0,11.461632170582678
Sports Media Watch 2023-24 OCR Week 11,https://www.sportsmediawatch.com/wp-content/uploads/2024/01/jan15to21.png,2023-24,basketball,men,Providence / Depaul,Providence,DePaul,2024-01-17,,Unknown,FS1,74000,sportsmediawatch_ocr,74000.0,,Regular Season,Week 11,,,0.04,COLL BSKTBL: BIGEASTL,FS1,0.04,74,oy wh  COLL BSKTBL: BIGEASTL PROVIDENCE / DEPAUL FS1 0.04 74,Wednesday,1,January,0,0,23,0,1,0,0,0,0,1,0,0,0,0,0,0,0,0,11.211820372186306
Sports Media Watch 2023-24 OCR Week 11,https://www.sportsmediawatch.com/wp-content/uploads/2024/01/jan15to21.png,2023-24,basketball,men,Louisville / Wake Forest,Louisville,Wake Forest,2024-01-20,12:00,Early,ESPNU,70000,sportsmediawatch_ocr,70000.0,,Regular Season,Week 11,,,0.04,COLLEGE BKBL REG SSN OL,ESPNU,0.04,70,Sat 01.20.24 12:00 COLLEGE BKBL REG SSN OL LOUISVILLE/ WAKE FOREST ESPNU 0.04 70,Saturday,1,January,1,0,0,0,0,0,0,0,0,0,0,0,0,0,0,0,0,0,11.156250521031495
Sports Media Watch 2023-24 OCR Week 11,https://www.sportsmediawatch.com/wp-content/uploads/2024/01/jan15to21.png,2023-24,basketball,men,Iowa State / TCU,Iowa State,TCU,2024-01-20,2:02,Early,ESPNU,64000,sportsmediawatch_ocr,64000.0,,Regular Season,Week 11,,,0.04,COLLEGE BKBL REG SSN,ESPNU,0.04,64,Sat 01.2024 2:02 COLLEGE BKBL REG SSN IOWA STATE/ TCU ESPNU 0.04 64,Saturday,1,January,1,0,24,0,1,19,0,1,0,2,0,0,0,0,0,0,0,0,11.06663836234181
Sports Media Watch 2023-24 OCR Week 11,https://www.sportsmediawatch.com/wp-content/uploads/2024/01/jan15to21.png,2023-24,basketball,men,Georgia / South Carolina,Georgia,South Carolina,2024-01-16,9:00,Early,ESPNU,52000,sportsmediawatch_ocr,52000.0,,Regular Season,Week 11,,,0.03,COLLEGE BKBL REG SSN,ESPNU,0.03,52,Tue 01.16.24 9:00 COLLEGE BKBL REG SSN GEORGIA / SOUTH CAROLINA ESPNU 0.03 52,Tuesday,1,January,0,0,0,0,0,0,0,0,0,0,0,0,0,0,0,0,0,0,10.858998997563564
Sports Media Watch 2023-24 OCR Week 11,https://www.sportsmediawatch.com/wp-content/uploads/2024/01/jan15to21.png,2023-24,basketball,men,Indiana State / Murray State,Indiana State,Murray State,2024-01-21,5:08,Early,ESPN2,51000,sportsmediawatch_ocr,51000.0,,Regular Season,Week 11,,,0.03,COLLEGE BKBL REG SSN OL,ESPN2,0.03,51,Sun 01.2124 5:08 COLLEGE BKBL REG SSN OL INDIANA ST / MURRAY ST ESPN2 0.03 51,Sunday,1,January,1,0,0,0,0,0,0,0,0,0,0,0,0,0,0,0,0,0,10.839580911706463
Sports Media Watch 2023-24 OCR Week 11,https://www.sportsmediawatch.com/wp-content/uploads/2024/01/jan15to21.png,2023-24,basketball,men,Florida / Missouri,Florida,Missouri,2024-01-20,8:11,Early,ESPNU,47000,sportsmediawatch_ocr,47000.0,,Regular Season,Week 11,,,0.02,COLLEGE BKBL REG SSN,ESPNU,0.02,47,Sat 01.2024 8:11 COLLEGE BKBL REG SSN FLORIDA / MISSOURI ESPNU 0.02 47,Saturday,1,January,1,0,0,0,0,0,0,0,0,0,0,0,0,0,0,0,0,0,10.757902880692196
Sports Media Watch 2023-24 OCR Week 11,https://www.sportsmediawatch.com/wp-content/uploads/2024/01/jan15to21.png,2023-24,basketball,men,Texas A&M / LSU,Texas A&M,LSU,2024-01-20,4:20,Early,ESPNU,39000,sportsmediawatch_ocr,39000.0,,Regular Season,Week 11,,,0.02,COLLEGE BKBL REG SSN L,ESPNU,0.02,39,Sat 01.20.24 4:20 COLLEGE BKBL REG SSN L TEXAS A&M / LSU ESPNU 0.02 39,Saturday,1,January,1,0,21,0,1,0,0,0,0,1,0,0,0,0,0,0,0,0,10.571316925111784
Sports Media Watch 2023-24 OCR Week 11,https://www.sportsmediawatch.com/wp-content/uploads/2024/01/jan15to21.png,2023-24,basketball,men,Notre Dame / Boston College,Notre Dame,Boston College,2024-01-15,7:00,Early,ESPNU,33000,sportsmediawatch_ocr,33000.0,,Regular Season,Week 11,,,0.02,COLLEGE BKBL REG SSN,ESPNU,0.02,33,Mon 01.15.24 7:00 COLLEGE BKBL REG SSN NOTRE DAME / BOSTON COLLEGE ESPNU 0.02 33,Monday,1,January,0,0,0,0,0,0,0,0,0,0,0,0,0,0,0,0,0,0,10.404262840448617
Sports Media Watch 2023-24 OCR Week 11,https://www.sportsmediawatch.com/wp-content/uploads/2024/01/jan15to21.png,2023-24,basketball,men,UNC Asheville / Winthrop,UNC Asheville,Winthrop,2024-01-18,7:00,Early,ESPNU,24000,sportsmediawatch_ocr,24000.0,,Regular Season,Week 11,,,0.02,COLLEGE BKBL REG SSN,ESPNU,0.02,24,Thu 01.18.24 7:00 COLLEGE BKBL REG SSN UNC ASHEVILLE/ WINTHROP ESPNU 0.02 24,Thursday,1,January,0,0,0,0,0,0,0,0,0,0,0,0,0,0,0,0,0,0,10.085809109330082
Sports Media Watch 2023-24 OCR Week 11,https://www.sportsmediawatch.com/wp-content/uploads/2024/01/jan15to21.png,2023-24,basketball,men,Akron / Kent State,Akron,Kent State,2024-01-19,7:00,Early,ESPNU,24000,sportsmediawatch_ocr,24000.0,,Regular Season,Week 11,,,0.01,COLLEGE BKBL REG SSN,ESPNU,0.01,24,Fri 01.19.24 7:00 COLLEGE BKBL REG SSN AKRON / KENT STATE ESPNU 0.01 24,Friday,1,January,0,0,0,0,0,0,0,0,0,0,0,0,0,0,0,0,0,0,10.085809109330082
Sports Media Watch 2023-24 OCR Week 12,https://www.sportsmediawatch.com/wp-content/uploads/2024/02/jan2228.png,2023-24,basketball,men,Kentucky / Arkansas,Kentucky,Arkansas,2024-01-27,6:31,Early,ESPN,1482000,sportsmediawatch_ocr,1482000.0,,Regular Season,Week 12,,,0.76,COLLEGE BKBL REG SSN OL,ESPN,0.76,"1,482","Sat 01.27.24 6:31 COLLEGE BKBL REG SSN OL KENTUCKY / ARKANSAS ESPN 0.76 1,482",Saturday,1,January,1,0,6,1,0,20,0,1,1,1,0,0,0,0,0,0,0,0,14.20890308483817
Sports Media Watch 2023-24 OCR Week 12,https://www.sportsmediawatch.com/wp-content/uploads/2024/02/jan2228.png,2023-24,basketball,men,Clemson / Duke,Clemson,Duke,2024-01-27,4:20,Early,ESPN,1306000,sportsmediawatch_ocr,1306000.0,,Regular Season,Week 12,,,0.74,COLLEGE BKBL REG SSN OL,ESPN,0.74,"1,306","Sat 012724 4:20 COLLEGE BKBL REG SSN OL CLEMSON / DUKE ESPN 0.74 1,306",Saturday,1,January,1,0,21,0,1,12,0,1,0,2,0,0,0,0,0,0,0,0,14.082479588818513
Sports Media Watch 2023-24 OCR Week 12,https://www.sportsmediawatch.com/wp-content/uploads/2024/02/jan2228.png,2023-24,basketball,men,Kansas / Iowa State,Kansas,Iowa State,2024-01-27,1:30,Early,CBS,1235000,sportsmediawatch_ocr,1235000.0,,Regular Season,Week 12,,,0.72,NCAABASKETBALL-SAT-1,CBS,0.72,"1,235","Sat 012724 1:30 NCAABASKETBALL-SAT-1 KANSAS AT IOWA STATE CBS 0.72 1,235",Saturday,1,January,1,0,7,1,0,23,0,1,1,1,0,0,0,0,0,0,0,0,14.026581528044215
Sports Media Watch 2023-24 OCR Week 12,https://www.sportsmediawatch.com/wp-content/uploads/2024/02/jan2228.png,2023-24,basketball,men,North Carolina / Florida State,North Carolina,Florida State,2024-01-27,2:05,Early,ESPN,1116000,sportsmediawatch_ocr,1116000.0,,Regular Season,Week 12,,,0.62,COLLEGE BKBLREGSSN soL,ESPN,0.62,"1,116","Sat 01.27.24 2:05 COLLEGE BKBLREGSSN soL NORTH CAROLINA / FLORIDA STATE ESPN 0.62 1,116",Saturday,1,January,1,0,3,1,0,0,0,0,1,0,0,0,0,0,0,0,0,0,13.925261421923393
Sports Media Watch 2023-24 OCR Week 12,https://www.sportsmediawatch.com/wp-content/uploads/2024/02/jan2228.png,2023-24,basketball,men,Wake Forest / North Carolina,Wake Forest,North Carolina,2024-01-22,7:00,Early,ESPN,1065000,sportsmediawatch_ocr,1065000.0,,Regular Season,Week 12,,,0.63,COLLEGE BKBL REG SSN,25h,0.63,"1,065","Mon 01.22.24 7:00 COLLEGE BKBL REG SSN WAKE FOREST / NORTH CAROLINA 25h 0.63 1,065",Monday,1,January,0,0,0,0,0,3,1,0,1,0,0,0,0,0,0,0,0,0,13.878485357125662
Sports Media Watch 2023-24 OCR Week 12,https://www.sportsmediawatch.com/wp-content/uploads/2024/02/jan2228.png,2023-24,basketball,men,Purdue / Rutgers,Purdue,Rutgers,2024-01-28,1:00,Early,FOX,1046000,sportsmediawatch_ocr,1046000.0,,Regular Season,Week 12,,,0.53,FOXC.HOOPS-BIGIO DAY- SUN,FOX,0.53,"1,046","Sun 01.28.24 1:00 FOXC.HOOPS-BIGIO DAY- SUN PURDUE UNIV AT RUTGERS UNIV FOX 0.53 1,046",Sunday,1,January,1,0,2,1,0,0,0,0,1,0,0,0,0,0,0,0,0,0,13.860483923607005
Sports Media Watch 2023-24 OCR Week 12,https://www.sportsmediawatch.com/wp-content/uploads/2024/02/jan2228.png,2023-24,basketball,men,' Indiana / Il,Indiana,Illinois,2024-01-27,3:02,Early,FOX,972000,sportsmediawatch_ocr,972000.0,,Regular Season,Week 12,,,0.55,FOX C. HOOPS BIG10 DAY -,FOX,0.55,972,Sat 01.27.24 3:02 FOX C. HOOPS BIG10 DAY - ' INDIANA UNIV AT UNIV-IL FOX 0.55 972,Saturday,1,January,1,0,0,0,0,10,1,0,1,0,0,0,0,0,0,0,0,0,13.787111083442577
Sports Media Watch 2023-24 OCR Week 12,https://www.sportsmediawatch.com/wp-content/uploads/2024/02/jan2228.png,2023-24,basketball,men,Cincinnati / Kansas,Cincinnati,Kansas,2024-01-22,9:05,Early,ESPN,937000,sportsmediawatch_ocr,937000.0,,Regular Season,Week 12,,,0.54,COLLEGE BKBL REG SSN OL,ESPN,0.54,937,Mon 01.22.24 9:05 COLLEGE BKBL REG SSN OL CINCINNATI / KANSAS ESPN 0.54 937,Monday,1,January,0,0,0,0,0,7,1,0,1,0,0,0,0,0,0,0,0,0,13.750438561220559
Sports Media Watch 2023-24 OCR Week 12,https://www.sportsmediawatch.com/wp-content/uploads/2024/02/jan2228.png,2023-24,basketball,men,Auburn / Alabama,Auburn,Alabama,2024-01-24,7:30,Early,ESPN,840000,sportsmediawatch_ocr,840000.0,,Regular Season,Week 12,,,0.47,COLLEGE BKBL REG SSN OL,ESPN,0.47,840,Wed 01.24.24 7:30 COLLEGE BKBL REG SSN OL AUBURN / ALABAMA ESPN 0.47 840,Wednesday,1,January,0,0,8,1,0,23,0,1,1,1,0,0,0,0,0,0,0,0,13.641157170819497
Sports Media Watch 2023-24 OCR Week 12,https://www.sportsmediawatch.com/wp-content/uploads/2024/02/jan2228.png,2023-24,basketball,men,LSU / Alabama,LSU,Alabama,2024-01-27,8:21,Early,ESPN,764000,sportsmediawatch_ocr,764000.0,,Regular Season,Week 12,,,0.41,COLLEGE BKBL REG SSN OL,ESPN,0.41,764,nen Sat 8:21 COLLEGE BKBL REG SSN OL LSU / ALABAMA ESPN 0.41 764,Saturday,1,January,1,0,0,0,0,23,0,1,0,1,0,0,0,0,0,0,0,0,13.546323068148657
Sports Media Watch 2023-24 OCR Week 12,https://www.sportsmediawatch.com/wp-content/uploads/2024/02/jan2228.png,2023-24,basketball,men,Kansas State / Houston,Kansas State,Houston,2024-01-27,12:00,Early,ESPN,630000,sportsmediawatch_ocr,630000.0,,Regular Season,Week 12,,,0.34,COLLEGE BKBL REG SSN OL,ESPN,0.34,630,Sat 01.27.24 12:00 COLLEGE BKBL REG SSN OL KANSAS STATE / HOUSTON ESPN 0.34 630,Saturday,1,January,1,0,0,0,0,4,1,0,1,0,0,0,0,0,0,0,0,0,13.353475098367715
Sports Media Watch 2023-24 OCR Week 12,https://www.sportsmediawatch.com/wp-content/uploads/2024/02/jan2228.png,2023-24,basketball,men,Arizona / Or,Arizona,Oregon,2024-01-27,5:34,Early,FOX,596000,sportsmediawatch_ocr,596000.0,,Regular Season,Week 12,,,0.33,FOX C.HOOPS-PAC12 acne,FOX,0.33,596,Sat wpe 5:34 FOX C.HOOPS-PAC12 acne UNIV-AZ AT UNIV-OR FOX 0.33 596,Saturday,1,January,1,0,9,1,0,0,0,0,1,0,0,0,0,0,0,0,0,0,13.297995946047488
Sports Media Watch 2023-24 OCR Week 12,https://www.sportsmediawatch.com/wp-content/uploads/2024/02/jan2228.png,2023-24,basketball,men,Georgetown / Providence Coll,Georgetown,Providence,2024-01-27,12:34,Early,FOX,996000,sportsmediawatch_ocr,996000.0,,Regular Season,Week 12,,,0.37,| FOXC.HOOPS-BIGEAST NOON,ies,0.37,996,Sat 01.27.24 12:34 | FOXC.HOOPS-BIGEAST NOON GEORGETOWN UNIV AT PROVIDENCE COLL ies 0.37 996,Saturday,1,January,1,0,0,0,0,23,0,1,0,1,0,0,0,0,0,0,0,0,13.811502536566735
Sports Media Watch 2023-24 OCR Week 12,https://www.sportsmediawatch.com/wp-content/uploads/2024/02/jan2228.png,2023-24,basketball,men,Michigan State / Wisconsin,Michigan State,Wisconsin,2024-01-26,8:00,Early,FS1,543000,sportsmediawatch_ocr,543000.0,,Regular Season,Week 12,,,0.3,COLL BSKBL:BIG 10 L,FS1,0.30,543,Fri 01.26.24 8:00 COLL BSKBL:BIG 10 L MICHIGAN ST / WISCONSIN FS1 0.30 543,Friday,1,January,0,0,21,0,1,13,0,1,0,2,0,0,0,0,0,0,0,0,13.204864598916073
Sports Media Watch 2023-24 OCR Week 12,https://www.sportsmediawatch.com/wp-content/uploads/2024/02/jan2228.png,2023-24,basketball,men,Texas / Oklahoma,Texas,Oklahoma,2024-01-23,7:00,Early,ESPN,456000,sportsmediawatch_ocr,456000.0,,Regular Season,Week 12,,,0.29,COLLEGE BKBL REG SSN L,ESPN,0.29,456,Tue 01.23.24 7:00 COLLEGE BKBL REG SSN L TEXAS / OKLAHOMA ESPN 0.29 456,Tuesday,1,January,0,0,25,0,1,11,0,1,0,2,0,0,0,0,0,0,0,0,13.030248088496522
Sports Media Watch 2023-24 OCR Week 12,https://www.sportsmediawatch.com/wp-content/uploads/2024/02/jan2228.png,2023-24,basketball,men,Iowa / Michigan,Iowa,Michigan,2024-01-27,5:42,Early,FS1,399000,sportsmediawatch_ocr,399000.0,,Regular Season,Week 12,,,0.23,COLL BSKBL:BIG 10 L,FS1,0.23,399,Sat 01.2724 5:42 COLL BSKBL:BIG 10 L IOWA / MICHIGAN FS1 0.23 399,Saturday,1,January,1,0,0,0,0,0,0,0,0,0,0,0,0,0,0,0,0,0,12.896716695872
Sports Media Watch 2023-24 OCR Week 12,https://www.sportsmediawatch.com/wp-content/uploads/2024/02/jan2228.png,2023-24,basketball,men,Kansas State / Iowa State,Kansas State,Iowa State,2024-01-24,9:03,Early,ESPN2,360000,sportsmediawatch_ocr,360000.0,,Regular Season,Week 12,,,0.22,COLLEGE BKBL REG SSN OL,ESPN2,0.22,360,Wed 01.24.24 9:03 COLLEGE BKBL REG SSN OL KANSAS ST / IOWA ST ESPN2 0.22 360,Wednesday,1,January,0,0,0,0,0,23,0,1,0,1,0,0,0,0,0,0,0,0,12.793859310432293
Sports Media Watch 2023-24 OCR Week 12,https://www.sportsmediawatch.com/wp-content/uploads/2024/02/jan2228.png,2023-24,basketball,men,Illinois / Northwestern,Illinois,Northwestern,2024-01-24,,Unknown,BTN,335000,sportsmediawatch_ocr,335000.0,,Regular Season,Week 12,,,0.19,B1G MENS BASKETBALL L,BTN,0.19,335,on 4.24  B1G MENS BASKETBALL L ILLINOIS/NORTHWESTERN BTN 0.19 335,Wednesday,1,January,0,0,10,1,0,25,0,1,1,1,0,0,0,0,0,0,0,0,12.721885810807203
Sports Media Watch 2023-24 OCR Week 12,https://www.sportsmediawatch.com/wp-content/uploads/2024/02/jan2228.png,2023-24,basketball,men,Xavier / UConn,Xavier,UConn,2024-01-28,12:00,Early,FS1,327000,sportsmediawatch_ocr,327000.0,,Regular Season,Week 12,,,0.15,COLL BSKTBL: BIGEASTL,FS1,0.15,327,Sun 01.28.24 12:00 COLL BSKTBL: BIGEASTL XAVIER/UCONN FS1 0.15 327,Sunday,1,January,1,0,0,0,0,1,1,0,1,0,0,0,0,0,0,0,0,0,12.697715449879391
Sports Media Watch 2023-24 OCR Week 12,https://www.sportsmediawatch.com/wp-content/uploads/2024/02/jan2228.png,2023-24,basketball,men,Georgia / Florida,Georgia,Florida,2024-01-27,12:00,Early,ESPN2,303000,sportsmediawatch_ocr,303000.0,,Regular Season,Week 12,,,0.19,COLLEGE BKBL REG SSN OL,ESPN2,0.19,303,Sat 01.27.24 12:00 COLLEGE BKBL REG SSN OL GEORGIA / FLORIDA ESPN2 0.19 303,Saturday,1,January,1,0,0,0,0,0,0,0,0,0,0,0,0,0,0,0,0,0,12.621488084491506
Sports Media Watch 2023-24 OCR Week 12,https://www.sportsmediawatch.com/wp-content/uploads/2024/02/jan2228.png,2023-24,basketball,men,Va / U-Louisville,Virginia,Louisville,2024-01-27,12:00,Early,CW,302000,sportsmediawatch_ocr,302000.0,,Regular Season,Week 12,,,0.2,ACC MEN'S BASKETBALL- DAY1,cw,0.20,302,Sat 012724 12:00 ACC MEN'S BASKETBALL- DAY1 UNIV-VA AT U-LOUISVILLE cw 0.20 302,Saturday,1,January,1,0,22,0,1,0,0,0,0,1,0,0,0,0,0,0,0,0,12.618182296357007
Sports Media Watch 2023-24 OCR Week 12,https://www.sportsmediawatch.com/wp-content/uploads/2024/02/jan2228.png,2023-24,basketball,men,San Francisco / Gonzaga,San Francisco,Gonzaga,2024-01-25,9:18,Early,ESPN2,270000,sportsmediawatch_ocr,270000.0,,Regular Season,Week 12,,,0.16,COLLEGE BKBL REG SSN oL,—_ESPN2,0.16,270,Thu 01.2524 9:18 COLLEGE BKBL REG SSN oL SAN FRANCISCO/GONZAGA —_ESPN2 0.16 270,Thursday,1,January,0,0,0,0,0,23,0,1,0,1,0,0,0,0,0,0,0,0,12.506177237980511
Sports Media Watch 2023-24 OCR Week 12,https://www.sportsmediawatch.com/wp-content/uploads/2024/02/jan2228.png,2023-24,basketball,men,TCU / Baylor,TCU,Baylor,2024-01-27,4:05,Early,ESPN2,269000,sportsmediawatch_ocr,269000.0,,Regular Season,Week 12,,,0.17,COLLEGE BKBL REG SSN oL,ESPN2,0.17,269,Sat 01.2724 4:05 COLLEGE BKBL REG SSN oL TCU / BAYLOR ESPN2 0.17 269,Saturday,1,January,1,0,19,0,1,15,0,1,0,2,0,0,0,0,0,0,0,0,12.502466658583977
Sports Media Watch 2023-24 OCR Week 12,https://www.sportsmediawatch.com/wp-content/uploads/2024/02/jan2228.png,2023-24,basketball,men,Maryland / Iowa,Maryland,Iowa,2024-01-24,7:00,Early,BTN,264000,sportsmediawatch_ocr,264000.0,,Regular Season,Week 12,,,0.15,B1G MENS BASKETBALLL,BIN,0.15,264,Wed 01.24.24 7:00 B1G MENS BASKETBALLL MARYLAND / IOWA BIN 0.15 264,Wednesday,1,January,0,0,0,0,0,0,0,0,0,0,0,0,0,0,0,0,0,0,12.483704382128453
Sports Media Watch 2023-24 OCR Week 12,https://www.sportsmediawatch.com/wp-content/uploads/2024/02/jan2228.png,2023-24,basketball,men,Texas / Byu,Texas,BYU,2024-01-27,2:29,Early,ESPN2,244000,sportsmediawatch_ocr,244000.0,,Regular Season,Week 12,,,0.14,COLLEGE BKBL REG SSN L,ESPN2,0.14,244,Sat 01.27.24 2:29 COLLEGE BKBL REG SSN L TEXAS / BYU ESPN2 0.14 244,Saturday,1,January,1,0,25,0,1,21,0,1,0,2,0,0,0,0,0,0,0,0,12.404923504275338
Sports Media Watch 2023-24 OCR Week 12,https://www.sportsmediawatch.com/wp-content/uploads/2024/02/jan2228.png,2023-24,basketball,men,Villanova / Butler,Villanova,Butler,2024-01-27,3:04,Early,FS1,226000,sportsmediawatch_ocr,226000.0,,Regular Season,Week 12,,,0.12,COLL BSKTBL: BIGEASTL,FS1,0.12,226,Sat 01.27.24 3:04 COLL BSKTBL: BIGEASTL VILLANOVA/ BUTLER FS1 0.12 226,Saturday,1,January,1,0,18,0,1,0,0,0,0,1,0,0,0,0,0,0,0,0,12.328290278254423
Sports Media Watch 2023-24 OCR Week 12,https://www.sportsmediawatch.com/wp-content/uploads/2024/02/jan2228.png,2023-24,basketball,men,Miami (FL) / Notre Dame,Miami (FL),Notre Dame,2024-01-24,7:00,Early,ESPN2,222000,sportsmediawatch_ocr,222000.0,,Regular Season,Week 12,,,0.13,COLLEGE BKBL REG SSN OL,ESPN2,0.13,222,Wed 01.24.24 7:00 COLLEGE BKBL REG SSN OL MIAMI / NOTRE DAME ESPN2 0.13 222,Wednesday,1,January,0,0,0,0,0,0,0,0,0,0,0,0,0,0,0,0,0,0,12.310432660854417
Sports Media Watch 2023-24 OCR Week 12,https://www.sportsmediawatch.com/wp-content/uploads/2024/02/jan2228.png,2023-24,basketball,men,Nebraska / Maryland,Nebraska,Maryland,2024-01-27,12:00,Early,BTN,208000,sportsmediawatch_ocr,208000.0,,Regular Season,Week 12,,,0.13,BIGMENSBASKETBALLL,BTN,0.13,208,Sat 01.2724 12:00 BIGMENSBASKETBALLL NEBRASKA/ MARYLAND BTN 0.13 208,Saturday,1,January,1,0,0,0,0,0,0,0,0,0,0,0,0,0,0,0,0,0,12.245293358683455
Sports Media Watch 2023-24 OCR Week 12,https://www.sportsmediawatch.com/wp-content/uploads/2024/02/jan2228.png,2023-24,basketball,men,Florida State / Syracuse,Florida State,Syracuse,2024-01-23,7:00,Early,ESPN2,207000,sportsmediawatch_ocr,207000.0,,Regular Season,Week 12,,,0.13,COLLEGE BKBL REG SSN OL,—_ESPN2,0.13,207,Tue 01.23.24 7:00 COLLEGE BKBL REG SSN OL FLORIDA STATE/SYRACUSE —_ESPN2 0.13 207,Tuesday,1,January,0,0,0,0,0,0,0,0,0,0,0,0,0,0,0,0,0,0,12.240474072247506
Sports Media Watch 2023-24 OCR Week 12,https://www.sportsmediawatch.com/wp-content/uploads/2024/02/jan2228.png,2023-24,basketball,men,Wisconsin / Minnesota,Wisconsin,Minnesota,2024-01-23,,Unknown,BTN,205000,sportsmediawatch_ocr,205000.0,,Regular Season,Week 12,,,0.12,B1G MENS BASKETBALLL,BTN,0.12,205,bos Pa  B1G MENS BASKETBALLL WISCONSIN / MINNESOTA BTN 0.12 205,Tuesday,1,January,0,0,13,0,1,0,0,0,0,1,0,0,0,0,0,0,0,0,12.230765258120545
Sports Media Watch 2023-24 OCR Week 12,https://www.sportsmediawatch.com/wp-content/uploads/2024/02/jan2228.png,2023-24,basketball,men,Xavier / Creighton,Xavier,Creighton,2024-01-23,8:35,Early,FS1,202000,sportsmediawatch_ocr,202000.0,,Regular Season,Week 12,,,0.11,COLL BSKTBL: BIGEASTL,FS1,0.11,202,Tue 01.23.24 8:35 COLL BSKTBL: BIGEASTL XAVIER / CREIGHTON FS1 0.11 202,Tuesday,1,January,0,0,0,0,0,17,0,1,0,1,0,0,0,0,0,0,0,0,12.216022976383341
Sports Media Watch 2023-24 OCR Week 12,https://www.sportsmediawatch.com/wp-content/uploads/2024/02/jan2228.png,2023-24,basketball,men,James Madison / Appalachian State,James Madison,Appalachian State,2024-01-27,7:17,Early,ESPN2,199000,sportsmediawatch_ocr,199000.0,,Regular Season,Week 12,,,0.12,COLLEGEBKBLREGSSN,ESPN2,0.12,199,Sat 01.27.24 7:17 COLLEGEBKBLREGSSN JAMES MADISON / APPALACHIAN STATE ESPN2 0.12 199,Saturday,1,January,1,0,19,0,1,0,0,0,0,1,0,0,0,0,0,0,0,0,12.201060103706629
Sports Media Watch 2023-24 OCR Week 12,https://www.sportsmediawatch.com/wp-content/uploads/2024/02/jan2228.png,2023-24,basketball,men,Pitt / Miami (FL),Pitt,Miami (FL),2024-01-27,2:17,Early,CW,196000,sportsmediawatch_ocr,196000.0,,Regular Season,Week 12,,,0.12,ACC MEN'S BASKETBALL- DAY2,CW,0.12,196,Sat 01.2724 2:17 ACC MEN'S BASKETBALL- DAY2 UNIV-PITTBRG AT UNIV-MIAMI CW 0.12 196,Saturday,1,January,1,0,0,0,0,0,0,0,0,0,0,0,0,0,0,0,0,0,12.185869938212655
Sports Media Watch 2023-24 OCR Week 12,https://www.sportsmediawatch.com/wp-content/uploads/2024/02/jan2228.png,2023-24,basketball,men,UCLA / USC,UCLA,USC,2024-01-27,8:17,Early,ESPN2,195000,sportsmediawatch_ocr,195000.0,,Regular Season,Week 12,,,0.11,COLLEGE BKBL REG SSN L,ESPN2,0.11,195,Sat 01.27.24 8:17 COLLEGE BKBL REG SSN L UCLA / USC ESPN2 0.11 195,Saturday,1,January,1,0,0,0,0,23,0,1,0,1,0,0,0,0,0,0,0,0,12.180754837545884
Sports Media Watch 2023-24 OCR Week 12,https://www.sportsmediawatch.com/wp-content/uploads/2024/02/jan2228.png,2023-24,basketball,men,Stanford / Cal,Stanford,California,2024-01-26,10:08,Early,FS1,193000,sportsmediawatch_ocr,193000.0,,Regular Season,Week 12,,,0.11,COLL BSKTBL: PAC 12L,FS1,0.11,193,Fri 01.26.24 10:08 COLL BSKTBL: PAC 12L STANFORD / CAL FS1 0.11 193,Friday,1,January,0,0,0,0,0,0,0,0,0,0,0,0,0,0,0,0,0,0,12.170445467887022
Sports Media Watch 2023-24 OCR Week 12,https://www.sportsmediawatch.com/wp-content/uploads/2024/02/jan2228.png,2023-24,basketball,men,Utah / Washington,Utah,Washington,2024-01-27,10:08,Early,ESPN2,19000,sportsmediawatch_ocr,19000.0,,Regular Season,Week 12,,,0.1,COLLEGE BKBL REG SSN L,ESPN2,0.10,19],Sat 01.27.24 10:08 COLLEGE BKBL REG SSN L UTAH / WASHINGTON ESPN2 0.10 19],Saturday,1,January,1,0,0,0,0,0,0,0,0,0,0,0,0,0,0,0,0,0,9.852194258148577
Sports Media Watch 2023-24 OCR Week 12,https://www.sportsmediawatch.com/wp-content/uploads/2024/02/jan2228.png,2023-24,basketball,men,Ohio State / Northwestern,Ohio State,Northwestern,2024-01-27,8:41,Early,BTN,187000,sportsmediawatch_ocr,187000.0,,Regular Season,Week 12,,,0.1,BIGMENSBASKETBALLL,BTN,0.10,187,Sat 01.27.24 8:41 BIGMENSBASKETBALLL OHIO STATE / NORTHWESTERN BTN 0.10 187,Saturday,1,January,1,0,0,0,0,25,0,1,0,1,0,0,0,0,0,0,0,0,12.138863895836725
Sports Media Watch 2023-24 OCR Week 12,https://www.sportsmediawatch.com/wp-content/uploads/2024/02/jan2228.png,2023-24,basketball,men,SMU / North Texas,SMU,North Texas,2024-01-25,7:00,Early,ESPN2,181000,sportsmediawatch_ocr,181000.0,,Regular Season,Week 12,,,0.1,COLLEGE BKBL REG SSN,ESPN2,0.10,181,Thu 01.25.24 7:00 COLLEGE BKBL REG SSN SMU / NORTH TEXAS ESPN2 0.10 181,Thursday,1,January,0,0,0,0,0,0,0,0,0,0,0,0,0,0,0,0,0,0,12.106252310247962
Sports Media Watch 2023-24 OCR Week 12,https://www.sportsmediawatch.com/wp-content/uploads/2024/02/jan2228.png,2023-24,basketball,men,TCU / Oklahoma State,TCU,Oklahoma State,2024-01-23,9:12,Early,ESPN2,178000,sportsmediawatch_ocr,178000.0,,Regular Season,Week 12,,,0.11,COLLEGE BKBL REG SSN,ESPN2,0.11,178,Tue 01.23.24 9:12 COLLEGE BKBL REG SSN TCU / OKLAHOMA STATE ESPN2 0.11 178,Tuesday,1,January,0,0,19,0,1,0,0,0,0,1,0,0,0,0,0,0,0,0,12.089538829274222
Sports Media Watch 2023-24 OCR Week 12,https://www.sportsmediawatch.com/wp-content/uploads/2024/02/jan2228.png,2023-24,basketball,men,Depaul / Creighton,DePaul,Creighton,2024-01-27,7:12,Early,FS1,167000,sportsmediawatch_ocr,167000.0,,Regular Season,Week 12,,,0.1,COLL BSKTBL: BIGEASTL,FS1,0.10,167,Sat 01.2724 7:12 COLL BSKTBL: BIGEASTL DEPAUL/ CREIGHTON FS1 0.10 167,Saturday,1,January,1,0,0,0,0,17,0,1,0,1,0,0,0,0,0,0,0,0,12.025749091398891
Sports Media Watch 2023-24 OCR Week 12,https://www.sportsmediawatch.com/wp-content/uploads/2024/02/jan2228.png,2023-24,basketball,men,Villanova / St. John's,Villanova,St. John's,2024-01-24,8:39,Early,FS1,151000,sportsmediawatch_ocr,151000.0,,Regular Season,Week 12,,,0.08,COLL BSKTBL: BIGEASTL,FS1,0.08,151,Wed 01.24.24 8:39 COLL BSKTBL: BIGEASTL VILLANOVA/ST. JOHNS FS1 0.08 151,Wednesday,1,January,0,0,18,0,1,0,0,0,0,1,0,0,0,0,0,0,0,0,11.925035115797062
Sports Media Watch 2023-24 OCR Week 12,https://www.sportsmediawatch.com/wp-content/uploads/2024/02/jan2228.png,2023-24,basketball,men,Saint Joseph's / St Bonaventure,Saint Joseph's,St. Bonaventure,2024-01-26,8:44,Early,ESPN2,149000,sportsmediawatch_ocr,149000.0,,Regular Season,Week 12,,,0.07,COLLEGEBKBLREGSSN,EspN2,0.07,149,Fri 01.26.24 8:44 COLLEGEBKBLREGSSN SAINT JOSEPHS / ST BONAVENTURE EspN2 0.07 149,Friday,1,January,0,0,0,0,0,0,0,0,0,0,0,0,0,0,0,0,0,0,11.911701584927597
Sports Media Watch 2023-24 OCR Week 12,https://www.sportsmediawatch.com/wp-content/uploads/2024/02/jan2228.png,2023-24,basketball,men,Seton Hall / Marquette,Seton Hall,Marquette,2024-01-27,1:00,Early,FS1,138000,sportsmediawatch_ocr,138000.0,,Regular Season,Week 12,,,0.07,COLL BSKTBL: BIGEASTL,FS1,0.07,138,Sat 01.27.24 1:00 COLL BSKTBL: BIGEASTL SETON HALL/ MARQUETTE FS1 0.07 138,Saturday,1,January,1,0,0,0,0,14,0,1,0,1,0,0,0,0,0,0,0,0,11.835008964139341
Sports Media Watch 2023-24 OCR Week 12,https://www.sportsmediawatch.com/wp-content/uploads/2024/02/jan2228.png,2023-24,basketball,men,Providence / Seton Hall,Providence,Seton Hall,2024-01-24,6:30,Early,FS1,132000,sportsmediawatch_ocr,132000.0,,Regular Season,Week 12,,,0.08,COLL BSKTBL: BIGEASTL,FS1,0.08,132,Wed 01.24.24 6:30 COLL BSKTBL: BIGEASTL PROVIDENCE /SETON HALL FS1 0.08 132,Wednesday,1,January,0,0,23,0,1,0,0,0,0,1,0,0,0,0,0,0,0,0,11.790557201568507
Sports Media Watch 2023-24 OCR Week 12,https://www.sportsmediawatch.com/wp-content/uploads/2024/02/jan2228.png,2023-24,basketball,men,Minnesota / Penn State,Minnesota,Penn State,2024-01-27,,Unknown,BTN,126000,sportsmediawatch_ocr,126000.0,,Regular Season,Week 12,,,0.07,B1G MENS BASKETBALLL,BTN,0.07,126,oy Pa  B1G MENS BASKETBALLL MINNESOTA/ PENN STATE BTN 0.07 126,Saturday,1,January,1,0,0,0,0,0,0,0,0,0,0,0,0,0,0,0,0,0,11.744037185933616
Sports Media Watch 2023-24 OCR Week 12,https://www.sportsmediawatch.com/wp-content/uploads/2024/02/jan2228.png,2023-24,basketball,men,Nevada / New Mexico,Nevada,New Mexico,2024-01-28,10:00,Early,FS1,125000,sportsmediawatch_ocr,125000.0,,Regular Season,Week 12,,,0.07,COLL BSKTBL: MTN WEST OL,FS1,0.07,125,Sun 01.2824 10:00 COLL BSKTBL: MTN WEST OL NEVADA / NEW MEXICO FS1 0.07 125,Sunday,1,January,1,0,0,0,0,25,0,1,0,1,0,0,0,0,0,0,0,0,11.736069016284437
Sports Media Watch 2023-24 OCR Week 12,https://www.sportsmediawatch.com/wp-content/uploads/2024/02/jan2228.png,2023-24,basketball,men,Memphis / UAB,Memphis,UAB,2024-01-28,5:00,Early,ESPN,125000,sportsmediawatch_ocr,125000.0,,Regular Season,Week 12,,,0.07,COLLEGE BKBL REG SSN,ESPN,0.07,125,Sun 01.2824 5:00 COLLEGE BKBL REG SSN MEMPHIS / UAB ESPN 0.07 125,Sunday,1,January,1,0,19,0,1,0,0,0,0,1,0,0,0,0,0,0,0,0,11.736069016284437
Sports Media Watch 2023-24 OCR Week 12,https://www.sportsmediawatch.com/wp-content/uploads/2024/02/jan2228.png,2023-24,basketball,men,North Texas / Florida Atlantic,North Texas,Florida Atlantic,2024-01-28,1:00,Early,ESPN2,123000,sportsmediawatch_ocr,123000.0,,Regular Season,Week 12,,,0.07,COLLEGEBKBLREGSSN oL,ESPN2,0.07,123,Sun 01.28.24 1:00 COLLEGEBKBLREGSSN oL NORTH TEXAS / FLORIDA ATLANTIC ESPN2 0.07 123,Sunday,1,January,1,0,0,0,0,22,0,1,0,1,0,0,0,0,0,0,0,0,11.719939634354555
Sports Media Watch 2023-24 OCR Week 12,https://www.sportsmediawatch.com/wp-content/uploads/2024/02/jan2228.png,2023-24,basketball,men,Butler / Georgetown,Butler,Georgetown,2024-01-23,6:30,Early,FS1,95000,sportsmediawatch_ocr,95000.0,,Regular Season,Week 12,,,0.06,COLLBSKTBL: BIGEASTL,FS1,0.06,95,Tue 01.2324 6:30 COLLBSKTBL: BIGEASTL BUTLER / GEORGETOWN FS1 0.06 95,Tuesday,1,January,0,0,0,0,0,0,0,0,0,0,0,0,0,0,0,0,0,0,11.461632170582678
Sports Media Watch 2023-24 OCR Week 12,https://www.sportsmediawatch.com/wp-content/uploads/2024/02/jan2228.png,2023-24,basketball,men,SMU / Wichita State,SMU,Wichita State,2024-01-28,3:16,Early,ESPN2,73000,sportsmediawatch_ocr,73000.0,,Regular Season,Week 12,,,0.04,COLLEGE BKBL REG SSN,ESPN2,0.04,73,Sun 01.2824 3:16 COLLEGE BKBL REG SSN SMU / WICHITA STATE ESPN2 0.04 73,Sunday,1,January,1,0,0,0,0,0,0,0,0,0,0,0,0,0,0,0,0,0,11.198214720130528
Sports Media Watch 2023-24 OCR Week 12,https://www.sportsmediawatch.com/wp-content/uploads/2024/02/jan2228.png,2023-24,basketball,men,Arkansas / Ole Miss,Arkansas,Ole Miss,2024-01-24,9:02,Early,ESPNU,73000,sportsmediawatch_ocr,73000.0,,Regular Season,Week 12,,,0.05,COLLEGE BKBL REG SSN OL,ESPNU,0.05,73,oe Wed 9:02 COLLEGE BKBL REG SSN OL ARKANSAS / MISSISSIPPI ESPNU 0.05 73,Wednesday,1,January,0,0,20,0,1,22,0,1,0,2,0,0,0,0,0,0,0,0,11.198214720130528
Sports Media Watch 2023-24 OCR Week 12,https://www.sportsmediawatch.com/wp-content/uploads/2024/02/jan2228.png,2023-24,basketball,men,Colorado State / Nevada,Colorado State,Nevada,2024-01-24,10:46,Early,FS1,66000,sportsmediawatch_ocr,66000.0,,Regular Season,Week 12,,,0.03,COLL BSKTBL: MTN WEST L,FS1,0.03,66,Wed 01.24.24 10:46 COLL BSKTBL: MTN WEST L COLORADO ST / NEVADA FS1 0.03 66,Wednesday,1,January,0,0,24,0,1,0,0,0,0,1,0,0,0,0,0,0,0,0,11.097410021008562
Sports Media Watch 2023-24 OCR Week 12,https://www.sportsmediawatch.com/wp-content/uploads/2024/02/jan2228.png,2023-24,basketball,men,Boise State / Fresno State,Boise State,Fresno State,2024-01-23,10:39,Early,ESPN,63000,sportsmediawatch_ocr,63000.0,,Regular Season,Week 12,,,0.03,COLL BSKTBL: MTN WEST L,FS1,0.03,63,Tue 01.23.24 10:39 COLL BSKTBL: MTN WEST L BOISE ST / FRESNO ST FS1 0.03 63,Tuesday,1,January,0,0,0,0,0,0,0,0,0,0,0,0,0,0,0,0,0,0,11.05089000537367
Sports Media Watch 2023-24 OCR Week 12,https://www.sportsmediawatch.com/wp-content/uploads/2024/02/jan2228.png,2023-24,basketball,men,UNLV / San Jose State,UNLV,San Jose State,2024-01-27,9:09,Early,FS1,61000,sportsmediawatch_ocr,61000.0,,Regular Season,Week 12,,,0.03,COLL BSKTBL: MTN WEST OL,FS1,0.03,61,Sat 01.27.24 9:09 COLL BSKTBL: MTN WEST OL UNLV / SAN JOSE ST FS1 0.03 61,Saturday,1,January,1,0,0,0,0,0,0,0,0,0,0,0,0,0,0,0,0,0,11.018629143155449
Sports Media Watch 2023-24 OCR Week 12,https://www.sportsmediawatch.com/wp-content/uploads/2024/02/jan2228.png,2023-24,basketball,men,Pitt / Georgia Tech,Pitt,Georgia Tech,2024-01-23,7:00,Early,ESPNU,55000,sportsmediawatch_ocr,55000.0,,Regular Season,Week 12,,,0.04,"COLLEGE BKBL REG SSN OL,",ESPNU,0.04,55,"ae Tue 7:00 COLLEGE BKBL REG SSN OL, PITTSBURGH / GEORGIA TECH ESPNU 0.04 55",Tuesday,1,January,0,0,0,0,0,0,0,0,0,0,0,0,0,0,0,0,0,0,10.915088464214607
Sports Media Watch 2023-24 OCR Week 12,https://www.sportsmediawatch.com/wp-content/uploads/2024/02/jan2228.png,2023-24,basketball,men,Boston College / Notre Dame,Boston College,Notre Dame,2024-01-27,12:00,Early,ESPNU,43000,sportsmediawatch_ocr,43000.0,,Regular Season,Week 12,,,,COLLEGE BKBLREGSSN,ESPNU |,"0,03",43,"Sat 01.27.24 12:00 COLLEGE BKBLREGSSN BOSTON COLLEGE / NOTRE DAME ESPNU | 0,03 43",Saturday,1,January,1,0,0,0,0,0,0,0,0,0,0,0,0,0,0,0,0,0,10.668955394675699
Sports Media Watch 2023-24 OCR Week 12,https://www.sportsmediawatch.com/wp-content/uploads/2024/02/jan2228.png,2023-24,basketball,men,Bradley / Indiana State,Bradley,Indiana State,2024-01-27,6:14,Early,ESPNU,35000,sportsmediawatch_ocr,35000.0,,Regular Season,Week 12,,,0.02,COLLEGE BKBL REG SSN oL,ESPNU,0.02,35,Sat 01.2724 6:14 COLLEGE BKBL REG SSN oL BRADLEY / INDIANA STATE ESPNU 0.02 35,Saturday,1,January,1,0,0,0,0,0,0,0,0,0,0,0,0,0,0,0,0,0,10.46310334047155
Sports Media Watch 2023-24 OCR Week 12,https://www.sportsmediawatch.com/wp-content/uploads/2024/02/jan2228.png,2023-24,basketball,men,Temple / East Carolina,Temple,East Carolina,2024-01-28,5:14,Early,ESPN2,31000,sportsmediawatch_ocr,31000.0,,Regular Season,Week 12,,,0.02,COLLEGE BKBL REG SSN L,ESPN2,0.02,31,Sun 01.28.24 5:14 COLLEGE BKBL REG SSN L TEMPLE / EAST CAROLINA ESPN2 0.02 31,Sunday,1,January,1,0,0,0,0,0,0,0,0,0,0,0,0,0,0,0,0,0,10.341742483467284
Sports Media Watch 2023-24 OCR Week 12,https://www.sportsmediawatch.com/wp-content/uploads/2024/02/jan2228.png,2023-24,basketball,men,Marist / Niagara,Marist,Niagara,2024-01-26,7:00,Early,ESPNU,30000,sportsmediawatch_ocr,30000.0,,Regular Season,Week 12,,,0.02,COLLEGE BKBL REG SSN L,ESPNU,0.02,30,Fri 01.26.24 7:00 COLLEGE BKBL REG SSN L MARIST / NIAGARA ESPNU 0.02 30,Friday,1,January,0,0,0,0,0,0,0,0,0,0,0,0,0,0,0,0,0,0,10.308952660644293
Sports Media Watch 2023-24 OCR Week 12,https://www.sportsmediawatch.com/wp-content/uploads/2024/02/jan2228.png,2023-24,basketball,men,Colorado / Washington,Colorado,Washington,2024-01-24,11:02,Early,ESPNU,25000,sportsmediawatch_ocr,25000.0,,Regular Season,Week 12,,,0.01,COLLEGE BKBL REG SSN OL,ESPNU,0.01,25,oe Wed 11:02 COLLEGE BKBL REG SSN OL COLORADO / WASHINGTON ESPNU 0.01 25,Wednesday,1,January,0,0,18,0,1,0,0,0,0,1,0,0,0,0,0,0,0,0,10.126631103850338
Sports Media Watch 2023-24 OCR Week 12,https://www.sportsmediawatch.com/wp-content/uploads/2024/02/jan2228.png,2023-24,basketball,men,Charlotte / Tulane,Charlotte,Tulane,2024-01-27,4:00,Early,ESPNU,23000,sportsmediawatch_ocr,23000.0,,Regular Season,Week 12,,,0.01,"COLLEGE BKBL REG SSN OL,",ESPNU,0.01,23,"nen Sat 4:00 COLLEGE BKBL REG SSN OL, CHARLOTTE / TULANE ESPNU 0.01 23",Saturday,1,January,1,0,0,0,0,0,0,0,0,0,0,0,0,0,0,0,0,0,10.043249494911286
Sports Media Watch 2023-24 OCR Week 12,https://www.sportsmediawatch.com/wp-content/uploads/2024/02/jan2228.png,2023-24,basketball,men,Purdue Fort Wayne / Northern Kentucky,Purdue Fort Wayne,Northern Kentucky,2024-01-25,7:00,Early,ESPNU,20000,sportsmediawatch_ocr,20000.0,,Regular Season,Week 12,,,0.01,COLLEGE BKBL REG SSN L,ESPNU,0.01,20,Thu 01.25.24 7:00 COLLEGE BKBL REG SSN L PURDUE FORT WAYNE / NORTHERN KENTUCKY ESPNU 0.01 20,Thursday,1,January,0,0,0,0,0,0,0,0,0,0,0,0,0,0,0,0,0,0,9.903487552536127
Sports Media Watch 2023-24 OCR Week 12,https://www.sportsmediawatch.com/wp-content/uploads/2024/02/jan2228.png,2023-24,basketball,men,McNeese/Texas A&M-Corpus Christi,McNeese,Texas A&M-Corpus Christi,2024-01-22,7:00,Early,ESPNU,19000,sportsmediawatch_ocr,19000.0,,Regular Season,Week 12,,,,COLLEGE BKBLREGSSN oL,EspNU,0101,19,Mon 01.22.24 7:00 COLLEGE BKBLREGSSN oL TEXAS MCNEESE/ AM CORPUS CHRISTI EspNU 0101 19,Monday,1,January,0,0,0,0,0,0,0,0,0,0,0,0,0,0,0,0,0,0,9.852194258148577
Sports Media Watch 2023-24 OCR Week 12,https://www.sportsmediawatch.com/wp-content/uploads/2024/02/jan2228.png,2023-24,basketball,men,Loyola Marymount/Saint Mary's,Loyola Marymount,Saint Mary's,2024-01-27,10:25,Early,ESPNU,15000,sportsmediawatch_ocr,15000.0,,Regular Season,Week 12,,,0.01,COLLEGE BKBLREGSSN,espNu |,0.01,15,Sat 01.27.24 10:25 COLLEGE BKBLREGSSN ST LOYOLA MARY/ MARYS CA espNu | 0.01 15,Saturday,1,January,1,0,0,0,0,23,0,1,0,1,0,0,0,0,0,0,0,0,9.615805480084347
Sports Media Watch 2023-24 OCR Week 12,https://www.sportsmediawatch.com/wp-content/uploads/2024/02/jan2228.png,2023-24,basketball,men,Texas Southern / Jackson State,Texas Southern,Jackson State,2024-01-22,9:13,Early,ESPNU,12000,sportsmediawatch_ocr,12000.0,,Regular Season,Week 12,,,,~-COLLEGEBKBLREGSSN,ESPNU |,"0,01",12,"oe Mon 9:13 ~-COLLEGEBKBLREGSSN TEXAS SOUTHERN / JACKSON STATE ESPNU | 0,01 12",Monday,1,January,0,0,0,0,0,0,0,0,0,0,0,0,0,0,0,0,0,0,9.392661928770137
Sports Media Watch 2023-24 OCR Week 12,https://www.sportsmediawatch.com/wp-content/uploads/2024/02/jan2228.png,2023-24,basketball,men,Central Connecticut / Fairleigh Dickinson,Central Connecticut,Fairleigh Dickinson,2024-01-25,5:00,Early,Unknown,10000,sportsmediawatch_ocr,10000.0,,Regular Season,Week 12,,,0.01,COLLEGE BKBLREGSSN L,aha),0.01,10,Thu 01.25.24 5:00 COLLEGE BKBLREGSSN L CENTRAL CONNECTICUT / FAIRLEIGH DICKINSON aha) 0.01 10,Thursday,1,January,0,0,0,0,0,0,0,0,0,0,0,0,0,0,0,0,0,0,9.210340371976184
Sports Media Watch 2023-24 OCR Week 12,https://www.sportsmediawatch.com/wp-content/uploads/2024/02/jan2228.png,2023-24,basketball,men,Western Illinois / Southern Indiana,Western Illinois,Southern Indiana,2024-01-25,9:07,Early,ESPNU,10000,sportsmediawatch_ocr,10000.0,,Regular Season,Week 12,,,,COLLEGEBKBLREGSSN,EspNU,70001,10,nee Thu 9:07 COLLEGEBKBLREGSSN WESTERN ILLINOIS / SOUTHERN INDIANA EspNU 70001 10,Thursday,1,January,0,0,0,0,0,0,0,0,0,0,0,0,0,0,0,0,0,0,9.210340371976184
Sports Media Watch 2023-24 OCR Week 13,https://www.sportsmediawatch.com/wp-content/uploads/2024/02/jan29feb4.png,2023-24,basketball,men,Tennessee / Kentucky,Tennessee,Kentucky,2024-02-03,8:47,Early,ESPN,2525000,sportsmediawatch_ocr,2525000.0,,Regular Season,Week 13,,,1.18,COLLEGE BKBL REG SSN,ESPN,1.18,"2,525","Sat 02.03.24 8:47 COLLEGE BKBL REG SSN TENNESSEE / KENTUCKY ESPN 1.18 2,525",Saturday,2,February,1,0,5,1,0,10,1,0,2,0,0,0,0,0,0,0,0,0,14.741751620691597
Sports Media Watch 2023-24 OCR Week 13,https://www.sportsmediawatch.com/wp-content/uploads/2024/02/jan29feb4.png,2023-24,basketball,men,Purdue / Wisconsin,Purdue,Wisconsin,2024-02-04,1:00,Early,CBS,2225000,sportsmediawatch_ocr,2225000.0,,Regular Season,Week 13,,,1.2,NCAA BASKETBALL-SUN-1,CBS,1.20,"2,225","Sun 02.04.24 1:00 NCAA BASKETBALL-SUN-1 PURDUE AT WISCONSIN CBS 1.20 2,225",Sunday,2,February,1,0,2,1,0,6,1,0,2,0,0,0,0,0,0,0,0,0,14.615267473582477
Sports Media Watch 2023-24 OCR Week 13,https://www.sportsmediawatch.com/wp-content/uploads/2024/02/jan29feb4.png,2023-24,basketball,men,Houston / Kansas,Houston,Kansas,2024-02-03,4:08,Early,ESPN,1631000,sportsmediawatch_ocr,1631000.0,,Regular Season,Week 13,,,0.87,COLLEGE BKBL REG SSN,ESPN,0.87,"1,631","Sat 02.03.24 4:08 COLLEGE BKBL REG SSN HOUSTON / KANSAS ESPN 0.87 1,631",Saturday,2,February,1,0,4,1,0,8,1,0,2,0,0,0,0,0,0,0,0,0,14.304703881603151
Sports Media Watch 2023-24 OCR Week 13,https://www.sportsmediawatch.com/wp-content/uploads/2024/02/jan29feb4.png,2023-24,basketball,men,Ct / St John's,UConn,St. John's,2024-02-03,12:04,Early,FOX,1090000,sportsmediawatch_ocr,1090000.0,,Regular Season,Week 13,,,0.6,FOX C.HOOPS-BIG EAST NOON,FOX,0.60,"1,090","Sat 02.03.24 12:04 FOX C.HOOPS-BIG EAST NOON UNIV-CT AT ST JOHN'S UNIV FOX 0.60 1,090",Saturday,2,February,1,0,1,1,0,0,0,0,1,0,0,0,0,0,0,0,0,0,13.901688254205327
Sports Media Watch 2023-24 OCR Week 13,https://www.sportsmediawatch.com/wp-content/uploads/2024/02/jan29feb4.png,2023-24,basketball,men,Houston / Texas,Houston,Texas,2024-01-29,9:05,Early,ESPN,959000,sportsmediawatch_ocr,959000.0,,Regular Season,Week 13,,,0.5,COLLEGE BKBL REG SSN,ESPN,0.50,959,Mon 012924 9:05 COLLEGE BKBL REG SSN HOUSTON / TEXAS ESPN 0.50 959,Monday,1,January,0,0,4,1,0,25,0,1,1,1,0,0,0,0,0,0,0,0,13.773646353865574
Sports Media Watch 2023-24 OCR Week 13,https://www.sportsmediawatch.com/wp-content/uploads/2024/02/jan29feb4.png,2023-24,basketball,men,North Carolina / Georgia Tech,North Carolina,Georgia Tech,2024-01-30,7:00,Early,ESPN,955000,sportsmediawatch_ocr,955000.0,,Regular Season,Week 13,,,0.54,COLLEGE BKBLREGSSN,ESPN,0.54,955,Tue 01.30.24 7:00 COLLEGE BKBLREGSSN NORTH CAROLINA/ GEORGIA TECH ESPN 0.54 955,Tuesday,1,January,0,0,3,1,0,0,0,0,1,0,0,0,0,0,0,0,0,0,13.769466619462868
Sports Media Watch 2023-24 OCR Week 13,https://www.sportsmediawatch.com/wp-content/uploads/2024/02/jan29feb4.png,2023-24,basketball,men,Duke / Virginia Tech,Duke,Virginia Tech,2024-01-29,7:00,Early,ESPN,894000,sportsmediawatch_ocr,894000.0,,Regular Season,Week 13,,,0.53,COLLEGE BKBL REG SSN L,ESPN,0.53,894,Mon 01.29.24 7:00 COLLEGE BKBL REG SSN L DUKE / VIRGINIA TECH ESPN 0.53 894,Monday,1,January,0,0,7,1,0,0,0,0,1,0,0,0,0,0,0,0,0,0,13.703461054155651
Sports Media Watch 2023-24 OCR Week 13,https://www.sportsmediawatch.com/wp-content/uploads/2024/02/jan29feb4.png,2023-24,basketball,men,Md / Mi St,Maryland,Michigan State,2024-02-03,5:37,Early,FOX,873000,sportsmediawatch_ocr,873000.0,,Regular Season,Week 13,,,0.51,FOX C.HOOPS-BIG10 EVENING,FOX,0.51,873,"Sat 02,0324 5:37 FOX C.HOOPS-BIG10 EVENING UNIV-MD AT MI ST UNIV FOX 0.51 873",Saturday,2,February,1,0,0,0,0,21,0,1,0,1,0,0,0,0,0,0,0,0,13.67969083482174
Sports Media Watch 2023-24 OCR Week 13,https://www.sportsmediawatch.com/wp-content/uploads/2024/02/jan29feb4.png,2023-24,basketball,men,Virginia / Clemson,Virginia,Clemson,2024-02-03,2:07,Early,ESPN,724000,sportsmediawatch_ocr,724000.0,,Regular Season,Week 13,,,0.41,COLLEGE BKBL REG SSN,ESPN,0.41,724,Sat 02.03.24 2:07 COLLEGE BKBL REG SSN VIRGINIA / CLEMSON ESPN 0.41 724,Saturday,2,February,1,0,22,0,1,21,0,1,0,2,0,0,0,0,0,0,0,0,13.492546671367853
Sports Media Watch 2023-24 OCR Week 13,https://www.sportsmediawatch.com/wp-content/uploads/2024/02/jan29feb4.png,2023-24,basketball,men,Nebraska / Illinois,Nebraska,Illinois,2024-02-04,6:30,Early,BTN,655000,sportsmediawatch_ocr,655000.0,,Regular Season,Week 13,,,0.33,BIGMENSBASKETBALLL,BTN,0.33,655,Sun 02.04.24 6:30 BIGMENSBASKETBALLL NEBRASKA / ILLINOIS BTN 0.33 655,Sunday,2,February,1,0,0,0,0,14,0,1,0,1,0,0,0,0,0,0,0,0,13.39239051461739
Sports Media Watch 2023-24 OCR Week 13,https://www.sportsmediawatch.com/wp-content/uploads/2024/02/jan29feb4.png,2023-24,basketball,men,Oklahoma State / Kansas,Oklahoma State,Kansas,2024-01-30,9:24,Early,ESPN,642000,sportsmediawatch_ocr,642000.0,,Regular Season,Week 13,,,0.39,COLLEGE BKBL REG SSN OL,ESPN,0.39,642,Tue 01.30.24 9:24 COLLEGE BKBL REG SSN OL OKLAHOMA STATE/ KANSAS ESPN 0.39 642,Tuesday,1,January,0,0,0,0,0,8,1,0,1,0,0,0,0,0,0,0,0,0,13.372343582672098
Sports Media Watch 2023-24 OCR Week 13,https://www.sportsmediawatch.com/wp-content/uploads/2024/02/jan29feb4.png,2023-24,basketball,men,Wichita State / Memphis,Wichita State,Memphis,2024-02-03,,Unknown,CBS,604000,sportsmediawatch_ocr,604000.0,,Regular Season,Week 13,,,0.37,NCAA BASKETBALL-SAT-1_,CBS,0.37,604,Fo 03 Pa  NCAA BASKETBALL-SAT-1_ WICHITA STATE AT MEMPHIS CBS 0.37 604,Saturday,2,February,1,0,0,0,0,19,0,1,0,1,0,0,0,0,0,0,0,0,13.311329476916953
Sports Media Watch 2023-24 OCR Week 13,https://www.sportsmediawatch.com/wp-content/uploads/2024/02/jan29feb4.png,2023-24,basketball,men,Ut St / San Diego State,Utah State,San Diego State,2024-02-03,3:30,Early,FOX,598000,sportsmediawatch_ocr,598000.0,,Regular Season,Week 13,,,0.34,FOXC.HOOPS-MT.WEST DAY,FOX,0.34,598,Sat 02.03.24 3:30 FOXC.HOOPS-MT.WEST DAY UT ST UNIV AT SAN DIEGO ST UNIV FOX 0.34 598,Saturday,2,February,1,0,17,0,1,19,0,1,0,2,0,0,0,0,0,0,0,0,13.301346032932768
Sports Media Watch 2023-24 OCR Week 13,https://www.sportsmediawatch.com/wp-content/uploads/2024/02/jan29feb4.png,2023-24,basketball,men,Virginia Tech / Miami (FL),Virginia Tech,Miami (FL),2024-02-03,12:00,Early,ESPN,511000,sportsmediawatch_ocr,511000.0,,Regular Season,Week 13,,,0.29,COLLEGE BKBL REG SSN L,ESPN,0.29,511,Sat 02.03.24 12:00 COLLEGE BKBL REG SSN L VIRGINIA TECH / MIAMI ESPN 0.29 511,Saturday,2,February,1,0,0,0,0,0,0,0,0,0,0,0,0,0,0,0,0,0,13.144124869185841
Sports Media Watch 2023-24 OCR Week 13,https://www.sportsmediawatch.com/wp-content/uploads/2024/02/jan29feb4.png,2023-24,basketball,men,Butler / Creighton,Butler,Creighton,2024-02-02,9:09,Early,FS1,484000,sportsmediawatch_ocr,484000.0,,Regular Season,Week 13,,,0.27,COLL BSKTBL: BIGEASTL,FS1,0.27,484,Fri 02.02.24 9:09 COLL BSKTBL: BIGEASTL BUTLER / CREIGHTON FS1 0.27 484,Friday,2,February,0,0,0,0,0,13,0,1,0,1,0,0,0,0,0,0,0,0,13.089840185698769
Sports Media Watch 2023-24 OCR Week 13,https://www.sportsmediawatch.com/wp-content/uploads/2024/02/jan29feb4.png,2023-24,basketball,men,Texas / TCU,Texas,TCU,2024-02-03,2:06,Early,ESPN2,474000,sportsmediawatch_ocr,474000.0,,Regular Season,Week 13,,,0.27,COLLEGE BKBL REG SSN,ESPN2,0.27,474,Sat 02.03.24 2:06 COLLEGE BKBL REG SSN TEXAS / TCU ESPN2 0.27 474,Saturday,2,February,1,0,25,0,1,25,0,1,0,2,0,0,0,0,0,0,0,0,13.068962600677214
Sports Media Watch 2023-24 OCR Week 13,https://www.sportsmediawatch.com/wp-content/uploads/2024/02/jan29feb4.png,2023-24,basketball,men,Ohio State / Iowa,Ohio State,Iowa,2024-02-02,7:00,Early,FS1,465000,sportsmediawatch_ocr,465000.0,,Regular Season,Week 13,,,0.28,COLL BSKBL:BIG 10L,FS1,0.28,465,Fri 02.02.24 7:00 COLL BSKBL:BIG 10L OHIO ST/ IOWA FS1 0.28 465,Friday,2,February,0,0,0,0,0,0,0,0,0,0,0,0,0,0,0,0,0,0,13.049792684569493
Sports Media Watch 2023-24 OCR Week 13,https://www.sportsmediawatch.com/wp-content/uploads/2024/02/jan29feb4.png,2023-24,basketball,men,Wisconsin / Nebraska,Wisconsin,Nebraska,2024-02-01,8:30,Early,BTN,446000,sportsmediawatch_ocr,446000.0,,Regular Season,Week 13,,,0.25,BIGMENS BASKETBALLL,BTN,0.25,446,Thu 02.01.24 8:30 BIGMENS BASKETBALLL WISCONSIN / NEBRASKA BTN 0.25 446,Thursday,2,February,0,0,6,1,0,0,0,0,1,0,0,0,0,0,0,0,0,0,13.008074231002201
Sports Media Watch 2023-24 OCR Week 13,https://www.sportsmediawatch.com/wp-content/uploads/2024/02/jan29feb4.png,2023-24,basketball,men,Florida / Texas A&M,Florida,Texas A&M,2024-02-03,4:12,Early,ESPN2,418000,sportsmediawatch_ocr,418000.0,,Regular Season,Week 13,,,0.23,COLLEGE BKBL REG SSN,ESPN2,0.23,418,Sat 02.03.24 4:12 COLLEGE BKBL REG SSN FLORIDA / TEXAS A&M ESPN2 0.23 418,Saturday,2,February,1,0,0,0,0,21,0,1,0,1,0,0,0,0,0,0,0,0,12.943236711506893
Sports Media Watch 2023-24 OCR Week 13,https://www.sportsmediawatch.com/wp-content/uploads/2024/02/jan29feb4.png,2023-24,basketball,men,Iowa / Indiana,Iowa,Indiana,2024-01-30,7:00,Early,BTN,368000,sportsmediawatch_ocr,368000.0,,Regular Season,Week 13,,,0.21,B1G MENS BASKETBALL L_,BIN,0.21,368,Tue 01.30.24 7:00 B1G MENS BASKETBALL L_ IOWA / INDIANA BIN 0.21 368,Tuesday,1,January,0,0,0,0,0,0,0,0,0,0,0,0,0,0,0,0,0,0,12.815838217151068
Sports Media Watch 2023-24 OCR Week 13,https://www.sportsmediawatch.com/wp-content/uploads/2024/02/jan29feb4.png,2023-24,basketball,men,Arkansas / LSU,Arkansas,LSU,2024-02-03,12:00,Early,ESPN2,314000,sportsmediawatch_ocr,314000.0,,Regular Season,Week 13,,,0.18,COLLEGE BKBL REG SSN,ESPN2,0.18,314,Sat 02.03.24 12:00 COLLEGE BKBL REG SSN ARKANSAS / LSU ESPN2 0.18 314,Saturday,2,February,1,0,20,0,1,0,0,0,0,1,0,0,0,0,0,0,0,0,12.65714826489039
Sports Media Watch 2023-24 OCR Week 13,https://www.sportsmediawatch.com/wp-content/uploads/2024/02/jan29feb4.png,2023-24,basketball,men,Stanford / Arizona,Stanford,Arizona,2024-02-04,8:06,Early,FS1,308000,sportsmediawatch_ocr,308000.0,,Regular Season,Week 13,,,0.16,COLL BSKTBL: PAC 12 L,FS1,0.16,308,Sun 02.04.24 8:06 COLL BSKTBL: PAC 12 L STANFORD / ARIZONA FS1 0.16 308,Sunday,2,February,1,0,0,0,0,11,0,1,0,1,0,0,0,0,0,0,0,0,12.637855061955712
Sports Media Watch 2023-24 OCR Week 13,https://www.sportsmediawatch.com/wp-content/uploads/2024/02/jan29feb4.png,2023-24,basketball,men,Loyola Marymount / Gonzaga,Loyola Marymount,Gonzaga,2024-01-30,11:04,Early,ESPN,299000,sportsmediawatch_ocr,299000.0,,Regular Season,Week 13,,,0.19,COLLEGE BKBLREGSSN oL,ESPN,0.19,299,Tue 01.30.24 11:04 COLLEGE BKBLREGSSN oL LOYOLA MARYMOUNT/ GONZAGA ESPN 0.19 299,Tuesday,1,January,0,0,0,0,0,23,0,1,0,1,0,0,0,0,0,0,0,0,12.608198852372823
Sports Media Watch 2023-24 OCR Week 13,https://www.sportsmediawatch.com/wp-content/uploads/2024/02/jan29feb4.png,2023-24,basketball,men,Georgia Tech / NC State,Georgia Tech,NC State,2024-02-03,5:37,Early,CW,275000,sportsmediawatch_ocr,275000.0,,Regular Season,Week 13,,,0.14,ACC MEN'S 1 BASKETBALL 1,Cw,0.14,275,Sat 02.03.24 5:37 ACC MEN'S 1 BASKETBALL 1 GEORGA TECH AT NC STATE UNIV Cw 0.14 275,Saturday,2,February,1,0,0,0,0,0,0,0,0,0,0,0,0,0,0,0,0,0,12.524526376648708
Sports Media Watch 2023-24 OCR Week 13,https://www.sportsmediawatch.com/wp-content/uploads/2024/02/jan29feb4.png,2023-24,basketball,men,Penn State / Indiana,Penn State,Indiana,2024-02-03,12:00,Early,FS1,272000,sportsmediawatch_ocr,272000.0,,Regular Season,Week 13,,,0.17,COLL BSKBL:BIG 10L,FS1,0.17,272,Sat 02.03.24 12:00 COLL BSKBL:BIG 10L PENN ST/ INDIANA FS1 0.17 272,Saturday,2,February,1,0,0,0,0,0,0,0,0,0,0,0,0,0,0,0,0,0,12.513557345278134
Sports Media Watch 2023-24 OCR Week 13,https://www.sportsmediawatch.com/wp-content/uploads/2024/02/jan29feb4.png,2023-24,basketball,men,Drake / Indiana State,Drake,Indiana State,2024-02-03,6:25,Early,ESPN2,262000,sportsmediawatch_ocr,262000.0,,Regular Season,Week 13,,,0.13,COLLEGE BKBL REG SSN,ESPN2,0.13,262,Sat 02.03.24 6:25 COLLEGE BKBL REG SSN DRAKE / INDIANA STATE ESPN2 0.13 262,Saturday,2,February,1,0,0,0,0,0,0,0,0,0,0,0,0,0,0,0,0,0,12.476099782743233
Sports Media Watch 2023-24 OCR Week 13,https://www.sportsmediawatch.com/wp-content/uploads/2024/02/jan29feb4.png,2023-24,basketball,men,Marquette / Georgetown,Marquette,Georgetown,2024-02-03,,Unknown,FS1,262000,sportsmediawatch_ocr,262000.0,,Regular Season,Week 13,,,0.14,COLL BSKTBL: BIGEASTL,FS1,0.14,262,Fo 03 Pa  COLL BSKTBL: BIGEASTL MARQUETTE/GEORGETOWN FS1 0.14 262,Saturday,2,February,1,0,9,1,0,0,0,0,1,0,0,0,0,0,0,0,0,0,12.476099782743233
Sports Media Watch 2023-24 OCR Week 13,https://www.sportsmediawatch.com/wp-content/uploads/2024/02/jan29feb4.png,2023-24,basketball,men,Oregon / USC,Oregon,USC,2024-02-01,10:39,Early,ESPN,257000,sportsmediawatch_ocr,257000.0,,Regular Season,Week 13,,,0.15,COLLEGE BKBL REG SSN L,ESPN,0.15,257,Thu 02.01.24 10:39 COLLEGE BKBL REG SSN L OREGON / USC ESPN 0.15 257,Thursday,2,February,0,0,0,0,0,23,0,1,0,1,0,0,0,0,0,0,0,0,12.456831363877356
Sports Media Watch 2023-24 OCR Week 13,https://www.sportsmediawatch.com/wp-content/uploads/2024/02/jan29feb4.png,2023-24,basketball,men,Notre Dame / Virginia,Notre Dame,Virginia,2024-01-31,7:00,Early,ESPN2,249000,sportsmediawatch_ocr,249000.0,,Regular Season,Week 13,,,0.15,COLLEGE BKBL REG SSN L,ESPN2,0.15,249,Wed 01.31.24 7:00 COLLEGE BKBL REG SSN L NOTRE DAME/ VIRGINIA ESPN2 0.15 249,Wednesday,1,January,0,0,0,0,0,22,0,1,0,1,0,0,0,0,0,0,0,0,12.425208175446844
Sports Media Watch 2023-24 OCR Week 13,https://www.sportsmediawatch.com/wp-content/uploads/2024/02/jan29feb4.png,2023-24,basketball,men,Syracuse / Wake Forest,Syracuse,Wake Forest,2024-02-03,7:52,Early,CW,933000,sportsmediawatch_ocr,933000.0,,Regular Season,Week 13,,,0.14,ACCMEN'SBASKETBALL2 ;,cw,0.14,933,Sat 02.03.24 7:52 ACCMEN'SBASKETBALL2 ; - SYRACUSE UNIV AT WAKE FOREST cw 0.14 933,Saturday,2,February,1,0,0,0,0,0,0,0,0,0,0,0,0,0,0,0,0,0,13.74616047982948
Sports Media Watch 2023-24 OCR Week 13,https://www.sportsmediawatch.com/wp-content/uploads/2024/02/jan29feb4.png,2023-24,basketball,men,Miami (FL) / NC State,Miami (FL),NC State,2024-01-30,9:21,Early,ESPN2,221000,sportsmediawatch_ocr,221000.0,,Regular Season,Week 13,,,0.13,COLLEGE BKBL REG SSN,ESPN2,0.13,221,Tue 01.30.24 9:21 COLLEGE BKBL REG SSN MIAMI / NC STATE ESPN2 0.13 221,Tuesday,1,January,0,0,0,0,0,0,0,0,0,0,0,0,0,0,0,0,0,0,12.30591798049989
Sports Media Watch 2023-24 OCR Week 13,https://www.sportsmediawatch.com/wp-content/uploads/2024/02/jan29feb4.png,2023-24,basketball,men,St Bonaventure / Dayton,St. Bonaventure,Dayton,2024-02-02,7:00,Early,ESPN2,215000,sportsmediawatch_ocr,215000.0,,Regular Season,Week 13,,,0.11,COLLEGE BKBL REG SSN,ESPN2,0.11,215,Fri 02.02.24 7:00 COLLEGE BKBL REG SSN ST. BONAVENTURE/ DAYTON ESPN2 0.11 215,Friday,2,February,0,0,0,0,0,21,0,1,0,1,0,0,0,0,0,0,0,0,12.2783933071098
Sports Media Watch 2023-24 OCR Week 13,https://www.sportsmediawatch.com/wp-content/uploads/2024/02/jan29feb4.png,2023-24,basketball,men,Marquette / Villanova,Marquette,Villanova,2024-01-30,7:00,Early,FS1,205000,sportsmediawatch_ocr,205000.0,,Regular Season,Week 13,,,0.12,COLL BSKTBL: BIGEASTL,FS1,0.12,205,Tue 0130.24 7:00 COLL BSKTBL: BIGEASTL MARQUETTE/ VILLANOVA FS1 0.12 205,Tuesday,1,January,0,0,9,1,0,18,0,1,1,1,0,0,0,0,0,0,0,0,12.230765258120545
Sports Media Watch 2023-24 OCR Week 13,https://www.sportsmediawatch.com/wp-content/uploads/2024/02/jan29feb4.png,2023-24,basketball,men,Oregon / UCLA,Oregon,UCLA,2024-02-03,10:39,Early,ESPN2,189000,sportsmediawatch_ocr,189000.0,,Regular Season,Week 13,,,0.11,COLLEGE BKBL REG SSN L,ESPN2,0.11,189,Sat 02.03.24 10:39 COLLEGE BKBL REG SSN L OREGON/ UCLA ESPN2 0.11 189,Saturday,2,February,1,0,0,0,0,0,0,0,0,0,0,0,0,0,0,0,0,0,12.14950229404178
Sports Media Watch 2023-24 OCR Week 13,https://www.sportsmediawatch.com/wp-content/uploads/2024/02/jan29feb4.png,2023-24,basketball,men,Texas Tech / TCU,Texas Tech,TCU,2024-01-30,7:00,Early,ESPN2,167000,sportsmediawatch_ocr,167000.0,,Regular Season,Week 13,,,0.1,COLLEGE BKBL REG SSN L,ESPN2,0.10,167,Tue 01.30.24 7:00 COLLEGE BKBL REG SSN L TEXAS TECH / TCU ESPN2 0.10 167,Tuesday,1,January,0,0,15,0,1,25,0,1,0,2,0,0,0,0,0,0,0,0,12.025749091398891
Sports Media Watch 2023-24 OCR Week 13,https://www.sportsmediawatch.com/wp-content/uploads/2024/02/jan29feb4.png,2023-24,basketball,men,Vanderbilt / Auburn,Vanderbilt,Auburn,2024-01-31,9:00,Early,ESPN2,159000,sportsmediawatch_ocr,159000.0,,Regular Season,Week 13,,,0.1,COLLEGE BKBL REG SSN oL,ESPN2,0.10,159,Wed 01.31.24 9:00 COLLEGE BKBL REG SSN oL VANDERBILT / AUBURN ESPN2 0.10 159,Wednesday,1,January,0,0,0,0,0,16,0,1,0,1,0,0,0,0,0,0,0,0,11.976659481202368
Sports Media Watch 2023-24 OCR Week 13,https://www.sportsmediawatch.com/wp-content/uploads/2024/02/jan29feb4.png,2023-24,basketball,men,Xavier / Depaul,Xavier,DePaul,2024-02-03,9:46,Early,FS1,154000,sportsmediawatch_ocr,154000.0,,Regular Season,Week 13,,,0.09,COLLBSKTBL: BIGEASTL,FS1,0.09,154,Sat 02.03.24 9:46 COLLBSKTBL: BIGEASTL XAVIER / DEPAUL FS1 0.09 154,Saturday,2,February,1,0,0,0,0,0,0,0,0,0,0,0,0,0,0,0,0,0,11.944707881395766
Sports Media Watch 2023-24 OCR Week 13,https://www.sportsmediawatch.com/wp-content/uploads/2024/02/jan29feb4.png,2023-24,basketball,men,Providence / Villanova,Providence,Villanova,2024-02-04,,Unknown,FS1,149000,sportsmediawatch_ocr,149000.0,,Regular Season,Week 13,,,0.09,COLL BSKTBL: BIG EASTL,FS1,0.09,149,Sood Pa  COLL BSKTBL: BIG EASTL PROVIDENCE/ VILLANOVA FS1 0.09 149,Sunday,2,February,1,0,23,0,1,18,0,1,0,2,0,0,0,0,0,0,0,0,11.911701584927597
Sports Media Watch 2023-24 OCR Week 13,https://www.sportsmediawatch.com/wp-content/uploads/2024/02/jan29feb4.png,2023-24,basketball,men,UAB / SMU,UAB,SMU,2024-02-04,6:00,Early,ESPN2,147000,sportsmediawatch_ocr,147000.0,,Regular Season,Week 13,,,0.09,COLLEGE BKBL REG SSN,ESPN2,0.09,147,Sun 02.04.24 6:00 COLLEGE BKBL REG SSN UAB / SMU ESPN2 0.09 147,Sunday,2,February,1,0,0,0,0,0,0,0,0,0,0,0,0,0,0,0,0,0,11.898187865760873
Sports Media Watch 2023-24 OCR Week 13,https://www.sportsmediawatch.com/wp-content/uploads/2024/02/jan29feb4.png,2023-24,basketball,men,St. John's / Xavier,St. John's,Xavier,2024-01-31,6:30,Early,FS1,138000,sportsmediawatch_ocr,138000.0,,Regular Season,Week 13,,,0.08,COLLBSKTBL:BIGEASTL,FS1,0.08,138,Wed 0131.24 6:30 COLLBSKTBL:BIGEASTL ST. JOHNS / XAVIER FS1 0.08 138,Wednesday,1,January,0,0,0,0,0,0,0,0,0,0,0,0,0,0,0,0,0,0,11.835008964139341
Sports Media Watch 2023-24 OCR Week 13,https://www.sportsmediawatch.com/wp-content/uploads/2024/02/jan29feb4.png,2023-24,basketball,men,Toledo / Akron,Toledo,Akron,2024-02-02,9:13,Early,ESPN2,130000,sportsmediawatch_ocr,130000.0,,Regular Season,Week 13,,,0.08,COLLEGE BKBL REG SSN,ESPN2,0.08,130,Fri 02.02.24 9:13 COLLEGE BKBL REG SSN TOLEDO / AKRON ESPN2 0.08 130,Friday,2,February,0,0,0,0,0,0,0,0,0,0,0,0,0,0,0,0,0,0,11.77528972943772
Sports Media Watch 2023-24 OCR Week 13,https://www.sportsmediawatch.com/wp-content/uploads/2024/02/jan29feb4.png,2023-24,basketball,men,Fordham / Saint Louis,Fordham,Saint Louis,2024-02-03,2:39,Early,USA,122000,sportsmediawatch_ocr,122000.0,,Regular Season,Week 13,,,0.06,10 BASKETBALL L,USA,0.06,122,Sat 02.03.24 2:39 10 BASKETBALL L FORDHAM / ST. LOUIS USA 0.06 122,Saturday,2,February,1,0,0,0,0,0,0,0,0,0,0,0,0,0,0,0,0,0,11.711776323715394
Sports Media Watch 2023-24 OCR Week 13,https://www.sportsmediawatch.com/wp-content/uploads/2024/02/jan29feb4.png,2023-24,basketball,men,Tulane / SMU,Tulane,SMU,2024-02-01,7:00,Early,ESPN2,117000,sportsmediawatch_ocr,117000.0,,Regular Season,Week 13,,,0.07,COLLEGE BKBL REG SSN,ESPN2,0.07,117,Thu 02.01.24 7:00 COLLEGE BKBL REG SSN TULANE / SMU ESPN2 0.07 117,Thursday,2,February,0,0,0,0,0,0,0,0,0,0,0,0,0,0,0,0,0,0,11.669929213779893
Sports Media Watch 2023-24 OCR Week 13,https://www.sportsmediawatch.com/wp-content/uploads/2024/02/jan29feb4.png,2023-24,basketball,men,Duquesne / Rhode Island,Duquesne,Rhode Island,2024-02-03,12:30,Early,ESPN,112000,sportsmediawatch_ocr,112000.0,,Regular Season,Week 13,,,0.05,10 BASKETBALL L,USA,0.05,112,Sat 02.03.24 12:30 10 BASKETBALL L DUQUESNE/RHODEISLAND USA 0.05 112,Saturday,2,February,1,0,0,0,0,0,0,0,0,0,0,0,0,0,0,0,0,0,11.626254150277232
Sports Media Watch 2023-24 OCR Week 13,https://www.sportsmediawatch.com/wp-content/uploads/2024/02/jan29feb4.png,2023-24,basketball,men,Alcorn State / Bethune-Cookman,Alcorn State,Bethune-Cookman,2024-01-29,9:06,Early,ESPN2,88000,sportsmediawatch_ocr,88000.0,,Regular Season,Week 13,,,0.06,COLLEGEBKBLREGSSN soL,ESPN2,0.06,88,Mon 01.29.24 9:06 COLLEGEBKBLREGSSN soL ALCORN STATE/ BETHUNE- COOKMAN ESPN2 0.06 88,Monday,1,January,0,0,0,0,0,0,0,0,0,0,0,0,0,0,0,0,0,0,11.385092093460344
Sports Media Watch 2023-24 OCR Week 13,https://www.sportsmediawatch.com/wp-content/uploads/2024/02/jan29feb4.png,2023-24,basketball,men,Temple / Tulane,Temple,Tulane,2024-02-04,4:07,Early,ESPNU,51000,sportsmediawatch_ocr,51000.0,,Regular Season,Week 13,,,0.03,COLLEGE BKBL REG SSN,ESPNU,0.03,51,Sun 02.04.24 4:07 COLLEGE BKBL REG SSN TEMPLE / TULANE ESPNU 0.03 51,Sunday,2,February,1,0,0,0,0,0,0,0,0,0,0,0,0,0,0,0,0,0,10.839580911706463
Sports Media Watch 2023-24 OCR Week 13,https://www.sportsmediawatch.com/wp-content/uploads/2024/02/jan29feb4.png,2023-24,basketball,men,Richmond / VCU,Richmond,VCU,2024-02-03,4:06,Early,ESPNU,32000,sportsmediawatch_ocr,32000.0,,Regular Season,Week 13,,,0.02,"COLLEGE BKBL REG SSN OL,",ESPNU,0.02,32,"Siow Sat 4:06 COLLEGE BKBL REG SSN OL, RICHMOND / VCU ESPNU 0.02 32",Saturday,2,February,1,0,0,0,0,0,0,0,0,0,0,0,0,0,0,0,0,0,10.373491181781864
Sports Media Watch 2023-24 OCR Week 13,https://www.sportsmediawatch.com/wp-content/uploads/2024/02/jan29feb4.png,2023-24,basketball,men,Wichita State / Tulsa,Wichita State,Tulsa,2024-01-31,7:00,Early,ESPNU,32000,sportsmediawatch_ocr,32000.0,,Regular Season,Week 13,,,0.02,COLLEGE BKBL REG SSN oL,ESPNU,0.02,32,Wed 013124 7:00 COLLEGE BKBL REG SSN oL WICHITA STATE / TULSA ESPNU 0.02 32,Wednesday,1,January,0,0,0,0,0,0,0,0,0,0,0,0,0,0,0,0,0,0,10.373491181781864
Sports Media Watch 2023-24 OCR Week 13,https://www.sportsmediawatch.com/wp-content/uploads/2024/02/jan29feb4.png,2023-24,basketball,men,Santa Clara / Saint Mary's,Santa Clara,Saint Mary's,2024-01-31,11:37,Early,ESPNU,26000,sportsmediawatch_ocr,26000.0,,Regular Season,Week 13,,,0.02,COLLEGE BKBL REG SSN,ESPNU,0.02,26,Wed 0131 24 11:37 COLLEGE BKBL REG SSN SANTA CLARA/ SAINT MARYS ESPNU 0.02 26,Wednesday,1,January,0,0,0,0,0,23,0,1,0,1,0,0,0,0,0,0,0,0,10.165851817003619
Sports Media Watch 2023-24 OCR Week 13,https://www.sportsmediawatch.com/wp-content/uploads/2024/02/jan29feb4.png,2023-24,basketball,men,Saint Joseph's / La Salle,Saint Joseph's,La Salle,2024-02-03,12:00,Early,ESPNU,24000,sportsmediawatch_ocr,24000.0,,Regular Season,Week 13,,,0.01,COLLEGE BKBL REG SSN L,ESPNU,0.01,24,Sat 02.03.24 12:00 COLLEGE BKBL REG SSN L SAINT JOSEPHS / LA SALLE ESPNU 0.01 24,Saturday,2,February,1,0,0,0,0,0,0,0,0,0,0,0,0,0,0,0,0,0,10.085809109330082
Sports Media Watch 2023-24 OCR Week 13,https://www.sportsmediawatch.com/wp-content/uploads/2024/02/jan29feb4.png,2023-24,basketball,men,East Carolina / Charlotte,East Carolina,Charlotte,2024-02-03,2:12,Early,ESPNU,23000,sportsmediawatch_ocr,23000.0,,Regular Season,Week 13,,,0.01,COLLEGE BKBL REG SSN OL,ESPNU,0.01,23,— Sat 2:12 COLLEGE BKBL REG SSN OL EAST CAROLINA / CHARLOTTE ESPNU 0.01 23,Saturday,2,February,1,0,0,0,0,0,0,0,0,0,0,0,0,0,0,0,0,0,10.043249494911286
Sports Media Watch 2023-24 OCR Week 13,https://www.sportsmediawatch.com/wp-content/uploads/2024/02/jan29feb4.png,2023-24,basketball,men,Princeton / Yale,Princeton,Yale,2024-02-02,7:00,Early,ESPNU,21000,sportsmediawatch_ocr,21000.0,,Regular Season,Week 13,,,0.01,COLLEGE BKBL REG SSN OL,ESPNU,0.01,21,Eh Fri 7:00 COLLEGE BKBL REG SSN OL PRINCETON / YALE ESPNU 0.01 21,Friday,2,February,0,0,0,0,0,0,0,0,0,0,0,0,0,0,0,0,0,0,9.95227771670556
Sports Media Watch 2023-24 OCR Week 13,https://www.sportsmediawatch.com/wp-content/uploads/2024/02/jan29feb4.png,2023-24,basketball,men,Longwood / High Point,Longwood,High Point,2024-02-01,7:00,Early,ESPNU,14000,sportsmediawatch_ocr,14000.0,,Regular Season,Week 13,,,0.01,COLLEGE BKBL REG SSN,ESPNU,0.01,14,Thu 02.01.24 7:00 COLLEGE BKBL REG SSN LONGWOOD / HIGH POINT ESPNU 0.01 14,Thursday,2,February,0,0,0,0,0,0,0,0,0,0,0,0,0,0,0,0,0,0,9.546812608597396
Sports Media Watch 2023-24 OCR Week 13,https://www.sportsmediawatch.com/wp-content/uploads/2024/02/jan29feb4.png,2023-24,basketball,men,Unc Greensboro / Furman,UNC Greensboro,Furman,2024-02-04,2:00,Early,ESPNU,14000,sportsmediawatch_ocr,14000.0,,Regular Season,Week 13,,,0.01,COLLEGE BKBL REG SSN OL,ESPNU,0.01,14,eae Sun 2:00 COLLEGE BKBL REG SSN OL UNC GREENSBORO / FURMAN ESPNU 0.01 14,Sunday,2,February,1,0,0,0,0,0,0,0,0,0,0,0,0,0,0,0,0,0,9.546812608597396
Sports Media Watch 2023-24 OCR Week 14,https://www.sportsmediawatch.com/wp-content/uploads/2024/02/feb511cbb.png,2023-24,basketball,men,Gonzaga / Kentucky,Gonzaga,Kentucky,2024-02-10,4:22,Early,CBS,2308000,sportsmediawatch_ocr,2308000.0,,Regular Season,Week 14,,,1.32,NCAABASKETBALL-SAT-2,CBS,1.32,"2,308","Sat 02.10.24 4:22 NCAABASKETBALL-SAT-2 GONZAGA AT KENTUCKY CBS 1.32 2,308",Saturday,2,February,1,0,23,0,1,17,0,1,0,2,0,0,0,0,0,0,0,0,14.651891906610127
Sports Media Watch 2023-24 OCR Week 14,https://www.sportsmediawatch.com/wp-content/uploads/2024/02/feb511cbb.png,2023-24,basketball,men,Baylor / Kansas,Baylor,Kansas,2024-02-10,6:12,Early,ESPN,1430000,sportsmediawatch_ocr,1430000.0,,Regular Season,Week 14,,,0.76,COLLEGE BKBL REG SSN,ESPN,0.76,"1,430","Sat 02.10.24 6:12 COLLEGE BKBL REG SSN BAYLOR / KANSAS ESPN 0.76 1,430",Saturday,2,February,1,0,13,0,1,4,1,0,1,1,0,0,0,0,0,0,0,0,14.17318500223609
Sports Media Watch 2023-24 OCR Week 14,https://www.sportsmediawatch.com/wp-content/uploads/2024/02/feb511cbb.png,2023-24,basketball,men,Illinois / Michigan State,Illinois,Michigan State,2024-02-10,2:00,Early,CBS,1342000,sportsmediawatch_ocr,1342000.0,,Regular Season,Week 14,,,0.82,NCAABASKETBALL-SAT-1,CBS,0.82,"1,342","Sat 02.10.24 2:00 NCAABASKETBALL-SAT-1 ILLINOIS AT MICHIGAN ST CBS 0.82 1,342",Saturday,2,February,1,0,10,1,0,21,0,1,1,1,0,0,0,0,0,0,0,0,14.109671596513763
Sports Media Watch 2023-24 OCR Week 14,https://www.sportsmediawatch.com/wp-content/uploads/2024/02/feb511cbb.png,2023-24,basketball,men,Kansas / Kansas State,Kansas,Kansas State,2024-02-05,9:05,Early,ESPN,1222000,sportsmediawatch_ocr,1222000.0,,Regular Season,Week 14,,,0.67,COLLEGE BKBL REG SSN,ESPN,0.67,"1,222","Mon 02.05.24 9:05 COLLEGE BKBL REG SSN KANSAS / KANSAS STATE ESPN 0.67 1,222",Monday,2,February,0,0,4,1,0,0,0,0,1,0,0,0,0,0,0,0,0,0,14.015999418713678
Sports Media Watch 2023-24 OCR Week 14,https://www.sportsmediawatch.com/wp-content/uploads/2024/02/feb511cbb.png,2023-24,basketball,men,Indiana / Purdue,Indiana,Purdue,2024-02-10,8:04,Early,FOX,1195000,sportsmediawatch_ocr,1195000.0,,Regular Season,Week 14,,,0.64,FOX C. HOOPS- BIG10 PRIME,toh,0.64,"1,195","Sat 02.10.24 8:04 FOX C. HOOPS- BIG10 PRIME INDIANA UNIV AT PURDUE UNIV toh 0.64 1,195",Saturday,2,February,1,0,0,0,0,2,1,0,1,0,0,0,0,0,0,0,0,0,13.993656743347747
Sports Media Watch 2023-24 OCR Week 14,https://www.sportsmediawatch.com/wp-content/uploads/2024/02/feb511cbb.png,2023-24,basketball,men,Clemson / North Carolina,Clemson,North Carolina,2024-02-06,7:00,Early,ESPN,1145000,sportsmediawatch_ocr,1145000.0,,Regular Season,Week 14,,,0.65,COLLEGE BKBL REG SSN OL,ESPN,0.65,"1,145","Tue 02.06.24 7:00 COLLEGE BKBL REG SSN OL CLEMSON / NORTH CAROLINA ESPN 0.65 1,145",Tuesday,2,February,0,0,21,0,1,3,1,0,1,1,0,0,0,0,0,0,0,0,13.950915194970477
Sports Media Watch 2023-24 OCR Week 14,https://www.sportsmediawatch.com/wp-content/uploads/2024/02/feb511cbb.png,2023-24,basketball,men,North Carolina / Miami (FL),North Carolina,Miami (FL),2024-02-10,4:03,Early,ESPN,1049000,sportsmediawatch_ocr,1049000.0,,Regular Season,Week 14,,,0.6,COLLEGE BKBL REG SSN,ESPN,0.60,"1,049","Sat 02.10.24 4:03 COLLEGE BKBL REG SSN NORTH CAROLINA / MIAMI ESPN 0.60 1,049",Saturday,2,February,1,0,3,1,0,0,0,0,1,0,0,0,0,0,0,0,0,0,13.863347887378435
Sports Media Watch 2023-24 OCR Week 14,https://www.sportsmediawatch.com/wp-content/uploads/2024/02/feb511cbb.png,2023-24,basketball,men,Tennessee / Texas A&M,Tennessee,Texas A&M,2024-02-10,8:21,Early,ESPN,961000,sportsmediawatch_ocr,961000.0,,Regular Season,Week 14,,,0.53,COLLEGE BKBL REG SSN,ESPN,0.53,961,Sat 02.1024 8:21 COLLEGE BKBL REG SSN TENNESSEE / TEXAS A&M ESPN 0.53 961,Saturday,2,February,1,0,6,1,0,21,0,1,1,1,0,0,0,0,0,0,0,0,13.77572968795243
Sports Media Watch 2023-24 OCR Week 14,https://www.sportsmediawatch.com/wp-content/uploads/2024/02/feb511cbb.png,2023-24,basketball,men,Boston College / Duke,Boston College,Duke,2024-02-10,2:11,Early,ESPN,796000,sportsmediawatch_ocr,796000.0,,Regular Season,Week 14,,,0.45,COLLEGE BKBL REG SSN,ESPN,0.45,796,Sat 02.10.24 2:11 COLLEGE BKBL REG SSN BOSTON COLLEGE / DUKE ESPN 0.45 796,Saturday,2,February,1,0,0,0,0,9,1,0,1,0,0,0,0,0,0,0,0,0,13.58735446482652
Sports Media Watch 2023-24 OCR Week 14,https://www.sportsmediawatch.com/wp-content/uploads/2024/02/feb511cbb.png,2023-24,basketball,men,Alabama / LSU,Alabama,LSU,2024-02-10,12:00,Early,ESPN,677000,sportsmediawatch_ocr,677000.0,,Regular Season,Week 14,,,0.4,COLLEGE BKBL REG SSN,ESPN,0.40,677,Sat 02.10.24 12:00 COLLEGE BKBL REG SSN ALABAMA / LSU ESPN 0.40 677,Saturday,2,February,1,0,16,0,1,0,0,0,0,1,0,0,0,0,0,0,0,0,13.425426551894413
Sports Media Watch 2023-24 OCR Week 14,https://www.sportsmediawatch.com/wp-content/uploads/2024/02/feb511cbb.png,2023-24,basketball,men,Creighton / Xavier,Creighton,Xavier,2024-02-10,12:34,Early,FOX,661000,sportsmediawatch_ocr,661000.0,,Regular Season,Week 14,,,0.41,FOXC.HOOPS-BIGEAST NOON,FOX,0.41,661,Sat 02.10.24 12:34 FOXC.HOOPS-BIGEAST NOON CREIGHTON UNIV AT XAVIER UNIV FOX 0.41 661,Saturday,2,February,1,0,19,0,1,0,0,0,0,1,0,0,0,0,0,0,0,0,13.401509118833824
Sports Media Watch 2023-24 OCR Week 14,https://www.sportsmediawatch.com/wp-content/uploads/2024/02/feb511cbb.png,2023-24,basketball,men,Miami (FL) / Virginia,Miami (FL),Virginia,2024-02-05,7:00,Early,ESPN,631000,sportsmediawatch_ocr,631000.0,,Regular Season,Week 14,,,0.37,COLLEGE BKBL REG SSN,ESPN,0.37,631,Mon 02.05.24 7:00 COLLEGE BKBL REG SSN MIAMI / VIRGINIA ESPN 0.37 631,Monday,2,February,0,0,0,0,0,22,0,1,0,1,0,0,0,0,0,0,0,0,13.35506114152335
Sports Media Watch 2023-24 OCR Week 14,https://www.sportsmediawatch.com/wp-content/uploads/2024/02/feb511cbb.png,2023-24,basketball,men,Texas Tech / Baylor,Texas Tech,Baylor,2024-02-06,9:10,Early,ESPN,576000,sportsmediawatch_ocr,576000.0,,Regular Season,Week 14,,,0.36,COLLEGE BKBL REG SSN,ESPN,0.36,576,Tue 02.06.24 9:10 COLLEGE BKBL REG SSN TEXAS TECH / BAYLOR ESPN 0.36 576,Tuesday,2,February,0,0,23,0,1,13,0,1,0,2,0,0,0,0,0,0,0,0,13.263862939678027
Sports Media Watch 2023-24 OCR Week 14,https://www.sportsmediawatch.com/wp-content/uploads/2024/02/feb511cbb.png,2023-24,basketball,men,Arizona / Colorado,Arizona,Colorado,2024-02-10,10:36,Early,ESPN,551000,sportsmediawatch_ocr,551000.0,,Regular Season,Week 14,,,0.3,COLLEGE BKBL REG SSN,ESPN,0.30,551,Sat 02.10.24 10:36 COLLEGE BKBL REG SSN ARIZONA / COLORADO ESPN 0.30 551,Saturday,2,February,1,0,8,1,0,18,0,1,1,1,0,0,0,0,0,0,0,0,13.219490088135052
Sports Media Watch 2023-24 OCR Week 14,https://www.sportsmediawatch.com/wp-content/uploads/2024/02/feb511cbb.png,2023-24,basketball,men,Ca-Los Angeles / Ca-Berkley,UCLA,California,2024-02-10,5:34,Early,FOX,905000,sportsmediawatch_ocr,905000.0,,Regular Season,Week 14,,,0.31,FOX C.HOOPS-PAC12 EVENING,FOX,0.31,905,Sat 02.10.24 5:34 FOX C.HOOPS-PAC12 EVENING UNIV-CA-LOS ANGELES AT UNIV-CA-BERKLEY FOX 0.31 905,Saturday,2,February,1,0,0,0,0,0,0,0,0,0,0,0,0,0,0,0,0,0,13.715690222682063
Sports Media Watch 2023-24 OCR Week 14,https://www.sportsmediawatch.com/wp-content/uploads/2024/02/feb511cbb.png,2023-24,basketball,men,Alabama / Auburn,Alabama,Auburn,2024-02-07,7:00,Early,ESPN2,471000,sportsmediawatch_ocr,471000.0,,Regular Season,Week 14,,,0.29,COLLEGE BKBL REG SSN OL,ESPN2,0.29,471,Wed 02.0724 7:00 COLLEGE BKBL REG SSN OL ALABAMA / AUBURN ESPN2 0.29 471,Wednesday,2,February,0,0,16,0,1,12,0,1,0,2,0,0,0,0,0,0,0,0,13.062613372998555
Sports Media Watch 2023-24 OCR Week 14,https://www.sportsmediawatch.com/wp-content/uploads/2024/02/feb511cbb.png,2023-24,basketball,men,Minnesota / Iowa,Minnesota,Iowa,2024-02-11,3:09,Early,BTN,391000,sportsmediawatch_ocr,391000.0,,Regular Season,Week 14,,,0.21,B1G MENS BASKETBALL L,BIN,0.21,391,Sun 02.11.24 3:09 B1G MENS BASKETBALL L MINNESOTA/ IOWA BIN 0.21 391,Sunday,2,February,1,0,0,0,0,0,0,0,0,0,0,0,0,0,0,0,0,0,12.876462838967504
Sports Media Watch 2023-24 OCR Week 14,https://www.sportsmediawatch.com/wp-content/uploads/2024/02/feb511cbb.png,2023-24,basketball,men,Clemson / Syracuse,Clemson,Syracuse,2024-02-10,12:00,Early,ESPN2,390000,sportsmediawatch_ocr,390000.0,,Regular Season,Week 14,,,0.23,COLLEGE BKBL REG SSN,ESPN2,0.23,390,Sat 02.10.24 12:00 COLLEGE BKBL REG SSN CLEMSON / SYRACUSE ESPN2 0.23 390,Saturday,2,February,1,0,21,0,1,0,0,0,0,1,0,0,0,0,0,0,0,0,12.873902018105829
Sports Media Watch 2023-24 OCR Week 14,https://www.sportsmediawatch.com/wp-content/uploads/2024/02/feb511cbb.png,2023-24,basketball,men,Va / Fla St,Virginia,Florida State,2024-02-10,8:06,Early,CW,365000,sportsmediawatch_ocr,365000.0,,Regular Season,Week 14,,,0.22,ACC MEN'S ' BASKETBALL 2,cw,0.22,365,Sat 02.10.24 8:06 ACC MEN'S ' BASKETBALL 2 - UNIV-VA AT FLA ST UNIV cw 0.22 365,Saturday,2,February,1,0,22,0,1,0,0,0,0,1,0,0,0,0,0,0,0,0,12.80765263256463
Sports Media Watch 2023-24 OCR Week 14,https://www.sportsmediawatch.com/wp-content/uploads/2024/02/feb511cbb.png,2023-24,basketball,men,Iowa / Penn State,Iowa,Penn State,2024-02-08,7:00,Early,BTN,340000,sportsmediawatch_ocr,340000.0,,Regular Season,Week 14,,,0.19,BIGMENSBASKETBALLL,BIN,0.19,340,Thu 02.08.24 7:00 BIGMENSBASKETBALLL IOWA/ PENN STATE BIN 0.19 340,Thursday,2,February,0,0,0,0,0,0,0,0,0,0,0,0,0,0,0,0,0,0,12.736700896592344
Sports Media Watch 2023-24 OCR Week 14,https://www.sportsmediawatch.com/wp-content/uploads/2024/02/feb511cbb.png,2023-24,basketball,men,Wisconsin / Michigan,Wisconsin,Michigan,2024-02-07,7:00,Early,BTN,334000,sportsmediawatch_ocr,334000.0,,Regular Season,Week 14,,,0.18,BIGMENSBASKETBALLL,BIN,0.18,334,Wed 02.0724 7:00 BIGMENSBASKETBALLL WISCONSIN / MICHIGAN BIN 0.18 334,Wednesday,2,February,0,0,11,0,1,0,0,0,0,1,0,0,0,0,0,0,0,0,12.718896271958837
Sports Media Watch 2023-24 OCR Week 14,https://www.sportsmediawatch.com/wp-content/uploads/2024/02/feb511cbb.png,2023-24,basketball,men,St. John's / Marquette,St. John's,Marquette,2024-02-10,6:43,Early,FS1,333000,sportsmediawatch_ocr,333000.0,,Regular Season,Week 14,,,0.16,COLL BSKTBL: BIGEASTL,FS1,0.16,333,Sat 02.10.24 6:43 COLL BSKTBL: BIGEASTL ST. JOHNS / MARQUETTE FS1 0.16 333,Saturday,2,February,1,0,0,0,0,7,1,0,1,0,0,0,0,0,0,0,0,0,12.71589776896258
Sports Media Watch 2023-24 OCR Week 14,https://www.sportsmediawatch.com/wp-content/uploads/2024/02/feb511cbb.png,2023-24,basketball,men,TCU / Iowa State,TCU,Iowa State,2024-02-10,2:07,Early,ESPN2,331000,sportsmediawatch_ocr,331000.0,,Regular Season,Week 14,,,0.2,COLLEGE BKBL REG SSN,ESPN2,0.20,331,Sat 02.10.24 2:07 COLLEGE BKBL REG SSN TCU / IOWA STATE ESPN2 0.20 331,Saturday,2,February,1,0,25,0,1,14,0,1,0,2,0,0,0,0,0,0,0,0,12.7098736543592
Sports Media Watch 2023-24 OCR Week 14,https://www.sportsmediawatch.com/wp-content/uploads/2024/02/feb511cbb.png,2023-24,basketball,men,Houston / Cincinnati,Houston,Cincinnati,2024-02-10,4:22,Early,ESPN2,328000,sportsmediawatch_ocr,328000.0,,Regular Season,Week 14,,,0.19,COLLEGE BKBL REG SSN,ESPN2,0.19,328,Sat 02.10.24 4:22 COLLEGE BKBL REG SSN HOUSTON / CINCINNATI ESPN2 0.19 328,Saturday,2,February,1,0,5,1,0,0,0,0,1,0,0,0,0,0,0,0,0,0,12.70076888736628
Sports Media Watch 2023-24 OCR Week 14,https://www.sportsmediawatch.com/wp-content/uploads/2024/02/feb511cbb.png,2023-24,basketball,men,Kansas State / Byu,Kansas State,BYU,2024-02-10,10:09,Early,ESPN2,312000,sportsmediawatch_ocr,312000.0,,Regular Season,Week 14,,,0.17,COLLEGE BKBL REG SSN,ESPN2,0.17,312,Sat 02.10.24 10:09 COLLEGE BKBL REG SSN KANSAS STATE/ BYU ESPN2 0.17 312,Saturday,2,February,1,0,0,0,0,21,0,1,0,1,0,0,0,0,0,0,0,0,12.65075846679162
Sports Media Watch 2023-24 OCR Week 14,https://www.sportsmediawatch.com/wp-content/uploads/2024/02/feb511cbb.png,2023-24,basketball,men,Dayton / VCU,Dayton,VCU,2024-02-09,7:00,Early,ESPN2,310000,sportsmediawatch_ocr,310000.0,,Regular Season,Week 14,,,0.17,COLLEGE BKBL REG SSN OL,ESPN2,0.17,310,Fri 02.09.24 7:00 COLLEGE BKBL REG SSN OL DAYTON / VCU ESPN2 0.17 310,Friday,2,February,0,0,18,0,1,0,0,0,0,1,0,0,0,0,0,0,0,0,12.644327576461329
Sports Media Watch 2023-24 OCR Week 14,https://www.sportsmediawatch.com/wp-content/uploads/2024/02/feb511cbb.png,2023-24,basketball,men,Maryland / Ohio State,Maryland,Ohio State,2024-02-10,4:13,Early,FS1,306000,sportsmediawatch_ocr,306000.0,,Regular Season,Week 14,,,0.17,COLL BSKBL:BIG 10L,FS1,0.17,306,Sat 02.10.24 4:13 COLL BSKBL:BIG 10L MARYLAND / OHIO ST FS1 0.17 306,Saturday,2,February,1,0,0,0,0,0,0,0,0,0,0,0,0,0,0,0,0,0,12.631340380934517
Sports Media Watch 2023-24 OCR Week 14,https://www.sportsmediawatch.com/wp-content/uploads/2024/02/feb511cbb.png,2023-24,basketball,men,Butler / UConn,Butler,UConn,2024-02-06,8:41,Early,FS1,297000,sportsmediawatch_ocr,297000.0,,Regular Season,Week 14,,,0.17,COLL BSKTBL: BIGEASTL,FS1,0.17,297,Tue 02.06.24 8:41 COLL BSKTBL: BIGEASTL BUTLER/ UCONN FS1 0.17 297,Tuesday,2,February,0,0,0,0,0,1,1,0,1,0,0,0,0,0,0,0,0,0,12.601487417784837
Sports Media Watch 2023-24 OCR Week 14,https://www.sportsmediawatch.com/wp-content/uploads/2024/02/feb511cbb.png,2023-24,basketball,men,Texas A&M / Missouri,Texas A&M,Missouri,2024-02-07,9:30,Early,ESPN2,292000,sportsmediawatch_ocr,292000.0,,Regular Season,Week 14,,,0.18,COLLEGE BKBL REG SSN,ESPN2,0.18,292,Wed 02.0724 9:30 COLLEGE BKBL REG SSN TEXAS A&M / MISSOURI ESPN2 0.18 292,Wednesday,2,February,0,0,21,0,1,0,0,0,0,1,0,0,0,0,0,0,0,0,12.584509081250419
Sports Media Watch 2023-24 OCR Week 14,https://www.sportsmediawatch.com/wp-content/uploads/2024/02/feb511cbb.png,2023-24,basketball,men,Va Tech / Notre Dame,Virginia Tech,Notre Dame,2024-02-10,6:00,Early,CW,270000,sportsmediawatch_ocr,270000.0,,Regular Season,Week 14,,,0.15,ACC MEN'S 1 BASKETBALL 1,cw,0.15,270,Sat 02.10.24 6:00 ACC MEN'S 1 BASKETBALL 1 VA TECH AT NOTRE DAME cw 0.15 270,Saturday,2,February,1,0,0,0,0,0,0,0,0,0,0,0,0,0,0,0,0,0,12.506177237980511
Sports Media Watch 2023-24 OCR Week 14,https://www.sportsmediawatch.com/wp-content/uploads/2024/02/feb511cbb.png,2023-24,basketball,men,Michigan / Nebraska,Michigan,Nebraska,2024-02-10,6:30,Early,BTN,265000,sportsmediawatch_ocr,265000.0,,Regular Season,Week 14,,,0.15,BIGMENSBASKETBALLL,BIN,0.15,265,Sat 02.10.24 6:30 BIGMENSBASKETBALLL MICHIGAN / NEBRASKA BIN 0.15 265,Saturday,2,February,1,0,0,0,0,0,0,0,0,0,0,0,0,0,0,0,0,0,12.487485104968359
Sports Media Watch 2023-24 OCR Week 14,https://www.sportsmediawatch.com/wp-content/uploads/2024/02/feb511cbb.png,2023-24,basketball,men,Memphis / Temple,Memphis,Temple,2024-02-08,7:00,Early,ESPN2,250000,sportsmediawatch_ocr,250000.0,,Regular Season,Week 14,,,0.15,COLLEGE BKBL REG SSN,ESPN2,0.15,250,Thu 02.0824 7:00 COLLEGE BKBL REG SSN MEMPHIS / TEMPLE ESPN2 0.15 250,Thursday,2,February,0,0,19,0,1,0,0,0,0,1,0,0,0,0,0,0,0,0,12.429216196844383
Sports Media Watch 2023-24 OCR Week 14,https://www.sportsmediawatch.com/wp-content/uploads/2024/02/feb511cbb.png,2023-24,basketball,men,Wisconsin / Rutgers,Wisconsin,Rutgers,2024-02-10,12:00,Early,BTN,245000,sportsmediawatch_ocr,245000.0,,Regular Season,Week 14,,,0.15,BIGMENSBASKETBALLL,BIN,0.15,245,Sat 02.10.24 12:00 BIGMENSBASKETBALLL WISCONSIN / RUTGERS BIN 0.15 245,Saturday,2,February,1,0,11,0,1,0,0,0,0,1,0,0,0,0,0,0,0,0,12.409013489526863
Sports Media Watch 2023-24 OCR Week 14,https://www.sportsmediawatch.com/wp-content/uploads/2024/02/feb511cbb.png,2023-24,basketball,men,Florida Atlantic / UAB,Florida Atlantic,UAB,2024-02-08,9:26,Early,ESPN2,223000,sportsmediawatch_ocr,223000.0,,Regular Season,Week 14,,,0.13,COLLEGE BKBL REG SSN,ESPN2,0.13,223,Thu 02.08.24 9:26 COLLEGE BKBL REG SSN FLORIDA ATLANTIC / UAB ESPN2 0.13 223,Thursday,2,February,0,0,20,0,1,0,0,0,0,1,0,0,0,0,0,0,0,0,12.314927050442256
Sports Media Watch 2023-24 OCR Week 14,https://www.sportsmediawatch.com/wp-content/uploads/2024/02/feb511cbb.png,2023-24,basketball,men,Nebraska / Northwestern,Nebraska,Northwestern,2024-02-07,9:11,Early,BTN,221000,sportsmediawatch_ocr,221000.0,,Regular Season,Week 14,,,0.15,BIGMENSBASKETBALLL,BTN,0.15,221,Wed 0007 o4 9:11 BIGMENSBASKETBALLL NEBRASKA/ NORTHWESTERN BTN 0.15 221,Wednesday,2,February,0,0,0,0,0,25,0,1,0,1,0,0,0,0,0,0,0,0,12.30591798049989
Sports Media Watch 2023-24 OCR Week 14,https://www.sportsmediawatch.com/wp-content/uploads/2024/02/feb511cbb.png,2023-24,basketball,men,UConn / Georgetown,UConn,Georgetown,2024-02-10,12:00,Early,FS1,209000,sportsmediawatch_ocr,209000.0,,Regular Season,Week 14,,,0.11,COLL BSKTBL: BIGEASTL,FS1,0.11,209,Sat 02.10.24 12:00 COLL BSKTBL: BIGEASTL UCONN / GEORGETOWN FS1 0.11 209,Saturday,2,February,1,0,1,1,0,0,0,0,1,0,0,0,0,0,0,0,0,0,12.250089530946948
Sports Media Watch 2023-24 OCR Week 14,https://www.sportsmediawatch.com/wp-content/uploads/2024/02/feb511cbb.png,2023-24,basketball,men,Tulane / Memphis,Tulane,Memphis,2024-02-11,2:23,Early,ESPN2,195000,sportsmediawatch_ocr,195000.0,,Regular Season,Week 14,,,0.1,COLLEGE BKBL REG SSN,ESPN2,0.10,195,Sun 02.11.24 2:23 COLLEGE BKBL REG SSN TULANE / MEMPHIS ESPN2 0.10 195,Sunday,2,February,1,0,0,0,0,19,0,1,0,1,0,0,0,0,0,0,0,0,12.180754837545884
Sports Media Watch 2023-24 OCR Week 14,https://www.sportsmediawatch.com/wp-content/uploads/2024/02/feb511cbb.png,2023-24,basketball,men,Florida Atlantic / Wichita State,Florida Atlantic,Wichita State,2024-02-11,12:00,Early,ESPN2,171000,sportsmediawatch_ocr,171000.0,,Regular Season,Week 14,,,0.09,COLLEGE BKBLREGSSN,ESPN2,0.09,171,Sun 02.11.24 12:00 COLLEGE BKBLREGSSN FLORIDA ATLANTIC / WICHITA STATE ESPN2 0.09 171,Sunday,2,February,1,0,20,0,1,0,0,0,0,1,0,0,0,0,0,0,0,0,12.049418835484797
Sports Media Watch 2023-24 OCR Week 14,https://www.sportsmediawatch.com/wp-content/uploads/2024/02/feb511cbb.png,2023-24,basketball,men,Providence / Butler,Providence,Butler,2024-02-10,2:08,Early,FS1,171000,sportsmediawatch_ocr,171000.0,,Regular Season,Week 14,,,0.09,COLL BSKTBL: BIGEASTL,FS1,0.09,171,Sat 02.10.24 2:08 COLL BSKTBL: BIGEASTL PROVIDENCE / BUTLER FS1 0.09 171,Saturday,2,February,1,0,23,0,1,0,0,0,0,1,0,0,0,0,0,0,0,0,12.049418835484797
Sports Media Watch 2023-24 OCR Week 14,https://www.sportsmediawatch.com/wp-content/uploads/2024/02/feb511cbb.png,2023-24,basketball,men,Creighton / Providence,Creighton,Providence,2024-02-07,8:39,Early,FS2,167000,sportsmediawatch_ocr,167000.0,,Regular Season,Week 14,,,0.08,COLLBSKTBL: BIGEASTL,FS2,0.08,167,Wed 02.0724 8:39 COLLBSKTBL: BIGEASTL CREIGHTON / PROVIDENCE FS2 0.08 167,Wednesday,2,February,0,0,19,0,1,23,0,1,0,2,0,0,0,0,0,0,0,0,12.025749091398891
Sports Media Watch 2023-24 OCR Week 14,https://www.sportsmediawatch.com/wp-content/uploads/2024/02/feb511cbb.png,2023-24,basketball,men,Arizona State / Utah,Arizona State,Utah,2024-02-10,8:15,Early,ESPN2,141000,sportsmediawatch_ocr,141000.0,,Regular Season,Week 14,,,0.08,COLLEGE BKBL REG SSN,ESPN2,0.08,141,Sat 02.10.24 8:15 COLLEGE BKBL REG SSN ARIZONA STATE/ UTAH ESPN2 0.08 141,Saturday,2,February,1,0,0,0,0,0,0,0,0,0,0,0,0,0,0,0,0,0,11.856515169360305
Sports Media Watch 2023-24 OCR Week 14,https://www.sportsmediawatch.com/wp-content/uploads/2024/02/feb511cbb.png,2023-24,basketball,men,Oklahoma State / Houston,Oklahoma State,Houston,2024-02-06,7:00,Early,ESPN2,138000,sportsmediawatch_ocr,138000.0,,Regular Season,Week 14,,,0.08,COLLEGEBKBLREGSSN,ESPN2,0.08,138,Tue 02.06.24 7:00 COLLEGEBKBLREGSSN OKLAHOMA STATE/ HOUSTON ESPN2 0.08 138,Tuesday,2,February,0,0,0,0,0,5,1,0,1,0,0,0,0,0,0,0,0,0,11.835008964139341
Sports Media Watch 2023-24 OCR Week 14,https://www.sportsmediawatch.com/wp-content/uploads/2024/02/feb511cbb.png,2023-24,basketball,men,Villanova / Xavier,Villanova,Xavier,2024-02-07,7:00,Early,FS1,121000,sportsmediawatch_ocr,121000.0,,Regular Season,Week 14,,,0.07,COLL BSKTBL: BIGEASTL,FS1,0.07,121,Wed 02.07.24 7:00 COLL BSKTBL: BIGEASTL VILLANOVA/ XAVIER FS1 0.07 121,Wednesday,2,February,0,0,18,0,1,0,0,0,0,1,0,0,0,0,0,0,0,0,11.703545824578878
Sports Media Watch 2023-24 OCR Week 14,https://www.sportsmediawatch.com/wp-content/uploads/2024/02/feb511cbb.png,2023-24,basketball,men,Akron / James Madison,Akron,James Madison,2024-02-10,6:21,Early,ESPN2,117000,sportsmediawatch_ocr,117000.0,,Regular Season,Week 14,,,0.07,COLLEGE BKBL REG SSN OL,ESPN2,0.07,117,ee Sat 6:21 COLLEGE BKBL REG SSN OL AKRON / JAMES MADISON ESPN2 0.07 117,Saturday,2,February,1,0,0,0,0,19,0,1,0,1,0,0,0,0,0,0,0,0,11.669929213779893
Sports Media Watch 2023-24 OCR Week 14,https://www.sportsmediawatch.com/wp-content/uploads/2024/02/feb511cbb.png,2023-24,basketball,men,Penn State / Northwestern,Penn State,Northwestern,2024-02-11,1:00,Early,BTN,109000,sportsmediawatch_ocr,109000.0,,Regular Season,Week 14,,,0.07,BIGMENSBASKETBALLL,BTN,0.07,109,Sun 02.11.24 1:00 BIGMENSBASKETBALLL PENN STATE / NORTHWESTERN BTN 0.07 109,Sunday,2,February,1,0,0,0,0,25,0,1,0,1,0,0,0,0,0,0,0,0,11.59910316121128
Sports Media Watch 2023-24 OCR Week 14,https://www.sportsmediawatch.com/wp-content/uploads/2024/02/feb511cbb.png,2023-24,basketball,men,Boise State / Utah State,Boise State,Utah State,2024-02-10,10:05,Early,FS1,108000,sportsmediawatch_ocr,108000.0,,Regular Season,Week 14,,,0.06,COLL BSKTBL: MTN WEST,FS1,0.06,108,Sat 02.10.24 10:05 COLL BSKTBL: MTN WEST BOISE ST / UTAH ST FS1 0.06 108,Saturday,2,February,1,0,0,0,0,22,0,1,0,1,0,0,0,0,0,0,0,0,11.589886506106357
Sports Media Watch 2023-24 OCR Week 14,https://www.sportsmediawatch.com/wp-content/uploads/2024/02/feb511cbb.png,2023-24,basketball,men,Pitt / NC State,Pitt,NC State,2024-02-07,7:00,Early,ESPNU,97000,sportsmediawatch_ocr,97000.0,,Regular Season,Week 14,,,0.06,COLLEGE BKBL REG SSN,ESPNU,0.06,97,Wed 02.07.24 7:00 COLLEGE BKBL REG SSN PITTSBURGH / NC STATE ESPNU 0.06 97,Wednesday,2,February,0,0,0,0,0,0,0,0,0,0,0,0,0,0,0,0,0,0,11.48246625748552
Sports Media Watch 2023-24 OCR Week 14,https://www.sportsmediawatch.com/wp-content/uploads/2024/02/feb511cbb.png,2023-24,basketball,men,Rhode Island / UMass,Rhode Island,UMass,2024-02-11,2:00,Early,USA,92000,sportsmediawatch_ocr,92000.0,,Regular Season,Week 14,,,0.06,410 BASKETBALL L,USA,0.06,92,ee Sun 2:00 410 BASKETBALL L RHODE ISLAND / UMASS USA 0.06 92,Sunday,2,February,1,0,0,0,0,0,0,0,0,0,0,0,0,0,0,0,0,0,11.429543856031177
Sports Media Watch 2023-24 OCR Week 14,https://www.sportsmediawatch.com/wp-content/uploads/2024/02/feb511cbb.png,2023-24,basketball,men,San Diego State / Air Force,San Diego State,Air Force,2024-02-06,10:44,Early,FS1,86000,sportsmediawatch_ocr,86000.0,,Regular Season,Week 14,,,0.05,COLL BSKTBL: MTN WEST,FS1,0.05,86,Tue 02.06.24 10:44 COLL BSKTBL: MTN WEST SAN DIEGO ST/ AIR FORCE FS1 0.05 86,Tuesday,2,February,0,0,24,0,1,0,0,0,0,1,0,0,0,0,0,0,0,0,11.362102575235644
Sports Media Watch 2023-24 OCR Week 14,https://www.sportsmediawatch.com/wp-content/uploads/2024/02/feb511cbb.png,2023-24,basketball,men,Georgetown / Seton Hall,Georgetown,Seton Hall,2024-02-07,6:30,Early,FS2,84000,sportsmediawatch_ocr,84000.0,,Regular Season,Week 14,,,0.05,COLL BSKTBL: BIGEASTL,—FS2,0.05,84,ee Wed 6:30 COLL BSKTBL: BIGEASTL GEORGETOWN/SETONHALL —FS2 0.05 84,Wednesday,2,February,0,0,0,0,0,0,0,0,0,0,0,0,0,0,0,0,0,0,11.33857207782545
Sports Media Watch 2023-24 OCR Week 14,https://www.sportsmediawatch.com/wp-content/uploads/2024/02/feb511cbb.png,2023-24,basketball,men,Rutgers / Maryland,Rutgers,Maryland,2024-02-06,6:30,Early,BTN,80000,sportsmediawatch_ocr,80000.0,,Regular Season,Week 14,,,0.05,BIGMENS BASKETBALLL,BIN,0.05,80,ow Tue 6:30 BIGMENS BASKETBALLL RUTGERS / MARYLAND BIN 0.05 80,Tuesday,2,February,0,0,0,0,0,0,0,0,0,0,0,0,0,0,0,0,0,0,11.289781913656018
Sports Media Watch 2023-24 OCR Week 14,https://www.sportsmediawatch.com/wp-content/uploads/2024/02/feb511cbb.png,2023-24,basketball,men,Washington / Oregon,Washington,Oregon,2024-02-08,10:05,Early,FS1,78000,sportsmediawatch_ocr,78000.0,,Regular Season,Week 14,,,0.05,COLLBSKTBL: PAC 12L =,FS1,0.05,78,a Thu 10:05 COLLBSKTBL: PAC 12L = WASHINGTON / OREGON FS1 0.05 78,Thursday,2,February,0,0,0,0,0,0,0,0,0,0,0,0,0,0,0,0,0,0,11.26446410567173
Sports Media Watch 2023-24 OCR Week 14,https://www.sportsmediawatch.com/wp-content/uploads/2024/02/feb511cbb.png,2023-24,basketball,men,Saint Mary's / Pacific,Saint Mary's,Pacific,2024-02-06,11:31,Early,ESPN2,73000,sportsmediawatch_ocr,73000.0,,Regular Season,Week 14,,,0.04,COLLEGE BKBL REG SSN,ESPN2,0.04,73,Tue 02.06.24 11:31 COLLEGE BKBL REG SSN SAINT MARYS / PACIFIC ESPN2 0.04 73,Tuesday,2,February,0,0,23,0,1,0,0,0,0,1,0,0,0,0,0,0,0,0,11.198214720130528
Sports Media Watch 2023-24 OCR Week 14,https://www.sportsmediawatch.com/wp-content/uploads/2024/02/feb511cbb.png,2023-24,basketball,men,Depaul / St. John's,DePaul,St. John's,2024-02-06,6:30,Early,FS1,73000,sportsmediawatch_ocr,73000.0,,Regular Season,Week 14,,,0.04,COLL BSKTBL: BIGEASTL,FS1,0.04,73,on Tue 6:30 COLL BSKTBL: BIGEASTL DEPAUL/ ST.JOHNS FS1 0.04 73,Tuesday,2,February,0,0,0,0,0,0,0,0,0,0,0,0,0,0,0,0,0,0,11.198214720130528
Sports Media Watch 2023-24 OCR Week 14,https://www.sportsmediawatch.com/wp-content/uploads/2024/02/feb511cbb.png,2023-24,basketball,men,Southern / Jackson State,Southern,Jackson State,2024-02-05,9:24,Early,ESPN2,72000,sportsmediawatch_ocr,72000.0,,Regular Season,Week 14,,,0.04,COLLEGE BKBL REG SSN,ESPN2,0.04,72,een Mon 9:24 COLLEGE BKBL REG SSN SOUTHERN / JACKSON STATE ESPN2 0.04 72,Monday,2,February,0,0,0,0,0,0,0,0,0,0,0,0,0,0,0,0,0,0,11.184421397998193
Sports Media Watch 2023-24 OCR Week 14,https://www.sportsmediawatch.com/wp-content/uploads/2024/02/feb511cbb.png,2023-24,basketball,men,San Jose State / Colorado State,San Jose State,Colorado State,2024-02-09,9:30,Early,FS1,72000,sportsmediawatch_ocr,72000.0,,Regular Season,Week 14,,,0.04,COLL BSKTBL: MTN WEST,FS1,0.04,72,Fri 02.09.24 9:30 COLL BSKTBL: MTN WEST SAN JOSEST/COLORADO ST FS1 0.04 72,Friday,2,February,0,0,0,0,0,24,0,1,0,1,0,0,0,0,0,0,0,0,11.184421397998193
Sports Media Watch 2023-24 OCR Week 14,https://www.sportsmediawatch.com/wp-content/uploads/2024/02/feb511cbb.png,2023-24,basketball,men,Charlotte / South Florida,Charlotte,South Florida,2024-02-06,9:10,Early,ESPN2,67000,sportsmediawatch_ocr,67000.0,,Regular Season,Week 14,,,0.04,COLLEGE BKBL REG SSN,ESPN2,0.04,67,Tue 02.06.24 9:10 COLLEGE BKBL REG SSN CHARLOTTE / SOUTH FLORIDA ESPN2 0.04 67,Tuesday,2,February,0,0,0,0,0,0,0,0,0,0,0,0,0,0,0,0,0,0,11.112447898373103
Sports Media Watch 2023-24 OCR Week 14,https://www.sportsmediawatch.com/wp-content/uploads/2024/02/feb511cbb.png,2023-24,basketball,men,Saint Louis / Saint Joseph's,Saint Louis,Saint Joseph's,2024-02-10,12:30,Early,USA,60000,sportsmediawatch_ocr,60000.0,,Regular Season,Week 14,,,0.03,A10 BASKETBALL L,USA,0.03,60,ae Sat 12:30 A10 BASKETBALL L ST. LOUIS / ST. JOSEPHS USA 0.03 60,Saturday,2,February,1,0,0,0,0,0,0,0,0,0,0,0,0,0,0,0,0,0,11.002099841204238
Sports Media Watch 2023-24 OCR Week 14,https://www.sportsmediawatch.com/wp-content/uploads/2024/02/feb511cbb.png,2023-24,basketball,men,Arizona State / Colorado,Arizona State,Colorado,2024-02-08,8:00,Early,FS1,56000,sportsmediawatch_ocr,56000.0,,Regular Season,Week 14,,,0.04,COLLBSKTBL:PAC12L =,FS1,0.04,56,Thu 02.08.24 8:00 COLLBSKTBL:PAC12L = ARIZONA ST / COLORADO FS1 0.04 56,Thursday,2,February,0,0,0,0,0,18,0,1,0,1,0,0,0,0,0,0,0,0,10.933106969717286
Sports Media Watch 2023-24 OCR Week 14,https://www.sportsmediawatch.com/wp-content/uploads/2024/02/feb511cbb.png,2023-24,basketball,men,George Mason / Davidson,George Mason,Davidson,2024-02-10,2:49,Early,USA,34000,sportsmediawatch_ocr,34000.0,,Regular Season,Week 14,,,0.02,BASKETBALL L,USA,0.02,34,ee Sat 2:49 BASKETBALL L GEORGE MASON / DAVIDSON USA 0.02 34,Saturday,2,February,1,0,0,0,0,0,0,0,0,0,0,0,0,0,0,0,0,0,10.4341158035983
Sports Media Watch 2023-24 OCR Week 14,https://www.sportsmediawatch.com/wp-content/uploads/2024/02/feb511cbb.png,2023-24,basketball,men,Drake / Bradley,Drake,Bradley,2024-02-10,6:04,Early,ESPNU,29000,sportsmediawatch_ocr,29000.0,,Regular Season,Week 14,,,0.02,COLLEGE BKBL REG SSN OL,ESPNU,0.02,29,ee Sat 6:04 COLLEGE BKBL REG SSN OL DRAKE / BRADLEY ESPNU 0.02 29,Saturday,2,February,1,0,0,0,0,0,0,0,0,0,0,0,0,0,0,0,0,0,10.275051108968611
Sports Media Watch 2023-24 OCR Week 14,https://www.sportsmediawatch.com/wp-content/uploads/2024/02/feb511cbb.png,2023-24,basketball,men,North Texas / SMU,North Texas,SMU,2024-02-11,2:09,Early,ESPNU,28000,sportsmediawatch_ocr,28000.0,,Regular Season,Week 14,,,0.01,COLLEGE BKBL REG SSN,ESPNU,0.01,28,Sun 02.11.24 2:09 COLLEGE BKBL REG SSN NORTH TEXAS / SMU ESPNU 0.01 28,Sunday,2,February,1,0,0,0,0,0,0,0,0,0,0,0,0,0,0,0,0,0,10.239959789157341
Sports Media Watch 2023-24 OCR Week 14,https://www.sportsmediawatch.com/wp-content/uploads/2024/02/feb511cbb.png,2023-24,basketball,men,San Francisco / Pepperdine,San Francisco,Pepperdine,2024-02-08,11:09,Early,ESPNU,28000,sportsmediawatch_ocr,28000.0,,Regular Season,Week 14,,,0.01,COLLEGE BKBLREGSSN,ESPNU |,0.01,28,Thu 02.08.24 11:09 COLLEGE BKBLREGSSN SAN FRANCISCO/ PEPPERDINE ESPNU | 0.01 28,Thursday,2,February,0,0,0,0,0,0,0,0,0,0,0,0,0,0,0,0,0,0,10.239959789157341
Sports Media Watch 2023-24 OCR Week 14,https://www.sportsmediawatch.com/wp-content/uploads/2024/02/feb511cbb.png,2023-24,basketball,men,Wake Forest / Georgia Tech,Wake Forest,Georgia Tech,2024-02-06,7:00,Early,ESPNU,23000,sportsmediawatch_ocr,23000.0,,Regular Season,Week 14,,,0.01,COLLEGEBKBLREGSSN,esPNU |,0.01,23,Tue 02.06.24 7:00 COLLEGEBKBLREGSSN WAKE FOREST / GEORGIA TECH esPNU | 0.01 23,Tuesday,2,February,0,0,0,0,0,0,0,0,0,0,0,0,0,0,0,0,0,0,10.043249494911286
Sports Media Watch 2023-24 OCR Week 14,https://www.sportsmediawatch.com/wp-content/uploads/2024/02/feb511cbb.png,2023-24,basketball,men,East Carolina / Utsa,East Carolina,UTSA,2024-02-10,4:20,Early,ESPNU,22000,sportsmediawatch_ocr,22000.0,,Regular Season,Week 14,,,0.01,COLLEGE BKBL REG SSN,ESPNU,0.01,22,Sat 02.10.24 4:20 COLLEGE BKBL REG SSN EAST CAROLINA / UTSA ESPNU 0.01 22,Saturday,2,February,1,0,0,0,0,0,0,0,0,0,0,0,0,0,0,0,0,0,9.998797732340453
Sports Media Watch 2023-24 OCR Week 14,https://www.sportsmediawatch.com/wp-content/uploads/2024/02/feb511cbb.png,2023-24,basketball,men,USC/Stanford,USC,Stanford,2024-02-10,10:01,Early,ESPNU,21000,sportsmediawatch_ocr,21000.0,,Regular Season,Week 14,,,0.01,REG COLLEGE BKBL SSN OL:,ESPNU,0.01,21,ae Sat 10:01 REG COLLEGE BKBL SSN OL: USC / SANFORD ESPNU 0.01 21,Saturday,2,February,1,0,23,0,1,0,0,0,0,1,0,0,0,0,0,0,0,0,9.95227771670556
Sports Media Watch 2023-24 OCR Week 14,https://www.sportsmediawatch.com/wp-content/uploads/2024/02/feb511cbb.png,2023-24,basketball,men,Louisiana Tech / Liberty,Louisiana Tech,Liberty,2024-02-10,8:03,Early,ESPNU,17000,sportsmediawatch_ocr,17000.0,,Regular Season,Week 14,,,0.0,COLLEGE BKBL REG SSN L,ESPNU,0.00,17,Sat 02.10.24 8:03 COLLEGE BKBL REG SSN L LOUISIANA TECH / LIBERTY ESPNU 0.00 17,Saturday,2,February,1,0,0,0,0,0,0,0,0,0,0,0,0,0,0,0,0,0,9.740968623038354
Sports Media Watch 2023-24 OCR Week 14,https://www.sportsmediawatch.com/wp-content/uploads/2024/02/feb511cbb.png,2023-24,basketball,men,Samford / Unc Greensboro,Samford,UNC Greensboro,2024-02-08,7:00,Early,ESPNU,11000,sportsmediawatch_ocr,11000.0,,Regular Season,Week 14,,,0.01,COLLEGEBKBLREGSSN,ESPNU |,0.01,11,a Thu 7:00 COLLEGEBKBLREGSSN SAMFORD/UNC GREENSBORO ESPNU | 0.01 11,Thursday,2,February,0,0,0,0,0,0,0,0,0,0,0,0,0,0,0,0,0,0,9.305650551780507
Sports Media Watch 2023-24 OCR Week 15,https://www.sportsmediawatch.com/wp-content/uploads/2024/02/feb1218cbb.png,2023-24,basketball,men,Kentucky / Auburn,Kentucky,Auburn,2024-02-17,6:15,Early,ESPN,1730000,sportsmediawatch_ocr,1730000.0,,Regular Season,Week 15,,,0.88,COLLEGE BKBL REG SSN,ESPN,0.88,"1,730","Sat 02.17.24 6:15 COLLEGE BKBL REG SSN KENTUCKY / AUBURN ESPN 0.88 1,730",Saturday,2,February,1,0,22,0,1,13,0,1,0,2,0,0,0,0,0,0,0,0,14.363631966473962
Sports Media Watch 2023-24 OCR Week 15,https://www.sportsmediawatch.com/wp-content/uploads/2024/02/feb1218cbb.png,2023-24,basketball,men,Kansas / Oklahoma,Kansas,Oklahoma,2024-02-17,4:13,Early,ESPN,1367000,sportsmediawatch_ocr,1367000.0,,Regular Season,Week 15,,,0.76,COLLEGE BKBL REG SSN,ESPN,0.76,"1,367","Sat O24 4:13 COLLEGE BKBL REG SSN KANSAS / OKLAHOMA ESPN 0.76 1,367",Saturday,2,February,1,0,6,1,0,25,0,1,1,1,0,0,0,0,0,0,0,0,14.128129115706086
Sports Media Watch 2023-24 OCR Week 15,https://www.sportsmediawatch.com/wp-content/uploads/2024/02/feb1218cbb.png,2023-24,basketball,men,Mi St / Mi,Michigan State,Michigan,2024-02-17,8:00,Early,FOX,1325000,sportsmediawatch_ocr,1325000.0,,Regular Season,Week 15,,,0.73,FOX C. HOOPS- BIG10 PRIME,FOX,0.73,"1,325","Sat 02.17.24 8:00 FOX C. HOOPS- BIG10 PRIME MI ST UNIV AT UNIV-MI FOX 0.73 1,325",Saturday,2,February,1,0,21,0,1,0,0,0,0,1,0,0,0,0,0,0,0,0,14.09692301740246
Sports Media Watch 2023-24 OCR Week 15,https://www.sportsmediawatch.com/wp-content/uploads/2024/02/feb1218cbb.png,2023-24,basketball,men,North Carolina / Syracuse,North Carolina,Syracuse,2024-02-13,7:00,Early,ESPN,1093000,sportsmediawatch_ocr,1093000.0,,Regular Season,Week 15,,,0.62,COLLEGE BKBL REG SSN,aol,0.62,"1,093","Tue 02.13.24 7:00 COLLEGE BKBL REG SSN NORTH CAROLINA / SYRACUSE aol 0.62 1,093",Tuesday,2,February,0,0,7,1,0,0,0,0,1,0,0,0,0,0,0,0,0,0,13.904436767158675
Sports Media Watch 2023-24 OCR Week 15,https://www.sportsmediawatch.com/wp-content/uploads/2024/02/feb1218cbb.png,2023-24,basketball,men,Marquette / Ct,Marquette,UConn,2024-02-17,3:04,Early,FOX,1090000,sportsmediawatch_ocr,1090000.0,,Regular Season,Week 15,,,0.63,FOX C. HOOPS-BIG EAST DAY,FOX,0.63,"1,090","Sat 02.17.24 3:04 FOX C. HOOPS-BIG EAST DAY MARQUETTE UNIV AT UNIV-CT FOX 0.63 1,090",Saturday,2,February,1,0,4,1,0,1,1,0,2,0,0,0,0,0,0,0,0,0,13.901688254205327
Sports Media Watch 2023-24 OCR Week 15,https://www.sportsmediawatch.com/wp-content/uploads/2024/02/feb1218cbb.png,2023-24,basketball,men,Kansas / Texas Tech,Kansas,Texas Tech,2024-02-12,9:10,Early,ESPN,1088000,sportsmediawatch_ocr,1088000.0,,Regular Season,Week 15,,,0.61,COLLEGE BKBL REG SSN,ESPN,0.61,"1,088","Mon 02.1224 9:10 COLLEGE BKBL REG SSN KANSAS / TEXAS TECH ESPN 0.61 1,088",Monday,2,February,0,0,6,1,0,23,0,1,1,1,0,0,0,0,0,0,0,0,13.899851706398024
Sports Media Watch 2023-24 OCR Week 15,https://www.sportsmediawatch.com/wp-content/uploads/2024/02/feb1218cbb.png,2023-24,basketball,men,Il / Md,Illinois,Maryland,2024-02-17,5:34,Early,FOX,1002000,sportsmediawatch_ocr,1002000.0,,Regular Season,Week 15,,,0.57,FOX C.HOOPS-BIG10 EVENING,FOX,0.57,"1,002","Sat 02.17.24 5:34 FOX C.HOOPS-BIG10 EVENING UNIV-IL AT UNIV-MD FOX 0.57 1,002",Saturday,2,February,1,0,14,0,1,0,0,0,0,1,0,0,0,0,0,0,0,0,13.817508560626948
Sports Media Watch 2023-24 OCR Week 15,https://www.sportsmediawatch.com/wp-content/uploads/2024/02/feb1218cbb.png,2023-24,basketball,men,Wake Forest / Duke,Wake Forest,Duke,2024-02-12,7:00,Early,ESPN,999000,sportsmediawatch_ocr,999000.0,,Regular Season,Week 15,,,0.59,COLLEGE BKBL REG SSN,ESPN,0.59,999,Mon 02.1224 7:00 COLLEGE BKBL REG SSN WAKE FOREST / DUKE ESPN 0.59 999,Monday,2,February,0,0,0,0,0,9,1,0,1,0,0,0,0,0,0,0,0,0,13.81451005763069
Sports Media Watch 2023-24 OCR Week 15,https://www.sportsmediawatch.com/wp-content/uploads/2024/02/feb1218cbb.png,2023-24,basketball,men,Duke / Florida State,Duke,Florida State,2024-02-17,2:09,Early,ESPN,971000,sportsmediawatch_ocr,971000.0,,Regular Season,Week 15,,,0.54,COLLEGE BKBL REG SSN L,ESPN,0.54,971,Sat 02.17.24 2:09 COLLEGE BKBL REG SSN L DUKE / FLORIDA STATE ESPN 0.54 971,Saturday,2,February,1,0,9,1,0,0,0,0,1,0,0,0,0,0,0,0,0,0,13.786081747273462
Sports Media Watch 2023-24 OCR Week 15,https://www.sportsmediawatch.com/wp-content/uploads/2024/02/feb1218cbb.png,2023-24,basketball,men,Texas / Houston,Texas,Houston,2024-02-17,1:00,Early,CBS,869000,sportsmediawatch_ocr,869000.0,,Regular Season,Week 15,,,0.54,NCAABASKETBALL-SAT-1,CBS,0.54,869,Sat 02.1724 1:00 NCAABASKETBALL-SAT-1 TEXAS AT HOUSTON CBS 0.54 869,Saturday,2,February,1,0,25,0,1,3,1,0,1,1,0,0,0,0,0,0,0,0,13.67509840424753
Sports Media Watch 2023-24 OCR Week 15,https://www.sportsmediawatch.com/wp-content/uploads/2024/02/feb1218cbb.png,2023-24,basketball,men,Ole Miss / Kentucky,Ole Miss,Kentucky,2024-02-13,9:17,Early,ESPN,858000,sportsmediawatch_ocr,858000.0,,Regular Season,Week 15,,,0.48,COLLEGE BKBL REG SSN L,ESPN,0.48,858,Tue 02.13.24 9:17 COLLEGE BKBL REG SSN L MISSISSIPPI / KENTUCKY ESPN 0.48 858,Tuesday,2,February,0,0,22,0,1,22,0,1,0,2,0,0,0,0,0,0,0,0,13.6623593784701
Sports Media Watch 2023-24 OCR Week 15,https://www.sportsmediawatch.com/wp-content/uploads/2024/02/feb1218cbb.png,2023-24,basketball,men,Texas A&M / Alabama,Texas A&M,Alabama,2024-02-17,12:00,Early,ESPN,623000,sportsmediawatch_ocr,623000.0,,Regular Season,Week 15,,,0.38,COLLEGE BKBL REG SSN L,ESPN,0.38,623,Sat 02.17.24 12:00 COLLEGE BKBL REG SSN L TEXAS A&M / ALABAMA ESPN 0.38 623,Saturday,2,February,1,0,21,0,1,15,0,1,0,2,0,0,0,0,0,0,0,0,13.34230179776959
Sports Media Watch 2023-24 OCR Week 15,https://www.sportsmediawatch.com/wp-content/uploads/2024/02/feb1218cbb.png,2023-24,basketball,men,Creighton / Butler,Creighton,Butler,2024-02-17,12:34,Early,FOX,596000,sportsmediawatch_ocr,596000.0,,Regular Season,Week 15,,,0.35,FOXC.HOOPS-BIGEAST NOON,FOX,0.35,596,Sat 02.17.24 12:34 FOXC.HOOPS-BIGEAST NOON CREIGHTON UNIV AT BUTLER UNIV FOX 0.35 596,Saturday,2,February,1,0,17,0,1,0,0,0,0,1,0,0,0,0,0,0,0,0,13.297995946047488
Sports Media Watch 2023-24 OCR Week 15,https://www.sportsmediawatch.com/wp-content/uploads/2024/02/feb1218cbb.png,2023-24,basketball,men,Minnesota / Purdue,Minnesota,Purdue,2024-02-15,8:48,Early,BTN,586000,sportsmediawatch_ocr,586000.0,,Regular Season,Week 15,,,0.28,BIGMENSBASKETBALLL,BIN,0.28,586,Thu 02.15.24 8:48 BIGMENSBASKETBALLL MINNESOTA / PURDUE BIN 0.28 586,Thursday,2,February,0,0,0,0,0,2,1,0,1,0,0,0,0,0,0,0,0,0,13.281075068559149
Sports Media Watch 2023-24 OCR Week 15,https://www.sportsmediawatch.com/wp-content/uploads/2024/02/feb1218cbb.png,2023-24,basketball,men,Wisconsin / Iowa,Wisconsin,Iowa,2024-02-17,2:15,Early,BTN,554000,sportsmediawatch_ocr,554000.0,,Regular Season,Week 15,,,0.32,BIGMENSBASKETBALLL,BIN,0.32,554,Sat 02.1724 2:15 BIGMENSBASKETBALLL WISCONSIN / IOWA BIN 0.32 554,Saturday,2,February,1,0,20,0,1,0,0,0,0,1,0,0,0,0,0,0,0,0,13.224919965729422
Sports Media Watch 2023-24 OCR Week 15,https://www.sportsmediawatch.com/wp-content/uploads/2024/02/feb1218cbb.png,2023-24,basketball,men,Tennessee / Arkansas,Tennessee,Arkansas,2024-02-14,9:04,Early,ESPN2,532000,sportsmediawatch_ocr,532000.0,,Regular Season,Week 15,,,0.28,COLLEGE BKBL REG SSN,ESPN2,0.28,532,Wed 02.14.24 9:04 COLLEGE BKBL REG SSN TENNESSEE / ARKANSAS ESPN2 0.28 532,Wednesday,2,February,0,0,8,1,0,20,0,1,1,1,0,0,0,0,0,0,0,0,13.184398768323781
Sports Media Watch 2023-24 OCR Week 15,https://www.sportsmediawatch.com/wp-content/uploads/2024/02/feb1218cbb.png,2023-24,basketball,men,Northwestern / Indiana,Northwestern,Indiana,2024-02-18,3:04,Early,FS1,492000,sportsmediawatch_ocr,492000.0,,Regular Season,Week 15,,,0.26,COLL BSKBL:BIG 10 L,FS1,0.26,492,Sun 02.18.24 3:04 COLL BSKBL:BIG 10 L NORTHWESTERN / INDIANA FS1 0.26 492,Sunday,2,February,1,0,25,0,1,0,0,0,0,1,0,0,0,0,0,0,0,0,13.106233995474446
Sports Media Watch 2023-24 OCR Week 15,https://www.sportsmediawatch.com/wp-content/uploads/2024/02/feb1218cbb.png,2023-24,basketball,men,Seton Hall / St. John's,Seton Hall,St. John's,2024-02-18,5:18,Early,FS1,405000,sportsmediawatch_ocr,405000.0,,Regular Season,Week 15,,,0.18,COLLBSKTBL: BIGEASTL,FS1,0.18,405,Sun 02.18.24 5:18 COLLBSKTBL: BIGEASTL SETON HALL/ ST. JOHNS FS1 0.18 405,Sunday,2,February,1,0,0,0,0,0,0,0,0,0,0,0,0,0,0,0,0,0,12.911642346088676
Sports Media Watch 2023-24 OCR Week 15,https://www.sportsmediawatch.com/wp-content/uploads/2024/02/feb1218cbb.png,2023-24,basketball,men,Florida Atlantic / South Florida,Florida Atlantic,South Florida,2024-02-18,12:00,Early,ESPN,401000,sportsmediawatch_ocr,401000.0,,Regular Season,Week 15,,,0.23,COLLEGE BKBLREGSSN,ESPN,0.23,401,Sun 02.18.24 12:00 COLLEGE BKBLREGSSN FLORIDA ATLANTIC / SOUTH FLORIDA ESPN 0.23 401,Sunday,2,February,1,0,24,0,1,0,0,0,0,1,0,0,0,0,0,0,0,0,12.901716706288706
Sports Media Watch 2023-24 OCR Week 15,https://www.sportsmediawatch.com/wp-content/uploads/2024/02/feb1218cbb.png,2023-24,basketball,men,Colorado / USC,Colorado,USC,2024-02-17,10:00,Early,ESPN,399000,sportsmediawatch_ocr,399000.0,,Regular Season,Week 15,,,0.22,COLLEGE BKBL REG SSN OL,ESPN,0.22,399,Sat 02.1724 10:00 COLLEGE BKBL REG SSN OL COLORADO / USC ESPN 0.22 399,Saturday,2,February,1,0,18,0,1,23,0,1,0,2,0,0,0,0,0,0,0,0,12.896716695872
Sports Media Watch 2023-24 OCR Week 15,https://www.sportsmediawatch.com/wp-content/uploads/2024/02/feb1218cbb.png,2023-24,basketball,men,NC State / Clemson,NC State,Clemson,2024-02-17,,Unknown,CW,393000,sportsmediawatch_ocr,393000.0,,Regular Season,Week 15,,,0.25,ACC MEN'S BASKETBALL 2,CW,0.25,393,a on  ACC MEN'S BASKETBALL 2 ' NC STATE UNIV AT CLEMSON CW 0.25 393,Saturday,2,February,1,0,0,0,0,21,0,1,0,1,0,0,0,0,0,0,0,0,12.881564890851399
Sports Media Watch 2023-24 OCR Week 15,https://www.sportsmediawatch.com/wp-content/uploads/2024/02/feb1218cbb.png,2023-24,basketball,men,Wake Forest / Virginia,Wake Forest,Virginia,2024-02-17,12:02,Early,ESPN2,381000,sportsmediawatch_ocr,381000.0,,Regular Season,Week 15,,,0.22,COLLEGE BKBL REG SSN,ESPN2,0.22,381,Sat 02.1724 12:02 COLLEGE BKBL REG SSN WAKE FOREST / VIRGINIA ESPN2 0.22 381,Saturday,2,February,1,0,0,0,0,21,0,1,0,1,0,0,0,0,0,0,0,0,12.850554654108839
Sports Media Watch 2023-24 OCR Week 15,https://www.sportsmediawatch.com/wp-content/uploads/2024/02/feb1218cbb.png,2023-24,basketball,men,Memphis / SMU,Memphis,SMU,2024-02-18,4:00,Early,ESPN,353000,sportsmediawatch_ocr,353000.0,,Regular Season,Week 15,,,0.18,COLLEGE BKBL REG SSN oL,ESPN,0.18,353,Sun 02.18.24 4:00 COLLEGE BKBL REG SSN oL MEMPHIS / SMU ESPN 0.18 353,Sunday,2,February,1,0,19,0,1,0,0,0,0,1,0,0,0,0,0,0,0,0,12.774223335915433
Sports Media Watch 2023-24 OCR Week 15,https://www.sportsmediawatch.com/wp-content/uploads/2024/02/feb1218cbb.png,2023-24,basketball,men,Syracuse / Georgia Tech,Syracuse,Georgia Tech,2024-02-17,5:30,Early,CW,314000,sportsmediawatch_ocr,314000.0,,Regular Season,Week 15,,,0.2,ACC MEN'S 1 BASKETBALL 1,cw,0.20,314,Sat 02.17.24 5:30 ACC MEN'S 1 BASKETBALL 1 SYRACUSE UNIV AT GEORGA TECH cw 0.20 314,Saturday,2,February,1,0,0,0,0,0,0,0,0,0,0,0,0,0,0,0,0,0,12.65714826489039
Sports Media Watch 2023-24 OCR Week 15,https://www.sportsmediawatch.com/wp-content/uploads/2024/02/feb1218cbb.png,2023-24,basketball,men,Colorado / UCLA,Colorado,UCLA,2024-02-15,9:03,Early,ESPN,308000,sportsmediawatch_ocr,308000.0,,Regular Season,Week 15,,,0.17,COLLEGE BKBL REG SSN L,ESPN,0.17,308,Thu 02.15.24 9:03 COLLEGE BKBL REG SSN L COLORADO / UCLA ESPN 0.17 308,Thursday,2,February,0,0,18,0,1,0,0,0,0,1,0,0,0,0,0,0,0,0,12.637855061955712
Sports Media Watch 2023-24 OCR Week 15,https://www.sportsmediawatch.com/wp-content/uploads/2024/02/feb1218cbb.png,2023-24,basketball,men,Utah / UCLA,Utah,UCLA,2024-02-18,7:14,Early,FS1,27000,sportsmediawatch_ocr,27000.0,,Regular Season,Week 15,,,,COLL BSKTBL: PAC 12L,015 FS1,,27,Sun 02.18.24 7:14 COLL BSKTBL: PAC 12L UTAH / UCLA 015 FS1  27,Sunday,2,February,1,0,0,0,0,0,0,0,0,0,0,0,0,0,0,0,0,0,10.203592144986466
Sports Media Watch 2023-24 OCR Week 15,https://www.sportsmediawatch.com/wp-content/uploads/2024/02/feb1218cbb.png,2023-24,basketball,men,Marquette / Butler,Marquette,Butler,2024-02-13,6:30,Early,FS1,280000,sportsmediawatch_ocr,280000.0,,Regular Season,Week 15,,,0.15,COLL BSKTBL: BIGEASTL,FS1,0.15,280,Tue 02.13.24 6:30 COLL BSKTBL: BIGEASTL MARQUETTE/ BUTLER FS1 0.15 280,Tuesday,2,February,0,0,4,1,0,0,0,0,1,0,0,0,0,0,0,0,0,0,12.542544882151386
Sports Media Watch 2023-24 OCR Week 15,https://www.sportsmediawatch.com/wp-content/uploads/2024/02/feb1218cbb.png,2023-24,basketball,men,Miami (FL) / Clemson,Miami (FL),Clemson,2024-02-14,7:00,Early,ESPN2,266000,sportsmediawatch_ocr,266000.0,,Regular Season,Week 15,,,0.15,COLLEGE BKBL REG SSN,ESPN2,0.15,266,Wed 02.14.24 7:00 COLLEGE BKBL REG SSN MIAMI / CLEMSON ESPN2 0.15 266,Wednesday,2,February,0,0,0,0,0,21,0,1,0,1,0,0,0,0,0,0,0,0,12.491251587763836
Sports Media Watch 2023-24 OCR Week 15,https://www.sportsmediawatch.com/wp-content/uploads/2024/02/feb1218cbb.png,2023-24,basketball,men,Penn State / Nebraska,Penn State,Nebraska,2024-02-17,,Unknown,BTN,264000,sportsmediawatch_ocr,264000.0,,Regular Season,Week 15,,,0.16,B1G MENS BASKETBALLL,BTN,0.16,264,a on  B1G MENS BASKETBALLL PENN STATE/ NEBRASKA BTN 0.16 264,Saturday,2,February,1,0,0,0,0,0,0,0,0,0,0,0,0,0,0,0,0,0,12.483704382128453
Sports Media Watch 2023-24 OCR Week 15,https://www.sportsmediawatch.com/wp-content/uploads/2024/02/feb1218cbb.png,2023-24,basketball,men,Northwestern / Rutgers,Northwestern,Rutgers,2024-02-15,6:30,Early,BTN,254000,sportsmediawatch_ocr,254000.0,,Regular Season,Week 15,,,0.14,BIGMENSBASKETBALLL,BTN,0.14,254,Thi 15 0b o4 6:30 BIGMENSBASKETBALLL NORTHWESTERN/ RUTGERS BTN 0.14 254,Thursday,2,February,0,0,25,0,1,0,0,0,0,1,0,0,0,0,0,0,0,0,12.445089546000673
Sports Media Watch 2023-24 OCR Week 15,https://www.sportsmediawatch.com/wp-content/uploads/2024/02/feb1218cbb.png,2023-24,basketball,men,Michigan State / Penn State,Michigan State,Penn State,2024-02-14,6:30,Early,BTN,244000,sportsmediawatch_ocr,244000.0,,Regular Season,Week 15,,,0.16,BIGMENSBASKETBALLL,BTN,0.16,244,Wed 02.14.24 6:30 BIGMENSBASKETBALLL MICHIGAN STATE/ PENN STATE BTN 0.16 244,Wednesday,2,February,0,0,21,0,1,0,0,0,0,1,0,0,0,0,0,0,0,0,12.404923504275338
Sports Media Watch 2023-24 OCR Week 15,https://www.sportsmediawatch.com/wp-content/uploads/2024/02/feb1218cbb.png,2023-24,basketball,men,Iowa / Maryland,Iowa,Maryland,2024-02-14,8:36,Early,BTN,242000,sportsmediawatch_ocr,242000.0,,Regular Season,Week 15,,,0.15,BIGMENSBASKETBALLL,BIN,0.15,242,Wed 02.1424 8:36 BIGMENSBASKETBALLL IOWA/ MARYLAND BIN 0.15 242,Wednesday,2,February,0,0,0,0,0,0,0,0,0,0,0,0,0,0,0,0,0,0,12.396693005138824
Sports Media Watch 2023-24 OCR Week 15,https://www.sportsmediawatch.com/wp-content/uploads/2024/02/feb1218cbb.png,2023-24,basketball,men,Iowa State / Cincinnati,Iowa State,Cincinnati,2024-02-13,7:00,Early,ESPN2,241000,sportsmediawatch_ocr,241000.0,,Regular Season,Week 15,,,0.14,COLLEGE BKBL REG SSN OL,ESPN2,0.14,241,Tue 02.1324 7:00 COLLEGE BKBL REG SSN OL IOWA STATE / CINCINNATI ESPN2 0.14 241,Tuesday,2,February,0,0,10,1,0,0,0,0,1,0,0,0,0,0,0,0,0,0,12.392552212472792
Sports Media Watch 2023-24 OCR Week 15,https://www.sportsmediawatch.com/wp-content/uploads/2024/02/feb1218cbb.png,2023-24,basketball,men,New Mexico / San Diego State,New Mexico,San Diego State,2024-02-16,10:33,Early,FS1,241000,sportsmediawatch_ocr,241000.0,,Regular Season,Week 15,,,0.14,COLL BSKTBL: MTN WEST L,FS1,0.14,241,Fri 02.16.24 10:33 COLL BSKTBL: MTN WEST L NEW MEXICO /SAN DIEGO ST FS1 0.14 241,Friday,2,February,0,0,25,0,1,24,0,1,0,2,0,0,0,0,0,0,0,0,12.392552212472792
Sports Media Watch 2023-24 OCR Week 15,https://www.sportsmediawatch.com/wp-content/uploads/2024/02/feb1218cbb.png,2023-24,basketball,men,Rutgers / Minnesota,Rutgers,Minnesota,2024-02-18,6:32,Early,BTN,238000,sportsmediawatch_ocr,238000.0,,Regular Season,Week 15,,,0.11,BIGMENSBASKETBALLL,BIN,0.11,238,Sun 02.18.24 6:32 BIGMENSBASKETBALLL RUTGERS / MINNESOTA BIN 0.11 238,Sunday,2,February,1,0,0,0,0,0,0,0,0,0,0,0,0,0,0,0,0,0,12.380025952653611
Sports Media Watch 2023-24 OCR Week 15,https://www.sportsmediawatch.com/wp-content/uploads/2024/02/feb1218cbb.png,2023-24,basketball,men,Arizona State / Arizona,Arizona State,Arizona,2024-02-17,9:39,Early,FS1,223000,sportsmediawatch_ocr,223000.0,,Regular Season,Week 15,,,0.09,COLL BSKTBL: PAC 12L,FS1,0.09,223,Sat 02.17.24 9:39 COLL BSKTBL: PAC 12L ARIZONA ST / ARIZONA FS1 0.09 223,Saturday,2,February,1,0,0,0,0,5,1,0,1,0,0,0,0,0,0,0,0,0,12.314927050442256
Sports Media Watch 2023-24 OCR Week 15,https://www.sportsmediawatch.com/wp-content/uploads/2024/02/feb1218cbb.png,2023-24,basketball,men,Baylor / West Virginia,Baylor,West Virginia,2024-02-17,6:03,Early,ESPN2,221000,sportsmediawatch_ocr,221000.0,,Regular Season,Week 15,,,0.13,COLLEGE BKBL REG SSN OL,ESPN2,0.13,221,Sat 02.1724 6:03 COLLEGE BKBL REG SSN OL BAYLOR / WEST VIRGINIA ESPN2 0.13 221,Saturday,2,February,1,0,12,0,1,0,0,0,0,1,0,0,0,0,0,0,0,0,12.30591798049989
Sports Media Watch 2023-24 OCR Week 15,https://www.sportsmediawatch.com/wp-content/uploads/2024/02/feb1218cbb.png,2023-24,basketball,men,Oklahoma / Baylor,Oklahoma,Baylor,2024-02-13,9:09,Early,ESPN2,199000,sportsmediawatch_ocr,199000.0,,Regular Season,Week 15,,,0.11,COLLEGE BKBL REG SSN,ESPN2,0.11,199,Tue 02.1324 9:09 COLLEGE BKBL REG SSN OKLAHOMA / BAYLOR ESPN2 0.11 199,Tuesday,2,February,0,0,25,0,1,12,0,1,0,2,0,0,0,0,0,0,0,0,12.201060103706629
Sports Media Watch 2023-24 OCR Week 15,https://www.sportsmediawatch.com/wp-content/uploads/2024/02/feb1218cbb.png,2023-24,basketball,men,Utah / USC,Utah,USC,2024-02-15,11:04,Early,FS1,189000,sportsmediawatch_ocr,189000.0,,Regular Season,Week 15,,,,COLL BSKTBL: PAC 12L,O11 FS1,,189,Thu 02.15.24 11:04 COLL BSKTBL: PAC 12L UTAH / USC O11 FS1  189,Thursday,2,February,0,0,0,0,0,23,0,1,0,1,0,0,0,0,0,0,0,0,12.14950229404178
Sports Media Watch 2023-24 OCR Week 15,https://www.sportsmediawatch.com/wp-content/uploads/2024/02/feb1218cbb.png,2023-24,basketball,men,Utah State / Wyoming,Utah State,Wyoming,2024-02-14,10:09,Early,FS1,180000,sportsmediawatch_ocr,180000.0,,Regular Season,Week 15,,,0.09,COLL BSKTBL: MTN WEST,FS1,0.09,180,Wed 02.14.24 10:09 COLL BSKTBL: MTN WEST UTAH ST / WYOMING FS1 0.09 180,Wednesday,2,February,0,0,22,0,1,0,0,0,0,1,0,0,0,0,0,0,0,0,12.100712129872347
Sports Media Watch 2023-24 OCR Week 15,https://www.sportsmediawatch.com/wp-content/uploads/2024/02/feb1218cbb.png,2023-24,basketball,men,Arkansas / Mississippi State,Arkansas,Mississippi State,2024-02-17,2:29,Early,ESPNU,151000,sportsmediawatch_ocr,151000.0,,Regular Season,Week 15,,,0.1,COLLEGE BKBL REG SSN L,ESPNU,0.10,151,Sat 02.17.24 2:29 COLLEGE BKBL REG SSN L ARKANSAS / MISSISSIPPI ST ESPNU 0.10 151,Saturday,2,February,1,0,20,0,1,21,0,1,0,2,0,0,0,0,0,0,0,0,11.925035115797062
Sports Media Watch 2023-24 OCR Week 15,https://www.sportsmediawatch.com/wp-content/uploads/2024/02/feb1218cbb.png,2023-24,basketball,men,Georgetown / Creighton,Georgetown,Creighton,2024-02-13,,Unknown,FS1,132000,sportsmediawatch_ocr,132000.0,,Regular Season,Week 15,,,0.07,COLL BSKTBL: BIGEASTL,FS1,0.07,132,Poe  COLL BSKTBL: BIGEASTL GEORGETOWN/CREIGHTON FS1 0.07 132,Tuesday,2,February,0,0,0,0,0,17,0,1,0,1,0,0,0,0,0,0,0,0,11.790557201568507
Sports Media Watch 2023-24 OCR Week 15,https://www.sportsmediawatch.com/wp-content/uploads/2024/02/feb1218cbb.png,2023-24,basketball,men,VCU / Saint Louis,VCU,Saint Louis,2024-02-16,7:00,Early,ESPN2,130000,sportsmediawatch_ocr,130000.0,,Regular Season,Week 15,,,0.07,COLLEGE BKBL REG SSN,ESPN2,0.07,130,Fri 02.16.24 7:00 COLLEGE BKBL REG SSN VCU/ SAINT LOUIS ESPN2 0.07 130,Friday,2,February,0,0,0,0,0,0,0,0,0,0,0,0,0,0,0,0,0,0,11.77528972943772
Sports Media Watch 2023-24 OCR Week 15,https://www.sportsmediawatch.com/wp-content/uploads/2024/02/feb1218cbb.png,2023-24,basketball,men,Nevada / UNLV,Nevada,UNLV,2024-02-17,11:42,Early,FS1,126000,sportsmediawatch_ocr,126000.0,,Regular Season,Week 15,,,0.07,COLL BSKTBL: MTN WEST,FS1,0.07,126,Sat 02.17.24 11:42 COLL BSKTBL: MTN WEST NEVADA / UNLV FS1 0.07 126,Saturday,2,February,1,0,0,0,0,0,0,0,0,0,0,0,0,0,0,0,0,0,11.744037185933616
Sports Media Watch 2023-24 OCR Week 15,https://www.sportsmediawatch.com/wp-content/uploads/2024/02/feb1218cbb.png,2023-24,basketball,men,Stanford / Washington,Stanford,Washington,2024-02-15,9:09,Early,ESPN2,125000,sportsmediawatch_ocr,125000.0,,Regular Season,Week 15,,,0.08,COLLEGE BKBL REG SSN OL,ESPN2,0.08,125,Thu 02.15.24 9:09 COLLEGE BKBL REG SSN OL STANFORD / WASHINGTON ESPN2 0.08 125,Thursday,2,February,0,0,0,0,0,0,0,0,0,0,0,0,0,0,0,0,0,0,11.736069016284437
Sports Media Watch 2023-24 OCR Week 15,https://www.sportsmediawatch.com/wp-content/uploads/2024/02/feb1218cbb.png,2023-24,basketball,men,Winston Salem State / Virginia Union,Winston Salem State,Virginia Union,2024-02-17,2:00,Early,ESPN,119000,sportsmediawatch_ocr,119000.0,,Regular Season,Week 15,,,0.06,COLLEGEBKBLREGSSN,aN,0.06,119,Sat 02.17.24 2:00 COLLEGEBKBLREGSSN WINSTON SALEM STATE/ VIRGINIA UNION aN 0.06 119,Saturday,2,February,1,0,0,0,0,0,0,0,0,0,0,0,0,0,0,0,0,0,11.686878772093667
Sports Media Watch 2023-24 OCR Week 15,https://www.sportsmediawatch.com/wp-content/uploads/2024/02/feb1218cbb.png,2023-24,basketball,men,TCU / Kansas State,TCU,Kansas State,2024-02-17,12:00,Early,ESPNU,114000,sportsmediawatch_ocr,114000.0,,Regular Season,Week 15,,,0.08,COLLEGE BKBL REG SSN OL,ESPNU,0.08,114,Sat 02.1724 12:00 COLLEGE BKBL REG SSN OL TCU / KANSAS STATE ESPNU 0.08 114,Saturday,2,February,1,0,25,0,1,0,0,0,0,1,0,0,0,0,0,0,0,0,11.643953727376633
Sports Media Watch 2023-24 OCR Week 15,https://www.sportsmediawatch.com/wp-content/uploads/2024/02/feb1218cbb.png,2023-24,basketball,men,Temple / Florida Atlantic,Temple,Florida Atlantic,2024-02-15,7:00,Early,ESPN2,110000,sportsmediawatch_ocr,110000.0,,Regular Season,Week 15,,,0.07,COLLEGE BKBL REG SSN L,ESPN2,0.07,110,Thu 02.15.24 7:00 COLLEGE BKBL REG SSN L TEMPLE / FLORIDA ATLANTIC ESPN2 0.07 110,Thursday,2,February,0,0,0,0,0,24,0,1,0,1,0,0,0,0,0,0,0,0,11.608235644774552
Sports Media Watch 2023-24 OCR Week 15,https://www.sportsmediawatch.com/wp-content/uploads/2024/02/feb1218cbb.png,2023-24,basketball,men,Depaul / Providence,DePaul,Providence,2024-02-17,7:30,Early,FS1,109000,sportsmediawatch_ocr,109000.0,,Regular Season,Week 15,,,0.06,COLL BSKTBL: BIGEASTL,FS1,0.06,109,en Sat 7:30 COLL BSKTBL: BIGEASTL DEPAUL/ PROVIDENCE FS1 0.06 109,Saturday,2,February,1,0,0,0,0,23,0,1,0,1,0,0,0,0,0,0,0,0,11.59910316121128
Sports Media Watch 2023-24 OCR Week 15,https://www.sportsmediawatch.com/wp-content/uploads/2024/02/feb1218cbb.png,2023-24,basketball,men,Bradley / Northern Iowa,Bradley,UNI,2024-02-18,2:05,Early,ESPN2,87000,sportsmediawatch_ocr,87000.0,,Regular Season,Week 15,,,0.05,COLLEGE BKBL REG SSN OL,—_ESPN2,0.05,87,ee Sun 2:05 COLLEGE BKBL REG SSN OL BRADLEY / NORTHERNIOWA —_ESPN2 0.05 87,Sunday,2,February,1,0,0,0,0,0,0,0,0,0,0,0,0,0,0,0,0,0,11.37366339763672
Sports Media Watch 2023-24 OCR Week 15,https://www.sportsmediawatch.com/wp-content/uploads/2024/02/feb1218cbb.png,2023-24,basketball,men,Winston Salem State / Virginia Union,Winston Salem State,Virginia Union,2024-02-17,2:00,Early,NBATV,76000,sportsmediawatch_ocr,76000.0,,Regular Season,Week 15,,,,HBCU BASKETBALL L,NBA-TV,"(J), 04",76,"Sat 02.1724 2:00 HBCU BASKETBALL L WINSTON-SALEM STATE / VIRGINIA UNION NBA-TV (J), 04 76",Saturday,2,February,1,0,0,0,0,0,0,0,0,0,0,0,0,0,0,0,0,0,11.238488619268468
Sports Media Watch 2023-24 OCR Week 15,https://www.sportsmediawatch.com/wp-content/uploads/2024/02/feb1218cbb.png,2023-24,basketball,men,Florida State/Virginia Tech,Florida State,Virginia Tech,2024-02-13,9:09,Early,ESPNU,70000,sportsmediawatch_ocr,70000.0,,Regular Season,Week 15,,,0.04,COLLEGEBKBLREGSSN,ESPNU,0.04,70,a Tue 9:09 COLLEGEBKBLREGSSN STATE/ FLORIDA VIRGINIA TECH ESPNU 0.04 70,Tuesday,2,February,0,0,0,0,0,0,0,0,0,0,0,0,0,0,0,0,0,0,11.156250521031495
Sports Media Watch 2023-24 OCR Week 15,https://www.sportsmediawatch.com/wp-content/uploads/2024/02/feb1218cbb.png,2023-24,basketball,men,Ohio / Toledo,Ohio,Toledo,2024-02-16,9:01,Early,ESPNU,68000,sportsmediawatch_ocr,68000.0,,Regular Season,Week 15,,,0.03,COLLEGE BKBL REG SSN OL:,ESPNU,0.03,68,con Fri 9:01 COLLEGE BKBL REG SSN OL: OHIO / TOLEDO ESPNU 0.03 68,Friday,2,February,0,0,0,0,0,0,0,0,0,0,0,0,0,0,0,0,0,0,11.127262984158243
Sports Media Watch 2023-24 OCR Week 15,https://www.sportsmediawatch.com/wp-content/uploads/2024/02/feb1218cbb.png,2023-24,basketball,men,Wichita State / Charlotte,Wichita State,Charlotte,2024-02-18,12:00,Early,ESPN2,65000,sportsmediawatch_ocr,65000.0,,Regular Season,Week 15,,,0.04,COLLEGE BKBL REG SSN L,ESPN2,0.04,65,Sun 02.18.24 12:00 COLLEGE BKBL REG SSN L WICHITA STATE/ CHARLOTTE ESPN2 0.04 65,Sunday,2,February,1,0,0,0,0,0,0,0,0,0,0,0,0,0,0,0,0,0,11.082142548877775
Sports Media Watch 2023-24 OCR Week 15,https://www.sportsmediawatch.com/wp-content/uploads/2024/02/feb1218cbb.png,2023-24,basketball,men,Texas A&M / Vanderbilt,Texas A&M,Vanderbilt,2024-02-13,7:00,Early,ESPNU,62000,sportsmediawatch_ocr,62000.0,,Regular Season,Week 15,,,0.03,COLLEGE BKBL REG SSN OL,ESPNU,0.03,62,Tue 02.1324 7:00 COLLEGE BKBL REG SSN OL TEXAS A&M / VANDERBILT ESPNU 0.03 62,Tuesday,2,February,0,0,21,0,1,0,0,0,0,1,0,0,0,0,0,0,0,0,11.03488966402723
Sports Media Watch 2023-24 OCR Week 15,https://www.sportsmediawatch.com/wp-content/uploads/2024/02/feb1218cbb.png,2023-24,basketball,men,Richmond / George Washington,Richmond,George Washington,2024-02-17,12:30,Early,USA,57000,sportsmediawatch_ocr,57000.0,,Regular Season,Week 15,,,0.03,ALO BASKETBALL L,USA,0.03,57,Sat 02.1724 12:30 ALO BASKETBALL L RICHMOND / GEORGE WASHINGTON USA 0.03 57,Saturday,2,February,1,0,0,0,0,0,0,0,0,0,0,0,0,0,0,0,0,0,10.950806546816688
Sports Media Watch 2023-24 OCR Week 15,https://www.sportsmediawatch.com/wp-content/uploads/2024/02/feb1218cbb.png,2023-24,basketball,men,Saint Joseph's / Duquesne,Saint Joseph's,Duquesne,2024-02-17,2:32,Early,ESPN,55000,sportsmediawatch_ocr,55000.0,,Regular Season,Week 15,,,0.03,A10 BASKETBALL L,USA,0.03,55,oe Sat 2:32 A10 BASKETBALL L ST. JOSEPHS / DUQUESNE USA 0.03 55,Saturday,2,February,1,0,0,0,0,0,0,0,0,0,0,0,0,0,0,0,0,0,10.915088464214607
Sports Media Watch 2023-24 OCR Week 15,https://www.sportsmediawatch.com/wp-content/uploads/2024/02/feb1218cbb.png,2023-24,basketball,men,Manhattan / Iona,Manhattan,Iona,2024-02-16,7:12,Early,ESPNU,17000,sportsmediawatch_ocr,17000.0,,Regular Season,Week 15,,,0.01,COLLEGE BKBL REG SSN OL:,ESPNU,0.01,17,eo Fri 7:12 COLLEGE BKBL REG SSN OL: MANHATTAN / IONA ESPNU 0.01 17,Friday,2,February,0,0,0,0,0,0,0,0,0,0,0,0,0,0,0,0,0,0,9.740968623038354
Sports Media Watch 2023-24 OCR Week 15,https://www.sportsmediawatch.com/wp-content/uploads/2024/02/feb1218cbb.png,2023-24,basketball,men,Tulsa / South Florida,Tulsa,South Florida,2024-02-14,7:00,Early,ESPNU,12000,sportsmediawatch_ocr,12000.0,,Regular Season,Week 15,,,0.01,COLLEGE BKBL REG SSN,ESPNU,0.01,12,Wed 02.14.24 7:00 COLLEGE BKBL REG SSN TULSA / SOUTH FLORIDA ESPNU 0.01 12,Wednesday,2,February,0,0,0,0,0,0,0,0,0,0,0,0,0,0,0,0,0,0,9.392661928770137
Sports Media Watch 2023-24 OCR Week 15,https://www.sportsmediawatch.com/wp-content/uploads/2024/02/feb1218cbb.png,2023-24,basketball,men,Western Carolina / Samford,Western Carolina,Samford,2024-02-14,9:00,Early,ESPNU,10000,sportsmediawatch_ocr,10000.0,,Regular Season,Week 15,,,0.01,COLLEGEBKBLREGSSN,esPNU |,0.01,10,Eon Wed 9:00 COLLEGEBKBLREGSSN WESTERN CAROLINA / SAMFORD esPNU | 0.01 10,Wednesday,2,February,0,0,0,0,0,0,0,0,0,0,0,0,0,0,0,0,0,0,9.210340371976184
Sports Media Watch 2023-24 OCR Week 16,https://www.sportsmediawatch.com/wp-content/uploads/2024/03/feb1925-cbb.png,2023-24,basketball,men,Ohio State / Michigan State,Ohio State,Michigan State,2024-02-25,4:15,Early,CBS,1577000,sportsmediawatch_ocr,1577000.0,,Regular Season,Week 16,,,0.9,NCAA BASKETBALL-SUN-2,CBS,0.90,"1,577","Sun 02.25.24 4:15 NCAA BASKETBALL-SUN-2 OHIO STATE AT MICHIGAN ST CBS 0.90 1,577",Sunday,2,February,1,0,0,0,0,21,0,1,0,1,0,0,0,0,0,0,0,0,14.271034865945175
Sports Media Watch 2023-24 OCR Week 16,https://www.sportsmediawatch.com/wp-content/uploads/2024/03/feb1925-cbb.png,2023-24,basketball,men,Purdue / Michigan,Purdue,Michigan,2024-02-25,2:05,Early,CBS,1505000,sportsmediawatch_ocr,1505000.0,,Regular Season,Week 16,,,0.82,NCAABASKETBALL-SUN-1,CBS,0.82,"1,505","Sun 02.25.24 2:05 NCAABASKETBALL-SUN-1 PURDUE AT MICHIGAN CBS 0.82 1,505",Sunday,2,February,1,0,3,1,0,0,0,0,1,0,0,0,0,0,0,0,0,0,14.224303456165114
Sports Media Watch 2023-24 OCR Week 16,https://www.sportsmediawatch.com/wp-content/uploads/2024/03/feb1925-cbb.png,2023-24,basketball,men,North Carolina / Virginia,North Carolina,Virginia,2024-02-24,4:15,Early,ESPN,1470000,sportsmediawatch_ocr,1470000.0,,Regular Season,Week 16,,,0.83,COLLEGE BKBL REG SSN I,ESPN,0.83,"1,470","Sat mMeAeA 4:15 COLLEGE BKBL REG SSN I NORTH CAROLINA/ VIRGINIA ESPN 0.83 1,470",Saturday,2,February,1,0,10,1,0,21,0,1,1,1,0,0,0,0,0,0,0,0,14.20077295875492
Sports Media Watch 2023-24 OCR Week 16,https://www.sportsmediawatch.com/wp-content/uploads/2024/03/feb1925-cbb.png,2023-24,basketball,men,Texas / Kansas,Texas,Kansas,2024-02-24,6:12,Early,ESPN,1403000,sportsmediawatch_ocr,1403000.0,,Regular Season,Week 16,,,0.77,COLLEGE BKBL REG SSN,ESPN,0.77,"1,403","Sat 02.24.24 6:12 COLLEGE BKBL REG SSN TEXAS / KANSAS ESPN 0.77 1,403",Saturday,2,February,1,0,25,0,1,9,1,0,1,1,0,0,0,0,0,0,0,0,14.154123359084599
Sports Media Watch 2023-24 OCR Week 16,https://www.sportsmediawatch.com/wp-content/uploads/2024/03/feb1925-cbb.png,2023-24,basketball,men,Houston / Baylor,Houston,Baylor,2024-02-24,12:00,Early,CBS,1295000,sportsmediawatch_ocr,1295000.0,,Regular Season,Week 16,,,0.8,NCAABASKETBALL-SAT,CBS,0.80,"1,295","Sat 02.24.24 12:00 NCAABASKETBALL-SAT HOUSTON AT BAYLOR CBS 0.80 1,295",Saturday,2,February,1,0,2,1,0,11,0,1,1,1,0,0,0,0,0,0,0,0,14.074021253115776
Sports Media Watch 2023-24 OCR Week 16,https://www.sportsmediawatch.com/wp-content/uploads/2024/03/feb1925-cbb.png,2023-24,basketball,men,Duke / Wake Forest,Duke,Wake Forest,2024-02-24,2:09,Early,ESPN,1216000,sportsmediawatch_ocr,1216000.0,,Regular Season,Week 16,,,0.69,COLLEGE BKBL REG SSN,ESPN,0.69,"1,216","Sat 02.24.24 2:09 COLLEGE BKBL REG SSN DUKE / WAKE FOREST ESPN 0.69 1,216",Saturday,2,February,1,0,8,1,0,0,0,0,1,0,0,0,0,0,0,0,0,0,14.01107734150825
Sports Media Watch 2023-24 OCR Week 16,https://www.sportsmediawatch.com/wp-content/uploads/2024/03/feb1925-cbb.png,2023-24,basketball,men,Creighton / St. John's,Creighton,St. John's,2024-02-25,12:00,Early,CBS,1151000,sportsmediawatch_ocr,1151000.0,,Regular Season,Week 16,,,0.68,NCAA BASKETBALL-SUN =,CBS,0.68,"1,151","Sun 02.25.24 12:00 NCAA BASKETBALL-SUN = CREIGHTON AT ST. JOHN'S CBS 0.68 1,151",Sunday,2,February,1,0,15,0,1,0,0,0,0,1,0,0,0,0,0,0,0,0,13.95614168770402
Sports Media Watch 2023-24 OCR Week 16,https://www.sportsmediawatch.com/wp-content/uploads/2024/03/feb1925-cbb.png,2023-24,basketball,men,Washington / Arizona,Washington,Arizona,2024-02-24,2:29,Early,CBS,1027000,sportsmediawatch_ocr,1027000.0,,Regular Season,Week 16,,,0.63,NCAA BASKETBALL-SAT-1,CBS,0.63,"1,027","Sat 02.24.24 2:29 NCAA BASKETBALL-SAT-1 WASHINGTON AT ARIZONA CBS 0.63 1,027",Saturday,2,February,1,0,0,0,0,4,1,0,1,0,0,0,0,0,0,0,0,0,13.842152488910695
Sports Media Watch 2023-24 OCR Week 16,https://www.sportsmediawatch.com/wp-content/uploads/2024/03/feb1925-cbb.png,2023-24,basketball,men,Kentucky / LSU,Kentucky,LSU,2024-02-21,9:03,Early,ESPN,1011000,sportsmediawatch_ocr,1011000.0,,Regular Season,Week 16,,,0.61,COLLEGE BKBL REG SSN,ESPN,0.61,"1,011","Wed 02.2124 9:03 COLLEGE BKBL REG SSN KENTUCKY / LSU ESPN 0.61 1,011",Wednesday,2,February,0,0,17,0,1,0,0,0,0,1,0,0,0,0,0,0,0,0,13.82645049800261
Sports Media Watch 2023-24 OCR Week 16,https://www.sportsmediawatch.com/wp-content/uploads/2024/03/feb1925-cbb.png,2023-24,basketball,men,Iowa State / Houston,Iowa State,Houston,2024-02-19,9:05,Early,ESPN,1002000,sportsmediawatch_ocr,1002000.0,,Regular Season,Week 16,,,0.54,COLLEGE BKBL REG SSN oL,ESPN,0.54,"1,002","Mon 02.19.24 9:05 COLLEGE BKBL REG SSN oL IOWA STATE / HOUSTON ESPN 0.54 1,002",Monday,2,February,0,0,6,1,0,2,1,0,2,0,0,0,0,0,0,0,0,0,13.817508560626948
Sports Media Watch 2023-24 OCR Week 16,https://www.sportsmediawatch.com/wp-content/uploads/2024/03/feb1925-cbb.png,2023-24,basketball,men,Texas A&M / Tennessee,Texas A&M,Tennessee,2024-02-24,8:07,Early,ESPN,961000,sportsmediawatch_ocr,961000.0,,Regular Season,Week 16,,,0.56,COLLEGE BKBL REG SSN o£,ESPN,0.56,961,Sat 02.24.24 8:07 COLLEGE BKBL REG SSN o£ TEXAS A&M / TENNESSEE ESPN 0.56 961,Saturday,2,February,1,0,21,0,1,5,1,0,1,1,0,0,0,0,0,0,0,0,13.77572968795243
Sports Media Watch 2023-24 OCR Week 16,https://www.sportsmediawatch.com/wp-content/uploads/2024/03/feb1925-cbb.png,2023-24,basketball,men,Villanova / Ct,Villanova,UConn,2024-02-24,8:04,Early,FOX,891000,sportsmediawatch_ocr,891000.0,,Regular Season,Week 16,,,0.48,FOX C.HOOPS-BIG EAST PRME,FOX,0.48,891,Sat 02.24.24 8:04 FOX C.HOOPS-BIG EAST PRME VILLANOVA AT UNIV-CT FOX 0.48 891,Saturday,2,February,1,0,18,0,1,1,1,0,1,1,0,0,0,0,0,0,0,0,13.700099706452946
Sports Media Watch 2023-24 OCR Week 16,https://www.sportsmediawatch.com/wp-content/uploads/2024/03/feb1925-cbb.png,2023-24,basketball,men,UConn / Creighton,UConn,Creighton,2024-02-20,8:44,Early,FS1,709000,sportsmediawatch_ocr,709000.0,,Regular Season,Week 16,,,0.44,COLL BSKTBL: BIGEASTL,FS1,0.44,709,Tue 02.20.24 8:44 COLL BSKTBL: BIGEASTL UCONN / CREIGHTON FS1 0.44 709,Tuesday,2,February,0,0,1,1,0,15,0,1,1,1,0,0,0,0,0,0,0,0,13.471610805514265
Sports Media Watch 2023-24 OCR Week 16,https://www.sportsmediawatch.com/wp-content/uploads/2024/03/feb1925-cbb.png,2023-24,basketball,men,Duke / Miami (FL),Duke,Miami (FL),2024-02-21,7:00,Early,ESPN,697000,sportsmediawatch_ocr,697000.0,,Regular Season,Week 16,,,0.4,COLLEGE BKBL REG SSN,ESPN,0.40,697,Wed 02.21.24 7:00 COLLEGE BKBL REG SSN DUKE / MIAMI ESPN 0.40 697,Wednesday,2,February,0,0,8,1,0,0,0,0,1,0,0,0,0,0,0,0,0,0,13.454540689742661
Sports Media Watch 2023-24 OCR Week 16,https://www.sportsmediawatch.com/wp-content/uploads/2024/03/feb1925-cbb.png,2023-24,basketball,men,Virginia / Virginia Tech,Virginia,Virginia Tech,2024-02-19,7:00,Early,ESPN,643000,sportsmediawatch_ocr,643000.0,,Regular Season,Week 16,,,0.36,COLLEGE BKBL REG SSN L,ESPN,0.36,643,Mon 02.19.24 7:00 COLLEGE BKBL REG SSN L VIRGINIA / VIRGINIA TECH ESPN 0.36 643,Monday,2,February,0,0,21,0,1,0,0,0,0,1,0,0,0,0,0,0,0,0,13.373900003219756
Sports Media Watch 2023-24 OCR Week 16,https://www.sportsmediawatch.com/wp-content/uploads/2024/03/feb1925-cbb.png,2023-24,basketball,men,Florida / Alabama,Florida,Alabama,2024-02-21,7:00,Early,ESPN2,624000,sportsmediawatch_ocr,624000.0,,Regular Season,Week 16,,,0.37,COLLEGE BKBL REG SSN OL,ESPN2,0.37,624,Wed 02.21.24 7:00 COLLEGE BKBL REG SSN OL FLORIDA / ALABAMA ESPN2 0.37 624,Wednesday,2,February,0,0,24,0,1,13,0,1,0,2,0,0,0,0,0,0,0,0,13.343905647351566
Sports Media Watch 2023-24 OCR Week 16,https://www.sportsmediawatch.com/wp-content/uploads/2024/03/feb1925-cbb.png,2023-24,basketball,men,Notre Dame / Syracuse,Notre Dame,Syracuse,2024-02-24,12:00,Early,ESPN,59000,sportsmediawatch_ocr,59000.0,,Regular Season,Week 16,,,0.33,COLLEGE BKBL REG SSN L,ESPN,0.33,59],Sat 02.24.24 12:00 COLLEGE BKBL REG SSN L NOTRE DAME / SYRACUSE ESPN 0.33 59],Saturday,2,February,1,0,0,0,0,0,0,0,0,0,0,0,0,0,0,0,0,0,10.985292722887856
Sports Media Watch 2023-24 OCR Week 16,https://www.sportsmediawatch.com/wp-content/uploads/2024/03/feb1925-cbb.png,2023-24,basketball,men,USC / UCLA,USC,UCLA,2024-02-24,10:09,Early,ESPN,577000,sportsmediawatch_ocr,577000.0,,Regular Season,Week 16,,,0.32,COLLEGE BKBL REG SSN,ESPN,0.32,577,Sat 02.24.24 10:09 COLLEGE BKBL REG SSN USC / UCLA ESPN 0.32 577,Saturday,2,February,1,0,23,0,1,0,0,0,0,1,0,0,0,0,0,0,0,0,13.265597545490236
Sports Media Watch 2023-24 OCR Week 16,https://www.sportsmediawatch.com/wp-content/uploads/2024/03/feb1925-cbb.png,2023-24,basketball,men,Baylor / Byu,Baylor,BYU,2024-02-20,9:37,Early,ESPN,575000,sportsmediawatch_ocr,575000.0,,Regular Season,Week 16,,,0.33,COLLEGE BKBL REG SSN oL,ESPN,0.33,575,Tue 02.20.24 9:37 COLLEGE BKBL REG SSN oL BAYLOR / BYU ESPN 0.33 575,Tuesday,2,February,0,0,11,0,1,25,0,1,0,2,0,0,0,0,0,0,0,0,13.262125319779487
Sports Media Watch 2023-24 OCR Week 16,https://www.sportsmediawatch.com/wp-content/uploads/2024/03/feb1925-cbb.png,2023-24,basketball,men,Iowa / Illinois,Iowa,Illinois,2024-02-24,2:18,Early,BTN,549000,sportsmediawatch_ocr,549000.0,,Regular Season,Week 16,,,0.33,BIGMENSBASKETBALLL,BTN,0.33,549,Sat 02.24.24 2:18 BIGMENSBASKETBALLL IOWA / ILLINOIS BTN 0.33 549,Saturday,2,February,1,0,0,0,0,12,0,1,0,1,0,0,0,0,0,0,0,0,13.215853720491667
Sports Media Watch 2023-24 OCR Week 16,https://www.sportsmediawatch.com/wp-content/uploads/2024/03/feb1925-cbb.png,2023-24,basketball,men,Arkansas / Texas A&M,Arkansas,Texas A&M,2024-02-20,7:00,Early,ESPN,501000,sportsmediawatch_ocr,501000.0,,Regular Season,Week 16,,,0.28,COLLEGE BKBL REG SSN oL,ESPN,0.28,501,Tue 02.20.24 7:00 COLLEGE BKBL REG SSN oL ARKANSAS / TEXAS A&M ESPN 0.28 501,Tuesday,2,February,0,0,20,0,1,21,0,1,0,2,0,0,0,0,0,0,0,0,13.124361380067002
Sports Media Watch 2023-24 OCR Week 16,https://www.sportsmediawatch.com/wp-content/uploads/2024/03/feb1925-cbb.png,2023-24,basketball,men,Nebraska / Indiana,Nebraska,Indiana,2024-02-21,8:42,Early,BTN,420000,sportsmediawatch_ocr,420000.0,,Regular Season,Week 16,,,0.22,BIGMENSBASKETBALLL,BTN,0.22,420,Wed 02.21.24 8:42 BIGMENSBASKETBALLL NEBRASKA/ INDIANA BTN 0.22 420,Wednesday,2,February,0,0,0,0,0,0,0,0,0,0,0,0,0,0,0,0,0,0,12.948009990259552
Sports Media Watch 2023-24 OCR Week 16,https://www.sportsmediawatch.com/wp-content/uploads/2024/03/feb1925-cbb.png,2023-24,basketball,men,Minnesota / Nebraska,Minnesota,Nebraska,2024-02-25,6:30,Early,BTN,409000,sportsmediawatch_ocr,409000.0,,Regular Season,Week 16,,,0.21,B1G MENS BASKETBALLL,BIN,0.21,409,Sun 02.25.24 6:30 B1G MENS BASKETBALLL MINNESOTA/ NEBRASKA BIN 0.21 409,Sunday,2,February,1,0,0,0,0,0,0,0,0,0,0,0,0,0,0,0,0,0,12.921470435024938
Sports Media Watch 2023-24 OCR Week 16,https://www.sportsmediawatch.com/wp-content/uploads/2024/03/feb1925-cbb.png,2023-24,basketball,men,Florida Atlantic / Memphis,Florida Atlantic,Memphis,2024-02-25,2:00,Early,ESPN,378000,sportsmediawatch_ocr,378000.0,,Regular Season,Week 16,,,0.2,COLLEGEBKBLREGSSN,ESPN,0.20,378,Sun 02.25.24 2:00 COLLEGEBKBLREGSSN FLORIDA ATLANTIC / MEMPHIS ESPN 0.20 378,Sunday,2,February,1,0,24,0,1,19,0,1,0,2,0,0,0,0,0,0,0,0,12.842649474601725
Sports Media Watch 2023-24 OCR Week 16,https://www.sportsmediawatch.com/wp-content/uploads/2024/03/feb1925-cbb.png,2023-24,basketball,men,Illinois / Penn State,Illinois,Penn State,2024-02-21,6:30,Early,BTN,329000,sportsmediawatch_ocr,329000.0,,Regular Season,Week 16,,,0.2,BIGMENS BASKETBALL L,BTN,0.20,329,Wed 02.21.24 6:30 BIGMENS BASKETBALL L ILLINOIS / PENN STATE BTN 0.20 329,Wednesday,2,February,0,0,12,0,1,0,0,0,0,1,0,0,0,0,0,0,0,0,12.70381302974751
Sports Media Watch 2023-24 OCR Week 16,https://www.sportsmediawatch.com/wp-content/uploads/2024/03/feb1925-cbb.png,2023-24,basketball,men,Fla St / Clemson,Florida State,Clemson,2024-02-24,7:46,Early,CW,314000,sportsmediawatch_ocr,314000.0,,Regular Season,Week 16,,,0.18,ACC MEN'S ' BASKETBALL 2,cw,0.18,314,Sat 02.24.24 7:46 ACC MEN'S ' BASKETBALL 2 - FLA ST UNIV AT CLEMSON cw 0.18 314,Saturday,2,February,1,0,0,0,0,21,0,1,0,1,0,0,0,0,0,0,0,0,12.65714826489039
Sports Media Watch 2023-24 OCR Week 16,https://www.sportsmediawatch.com/wp-content/uploads/2024/03/feb1925-cbb.png,2023-24,basketball,men,Kansas State / Texas,Kansas State,Texas,2024-02-19,9:00,Early,ESPN2,314000,sportsmediawatch_ocr,314000.0,,Regular Season,Week 16,,,0.19,COLLEGE BKBL REG SSN OL,ESPN2,0.19,314,Mon 02.19.24 9:00 COLLEGE BKBL REG SSN OL KANSAS ST / TEXAS ESPN2 0.19 314,Monday,2,February,0,0,0,0,0,25,0,1,0,1,0,0,0,0,0,0,0,0,12.65714826489039
Sports Media Watch 2023-24 OCR Week 16,https://www.sportsmediawatch.com/wp-content/uploads/2024/03/feb1925-cbb.png,2023-24,basketball,men,Missouri / Arkansas,Missouri,Arkansas,2024-02-24,12:00,Early,ESPN2,300000,sportsmediawatch_ocr,300000.0,,Regular Season,Week 16,,,0.18,COLLEGE BKBL REG SSN,ESPN2,0.18,300,Sat 02.24.24 12:00 COLLEGE BKBL REG SSN MISSOURI / ARKANSAS ESPN2 0.18 300,Saturday,2,February,1,0,0,0,0,20,0,1,0,1,0,0,0,0,0,0,0,0,12.611537753638338
Sports Media Watch 2023-24 OCR Week 16,https://www.sportsmediawatch.com/wp-content/uploads/2024/03/feb1925-cbb.png,2023-24,basketball,men,Syracuse / NC State,Syracuse,NC State,2024-02-20,7:00,Early,ESPN2,299000,sportsmediawatch_ocr,299000.0,,Regular Season,Week 16,,,0.18,COLLEGE BKBL REG SSN oL,ESPN2,0.18,299,Tue 02.20.24 7:00 COLLEGE BKBL REG SSN oL SYRACUSE / NC STATE ESPN2 0.18 299,Tuesday,2,February,0,0,0,0,0,0,0,0,0,0,0,0,0,0,0,0,0,0,12.608198852372823
Sports Media Watch 2023-24 OCR Week 16,https://www.sportsmediawatch.com/wp-content/uploads/2024/03/feb1925-cbb.png,2023-24,basketball,men,Santa Clara / Gonzaga,Santa Clara,Gonzaga,2024-02-24,10:04,Early,ESPN2,283000,sportsmediawatch_ocr,283000.0,,Regular Season,Week 16,,,0.16,COLLEGE BKBL REG SSN L,ESPN2,0.16,283,Sat 02.24.24 10:04 COLLEGE BKBL REG SSN L SANTA CLARA / GONZAGA ESPN2 0.16 283,Saturday,2,February,1,0,0,0,0,23,0,1,0,1,0,0,0,0,0,0,0,0,12.553202176625375
Sports Media Watch 2023-24 OCR Week 16,https://www.sportsmediawatch.com/wp-content/uploads/2024/03/feb1925-cbb.png,2023-24,basketball,men,Michigan / Northwestern,Michigan,Northwestern,2024-02-22,9:06,Early,FS1,280000,sportsmediawatch_ocr,280000.0,,Regular Season,Week 16,,,0.16,COLL BSKBL:BIG 10L,FS1,0.16,280,Thu 02.22.24 9:06 COLL BSKBL:BIG 10L MICHIGAN / NORTHWESTERN FS1 0.16 280,Thursday,2,February,0,0,0,0,0,25,0,1,0,1,0,0,0,0,0,0,0,0,12.542544882151386
Sports Media Watch 2023-24 OCR Week 16,https://www.sportsmediawatch.com/wp-content/uploads/2024/03/feb1925-cbb.png,2023-24,basketball,men,Va Tech / Pitt,Virginia Tech,Pitt,2024-02-24,5:30,Early,CW,275000,sportsmediawatch_ocr,275000.0,,Regular Season,Week 16,,,0.17,ACC MEN'S \ BASKETBALL 1,CW,0.17,275,Sat 02.24.24 5:30 ACC MEN'S \ BASKETBALL 1 VA TECH AT UNIV-PITTBRG CW 0.17 275,Saturday,2,February,1,0,0,0,0,0,0,0,0,0,0,0,0,0,0,0,0,0,12.524526376648708
Sports Media Watch 2023-24 OCR Week 16,https://www.sportsmediawatch.com/wp-content/uploads/2024/03/feb1925-cbb.png,2023-24,basketball,men,Ohio State / Minnesota,Ohio State,Minnesota,2024-02-22,,Unknown,BTN,273000,sportsmediawatch_ocr,273000.0,,Regular Season,Week 16,,,0.15,B1G MENS BASKETBALLL,BTN,0.15,273,boo. on  B1G MENS BASKETBALLL OHIO STATE/ MINNESOTA BTN 0.15 273,Thursday,2,February,0,0,0,0,0,0,0,0,0,0,0,0,0,0,0,0,0,0,12.517227074167097
Sports Media Watch 2023-24 OCR Week 16,https://www.sportsmediawatch.com/wp-content/uploads/2024/03/feb1925-cbb.png,2023-24,basketball,men,Rutgers / Purdue,Rutgers,Purdue,2024-02-22,7:00,Early,FS1,273000,sportsmediawatch_ocr,273000.0,,Regular Season,Week 16,,,0.14,COLL BSKBL:BIG 10L,FS1,0.14,273,Thu 02.22.24 7:00 COLL BSKBL:BIG 10L RUTGERS / PURDUE FS1 0.14 273,Thursday,2,February,0,0,0,0,0,3,1,0,1,0,0,0,0,0,0,0,0,0,12.517227074167097
Sports Media Watch 2023-24 OCR Week 16,https://www.sportsmediawatch.com/wp-content/uploads/2024/03/feb1925-cbb.png,2023-24,basketball,men,West Virginia / Iowa State,West Virginia,Iowa State,2024-02-24,2:23,Early,ESPN2,272000,sportsmediawatch_ocr,272000.0,,Regular Season,Week 16,,,0.17,COLLEGE BKBL REG SSN L,ESPN2,0.17,272,Sat 02.24.24 2:23 COLLEGE BKBL REG SSN L WEST VIRGINIA/ IOWA STATE ESPN2 0.17 272,Saturday,2,February,1,0,0,0,0,6,1,0,1,0,0,0,0,0,0,0,0,0,12.513557345278134
Sports Media Watch 2023-24 OCR Week 16,https://www.sportsmediawatch.com/wp-content/uploads/2024/03/feb1925-cbb.png,2023-24,basketball,men,Ole Miss / Mississippi State,Ole Miss,Mississippi State,2024-02-21,9:25,Early,ESPN2,271000,sportsmediawatch_ocr,271000.0,,Regular Season,Week 16,,,0.17,COLLEGEBKBLREGSSN OL,ESPN2,0.17,271,Wed 02.21.24 9:25 COLLEGEBKBLREGSSN OL OLE MISS/ MISSISSIPPI STATE ESPN2 0.17 271,Wednesday,2,February,0,0,22,0,1,21,0,1,0,2,0,0,0,0,0,0,0,0,12.509874099861838
Sports Media Watch 2023-24 OCR Week 16,https://www.sportsmediawatch.com/wp-content/uploads/2024/03/feb1925-cbb.png,2023-24,basketball,men,Oklahoma / Oklahoma State,Oklahoma,Oklahoma State,2024-02-24,4:04,Early,ESPN2,252000,sportsmediawatch_ocr,252000.0,,Regular Season,Week 16,,,,COLLEGEBKBLREGSSN,ESPN2,"0,15",252,"Sat 02.24.24 4:04 COLLEGEBKBLREGSSN OKLAHOMA/ OKLAHOMA STATE ESPN2 0,15 252",Saturday,2,February,1,0,25,0,1,0,0,0,0,1,0,0,0,0,0,0,0,0,12.437184366493561
Sports Media Watch 2023-24 OCR Week 16,https://www.sportsmediawatch.com/wp-content/uploads/2024/03/feb1925-cbb.png,2023-24,basketball,men,Temple / Wichita State,Temple,Wichita State,2024-02-25,4:16,Early,ESPN,246000,sportsmediawatch_ocr,246000.0,,Regular Season,Week 16,,,0.13,COLLEGE BKBL REG SSN o£,ESPN,0.13,246,Sun 02.25.24 4:16 COLLEGE BKBL REG SSN o£ TEMPLE / WICHITA STATE ESPN 0.13 246,Sunday,2,February,1,0,0,0,0,0,0,0,0,0,0,0,0,0,0,0,0,0,12.4130868149145
Sports Media Watch 2023-24 OCR Week 16,https://www.sportsmediawatch.com/wp-content/uploads/2024/03/feb1925-cbb.png,2023-24,basketball,men,Indiana / Penn State,Indiana,Penn State,2024-02-24,12:00,Early,BTN,231000,sportsmediawatch_ocr,231000.0,,Regular Season,Week 16,,,0.15,BIGMENSBASKETBALLL,BTN,0.15,231,Sat 02.24.24 12:00 BIGMENSBASKETBALLL INDIANA / PENN STATE BTN 0.15 231,Saturday,2,February,1,0,0,0,0,0,0,0,0,0,0,0,0,0,0,0,0,0,12.35017298950393
Sports Media Watch 2023-24 OCR Week 16,https://www.sportsmediawatch.com/wp-content/uploads/2024/03/feb1925-cbb.png,2023-24,basketball,men,Butler / Villanova,Butler,Villanova,2024-02-20,6:30,Early,FS1,227000,sportsmediawatch_ocr,227000.0,,Regular Season,Week 16,,,0.14,COLL BSKTBL: BIGEASTL,FS1,0.14,227,Tue 02.20.24 6:30 COLL BSKTBL: BIGEASTL BUTLER/ VILLANOVA FS1 0.14 227,Tuesday,2,February,0,0,0,0,0,18,0,1,0,1,0,0,0,0,0,0,0,0,12.332705296463539
Sports Media Watch 2023-24 OCR Week 16,https://www.sportsmediawatch.com/wp-content/uploads/2024/03/feb1925-cbb.png,2023-24,basketball,men,Xavier / Marquette,Xavier,Marquette,2024-02-25,5:11,Early,FS1,227000,sportsmediawatch_ocr,227000.0,,Regular Season,Week 16,,,0.11,COLLBSKTBL: BIGEASTL,FS1,0.11,227,Sun 02.25.04 5:11 COLLBSKTBL: BIGEASTL XAVIER / MARQUETTE FS1 0.11 227,Sunday,2,February,1,0,0,0,0,7,1,0,1,0,0,0,0,0,0,0,0,0,12.332705296463539
Sports Media Watch 2023-24 OCR Week 16,https://www.sportsmediawatch.com/wp-content/uploads/2024/03/feb1925-cbb.png,2023-24,basketball,men,TCU / Texas Tech,TCU,Texas Tech,2024-02-20,9:09,Early,ESPN2,224000,sportsmediawatch_ocr,224000.0,,Regular Season,Week 16,,,0.13,COLLEGE BKBL REG SSN,ESPN2,0.13,224,Tue 02.20.24 9:09 COLLEGE BKBL REG SSN TCU / TEXAS TECH ESPN2 0.13 224,Tuesday,2,February,0,0,25,0,1,23,0,1,0,2,0,0,0,0,0,0,0,0,12.319401330837177
Sports Media Watch 2023-24 OCR Week 16,https://www.sportsmediawatch.com/wp-content/uploads/2024/03/feb1925-cbb.png,2023-24,basketball,men,Washington State / Arizona,Washington State,Arizona,2024-02-22,11:09,Early,FS1,205000,sportsmediawatch_ocr,205000.0,,Regular Season,Week 16,,,0.12,COLL BSKTBL: PAC 12L,FS1,0.12,205,Thu 02.22.24 11:09 COLL BSKTBL: PAC 12L WASHINGTON ST/ ARIZONA FS1 0.12 205,Thursday,2,February,0,0,21,0,1,4,1,0,1,1,0,0,0,0,0,0,0,0,12.230765258120545
Sports Media Watch 2023-24 OCR Week 16,https://www.sportsmediawatch.com/wp-content/uploads/2024/03/feb1925-cbb.png,2023-24,basketball,men,Washington / Arizona State,Washington,Arizona State,2024-02-22,9:12,Early,ESPN2,196000,sportsmediawatch_ocr,196000.0,,Regular Season,Week 16,,,,COLLEGE BKBLREGSSN,EsPpN2 ss,"),09",196,"Thu 02.22.24 9:12 COLLEGE BKBLREGSSN WASHINGTON / ARIZONA STATE EsPpN2 ss ),09 196",Thursday,2,February,0,0,0,0,0,0,0,0,0,0,0,0,0,0,0,0,0,0,12.185869938212655
Sports Media Watch 2023-24 OCR Week 16,https://www.sportsmediawatch.com/wp-content/uploads/2024/03/feb1925-cbb.png,2023-24,basketball,men,SMU / Florida Atlantic,SMU,Florida Atlantic,2024-02-22,7:00,Early,ESPN2,170000,sportsmediawatch_ocr,170000.0,,Regular Season,Week 16,,,0.1,COLLEGE BKBL REG SSN,ESPN2,0.10,170,Thu 02.2224 7:00 COLLEGE BKBL REG SSN SMU / FLORIDA ATLANTIC ESPN2 0.10 170,Thursday,2,February,0,0,0,0,0,24,0,1,0,1,0,0,0,0,0,0,0,0,12.043553716032399
Sports Media Watch 2023-24 OCR Week 16,https://www.sportsmediawatch.com/wp-content/uploads/2024/03/feb1925-cbb.png,2023-24,basketball,men,Washington State / Arizona State,Washington State,Arizona State,2024-02-24,8:11,Early,ESPN2,164000,sportsmediawatch_ocr,164000.0,,Regular Season,Week 16,,,0.09,COLLEGE BKBL REG SSN,EsPN2,0.09,164,Sat 02.24.24 8:11 COLLEGE BKBL REG SSN WASHINGTON STATE / ARIZONA STATE EsPN2 0.09 164,Saturday,2,February,1,0,21,0,1,0,0,0,0,1,0,0,0,0,0,0,0,0,12.007621706806335
Sports Media Watch 2023-24 OCR Week 16,https://www.sportsmediawatch.com/wp-content/uploads/2024/03/feb1925-cbb.png,2023-24,basketball,men,San Francisco / Saint Mary's,San Francisco,Saint Mary's,2024-02-20,11:24,Early,ESPN2,163000,sportsmediawatch_ocr,163000.0,,Regular Season,Week 16,,,0.1,COLLEGE BKBLREGSSN,ESPN2,0.10,163,Tue 02.20.24 11:24 COLLEGE BKBLREGSSN SAN FRANCISCO / SAINT MARYS ESPN2 0.10 163,Tuesday,2,February,0,0,0,0,0,18,0,1,0,1,0,0,0,0,0,0,0,0,12.0015054797889
Sports Media Watch 2023-24 OCR Week 16,https://www.sportsmediawatch.com/wp-content/uploads/2024/03/feb1925-cbb.png,2023-24,basketball,men,Appalachian State / Marshall,Appalachian State,Marshall,2024-02-24,6:29,Early,ESPN2,151000,sportsmediawatch_ocr,151000.0,,Regular Season,Week 16,,,,COLLEGEBKBLREGSSN,EsPN2,"0,09",151,"Sat 02.24.24 6:29 COLLEGEBKBLREGSSN APPALACHIAN STATE / MARSHALL EsPN2 0,09 151",Saturday,2,February,1,0,0,0,0,0,0,0,0,0,0,0,0,0,0,0,0,0,11.925035115797062
Sports Media Watch 2023-24 OCR Week 16,https://www.sportsmediawatch.com/wp-content/uploads/2024/03/feb1925-cbb.png,2023-24,basketball,men,St. John's / Georgetown,St. John's,Georgetown,2024-02-21,7:00,Early,FS1,135000,sportsmediawatch_ocr,135000.0,,Regular Season,Week 16,,,0.07,COLL BSKTBL: BIGEASTL,FS1,0.07,135,oe Wed 7:00 COLL BSKTBL: BIGEASTL ST. JOHNS / GEORGETOWN FS1 0.07 135,Wednesday,2,February,0,0,0,0,0,0,0,0,0,0,0,0,0,0,0,0,0,0,11.813030057420567
Sports Media Watch 2023-24 OCR Week 16,https://www.sportsmediawatch.com/wp-content/uploads/2024/03/feb1925-cbb.png,2023-24,basketball,men,Oregon / Stanford,Oregon,Stanford,2024-02-22,11:36,Early,ESPN2,127000,sportsmediawatch_ocr,127000.0,,Regular Season,Week 16,,,0.06,COLLEGE BKBL REG SSN L,ESPN2,0.06,127,Thu 02.22.24 11:36 COLLEGE BKBL REG SSN L OREGON / STANFORD ESPN2 0.06 127,Thursday,2,February,0,0,0,0,0,0,0,0,0,0,0,0,0,0,0,0,0,0,11.751942365440728
Sports Media Watch 2023-24 OCR Week 16,https://www.sportsmediawatch.com/wp-content/uploads/2024/03/feb1925-cbb.png,2023-24,basketball,men,San Jose State / Boise State,San Jose State,Boise State,2024-02-20,10:47,Early,FS1,127000,sportsmediawatch_ocr,127000.0,,Regular Season,Week 16,,,0.08,COLL BSKTBL: MTN WEST,FS1,0.08,127,Tue 02.20.24 10:47 COLL BSKTBL: MTN WEST SAN JOSE ST / BOISE ST FS1 0.08 127,Tuesday,2,February,0,0,0,0,0,0,0,0,0,0,0,0,0,0,0,0,0,0,11.751942365440728
Sports Media Watch 2023-24 OCR Week 16,https://www.sportsmediawatch.com/wp-content/uploads/2024/03/feb1925-cbb.png,2023-24,basketball,men,Maryland / Rutgers,Maryland,Rutgers,2024-02-25,12:00,Early,BTN,115000,sportsmediawatch_ocr,115000.0,,Regular Season,Week 16,,,0.07,BIGMENS BASKETBALLL,BTN,0.07,115,Sen Sun 12:00 BIGMENS BASKETBALLL MARYLAND / RUTGERS BTN 0.07 115,Sunday,2,February,1,0,0,0,0,0,0,0,0,0,0,0,0,0,0,0,0,0,11.652687407345388
Sports Media Watch 2023-24 OCR Week 16,https://www.sportsmediawatch.com/wp-content/uploads/2024/03/feb1925-cbb.png,2023-24,basketball,men,Nevada / San Jose State,Nevada,San Jose State,2024-02-23,10:00,Early,FS1,107000,sportsmediawatch_ocr,107000.0,,Regular Season,Week 16,,,0.06,COLL BSKTBL: MTN WEST L,FS1,0.06,107,Fri 02.2324 10:00 COLL BSKTBL: MTN WEST L NEVADA / SAN JOSE ST FS1 0.06 107,Friday,2,February,0,0,0,0,0,0,0,0,0,0,0,0,0,0,0,0,0,0,11.580584113444043
Sports Media Watch 2023-24 OCR Week 16,https://www.sportsmediawatch.com/wp-content/uploads/2024/03/feb1925-cbb.png,2023-24,basketball,men,SMU / South Florida,SMU,South Florida,2024-02-25,12:00,Early,ESPN2,103000,sportsmediawatch_ocr,103000.0,,Regular Season,Week 16,,,0.06,COLLEGE BKBL REG SSN L,ESPN2,0.06,103,Sun 02.25.24 12:00 COLLEGE BKBL REG SSN L SMU / SOUTH FLORIDA ESPN2 0.06 103,Sunday,2,February,1,0,0,0,0,0,0,0,0,0,0,0,0,0,0,0,0,0,11.542484267211773
Sports Media Watch 2023-24 OCR Week 16,https://www.sportsmediawatch.com/wp-content/uploads/2024/03/feb1925-cbb.png,2023-24,basketball,men,Depaul / Marquette,DePaul,Marquette,2024-02-21,,Unknown,FS1,94000,sportsmediawatch_ocr,94000.0,,Regular Season,Week 16,,,0.05,COLL BSKTBL: BIGEASTL,FS1,0.05,94,a on  COLL BSKTBL: BIGEASTL DEPAUL/ MARQUETTE FS1 0.05 94,Wednesday,2,February,0,0,0,0,0,7,1,0,1,0,0,0,0,0,0,0,0,0,11.451050061252142
Sports Media Watch 2023-24 OCR Week 16,https://www.sportsmediawatch.com/wp-content/uploads/2024/03/feb1925-cbb.png,2023-24,basketball,men,Notre Dame / Louisville,Notre Dame,Louisville,2024-02-21,7:00,Early,ESPNU,81000,sportsmediawatch_ocr,81000.0,,Regular Season,Week 16,,,0.04,COLLEGE BKBL REG SSN,ESPNU,0.04,81,Wed 02.2124 7:00 COLLEGE BKBL REG SSN NOTRE DAME / LOUISVILLE ESPNU 0.04 81,Wednesday,2,February,0,0,0,0,0,0,0,0,0,0,0,0,0,0,0,0,0,0,11.302204433654575
Sports Media Watch 2023-24 OCR Week 16,https://www.sportsmediawatch.com/wp-content/uploads/2024/03/feb1925-cbb.png,2023-24,basketball,men,UNLV / Air Force,UNLV,Air Force,2024-02-21,11:09,Early,FS1,79000,sportsmediawatch_ocr,79000.0,,Regular Season,Week 16,,,0.04,COLL BSKTBL: MTN WEST oL,FS1,0.04,79,Wed 02.21.24 11:09 COLL BSKTBL: MTN WEST oL UNLV / AIR FORCE FS1 0.04 79,Wednesday,2,February,0,0,0,0,0,0,0,0,0,0,0,0,0,0,0,0,0,0,11.27720313144916
Sports Media Watch 2023-24 OCR Week 16,https://www.sportsmediawatch.com/wp-content/uploads/2024/03/feb1925-cbb.png,2023-24,basketball,men,Butler / Seton Hall,Butler,Seton Hall,2024-02-24,8:30,Early,FS2,69000,sportsmediawatch_ocr,69000.0,,Regular Season,Week 16,,,0.04,COLL BSKTBL: BIGEASTL,FS2,0.04,69,Sat 02.24.24 8:30 COLL BSKTBL: BIGEASTL BUTLER / SETON HALL FS2 0.04 69,Saturday,2,February,1,0,0,0,0,0,0,0,0,0,0,0,0,0,0,0,0,0,11.141861783579396
Sports Media Watch 2023-24 OCR Week 16,https://www.sportsmediawatch.com/wp-content/uploads/2024/03/feb1925-cbb.png,2023-24,basketball,men,UAB / Tulane,UAB,Tulane,2024-02-25,4:00,Early,ESPN2,62000,sportsmediawatch_ocr,62000.0,,Regular Season,Week 16,,,0.04,COLLEGE BKBL REG SSN OL,ESPN2,0.04,62,an Sun 4:00 COLLEGE BKBL REG SSN OL UAB / TULANE ESPN2 0.04 62,Sunday,2,February,1,0,0,0,0,0,0,0,0,0,0,0,0,0,0,0,0,0,11.03488966402723
Sports Media Watch 2023-24 OCR Week 16,https://www.sportsmediawatch.com/wp-content/uploads/2024/03/feb1925-cbb.png,2023-24,basketball,men,Toledo / Bowling Green,Toledo,Bowling Green,2024-02-23,7:00,Early,ESPNU,57000,sportsmediawatch_ocr,57000.0,,Regular Season,Week 16,,,0.03,COLLEGE BKBL REG SSN,ESPNU,0.03,57,Fri 02.2324 7:00 COLLEGE BKBL REG SSN TOLEDO / BOWLING GREEN ESPNU 0.03 57,Friday,2,February,0,0,0,0,0,0,0,0,0,0,0,0,0,0,0,0,0,0,10.950806546816688
Sports Media Watch 2023-24 OCR Week 16,https://www.sportsmediawatch.com/wp-content/uploads/2024/03/feb1925-cbb.png,2023-24,basketball,men,St Bonaventure / UMass,St. Bonaventure,UMass,2024-02-24,2:30,Early,USA,54000,sportsmediawatch_ocr,54000.0,,Regular Season,Week 16,,,0.03,A1O BASKETBALL L,USA,0.03,54,Soe Sat 2:30 A1O BASKETBALL L ST. BONAVENTURE/UMASS USA 0.03 54,Saturday,2,February,1,0,0,0,0,0,0,0,0,0,0,0,0,0,0,0,0,0,10.896739325546411
Sports Media Watch 2023-24 OCR Week 16,https://www.sportsmediawatch.com/wp-content/uploads/2024/03/feb1925-cbb.png,2023-24,basketball,men,UCF / West Virginia,UCF,West Virginia,2024-02-20,7:00,Early,ESPNU,52000,sportsmediawatch_ocr,52000.0,,Regular Season,Week 16,,,0.03,COLLEGE BKBL REG SSN L,ESPNU,0.03,52,Tue 02.20.24 7:00 COLLEGE BKBL REG SSN L UCF / WEST VIRGINIA ESPNU 0.03 52,Tuesday,2,February,0,0,0,0,0,0,0,0,0,0,0,0,0,0,0,0,0,0,10.858998997563564
Sports Media Watch 2023-24 OCR Week 16,https://www.sportsmediawatch.com/wp-content/uploads/2024/03/feb1925-cbb.png,2023-24,basketball,men,Rhode Island / La Salle,Rhode Island,La Salle,2024-02-25,12:00,Early,USA,48000,sportsmediawatch_ocr,48000.0,,Regular Season,Week 16,,,0.02,10 BASKETBALL L,USA,0.02,48,Sun 02.25.24 12:00 10 BASKETBALL L RHODE ISLAND / LA SALLE USA 0.02 48,Sunday,2,February,1,0,0,0,0,0,0,0,0,0,0,0,0,0,0,0,0,0,10.778956289890028
Sports Media Watch 2023-24 OCR Week 16,https://www.sportsmediawatch.com/wp-content/uploads/2024/03/feb1925-cbb.png,2023-24,basketball,men,Fairfield / Quinnipiac,Fairfield,Quinnipiac,2024-02-23,9:02,Early,ESPNU,47000,sportsmediawatch_ocr,47000.0,,Regular Season,Week 16,,,0.03,COLLEGE BKBL REG SSN OL,ESPNU,0.03,47,Bl Fri awn 9:02 COLLEGE BKBL REG SSN OL FAIRFIELD / QUINNIPIAC ESPNU 0.03 47,Friday,2,February,0,0,0,0,0,0,0,0,0,0,0,0,0,0,0,0,0,0,10.757902880692196
Sports Media Watch 2023-24 OCR Week 16,https://www.sportsmediawatch.com/wp-content/uploads/2024/03/feb1925-cbb.png,2023-24,basketball,men,San Diego / St Marys Ca,San Diego,Saint Mary's,2024-02-24,10:06,Early,ESPNU,18000,sportsmediawatch_ocr,18000.0,,Regular Season,Week 16,,,0.01,COLLEGE BKBL REG SSN L,ESPNU,0.01,18,Sat 02.24.24 10:06 COLLEGE BKBL REG SSN L SAN DIEGO /ST MARYS CA ESPNU 0.01 18,Saturday,2,February,1,0,0,0,0,18,0,1,0,1,0,0,0,0,0,0,0,0,9.798127036878302
Sports Media Watch 2023-24 OCR Week 16,https://www.sportsmediawatch.com/wp-content/uploads/2024/03/feb1925-cbb.png,2023-24,basketball,men,Tulsa / Wichita State,Tulsa,Wichita State,2024-02-21,9:04,Early,ESPNU,15000,sportsmediawatch_ocr,15000.0,,Regular Season,Week 16,,,0.01,COLLEGE BKBL REG SSN OL,ESPNU,0.01,15,Wed 02.21.24 9:04 COLLEGE BKBL REG SSN OL TULSA / WICHITA STATE ESPNU 0.01 15,Wednesday,2,February,0,0,0,0,0,0,0,0,0,0,0,0,0,0,0,0,0,0,9.615805480084347
Sports Media Watch 2023-24 OCR Week 17,https://www.sportsmediawatch.com/wp-content/uploads/2024/03/feb26mar3-cbb.png,2023-24,basketball,men,Tennessee / Alabama,Tennessee,Alabama,2024-03-02,8:07,Early,ESPN,1566000,sportsmediawatch_ocr,1566000.0,,Regular Season,Week 17,,,0.81,COLLEGE BKBL REG SSN,ESPN,0.81,"1,566","Sat 03.02.24 8:07 COLLEGE BKBL REG SSN TENNESSEE / ALABAMA ESPN 0.81 1,566",Saturday,3,March,1,0,4,1,0,14,0,1,1,1,0,0,0,0,0,0,0,0,14.264035155532886
Sports Media Watch 2023-24 OCR Week 17,https://www.sportsmediawatch.com/wp-content/uploads/2024/03/feb26mar3-cbb.png,2023-24,basketball,men,Arkansas / Kentucky,Arkansas,Kentucky,2024-03-02,1:30,Early,CBS,1526000,sportsmediawatch_ocr,1526000.0,,Regular Season,Week 17,,,0.86,NCAABASKETBALL-SAT-1,CBS,0.86,"1,526","Sat 03.02.24 1:30 NCAABASKETBALL-SAT-1 ARKANSAS AT KENTUCKY CBS 0.86 1,526",Saturday,3,March,1,0,20,0,1,16,0,1,0,2,0,0,0,0,0,0,0,0,14.23816049082654
Sports Media Watch 2023-24 OCR Week 17,https://www.sportsmediawatch.com/wp-content/uploads/2024/03/feb26mar3-cbb.png,2023-24,basketball,men,Mi St / Purdue,Michigan State,Purdue,2024-03-02,8:04,Early,FOX,1321000,sportsmediawatch_ocr,1321000.0,,Regular Season,Week 17,,,0.74,FOX C. HOOPS- BIG10 PALS,FOX,0.74,"=©1,321","Sat maene 8:04 FOX C. HOOPS- BIG10 PALS MI ST UNIV AT PURDUE UNIV FOX 0.74 =©1,321",Saturday,3,March,1,0,21,0,1,2,1,0,1,1,0,0,0,0,0,0,0,0,14.093899583504463
Sports Media Watch 2023-24 OCR Week 17,https://www.sportsmediawatch.com/wp-content/uploads/2024/03/feb26mar3-cbb.png,2023-24,basketball,men,Michigan / Ohio State,Michigan,Ohio State,2024-03-03,4:19,Early,CBS,1307000,sportsmediawatch_ocr,1307000.0,,Regular Season,Week 17,,,0.79,NCAA BASKETBALL-SUN-2,CBS,0.79,"1,307","Sun 03.03.24 4:19 NCAA BASKETBALL-SUN-2 MICHIGAN AT OHIO STATE CBS 0.79 1,307",Sunday,3,March,1,0,0,0,0,0,0,0,0,0,0,0,0,0,0,0,0,0,14.083244992606359
Sports Media Watch 2023-24 OCR Week 17,https://www.sportsmediawatch.com/wp-content/uploads/2024/03/feb26mar3-cbb.png,2023-24,basketball,men,NC State / North Carolina,NC State,North Carolina,2024-03-02,4:03,Early,ESPN,1285000,sportsmediawatch_ocr,1285000.0,,Regular Season,Week 17,,,0.71,COLLEGE BKBL REG SSN,ESPN,0.71,"1,285","Sat 03.02.24 4:03 COLLEGE BKBL REG SSN NC STATE/ NORTH CAROLINA ESPN 0.71 1,285",Saturday,3,March,1,0,0,0,0,9,1,0,1,0,0,0,0,0,0,0,0,0,14.066269276311457
Sports Media Watch 2023-24 OCR Week 17,https://www.sportsmediawatch.com/wp-content/uploads/2024/03/feb26mar3-cbb.png,2023-24,basketball,men,Virginia / Duke,Virginia,Duke,2024-03-02,6:08,Early,ESPN,1263000,sportsmediawatch_ocr,1263000.0,,Regular Season,Week 17,,,0.7,COLLEGE BKBL REG SSN IL,ESPN,0.70,"1,263","Sat fae 6:08 COLLEGE BKBL REG SSN IL VIRGINIA / DUKE ESPN 0.70 1,263",Saturday,3,March,1,0,21,0,1,10,1,0,1,1,0,0,0,0,0,0,0,0,14.049000401332629
Sports Media Watch 2023-24 OCR Week 17,https://www.sportsmediawatch.com/wp-content/uploads/2024/03/feb26mar3-cbb.png,2023-24,basketball,men,Seton Hall / UConn,Seton Hall,UConn,2024-03-03,12:00,Early,CBS,1155000,sportsmediawatch_ocr,1155000.0,,Regular Season,Week 17,,,0.69,NCAA BASKETBALL-SUN,CBS,0.69,"1,155","Sun 03.03.24 12:00 NCAA BASKETBALL-SUN SETON HALL AT UCONN CBS 0.69 1,155",Sunday,3,March,1,0,0,0,0,3,1,0,1,0,0,0,0,0,0,0,0,0,13.959610901938031
Sports Media Watch 2023-24 OCR Week 17,https://www.sportsmediawatch.com/wp-content/uploads/2024/03/feb26mar3-cbb.png,2023-24,basketball,men,Miami (FL) / North Carolina,Miami (FL),North Carolina,2024-02-26,7:00,Early,ESPN,1148000,sportsmediawatch_ocr,1148000.0,,Regular Season,Week 17,,,0.65,COLLEGE BKBL REG SSN,ESPN,0.65,"1,148","Mon 02.26.24 7:00 COLLEGE BKBL REG SSN MIAMI / NORTH CAROLINA ESPN 0.65 1,148",Monday,2,February,0,0,0,0,0,9,1,0,1,0,0,0,0,0,0,0,0,0,13.953531855861648
Sports Media Watch 2023-24 OCR Week 17,https://www.sportsmediawatch.com/wp-content/uploads/2024/03/feb26mar3-cbb.png,2023-24,basketball,men,Indiana / Maryland,Indiana,Maryland,2024-03-03,2:07,Early,CBS,1059000,sportsmediawatch_ocr,1059000.0,,Regular Season,Week 17,,,0.65,NCAA BASKETBALL-SUN-1_,CBS,0.65,"1,059","Sun 03.03.24 2:07 NCAA BASKETBALL-SUN-1_ INDIANA AT MARYLAND CBS 0.65 1,059",Sunday,3,March,1,0,0,0,0,0,0,0,0,0,0,0,0,0,0,0,0,0,13.872835624583544
Sports Media Watch 2023-24 OCR Week 17,https://www.sportsmediawatch.com/wp-content/uploads/2024/03/feb26mar3-cbb.png,2023-24,basketball,men,USC / Washington,USC,Washington,2024-03-02,3:56,Early,CBS,1033000,sportsmediawatch_ocr,1033000.0,,Regular Season,Week 17,,,0.6,NCAABASKETBALL-SAT-2,CBS,0.60,"1,033","Sat 03.02.24 3:56 NCAABASKETBALL-SAT-2 USC AT WASHINGTON CBS 0.60 1,033",Saturday,3,March,1,0,23,0,1,0,0,0,0,1,0,0,0,0,0,0,0,0,13.847977748101776
Sports Media Watch 2023-24 OCR Week 17,https://www.sportsmediawatch.com/wp-content/uploads/2024/03/feb26mar3-cbb.png,2023-24,basketball,men,Gonzaga / Saint Mary's,Gonzaga,Saint Mary's,2024-03-02,10:27,Early,ESPN,1007000,sportsmediawatch_ocr,1007000.0,,Regular Season,Week 17,,,0.51,COLLEGE BKBL REG SSN,ESPN,0.51,"1,007","Sat 03.02.24 10:27 COLLEGE BKBL REG SSN GONZAGA / SAINT MARYS ESPN 0.51 1,007",Saturday,3,March,1,0,23,0,1,17,0,1,0,2,0,0,0,0,0,0,0,0,13.8224861717007
Sports Media Watch 2023-24 OCR Week 17,https://www.sportsmediawatch.com/wp-content/uploads/2024/03/feb26mar3-cbb.png,2023-24,basketball,men,Kentucky / Mississippi State,Kentucky,Mississippi State,2024-02-27,7:00,Early,ESPN,934000,sportsmediawatch_ocr,934000.0,,Regular Season,Week 17,,,0.51,COLLEGE BKBL REG SSN L,ESPN,0.51,934,Tue 02.27.24 7:00 COLLEGE BKBL REG SSN L KENTUCKY /MISSISSIPPIST ESPN 0.51 934,Tuesday,2,February,0,0,16,0,1,21,0,1,0,2,0,0,0,0,0,0,0,0,13.74723171721098
Sports Media Watch 2023-24 OCR Week 17,https://www.sportsmediawatch.com/wp-content/uploads/2024/03/feb26mar3-cbb.png,2023-24,basketball,men,Auburn / Tennessee,Auburn,Tennessee,2024-02-28,7:00,Early,ESPN2,976000,sportsmediawatch_ocr,976000.0,,Regular Season,Week 17,,,0.52,COLLEGE BKBL REG SSN,ESPN2,0.52,976,Wed 02.2824 7:00 COLLEGE BKBL REG SSN AUBURN / TENNESSEE ESPN2 0.52 976,Wednesday,2,February,0,0,11,0,1,4,1,0,1,1,0,0,0,0,0,0,0,0,13.791217865395229
Sports Media Watch 2023-24 OCR Week 17,https://www.sportsmediawatch.com/wp-content/uploads/2024/03/feb26mar3-cbb.png,2023-24,basketball,men,Baylor / TCU,Baylor,TCU,2024-02-26,9:15,Early,ESPN,797000,sportsmediawatch_ocr,797000.0,,Regular Season,Week 17,,,0.42,COLLEGE BKBL REG SSN,ESPN,0.42,797,Mon 02.26.24 9:15 COLLEGE BKBL REG SSN BAYLOR / TCU ESPN 0.42 797,Monday,2,February,0,0,15,0,1,25,0,1,0,2,0,0,0,0,0,0,0,0,13.588609957772352
Sports Media Watch 2023-24 OCR Week 17,https://www.sportsmediawatch.com/wp-content/uploads/2024/03/feb26mar3-cbb.png,2023-24,basketball,men,Marquette / Creighton,Marquette,Creighton,2024-03-02,2:34,Early,FOX,786000,sportsmediawatch_ocr,786000.0,,Regular Season,Week 17,,,0.46,FOXC.HOOPS-BIGEAST DAY,tons,0.46,786,Sat 03.02.24 2:34 FOXC.HOOPS-BIGEAST DAY MARQUETTE UNIV AT CREIGHTON UNIV tons 0.46 786,Saturday,3,March,1,0,5,1,0,12,0,1,1,1,0,0,0,0,0,0,0,0,13.574712071411344
Sports Media Watch 2023-24 OCR Week 17,https://www.sportsmediawatch.com/wp-content/uploads/2024/03/feb26mar3-cbb.png,2023-24,basketball,men,Villanova / Providence Coll,Villanova,Providence,2024-03-02,12:04,Early,FOX,679000,sportsmediawatch_ocr,679000.0,,Regular Season,Week 17,,,0.41,FOXC.HOOPS-BIGEAST NOON,FOX,0.41,679,Sat 03.02.24 12:04 FOXC.HOOPS-BIGEAST NOON VILLANOVA UNIV AT PROVIDENCE COLL FOX 0.41 679,Saturday,3,March,1,0,18,0,1,23,0,1,0,2,0,0,0,0,0,0,0,0,13.428376406540833
Sports Media Watch 2023-24 OCR Week 17,https://www.sportsmediawatch.com/wp-content/uploads/2024/03/feb26mar3-cbb.png,2023-24,basketball,men,Alabama / Ole Miss,Alabama,Ole Miss,2024-02-28,9:23,Early,ESPN2,542000,sportsmediawatch_ocr,542000.0,,Regular Season,Week 17,,,0.32,COLLEGE BKBL REG SSN,ESPN2,0.32,542,Wed 02.28.24 9:23 COLLEGE BKBL REG SSN ALABAMA / OLE MISS ESPN2 0.32 542,Wednesday,2,February,0,0,14,0,1,22,0,1,0,2,0,0,0,0,0,0,0,0,13.203021280421783
Sports Media Watch 2023-24 OCR Week 17,https://www.sportsmediawatch.com/wp-content/uploads/2024/03/feb26mar3-cbb.png,2023-24,basketball,men,Florida / South Carolina,Florida,South Carolina,2024-03-02,11:57,Early,ESPN,520000,sportsmediawatch_ocr,520000.0,,Regular Season,Week 17,,,0.29,COLLEGE BKBL REG SSN L,ESPN,0.29,520,Sat 03.02.24 11:57 COLLEGE BKBL REG SSN L FLORIDA /SOUTH CAROLINA ESPN 0.29 520,Saturday,3,March,1,0,24,0,1,18,0,1,0,2,0,0,0,0,0,0,0,0,13.16158409055761
Sports Media Watch 2023-24 OCR Week 17,https://www.sportsmediawatch.com/wp-content/uploads/2024/03/feb26mar3-cbb.png,2023-24,basketball,men,Nebraska / Ohio State,Nebraska,Ohio State,2024-02-29,6:30,Early,FS1,506000,sportsmediawatch_ocr,506000.0,,Regular Season,Week 17,,,0.28,COLL BSKBL:BIG 10 L,FS1,0.28,506,Thu 02.29.24 6:30 COLL BSKBL:BIG 10 L NEBRASKA / OHIO ST FS1 0.28 506,Thursday,2,February,0,0,0,0,0,0,0,0,0,0,0,0,0,0,0,0,0,0,13.134291948269603
Sports Media Watch 2023-24 OCR Week 17,https://www.sportsmediawatch.com/wp-content/uploads/2024/03/feb26mar3-cbb.png,2023-24,basketball,men,Texas / Texas Tech,Texas,Texas Tech,2024-02-27,9:11,Early,ESPN,479000,sportsmediawatch_ocr,479000.0,,Regular Season,Week 17,,,0.28,COLLEGE BKBL REG SSN,ESPN,0.28,479,Tue 02.2724 9:11 COLLEGE BKBL REG SSN TEXAS / TEXAS TECH ESPN 0.28 479,Tuesday,2,February,0,0,25,0,1,23,0,1,0,2,0,0,0,0,0,0,0,0,13.079455876393052
Sports Media Watch 2023-24 OCR Week 17,https://www.sportsmediawatch.com/wp-content/uploads/2024/03/feb26mar3-cbb.png,2023-24,basketball,men,Houston / Oklahoma,Houston,Oklahoma,2024-03-02,8:09,Early,ESPN2,452000,sportsmediawatch_ocr,452000.0,,Regular Season,Week 17,,,0.25,COLLEGE BKBL REG SSN L,ESPN2,0.25,452,Sat 03.02.24 8:09 COLLEGE BKBL REG SSN L HOUSTON / OKLAHOMA ESPN2 0.25 452,Saturday,3,March,1,0,1,1,0,25,0,1,1,1,0,0,0,0,0,0,0,0,13.021437458814368
Sports Media Watch 2023-24 OCR Week 17,https://www.sportsmediawatch.com/wp-content/uploads/2024/03/feb26mar3-cbb.png,2023-24,basketball,men,Texas Tech / West Virginia,Texas Tech,West Virginia,2024-03-02,6:19,Early,ESPN2,444000,sportsmediawatch_ocr,444000.0,,Regular Season,Week 17,,,0.25,COLLEGE BKBL REG SSN,ESPN2,0.25,444,Sat 03.02.24 6:19 COLLEGE BKBL REG SSN TEXAS TECH/ WEST VIRGINIA ESPN2 0.25 444,Saturday,3,March,1,0,23,0,1,0,0,0,0,1,0,0,0,0,0,0,0,0,13.003579841414362
Sports Media Watch 2023-24 OCR Week 17,https://www.sportsmediawatch.com/wp-content/uploads/2024/03/feb26mar3-cbb.png,2023-24,basketball,men,Rutgers / Nebraska,Rutgers,Nebraska,2024-03-03,6:30,Early,BTN,442000,sportsmediawatch_ocr,442000.0,,Regular Season,Week 17,,,0.2,BIGMENSBASKETBALLL,BTN,0.20,442,Sun 03.03.24 6:30 BIGMENSBASKETBALLL RUTGERS / NEBRASKA BTN 0.20 442,Sunday,3,March,1,0,0,0,0,0,0,0,0,0,0,0,0,0,0,0,0,0,12.999065161059836
Sports Media Watch 2023-24 OCR Week 17,https://www.sportsmediawatch.com/wp-content/uploads/2024/03/feb26mar3-cbb.png,2023-24,basketball,men,Oregon / Arizona,Oregon,Arizona,2024-03-02,2:12,Early,ESPN,435000,sportsmediawatch_ocr,435000.0,,Regular Season,Week 17,,,0.23,COLLEGE BKBL REG SSN L,ESPN,0.23,435,Sat 03.02.24 2:12 COLLEGE BKBL REG SSN L OREGON / ARIZONA ESPN 0.23 435,Saturday,3,March,1,0,0,0,0,6,1,0,1,0,0,0,0,0,0,0,0,0,12.983101310070822
Sports Media Watch 2023-24 OCR Week 17,https://www.sportsmediawatch.com/wp-content/uploads/2024/03/feb26mar3-cbb.png,2023-24,basketball,men,Illinois / Wisconsin,Illinois,Wisconsin,2024-03-02,1:07,Early,BTN,412000,sportsmediawatch_ocr,412000.0,,Regular Season,Week 17,,,0.26,BIGMENSBASKETBALLL,BTN,0.26,412,Sat 03.02.24 1:07 BIGMENSBASKETBALLL ILLINOIS / WISCONSIN BTN 0.26 412,Saturday,3,March,1,0,13,0,1,20,0,1,0,2,0,0,0,0,0,0,0,0,12.928778628331663
Sports Media Watch 2023-24 OCR Week 17,https://www.sportsmediawatch.com/wp-content/uploads/2024/03/feb26mar3-cbb.png,2023-24,basketball,men,Iowa / Northwestern,Iowa,Northwestern,2024-03-02,5:30,Early,BTN,380000,sportsmediawatch_ocr,380000.0,,Regular Season,Week 17,,,0.2,B1G MENS BASKETBALLL,BIN,0.20,380,Sat 03.02.24 5:30 B1G MENS BASKETBALLL IOWA/ NORTHWESTERN BIN 0.20 380,Saturday,3,March,1,0,0,0,0,25,0,1,0,1,0,0,0,0,0,0,0,0,12.84792653170257
Sports Media Watch 2023-24 OCR Week 17,https://www.sportsmediawatch.com/wp-content/uploads/2024/03/feb26mar3-cbb.png,2023-24,basketball,men,Mississippi State / Auburn,Mississippi State,Auburn,2024-03-02,4:04,Early,ESPN2,326000,sportsmediawatch_ocr,326000.0,,Regular Season,Week 17,,,0.19,COLLEGE BKBL REG SSN L,ESPN2,0.19,326,Sat 03.02.24 4:04 COLLEGE BKBL REG SSN L MISSISSIPPI STATE/ AUBURN ESPN2 0.19 326,Saturday,3,March,1,0,21,0,1,11,0,1,0,2,0,0,0,0,0,0,0,0,12.694652660348845
Sports Media Watch 2023-24 OCR Week 17,https://www.sportsmediawatch.com/wp-content/uploads/2024/03/feb26mar3-cbb.png,2023-24,basketball,men,Florida State/Georgia Tech,Florida State,Georgia Tech,2024-03-02,12:00,Early,ESPN2,300000,sportsmediawatch_ocr,300000.0,,Regular Season,Week 17,,,,COLLEGE BKBLREGSSN,EsPN2,"0,17",300,"Sat 03.02.24 12:00 COLLEGE BKBLREGSSN GEORGIA FLORIDA STATE/ TECH EsPN2 0,17 300",Saturday,3,March,1,0,0,0,0,0,0,0,0,0,0,0,0,0,0,0,0,0,12.611537753638338
Sports Media Watch 2023-24 OCR Week 17,https://www.sportsmediawatch.com/wp-content/uploads/2024/03/feb26mar3-cbb.png,2023-24,basketball,men,Minnesota / Illinois,Minnesota,Illinois,2024-02-28,9:10,Early,BTN,292000,sportsmediawatch_ocr,292000.0,,Regular Season,Week 17,,,0.15,BIGMENSBASKETBALLL,BTN,0.15,292,Wed 02.28.24 9:10 BIGMENSBASKETBALLL MINNESOTA / ILLINOIS BTN 0.15 292,Wednesday,2,February,0,0,0,0,0,13,0,1,0,1,0,0,0,0,0,0,0,0,12.584509081250419
Sports Media Watch 2023-24 OCR Week 17,https://www.sportsmediawatch.com/wp-content/uploads/2024/03/feb26mar3-cbb.png,2023-24,basketball,men,West Virginia / Kansas State,West Virginia,Kansas State,2024-02-26,7:00,Early,ESPN2,291000,sportsmediawatch_ocr,291000.0,,Regular Season,Week 17,,,,COLLEGEBKBLREGSSN,EsPN2,"0,18",291,"Mon 02.26.24 7:00 COLLEGEBKBLREGSSN WEST VIRGINIA/ KANSAS STATE EsPN2 0,18 291",Monday,2,February,0,0,0,0,0,0,0,0,0,0,0,0,0,0,0,0,0,0,12.581078546153629
Sports Media Watch 2023-24 OCR Week 17,https://www.sportsmediawatch.com/wp-content/uploads/2024/03/feb26mar3-cbb.png,2023-24,basketball,men,Wake Forest / Va Tech,Wake Forest,Virginia Tech,2024-03-02,5:30,Early,CW,290000,sportsmediawatch_ocr,290000.0,,Regular Season,Week 17,,,0.16,ACC MEN'S 1 BASKETBALL 1,cw,0.16,290,Sat 03.02.24 5:30 ACC MEN'S 1 BASKETBALL 1 WAKE FOREST AT VA TECH cw 0.16 290,Saturday,3,March,1,0,0,0,0,0,0,0,0,0,0,0,0,0,0,0,0,0,12.577636201962656
Sports Media Watch 2023-24 OCR Week 17,https://www.sportsmediawatch.com/wp-content/uploads/2024/03/feb26mar3-cbb.png,2023-24,basketball,men,Dayton / Loyola Chicago,Dayton,Loyola Chicago,2024-03-01,9:07,Early,ESPN2,268000,sportsmediawatch_ocr,268000.0,,Regular Season,Week 17,,,0.16,COLLEGE BKBL REG SSN,—_ESPN2,0.16,268,Fri 03.01.24 9:07 COLLEGE BKBL REG SSN DAYTON / LOYOLA CHICAGO —_ESPN2 0.16 268,Friday,3,March,0,0,21,0,1,0,0,0,0,1,0,0,0,0,0,0,0,0,12.498742259492994
Sports Media Watch 2023-24 OCR Week 17,https://www.sportsmediawatch.com/wp-content/uploads/2024/03/feb26mar3-cbb.png,2023-24,basketball,men,Penn State / Minnesota,Penn State,Minnesota,2024-03-02,3:15,Early,BTN,254000,sportsmediawatch_ocr,254000.0,,Regular Season,Week 17,,,0.14,BIGMENSBASKETBALLL,BTN,0.14,254,Sat 3 02.24 3:15 BIGMENSBASKETBALLL PENN STATE/ MINNESOTA BTN 0.14 254,Saturday,3,March,1,0,0,0,0,0,0,0,0,0,0,0,0,0,0,0,0,0,12.445089546000673
Sports Media Watch 2023-24 OCR Week 17,https://www.sportsmediawatch.com/wp-content/uploads/2024/03/feb26mar3-cbb.png,2023-24,basketball,men,Cincinnati / Houston,Cincinnati,Houston,2024-02-27,7:00,Early,ESPN2,252000,sportsmediawatch_ocr,252000.0,,Regular Season,Week 17,,,0.14,COLLEGE BKBL REG SSN L,ESPN2,0.14,252,Tue 02.27.24 7:00 COLLEGE BKBL REG SSN L CINCINNATI / HOUSTON ESPN2 0.14 252,Tuesday,2,February,0,0,0,0,0,1,1,0,1,0,0,0,0,0,0,0,0,0,12.437184366493561
Sports Media Watch 2023-24 OCR Week 17,https://www.sportsmediawatch.com/wp-content/uploads/2024/03/feb26mar3-cbb.png,2023-24,basketball,men,Oklahoma State / Texas,Oklahoma State,Texas,2024-03-02,2:20,Early,ESPN2,247000,sportsmediawatch_ocr,247000.0,,Regular Season,Week 17,,,0.14,COLLEGE BKBL REG SSN,ESPN2,0.14,247,Sat 03.02.24 2:20 COLLEGE BKBL REG SSN OKLAHOMA STATE / TEXAS ESPN2 0.14 247,Saturday,3,March,1,0,0,0,0,25,0,1,0,1,0,0,0,0,0,0,0,0,12.417143615610113
Sports Media Watch 2023-24 OCR Week 17,https://www.sportsmediawatch.com/wp-content/uploads/2024/03/feb26mar3-cbb.png,2023-24,basketball,men,UAB / Memphis,UAB,Memphis,2024-03-03,5:34,Early,ESPN2,244000,sportsmediawatch_ocr,244000.0,,Regular Season,Week 17,,,0.13,COLLEGE BKBL REG SSN,ESPN2,0.13,244,Sun 03.0324 5:34 COLLEGE BKBL REG SSN UAB / MEMPHIS ESPN2 0.13 244,Sunday,3,March,1,0,0,0,0,19,0,1,0,1,0,0,0,0,0,0,0,0,12.404923504275338
Sports Media Watch 2023-24 OCR Week 17,https://www.sportsmediawatch.com/wp-content/uploads/2024/03/feb26mar3-cbb.png,2023-24,basketball,men,Michigan / Rutgers,Michigan,Rutgers,2024-02-29,8:36,Early,FS1,241000,sportsmediawatch_ocr,241000.0,,Regular Season,Week 17,,,0.13,COLL BSKBL:BIG 10 L,FS1,0.13,241,Thu 02.29.24 8:36 COLL BSKBL:BIG 10 L MICHIGAN / RUTGERS FS1 0.13 241,Thursday,2,February,0,0,0,0,0,0,0,0,0,0,0,0,0,0,0,0,0,0,12.392552212472792
Sports Media Watch 2023-24 OCR Week 17,https://www.sportsmediawatch.com/wp-content/uploads/2024/03/feb26mar3-cbb.png,2023-24,basketball,men,Penn State / Iowa,Penn State,Iowa,2024-02-27,9:06,Early,BTN,240000,sportsmediawatch_ocr,240000.0,,Regular Season,Week 17,,,0.14,BIGMENSBASKETBALLL,BTN,0.14,240,Tue 02.2724 9:06 BIGMENSBASKETBALLL PENN STATE/ IOWA BTN 0.14 240,Tuesday,2,February,0,0,0,0,0,0,0,0,0,0,0,0,0,0,0,0,0,0,12.388394202324129
Sports Media Watch 2023-24 OCR Week 17,https://www.sportsmediawatch.com/wp-content/uploads/2024/03/feb26mar3-cbb.png,2023-24,basketball,men,Clemson / Notre Dame,Clemson,Notre Dame,2024-03-02,7:46,Early,CW,237000,sportsmediawatch_ocr,237000.0,,Regular Season,Week 17,,,0.14,ACC MEN'S ' BASKETBALL 2,cw,0.14,237,Sat 03.02.24 7:46 ACC MEN'S ' BASKETBALL 2 - CLEMSON AT NOTRE DAME cw 0.14 237,Saturday,3,March,1,0,21,0,1,0,0,0,0,1,0,0,0,0,0,0,0,0,12.375815420117268
Sports Media Watch 2023-24 OCR Week 17,https://www.sportsmediawatch.com/wp-content/uploads/2024/03/feb26mar3-cbb.png,2023-24,basketball,men,Gonzaga / San Francisco,Gonzaga,San Francisco,2024-02-29,11:00,Early,ESPN2,211000,sportsmediawatch_ocr,211000.0,,Regular Season,Week 17,,,0.13,COLLEGE BKBL REG SSN L,—_ESPN2,0.13,211,Thu 02.29.24 11:00 COLLEGE BKBL REG SSN L GONZAGA/SAN FRANCISCO —_ESPN2 0.13 211,Thursday,2,February,0,0,23,0,1,0,0,0,0,1,0,0,0,0,0,0,0,0,12.259613412458204
Sports Media Watch 2023-24 OCR Week 17,https://www.sportsmediawatch.com/wp-content/uploads/2024/03/feb26mar3-cbb.png,2023-24,basketball,men,UCLA / Washington,UCLA,Washington,2024-02-29,10:39,Early,FS1,19000,sportsmediawatch_ocr,19000.0,,Regular Season,Week 17,,,0.08,COLL BSKTBL: PAC 12L,FS1,0.08,19],Thu 02.29.24 10:39 COLL BSKTBL: PAC 12L UCLA / WASHINGTON FS1 0.08 19],Thursday,2,February,0,0,0,0,0,0,0,0,0,0,0,0,0,0,0,0,0,0,9.852194258148577
Sports Media Watch 2023-24 OCR Week 17,https://www.sportsmediawatch.com/wp-content/uploads/2024/03/feb26mar3-cbb.png,2023-24,basketball,men,Seton Hall / Creighton,Seton Hall,Creighton,2024-02-28,,Unknown,FS1,178000,sportsmediawatch_ocr,178000.0,,Regular Season,Week 17,,,0.11,COLLBSKTBL: BIGEASTL,FSI,0.11,178,to7e24  COLLBSKTBL: BIGEASTL SETONHALL/CREIGHTON FSI 0.11 178,Wednesday,2,February,0,0,0,0,0,12,0,1,0,1,0,0,0,0,0,0,0,0,12.089538829274222
Sports Media Watch 2023-24 OCR Week 17,https://www.sportsmediawatch.com/wp-content/uploads/2024/03/feb26mar3-cbb.png,2023-24,basketball,men,Providence / Marquette,Providence,Marquette,2024-02-28,,Unknown,FS1,169000,sportsmediawatch_ocr,169000.0,,Regular Season,Week 17,,,0.09,COLL BSKTBL: BIGEASTL,FS1,0.09,169,ee  COLL BSKTBL: BIGEASTL PROVIDENCE/MARQUETTE FS1 0.09 169,Wednesday,2,February,0,0,23,0,1,5,1,0,1,1,0,0,0,0,0,0,0,0,12.037653993905211
Sports Media Watch 2023-24 OCR Week 17,https://www.sportsmediawatch.com/wp-content/uploads/2024/03/feb26mar3-cbb.png,2023-24,basketball,men,Xavier / Georgetown,Xavier,Georgetown,2024-03-02,7:33,Early,FS1,162000,sportsmediawatch_ocr,162000.0,,Regular Season,Week 17,,,0.09,COLLBSKTBL: BIGEASTL,FS1,0.09,162,Sat 03.02.24 7:33 COLLBSKTBL: BIGEASTL XAVIER / GEORGETOWN FS1 0.09 162,Saturday,3,March,1,0,0,0,0,0,0,0,0,0,0,0,0,0,0,0,0,0,11.99535161421452
Sports Media Watch 2023-24 OCR Week 17,https://www.sportsmediawatch.com/wp-content/uploads/2024/03/feb26mar3-cbb.png,2023-24,basketball,men,NC State / Florida State,NC State,Florida State,2024-02-27,9:22,Early,ESPN2,158000,sportsmediawatch_ocr,158000.0,,Regular Season,Week 17,,,0.09,COLLEGE BKBL REG SSN L,ESPN2,0.09,158,Tue 02.27.24 9:22 COLLEGE BKBL REG SSN L NC STATE/ FLORIDA STATE ESPN2 0.09 158,Tuesday,2,February,0,0,0,0,0,0,0,0,0,0,0,0,0,0,0,0,0,0,11.970350312009105
Sports Media Watch 2023-24 OCR Week 17,https://www.sportsmediawatch.com/wp-content/uploads/2024/03/feb26mar3-cbb.png,2023-24,basketball,men,Memphis / East Carolina,Memphis,East Carolina,2024-02-29,7:00,Early,ESPN2,140000,sportsmediawatch_ocr,140000.0,,Regular Season,Week 17,,,0.08,COLLEGE BKBL REG SSN OL,—_ESPN2,0.08,140,om Thu 7:00 COLLEGE BKBL REG SSN OL MEMPHIS /EASTCAROLINA —_ESPN2 0.08 140,Thursday,2,February,0,0,19,0,1,0,0,0,0,1,0,0,0,0,0,0,0,0,11.84939770159144
Sports Media Watch 2023-24 OCR Week 17,https://www.sportsmediawatch.com/wp-content/uploads/2024/03/feb26mar3-cbb.png,2023-24,basketball,men,Northwestern / Maryland,Northwestern,Maryland,2024-02-28,7:00,Early,BTN,129000,sportsmediawatch_ocr,129000.0,,Regular Season,Week 17,,,0.08,BIGMENS BASKETBALLL,BTN,0.08,129,Wed 28 00 o4 7:00 BIGMENS BASKETBALLL NORTHWESTERN/MARYLAND BTN 0.08 129,Wednesday,2,February,0,0,25,0,1,0,0,0,0,1,0,0,0,0,0,0,0,0,11.76756768334381
Sports Media Watch 2023-24 OCR Week 17,https://www.sportsmediawatch.com/wp-content/uploads/2024/03/feb26mar3-cbb.png,2023-24,basketball,men,Oregon State / Oregon,Oregon State,Oregon,2024-02-28,11:14,Early,FS1,116000,sportsmediawatch_ocr,116000.0,,Regular Season,Week 17,,,0.05,COLL BSKTBL: PAC 12 L,FS1,0.05,116,eon Wed 11:14 COLL BSKTBL: PAC 12 L OREGON ST / OREGON FS1 0.05 116,Wednesday,2,February,0,0,0,0,0,0,0,0,0,0,0,0,0,0,0,0,0,0,11.661345470088502
Sports Media Watch 2023-24 OCR Week 17,https://www.sportsmediawatch.com/wp-content/uploads/2024/03/feb26mar3-cbb.png,2023-24,basketball,men,UMass / Davidson,UMass,Davidson,2024-03-02,2:36,Early,USA,113000,sportsmediawatch_ocr,113000.0,,Regular Season,Week 17,,,0.05,AlO BASKETBALL L,USA,0.05,113,Sn Sat 2:36 AlO BASKETBALL L UMASS / DAVIDSON USA 0.05 113,Saturday,3,March,1,0,0,0,0,0,0,0,0,0,0,0,0,0,0,0,0,0,11.635143097694478
Sports Media Watch 2023-24 OCR Week 17,https://www.sportsmediawatch.com/wp-content/uploads/2024/03/feb26mar3-cbb.png,2023-24,basketball,men,Long Beach State / Uc Irvine,Long Beach State,UC Irvine,2024-03-02,10:26,Early,ESPN2,111000,sportsmediawatch_ocr,111000.0,,Regular Season,Week 17,,,0.05,COLLEGE BKBLREGSSN,ESPN2,0.05,111,Sat 03.02.24 10:26 COLLEGE BKBLREGSSN LONG BEACH STATE/UC IRVINE ESPN2 0.05 111,Saturday,3,March,1,0,0,0,0,0,0,0,0,0,0,0,0,0,0,0,0,0,11.617285480294472
Sports Media Watch 2023-24 OCR Week 17,https://www.sportsmediawatch.com/wp-content/uploads/2024/03/feb26mar3-cbb.png,2023-24,basketball,men,Stanford / Colorado,Stanford,Colorado,2024-03-03,9:00,Early,FS1,103000,sportsmediawatch_ocr,103000.0,,Regular Season,Week 17,,,0.06,COLL BSKTBL: PAC 12 L,FS1,0.06,103,en Sun 9:00 COLL BSKTBL: PAC 12 L STANFORD / COLORADO FS1 0.06 103,Sunday,3,March,1,0,0,0,0,18,0,1,0,1,0,0,0,0,0,0,0,0,11.542484267211773
Sports Media Watch 2023-24 OCR Week 17,https://www.sportsmediawatch.com/wp-content/uploads/2024/03/feb26mar3-cbb.png,2023-24,basketball,men,Butler / Depaul,Butler,DePaul,2024-03-02,12:00,Early,FS1,100000,sportsmediawatch_ocr,100000.0,,Regular Season,Week 17,,,0.06,COLL BSKTBL: BIGEASTL,FS1,0.06,100,Siow Sat 12:00 COLL BSKTBL: BIGEASTL BUTLER / DEPAUL FS1 0.06 100,Saturday,3,March,1,0,0,0,0,0,0,0,0,0,0,0,0,0,0,0,0,0,11.512925464970229
Sports Media Watch 2023-24 OCR Week 17,https://www.sportsmediawatch.com/wp-content/uploads/2024/03/feb26mar3-cbb.png,2023-24,basketball,men,Air Force / Utah State,Air Force,Utah State,2024-03-01,11:00,Early,FS1,97000,sportsmediawatch_ocr,97000.0,,Regular Season,Week 17,,,0.06,COLL BSKTBL: MTN WEST,FS1,0.06,97,Fri 03.01.24 11:00 COLL BSKTBL: MTN WEST AIR FORCE / UTAH ST FS1 0.06 97,Friday,3,March,0,0,0,0,0,22,0,1,0,1,0,0,0,0,0,0,0,0,11.48246625748552
Sports Media Watch 2023-24 OCR Week 17,https://www.sportsmediawatch.com/wp-content/uploads/2024/03/feb26mar3-cbb.png,2023-24,basketball,men,Georgetown / Villanova,Georgetown,Villanova,2024-02-27,6:30,Early,FS1,87000,sportsmediawatch_ocr,87000.0,,Regular Season,Week 17,,,0.05,COLL BSKTBL: BIGEASTL,—FS1,0.05,87,eon TI 6:30 COLL BSKTBL: BIGEASTL GEORGETOWN/ VILLANOVA —FS1 0.05 87,Tuesday,2,February,0,0,0,0,0,18,0,1,0,1,0,0,0,0,0,0,0,0,11.37366339763672
Sports Media Watch 2023-24 OCR Week 17,https://www.sportsmediawatch.com/wp-content/uploads/2024/03/feb26mar3-cbb.png,2023-24,basketball,men,Virginia Tech / Syracuse,Virginia Tech,Syracuse,2024-02-27,7:00,Early,ESPNU,79000,sportsmediawatch_ocr,79000.0,,Regular Season,Week 17,,,0.06,COLLEGE BKBL REG SSN OL,ESPNU,0.06,79,| Tue aon 7:00 COLLEGE BKBL REG SSN OL VIRGINIA TECH/SYRACUSE ESPNU 0.06 79,Tuesday,2,February,0,0,0,0,0,0,0,0,0,0,0,0,0,0,0,0,0,0,11.27720313144916
Sports Media Watch 2023-24 OCR Week 17,https://www.sportsmediawatch.com/wp-content/uploads/2024/03/feb26mar3-cbb.png,2023-24,basketball,men,Virginia / Boston College,Virginia,Boston College,2024-02-28,9:05,Early,ESPNU,76000,sportsmediawatch_ocr,76000.0,,Regular Season,Week 17,,,0.05,COLLEGE BKBL REG SSN,ESPNU,0.05,76,on Wed 9:05 COLLEGE BKBL REG SSN VIRGINIA / BOSTON COLLEGE ESPNU 0.05 76,Wednesday,2,February,0,0,21,0,1,0,0,0,0,1,0,0,0,0,0,0,0,0,11.238488619268468
Sports Media Watch 2023-24 OCR Week 17,https://www.sportsmediawatch.com/wp-content/uploads/2024/03/feb26mar3-cbb.png,2023-24,basketball,men,Bradley / Duke,Bradley,Duke,2024-03-03,3:36,Early,ESPN2,67000,sportsmediawatch_ocr,67000.0,,Regular Season,Week 17,,,0.04,COLLEGE BKBL REG SSN L,ESPN2,0.04,67,Sun 03.03.24 3:36 COLLEGE BKBL REG SSN L BRADLEY / DUKE ESPN2 0.04 67,Sunday,3,March,1,0,0,0,0,10,1,0,1,0,0,0,0,0,0,0,0,0,11.112447898373103
Sports Media Watch 2023-24 OCR Week 17,https://www.sportsmediawatch.com/wp-content/uploads/2024/03/feb26mar3-cbb.png,2023-24,basketball,men,Nevada / Colorado State,Nevada,Colorado State,2024-02-27,10:34,Early,FS1,63000,sportsmediawatch_ocr,63000.0,,Regular Season,Week 17,,,0.04,COLL BSKTBL: MTN WEST,FS1,0.04,63,Tue 02.2724 10:34 COLL BSKTBL: MTN WEST NEVADA / COLORADO ST FS1 0.04 63,Tuesday,2,February,0,0,0,0,0,22,0,1,0,1,0,0,0,0,0,0,0,0,11.05089000537367
Sports Media Watch 2023-24 OCR Week 17,https://www.sportsmediawatch.com/wp-content/uploads/2024/03/feb26mar3-cbb.png,2023-24,basketball,men,Fairfield / Marist,Fairfield,Marist,2024-03-01,7:00,Early,ESPNU,27000,sportsmediawatch_ocr,27000.0,,Regular Season,Week 17,,,0.02,COLLEGE BKBL REG SSN OL,ESPNU,0.02,27,Eee Fri 7:00 COLLEGE BKBL REG SSN OL FAIRFIELD / MARIST ESPNU 0.02 27,Friday,3,March,0,0,0,0,0,0,0,0,0,0,0,0,0,0,0,0,0,0,10.203592144986466
Sports Media Watch 2023-24 OCR Week 17,https://www.sportsmediawatch.com/wp-content/uploads/2024/03/feb26mar3-cbb.png,2023-24,basketball,men,Tennessee State / Little Rock,Tennessee State,Little Rock,2024-02-29,9:13,Early,ESPNU,26000,sportsmediawatch_ocr,26000.0,,Regular Season,Week 17,,,,COLLEGEBKBLREGSSN,esPNU |,"0,02",26,"a Thu 9:13 COLLEGEBKBLREGSSN TENNESSEE STATE/ LITTLE ROCK esPNU | 0,02 26",Thursday,2,February,0,0,0,0,0,0,0,0,0,0,0,0,0,0,0,0,0,0,10.165851817003619
Sports Media Watch 2023-24 OCR Week 17,https://www.sportsmediawatch.com/wp-content/uploads/2024/03/feb26mar3-cbb.png,2023-24,basketball,men,Tulane / Florida Atlantic,Tulane,Florida Atlantic,2024-03-02,12:00,Early,ESPNU,25000,sportsmediawatch_ocr,25000.0,,Regular Season,Week 17,,,0.02,COLLEGE BKBL REG SSN,ESPNU,0.02,25,Sat 03.02.24 12:00 COLLEGE BKBL REG SSN TULANE / FLORIDA ATLANTIC ESPNU 0.02 25,Saturday,3,March,1,0,0,0,0,24,0,1,0,1,0,0,0,0,0,0,0,0,10.126631103850338
Sports Media Watch 2023-24 OCR Week 17,https://www.sportsmediawatch.com/wp-content/uploads/2024/03/feb26mar3-cbb.png,2023-24,basketball,men,Green Bay / Milwaukee,Green Bay,Milwaukee,2024-03-02,6:04,Early,ESPNU,24000,sportsmediawatch_ocr,24000.0,,Regular Season,Week 17,,,0.01,COLLEGE BKBL REG SSN L,ESPNU,0.01,24,Sat 03.02.24 6:04 COLLEGE BKBL REG SSN L GREEN BAY / MILWAUKEE ESPNU 0.01 24,Saturday,3,March,1,0,0,0,0,0,0,0,0,0,0,0,0,0,0,0,0,0,10.085809109330082
Sports Media Watch 2023-24 OCR Week 17,https://www.sportsmediawatch.com/wp-content/uploads/2024/03/feb26mar3-cbb.png,2023-24,basketball,men,Lincoln Pa / Fayetteville State,Lincoln Pa,Fayetteville State,2024-03-02,4:00,Early,ESPNU,20000,sportsmediawatch_ocr,20000.0,,Regular Season,Week 17,,,,COLL BASK POST-SEASON,esPNU |,Q).01,20,ee Sat 4:00 COLL BASK POST-SEASON LINCOLN PA / FAYETTEVILLE STATE esPNU | Q).01 20,Saturday,3,March,1,0,0,0,0,0,0,0,0,0,0,0,0,0,0,0,0,0,9.903487552536127
Sports Media Watch 2023-24 OCR Week 17,https://www.sportsmediawatch.com/wp-content/uploads/2024/03/feb26mar3-cbb.png,2023-24,basketball,men,Furman/Western Carolina,Furman,Western Carolina,2024-02-28,7:00,Early,ESPNU,20000,sportsmediawatch_ocr,20000.0,,Regular Season,Week 17,,,,COLLEGE BKBLREGSSN,esPNU |,Q).01,20,on Wed 7:00 COLLEGE BKBLREGSSN CAROLINA FURMAN/ WESTERN esPNU | Q).01 20,Wednesday,2,February,0,0,0,0,0,0,0,0,0,0,0,0,0,0,0,0,0,0,9.903487552536127
Sports Media Watch 2023-24 OCR Week 17,https://www.sportsmediawatch.com/wp-content/uploads/2024/03/feb26mar3-cbb.png,2023-24,basketball,men,Stephen F. Austin / Grand Canyon,Stephen F. Austin,Grand Canyon,2024-03-02,10:15,Early,ESPNU,13000,sportsmediawatch_ocr,13000.0,,Regular Season,Week 17,,,,COLLEGE BKBLREGSSN,esPNU |,Q).01,13,Sat 03.02.24 10:15 COLLEGE BKBLREGSSN STEPHEN F AUSTIN / GRAND CANYON esPNU | Q).01 13,Saturday,3,March,1,0,0,0,0,0,0,0,0,0,0,0,0,0,0,0,0,0,9.472704636443673
Sports Media Watch 2023-24 OCR Week 18,https://www.sportsmediawatch.com/wp-content/uploads/2024/03/mar410.png,2023-24,basketball,men,Kentucky / Tennessee,Kentucky,Tennessee,2024-03-09,4:08,Early,CBS,2610000,sportsmediawatch_ocr,2610000.0,,Regular Season,Week 18,,,,NCAABASKETBALL-SAT-2,13 CBS,,"2,610","Sat 03.09.24 4:08 NCAABASKETBALL-SAT-2 KENTUCKY AT TENNESSEE 13 CBS  2,610",Saturday,3,March,1,0,15,0,1,4,1,0,1,1,0,0,0,0,0,0,0,0,14.774860779298876
Sports Media Watch 2023-24 OCR Week 18,https://www.sportsmediawatch.com/wp-content/uploads/2024/03/mar410.png,2023-24,basketball,men,Michigan State / Indiana,Michigan State,Indiana,2024-03-10,4:30,Early,CBS,2056000,sportsmediawatch_ocr,2056000.0,,Regular Season,Week 18,,,1.16,NCAA BASKETBALL-SUN-2,CBS,1.16,"2,056","Sun 03.10.24 4:30 NCAA BASKETBALL-SUN-2 MICHIGAN ST AT INDIANA CBS 1.16 2,056",Sunday,3,March,1,0,21,0,1,0,0,0,0,1,0,0,0,0,0,0,0,0,14.536272905557192
Sports Media Watch 2023-24 OCR Week 18,https://www.sportsmediawatch.com/wp-content/uploads/2024/03/mar410.png,2023-24,basketball,men,Drake / Indiana State,Drake,Indiana State,2024-03-10,2:26,Early,CBS,1658000,sportsmediawatch_ocr,1658000.0,,Regular Season,Week 18,,,0.93,NCAAMVC CHAMPIONSHIP,CBS,0.93,"1,658","Sun 03.10.24 2:26 NCAAMVC CHAMPIONSHIP DRAKE VS INDIANA ST CBS 0.93 1,658",Sunday,3,March,1,0,0,0,0,23,0,1,0,1,0,0,0,0,0,0,0,0,14.321122614677376
Sports Media Watch 2023-24 OCR Week 18,https://www.sportsmediawatch.com/wp-content/uploads/2024/03/mar410.png,2023-24,basketball,men,Duke / NC State,Duke,NC State,2024-03-04,7:00,Early,ESPN,1323000,sportsmediawatch_ocr,1323000.0,,Regular Season,Week 18,,,0.79,COLLEGE BKBL REG SSN OL,ESPN,0.79,"1,323","Mon 03.04.24 7:00 COLLEGE BKBL REG SSN OL DUKE / NC STATE ESPN 0.79 1,323",Monday,3,March,0,0,9,1,0,0,0,0,1,0,0,0,0,0,0,0,0,0,14.095412443097093
Sports Media Watch 2023-24 OCR Week 18,https://www.sportsmediawatch.com/wp-content/uploads/2024/03/mar410.png,2023-24,basketball,men,Arkansas / Alabama,Arkansas,Alabama,2024-03-09,12:00,Early,ESPN,1272000,sportsmediawatch_ocr,1272000.0,,Regular Season,Week 18,,,0.73,COLLEGE BKBL REG SSN,ESPN,0.73,"1,272","Sat 03.09.24 12:00 COLLEGE BKBL REG SSN ARKANSAS / ALABAMA ESPN 0.73 1,272",Saturday,3,March,1,0,20,0,1,16,0,1,0,2,0,0,0,0,0,0,0,0,14.056101022882205
Sports Media Watch 2023-24 OCR Week 18,https://www.sportsmediawatch.com/wp-content/uploads/2024/03/mar410.png,2023-24,basketball,men,Kansas / Houston,Kansas,Houston,2024-03-09,4:17,Early,ESPN,1190000,sportsmediawatch_ocr,1190000.0,,Regular Season,Week 18,,,0.66,COLLEGE BKBL REG SSN,ESPN,0.66,"1,190","Sat 03.09.24 4:17 COLLEGE BKBL REG SSN KANSAS / HOUSTON ESPN 0.66 1,190",Saturday,3,March,1,0,14,0,1,1,1,0,1,1,0,0,0,0,0,0,0,0,13.989463865087712
Sports Media Watch 2023-24 OCR Week 18,https://www.sportsmediawatch.com/wp-content/uploads/2024/03/mar410.png,2023-24,basketball,men,Wi / Purdue,Wisconsin,Purdue,2024-03-10,12:34,Early,FOX,1140000,sportsmediawatch_ocr,1140000.0,,Regular Season,Week 18,,,0.66,FOX C.HOOPS-BIG1ONOON- SUN,FOX,0.66,"1,140","Sun 03.10.24 12:34 FOX C.HOOPS-BIG1ONOON- SUN UNIV-WI AT PURDUE FOX 0.66 1,140",Sunday,3,March,1,0,20,0,1,3,1,0,1,1,0,0,0,0,0,0,0,0,13.946538820370678
Sports Media Watch 2023-24 OCR Week 18,https://www.sportsmediawatch.com/wp-content/uploads/2024/03/mar410.png,2023-24,basketball,men,Texas A&M / Ole Miss,Texas A&M,Ole Miss,2024-03-09,2:09,Early,CBS,1019000,sportsmediawatch_ocr,1019000.0,,Regular Season,Week 18,,,0.58,NCAABASKETBALL-SAT-1,CBS,0.58,"1,019","Sat 03.09.24 2:09 NCAABASKETBALL-SAT-1 TEXAS A&M AT MISSISSIPPI CBS 0.58 1,019",Saturday,3,March,1,0,21,0,1,22,0,1,0,2,0,0,0,0,0,0,0,0,13.834332312204863
Sports Media Watch 2023-24 OCR Week 18,https://www.sportsmediawatch.com/wp-content/uploads/2024/03/mar410.png,2023-24,basketball,men,Oklahoma / Texas,Oklahoma,Texas,2024-03-09,2:29,Early,ESPN,1001000,sportsmediawatch_ocr,1001000.0,,Regular Season,Week 18,,,0.58,COLLEGE BKBL REG SSN,ESPN,0.58,"1,001","Sat 03.09.24 2:29 COLLEGE BKBL REG SSN OKLAHOMA / TEXAS ESPN 0.58 1,001",Saturday,3,March,1,0,25,0,1,25,0,1,0,2,0,0,0,0,0,0,0,0,13.816510058297357
Sports Media Watch 2023-24 OCR Week 18,https://www.sportsmediawatch.com/wp-content/uploads/2024/03/mar410.png,2023-24,basketball,men,Texas / Baylor,Texas,Baylor,2024-03-04,9:05,Early,ESPN,971000,sportsmediawatch_ocr,971000.0,,Regular Season,Week 18,,,0.56,COLLEGE BKBL REG SSN,ESPN,0.56,971,Mon 03.04.24 9:05 COLLEGE BKBL REG SSN TEXAS / BAYLOR ESPN 0.56 971,Monday,3,March,0,0,25,0,1,11,0,1,0,2,0,0,0,0,0,0,0,0,13.786081747273462
Sports Media Watch 2023-24 OCR Week 18,https://www.sportsmediawatch.com/wp-content/uploads/2024/03/mar410.png,2023-24,basketball,men,Memphis / Fau,Memphis,Florida Atlantic,2024-03-09,12:00,Early,CBS,922000,sportsmediawatch_ocr,922000.0,,Regular Season,Week 18,,,0.59,NCAABASKETBALL-SAT,CBS,0.59,922,Sat 03.09.24 12:00 NCAABASKETBALL-SAT MEMPHIS AT FAU CBS 0.59 922,Saturday,3,March,1,0,19,0,1,24,0,1,0,2,0,0,0,0,0,0,0,0,13.734300502538732
Sports Media Watch 2023-24 OCR Week 18,https://www.sportsmediawatch.com/wp-content/uploads/2024/03/mar410.png,2023-24,basketball,men,Creighton / Villanova,Creighton,Villanova,2024-03-09,2:34,Early,FOX,886000,sportsmediawatch_ocr,886000.0,,Regular Season,Week 18,,,0.47,FOXC.HOOPS-BIGEAST DAY,FOX,0.47,886,Sat 03.09.24 2:34 FOXC.HOOPS-BIGEAST DAY CREIGHTON UNIV AT VILLANOVA UNIV FOX 0.47 886,Saturday,3,March,1,0,10,1,0,18,0,1,1,1,0,0,0,0,0,0,0,0,13.694472229587218
Sports Media Watch 2023-24 OCR Week 18,https://www.sportsmediawatch.com/wp-content/uploads/2024/03/mar410.png,2023-24,basketball,men,Ct / Providence Coll,UConn,Providence,2024-03-09,8:04,Early,FOX,817000,sportsmediawatch_ocr,817000.0,,Regular Season,Week 18,,,0.46,— FOXC.HOOPS-BIGEAST PRME,FOX,0.46,817,Sat 03.09.24 8:04 — FOXC.HOOPS-BIGEAST PRME UNIV-CT AT PROVIDENCE COLL FOX 0.46 817,Saturday,3,March,1,0,2,1,0,23,0,1,1,1,0,0,0,0,0,0,0,0,13.61339437384214
Sports Media Watch 2023-24 OCR Week 18,https://www.sportsmediawatch.com/wp-content/uploads/2024/03/mar410.png,2023-24,basketball,men,Kansas State / Kansas,Kansas State,Kansas,2024-03-05,9:22,Early,ESPN,801000,sportsmediawatch_ocr,801000.0,,Regular Season,Week 18,,,0.47,COLLEGE BKBL REG SSN,ESPN,0.47,801,Tue 03.05.24 9:22 COLLEGE BKBL REG SSN KANSAS ST / KANSAS ESPN 0.47 801,Tuesday,3,March,0,0,0,0,0,14,0,1,0,1,0,0,0,0,0,0,0,0,13.593616226050496
Sports Media Watch 2023-24 OCR Week 18,https://www.sportsmediawatch.com/wp-content/uploads/2024/03/mar410.png,2023-24,basketball,men,Illinois / Iowa,Illinois,Iowa,2024-03-10,7:09,Early,FS1,771000,sportsmediawatch_ocr,771000.0,,Regular Season,Week 18,,,0.4,COLL BSKBL:BIG 10 L,FS1,0.40,771,Sun 03.10.24 7:09 COLL BSKBL:BIG 10 L ILLINOIS / IOWA FS1 0.40 771,Sunday,3,March,1,0,12,0,1,0,0,0,0,1,0,0,0,0,0,0,0,0,13.555443652545467
Sports Media Watch 2023-24 OCR Week 18,https://www.sportsmediawatch.com/wp-content/uploads/2024/03/mar410.png,2023-24,basketball,men,Arizona / USC,Arizona,USC,2024-03-09,10:00,Early,ESPN,752000,sportsmediawatch_ocr,752000.0,,Regular Season,Week 18,,,0.4,COLLEGE BKBL REG SSN,ESPN,0.40,752,Sat 03.09.24 10:00 COLLEGE BKBL REG SSN ARIZONA / USC ESPN 0.40 752,Saturday,3,March,1,0,5,1,0,23,0,1,1,1,0,0,0,0,0,0,0,0,13.530491602931978
Sports Media Watch 2023-24 OCR Week 18,https://www.sportsmediawatch.com/wp-content/uploads/2024/03/mar410.png,2023-24,basketball,men,Alabama / Florida,Alabama,Florida,2024-03-05,7:00,Early,ESPN,74000,sportsmediawatch_ocr,74000.0,,Regular Season,Week 18,,,0.44,COLLEGE BKBL REG SSN,ESPN,0.44,74],Tue 03.05.24 7:00 COLLEGE BKBL REG SSN ALABAMA / FLORIDA ESPN 0.44 74],Tuesday,3,March,0,0,16,0,1,24,0,1,0,2,0,0,0,0,0,0,0,0,11.211820372186306
Sports Media Watch 2023-24 OCR Week 18,https://www.sportsmediawatch.com/wp-content/uploads/2024/03/mar410.png,2023-24,basketball,men,Tennessee / South Carolina,Tennessee,South Carolina,2024-03-06,7:00,Early,ESPN2,740000,sportsmediawatch_ocr,740000.0,,Regular Season,Week 18,,,,COLLEGEBKBLREGSSN,ESPN2,"—),46",740,"Wed 03.06.24 7:00 COLLEGEBKBLREGSSN TENNESSEE / SOUTH CAROLINA ESPN2 —),46 740",Wednesday,3,March,0,0,4,1,0,17,0,1,1,1,0,0,0,0,0,0,0,0,13.514405465180353
Sports Media Watch 2023-24 OCR Week 18,https://www.sportsmediawatch.com/wp-content/uploads/2024/03/mar410.png,2023-24,basketball,men,Marquette / Xavier,Marquette,Xavier,2024-03-09,5:04,Early,FOX,732000,sportsmediawatch_ocr,732000.0,,Regular Season,Week 18,,,0.39,|= FOXC.HOOPS-BIGEAST EVNG,FOX,0.39,732,Sat 03.09.24 5:04 |= FOXC.HOOPS-BIGEAST EVNG MARQUETTE UNIV AT XAVIER UNIV FOX 0.39 732,Saturday,3,March,1,0,8,1,0,0,0,0,1,0,0,0,0,0,0,0,0,0,13.503535792943449
Sports Media Watch 2023-24 OCR Week 18,https://www.sportsmediawatch.com/wp-content/uploads/2024/03/mar410.png,2023-24,basketball,men,Georgetown / St. John's,Georgetown,St. John's,2024-03-09,12:04,Early,FOX,978000,sportsmediawatch_ocr,978000.0,,Regular Season,Week 18,,,0.34,| FOXC.HOOPS-BIGEAST NOON,Aa).s,0.34,978,Sat 03.09.24 12:04 | FOXC.HOOPS-BIGEAST NOON GEORGETOWN UNIV AT ST JOHNS UNIV Aa).s 0.34 978,Saturday,3,March,1,0,0,0,0,0,0,0,0,0,0,0,0,0,0,0,0,0,13.793264949016955
Sports Media Watch 2023-24 OCR Week 18,https://www.sportsmediawatch.com/wp-content/uploads/2024/03/mar410.png,2023-24,basketball,men,Byu / Iowa State,BYU,Iowa State,2024-03-06,9:04,Early,ESPN2,564000,sportsmediawatch_ocr,564000.0,,Regular Season,Week 18,,,0.33,COLLEGE BKBL REG SSN,ESPN2,0.33,564,Wed 03.06.24 9:04 COLLEGE BKBL REG SSN BYU / IOWA STATE ESPN2 0.33 564,Wednesday,3,March,0,0,20,0,1,6,1,0,1,1,0,0,0,0,0,0,0,0,13.242809530480196
Sports Media Watch 2023-24 OCR Week 18,https://www.sportsmediawatch.com/wp-content/uploads/2024/03/mar410.png,2023-24,basketball,men,UConn / Marquette,UConn,Marquette,2024-03-06,8:44,Early,FS1,523000,sportsmediawatch_ocr,523000.0,,Regular Season,Week 18,,,0.29,COLL BSKTBL: BIGEASTL,FS1,0.29,523,Wed 03.06.24. 8:44 COLL BSKTBL: BIGEASTL UCONN / MARQUETTE FS1 0.29 523,Wednesday,3,March,0,0,2,1,0,8,1,0,2,0,0,0,0,0,0,0,0,0,13.16733674304706
Sports Media Watch 2023-24 OCR Week 18,https://www.sportsmediawatch.com/wp-content/uploads/2024/03/mar410.png,2023-24,basketball,men,Iowa State / Kansas State,Iowa State,Kansas State,2024-03-09,1:47,Early,ESPN2,418000,sportsmediawatch_ocr,418000.0,,Regular Season,Week 18,,,0.23,COLLEGE BKBL REG SSN L,ESPN2,0.23,418,Sat 03.09.24 1:47 COLLEGE BKBL REG SSN L IOWA STATE/ KANSAS STATE ESPN2 0.23 418,Saturday,3,March,1,0,6,1,0,0,0,0,1,0,0,0,0,0,0,0,0,0,12.943236711506893
Sports Media Watch 2023-24 OCR Week 18,https://www.sportsmediawatch.com/wp-content/uploads/2024/03/mar410.png,2023-24,basketball,men,Northwestern / Michigan,Northwestern,Michigan,2024-03-06,7:00,Early,BTN,400000,sportsmediawatch_ocr,400000.0,,Regular Season,Week 18,,,0.21,BIGMENSBASKETBALLL,BTN,0.21,400,Wed 03.06.24 7:00 BIGMENSBASKETBALLL NORTHWESTERN / MICHIGAN .- 4. BTN 0.21 400,Wednesday,3,March,0,0,25,0,1,0,0,0,0,1,0,0,0,0,0,0,0,0,12.89921982609012
Sports Media Watch 2023-24 OCR Week 18,https://www.sportsmediawatch.com/wp-content/uploads/2024/03/mar410.png,2023-24,basketball,men,Indiana / Minnesota,Indiana,Minnesota,2024-03-06,9:11,Early,BTN,337000,sportsmediawatch_ocr,337000.0,,Regular Season,Week 18,,,0.19,BIGMENSBASKETBALLL,BTN,0.19,337,Wed 03.06.24 9:11 BIGMENSBASKETBALLL INDIANA/ MINNESOTA BTN 0.19 337,Wednesday,3,March,0,0,0,0,0,0,0,0,0,0,0,0,0,0,0,0,0,0,12.727838209334498
Sports Media Watch 2023-24 OCR Week 18,https://www.sportsmediawatch.com/wp-content/uploads/2024/03/mar410.png,2023-24,basketball,men,Rutgers / Wisconsin,Rutgers,Wisconsin,2024-03-07,7:00,Early,FS1,335000,sportsmediawatch_ocr,335000.0,,Regular Season,Week 18,,,0.18,COLL BSKBL:BIG 10 L,FS1,0.18,335,Thu 03.0724 7:00 COLL BSKBL:BIG 10 L RUTGERS / WISCONSIN FS1 0.18 335,Thursday,3,March,0,0,0,0,0,20,0,1,0,1,0,0,0,0,0,0,0,0,12.721885810807203
Sports Media Watch 2023-24 OCR Week 18,https://www.sportsmediawatch.com/wp-content/uploads/2024/03/mar410.png,2023-24,basketball,men,VCU / Dayton,VCU,Dayton,2024-03-08,7:00,Early,ESPN2,334000,sportsmediawatch_ocr,334000.0,,Regular Season,Week 18,,,0.2,COLLEGE BKBL REG SSN,ESPN2,0.20,334,Fri 03.08.24 7:00 COLLEGE BKBL REG SSN VCU / DAYTON ESPN2 0.20 334,Friday,3,March,0,0,0,0,0,25,0,1,0,1,0,0,0,0,0,0,0,0,12.718896271958837
Sports Media Watch 2023-24 OCR Week 18,https://www.sportsmediawatch.com/wp-content/uploads/2024/03/mar410.png,2023-24,basketball,men,Ohio State / Rutgers,Ohio State,Rutgers,2024-03-10,2:06,Early,BTN,317000,sportsmediawatch_ocr,317000.0,,Regular Season,Week 18,,,0.17,BIGMENSBASKETBALLL,BTN,0.17,317,Sun 03.10.24 2:06 BIGMENSBASKETBALLL OHIO STATE / RUTGERS BTN 0.17 317,Sunday,3,March,1,0,0,0,0,0,0,0,0,0,0,0,0,0,0,0,0,0,12.666657052859417
Sports Media Watch 2023-24 OCR Week 18,https://www.sportsmediawatch.com/wp-content/uploads/2024/03/mar410.png,2023-24,basketball,men,Baylor / Texas Tech,Baylor,Texas Tech,2024-03-09,6:12,Early,ESPN2,293000,sportsmediawatch_ocr,293000.0,,Regular Season,Week 18,,,0.17,COLLEGE BKBL REG SSN,ESPN2,0.17,293,Sat 03.09.24 6:12 COLLEGE BKBL REG SSN BAYLOR / TEXAS TECH ESPN2 0.17 293,Saturday,3,March,1,0,11,0,1,23,0,1,0,2,0,0,0,0,0,0,0,0,12.587927887999204
Sports Media Watch 2023-24 OCR Week 18,https://www.sportsmediawatch.com/wp-content/uploads/2024/03/mar410.png,2023-24,basketball,men,Arizona / UCLA,Arizona,UCLA,2024-03-07,9:39,Early,ESPN,259000,sportsmediawatch_ocr,259000.0,,Regular Season,Week 18,,,0.15,COLLEGE BKBL REG SSN L,ESPN,0.15,259,Thu 03.07.24 9:39 COLLEGE BKBL REG SSN L ARIZONA / UCLA ESPN 0.15 259,Thursday,3,March,0,0,5,1,0,0,0,0,1,0,0,0,0,0,0,0,0,0,12.464583340681674
Sports Media Watch 2023-24 OCR Week 18,https://www.sportsmediawatch.com/wp-content/uploads/2024/03/mar410.png,2023-24,basketball,men,Syracuse / Clemson,Syracuse,Clemson,2024-03-05,7:00,Early,ESPN2,239000,sportsmediawatch_ocr,239000.0,,Regular Season,Week 18,,,0.15,COLLEGE BKBL REG SSN,ESPN2,0.15,239,Tue 03.05.24 7:00 COLLEGE BKBL REG SSN SYRACUSE / CLEMSON ESPN2 0.15 239,Tuesday,3,March,0,0,0,0,0,21,0,1,0,1,0,0,0,0,0,0,0,0,12.384218830913648
Sports Media Watch 2023-24 OCR Week 18,https://www.sportsmediawatch.com/wp-content/uploads/2024/03/mar410.png,2023-24,basketball,men,Villanova / Seton Hall,Villanova,Seton Hall,2024-03-06,6:30,Early,FS1,235000,sportsmediawatch_ocr,235000.0,,Regular Season,Week 18,,,0.13,COLLBSKTBL: BIGEASTL,FS1,0.13,235,Wed 03.06.24 6:30 COLLBSKTBL: BIGEASTL VILLANOVA/SETON HALL FS1 0.13 235,Wednesday,3,March,0,0,18,0,1,0,0,0,0,1,0,0,0,0,0,0,0,0,12.367340793126296
Sports Media Watch 2023-24 OCR Week 18,https://www.sportsmediawatch.com/wp-content/uploads/2024/03/mar410.png,2023-24,basketball,men,NC State / Pitt,NC State,Pitt,2024-03-09,7:46,Early,CW,716000,sportsmediawatch_ocr,716000.0,,Regular Season,Week 18,,,0.13,ACCMEN'SBASKETBALL2 ;,cw,0.13,716,Sat 03.09.24 7:46 ACCMEN'SBASKETBALL2 ; NC STATE UNIV AT UNIV- PITTBRG cw 0.13 716,Saturday,3,March,1,0,0,0,0,0,0,0,0,0,0,0,0,0,0,0,0,0,13.481435445942783
Sports Media Watch 2023-24 OCR Week 18,https://www.sportsmediawatch.com/wp-content/uploads/2024/03/mar410.png,2023-24,basketball,men,Boise State / San Diego State,Boise State,San Diego State,2024-03-08,10:09,Early,FS1,201000,sportsmediawatch_ocr,201000.0,,Regular Season,Week 18,,,0.11,COLL BSKTBL: MTN WEST,FS1,0.11,201,Fri 03.08.24 10:09 COLL BSKTBL: MTN WEST BOISE ST / SAN DIEGO ST FS1 0.11 201,Friday,3,March,0,0,0,0,0,21,0,1,0,1,0,0,0,0,0,0,0,0,12.211060187041213
Sports Media Watch 2023-24 OCR Week 18,https://www.sportsmediawatch.com/wp-content/uploads/2024/03/mar410.png,2023-24,basketball,men,Nebraska / Michigan,Nebraska,Michigan,2024-03-10,12:00,Early,BTN,200000,sportsmediawatch_ocr,200000.0,,Regular Season,Week 18,,,0.11,BIGMENSBASKETBALLL,BTN,0.11,200,Sun 03.10.24 12:00 BIGMENSBASKETBALLL NEBRASKA / MICHIGAN BTN 0.11 200,Sunday,3,March,1,0,0,0,0,0,0,0,0,0,0,0,0,0,0,0,0,0,12.206072645530174
Sports Media Watch 2023-24 OCR Week 18,https://www.sportsmediawatch.com/wp-content/uploads/2024/03/mar410.png,2023-24,basketball,men,Miami (FL) / Florida State,Miami (FL),Florida State,2024-03-09,4:14,Early,ESPN2,195000,sportsmediawatch_ocr,195000.0,,Regular Season,Week 18,,,0.12,COLLEGE BKBL REG SSN,ESPN2,0.12,195,Sat 03.09.24 4:14 COLLEGE BKBL REG SSN MIAMI / FLORIDA ST ESPN2 0.12 195,Saturday,3,March,1,0,0,0,0,0,0,0,0,0,0,0,0,0,0,0,0,0,12.180754837545884
Sports Media Watch 2023-24 OCR Week 18,https://www.sportsmediawatch.com/wp-content/uploads/2024/03/mar410.png,2023-24,basketball,men,Washington / Washington State,Washington,Washington State,2024-03-07,9:06,Early,FS1,195000,sportsmediawatch_ocr,195000.0,,Regular Season,Week 18,,,0.09,COLLBSKTBL:PAC12L,FS1,0.09,195,Thu 03.0724 9:06 COLLBSKTBL:PAC12L WASHINGTON / WASHINGTON ST FS1 0.09 195,Thursday,3,March,0,0,0,0,0,18,0,1,0,1,0,0,0,0,0,0,0,0,12.180754837545884
Sports Media Watch 2023-24 OCR Week 18,https://www.sportsmediawatch.com/wp-content/uploads/2024/03/mar410.png,2023-24,basketball,men,Wichita State / Tulane,Wichita State,Tulane,2024-03-08,9:24,Early,ESPN2,176000,sportsmediawatch_ocr,176000.0,,Regular Season,Week 18,,,0.1,COLLEGE BKBL REG SSN L,ESPN2,0.10,176,Fri 03.08.24 9:24 COLLEGE BKBL REG SSN L WICHITA STATE / TULANE ESPN2 0.10 176,Friday,3,March,0,0,0,0,0,0,0,0,0,0,0,0,0,0,0,0,0,0,12.078239274020289
Sports Media Watch 2023-24 OCR Week 18,https://www.sportsmediawatch.com/wp-content/uploads/2024/03/mar410.png,2023-24,basketball,men,Minnesota / Northwestern,Minnesota,Northwestern,2024-03-09,9:15,Early,BTN,156000,sportsmediawatch_ocr,156000.0,,Regular Season,Week 18,,,0.07,BIGMENSBASKETBALLL,BTN,0.07,156,ae Sat 9:15 BIGMENSBASKETBALLL MINNESOTA / NORTHWESTERN BTN 0.07 156,Saturday,3,March,1,0,0,0,0,25,0,1,0,1,0,0,0,0,0,0,0,0,11.957611286231675
Sports Media Watch 2023-24 OCR Week 18,https://www.sportsmediawatch.com/wp-content/uploads/2024/03/mar410.png,2023-24,basketball,men,Boston College / U-Louisville,Boston College,Louisville,2024-03-09,5:30,Early,CW,155000,sportsmediawatch_ocr,155000.0,,Regular Season,Week 18,,,0.08,ACCMEN'SBASKETBALL1 ;,cw,0.08,155,"Sat 03,09.24 5:30 ACCMEN'SBASKETBALL1 ; BOSTON COLLG AT U- LOUISVILLE cw 0.08 155",Saturday,3,March,1,0,0,0,0,0,0,0,0,0,0,0,0,0,0,0,0,0,11.951180395901384
Sports Media Watch 2023-24 OCR Week 18,https://www.sportsmediawatch.com/wp-content/uploads/2024/03/mar410.png,2023-24,basketball,men,Depaul / Seton Hall,DePaul,Seton Hall,2024-03-09,8:40,Early,FS1,151000,sportsmediawatch_ocr,151000.0,,Regular Season,Week 18,,,0.08,COLL BSKTBL: BIGEASTL,FS1,0.08,151,Sat 03.09.24 8:40 COLL BSKTBL: BIGEASTL DEPAUL/SETON HALL FS1 0.08 151,Saturday,3,March,1,0,0,0,0,0,0,0,0,0,0,0,0,0,0,0,0,0,11.925035115797062
Sports Media Watch 2023-24 OCR Week 18,https://www.sportsmediawatch.com/wp-content/uploads/2024/03/mar410.png,2023-24,basketball,men,Morehead State / Little Rock,Morehead State,Little Rock,2024-03-09,,Unknown,ESPN2,150000,sportsmediawatch_ocr,150000.0,,Regular Season,Week 18,,,0.1,COLLBASKPOST-SEASON OL,ESPN2,0.10,150,ae Sat  COLLBASKPOST-SEASON OL MOREHEAD STATE / LITTLE ROCK ESPN2 0.10 150,Saturday,3,March,1,0,0,0,0,0,0,0,0,0,0,0,0,0,0,0,0,0,11.918390573078392
Sports Media Watch 2023-24 OCR Week 18,https://www.sportsmediawatch.com/wp-content/uploads/2024/03/mar410.png,2023-24,basketball,men,Maryland / Penn State,Maryland,Penn State,2024-03-10,7:30,Early,BTN,142000,sportsmediawatch_ocr,142000.0,,Regular Season,Week 18,,,0.08,BIGMENSBASKETBALLL,BTN,0.08,142,Sun 03.10.24 7:30 BIGMENSBASKETBALLL MARYLAND / PENN STATE BTN 0.08 142,Sunday,3,March,1,0,0,0,0,0,0,0,0,0,0,0,0,0,0,0,0,0,11.863582336583399
Sports Media Watch 2023-24 OCR Week 18,https://www.sportsmediawatch.com/wp-content/uploads/2024/03/mar410.png,2023-24,basketball,men,Colorado / Oregon,Colorado,Oregon,2024-03-07,9:09,Early,ESPN2,140000,sportsmediawatch_ocr,140000.0,,Regular Season,Week 18,,,0.08,COLLEGE BKBL REG SSN OL,ESPN2,0.08,140,oe: Thu 9:09 COLLEGE BKBL REG SSN OL COLORADO / OREGON ESPN2 0.08 140,Thursday,3,March,0,0,18,0,1,0,0,0,0,1,0,0,0,0,0,0,0,0,11.84939770159144
Sports Media Watch 2023-24 OCR Week 18,https://www.sportsmediawatch.com/wp-content/uploads/2024/03/mar410.png,2023-24,basketball,men,Austin Peay / Stetson,Austin Peay,Stetson,2024-03-10,2:06,Early,ESPN2,135000,sportsmediawatch_ocr,135000.0,,Regular Season,Week 18,,,0.08,COLL BASK POST-SEASON OL:,ESPN2,0.08,135,aw Sun 2:06 COLL BASK POST-SEASON OL: AUSTIN PEAY / STETSON ESPN2 0.08 135,Sunday,3,March,1,0,0,0,0,0,0,0,0,0,0,0,0,0,0,0,0,0,11.813030057420567
Sports Media Watch 2023-24 OCR Week 18,https://www.sportsmediawatch.com/wp-content/uploads/2024/03/mar410.png,2023-24,basketball,men,Florida State / Pitt,Florida State,Pitt,2024-03-05,9:07,Early,ESPN2,131000,sportsmediawatch_ocr,131000.0,,Regular Season,Week 18,,,0.08,COLLEGEBKBLREGSSN OL,EsPpN2,0.08,131,Tee Tue 9:07 COLLEGEBKBLREGSSN OL FLORIDA STATE/ PITTSBURGH EsPpN2 0.08 131,Tuesday,3,March,0,0,0,0,0,0,0,0,0,0,0,0,0,0,0,0,0,0,11.782952602183288
Sports Media Watch 2023-24 OCR Week 18,https://www.sportsmediawatch.com/wp-content/uploads/2024/03/mar410.png,2023-24,basketball,men,Weber State / Montana State,Weber State,Montana State,2024-03-04,9:00,Early,ESPN2,130000,sportsmediawatch_ocr,130000.0,,Regular Season,Week 18,,,0.04,COLLEGE BKBLREGSSN oOo,ESPN2,0.04,130,Ee Mon 9:00 COLLEGE BKBLREGSSN oOo WEBER STATE/ MONTANA STATE ESPN2 0.04 130,Monday,3,March,0,0,0,0,0,0,0,0,0,0,0,0,0,0,0,0,0,0,11.77528972943772
Sports Media Watch 2023-24 OCR Week 18,https://www.sportsmediawatch.com/wp-content/uploads/2024/03/mar410.png,2023-24,basketball,men,Providence / Georgetown,Providence,Georgetown,2024-03-05,7:00,Early,FS1,128000,sportsmediawatch_ocr,128000.0,,Regular Season,Week 18,,,0.07,COLL BSKTBL: BIGEASTL,FS1,0.07,128,Tue 03.05.24 7:00 COLL BSKTBL: BIGEASTL PROVIDENCE/GEORGETOWN' FS1 0.07 128,Tuesday,3,March,0,0,23,0,1,0,0,0,0,1,0,0,0,0,0,0,0,0,11.759785542901755
Sports Media Watch 2023-24 OCR Week 18,https://www.sportsmediawatch.com/wp-content/uploads/2024/03/mar410.png,2023-24,basketball,men,Fresno State / New Mexico,Fresno State,New Mexico,2024-03-06,10:50,Early,ESPN,128000,sportsmediawatch_ocr,128000.0,,Regular Season,Week 18,,,0.08,COLL BSKTBL: MTN WEST L,FS1,0.08,128,Wed 03.06.24 10:50 COLL BSKTBL: MTN WEST L FRESNO ST / NEW MEXICO FS1 0.08 128,Wednesday,3,March,0,0,0,0,0,25,0,1,0,1,0,0,0,0,0,0,0,0,11.759785542901755
Sports Media Watch 2023-24 OCR Week 18,https://www.sportsmediawatch.com/wp-content/uploads/2024/03/mar410.png,2023-24,basketball,men,Arizona State / USC,Arizona State,USC,2024-03-07,11:09,Early,FS1,115000,sportsmediawatch_ocr,115000.0,,Regular Season,Week 18,,,0.06,COLL BSKTBL: PAC 12L,FS1,0.06,115,Thu 03.0724 11:09 COLL BSKTBL: PAC 12L ARIZONA ST / USC FS1 0.06 115,Thursday,3,March,0,0,0,0,0,23,0,1,0,1,0,0,0,0,0,0,0,0,11.652687407345388
Sports Media Watch 2023-24 OCR Week 18,https://www.sportsmediawatch.com/wp-content/uploads/2024/03/mar410.png,2023-24,basketball,men,Longwood / UNC Asheville,Longwood,UNC Asheville,2024-03-10,,Unknown,ESPN2,102000,sportsmediawatch_ocr,102000.0,,Regular Season,Week 18,,,,ror BASK POST-SEASON,ESPN2,"0,05",102,"oto oA  ror BASK POST-SEASON ONGWOOD/UNC ASHEVILLE ESPN2 0,05 102",Sunday,3,March,1,0,0,0,0,0,0,0,0,0,0,0,0,0,0,0,0,0,11.532728092266408
Sports Media Watch 2023-24 OCR Week 18,https://www.sportsmediawatch.com/wp-content/uploads/2024/03/mar410.png,2023-24,basketball,men,UAB / Temple,UAB,Temple,2024-03-07,7:00,Early,ESPN2,100000,sportsmediawatch_ocr,100000.0,,Regular Season,Week 18,,,0.07,COLLEGE BKBL REG SSN OL,ESPN2,0.07,100,a Thu 7:00 COLLEGE BKBL REG SSN OL UAB / TEMPLE ESPN2 0.07 100,Thursday,3,March,0,0,0,0,0,0,0,0,0,0,0,0,0,0,0,0,0,0,11.512925464970229
Sports Media Watch 2023-24 OCR Week 18,https://www.sportsmediawatch.com/wp-content/uploads/2024/03/mar410.png,2023-24,basketball,men,Arizona State / UCLA,Arizona State,UCLA,2024-03-09,11:00,Early,FS1,93000,sportsmediawatch_ocr,93000.0,,Regular Season,Week 18,,,0.05,COLLBSKTBL:PAC12L =,FS1,0.05,93,Sat 03.09.24 11:00 COLLBSKTBL:PAC12L = ARIZONA ST/ UCLA FS1 0.05 93,Saturday,3,March,1,0,0,0,0,0,0,0,0,0,0,0,0,0,0,0,0,0,11.440354772135393
Sports Media Watch 2023-24 OCR Week 18,https://www.sportsmediawatch.com/wp-content/uploads/2024/03/mar410.png,2023-24,basketball,men,Notre Dame / Virginia Tech,Notre Dame,Virginia Tech,2024-03-09,3:10,Early,ESPNU,87000,sportsmediawatch_ocr,87000.0,,Regular Season,Week 18,,,0.05,COLLEGE BKBL REG SSN oL,ESPNU,0.05,87,Sat 03.09.24 3:10 COLLEGE BKBL REG SSN oL NOTRE DAME/ VIRGINIA TECH ESPNU 0.05 87,Saturday,3,March,1,0,0,0,0,0,0,0,0,0,0,0,0,0,0,0,0,0,11.37366339763672
Sports Media Watch 2023-24 OCR Week 18,https://www.sportsmediawatch.com/wp-content/uploads/2024/03/mar410.png,2023-24,basketball,men,Nevada / Boise State,Nevada,Boise State,2024-03-05,11:14,Early,FS1,86000,sportsmediawatch_ocr,86000.0,,Regular Season,Week 18,,,0.06,COLL BSKTBL: MTN WEST,FS1,0.06,86,Tue 03.05.24 11:14 COLL BSKTBL: MTN WEST NEVADA / BOISE ST FS1 0.06 86,Tuesday,3,March,0,0,0,0,0,0,0,0,0,0,0,0,0,0,0,0,0,0,11.362102575235644
Sports Media Watch 2023-24 OCR Week 18,https://www.sportsmediawatch.com/wp-content/uploads/2024/03/mar410.png,2023-24,basketball,men,St. John's / Depaul,St. John's,DePaul,2024-03-05,9:06,Early,FS1,84000,sportsmediawatch_ocr,84000.0,,Regular Season,Week 18,,,0.05,COLL BSKTBL: BIGEASTL,FS1,0.05,84,ox Tue 9:06 COLL BSKTBL: BIGEASTL ST. JOHNS / DEPAUL FS1 0.05 84,Tuesday,3,March,0,0,0,0,0,0,0,0,0,0,0,0,0,0,0,0,0,0,11.33857207782545
Sports Media Watch 2023-24 OCR Week 18,https://www.sportsmediawatch.com/wp-content/uploads/2024/03/mar410.png,2023-24,basketball,men,San Diego / Santa Clara,San Diego,Santa Clara,2024-03-09,10:03,Early,ESPN2,80000,sportsmediawatch_ocr,80000.0,,Regular Season,Week 18,,,0.04,WCC TOURNAMENT L,ESPN2,0.04,80,Sat 03.09.24 10:03 WCC TOURNAMENT L SAN DIEGO/SANTACLARA ESPN2 0.04 80,Saturday,3,March,1,0,0,0,0,0,0,0,0,0,0,0,0,0,0,0,0,0,11.289781913656018
Sports Media Watch 2023-24 OCR Week 18,https://www.sportsmediawatch.com/wp-content/uploads/2024/03/mar410.png,2023-24,basketball,men,Saint Louis / St Bonaventure,Saint Louis,St. Bonaventure,2024-03-09,12:32,Early,USA,69000,sportsmediawatch_ocr,69000.0,,Regular Season,Week 18,,,0.04,10 BASKETBALL L,USA,0.04,69,ae Sat 12:32 10 BASKETBALL L ST. LOUIS / ST. BONAVENTURE USA 0.04 69,Saturday,3,March,1,0,0,0,0,0,0,0,0,0,0,0,0,0,0,0,0,0,11.141861783579396
Sports Media Watch 2023-24 OCR Week 18,https://www.sportsmediawatch.com/wp-content/uploads/2024/03/mar410.png,2023-24,basketball,men,East Tennessee State / Chattanooga,ETSU,Chattanooga,2024-03-10,6:54,Early,ESPNU,64000,sportsmediawatch_ocr,64000.0,,Regular Season,Week 18,,,,COLLBASKPOST-SEASON,ESPNU |,"0,04",64,"ae Sun 6:54 COLLBASKPOST-SEASON EAST TENNESSEE STATE / CHATTANOOGA ESPNU | 0,04 64",Sunday,3,March,1,0,0,0,0,0,0,0,0,0,0,0,0,0,0,0,0,0,11.06663836234181
Sports Media Watch 2023-24 OCR Week 18,https://www.sportsmediawatch.com/wp-content/uploads/2024/03/mar410.png,2023-24,basketball,men,Western Illinois / Little Rock,Western Illinois,Little Rock,2024-03-08,8:00,Early,ESPNU,63000,sportsmediawatch_ocr,63000.0,,Regular Season,Week 18,,,,COLLBASKPOST-SEASON,ESPNU |,"0,02",63,"how Fri 8:00 COLLBASKPOST-SEASON WESTERN ILLINOIS / LITTLE ROCK ESPNU | 0,02 63",Friday,3,March,0,0,0,0,0,0,0,0,0,0,0,0,0,0,0,0,0,0,11.05089000537367
Sports Media Watch 2023-24 OCR Week 18,https://www.sportsmediawatch.com/wp-content/uploads/2024/03/mar410.png,2023-24,basketball,men,Portland / San Francisco,Portland,San Francisco,2024-03-09,12:52,Early,ESPN2,57000,sportsmediawatch_ocr,57000.0,,Regular Season,Week 18,,,0.04,WCC TOURNAMENT L,ESPN2,0.04,57,ae Sat 12:52 WCC TOURNAMENT L PORTLAND /SAN FRANCISCO ESPN2 0.04 57,Saturday,3,March,1,0,0,0,0,0,0,0,0,0,0,0,0,0,0,0,0,0,10.950806546816688
Sports Media Watch 2023-24 OCR Week 18,https://www.sportsmediawatch.com/wp-content/uploads/2024/03/mar410.png,2023-24,basketball,men,Virginia Tech / Louisville,Virginia Tech,Louisville,2024-03-05,7:00,Early,ESPNU,53000,sportsmediawatch_ocr,53000.0,,Regular Season,Week 18,,,0.03,COLLEGE BKBL REG SSN OL:,ESPNU,0.03,53,ox Tue 7:00 COLLEGE BKBL REG SSN OL: VIRGINIA TECH/ LOUISVILLE ESPNU 0.03 53,Tuesday,3,March,0,0,0,0,0,0,0,0,0,0,0,0,0,0,0,0,0,0,10.87804719253426
Sports Media Watch 2023-24 OCR Week 18,https://www.sportsmediawatch.com/wp-content/uploads/2024/03/mar410.png,2023-24,basketball,men,California / Stanford,California,Stanford,2024-03-07,11:03,Early,ESPN2,51000,sportsmediawatch_ocr,51000.0,,Regular Season,Week 18,,,0.03,REG SSN COLLEGE BKBL,ESPN2,0.03,51,Thu 03.07.24 11:03 REG SSN COLLEGE BKBL CALIFORNIA / STANFORD ESPN2 0.03 51,Thursday,3,March,0,0,0,0,0,0,0,0,0,0,0,0,0,0,0,0,0,0,10.839580911706463
Sports Media Watch 2023-24 OCR Week 18,https://www.sportsmediawatch.com/wp-content/uploads/2024/03/mar410.png,2023-24,basketball,men,Morehead State / Ut Martin,Morehead State,UT Martin,2024-03-08,10:30,Early,ESPNU,38000,sportsmediawatch_ocr,38000.0,,Regular Season,Week 18,,,0.03,COLL BASK POST-SEASON OL,ESPNU,0.03,38,Ele Fri 10:30 COLL BASK POST-SEASON OL MOREHEAD STATE / UT MARTIN ESPNU 0.03 38,Friday,3,March,0,0,0,0,0,0,0,0,0,0,0,0,0,0,0,0,0,0,10.545341438708522
Sports Media Watch 2023-24 OCR Week 18,https://www.sportsmediawatch.com/wp-content/uploads/2024/03/mar410.png,2023-24,basketball,men,Richmond / George Mason,Richmond,George Mason,2024-03-09,2:32,Early,USA,34000,sportsmediawatch_ocr,34000.0,,Regular Season,Week 18,,,0.02,Al0 BASKETBALL L,USA,0.02,34,Sat 03.09.24 2:32 Al0 BASKETBALL L RICHMOND / GEORGE MASON USA 0.02 34,Saturday,3,March,1,0,0,0,0,0,0,0,0,0,0,0,0,0,0,0,0,0,10.4341158035983
Sports Media Watch 2023-24 OCR Week 18,https://www.sportsmediawatch.com/wp-content/uploads/2024/03/mar410.png,2023-24,basketball,men,Furman / Samford,Furman,Samford,2024-03-10,4:00,Early,ESPNU,32000,sportsmediawatch_ocr,32000.0,,Regular Season,Week 18,,,0.02,COLL BASK POST-SEASON OL,ESPNU,0.02,32,a Sun 4:00 COLL BASK POST-SEASON OL FURMAN / SAMFORD ESPNU 0.02 32,Sunday,3,March,1,0,0,0,0,0,0,0,0,0,0,0,0,0,0,0,0,0,10.373491181781864
Sports Media Watch 2023-24 OCR Week 18,https://www.sportsmediawatch.com/wp-content/uploads/2024/03/mar410.png,2023-24,basketball,men,Boston College / Miami (FL),Boston College,Miami (FL),2024-03-06,7:00,Early,ESPNU,29000,sportsmediawatch_ocr,29000.0,,Regular Season,Week 18,,,0.02,COLLEGE BKBLREGSSN OL,espNU |,0.02,29,ea Wed 7:00 COLLEGE BKBLREGSSN OL BOSTON COLLEGE / MIAMI FL espNU | 0.02 29,Wednesday,3,March,0,0,0,0,0,0,0,0,0,0,0,0,0,0,0,0,0,0,10.275051108968611
Sports Media Watch 2023-24 OCR Week 18,https://www.sportsmediawatch.com/wp-content/uploads/2024/03/mar410.png,2023-24,basketball,men,Utah / Oregon State,Utah,Oregon State,2024-03-07,11:13,Early,ESPNU,25000,sportsmediawatch_ocr,25000.0,,Regular Season,Week 18,,,0.02,COLLEGE BKBL REG SSN,ESPNU,0.02,25,Thu 03.07.24 11:13 COLLEGE BKBL REG SSN UTAH / OREGON STATE ESPNU 0.02 25,Thursday,3,March,0,0,0,0,0,0,0,0,0,0,0,0,0,0,0,0,0,0,10.126631103850338
Sports Media Watch 2023-24 OCR Week 18,https://www.sportsmediawatch.com/wp-content/uploads/2024/03/mar410.png,2023-24,basketball,men,Howard / Norfolk State,Howard,Norfolk State,2024-03-07,9:03,Early,ESPNU,22000,sportsmediawatch_ocr,22000.0,,Regular Season,Week 18,,,0.01,"COLLEGE BKBL REG SSN OL,",ESPNU,0.01,22,"ae Thu 9:03 COLLEGE BKBL REG SSN OL, HOWARD / NORFOLK STATE ESPNU 0.01 22",Thursday,3,March,0,0,0,0,0,0,0,0,0,0,0,0,0,0,0,0,0,0,9.998797732340453
Sports Media Watch 2023-24 OCR Week 18,https://www.sportsmediawatch.com/wp-content/uploads/2024/03/mar410.png,2023-24,basketball,men,Canisius / Fairfield,Canisius,Fairfield,2024-03-07,7:00,Early,ESPNU,13000,sportsmediawatch_ocr,13000.0,,Regular Season,Week 18,,,0.01,COLLEGE BKBL REG SSN L,ESPNU,0.01,13,Thu 03.07.24 7:00 COLLEGE BKBL REG SSN L CANISIUS / FAIRFIELD ESPNU 0.01 13,Thursday,3,March,0,0,0,0,0,0,0,0,0,0,0,0,0,0,0,0,0,0,9.472704636443673
