Unnamed: 0,Date,DoW,HELPER,Time Slot,Team 1,Team 2,City,Persons 2+,Winner,Winner Score,Loser Score,25-11 Rankings,Top 10 Rankings,Competing Tier 1,FOX,FS1,ESPN2,NBC,CBS,ABC,CW,ESPNU,FS2,NFLN,BTN,ESPNNEWS,Daytime (11a-6:30p),Sat Late (9:30p-Later),Sun,Mon,Midweek,Spread,SEC/Big 10,Big 12/ACC,Conf Champ,Team 1 11-25?,Team 1 Top 10?,Team 2 11-25?,Team 2 Top 10?,Score Diff,Spread Help,Team1_SEC,Team2_SEC,Team1_Big Ten,Team2_Big Ten,Team1_ACC,Team2_ACC,Team1_Big 12,Team2_Big 12,Big 12,SEC,ACC,Big 10,Pac 12,#1-5,#6-10,#11-15,#16-25,Time_float,Monday,Weekday,Friday,Sat Early,Sat Mid,Sat Late,ParsedDate,Year,OldNielsenSystem,DeionEra,Michigan_OhioSt,Texas_Oklahoma,Alabama_Auburn,Georgia_Florida,NotreDame_USC,Florida_Tennessee,Oregon_Washington,BYU_Utah,Iowa_IowaSt,OleMiss_MississippiSt,Clemson_SouthCarolina,Arizona_ArizonaSt,Miami_FloridaSt,Texas_TexasA&M,Oregon_OregonSt,USC_UCLA,Louisville_Kentucky,Washington_WashingtonSt,Kansas_KansasSt,Minnesota_Wisconsin,Army_Navy,OhioSt_PennSt,Alabama_LSU,BothRanked,SEC_PostseasonImplications,Big10_PostseasonImplications,ACC_PostseasonImplications,Big12_PostseasonImplications,OhioSt_BTN,FOX_Fri,ESPN2_Fri,FS1_Fri,NBC_Fri,CBS_Fri,ABC_Fri,CW_Fri,ESPNU_Fri,FS2_Fri,NFLN_Fri,BTN_Fri,ESPNNEWS_Fri,ESPN_Fri,ln_viewers,Predicted_Base,CompetingGamesScore
2023-24,8/26/23,Sat,0.604166667,2:30p,Navy,Notre Dame,,3560.0,Notre Dame,42.0,3.0,1.0,0.0,0,0.0,0.0,0.0,1.0,0.0,0.0,0.0,0.0,0.0,0.0,0.0,0.0,1,0,0.0,0.0,0.0,20.0,0.0,0.0,0.0,,,,,39.0,20.0,0.0,0.0,0.0,0.0,0.0,0.0,0.0,0.0,0.0,0.0,0.0,0.0,,0.0,0.0,1.0,0.0,14.5,0,0,0,0,1,0,2023-08-26,2023,1,0,0,0,0,0,0,0,0,0,0,0,0,0,0,0,0,0,0,0,0,0,0,0,0,0,0,0,0,0,0,0.0,0.0,0.0,0.0,0.0,0.0,0.0,0.0,0.0,0.0,0.0,0.0,0.0,8.177796683277778,2084.4497613358362,0.0
,9/2/23,Sat,0.5,12:00p,Colorado,TCU,,7260.0,Colorado,45.0,42.0,1.0,0.0,0,1.0,0.0,0.0,0.0,0.0,0.0,0.0,0.0,0.0,0.0,0.0,0.0,1,0,0.0,0.0,0.0,20.0,0.0,2.0,0.0,,,,,3.0,20.0,0.0,0.0,0.0,0.0,0.0,0.0,0.0,1.0,1.0,0.0,0.0,0.0,,0.0,0.0,0.0,1.0,12.0,0,0,0,1,0,0,2023-09-02,2023,1,1,0,0,0,0,0,0,0,0,0,0,0,0,0,0,0,0,0,0,0,0,0,0,0,0,0,0,0,0,0,0.0,0.0,0.0,0.0,0.0,0.0,0.0,0.0,0.0,0.0,0.0,0.0,0.0,8.890272839380247,4057.691304622554,2835.548254730736
,9/4/23,Mon,0.833333333,8:00p,Clemson,Duke,,4390.0,Duke,28.0,7.0,0.0,1.0,0,0.0,0.0,0.0,0.0,0.0,0.0,0.0,0.0,0.0,0.0,0.0,0.0,0,0,0.0,1.0,0.0,12.5,0.0,2.0,0.0,,,,,21.0,12.5,0.0,0.0,0.0,0.0,1.0,1.0,0.0,0.0,0.0,0.0,2.0,0.0,,0.0,0.0,0.0,0.0,20.0,1,0,0,0,0,0,2023-09-04,2023,1,0,0,0,0,0,0,0,0,0,0,0,0,0,0,0,0,0,0,0,0,0,0,0,0,0,0,0,0,0,0,0.0,0.0,0.0,0.0,0.0,0.0,0.0,0.0,0.0,0.0,0.0,0.0,0.0,8.387312270561717,5517.415050236055,0.0
,8/31/23,Thu,0.833333333,8:00p,Nebraska,Minnesota,3.49M,3490.0,Minnesota,13.0,10.0,0.0,0.0,0,1.0,0.0,0.0,0.0,0.0,0.0,0.0,0.0,0.0,0.0,0.0,0.0,0,0,0.0,0.0,1.0,7.0,2.0,0.0,0.0,,,,,3.0,7.0,0.0,0.0,1.0,1.0,0.0,0.0,0.0,0.0,0.0,0.0,0.0,2.0,,0.0,0.0,0.0,0.0,20.0,0,1,0,0,0,0,2023-08-31,2023,1,0,0,0,0,0,0,0,0,0,0,0,0,0,0,0,0,0,0,0,0,0,0,0,0,0,0,0,0,0,0,0.0,0.0,0.0,0.0,0.0,0.0,0.0,0.0,0.0,0.0,0.0,0.0,0.0,8.157943507105037,3816.261362489013,2775.6880632146754
,9/2/23,Sat,0.8125,7:30p,North Carolina,South Carolina,3.40M,3400.0,North Carolina,31.0,17.0,1.0,0.0,0,0.0,0.0,0.0,0.0,0.0,1.0,0.0,0.0,0.0,0.0,0.0,0.0,0,0,0.0,0.0,0.0,2.5,1.0,1.0,0.0,,,,,14.0,2.5,0.0,1.0,0.0,0.0,1.0,0.0,0.0,0.0,0.0,1.0,1.0,0.0,,0.0,0.0,0.0,1.0,19.5,0,0,0,0,0,0,2023-09-02,2023,1,0,0,0,0,0,0,0,0,0,0,0,0,0,0,0,0,0,0,0,0,0,0,0,0,0,0,0,0,0,0,0.0,0.0,0.0,0.0,0.0,0.0,0.0,0.0,0.0,0.0,0.0,0.0,0.0,8.131824785007195,3191.23696610316,1382.5209175825253
,8/31/23,Thu,0.833333333,8:00p,Florida,Utah,3.19M,3190.0,Utah,24.0,11.0,1.0,0.0,0,0.0,0.0,0.0,0.0,0.0,0.0,0.0,0.0,0.0,0.0,0.0,0.0,0,0,0.0,0.0,1.0,8.0,1.0,1.0,0.0,,,,,13.0,8.0,1.0,0.0,0.0,0.0,0.0,0.0,0.0,0.0,0.0,1.0,0.0,0.0,,0.0,0.0,0.0,0.0,20.0,0,1,0,0,0,0,2023-08-31,2023,1,0,0,0,0,0,0,0,0,0,0,0,0,0,0,0,0,0,0,0,0,0,0,0,0,0,0,0,0,0,0,0.0,0.0,0.0,0.0,0.0,0.0,0.0,0.0,0.0,0.0,0.0,0.0,0.0,8.068089626278244,2775.6880632146754,3816.261362489013
,9/3/23,Sun,0.5,12:00p,Northwestern,Rutgers,2.68M,2680.0,Rutgers,24.0,7.0,0.0,0.0,0,0.0,0.0,0.0,0.0,1.0,0.0,0.0,0.0,0.0,0.0,0.0,0.0,0,0,1.0,0.0,0.0,7.0,2.0,0.0,0.0,,,,,17.0,7.0,0.0,0.0,1.0,1.0,0.0,0.0,0.0,0.0,0.0,0.0,0.0,2.0,,0.0,0.0,0.0,0.0,12.0,0,0,0,0,0,0,2023-09-03,2023,1,0,0,0,0,0,0,0,0,0,0,0,0,0,0,0,0,0,0,0,0,0,0,0,0,0,0,0,0,0,0,0.0,0.0,0.0,0.0,0.0,0.0,0.0,0.0,0.0,0.0,0.0,0.0,0.0,7.893945138235959,1531.7430137001993,0.0
,9/2/23,Sat,0.5,12:00p,Virginia,Tennessee,2.46M,2460.0,Tennessee,49.0,13.0,1.0,0.0,0,0.0,0.0,0.0,0.0,0.0,1.0,0.0,0.0,0.0,0.0,0.0,0.0,1,0,0.0,0.0,0.0,28.0,1.0,1.0,0.0,,,,,36.0,28.0,0.0,1.0,0.0,0.0,1.0,0.0,0.0,0.0,0.0,1.0,1.0,0.0,,0.0,0.0,1.0,0.0,12.0,0,0,0,1,0,0,2023-09-02,2023,1,0,0,0,0,0,0,0,0,0,0,0,0,0,0,0,0,0,0,0,0,0,0,0,0,0,0,0,0,0,0,0.0,0.0,0.0,0.0,0.0,0.0,0.0,0.0,0.0,0.0,0.0,0.0,0.0,7.8083230503910555,2835.548254730736,4057.691304622554
,9/1/23,Fri,0.8125,7:30p,Louisville,Georgia Tech,1.65M,1650.0,Louisville,39.0,34.0,0.0,0.0,0,0.0,0.0,0.0,0.0,0.0,0.0,0.0,0.0,0.0,0.0,0.0,0.0,0,0,0.0,0.0,1.0,8.0,0.0,2.0,0.0,,,,,5.0,8.0,0.0,0.0,0.0,0.0,1.0,1.0,0.0,0.0,0.0,0.0,2.0,0.0,,0.0,0.0,0.0,1.0,19.5,0,0,1,0,0,0,2023-09-01,2023,1,0,0,0,0,0,0,0,0,0,0,0,0,0,0,0,0,0,0,0,0,0,0,0,0,0,0,0,0,0,0,0.0,0.0,0.0,0.0,0.0,0.0,0.0,0.0,0.0,0.0,0.0,0.0,1.0,7.409136443920128,1357.445576438322,0.0
,9/2/23,Sat,0.854166667,8:30p,Texas Tech,Wyoming,1.43M,1430.0,Wyoming,35.0,33.0,0.0,0.0,0,0.0,0.0,0.0,0.0,1.0,0.0,0.0,0.0,0.0,0.0,0.0,0.0,0,0,0.0,0.0,0.0,13.5,0.0,1.0,0.0,,,,,2.0,13.5,0.0,0.0,0.0,0.0,0.0,0.0,1.0,0.0,1.0,0.0,0.0,0.0,,0.0,0.0,0.0,0.0,20.5,0,0,0,0,0,0,2023-09-02,2023,1,0,0,0,0,0,0,0,0,0,0,0,0,0,0,0,0,0,0,0,0,0,0,0,0,0,0,0,0,0,0,0.0,0.0,0.0,0.0,0.0,0.0,0.0,0.0,0.0,0.0,0.0,0.0,0.0,7.266128779556451,1135.8521961598276,3437.9056875258575
,9/2/23,Sat,0.645833333,3:30p,Massachusetts,Auburn,1.03M,1030.0,Auburn,59.0,14.0,0.0,0.0,0,0.0,0.0,0.0,0.0,0.0,0.0,0.0,0.0,0.0,0.0,0.0,0.0,1,0,0.0,0.0,0.0,39.0,1.0,0.0,0.0,,,,,45.0,39.0,0.0,1.0,0.0,0.0,0.0,0.0,0.0,0.0,0.0,1.0,0.0,0.0,,0.0,0.0,0.0,0.0,15.5,0,0,0,0,1,0,2023-09-02,2023,1,0,0,0,0,0,0,0,0,0,0,0,0,0,0,0,0,0,0,0,0,0,0,0,0,0,0,0,0,0,0,0.0,0.0,0.0,0.0,0.0,0.0,0.0,0.0,0.0,0.0,0.0,0.0,0.0,6.93828448401696,599.4641705875208,643.5406562708528
,9/2/23,Sat,0.645833333,3:30p,Buffalo,Wisconsin,784K,784.0,Wisconsin,38.0,17.0,1.0,0.0,0,0.0,1.0,0.0,0.0,0.0,0.0,0.0,0.0,0.0,0.0,0.0,0.0,1,0,0.0,0.0,0.0,24.0,1.0,0.0,0.0,,,,,21.0,24.0,0.0,0.0,0.0,1.0,0.0,0.0,0.0,0.0,0.0,0.0,0.0,1.0,,0.0,0.0,0.0,1.0,15.5,0,0,0,0,1,0,2023-09-02,2023,1,0,0,0,0,0,0,0,0,0,0,0,0,0,0,0,0,0,0,0,0,0,0,0,0,0,0,0,0,0,0,0.0,0.0,0.0,0.0,0.0,0.0,0.0,0.0,0.0,0.0,0.0,0.0,0.0,6.665683717782408,584.5098763340826,658.494950524291
,9/2/23,Sat,0.8125,7:30p,Toledo,Illinois,294K,294.0,Illinois,30.0,28.0,0.0,0.0,0,0.0,0.0,0.0,0.0,0.0,0.0,0.0,0.0,0.0,0.0,1.0,0.0,0,0,0.0,0.0,0.0,10.0,1.0,0.0,0.0,,,,,2.0,10.0,0.0,0.0,0.0,1.0,0.0,0.0,0.0,0.0,0.0,0.0,0.0,1.0,,0.0,0.0,0.0,0.0,19.5,0,0,0,0,0,0,2023-09-02,2023,1,0,0,0,0,0,0,0,0,0,0,0,0,0,0,0,0,0,0,0,0,0,0,0,0,0,0,0,0,0,0,0.0,0.0,0.0,0.0,0.0,0.0,0.0,0.0,0.0,0.0,0.0,0.0,0.0,5.68697535633982,246.66872142269762,4327.089162262988
,9/2/23,Sat,0.666666667,4:00p,California,North Texas,88K,88.0,California,58.0,21.0,0.0,0.0,0,0.0,0.0,0.0,0.0,0.0,0.0,0.0,1.0,0.0,0.0,0.0,0.0,1,0,0.0,0.0,0.0,9.0,0.0,1.0,0.0,,,,,37.0,9.0,0.0,0.0,0.0,0.0,0.0,0.0,0.0,0.0,0.0,0.0,0.0,0.0,,0.0,0.0,0.0,0.0,16.0,0,0,0,0,1,0,2023-09-02,2023,1,0,0,0,0,0,0,0,0,0,0,0,0,0,0,0,0,0,0,0,0,0,0,0,0,0,0,0,0,0,0,0.0,0.0,0.0,0.0,0.0,0.0,0.0,0.0,0.0,0.0,0.0,0.0,0.0,4.48863636973214,59.03077993677018,1183.9740469216035
2019-20,8/24/19,Sat,0.791666667,7:00p,Miami,Florida,5.97M,5970.0,Florida,24.0,20.0,0.0,1.0,0,0.0,0.0,0.0,0.0,0.0,0.0,0.0,0.0,0.0,0.0,0.0,0.0,0,0,0.0,0.0,0.0,7.0,1.0,1.0,0.0,0.0,0.0,0.0,1.0,4.0,7.0,0.0,1.0,0.0,0.0,1.0,0.0,0.0,0.0,0.0,1.0,1.0,0.0,,0.0,1.0,0.0,0.0,19.0,0,0,0,0,0,0,2019-08-24,2019,1,0,0,0,0,0,0,0,0,0,0,0,0,0,0,0,0,0,0,0,0,0,0,0,0,0,0,0,0,0,0,0.0,0.0,0.0,0.0,0.0,0.0,0.0,0.0,0.0,0.0,0.0,0.0,0.0,8.694669696546992,3292.2889699251605,0.0
,8/31/19,Sat,0.8125,7:30p,Oregon,Auburn,6.86M,6860.0,Auburn,27.0,21.0,2.0,0.0,0,0.0,0.0,0.0,0.0,0.0,1.0,0.0,0.0,0.0,0.0,0.0,0.0,0,0,0.0,0.0,0.0,3.5,2.0,0.0,0.0,1.0,0.0,1.0,0.0,6.0,3.5,0.0,1.0,0.0,0.0,0.0,0.0,0.0,0.0,0.0,1.0,0.0,0.0,,0.0,0.0,1.0,1.0,19.5,0,0,0,0,0,0,2019-08-31,2019,1,0,0,0,0,0,0,0,0,0,0,0,0,0,0,0,0,0,0,0,0,0,0,0,0,1,0,0,0,0,0,0.0,0.0,0.0,0.0,0.0,0.0,0.0,0.0,0.0,0.0,0.0,0.0,0.0,8.833608482690892,5118.926424656885,2073.9233932970037
,9/2/19,Mon,0.833333333,8:00p,Notre Dame,Louisville,5.60M,5600.0,Notre Dame,35.0,17.0,0.0,1.0,0,0.0,0.0,0.0,0.0,0.0,0.0,0.0,0.0,0.0,0.0,0.0,0.0,0,0,0.0,1.0,0.0,19.5,0.0,1.0,0.0,0.0,1.0,0.0,0.0,18.0,19.5,0.0,0.0,0.0,0.0,0.0,1.0,0.0,0.0,0.0,0.0,1.0,0.0,,0.0,0.0,0.0,0.0,20.0,1,0,0,0,0,0,2019-09-02,2019,1,0,0,0,0,0,0,0,0,0,0,0,0,0,0,0,0,0,0,0,0,0,0,0,0,0,0,0,0,0,0,0.0,0.0,0.0,0.0,0.0,0.0,0.0,0.0,0.0,0.0,0.0,0.0,0.0,8.630700432209832,6301.37289637111,0.0
,9/1/19,Sun,0.8125,7:30p,Houston,Oklahoma,5.44M,5440.0,Oklahoma,49.0,31.0,0.0,1.0,0,0.0,0.0,0.0,0.0,0.0,1.0,0.0,0.0,0.0,0.0,0.0,0.0,0,0,1.0,0.0,0.0,21.5,1.0,1.0,0.0,0.0,0.0,0.0,1.0,18.0,21.5,0.0,0.0,0.0,0.0,0.0,0.0,0.0,1.0,1.0,0.0,0.0,0.0,,1.0,0.0,0.0,0.0,19.5,0,0,0,0,0,0,2019-09-01,2019,1,0,0,0,0,0,0,0,0,0,0,0,0,0,0,0,0,0,0,0,0,0,0,0,0,0,0,0,0,0,0,0.0,0.0,0.0,0.0,0.0,0.0,0.0,0.0,0.0,0.0,0.0,0.0,0.0,8.601718146485926,3971.9702839660677,0.0
,8/31/19,Sat,0.645833333,3:30p,Duke,Alabama,4.64M,4640.0,Alabama,42.0,3.0,0.0,1.0,0,0.0,0.0,0.0,0.0,0.0,1.0,0.0,0.0,0.0,0.0,0.0,0.0,1,0,0.0,0.0,0.0,34.5,1.0,1.0,0.0,0.0,0.0,0.0,1.0,39.0,34.5,0.0,1.0,0.0,0.0,1.0,0.0,0.0,0.0,0.0,1.0,1.0,0.0,,1.0,0.0,0.0,0.0,15.5,0,0,0,0,1,0,2019-08-31,2019,1,0,0,0,0,0,0,0,0,0,0,0,0,0,0,0,0,0,0,0,0,0,0,0,0,0,0,0,0,0,0,0.0,0.0,0.0,0.0,0.0,0.0,0.0,0.0,0.0,0.0,0.0,0.0,0.0,8.442685139241176,4163.541268433829,3001.29508192503
,8/31/19,Sat,0.666666667,4:00p,Northwestern,Stanford,2.02M,2020.0,Stanford,17.0,7.0,1.0,0.0,0,1.0,0.0,0.0,0.0,0.0,0.0,0.0,0.0,0.0,0.0,0.0,0.0,1,0,0.0,0.0,0.0,6.5,1.0,1.0,0.0,0.0,0.0,1.0,0.0,10.0,6.5,0.0,0.0,1.0,0.0,0.0,0.0,0.0,0.0,0.0,0.0,0.0,1.0,,0.0,0.0,0.0,1.0,16.0,0,0,0,0,1,0,2019-08-31,2019,1,0,0,0,0,0,0,0,0,0,0,0,0,0,0,0,0,0,0,0,0,0,0,0,0,0,0,0,0,0,0,0.0,0.0,0.0,0.0,0.0,0.0,0.0,0.0,0.0,0.0,0.0,0.0,0.0,7.611347717403621,1460.5854336769,5704.250916681959
,8/31/19,Sat,0.8125,7:30p,Georgia,Vanderbilt,1.82M,1820.0,Georgia,30.0,6.0,0.0,1.0,0,0.0,0.0,0.0,0.0,0.0,0.0,0.0,0.0,0.0,0.0,0.0,0.0,0,0,0.0,0.0,0.0,23.5,2.0,0.0,0.0,0.0,1.0,0.0,0.0,24.0,23.5,1.0,1.0,0.0,0.0,0.0,0.0,0.0,0.0,0.0,2.0,0.0,0.0,,1.0,0.0,0.0,0.0,19.5,0,0,0,0,0,0,2019-08-31,2019,1,0,0,0,0,0,0,0,0,0,0,0,0,0,0,0,0,0,0,0,0,0,0,0,0,0,0,0,0,0,0,0.0,0.0,0.0,0.0,0.0,0.0,0.0,0.0,0.0,0.0,0.0,0.0,0.0,7.507141079727608,2073.9233932970037,5118.926424656885
,8/30/19,Fri,0.833333333,8:00p,Wisconsin,South Florida,1.80M,1800.0,Wisconsin,49.0,0.0,1.0,0.0,0,0.0,0.0,0.0,0.0,0.0,0.0,0.0,0.0,0.0,0.0,0.0,0.0,0,0,0.0,0.0,1.0,10.5,1.0,0.0,0.0,1.0,0.0,0.0,0.0,49.0,10.5,0.0,0.0,1.0,0.0,0.0,0.0,0.0,0.0,0.0,0.0,0.0,1.0,,0.0,0.0,0.0,1.0,20.0,0,0,1,0,0,0,2019-08-30,2019,1,0,0,0,0,0,0,0,0,0,0,0,0,0,0,0,0,0,0,0,0,0,0,0,0,0,0,0,0,0,0,0.0,0.0,0.0,0.0,0.0,0.0,0.0,0.0,0.0,0.0,0.0,0.0,1.0,7.496097345175956,1864.4084355008818,0.0
,8/31/19,Sat,0.5,12:00p,South Alabama,Nebraska,1.78M,1780.0,Nebraska,35.0,21.0,1.0,0.0,0,0.0,0.0,0.0,0.0,0.0,0.0,0.0,0.0,0.0,0.0,0.0,0.0,1,0,0.0,0.0,0.0,35.5,1.0,0.0,0.0,0.0,0.0,1.0,0.0,14.0,35.5,0.0,0.0,0.0,1.0,0.0,0.0,0.0,0.0,0.0,0.0,0.0,1.0,,0.0,0.0,0.0,1.0,12.0,0,0,0,1,0,0,2019-08-31,2019,1,0,0,0,0,0,0,0,0,0,0,0,0,0,0,0,0,0,0,0,0,0,0,0,0,0,0,0,0,0,0,0.0,0.0,0.0,0.0,0.0,0.0,0.0,0.0,0.0,0.0,0.0,0.0,0.0,7.484930283289661,1639.203779330701,0.0
,8/31/19,Sat,0.645833333,3:30p,South Carolina,North Carolina,1.78M,1780.0,North Carolina,24.0,20.0,0.0,0.0,0,0.0,0.0,0.0,0.0,0.0,0.0,0.0,0.0,0.0,0.0,0.0,0.0,1,0,0.0,0.0,0.0,12.0,1.0,1.0,0.0,0.0,0.0,0.0,0.0,4.0,12.0,1.0,0.0,0.0,0.0,0.0,1.0,0.0,0.0,0.0,1.0,1.0,0.0,,0.0,0.0,0.0,0.0,15.5,0,0,0,0,1,0,2019-08-31,2019,1,0,0,0,0,0,0,0,0,0,0,0,0,0,0,0,0,0,0,0,0,0,0,0,0,0,0,0,0,0,0,0.0,0.0,0.0,0.0,0.0,0.0,0.0,0.0,0.0,0.0,0.0,0.0,0.0,7.484930283289661,1540.70964824813,5624.126702110729
,8/29/19,Thu,0.9375,10:30p,Utah,BYU,1.68M,1680.0,Utah,30.0,12.0,1.0,0.0,0,0.0,0.0,0.0,0.0,0.0,0.0,0.0,0.0,0.0,0.0,0.0,0.0,0,0,0.0,0.0,1.0,5.5,0.0,2.0,0.0,1.0,0.0,0.0,0.0,18.0,5.5,0.0,0.0,0.0,0.0,0.0,0.0,0.0,0.0,0.0,0.0,0.0,0.0,,0.0,0.0,0.0,0.0,22.5,0,1,0,0,0,0,2019-08-29,2019,1,0,0,0,0,0,0,0,0,1,0,0,0,0,0,0,0,0,0,0,0,0,0,0,0,0,0,0,0,0,0,0.0,0.0,0.0,0.0,0.0,0.0,0.0,0.0,0.0,0.0,0.0,0.0,0.0,7.427144133408616,1826.0023153959078,0.0
,8/29/19,Thu,0.791666667,7:00p,UCLA,Cincinnati,1.63M,1630.0,Cincinnati,24.0,14.0,0.0,0.0,0,0.0,0.0,0.0,0.0,0.0,0.0,0.0,0.0,0.0,0.0,0.0,0.0,0,0,0.0,0.0,1.0,2.5,1.0,1.0,0.0,0.0,0.0,0.0,0.0,10.0,2.5,0.0,0.0,0.0,0.0,0.0,0.0,0.0,0.0,0.0,0.0,0.0,0.0,,0.0,0.0,0.0,1.0,19.0,0,1,0,0,0,0,2019-08-29,2019,1,0,0,0,0,0,0,0,0,0,0,0,0,0,0,0,0,0,0,0,0,0,0,0,0,0,0,0,0,0,0,0.0,0.0,0.0,0.0,0.0,0.0,0.0,0.0,0.0,0.0,0.0,0.0,0.0,7.396948602621014,1200.0655724744636,0.0
,9/7/19,Sat,0.8125,7:30p,LSU,Texas,8.63M,8630.0,LSU,45.0,38.0,0.0,2.0,0,0.0,0.0,0.0,0.0,0.0,1.0,0.0,0.0,0.0,0.0,0.0,0.0,0,0,0.0,0.0,0.0,6.5,2.0,0.0,0.0,0.0,1.0,0.0,1.0,7.0,6.5,1.0,0.0,0.0,0.0,0.0,0.0,0.0,1.0,1.0,1.0,0.0,0.0,,0.0,2.0,0.0,0.0,19.5,0,0,0,0,0,0,2019-09-07,2019,1,0,0,0,0,0,0,0,0,0,0,0,0,0,0,0,0,0,0,0,0,0,0,0,0,1,0,0,0,0,0,0.0,0.0,0.0,0.0,0.0,0.0,0.0,0.0,0.0,0.0,0.0,0.0,0.0,9.063115652219658,10034.907839549061,2702.5343569003744
,9/7/19,Sat,0.645833333,3:30p,Texas A&M,Clemson,6.46M,6460.0,Clemson,24.0,10.0,1.0,1.0,0,0.0,0.0,0.0,0.0,0.0,1.0,0.0,0.0,0.0,0.0,0.0,0.0,1,0,0.0,0.0,0.0,16.0,1.0,1.0,0.0,1.0,0.0,0.0,1.0,14.0,16.0,1.0,0.0,0.0,0.0,0.0,1.0,0.0,0.0,0.0,1.0,1.0,0.0,,1.0,0.0,1.0,0.0,15.5,0,0,0,0,1,0,2019-09-07,2019,1,0,0,0,0,0,0,0,0,0,0,0,0,0,0,0,0,0,0,0,0,0,0,0,0,1,0,0,0,0,0,0.0,0.0,0.0,0.0,0.0,0.0,0.0,0.0,0.0,0.0,0.0,0.0,0.0,8.773539383558166,6375.071329974878,3382.7317536926876
,9/7/19,Sat,0.5,12:00p,Army,Michigan,4.72M,4720.0,Michigan,24.0,21.0,0.0,1.0,0,1.0,0.0,0.0,0.0,0.0,0.0,0.0,0.0,0.0,0.0,0.0,0.0,1,0,0.0,0.0,0.0,22.0,1.0,0.0,0.0,0.0,0.0,0.0,1.0,3.0,22.0,0.0,0.0,0.0,1.0,0.0,0.0,0.0,0.0,0.0,0.0,0.0,1.0,,0.0,1.0,0.0,0.0,12.0,0,0,0,1,0,0,2019-09-07,2019,1,0,0,0,0,0,0,0,0,0,0,0,0,0,0,0,0,0,0,0,0,0,0,0,0,0,0,0,0,0,0,0.0,0.0,0.0,0.0,0.0,0.0,0.0,0.0,0.0,0.0,0.0,0.0,0.0,8.459775920546287,4261.263185297549,2611.4540727080616
,9/7/19,Sat,0.645833333,3:30p,Nebraska,Colorado,3.45M,3450.0,Colorado,34.0,31.0,1.0,0.0,0,1.0,0.0,0.0,0.0,0.0,0.0,0.0,0.0,0.0,0.0,0.0,0.0,1,0,0.0,0.0,0.0,4.5,1.0,1.0,0.0,1.0,0.0,0.0,0.0,3.0,4.5,0.0,0.0,1.0,0.0,0.0,0.0,0.0,0.0,0.0,0.0,0.0,1.0,,0.0,0.0,0.0,1.0,15.5,0,0,0,0,1,0,2019-09-07,2019,1,0,0,0,0,0,0,0,0,0,0,0,0,0,0,0,0,0,0,0,0,0,0,0,0,0,0,0,0,0,0,0.0,0.0,0.0,0.0,0.0,0.0,0.0,0.0,0.0,0.0,0.0,0.0,0.0,8.146419323098003,3382.7317536926876,6375.071329974878
,9/7/19,Sat,0.9375,10:30p,Stanford,USC,1.86M,1860.0,USC,45.0,20.0,1.0,0.0,0,0.0,0.0,0.0,0.0,0.0,0.0,0.0,0.0,0.0,0.0,0.0,0.0,0,1,0.0,0.0,0.0,3.0,1.0,1.0,0.0,1.0,0.0,0.0,0.0,25.0,3.0,0.0,0.0,0.0,0.0,0.0,0.0,0.0,0.0,0.0,0.0,0.0,0.0,,0.0,0.0,0.0,0.0,22.5,0,0,0,0,0,1,2019-09-07,2019,1,0,0,0,0,0,0,0,0,0,0,0,0,0,0,0,0,0,0,0,0,0,0,0,0,0,0,0,0,0,0,0.0,0.0,0.0,0.0,0.0,0.0,0.0,0.0,0.0,0.0,0.0,0.0,0.0,7.528869256642251,1637.2287293300362,618.5443823583366
,9/7/19,Sat,0.791666667,7:00p,BYU,Tennessee,1.60M,1600.0,BYU,29.0,26.0,0.0,0.0,0,0.0,0.0,0.0,0.0,0.0,0.0,0.0,0.0,0.0,0.0,0.0,0.0,0,0,0.0,0.0,0.0,3.5,1.0,1.0,0.0,0.0,0.0,0.0,0.0,3.0,3.5,0.0,1.0,0.0,0.0,0.0,0.0,0.0,0.0,0.0,1.0,0.0,0.0,,0.0,0.0,0.0,0.0,19.0,0,0,0,0,0,0,2019-09-07,2019,1,0,0,0,0,0,0,0,0,0,0,0,0,0,0,0,0,0,0,0,0,0,0,0,0,0,0,0,0,0,0,0.0,0.0,0.0,0.0,0.0,0.0,0.0,0.0,0.0,0.0,0.0,0.0,0.0,7.3783837129967145,1726.6043706838313,11010.837825765606
,9/7/19,Sat,0.5,12:00p,Syracuse,Maryland,1.28M,1280.0,Maryland,63.0,20.0,1.0,0.0,0,0.0,0.0,0.0,0.0,0.0,0.0,0.0,0.0,0.0,0.0,0.0,0.0,1,0,0.0,0.0,0.0,1.0,1.0,1.0,0.0,0.0,0.0,0.0,0.0,43.0,1.0,0.0,0.0,0.0,1.0,1.0,0.0,0.0,0.0,0.0,0.0,1.0,1.0,,0.0,0.0,0.0,1.0,12.0,0,0,0,1,0,0,2019-09-07,2019,1,0,0,0,0,0,0,0,0,0,0,0,0,0,0,0,0,0,0,0,0,0,0,0,0,0,0,0,0,0,0,0.0,0.0,0.0,0.0,0.0,0.0,0.0,0.0,0.0,0.0,0.0,0.0,0.0,7.155396301896734,1098.6694525771507,5774.04780542846
,9/7/19,Sat,0.5,12:00p,West Virginia,Missouri,782K,782.0,Missouri,38.0,7.0,0.0,0.0,1,0.0,0.0,1.0,0.0,0.0,0.0,0.0,0.0,0.0,0.0,0.0,0.0,1,0,0.0,0.0,0.0,13.5,1.0,1.0,0.0,0.0,0.0,0.0,0.0,31.0,13.5,0.0,1.0,0.0,0.0,0.0,0.0,1.0,0.0,1.0,1.0,0.0,0.0,,0.0,0.0,0.0,0.0,12.0,0,0,0,1,0,0,2019-09-07,2019,1,0,0,0,0,0,0,0,0,0,0,0,0,0,0,0,0,0,0,0,0,0,0,0,0,0,0,0,0,0,0,0.0,0.0,0.0,0.0,0.0,0.0,0.0,0.0,0.0,0.0,0.0,0.0,0.0,6.663132695990803,754.418265301265,6118.298992704346
,9/7/19,Sat,0.8125,7:30p,Tulane,Auburn,763K,763.0,Auburn,24.0,6.0,0.0,1.0,1,0.0,0.0,1.0,0.0,0.0,0.0,0.0,0.0,0.0,0.0,0.0,0.0,0,0,0.0,0.0,0.0,16.5,1.0,0.0,0.0,0.0,0.0,0.0,1.0,18.0,16.5,0.0,1.0,0.0,0.0,0.0,0.0,0.0,0.0,0.0,1.0,0.0,0.0,,0.0,1.0,0.0,0.0,19.5,0,0,0,0,0,0,2019-09-07,2019,1,0,0,0,0,0,0,0,0,0,0,0,0,0,0,0,0,0,0,0,0,0,0,0,0,0,0,0,0,0,0,0.0,0.0,0.0,0.0,0.0,0.0,0.0,0.0,0.0,0.0,0.0,0.0,0.0,6.638567789166521,784.1873587534295,11953.254837696008
,9/7/19,Sat,0.5,12:00p,Rutgers,Iowa,545K,545.0,Iowa,30.0,0.0,1.0,0.0,1,0.0,1.0,0.0,0.0,0.0,0.0,0.0,0.0,0.0,0.0,0.0,0.0,1,0,0.0,0.0,0.0,17.5,2.0,0.0,0.0,0.0,0.0,1.0,0.0,30.0,17.5,0.0,0.0,1.0,1.0,0.0,0.0,0.0,0.0,0.0,0.0,0.0,2.0,,0.0,0.0,0.0,1.0,12.0,0,0,0,1,0,0,2019-09-07,2019,1,0,0,0,0,0,0,0,0,0,0,0,0,0,0,0,0,0,0,0,0,0,0,0,0,0,0,0,0,0,0,0.0,0.0,0.0,0.0,0.0,0.0,0.0,0.0,0.0,0.0,0.0,0.0,0.0,6.302618975744905,660.0008087899007,6212.716449215711
,9/7/19,Sat,0.9375,10:30p,California,Washington,323K,323.0,California,20.0,19.0,1.0,0.0,0,0.0,1.0,0.0,0.0,0.0,0.0,0.0,0.0,0.0,0.0,0.0,0.0,0,1,0.0,0.0,0.0,13.5,1.0,1.0,0.0,0.0,0.0,1.0,0.0,1.0,13.5,0.0,0.0,0.0,0.0,0.0,0.0,0.0,0.0,0.0,0.0,0.0,0.0,,0.0,0.0,0.0,0.0,22.5,0,0,0,0,0,1,2019-09-07,2019,1,0,0,0,0,0,0,0,0,0,0,0,0,0,0,0,0,0,0,0,0,0,0,0,0,0,0,0,0,0,0,0.0,0.0,0.0,0.0,0.0,0.0,0.0,0.0,0.0,0.0,0.0,0.0,0.0,5.780743515792329,618.5443823583366,1637.2287293300362
,9/7/19,Sat,0.8125,7:30p,UT Martin,Florida,364K,364.0,Florida,45.0,0.0,1.0,0.0,0,0.0,0.0,0.0,0.0,0.0,0.0,0.0,1.0,0.0,0.0,0.0,0.0,0,0,0.0,0.0,0.0,44.5,1.0,0.0,0.0,0.0,0.0,1.0,0.0,45.0,44.5,0.0,1.0,0.0,0.0,0.0,0.0,0.0,0.0,0.0,1.0,0.0,0.0,,0.0,0.0,1.0,0.0,19.5,0,0,0,0,0,0,2019-09-07,2019,1,0,0,0,0,0,0,0,0,0,0,0,0,0,0,0,0,0,0,0,0,0,0,0,0,0,0,0,0,0,0,0.0,0.0,0.0,0.0,0.0,0.0,0.0,0.0,0.0,0.0,0.0,0.0,0.0,5.8998973535824915,191.74262746311348,12545.699568986323
,9/7/19,Sat,0.5,12:00p,Old Dominion,Virginia Tech,201K,201.0,Virginia Tech,31.0,17.0,0.0,0.0,0,0.0,0.0,0.0,0.0,0.0,0.0,0.0,1.0,0.0,0.0,0.0,0.0,1,0,0.0,0.0,0.0,28.5,0.0,1.0,0.0,0.0,0.0,0.0,0.0,14.0,28.5,0.0,0.0,0.0,0.0,0.0,1.0,0.0,0.0,0.0,0.0,1.0,0.0,,0.0,0.0,0.0,0.0,12.0,0,0,0,1,0,0,2019-09-07,2019,1,0,0,0,0,0,0,0,0,0,0,0,0,0,0,0,0,0,0,0,0,0,0,0,0,0,0,0,0,0,0,0.0,0.0,0.0,0.0,0.0,0.0,0.0,0.0,0.0,0.0,0.0,0.0,0.0,5.308267697401205,98.36554603974542,6774.351711965865
,9/14/19,Sat,0.645833333,3:30p,Alabama,South Carolina,4.95M,4950.0,Alabama,47.0,23.0,0.0,1.0,1,0.0,0.0,0.0,0.0,1.0,0.0,0.0,0.0,0.0,0.0,0.0,0.0,1,0,0.0,0.0,0.0,26.5,2.0,0.0,0.0,0.0,1.0,0.0,0.0,24.0,26.5,1.0,1.0,0.0,0.0,0.0,0.0,0.0,0.0,0.0,2.0,0.0,0.0,,1.0,0.0,0.0,0.0,15.5,0,0,0,0,1,0,2019-09-14,2019,1,0,0,0,0,0,0,0,0,0,0,0,0,0,0,0,0,0,0,0,0,0,0,0,0,0,0,0,0,0,0,0.0,0.0,0.0,0.0,0.0,0.0,0.0,0.0,0.0,0.0,0.0,0.0,0.0,8.507344855361422,5772.298031822908,5310.920535532492
,9/14/19,Sat,0.8125,7:30p,Clemson,Syracuse,3.62M,3620.0,Clemson,41.0,6.0,0.0,1.0,2,0.0,0.0,0.0,0.0,0.0,1.0,0.0,0.0,0.0,0.0,0.0,0.0,0,0,0.0,0.0,0.0,28.0,0.0,2.0,0.0,0.0,1.0,0.0,0.0,35.0,28.0,0.0,0.0,0.0,0.0,1.0,1.0,0.0,0.0,0.0,0.0,2.0,0.0,,1.0,0.0,0.0,0.0,19.5,0,0,0,0,0,0,2019-09-14,2019,1,0,0,0,0,0,0,0,0,0,0,0,0,0,0,0,0,0,0,0,0,0,0,0,0,0,0,0,0,0,0,0.0,0.0,0.0,0.0,0.0,0.0,0.0,0.0,0.0,0.0,0.0,0.0,0.0,8.19450550976564,3111.779581856485,7463.108009311402
,9/14/19,Sat,0.791666667,7:00p,Florida,Kentucky,3.14M,3140.0,Florida,29.0,21.0,0.0,1.0,2,0.0,0.0,0.0,0.0,0.0,0.0,0.0,0.0,0.0,0.0,0.0,0.0,0,0,0.0,0.0,0.0,9.5,2.0,0.0,0.0,0.0,1.0,0.0,0.0,8.0,9.5,1.0,1.0,0.0,0.0,0.0,0.0,0.0,0.0,0.0,2.0,0.0,0.0,,0.0,1.0,0.0,0.0,19.0,0,0,0,0,0,0,2019-09-14,2019,1,0,0,0,0,0,0,0,0,0,0,0,0,0,0,0,0,0,0,0,0,0,0,0,0,0,0,0,0,0,0,0.0,0.0,0.0,0.0,0.0,0.0,0.0,0.0,0.0,0.0,0.0,0.0,0.0,8.052296499538647,3517.577813124434,7057.309778043453
,9/14/19,Sat,0.833333333,8:00p,Oklahoma,UCLA,2.74M,2740.0,Oklahoma,48.0,14.0,0.0,1.0,2,1.0,0.0,0.0,0.0,0.0,0.0,0.0,0.0,0.0,0.0,0.0,0.0,0,0,0.0,0.0,0.0,23.5,2.0,0.0,0.0,0.0,1.0,0.0,0.0,34.0,23.5,0.0,0.0,0.0,0.0,0.0,0.0,1.0,0.0,1.0,0.0,0.0,0.0,,0.0,0.0,0.0,0.0,20.0,0,0,0,0,0,0,2019-09-14,2019,1,0,0,0,0,0,0,0,0,0,0,0,0,0,0,0,0,0,0,0,0,0,0,0,0,0,0,0,0,0,0,0.0,0.0,0.0,0.0,0.0,0.0,0.0,0.0,0.0,0.0,0.0,0.0,0.0,7.916078096302786,3163.4247867142553,7411.462804453632
,9/14/19,Sat,0.645833333,3:30p,BYU,USC,2.67M,2670.0,BYU,30.0,27.0,1.0,0.0,1,0.0,0.0,0.0,0.0,0.0,1.0,0.0,0.0,0.0,0.0,0.0,0.0,1,0,0.0,0.0,0.0,4.5,1.0,1.0,0.0,1.0,0.0,0.0,0.0,3.0,4.5,0.0,0.0,0.0,0.0,0.0,0.0,0.0,0.0,0.0,0.0,0.0,0.0,,0.0,0.0,0.0,1.0,15.5,0,0,0,0,1,0,2019-09-14,2019,1,0,0,0,0,0,0,0,0,0,0,0,0,0,0,0,0,0,0,0,0,0,0,0,0,0,0,0,0,0,0,0.0,0.0,0.0,0.0,0.0,0.0,0.0,0.0,0.0,0.0,0.0,0.0,0.0,7.890208213109961,2691.762705229911,8391.455862125491
,9/14/19,Sat,0.9375,10:30p,Texas Tech,Arizona,1.73M,1730.0,Arizona,28.0,14.0,0.0,0.0,0,0.0,0.0,0.0,0.0,0.0,0.0,0.0,0.0,0.0,0.0,0.0,0.0,0,1,0.0,0.0,0.0,2.0,0.0,2.0,0.0,0.0,0.0,0.0,0.0,14.0,2.0,0.0,0.0,0.0,0.0,0.0,0.0,1.0,0.0,1.0,0.0,0.0,0.0,,0.0,0.0,0.0,0.0,22.5,0,0,0,0,0,1,2019-09-14,2019,1,0,0,0,0,0,0,0,0,0,0,0,0,0,0,0,0,0,0,0,0,0,0,0,0,0,0,0,0,0,0,0.0,0.0,0.0,0.0,0.0,0.0,0.0,0.0,0.0,0.0,0.0,0.0,0.0,7.456454555176209,1049.5821287455146,0.0
,9/14/19,Sat,0.604166667,2:30p,New Mexico,Notre Dame,1.50M,1500.0,Notre Dame,66.0,14.0,0.0,1.0,1,0.0,0.0,0.0,1.0,0.0,0.0,0.0,0.0,0.0,0.0,0.0,0.0,1,0,0.0,0.0,0.0,35.0,0.0,0.0,0.0,0.0,0.0,0.0,1.0,52.0,35.0,0.0,0.0,0.0,0.0,0.0,0.0,0.0,0.0,0.0,0.0,0.0,0.0,,0.0,1.0,0.0,0.0,14.5,0,0,0,0,1,0,2019-09-14,2019,1,0,0,0,0,0,0,0,0,0,0,0,0,0,0,0,0,0,0,0,0,0,0,0,0,0,0,0,0,0,0,0.0,0.0,0.0,0.0,0.0,0.0,0.0,0.0,0.0,0.0,0.0,0.0,0.0,7.313886831633462,1481.2457480176527,9601.972819337749
,9/13/19,Fri,0.75,6:00p,North Carolina,Wake Forest,1.37M,1370.0,Wake Forest,24.0,18.0,0.0,0.0,0,0.0,0.0,0.0,0.0,0.0,0.0,0.0,0.0,0.0,0.0,0.0,0.0,0,0,0.0,0.0,1.0,3.0,0.0,2.0,0.0,0.0,0.0,0.0,0.0,6.0,3.0,0.0,0.0,0.0,0.0,1.0,1.0,0.0,0.0,0.0,0.0,2.0,0.0,,0.0,0.0,0.0,0.0,18.0,0,0,1,0,0,0,2019-09-13,2019,1,0,0,0,0,0,0,0,0,0,0,0,0,0,0,0,0,0,0,0,0,0,0,0,0,0,0,0,0,0,0,0.0,0.0,0.0,0.0,0.0,0.0,0.0,0.0,0.0,0.0,0.0,0.0,1.0,7.223295679562314,1284.058500552682,0.0
,9/14/19,Sat,0.645833333,3:30p,Stanford,UCF,967K,967.0,UCF,45.0,27.0,1.0,0.0,1,0.0,0.0,0.0,0.0,0.0,0.0,0.0,0.0,0.0,0.0,0.0,0.0,1,0,0.0,0.0,0.0,10.0,0.0,2.0,0.0,0.0,0.0,1.0,0.0,18.0,10.0,0.0,0.0,0.0,0.0,0.0,0.0,0.0,0.0,0.0,0.0,0.0,0.0,,0.0,0.0,0.0,1.0,15.5,0,0,0,0,1,0,2019-09-14,2019,1,0,0,0,0,0,0,0,0,0,0,0,0,0,0,0,0,0,0,0,0,0,0,0,0,0,0,0,0,0,0,0.0,0.0,0.0,0.0,0.0,0.0,0.0,0.0,0.0,0.0,0.0,0.0,0.0,6.875232087276577,1006.4287238608819,10076.78984349452
,9/14/19,Sat,0.833333333,8:00p,Northern Illinois,Nebraska,477K,477.0,Nebraska,44.0,8.0,0.0,0.0,3,0.0,1.0,0.0,0.0,0.0,0.0,0.0,0.0,0.0,0.0,0.0,0.0,0,0,0.0,0.0,0.0,14.0,1.0,0.0,0.0,0.0,0.0,0.0,0.0,36.0,14.0,0.0,0.0,0.0,1.0,0.0,0.0,0.0,0.0,0.0,0.0,0.0,1.0,,0.0,0.0,0.0,0.0,20.0,0,0,0,0,0,0,2019-09-14,2019,1,0,0,0,0,0,0,0,0,0,0,0,0,0,0,0,0,0,0,0,0,0,0,0,0,0,0,0,0,0,0,0.0,0.0,0.0,0.0,0.0,0.0,0.0,0.0,0.0,0.0,0.0,0.0,0.0,6.169610732491456,623.1432463142772,9951.744344853609
,9/14/19,Sat,0.645833333,3:30p,Army,UTSA,142K,142.0,Army,31.0,13.0,0.0,0.0,2,0.0,0.0,0.0,0.0,0.0,0.0,0.0,0.0,0.0,1.0,0.0,0.0,1,0,0.0,0.0,0.0,17.0,0.0,0.0,0.0,0.0,0.0,0.0,0.0,18.0,17.0,0.0,0.0,0.0,0.0,0.0,0.0,0.0,0.0,0.0,0.0,0.0,0.0,,0.0,0.0,0.0,0.0,15.5,0,0,0,0,1,0,2019-09-14,2019,1,0,0,0,0,0,0,0,0,0,0,0,0,0,0,0,0,0,0,0,0,0,0,0,0,0,0,0,0,0,0,0.0,0.0,0.0,0.0,0.0,0.0,0.0,0.0,0.0,0.0,0.0,0.0,0.0,4.962844630259907,131.4833584240471,10951.735208931354
,9/14/19,Sat,0.791666667,7:00p,Lamar,Texas A&M,142K,142.0,Texas A&M,62.0,3.0,1.0,0.0,2,0.0,0.0,0.0,0.0,0.0,0.0,0.0,1.0,0.0,0.0,0.0,0.0,0,0,0.0,0.0,0.0,45.0,1.0,0.0,0.0,0.0,0.0,1.0,0.0,59.0,45.0,0.0,1.0,0.0,0.0,0.0,0.0,0.0,0.0,0.0,1.0,0.0,0.0,,0.0,0.0,0.0,1.0,19.0,0,0,0,0,0,0,2019-09-14,2019,1,0,0,0,0,0,0,0,0,0,0,0,0,0,0,0,0,0,0,0,0,0,0,0,0,0,0,0,0,0,0,0.0,0.0,0.0,0.0,0.0,0.0,0.0,0.0,0.0,0.0,0.0,0.0,0.0,4.962844630259907,158.96216315843478,10415.925428009452
,9/21/19,Sat,0.833333333,8:00p,Notre Dame,Georgia,9.29M,9290.0,Georgia,23.0,17.0,0.0,2.0,0,0.0,0.0,0.0,0.0,1.0,0.0,0.0,0.0,0.0,0.0,0.0,0.0,0,0,0.0,0.0,0.0,16.0,1.0,0.0,0.0,0.0,1.0,0.0,1.0,6.0,16.0,0.0,1.0,0.0,0.0,0.0,0.0,0.0,0.0,0.0,1.0,0.0,0.0,,0.0,0.0,0.0,0.0,20.0,0,0,0,0,0,0,2019-09-21,2019,1,0,0,0,0,0,0,0,0,0,0,0,0,0,0,0,0,0,0,0,0,0,0,0,0,1,0,0,0,0,0,0.0,0.0,0.0,0.0,0.0,0.0,0.0,0.0,0.0,0.0,0.0,0.0,0.0,9.136801468641313,8780.958155106144,2622.620251720695
,9/21/19,Sat,0.5,12:00p,Michigan,Wisconsin,4.73M,4730.0,Wisconsin,35.0,14.0,2.0,0.0,1,1.0,0.0,0.0,0.0,0.0,0.0,0.0,0.0,0.0,0.0,0.0,0.0,1,0,0.0,0.0,0.0,3.0,2.0,0.0,0.0,1.0,0.0,1.0,0.0,21.0,3.0,0.0,0.0,1.0,1.0,0.0,0.0,0.0,0.0,0.0,0.0,0.0,2.0,,0.0,0.0,2.0,0.0,12.0,0,0,0,1,0,0,2019-09-21,2019,1,0,0,0,0,0,0,0,0,0,0,0,0,0,0,0,0,0,0,0,0,0,0,0,0,1,0,1,0,0,0,0.0,0.0,0.0,0.0,0.0,0.0,0.0,0.0,0.0,0.0,0.0,0.0,0.0,8.461891875631148,6324.792549322854,5344.110144228211
,9/21/19,Sat,0.645833333,3:30p,Auburn,Texas A&M,4.66M,4660.0,Auburn,28.0,20.0,1.0,1.0,0,0.0,0.0,0.0,0.0,1.0,0.0,0.0,0.0,0.0,0.0,0.0,0.0,1,0,0.0,0.0,0.0,4.0,2.0,0.0,0.0,0.0,1.0,1.0,0.0,8.0,4.0,1.0,1.0,0.0,0.0,0.0,0.0,0.0,0.0,0.0,2.0,0.0,0.0,,0.0,1.0,0.0,1.0,15.5,0,0,0,0,1,0,2019-09-21,2019,1,0,0,0,0,0,0,0,0,0,0,0,0,0,0,0,0,0,0,0,0,0,0,0,0,1,1,0,0,0,0,0.0,0.0,0.0,0.0,0.0,0.0,0.0,0.0,0.0,0.0,0.0,0.0,0.0,8.446985296372741,5987.056635427678,3438.614023173866
,9/21/19,Sat,0.645833333,3:30p,Washington,BYU,2.55M,2550.0,Washington,45.0,19.0,1.0,0.0,0,0.0,0.0,0.0,0.0,0.0,1.0,0.0,0.0,0.0,0.0,0.0,0.0,1,0,0.0,0.0,0.0,6.5,1.0,1.0,0.0,1.0,0.0,0.0,0.0,26.0,6.5,0.0,0.0,0.0,0.0,0.0,0.0,0.0,0.0,0.0,0.0,0.0,0.0,,0.0,0.0,0.0,1.0,15.5,0,0,0,0,1,0,2019-09-21,2019,1,0,0,0,0,0,0,0,0,0,0,0,0,0,0,0,0,0,0,0,0,0,0,0,0,0,0,0,0,0,0,0.0,0.0,0.0,0.0,0.0,0.0,0.0,0.0,0.0,0.0,0.0,0.0,0.0,7.844240718141811,2405.374478569859,7020.296180031684
,9/21/19,Sat,0.5,12:00p,Tennessee,Florida,2.46M,2460.0,Florida,34.0,3.0,0.0,1.0,1,0.0,0.0,0.0,0.0,0.0,0.0,0.0,0.0,0.0,0.0,0.0,0.0,1,0,0.0,0.0,0.0,13.5,2.0,0.0,0.0,0.0,0.0,0.0,1.0,31.0,13.5,1.0,1.0,0.0,0.0,0.0,0.0,0.0,0.0,0.0,2.0,0.0,0.0,,0.0,1.0,0.0,0.0,12.0,0,0,0,1,0,0,2019-09-21,2019,1,0,0,0,0,0,0,1,0,0,0,0,0,0,0,0,0,0,0,0,0,0,0,0,0,0,0,0,0,0,0,0.0,0.0,0.0,0.0,0.0,0.0,0.0,0.0,0.0,0.0,0.0,0.0,0.0,7.8083230503910555,3800.5598765159016,7868.342817035163
,9/20/19,Fri,0.875,9:00p,Utah,USC,1.42M,1420.0,USC,30.0,23.0,0.0,1.0,0,0.0,1.0,0.0,0.0,0.0,0.0,0.0,0.0,0.0,0.0,0.0,0.0,0,0,0.0,0.0,1.0,3.5,1.0,1.0,0.0,0.0,1.0,0.0,0.0,7.0,3.5,0.0,0.0,0.0,0.0,0.0,0.0,0.0,0.0,0.0,0.0,0.0,0.0,,0.0,0.0,0.0,0.0,21.0,0,0,1,0,0,0,2019-09-20,2019,1,0,0,0,0,0,0,0,0,0,0,0,0,0,0,0,0,0,0,0,0,0,0,0,0,0,0,0,0,0,0,0.0,0.0,1.0,0.0,0.0,0.0,0.0,0.0,0.0,0.0,0.0,0.0,0.0,7.259116128097101,1147.1632969902964,0.0
,9/21/19,Sat,0.791666667,7:00p,Oregon,Stanford,1.37M,1370.0,Oregon,21.0,6.0,1.0,0.0,0,0.0,0.0,0.0,0.0,0.0,0.0,0.0,0.0,0.0,0.0,0.0,0.0,0,0,0.0,0.0,0.0,12.5,1.0,1.0,0.0,1.0,0.0,0.0,0.0,15.0,12.5,0.0,0.0,0.0,0.0,0.0,0.0,0.0,0.0,0.0,0.0,0.0,0.0,,0.0,0.0,0.0,1.0,19.0,0,0,0,0,0,0,2019-09-21,2019,1,0,0,0,0,0,0,0,0,0,0,0,0,0,0,0,0,0,0,0,0,0,0,0,0,0,0,0,0,0,0,0.0,0.0,0.0,0.0,0.0,0.0,0.0,0.0,0.0,0.0,0.0,0.0,0.0,7.223295679562314,1417.6024965096774,9985.97591031716
,9/21/19,Sat,0.5,12:00p,Southern Miss,Alabama,1.29M,1290.0,Alabama,49.0,7.0,0.0,1.0,1,0.0,0.0,0.0,0.0,0.0,0.0,0.0,0.0,0.0,0.0,0.0,0.0,1,0,0.0,0.0,0.0,38.0,1.0,0.0,0.0,0.0,0.0,0.0,1.0,42.0,38.0,0.0,1.0,0.0,0.0,0.0,0.0,0.0,0.0,0.0,1.0,0.0,0.0,,1.0,0.0,0.0,0.0,12.0,0,0,0,1,0,0,2019-09-21,2019,1,0,0,0,0,0,0,0,0,0,0,0,0,0,0,0,0,0,0,0,0,0,0,0,0,0,0,0,0,0,0,0.0,0.0,0.0,0.0,0.0,0.0,0.0,0.0,0.0,0.0,0.0,0.0,0.0,7.1631723908466425,1543.5502677123088,10125.352425838755
,9/19/19,Thu,0.833333333,8:00p,Houston,Tulane,1.03M,1030.0,Tulane,38.0,31.0,0.0,0.0,0,0.0,0.0,0.0,0.0,0.0,0.0,0.0,0.0,0.0,0.0,0.0,0.0,0,0,0.0,0.0,1.0,4.0,0.0,1.0,0.0,0.0,0.0,0.0,0.0,7.0,4.0,0.0,0.0,0.0,0.0,0.0,0.0,0.0,0.0,0.0,0.0,0.0,0.0,,0.0,0.0,0.0,0.0,20.0,0,1,0,0,0,0,2019-09-19,2019,1,0,0,0,0,0,0,0,0,0,0,0,0,0,0,0,0,0,0,0,0,0,0,0,0,0,0,0,0,0,0,0.0,0.0,0.0,0.0,0.0,0.0,0.0,0.0,0.0,0.0,0.0,0.0,0.0,6.93828448401696,694.3273277220678,0.0
,9/21/19,Sat,0.833333333,8:00p,Nebraska,Illinois,896K,896.0,Nebraska,42.0,38.0,0.0,0.0,1,0.0,0.0,0.0,0.0,0.0,0.0,0.0,0.0,0.0,0.0,1.0,0.0,0,0,0.0,0.0,0.0,13.0,2.0,0.0,0.0,0.0,0.0,0.0,0.0,4.0,13.0,0.0,0.0,1.0,1.0,0.0,0.0,0.0,0.0,0.0,0.0,0.0,2.0,,0.0,0.0,0.0,0.0,20.0,0,0,0,0,0,0,2019-09-21,2019,1,0,0,0,0,0,0,0,0,0,0,0,0,0,0,0,0,0,0,0,0,0,0,0,0,0,0,0,0,0,0,0.0,0.0,0.0,0.0,0.0,0.0,0.0,0.0,0.0,0.0,0.0,0.0,0.0,6.799055862058796,819.5807348928232,10583.997671934014
,9/21/19,Sat,0.645833333,3:30p,UCF,Pittsburgh,593K,593.0,Pittsburgh,35.0,34.0,1.0,0.0,1,0.0,0.0,1.0,0.0,0.0,0.0,0.0,0.0,0.0,0.0,0.0,0.0,1,0,0.0,0.0,0.0,10.0,0.0,2.0,0.0,1.0,0.0,0.0,0.0,1.0,10.0,0.0,0.0,0.0,0.0,0.0,1.0,0.0,0.0,0.0,0.0,1.0,0.0,,0.0,0.0,1.0,0.0,15.5,0,0,0,0,1,0,2019-09-21,2019,1,0,0,0,0,0,0,0,0,0,0,0,0,0,0,0,0,0,0,0,0,0,0,0,0,0,0,0,0,0,0,0.0,0.0,0.0,0.0,0.0,0.0,0.0,0.0,0.0,0.0,0.0,0.0,0.0,6.386879319362645,632.1646968188653,8793.505961782677
,9/21/19,Sat,0.791666667,7:00p,Old Dominion,Virginia,414K,414.0,Virginia,28.0,17.0,1.0,0.0,1,0.0,0.0,1.0,0.0,0.0,0.0,0.0,0.0,0.0,0.0,0.0,0.0,0,0,0.0,0.0,0.0,27.0,0.0,1.0,0.0,0.0,0.0,1.0,0.0,11.0,27.0,0.0,0.0,0.0,0.0,0.0,1.0,0.0,0.0,0.0,0.0,1.0,0.0,,0.0,0.0,0.0,1.0,19.0,0,0,0,0,0,0,2019-09-21,2019,1,0,0,0,0,0,0,0,0,0,0,0,0,0,0,0,0,0,0,0,0,0,0,0,0,0,0,0,0,0,0,0.0,0.0,0.0,0.0,0.0,0.0,0.0,0.0,0.0,0.0,0.0,0.0,0.0,6.028278520230698,385.4370203181941,11018.141386508643
,9/21/19,Sat,0.645833333,3:30p,SMU,TCU,410K,410.0,SMU,41.0,38.0,1.0,0.0,1,0.0,1.0,0.0,0.0,0.0,0.0,0.0,0.0,0.0,0.0,0.0,0.0,1,0,0.0,0.0,0.0,7.5,0.0,2.0,0.0,0.0,0.0,1.0,0.0,3.0,7.5,0.0,0.0,0.0,0.0,0.0,0.0,0.0,1.0,1.0,0.0,0.0,0.0,,0.0,0.0,0.0,1.0,15.5,0,0,0,0,1,0,2019-09-21,2019,1,0,0,0,0,0,0,0,0,0,0,0,0,0,0,0,0,0,0,0,0,0,0,0,0,0,0,0,0,0,0,0.0,0.0,0.0,0.0,0.0,0.0,0.0,0.0,0.0,0.0,0.0,0.0,0.0,6.018593214496234,401.0748477851415,9024.595810816401
,9/28/19,Sat,0.645833333,3:30p,Clemson,North Carolina,4.40M,4400.0,Clemson,21.0,20.0,0.0,1.0,1,0.0,0.0,0.0,0.0,0.0,1.0,0.0,0.0,0.0,0.0,0.0,0.0,1,0,0.0,0.0,0.0,27.5,0.0,2.0,0.0,0.0,1.0,0.0,0.0,1.0,27.5,0.0,0.0,0.0,0.0,1.0,1.0,0.0,0.0,0.0,0.0,2.0,0.0,,1.0,0.0,0.0,0.0,15.5,0,0,0,0,1,0,2019-09-28,2019,1,0,0,0,0,0,0,0,0,0,0,0,0,0,0,0,0,0,0,0,0,0,0,0,0,0,0,0,0,0,0,0.0,0.0,0.0,0.0,0.0,0.0,0.0,0.0,0.0,0.0,0.0,0.0,0.0,8.38958706681109,3736.706265656232,7458.355065459547
,9/28/19,Sat,0.645833333,3:30p,Virginia,Notre Dame,2.82M,2820.0,Notre Dame,35.0,20.0,1.0,1.0,1,0.0,0.0,0.0,1.0,0.0,0.0,0.0,0.0,0.0,0.0,0.0,0.0,1,0,0.0,0.0,0.0,10.5,0.0,1.0,0.0,1.0,0.0,0.0,1.0,15.0,10.5,0.0,0.0,0.0,0.0,1.0,0.0,0.0,0.0,0.0,0.0,1.0,0.0,,0.0,1.0,0.0,1.0,15.5,0,0,0,0,1,0,2019-09-28,2019,1,0,0,0,0,0,0,0,0,0,0,0,0,0,0,0,0,0,0,0,0,0,0,0,0,1,0,0,0,0,0,0.0,0.0,0.0,0.0,0.0,0.0,0.0,0.0,0.0,0.0,0.0,0.0,0.0,7.944846711001996,3394.3438837114772,7800.717447404302
,9/28/19,Sat,0.5,12:00p,Texas Tech,Oklahoma,2.81M,2810.0,Oklahoma,55.0,16.0,0.0,1.0,0,1.0,0.0,0.0,0.0,0.0,0.0,0.0,0.0,0.0,0.0,0.0,0.0,1,0,0.0,0.0,0.0,27.0,1.0,1.0,0.0,0.0,0.0,0.0,1.0,39.0,27.0,0.0,0.0,0.0,0.0,0.0,0.0,1.0,1.0,2.0,0.0,0.0,0.0,,0.0,1.0,0.0,0.0,12.0,0,0,0,1,0,0,2019-09-28,2019,1,0,0,0,0,0,0,0,0,0,0,0,0,0,0,0,0,0,0,0,0,0,0,0,0,0,0,0,0,0,0,0.0,0.0,0.0,0.0,0.0,0.0,0.0,0.0,0.0,0.0,0.0,0.0,0.0,7.941295570906532,3238.2498968861805,2667.1278678907624
,9/28/19,Sat,0.5,12:00p,Texas A&M,Arkansas,2.58M,2580.0,Texas A&M,31.0,27.0,1.0,0.0,0,0.0,0.0,0.0,0.0,0.0,0.0,0.0,0.0,0.0,0.0,0.0,0.0,1,0,0.0,0.0,0.0,23.0,2.0,0.0,0.0,1.0,0.0,0.0,0.0,4.0,23.0,1.0,1.0,0.0,0.0,0.0,0.0,0.0,0.0,0.0,2.0,0.0,0.0,,0.0,0.0,0.0,1.0,12.0,0,0,0,1,0,0,2019-09-28,2019,1,0,0,0,0,0,0,0,0,0,0,0,0,0,0,0,0,0,0,0,0,0,0,0,0,0,0,0,0,0,0,0.0,0.0,0.0,0.0,0.0,0.0,0.0,0.0,0.0,0.0,0.0,0.0,0.0,7.855932199718614,2179.1304878041406,3726.2472769728024
,9/28/19,Sat,0.645833333,3:30p,USC,Washington,2.03M,2030.0,Washington,28.0,14.0,2.0,0.0,1,1.0,0.0,0.0,0.0,0.0,0.0,0.0,0.0,0.0,0.0,0.0,0.0,1,0,0.0,0.0,0.0,11.0,2.0,0.0,0.0,1.0,0.0,1.0,0.0,14.0,11.0,0.0,0.0,0.0,0.0,0.0,0.0,0.0,0.0,0.0,0.0,0.0,0.0,,0.0,0.0,0.0,2.0,15.5,0,0,0,0,1,0,2019-09-28,2019,1,0,0,0,0,0,0,0,0,0,0,0,0,0,0,0,0,0,0,0,0,0,0,0,0,1,0,0,0,0,0,0.0,0.0,0.0,0.0,0.0,0.0,0.0,0.0,0.0,0.0,0.0,0.0,0.0,7.616283561580385,3480.0319394650746,7715.029391650705
,9/28/19,Sat,0.9375,10:30p,UCLA,Arizona,1.63M,1630.0,Arizona,20.0,17.0,0.0,0.0,0,0.0,0.0,0.0,0.0,0.0,0.0,0.0,0.0,0.0,0.0,0.0,0.0,0,1,0.0,0.0,0.0,3.5,1.0,1.0,0.0,0.0,0.0,0.0,0.0,3.0,3.5,0.0,0.0,0.0,0.0,0.0,0.0,0.0,0.0,0.0,0.0,0.0,0.0,,0.0,0.0,0.0,0.0,22.5,0,0,0,0,0,1,2019-09-28,2019,1,0,0,0,0,0,0,0,0,0,0,0,0,0,0,0,0,0,0,0,0,0,0,0,0,0,0,0,0,0,0,0.0,0.0,0.0,0.0,0.0,0.0,0.0,0.0,0.0,0.0,0.0,0.0,0.0,7.396948602621014,986.5925623557705,0.0
,9/27/19,Fri,0.791666667,7:00p,Duke,Virginia Tech,1.20M,1200.0,Duke,45.0,10.0,0.0,0.0,0,0.0,0.0,0.0,0.0,0.0,0.0,0.0,0.0,0.0,0.0,0.0,0.0,0,0,0.0,0.0,1.0,2.5,0.0,2.0,0.0,0.0,0.0,0.0,0.0,35.0,2.5,0.0,0.0,0.0,0.0,1.0,1.0,0.0,0.0,0.0,0.0,2.0,0.0,,0.0,0.0,0.0,0.0,19.0,0,0,1,0,0,0,2019-09-27,2019,1,0,0,0,0,0,0,0,0,0,0,0,0,0,0,0,0,0,0,0,0,0,0,0,0,0,0,0,0,0,0,0.0,0.0,0.0,0.0,0.0,0.0,0.0,0.0,0.0,0.0,0.0,0.0,1.0,7.0909098220799835,1590.0152806800108,0.0
,9/26/19,Thu,0.833333333,8:00p,Navy,Memphis,730K,730.0,Memphis,35.0,23.0,0.0,0.0,0,0.0,0.0,0.0,0.0,0.0,0.0,0.0,0.0,0.0,0.0,0.0,0.0,0,0,0.0,0.0,1.0,10.5,0.0,0.0,0.0,0.0,0.0,0.0,0.0,12.0,10.5,0.0,0.0,0.0,0.0,0.0,0.0,0.0,0.0,0.0,0.0,0.0,0.0,,0.0,0.0,0.0,0.0,20.0,0,1,0,0,0,0,2019-09-26,2019,1,0,0,0,0,0,0,0,0,0,0,0,0,0,0,0,0,0,0,0,0,0,0,0,0,0,0,0,0,0,0,0.0,0.0,0.0,0.0,0.0,0.0,0.0,0.0,0.0,0.0,0.0,0.0,0.0,6.594413459749778,766.7031661197424,0.0
,9/28/19,Sat,0.645833333,3:30p,Minnesota,Purdue,460K,460.0,Minnesota,38.0,31.0,0.0,0.0,2,0.0,0.0,1.0,0.0,0.0,0.0,0.0,0.0,0.0,0.0,0.0,0.0,1,0,0.0,0.0,0.0,1.0,2.0,0.0,0.0,0.0,0.0,0.0,0.0,7.0,1.0,0.0,0.0,1.0,1.0,0.0,0.0,0.0,0.0,0.0,0.0,0.0,2.0,,0.0,0.0,0.0,0.0,15.5,0,0,0,0,1,0,2019-09-28,2019,1,0,0,0,0,0,0,0,0,0,0,0,0,0,0,0,0,0,0,0,0,0,0,0,0,0,0,0,0,0,0,0.0,0.0,0.0,0.0,0.0,0.0,0.0,0.0,0.0,0.0,0.0,0.0,0.0,6.133398042996649,583.9792422829962,10611.082088832783
,9/28/19,Sat,0.833333333,8:00p,UNLV,Wyoming,137K,137.0,Wyoming,53.0,17.0,0.0,0.0,0,0.0,0.0,0.0,0.0,0.0,0.0,0.0,1.0,0.0,0.0,0.0,0.0,0,0,0.0,0.0,0.0,8.0,0.0,0.0,0.0,0.0,0.0,0.0,0.0,36.0,8.0,0.0,0.0,0.0,0.0,0.0,0.0,0.0,0.0,0.0,0.0,0.0,0.0,,0.0,0.0,0.0,0.0,20.0,0,0,0,0,0,0,2019-09-28,2019,1,0,0,0,0,0,0,0,0,0,0,0,0,0,0,0,0,0,0,0,0,0,0,0,0,0,0,0,0,0,0,0.0,0.0,0.0,0.0,0.0,0.0,0.0,0.0,0.0,0.0,0.0,0.0,0.0,4.927253685157205,80.07676592151311,0.0
,9/28/19,Sat,0.5,12:00p,Kansas,TCU,133K,133.0,TCU,51.0,14.0,0.0,0.0,1,0.0,1.0,0.0,0.0,0.0,0.0,0.0,0.0,0.0,0.0,0.0,0.0,1,0,0.0,0.0,0.0,15.0,0.0,2.0,0.0,0.0,0.0,0.0,0.0,37.0,15.0,0.0,0.0,0.0,0.0,0.0,0.0,1.0,1.0,2.0,0.0,0.0,0.0,,0.0,0.0,0.0,0.0,12.0,0,0,0,1,0,0,2019-09-28,2019,1,0,0,0,0,0,0,0,0,0,0,0,0,0,0,0,0,0,0,0,0,0,0,0,0,0,0,0,0,0,0,0.0,0.0,0.0,0.0,0.0,0.0,0.0,0.0,0.0,0.0,0.0,0.0,0.0,4.897839799950911,487.9973800866219,5417.380384690321
,10/5/19,Sat,0.645833333,3:30p,Auburn,Florida,6.43M,6430.0,Florida,24.0,13.0,0.0,2.0,1,0.0,0.0,0.0,0.0,1.0,0.0,0.0,0.0,0.0,0.0,0.0,0.0,1,0,0.0,0.0,0.0,2.5,2.0,0.0,0.0,0.0,1.0,0.0,1.0,11.0,2.5,1.0,1.0,0.0,0.0,0.0,0.0,0.0,0.0,0.0,2.0,0.0,0.0,,0.0,2.0,0.0,0.0,15.5,0,0,0,0,1,0,2019-10-05,2019,1,0,0,0,0,0,0,0,0,0,0,0,0,0,0,0,0,0,0,0,0,0,0,0,0,1,1,0,0,0,0,0.0,0.0,0.0,0.0,0.0,0.0,0.0,0.0,0.0,0.0,0.0,0.0,0.0,8.768885326134862,8596.886270108982,9451.782015871355
,10/5/19,Sat,0.5,12:00p,Iowa,Michigan,5.02M,5020.0,Michigan,10.0,3.0,2.0,0.0,0,1.0,0.0,0.0,0.0,0.0,0.0,0.0,0.0,0.0,0.0,0.0,0.0,1,0,0.0,0.0,0.0,4.0,2.0,0.0,0.0,1.0,0.0,1.0,0.0,7.0,4.0,0.0,0.0,1.0,1.0,0.0,0.0,0.0,0.0,0.0,0.0,0.0,2.0,,0.0,0.0,1.0,1.0,12.0,0,0,0,1,0,0,2019-10-05,2019,1,0,0,0,0,0,0,0,0,0,0,0,0,0,0,0,0,0,0,0,0,0,0,0,0,1,0,1,0,0,0,0.0,0.0,0.0,0.0,0.0,0.0,0.0,0.0,0.0,0.0,0.0,0.0,0.0,8.521384396034705,6093.31920695587,3685.1482850781504
,10/5/19,Sat,0.791666667,7:00p,Georgia,Tennessee,3.90M,3900.0,Georgia,43.0,14.0,0.0,1.0,0,0.0,0.0,0.0,0.0,0.0,0.0,0.0,0.0,0.0,0.0,0.0,0.0,0,0,0.0,0.0,0.0,24.5,2.0,0.0,0.0,0.0,1.0,0.0,0.0,29.0,24.5,1.0,1.0,0.0,0.0,0.0,0.0,0.0,0.0,0.0,2.0,0.0,0.0,,1.0,0.0,0.0,0.0,19.0,0,0,0,0,0,0,2019-10-05,2019,1,0,0,0,0,0,0,0,0,0,0,0,0,0,0,0,0,0,0,0,0,0,0,0,0,0,0,0,0,0,0,0.0,0.0,0.0,0.0,0.0,0.0,0.0,0.0,0.0,0.0,0.0,0.0,0.0,8.268988209506656,4212.083515268702,2000.0955244850556
,10/5/19,Sat,0.645833333,3:30p,Texas,West Virginia,3.16M,3160.0,Texas,42.0,31.0,1.0,0.0,1,0.0,0.0,0.0,0.0,0.0,1.0,0.0,0.0,0.0,0.0,0.0,0.0,1,0,0.0,0.0,0.0,10.5,1.0,1.0,0.0,1.0,0.0,0.0,0.0,11.0,10.5,0.0,0.0,0.0,0.0,0.0,0.0,1.0,1.0,2.0,0.0,0.0,0.0,,0.0,0.0,1.0,0.0,15.5,0,0,0,0,1,0,2019-10-05,2019,1,0,0,0,0,0,0,0,0,0,0,0,0,0,0,0,0,0,0,0,0,0,0,0,0,0,0,0,0,0,0,0.0,0.0,0.0,0.0,0.0,0.0,0.0,0.0,0.0,0.0,0.0,0.0,0.0,8.058643712215618,3823.3613677150374,14225.306918265298
,10/5/19,Sat,0.520833333,12:30p,Oklahoma,Kansas,2.98M,2980.0,Oklahoma,45.0,20.0,0.0,1.0,0,0.0,0.0,0.0,0.0,0.0,1.0,0.0,0.0,0.0,0.0,0.0,0.0,1,0,0.0,0.0,0.0,32.5,1.0,1.0,0.0,0.0,1.0,0.0,0.0,25.0,32.5,0.0,0.0,0.0,0.0,0.0,0.0,1.0,1.0,2.0,0.0,0.0,0.0,,0.0,1.0,0.0,0.0,12.5,0,0,0,1,0,0,2019-10-05,2019,1,0,0,0,0,0,0,0,0,0,0,0,0,0,0,0,0,0,0,0,0,0,0,0,0,0,0,0,0,0,0,0.0,0.0,0.0,0.0,0.0,0.0,0.0,0.0,0.0,0.0,0.0,0.0,0.0,8.000014093678072,3685.1482850781504,6093.31920695587
,10/5/19,Sat,0.666666667,4:00p,Northwestern,Nebraska,2.21M,2210.0,Nebraska,13.0,10.0,0.0,0.0,1,1.0,0.0,0.0,0.0,0.0,0.0,0.0,0.0,0.0,0.0,0.0,0.0,1,0,0.0,0.0,0.0,7.5,2.0,0.0,0.0,0.0,0.0,0.0,0.0,3.0,7.5,0.0,0.0,1.0,1.0,0.0,0.0,0.0,0.0,0.0,0.0,0.0,2.0,,0.0,0.0,0.0,0.0,16.0,0,0,0,0,1,0,2019-10-05,2019,1,0,0,0,0,0,0,0,0,0,0,0,0,0,0,0,0,0,0,0,0,0,0,0,0,0,0,0,0,0,0,0.0,0.0,0.0,0.0,0.0,0.0,0.0,0.0,0.0,0.0,0.0,0.0,0.0,7.701200180857446,2407.5181336411533,15641.150152339182
,10/5/19,Sat,0.833333333,8:00p,California,Oregon,2.00M,2000.0,Oregon,17.0,7.0,1.0,0.0,0,1.0,0.0,0.0,0.0,0.0,0.0,0.0,0.0,0.0,0.0,0.0,0.0,0,0,0.0,0.0,0.0,21.5,1.0,1.0,0.0,0.0,0.0,1.0,0.0,10.0,21.5,0.0,0.0,0.0,0.0,0.0,0.0,0.0,0.0,0.0,0.0,0.0,0.0,,0.0,0.0,0.0,0.0,20.0,0,0,0,0,0,0,2019-10-05,2019,1,0,0,0,0,0,0,0,0,0,0,0,0,0,0,0,0,0,0,0,0,0,0,0,0,0,0,0,0,0,0,0.0,0.0,0.0,0.0,0.0,0.0,0.0,0.0,0.0,0.0,0.0,0.0,0.0,7.601402334583733,1915.2734141769522,4296.9056255768055
,10/5/19,Sat,0.9375,10:30p,Washington,Stanford,1.88M,1880.0,Stanford,23.0,13.0,1.0,0.0,0,0.0,0.0,0.0,0.0,0.0,0.0,0.0,0.0,0.0,0.0,0.0,0.0,0,1,0.0,0.0,0.0,12.5,1.0,1.0,0.0,1.0,0.0,0.0,0.0,10.0,12.5,0.0,0.0,0.0,0.0,0.0,0.0,0.0,0.0,0.0,0.0,0.0,0.0,,0.0,0.0,0.0,0.0,22.5,0,0,0,0,0,1,2019-10-05,2019,1,0,0,0,0,0,0,0,0,0,0,0,0,0,0,0,0,0,0,0,0,0,0,0,0,0,0,0,0,0,0,0.0,0.0,0.0,0.0,0.0,0.0,0.0,0.0,0.0,0.0,0.0,0.0,0.0,7.53955882930103,1436.58562950147,0.0
,10/4/19,Fri,0.833333333,8:00p,UCF,Cincinnati,1.44M,1440.0,Cincinnati,27.0,24.0,1.0,0.0,0,0.0,0.0,0.0,0.0,0.0,0.0,0.0,0.0,0.0,0.0,0.0,0.0,0,0,0.0,0.0,1.0,3.5,0.0,2.0,0.0,1.0,0.0,0.0,0.0,3.0,3.5,0.0,0.0,0.0,0.0,0.0,0.0,0.0,0.0,0.0,0.0,0.0,0.0,,0.0,0.0,0.0,0.0,20.0,0,0,1,0,0,0,2019-10-04,2019,1,0,0,0,0,0,0,0,0,0,0,0,0,0,0,0,0,0,0,0,0,0,0,0,0,0,0,0,0,0,0,0.0,0.0,0.0,0.0,0.0,0.0,0.0,0.0,0.0,0.0,0.0,0.0,1.0,7.273092595999522,1561.4166870291697,0.0
,10/5/19,Sat,0.645833333,3:30p,Bowling Green,Notre Dame,1.28M,1280.0,Notre Dame,52.0,0.0,0.0,1.0,1,0.0,0.0,0.0,1.0,0.0,0.0,0.0,0.0,0.0,0.0,0.0,0.0,1,0,0.0,0.0,0.0,45.5,0.0,0.0,0.0,0.0,0.0,0.0,1.0,52.0,45.5,0.0,0.0,0.0,0.0,0.0,0.0,0.0,0.0,0.0,0.0,0.0,0.0,,0.0,1.0,0.0,0.0,15.5,0,0,0,0,1,0,2019-10-05,2019,1,0,0,0,0,0,0,0,0,0,0,0,0,0,0,0,0,0,0,0,0,0,0,0,0,0,0,0,0,0,0,0.0,0.0,0.0,0.0,0.0,0.0,0.0,0.0,0.0,0.0,0.0,0.0,0.0,7.155396301896734,1866.4572390154503,16182.211046964887
,10/5/19,Sat,0.645833333,3:30p,Virginia Tech,Miami,893K,893.0,Virginia Tech,42.0,35.0,0.0,0.0,1,0.0,0.0,0.0,0.0,0.0,0.0,0.0,0.0,0.0,0.0,0.0,0.0,1,0,0.0,0.0,0.0,14.0,0.0,2.0,0.0,0.0,0.0,0.0,0.0,7.0,14.0,0.0,0.0,0.0,0.0,1.0,1.0,0.0,0.0,0.0,0.0,2.0,0.0,,0.0,0.0,0.0,0.0,15.5,0,0,0,0,1,0,2019-10-05,2019,1,0,0,0,0,0,0,0,0,0,0,0,0,0,0,0,0,0,0,0,0,0,0,0,0,0,0,0,0,0,0,0.0,0.0,0.0,0.0,0.0,0.0,0.0,0.0,0.0,0.0,0.0,0.0,0.0,6.795705775173514,1354.4452754997137,16694.223010480622
,10/3/19,Thu,0.833333333,8:00p,Temple,East Carolina,374K,374.0,Temple,27.0,17.0,0.0,0.0,0,0.0,0.0,0.0,0.0,0.0,0.0,0.0,0.0,0.0,0.0,0.0,0.0,0,0,0.0,0.0,1.0,12.0,0.0,0.0,0.0,0.0,0.0,0.0,0.0,10.0,12.0,0.0,0.0,0.0,0.0,0.0,0.0,0.0,0.0,0.0,0.0,0.0,0.0,,0.0,0.0,0.0,0.0,20.0,0,1,0,0,0,0,2019-10-03,2019,1,0,0,0,0,0,0,0,0,0,0,0,0,0,0,0,0,0,0,0,0,0,0,0,0,0,0,0,0,0,0,0.0,0.0,0.0,0.0,0.0,0.0,0.0,0.0,0.0,0.0,0.0,0.0,0.0,5.926926025970411,556.506563724937,0.0
,10/5/19,Sat,0.8125,7:30p,Tulsa,SMU,175K,175.0,SMU,43.0,37.0,1.0,0.0,0,0.0,0.0,0.0,0.0,0.0,0.0,0.0,1.0,0.0,0.0,0.0,0.0,0,0,0.0,0.0,0.0,12.0,0.0,1.0,0.0,0.0,0.0,1.0,0.0,6.0,12.0,0.0,0.0,0.0,0.0,0.0,0.0,0.0,0.0,0.0,0.0,0.0,0.0,,0.0,0.0,0.0,1.0,19.5,0,0,0,0,0,0,2019-10-05,2019,1,0,0,0,0,0,0,0,0,0,0,0,0,0,0,0,0,0,0,0,0,0,0,0,0,0,0,0,0,0,0,0.0,0.0,0.0,0.0,0.0,0.0,0.0,0.0,0.0,0.0,0.0,0.0,0.0,5.170483995038151,84.8221103081034,6127.356929445655
,10/12/19,Sat,0.5,12:00p,Oklahoma,Texas,7.25M,7250.0,Oklahoma,34.0,27.0,1.0,1.0,1,1.0,0.0,0.0,0.0,0.0,0.0,0.0,0.0,0.0,0.0,0.0,0.0,1,0,0.0,0.0,0.0,11.0,2.0,0.0,0.0,0.0,1.0,1.0,0.0,7.0,11.0,0.0,0.0,0.0,0.0,0.0,0.0,1.0,1.0,2.0,0.0,0.0,0.0,,0.0,1.0,1.0,0.0,12.0,0,0,0,1,0,0,2019-10-12,2019,1,0,0,1,0,0,0,0,0,0,0,0,0,0,0,0,0,0,0,0,0,0,0,0,0,1,0,0,0,1,0,0.0,0.0,0.0,0.0,0.0,0.0,0.0,0.0,0.0,0.0,0.0,0.0,0.0,8.888894669371593,7577.435236718602,7457.482464800487
,10/12/19,Sat,0.833333333,8:00p,Florida,LSU,6.45M,6450.0,LSU,42.0,28.0,0.0,2.0,1,0.0,0.0,0.0,0.0,0.0,0.0,0.0,0.0,0.0,0.0,0.0,0.0,0,0,0.0,0.0,0.0,14.0,2.0,0.0,0.0,0.0,1.0,0.0,1.0,14.0,14.0,1.0,1.0,0.0,0.0,0.0,0.0,0.0,0.0,0.0,2.0,0.0,0.0,,0.0,0.0,0.0,0.0,20.0,0,0,0,0,0,0,2019-10-12,2019,1,0,0,0,0,0,0,0,0,0,0,0,0,0,0,0,0,0,0,0,0,0,0,0,0,1,1,0,0,0,0,0.0,0.0,0.0,0.0,0.0,0.0,0.0,0.0,0.0,0.0,0.0,0.0,0.0,8.771990436532242,6593.640658339062,5241.598005568915
,10/12/19,Sat,0.645833333,3:30p,Alabama,Texas A&M,6.11M,6110.0,Alabama,47.0,28.0,1.0,1.0,0,0.0,0.0,0.0,0.0,1.0,0.0,0.0,0.0,0.0,0.0,0.0,0.0,1,0,0.0,0.0,0.0,17.0,2.0,0.0,0.0,0.0,1.0,1.0,0.0,19.0,17.0,1.0,1.0,0.0,0.0,0.0,0.0,0.0,0.0,0.0,2.0,0.0,0.0,,1.0,0.0,0.0,1.0,15.5,0,0,0,0,1,0,2019-10-12,2019,1,0,0,0,0,0,0,0,0,0,0,0,0,0,0,0,0,0,0,0,0,0,0,0,0,1,1,0,0,0,0,0.0,0.0,0.0,0.0,0.0,0.0,0.0,0.0,0.0,0.0,0.0,0.0,0.0,8.717845704894916,7952.196392337452,1035.9188630658018
,10/12/19,Sat,0.5,12:00p,South Carolina,Georgia,3.25M,3250.0,South Carolina,20.0,17.0,0.0,1.0,1,0.0,0.0,0.0,0.0,0.0,0.0,0.0,0.0,0.0,0.0,0.0,0.0,1,0,0.0,0.0,0.0,21.0,2.0,0.0,0.0,0.0,0.0,0.0,1.0,3.0,21.0,1.0,1.0,0.0,0.0,0.0,0.0,0.0,0.0,0.0,2.0,0.0,0.0,,1.0,0.0,0.0,0.0,12.0,0,0,0,1,0,0,2019-10-12,2019,1,0,0,0,0,0,0,0,0,0,0,0,0,0,0,0,0,0,0,0,0,0,0,0,0,0,0,0,0,0,0,0.0,0.0,0.0,0.0,0.0,0.0,0.0,0.0,0.0,0.0,0.0,0.0,0.0,8.086717920303906,3404.5615419074575,11630.356159611632
,10/12/19,Sat,0.8125,7:30p,USC,Notre Dame,3.16M,3160.0,Notre Dame,30.0,27.0,0.0,1.0,1,0.0,0.0,0.0,1.0,0.0,0.0,0.0,0.0,0.0,0.0,0.0,0.0,0,0,0.0,0.0,0.0,10.5,1.0,0.0,0.0,0.0,0.0,0.0,1.0,3.0,10.5,0.0,0.0,0.0,0.0,0.0,0.0,0.0,0.0,0.0,0.0,0.0,0.0,,0.0,1.0,0.0,0.0,19.5,0,0,0,0,0,0,2019-10-12,2019,1,0,0,0,0,0,1,0,0,0,0,0,0,0,0,0,0,0,0,0,0,0,0,0,0,0,0,0,0,0,0,0.0,0.0,0.0,0.0,0.0,0.0,0.0,0.0,0.0,0.0,0.0,0.0,0.0,8.058643712215618,4376.706765589597,7458.53189831838
,10/12/19,Sat,0.5,12:00p,Michigan,Illinois,2.13M,2130.0,Michigan,42.0,25.0,1.0,0.0,1,0.0,0.0,0.0,0.0,0.0,1.0,0.0,0.0,0.0,0.0,0.0,0.0,1,0,0.0,0.0,0.0,24.0,2.0,0.0,0.0,1.0,0.0,0.0,0.0,17.0,24.0,0.0,0.0,1.0,1.0,0.0,0.0,0.0,0.0,0.0,0.0,0.0,2.0,,0.0,0.0,0.0,1.0,12.0,0,0,0,1,0,0,2019-10-12,2019,1,0,0,0,0,0,0,0,0,0,0,0,0,0,0,0,0,0,0,0,0,0,0,0,0,0,0,0,0,0,0,0.0,0.0,0.0,0.0,0.0,0.0,0.0,0.0,0.0,0.0,0.0,0.0,0.0,7.664346632098617,3806.830390322445,11228.087311196645
,10/11/19,Fri,0.833333333,8:00p,Virginia,Miami,1.73M,1730.0,Miami,17.0,9.0,1.0,0.0,0,0.0,0.0,0.0,0.0,0.0,0.0,0.0,0.0,0.0,0.0,0.0,0.0,0,0,0.0,0.0,1.0,2.5,0.0,2.0,0.0,1.0,0.0,0.0,0.0,8.0,2.5,0.0,0.0,0.0,0.0,1.0,1.0,0.0,0.0,0.0,0.0,2.0,0.0,,0.0,0.0,0.0,0.0,20.0,0,0,1,0,0,0,2019-10-11,2019,1,0,0,0,0,0,0,0,0,0,0,0,0,0,0,0,0,0,0,0,0,0,0,0,0,0,0,0,0,0,0,0.0,0.0,0.0,0.0,0.0,0.0,0.0,0.0,0.0,0.0,0.0,0.0,1.0,7.456454555176209,2229.672096686381,0.0
,10/12/19,Sat,0.8125,7:30p,Nebraska,Minnesota,1.02M,1020.0,Minnesota,34.0,7.0,0.0,0.0,2,0.0,1.0,0.0,0.0,0.0,0.0,0.0,0.0,0.0,0.0,0.0,0.0,0,0,0.0,0.0,0.0,7.5,2.0,0.0,0.0,0.0,0.0,0.0,0.0,27.0,7.5,0.0,0.0,1.0,1.0,0.0,0.0,0.0,0.0,0.0,0.0,0.0,2.0,,0.0,0.0,0.0,0.0,19.5,0,0,0,0,0,0,2019-10-12,2019,1,0,0,0,0,0,0,0,0,0,0,0,0,0,0,0,0,0,0,0,0,0,0,0,0,0,0,0,0,0,0,0.0,0.0,0.0,0.0,0.0,0.0,0.0,0.0,0.0,0.0,0.0,0.0,0.0,6.928537818164665,864.8912399793179,10970.347423928659
,10/12/19,Sat,0.666666667,4:00p,Texas Tech,Baylor,810K,810.0,Baylor,33.0,30.0,1.0,0.0,1,0.0,1.0,0.0,0.0,0.0,0.0,0.0,0.0,0.0,0.0,0.0,0.0,1,0,0.0,0.0,0.0,10.5,0.0,2.0,0.0,0.0,0.0,1.0,0.0,3.0,10.5,0.0,0.0,0.0,0.0,0.0,0.0,1.0,1.0,2.0,0.0,0.0,0.0,,0.0,0.0,0.0,1.0,16.0,0,0,0,0,1,0,2019-10-12,2019,1,0,0,0,0,0,0,0,0,0,0,0,0,0,0,0,0,0,0,0,0,0,0,0,0,0,0,0,0,0,0,0.0,0.0,0.0,0.0,0.0,0.0,0.0,0.0,0.0,0.0,0.0,0.0,0.0,6.698268054115413,550.9127310420149,8437.202524361239
,10/12/19,Sat,0.9375,10:30p,Washington,Arizona,730K,730.0,Washington,51.0,27.0,0.0,0.0,0,0.0,1.0,0.0,0.0,0.0,0.0,0.0,0.0,0.0,0.0,0.0,0.0,0,1,0.0,0.0,0.0,6.0,1.0,1.0,0.0,0.0,0.0,0.0,0.0,24.0,6.0,0.0,0.0,0.0,0.0,0.0,0.0,0.0,0.0,0.0,0.0,0.0,0.0,,0.0,0.0,0.0,0.0,22.5,0,0,0,0,0,1,2019-10-12,2019,1,0,0,0,0,0,0,0,0,0,0,0,0,0,0,0,0,0,0,0,0,0,0,0,0,0,0,0,0,0,0,0.0,0.0,0.0,0.0,0.0,0.0,0.0,0.0,0.0,0.0,0.0,0.0,0.0,6.594413459749778,511.2814423636394,0.0
,10/11/19,Fri,0.916666667,10:00p,Colorado,Oregon,687K,687.0,Oregon,45.0,3.0,1.0,0.0,0,0.0,1.0,0.0,0.0,0.0,0.0,0.0,0.0,0.0,0.0,0.0,0.0,0,0,0.0,0.0,1.0,23.0,1.0,1.0,0.0,0.0,0.0,1.0,0.0,42.0,23.0,0.0,0.0,0.0,0.0,0.0,0.0,0.0,0.0,0.0,0.0,0.0,0.0,,0.0,0.0,0.0,0.0,22.0,0,0,1,0,0,0,2019-10-11,2019,1,0,0,0,0,0,0,0,0,0,0,0,0,0,0,0,0,0,0,0,0,0,0,0,0,0,0,0,0,0,0,0.0,0.0,1.0,0.0,0.0,0.0,0.0,0.0,0.0,0.0,0.0,0.0,0.0,6.5337888379333435,1008.6775176130994,0.0
,10/12/19,Sat,0.645833333,3:30p,Cincinnati,Houston,261K,261.0,Cincinnati,38.0,23.0,1.0,0.0,1,0.0,0.0,1.0,0.0,0.0,0.0,0.0,0.0,0.0,0.0,0.0,0.0,1,0,0.0,0.0,0.0,9.5,0.0,2.0,0.0,1.0,0.0,0.0,0.0,15.0,9.5,0.0,0.0,0.0,0.0,0.0,0.0,0.0,0.0,0.0,0.0,0.0,0.0,,0.0,0.0,0.0,1.0,15.5,0,0,0,0,1,0,2019-10-12,2019,1,0,0,0,0,0,0,0,0,0,0,0,0,0,0,0,0,0,0,0,0,0,0,0,0,0,0,0,0,0,0,0.0,0.0,0.0,0.0,0.0,0.0,0.0,0.0,0.0,0.0,0.0,0.0,0.0,5.568344503761097,485.00613202378685,8503.109123379467
,10/12/19,Sat,0.5,12:00p,Memphis,Temple,232K,232.0,Temple,30.0,28.0,1.0,0.0,2,0.0,0.0,1.0,0.0,0.0,0.0,0.0,0.0,0.0,0.0,0.0,0.0,1,0,0.0,0.0,0.0,4.0,0.0,0.0,0.0,1.0,0.0,0.0,0.0,2.0,4.0,0.0,0.0,0.0,0.0,0.0,0.0,0.0,0.0,0.0,0.0,0.0,0.0,,0.0,0.0,0.0,1.0,12.0,0,0,0,1,0,0,2019-10-12,2019,1,0,0,0,0,0,0,0,0,0,0,0,0,0,0,0,0,0,0,0,0,0,0,0,0,0,0,0,0,0,0,0.0,0.0,0.0,0.0,0.0,0.0,0.0,0.0,0.0,0.0,0.0,0.0,0.0,5.4510384535657,246.09053257058468,14788.827168948505
,10/19/19,Sat,0.875,9:00p,Tennessee,Alabama,4.25M,4250.0,Alabama,35.0,13.0,0.0,1.0,0,0.0,0.0,0.0,0.0,0.0,0.0,0.0,0.0,0.0,0.0,0.0,0.0,0,0,0.0,0.0,0.0,35.0,2.0,0.0,0.0,0.0,0.0,0.0,1.0,22.0,35.0,1.0,1.0,0.0,0.0,0.0,0.0,0.0,0.0,0.0,2.0,0.0,0.0,,0.0,0.0,0.0,0.0,21.0,0,0,0,0,0,0,2019-10-19,2019,1,0,0,0,0,0,0,0,0,0,0,0,0,0,0,0,0,0,0,0,0,0,0,0,0,0,0,0,0,0,0,0.0,0.0,0.0,0.0,0.0,0.0,0.0,0.0,0.0,0.0,0.0,0.0,0.0,8.35490952835879,5017.846006824864,0.0
,10/19/19,Sat,0.645833333,3:30p,Oregon,Washington,3.62M,3620.0,Oregon,35.0,31.0,2.0,0.0,0,0.0,0.0,0.0,0.0,0.0,1.0,0.0,0.0,0.0,0.0,0.0,0.0,1,0,0.0,0.0,0.0,3.0,2.0,0.0,0.0,1.0,0.0,1.0,0.0,4.0,3.0,0.0,0.0,0.0,0.0,0.0,0.0,0.0,0.0,0.0,0.0,0.0,0.0,,0.0,0.0,1.0,1.0,15.5,0,0,0,0,1,0,2019-10-19,2019,1,0,0,0,0,0,0,0,1,0,0,0,0,0,0,0,0,0,0,0,0,0,0,0,0,1,0,0,0,0,0,0.0,0.0,0.0,0.0,0.0,0.0,0.0,0.0,0.0,0.0,0.0,0.0,0.0,8.19450550976564,3588.1963801393745,472.81113973734074
,10/19/19,Sat,0.5,12:00p,Florida,South Carolina,3.19M,3190.0,Florida,38.0,27.0,0.0,1.0,2,0.0,0.0,0.0,0.0,0.0,0.0,0.0,0.0,0.0,0.0,0.0,0.0,1,0,0.0,0.0,0.0,3.5,2.0,0.0,0.0,0.0,1.0,0.0,0.0,11.0,3.5,1.0,1.0,0.0,0.0,0.0,0.0,0.0,0.0,0.0,2.0,0.0,0.0,,0.0,1.0,0.0,0.0,12.0,0,0,0,1,0,0,2019-10-19,2019,1,0,0,0,0,0,0,0,0,0,0,0,0,0,0,0,0,0,0,0,0,0,0,0,0,0,0,0,0,0,0,0.0,0.0,0.0,0.0,0.0,0.0,0.0,0.0,0.0,0.0,0.0,0.0,0.0,8.068089626278244,3658.625018676876,8328.305731538429
,10/19/19,Sat,0.75,6:00p,Kentucky,Georgia,2.94M,2940.0,Georgia,21.0,0.0,0.0,1.0,0,0.0,0.0,0.0,0.0,0.0,0.0,0.0,0.0,0.0,0.0,0.0,0.0,1,0,0.0,0.0,0.0,24.0,2.0,0.0,0.0,0.0,0.0,0.0,1.0,21.0,24.0,1.0,1.0,0.0,0.0,0.0,0.0,0.0,0.0,0.0,2.0,0.0,0.0,,0.0,1.0,0.0,0.0,18.0,0,0,0,0,1,0,2019-10-19,2019,1,0,0,0,0,0,0,0,0,0,0,0,0,0,0,0,0,0,0,0,0,0,0,0,0,0,0,0,0,0,0,0.0,0.0,0.0,0.0,0.0,0.0,0.0,0.0,0.0,0.0,0.0,0.0,0.0,7.9865049385539955,3277.070786397102,217.51182794618978
,10/19/19,Sat,0.5,12:00p,Clemson,Louisville,2.61M,2610.0,Clemson,45.0,10.0,0.0,1.0,2,0.0,0.0,0.0,0.0,0.0,1.0,0.0,0.0,0.0,0.0,0.0,0.0,1,0,0.0,0.0,0.0,24.5,0.0,2.0,0.0,0.0,1.0,0.0,0.0,35.0,24.5,0.0,0.0,0.0,0.0,1.0,1.0,0.0,0.0,0.0,0.0,2.0,0.0,,1.0,0.0,0.0,0.0,12.0,0,0,0,1,0,0,2019-10-19,2019,1,0,0,0,0,0,0,0,0,0,0,0,0,0,0,0,0,0,0,0,0,0,0,0,0,0,0,0,0,0,0,0.0,0.0,0.0,0.0,0.0,0.0,0.0,0.0,0.0,0.0,0.0,0.0,0.0,7.8674885686991285,2918.038398172751,9068.892352042554
,10/19/19,Sat,0.5,12:00p,West Virginia,Oklahoma,2.54M,2540.0,Oklahoma,52.0,14.0,0.0,1.0,2,1.0,0.0,0.0,0.0,0.0,0.0,0.0,0.0,0.0,0.0,0.0,0.0,1,0,0.0,0.0,0.0,32.0,1.0,1.0,0.0,0.0,0.0,0.0,1.0,38.0,32.0,0.0,0.0,0.0,0.0,0.0,0.0,1.0,1.0,2.0,0.0,0.0,0.0,,1.0,0.0,0.0,0.0,12.0,0,0,0,1,0,0,2019-10-19,2019,1,0,0,0,0,0,0,0,0,0,0,0,0,0,0,0,0,0,0,0,0,0,0,0,0,0,0,0,0,0,0,0.0,0.0,0.0,0.0,0.0,0.0,0.0,0.0,0.0,0.0,0.0,0.0,0.0,7.840312983320164,3575.5008999092693,8411.429850306036
,10/19/19,Sat,0.5,12:00p,Wisconsin,Illinois,1.11M,1110.0,Illinois,24.0,23.0,0.0,1.0,3,0.0,0.0,0.0,0.0,0.0,0.0,0.0,0.0,0.0,0.0,1.0,0.0,1,0,0.0,0.0,0.0,30.0,2.0,0.0,0.0,0.0,1.0,0.0,0.0,1.0,30.0,0.0,0.0,1.0,1.0,0.0,0.0,0.0,0.0,0.0,0.0,0.0,2.0,,0.0,1.0,0.0,0.0,12.0,0,0,0,1,0,0,2019-10-19,2019,1,0,0,0,0,0,0,0,0,0,0,0,0,0,0,0,0,0,0,0,0,0,0,0,0,0,0,0,0,0,0,0.0,0.0,0.0,0.0,0.0,0.0,0.0,0.0,0.0,0.0,0.0,0.0,0.0,7.01301578963963,889.6902398063638,11097.240510408943
,10/18/19,Fri,0.791666667,7:00p,Pittsburgh,Syracuse,1.09M,1090.0,Pittsburgh,27.0,20.0,0.0,0.0,0,0.0,0.0,0.0,0.0,0.0,0.0,0.0,0.0,0.0,0.0,0.0,0.0,0,0,0.0,0.0,1.0,3.5,0.0,2.0,0.0,0.0,0.0,0.0,0.0,7.0,3.5,0.0,0.0,0.0,0.0,1.0,1.0,0.0,0.0,0.0,0.0,2.0,0.0,,0.0,0.0,0.0,0.0,19.0,0,0,1,0,0,0,2019-10-18,2019,1,0,0,0,0,0,0,0,0,0,0,0,0,0,0,0,0,0,0,0,0,0,0,0,0,0,0,0,0,0,0,0.0,0.0,0.0,0.0,0.0,0.0,0.0,0.0,0.0,0.0,0.0,0.0,1.0,6.994849985833071,1521.8602888913285,0.0
,10/19/19,Sat,0.5,12:00p,Purdue,Iowa,799K,799.0,Iowa,26.0,20.0,1.0,0.0,3,0.0,0.0,1.0,0.0,0.0,0.0,0.0,0.0,0.0,0.0,0.0,0.0,1,0,0.0,0.0,0.0,18.0,2.0,0.0,0.0,0.0,0.0,1.0,0.0,6.0,18.0,0.0,0.0,1.0,1.0,0.0,0.0,0.0,0.0,0.0,0.0,0.0,2.0,,0.0,0.0,0.0,1.0,12.0,0,0,0,1,0,0,2019-10-19,2019,1,0,0,0,0,0,0,0,0,0,0,0,0,0,0,0,0,0,0,0,0,0,0,0,0,0,0,0,0,0,0,0.0,0.0,0.0,0.0,0.0,0.0,0.0,0.0,0.0,0.0,0.0,0.0,0.0,6.684611727667927,945.0761936500456,11041.85455656526
,10/19/19,Sat,0.645833333,3:30p,Minnesota,Rutgers,564K,564.0,Minnesota,42.0,7.0,1.0,0.0,0,0.0,0.0,0.0,0.0,0.0,0.0,0.0,0.0,0.0,0.0,1.0,0.0,1,0,0.0,0.0,0.0,29.0,2.0,0.0,0.0,1.0,0.0,0.0,0.0,35.0,29.0,0.0,0.0,1.0,1.0,0.0,0.0,0.0,0.0,0.0,0.0,0.0,2.0,,0.0,0.0,0.0,1.0,15.5,0,0,0,0,1,0,2019-10-19,2019,1,0,0,0,0,0,0,0,0,0,0,0,0,0,0,0,0,0,0,0,0,0,0,0,0,0,0,0,0,0,0,0.0,0.0,0.0,0.0,0.0,0.0,0.0,0.0,0.0,0.0,0.0,0.0,0.0,6.336825731146441,472.81113973734074,3588.1963801393745
,10/16/19,Wed,0.833333333,8:00p,South Alabama,Troy,448K,448.0,Troy,37.0,13.0,0.0,0.0,0,0.0,0.0,1.0,0.0,0.0,0.0,0.0,0.0,0.0,0.0,0.0,0.0,0,0,0.0,0.0,1.0,17.5,0.0,0.0,0.0,0.0,0.0,0.0,0.0,24.0,17.5,0.0,0.0,0.0,0.0,0.0,0.0,0.0,0.0,0.0,0.0,0.0,0.0,,0.0,0.0,0.0,0.0,20.0,0,1,0,0,0,0,2019-10-16,2019,1,0,0,0,0,0,0,0,0,0,0,0,0,0,0,0,0,0,0,0,0,0,0,0,0,0,0,0,0,0,0,0.0,0.0,0.0,0.0,0.0,0.0,0.0,0.0,0.0,0.0,0.0,0.0,0.0,6.1070228877422545,252.57505129321189,0.0
,10/17/19,Thu,0.875,9:00p,UCLA,Stanford,445K,445.0,UCLA,34.0,16.0,0.0,0.0,0,0.0,0.0,0.0,0.0,0.0,0.0,0.0,0.0,0.0,0.0,0.0,0.0,0,0,0.0,0.0,1.0,4.5,1.0,1.0,0.0,0.0,0.0,0.0,0.0,18.0,4.5,0.0,0.0,0.0,0.0,0.0,0.0,0.0,0.0,0.0,0.0,0.0,0.0,,0.0,0.0,0.0,0.0,21.0,0,1,0,0,0,0,2019-10-17,2019,1,0,0,0,0,0,0,0,0,0,0,0,0,0,0,0,0,0,0,0,0,0,0,0,0,0,0,0,0,0,0,0.0,0.0,0.0,0.0,0.0,0.0,0.0,0.0,0.0,0.0,0.0,0.0,0.0,6.100318952020064,1219.0634629862006,0.0
,10/19/19,Sat,0.791666667,7:00p,Tulane,Memphis,192K,192.0,Memphis,47.0,17.0,0.0,0.0,1,0.0,0.0,1.0,0.0,0.0,0.0,0.0,0.0,0.0,0.0,0.0,0.0,0,0,0.0,0.0,0.0,2.0,0.0,0.0,0.0,0.0,0.0,0.0,0.0,30.0,2.0,0.0,0.0,0.0,0.0,0.0,0.0,0.0,0.0,0.0,0.0,0.0,0.0,,0.0,0.0,0.0,0.0,19.0,0,0,0,0,0,0,2019-10-19,2019,1,0,0,0,0,0,0,0,0,0,0,0,0,0,0,0,0,0,0,0,0,0,0,0,0,0,0,0,0,0,0,0.0,0.0,0.0,0.0,0.0,0.0,0.0,0.0,0.0,0.0,0.0,0.0,0.0,5.262690188904886,217.51182794618978,3277.070786397102
,10/26/19,Sat,0.645833333,3:30p,Auburn,LSU,7.18M,7180.0,LSU,23.0,20.0,0.0,2.0,1,0.0,0.0,0.0,0.0,1.0,0.0,0.0,0.0,0.0,0.0,0.0,0.0,1,0,0.0,0.0,0.0,11.5,2.0,0.0,0.0,0.0,1.0,0.0,1.0,3.0,11.5,1.0,1.0,0.0,0.0,0.0,0.0,0.0,0.0,0.0,2.0,0.0,0.0,,1.0,1.0,0.0,0.0,15.5,0,0,0,0,1,0,2019-10-26,2019,1,0,0,0,0,0,0,0,0,0,0,0,0,0,0,0,0,0,0,0,0,0,0,0,0,1,1,0,0,0,0,0.0,0.0,0.0,0.0,0.0,0.0,0.0,0.0,0.0,0.0,0.0,0.0,0.0,8.879193928110318,7864.034960398021,7988.929581095204
,10/26/19,Sat,0.8125,7:30p,Notre Dame,Michigan,6.75M,6750.0,Michigan,45.0,14.0,1.0,1.0,0,0.0,0.0,0.0,0.0,0.0,1.0,0.0,0.0,0.0,0.0,0.0,0.0,0,0,0.0,0.0,0.0,1.0,1.0,0.0,0.0,0.0,1.0,1.0,0.0,31.0,1.0,0.0,0.0,0.0,1.0,0.0,0.0,0.0,0.0,0.0,0.0,0.0,1.0,,0.0,1.0,0.0,1.0,19.5,0,0,0,0,0,0,2019-10-26,2019,1,0,0,0,0,0,0,0,0,0,0,0,0,0,0,0,0,0,0,0,0,0,0,0,0,1,0,0,0,0,0,0.0,0.0,0.0,0.0,0.0,0.0,0.0,0.0,0.0,0.0,0.0,0.0,0.0,8.81744592104187,9881.88969290323,795.9803731630988
,10/26/19,Sat,0.645833333,3:30p,Texas,TCU,2.58M,2580.0,TCU,37.0,27.0,1.0,0.0,1,1.0,0.0,0.0,0.0,0.0,0.0,0.0,0.0,0.0,0.0,0.0,0.0,1,0,0.0,0.0,0.0,1.0,1.0,1.0,0.0,1.0,0.0,0.0,0.0,10.0,1.0,0.0,0.0,0.0,0.0,0.0,0.0,1.0,1.0,2.0,0.0,0.0,0.0,,0.0,0.0,1.0,0.0,15.5,0,0,0,0,1,0,2019-10-26,2019,1,0,0,0,0,0,0,0,0,0,0,0,0,0,0,0,0,0,0,0,0,0,0,0,0,0,0,0,0,0,0,0.0,0.0,0.0,0.0,0.0,0.0,0.0,0.0,0.0,0.0,0.0,0.0,0.0,7.855932199718614,3125.786492222014,12727.178049271211
,10/26/19,Sat,0.645833333,3:30p,Arkansas,Alabama,2.12M,2120.0,Alabama,48.0,7.0,0.0,1.0,1,0.0,0.0,0.0,0.0,0.0,0.0,0.0,0.0,0.0,0.0,0.0,0.0,1,0,0.0,0.0,0.0,32.0,2.0,0.0,0.0,0.0,0.0,0.0,1.0,41.0,32.0,1.0,1.0,0.0,0.0,0.0,0.0,0.0,0.0,0.0,2.0,0.0,0.0,,1.0,0.0,0.0,0.0,15.5,0,0,0,0,1,0,2019-10-26,2019,1,0,0,0,0,0,0,0,0,0,0,0,0,0,0,0,0,0,0,0,0,0,0,0,0,0,0,0,0,0,0,0.0,0.0,0.0,0.0,0.0,0.0,0.0,0.0,0.0,0.0,0.0,0.0,0.0,7.659642954564682,3693.482366842256,12159.48217465097
,10/26/19,Sat,0.5,12:00p,Miami,Pittsburgh,1.08M,1080.0,Miami,16.0,12.0,0.0,0.0,0,0.0,0.0,0.0,0.0,0.0,0.0,0.0,0.0,0.0,0.0,0.0,0.0,1,0,0.0,0.0,0.0,4.5,0.0,2.0,0.0,0.0,0.0,0.0,0.0,4.0,4.5,0.0,0.0,0.0,0.0,1.0,1.0,0.0,0.0,0.0,0.0,2.0,0.0,,0.0,0.0,0.0,0.0,12.0,0,0,0,1,0,0,2019-10-26,2019,1,0,0,0,0,0,0,0,0,0,0,0,0,0,0,0,0,0,0,0,0,0,0,0,0,0,0,0,0,0,0,0.0,0.0,0.0,0.0,0.0,0.0,0.0,0.0,0.0,0.0,0.0,0.0,0.0,6.985641817639208,1199.067697641439,849.9141080252512
,10/25/19,Fri,0.875,9:00p,USC,Colorado,773K,773.0,USC,35.0,31.0,0.0,0.0,0,0.0,0.0,1.0,0.0,0.0,0.0,0.0,0.0,0.0,0.0,0.0,0.0,0,0,0.0,0.0,1.0,10.5,1.0,1.0,0.0,0.0,0.0,0.0,0.0,4.0,10.5,0.0,0.0,0.0,0.0,0.0,0.0,0.0,0.0,0.0,0.0,0.0,0.0,,0.0,0.0,0.0,0.0,21.0,0,0,1,0,0,0,2019-10-25,2019,1,0,0,0,0,0,0,0,0,0,0,0,0,0,0,0,0,0,0,0,0,0,0,0,0,0,0,0,0,0,0,0.0,1.0,0.0,0.0,0.0,0.0,0.0,0.0,0.0,0.0,0.0,0.0,0.0,6.651571873589727,1741.9038254846776,0.0
,10/24/19,Thu,0.8125,7:30p,SMU,Houston,769K,769.0,SMU,34.0,31.0,1.0,0.0,0,0.0,0.0,0.0,0.0,0.0,0.0,0.0,0.0,0.0,0.0,0.0,0.0,0,0,0.0,0.0,1.0,12.5,0.0,2.0,0.0,1.0,0.0,0.0,0.0,3.0,12.5,0.0,0.0,0.0,0.0,0.0,0.0,0.0,0.0,0.0,0.0,0.0,0.0,,0.0,0.0,0.0,1.0,19.5,0,1,0,0,0,0,2019-10-24,2019,1,0,0,0,0,0,0,0,0,0,0,0,0,0,0,0,0,0,0,0,0,0,0,0,0,0,0,0,0,0,0,0.0,0.0,0.0,0.0,0.0,0.0,0.0,0.0,0.0,0.0,0.0,0.0,0.0,6.646390514847729,963.136359057893,0.0
,10/26/19,Sat,0.645833333,3:30p,Maryland,Minnesota,663K,663.0,Minnesota,52.0,10.0,1.0,0.0,1,0.0,0.0,0.0,0.0,0.0,0.0,0.0,0.0,0.0,0.0,0.0,0.0,1,0,0.0,0.0,0.0,14.5,2.0,0.0,0.0,0.0,0.0,1.0,0.0,42.0,14.5,0.0,0.0,1.0,1.0,0.0,0.0,0.0,0.0,0.0,0.0,0.0,2.0,,0.0,0.0,0.0,1.0,15.5,0,0,0,0,1,0,2019-10-26,2019,1,0,0,0,0,0,0,0,0,0,0,0,0,0,0,0,0,0,0,0,0,0,0,0,0,0,0,0,0,0,0,0.0,0.0,0.0,0.0,0.0,0.0,0.0,0.0,0.0,0.0,0.0,0.0,0.0,6.498282149476434,1169.6607220309338,14683.303819462291
,10/26/19,Sat,0.5,12:00p,Iowa,Northwestern,584K,584.0,Iowa,20.0,0.0,1.0,0.0,0,0.0,0.0,1.0,0.0,0.0,0.0,0.0,0.0,0.0,0.0,0.0,0.0,1,0,0.0,0.0,0.0,8.0,2.0,0.0,0.0,1.0,0.0,0.0,0.0,20.0,8.0,0.0,0.0,1.0,1.0,0.0,0.0,0.0,0.0,0.0,0.0,0.0,2.0,,0.0,0.0,0.0,1.0,12.0,0,0,0,1,0,0,2019-10-26,2019,1,0,0,0,0,0,0,0,0,0,0,0,0,0,0,0,0,0,0,0,0,0,0,0,0,0,0,0,0,0,0,0.0,0.0,0.0,0.0,0.0,0.0,0.0,0.0,0.0,0.0,0.0,0.0,0.0,6.371611847231857,849.9141080252512,1199.067697641439
,10/26/19,Sat,0.791666667,7:00p,Texas Tech,Kansas,379K,379.0,Kansas,37.0,34.0,0.0,0.0,1,0.0,1.0,0.0,0.0,0.0,0.0,0.0,0.0,0.0,0.0,0.0,0.0,0,0,0.0,0.0,0.0,6.5,0.0,2.0,0.0,0.0,0.0,0.0,0.0,3.0,6.5,0.0,0.0,0.0,0.0,0.0,0.0,1.0,1.0,2.0,0.0,0.0,0.0,,0.0,0.0,0.0,0.0,19.0,0,0,0,0,0,0,2019-10-26,2019,1,0,0,0,0,0,0,0,0,0,0,0,0,0,0,0,0,0,0,0,0,0,0,0,0,0,0,0,0,0,0,0.0,0.0,0.0,0.0,0.0,0.0,0.0,0.0,0.0,0.0,0.0,0.0,0.0,5.940171252720432,523.2288884171185,10154.641177649211
,10/26/19,Sat,0.791666667,7:00p,UCF,Temple,277K,277.0,UCF,63.0,21.0,0.0,0.0,1,0.0,0.0,1.0,0.0,0.0,0.0,0.0,0.0,0.0,0.0,0.0,0.0,0,0,0.0,0.0,0.0,11.5,0.0,1.0,0.0,0.0,0.0,0.0,0.0,42.0,11.5,0.0,0.0,0.0,0.0,0.0,0.0,0.0,0.0,0.0,0.0,0.0,0.0,,0.0,0.0,0.0,0.0,19.0,0,0,0,0,0,0,2019-10-26,2019,1,0,0,0,0,0,0,0,0,0,0,0,0,0,0,0,0,0,0,0,0,0,0,0,0,0,0,0,0,0,0,0.0,0.0,0.0,0.0,0.0,0.0,0.0,0.0,0.0,0.0,0.0,0.0,0.0,5.627621113690637,272.7514847459803,10405.118581320348
,10/26/19,Sat,0.916666667,10:00p,California,Utah,251K,251.0,Utah,35.0,0.0,1.0,0.0,0,0.0,1.0,0.0,0.0,0.0,0.0,0.0,0.0,0.0,0.0,0.0,0.0,0,1,0.0,0.0,0.0,21.0,0.0,2.0,0.0,0.0,0.0,1.0,0.0,35.0,21.0,0.0,0.0,0.0,0.0,0.0,0.0,0.0,0.0,0.0,0.0,0.0,0.0,,0.0,0.0,0.0,0.0,22.0,0,0,0,0,0,1,2019-10-26,2019,1,0,0,0,0,0,0,0,0,0,0,0,0,0,0,0,0,0,0,0,0,0,0,0,0,0,0,0,0,0,0,0.0,0.0,0.0,0.0,0.0,0.0,0.0,0.0,0.0,0.0,0.0,0.0,0.0,5.529429087511423,458.57284730331696,0.0
,11/2/19,Sat,0.645833333,3:30p,Georgia,Florida,6.98M,6980.0,Georgia,24.0,17.0,0.0,2.0,1,0.0,0.0,0.0,0.0,1.0,0.0,0.0,0.0,0.0,0.0,0.0,0.0,1,0,0.0,0.0,0.0,6.5,2.0,0.0,0.0,0.0,1.0,0.0,1.0,7.0,6.5,1.0,1.0,0.0,0.0,0.0,0.0,0.0,0.0,0.0,2.0,0.0,0.0,,0.0,2.0,0.0,0.0,15.5,0,0,0,0,1,0,2019-11-02,2019,1,0,0,0,0,1,0,0,0,0,0,0,0,0,0,0,0,0,0,0,0,0,0,0,0,1,1,0,0,0,0,0.0,0.0,0.0,0.0,0.0,0.0,0.0,0.0,0.0,0.0,0.0,0.0,0.0,8.850947451970402,8762.598318872804,4959.897873242584
,11/2/19,Sat,0.833333333,8:00p,Oregon,USC,3.43M,3430.0,Oregon,56.0,24.0,0.0,1.0,0,1.0,0.0,0.0,0.0,0.0,0.0,0.0,0.0,0.0,0.0,0.0,0.0,0,0,0.0,0.0,0.0,3.5,2.0,0.0,0.0,0.0,1.0,0.0,0.0,32.0,3.5,0.0,0.0,0.0,0.0,0.0,0.0,0.0,0.0,0.0,0.0,0.0,0.0,,0.0,0.0,0.0,0.0,20.0,0,0,0,0,0,0,2019-11-02,2019,1,0,0,0,0,0,0,0,0,0,0,0,0,0,0,0,0,0,0,0,0,0,0,0,0,0,0,0,0,0,0,0.0,0.0,0.0,0.0,0.0,0.0,0.0,0.0,0.0,0.0,0.0,0.0,0.0,8.14060704285845,3590.510199757008,1686.3043835648891
,11/2/19,Sat,0.5,12:00p,Michigan,Maryland,3.10M,3100.0,Michigan,38.0,7.0,1.0,0.0,0,0.0,0.0,0.0,0.0,0.0,1.0,0.0,0.0,0.0,0.0,0.0,0.0,1,0,0.0,0.0,0.0,21.5,2.0,0.0,0.0,1.0,0.0,0.0,0.0,31.0,21.5,0.0,0.0,1.0,1.0,0.0,0.0,0.0,0.0,0.0,0.0,0.0,2.0,,0.0,0.0,1.0,0.0,12.0,0,0,0,1,0,0,2019-11-02,2019,1,0,0,0,0,0,0,0,0,0,0,0,0,0,0,0,0,0,0,0,0,0,0,0,0,0,0,0,0,0,0,0.0,0.0,0.0,0.0,0.0,0.0,0.0,0.0,0.0,0.0,0.0,0.0,0.0,8.03947991910045,3382.526571191918,3082.8726132022994
,11/2/19,Sat,0.604166667,2:30p,Virginia Tech,Notre Dame,2.95M,2950.0,Notre Dame,21.0,20.0,1.0,0.0,0,0.0,0.0,0.0,1.0,0.0,0.0,0.0,0.0,0.0,0.0,0.0,0.0,1,0,0.0,0.0,0.0,17.5,0.0,1.0,0.0,0.0,0.0,1.0,0.0,1.0,17.5,0.0,0.0,0.0,0.0,1.0,0.0,0.0,0.0,0.0,0.0,1.0,0.0,,0.0,0.0,0.0,1.0,14.5,0,0,0,0,1,0,2019-11-02,2019,1,0,0,0,0,0,0,0,0,0,0,0,0,0,0,0,0,0,0,0,0,0,0,0,0,0,0,0,0,0,0,0.0,0.0,0.0,0.0,0.0,0.0,0.0,0.0,0.0,0.0,0.0,0.0,0.0,7.989899374942939,2736.4469396255936,8762.598318872804
,11/2/19,Sat,0.8125,7:30p,SMU,Memphis,2.95M,2950.0,Memphis,54.0,48.0,2.0,0.0,0,0.0,0.0,0.0,0.0,0.0,1.0,0.0,0.0,0.0,0.0,0.0,0.0,0,0,0.0,0.0,0.0,6.5,0.0,1.0,0.0,1.0,0.0,1.0,0.0,6.0,6.5,0.0,0.0,0.0,0.0,0.0,0.0,0.0,0.0,0.0,0.0,0.0,0.0,,0.0,0.0,1.0,1.0,19.5,0,0,0,0,0,0,2019-11-02,2019,1,0,0,0,0,0,0,0,0,0,0,0,0,0,0,0,0,0,0,0,0,0,0,0,0,1,0,0,0,0,0,0.0,0.0,0.0,0.0,0.0,0.0,0.0,0.0,0.0,0.0,0.0,0.0,0.0,7.989899374942939,1122.6181122595576,4154.19647106234
,11/2/19,Sat,0.5,12:00p,Nebraska,Purdue,2.70M,2700.0,Purdue,31.0,27.0,0.0,0.0,0,1.0,0.0,0.0,0.0,0.0,0.0,0.0,0.0,0.0,0.0,0.0,0.0,1,0,0.0,0.0,0.0,4.0,2.0,0.0,0.0,0.0,0.0,0.0,0.0,4.0,4.0,0.0,0.0,1.0,1.0,0.0,0.0,0.0,0.0,0.0,0.0,0.0,2.0,,0.0,0.0,0.0,0.0,12.0,0,0,0,1,0,0,2019-11-02,2019,1,0,0,0,0,0,0,0,0,0,0,0,0,0,0,0,0,0,0,0,0,0,0,0,0,0,0,0,0,0,0,0.0,0.0,0.0,0.0,0.0,0.0,0.0,0.0,0.0,0.0,0.0,0.0,0.0,7.901377353792616,2711.137758007075,3754.261426387143
,11/2/19,Sat,0.666666667,4:00p,Utah,Washington,1.96M,1960.0,Utah,33.0,28.0,0.0,1.0,1,1.0,0.0,0.0,0.0,0.0,0.0,0.0,0.0,0.0,0.0,0.0,0.0,1,0,0.0,0.0,0.0,3.0,1.0,1.0,0.0,0.0,1.0,0.0,0.0,5.0,3.0,0.0,0.0,0.0,0.0,0.0,0.0,0.0,0.0,0.0,0.0,0.0,0.0,,0.0,1.0,0.0,0.0,16.0,0,0,0,0,1,0,2019-11-02,2019,1,0,0,0,0,0,0,0,0,0,0,0,0,0,0,0,0,0,0,0,0,0,0,0,0,0,0,0,0,0,0,0.0,0.0,0.0,0.0,0.0,0.0,0.0,0.0,0.0,0.0,0.0,0.0,0.0,7.581209826196346,2223.4509336169904,8762.598318872804
,10/31/19,Thu,0.833333333,8:00p,West Virginia,Baylor,1.13M,1130.0,Baylor,17.0,14.0,1.0,0.0,0,0.0,0.0,0.0,0.0,0.0,0.0,0.0,0.0,0.0,0.0,0.0,0.0,0,0,0.0,0.0,1.0,18.0,0.0,2.0,0.0,0.0,0.0,1.0,0.0,3.0,18.0,0.0,0.0,0.0,0.0,0.0,0.0,1.0,1.0,2.0,0.0,0.0,0.0,,0.0,0.0,0.0,0.0,20.0,0,1,0,0,0,0,2019-10-31,2019,1,0,0,0,0,0,0,0,0,0,0,0,0,0,0,0,0,0,0,0,0,0,0,0,0,0,0,0,0,0,0,0.0,0.0,0.0,0.0,0.0,0.0,0.0,0.0,0.0,0.0,0.0,0.0,0.0,7.030857476116121,1874.967076602954,0.0
,11/2/19,Sat,0.5,12:00p,Houston,UCF,736K,736.0,UCF,44.0,29.0,0.0,0.0,0,0.0,0.0,1.0,0.0,0.0,0.0,0.0,0.0,0.0,0.0,0.0,0.0,1,0,0.0,0.0,0.0,21.5,0.0,2.0,0.0,0.0,0.0,0.0,0.0,15.0,21.5,0.0,0.0,0.0,0.0,0.0,0.0,0.0,0.0,0.0,0.0,0.0,0.0,,0.0,0.0,0.0,0.0,12.0,0,0,0,1,0,0,2019-11-02,2019,1,0,0,0,0,0,0,0,0,0,0,0,0,0,0,0,0,0,0,0,0,0,0,0,0,0,0,0,0,0,0,0.0,0.0,0.0,0.0,0.0,0.0,0.0,0.0,0.0,0.0,0.0,0.0,0.0,6.602587892189336,371.7348551952248,6093.664329198993
,11/2/19,Sat,0.791666667,7:00p,UAB,Tennessee,496K,496.0,Tennessee,30.0,7.0,0.0,0.0,0,0.0,0.0,0.0,0.0,0.0,0.0,0.0,1.0,0.0,0.0,0.0,0.0,0,0,0.0,0.0,0.0,13.5,1.0,0.0,0.0,0.0,0.0,0.0,0.0,23.0,13.5,0.0,1.0,0.0,0.0,0.0,0.0,0.0,0.0,0.0,1.0,0.0,0.0,,0.0,0.0,0.0,0.0,19.0,0,0,0,0,0,0,2019-11-02,2019,1,0,0,0,0,0,0,0,0,0,0,0,0,0,0,0,0,0,0,0,0,0,0,0,0,0,0,0,0,0,0,0.0,0.0,0.0,0.0,0.0,0.0,0.0,0.0,0.0,0.0,0.0,0.0,0.0,6.208590026096629,151.14879491638058,5125.665788405517
,11/2/19,Sat,0.8125,7:30p,Northwestern,Indiana,377K,377.0,Indiana,34.0,3.0,0.0,0.0,1,0.0,1.0,0.0,0.0,0.0,0.0,0.0,0.0,0.0,0.0,0.0,0.0,0,0,0.0,0.0,0.0,8.0,2.0,0.0,0.0,0.0,0.0,0.0,0.0,31.0,8.0,0.0,0.0,1.0,1.0,0.0,0.0,0.0,0.0,0.0,0.0,0.0,2.0,,0.0,0.0,0.0,0.0,19.5,0,0,0,0,0,0,2019-11-02,2019,1,0,0,0,0,0,0,0,0,0,0,0,0,0,0,0,0,0,0,0,0,0,0,0,0,0,0,0,0,0,0,0.0,0.0,0.0,0.0,0.0,0.0,0.0,0.0,0.0,0.0,0.0,0.0,0.0,5.934894195619588,412.5374763889508,4864.2771069329465
,11/9/19,Sat,0.645833333,3:30p,LSU,Alabama,16.64M,16640.0,LSU,46.0,41.0,0.0,2.0,0,0.0,0.0,0.0,0.0,1.0,0.0,0.0,0.0,0.0,0.0,0.0,0.0,1,0,0.0,0.0,0.0,6.0,2.0,0.0,0.0,0.0,1.0,0.0,1.0,5.0,6.0,1.0,1.0,0.0,0.0,0.0,0.0,0.0,0.0,0.0,2.0,0.0,0.0,,2.0,0.0,0.0,0.0,15.5,0,0,0,0,1,0,2019-11-09,2019,1,0,0,0,0,0,0,0,0,0,0,0,0,0,0,0,0,0,0,0,0,0,0,0,1,1,1,0,0,0,0,0.0,0.0,0.0,0.0,0.0,0.0,0.0,0.0,0.0,0.0,0.0,0.0,0.0,9.719624808723344,11994.810964019409,5055.718611789516
,11/9/19,Sat,0.666666667,4:00p,Iowa,Wisconsin,2.32M,2320.0,Wisconsin,24.0,22.0,2.0,0.0,0,1.0,0.0,0.0,0.0,0.0,0.0,0.0,0.0,0.0,0.0,0.0,0.0,1,0,0.0,0.0,0.0,7.5,2.0,0.0,0.0,1.0,0.0,1.0,0.0,2.0,7.5,0.0,0.0,1.0,1.0,0.0,0.0,0.0,0.0,0.0,0.0,0.0,2.0,,0.0,0.0,0.0,2.0,16.0,0,0,0,0,1,0,2019-11-09,2019,1,0,0,0,0,0,0,0,0,0,0,0,0,0,0,0,0,0,0,0,0,0,0,0,0,1,0,1,0,0,0,0.0,0.0,0.0,0.0,0.0,0.0,0.0,0.0,0.0,0.0,0.0,0.0,0.0,7.749753406274437,4459.641598832124,12590.887976976801
,11/9/19,Sat,0.791666667,7:00p,Missouri,Georgia,2.17M,2170.0,Georgia,27.0,0.0,0.0,1.0,0,0.0,0.0,0.0,0.0,0.0,0.0,0.0,0.0,0.0,0.0,0.0,0.0,0,0,0.0,0.0,0.0,18.5,2.0,0.0,0.0,0.0,0.0,0.0,1.0,27.0,18.5,1.0,1.0,0.0,0.0,0.0,0.0,0.0,0.0,0.0,2.0,0.0,0.0,,0.0,0.0,0.0,0.0,19.0,0,0,0,0,0,0,2019-11-09,2019,1,0,0,0,0,0,0,0,0,0,0,0,0,0,0,0,0,0,0,0,0,0,0,0,0,0,0,0,0,0,0,0.0,0.0,0.0,0.0,0.0,0.0,0.0,0.0,0.0,0.0,0.0,0.0,0.0,7.682943169878292,3166.5474944048115,132.7229332366858
,11/9/19,Sat,0.5,12:00p,Vanderbilt,Florida,1.23M,1230.0,Florida,56.0,0.0,0.0,1.0,0,0.0,0.0,0.0,0.0,0.0,0.0,0.0,0.0,0.0,0.0,0.0,0.0,1,0,0.0,0.0,0.0,27.0,2.0,0.0,0.0,0.0,0.0,0.0,1.0,56.0,27.0,1.0,1.0,0.0,0.0,0.0,0.0,0.0,0.0,0.0,2.0,0.0,0.0,,0.0,1.0,0.0,0.0,12.0,0,0,0,1,0,0,2019-11-09,2019,1,0,0,0,0,0,0,0,0,0,0,0,0,0,0,0,0,0,0,0,0,0,0,0,0,0,0,0,0,0,0,0.0,0.0,0.0,0.0,0.0,0.0,0.0,0.0,0.0,0.0,0.0,0.0,0.0,7.115582126184454,2062.6219906103993,1205.802908200249
,11/8/19,Fri,0.791666667,7:00p,UCF,Tulsa,787K,787.0,Tulsa,34.0,31.0,0.0,0.0,0,0.0,0.0,1.0,0.0,0.0,0.0,0.0,0.0,0.0,0.0,0.0,0.0,0,0,0.0,0.0,1.0,16.5,0.0,1.0,0.0,0.0,0.0,0.0,0.0,3.0,16.5,0.0,0.0,0.0,0.0,0.0,0.0,0.0,0.0,0.0,0.0,0.0,0.0,,0.0,0.0,0.0,0.0,19.0,0,0,1,0,0,0,2019-11-08,2019,1,0,0,0,0,0,0,0,0,0,0,0,0,0,0,0,0,0,0,0,0,0,0,0,0,0,0,0,0,0,0,0.0,1.0,0.0,0.0,0.0,0.0,0.0,0.0,0.0,0.0,0.0,0.0,0.0,6.669498089857879,807.2674799451585,0.0
,11/9/19,Sat,0.5,12:00p,Baylor,TCU,728K,728.0,Baylor,29.0,23.0,1.0,0.0,1,0.0,1.0,0.0,0.0,0.0,0.0,0.0,0.0,0.0,0.0,0.0,0.0,1,0,0.0,0.0,0.0,2.0,0.0,2.0,0.0,1.0,0.0,0.0,0.0,6.0,2.0,0.0,0.0,0.0,0.0,0.0,0.0,1.0,1.0,2.0,0.0,0.0,0.0,,0.0,0.0,1.0,0.0,12.0,0,0,0,1,0,0,2019-11-09,2019,1,0,0,0,0,0,0,0,0,0,0,0,0,0,0,0,0,0,0,0,0,0,0,0,0,0,0,0,0,0,0,0.0,0.0,0.0,0.0,0.0,0.0,0.0,0.0,0.0,0.0,0.0,0.0,0.0,6.591673732008658,538.8151619121938,2729.6097368984542
,11/7/19,Thu,0.833333333,8:00p,Temple,South Florida,431K,431.0,Temple,17.0,7.0,0.0,0.0,0,0.0,0.0,0.0,0.0,0.0,0.0,0.0,0.0,0.0,0.0,0.0,0.0,0,0,0.0,0.0,1.0,1.0,0.0,0.0,0.0,0.0,0.0,0.0,0.0,10.0,1.0,0.0,0.0,0.0,0.0,0.0,0.0,0.0,0.0,0.0,0.0,0.0,0.0,,0.0,0.0,0.0,0.0,20.0,0,1,0,0,0,0,2019-11-07,2019,1,0,0,0,0,0,0,0,0,0,0,0,0,0,0,0,0,0,0,0,0,0,0,0,0,0,0,0,0,0,0,0.0,0.0,0.0,0.0,0.0,0.0,0.0,0.0,0.0,0.0,0.0,0.0,0.0,6.068425588244111,519.7188658432968,0.0
,11/9/19,Sat,0.5,12:00p,Texas Tech,West Virginia,429K,429.0,Texas Tech,38.0,17.0,0.0,0.0,1,0.0,0.0,1.0,0.0,0.0,0.0,0.0,0.0,0.0,0.0,0.0,0.0,1,0,0.0,0.0,0.0,2.5,0.0,2.0,0.0,0.0,0.0,0.0,0.0,21.0,2.5,0.0,0.0,0.0,0.0,0.0,0.0,1.0,1.0,2.0,0.0,0.0,0.0,,0.0,0.0,0.0,0.0,12.0,0,0,0,1,0,0,2019-11-09,2019,1,0,0,0,0,0,0,0,0,0,0,0,0,0,0,0,0,0,0,0,0,0,0,0,0,0,0,0,0,0,0,0.0,0.0,0.0,0.0,0.0,0.0,0.0,0.0,0.0,0.0,0.0,0.0,0.0,6.063785208687608,666.9877462880551,2601.4371525225934
,11/9/19,Sat,0.645833333,3:30p,Louisville,Miami,330K,330.0,Miami,52.0,27.0,0.0,0.0,1,0.0,0.0,1.0,0.0,0.0,0.0,0.0,0.0,0.0,0.0,0.0,0.0,1,0,0.0,0.0,0.0,6.5,0.0,2.0,0.0,0.0,0.0,0.0,0.0,25.0,6.5,0.0,0.0,0.0,0.0,1.0,1.0,0.0,0.0,0.0,0.0,2.0,0.0,,0.0,0.0,0.0,0.0,15.5,0,0,0,0,1,0,2019-11-09,2019,1,0,0,0,0,0,0,0,0,0,0,0,0,0,0,0,0,0,0,0,0,0,0,0,0,0,0,0,0,0,0,0.0,0.0,0.0,0.0,0.0,0.0,0.0,0.0,0.0,0.0,0.0,0.0,0.0,5.802118375377063,596.0770129573916,16454.452562851533
,11/9/19,Sat,0.8125,7:30p,Liberty,BYU,166K,166.0,BYU,31.0,24.0,0.0,0.0,0,0.0,0.0,0.0,0.0,0.0,0.0,0.0,1.0,0.0,0.0,0.0,0.0,0,0,0.0,0.0,0.0,17.0,0.0,1.0,0.0,0.0,0.0,0.0,0.0,7.0,17.0,0.0,0.0,0.0,0.0,0.0,0.0,0.0,0.0,0.0,0.0,0.0,0.0,,0.0,0.0,0.0,0.0,19.5,0,0,0,0,0,0,2019-11-09,2019,1,0,0,0,0,0,0,0,0,0,0,0,0,0,0,0,0,0,0,0,0,0,0,0,0,0,0,0,0,0,0,0.0,0.0,0.0,0.0,0.0,0.0,0.0,0.0,0.0,0.0,0.0,0.0,0.0,5.117993812416755,132.7229332366858,3166.5474944048115
,11/16/19,Sat,0.8125,7:30p,Oklahoma,Baylor,6.79M,6790.0,Oklahoma,34.0,31.0,1.0,1.0,1,0.0,0.0,0.0,0.0,0.0,1.0,0.0,0.0,0.0,0.0,0.0,0.0,0,0,0.0,0.0,0.0,10.5,1.0,1.0,0.0,0.0,1.0,1.0,0.0,3.0,10.5,0.0,0.0,0.0,0.0,0.0,0.0,1.0,1.0,2.0,0.0,0.0,0.0,,0.0,0.0,0.0,0.0,19.5,0,0,0,0,0,0,2019-11-16,2019,1,0,0,0,0,0,0,0,0,0,0,0,0,0,0,0,0,0,0,0,0,0,0,0,0,1,0,0,0,1,0,0.0,0.0,0.0,0.0,0.0,0.0,0.0,0.0,0.0,0.0,0.0,0.0,0.0,8.823353485113792,4765.78847802019,1835.3642011067013
,11/16/19,Sat,0.645833333,3:30p,Georgia,Auburn,6.77M,6770.0,Georgia,21.0,14.0,1.0,1.0,2,0.0,0.0,0.0,0.0,1.0,0.0,0.0,0.0,0.0,0.0,0.0,0.0,1,0,0.0,0.0,0.0,3.0,2.0,0.0,0.0,0.0,1.0,1.0,0.0,7.0,3.0,1.0,1.0,0.0,0.0,0.0,0.0,0.0,0.0,0.0,2.0,0.0,0.0,,1.0,0.0,1.0,0.0,15.5,0,0,0,0,1,0,2019-11-16,2019,1,0,0,0,0,0,0,0,0,0,0,0,0,0,0,0,0,0,0,0,0,0,0,0,0,1,1,0,0,0,0,0.0,0.0,0.0,0.0,0.0,0.0,0.0,0.0,0.0,0.0,0.0,0.0,0.0,8.820404065485645,7020.9940439864395,9239.747692936904
,11/16/19,Sat,0.666666667,4:00p,Minnesota,Iowa,4.41M,4410.0,Iowa,23.0,19.0,1.0,1.0,2,1.0,0.0,0.0,0.0,0.0,0.0,0.0,0.0,0.0,0.0,0.0,0.0,1,0,0.0,0.0,0.0,3.0,2.0,0.0,0.0,0.0,1.0,1.0,0.0,4.0,3.0,0.0,0.0,1.0,1.0,0.0,0.0,0.0,0.0,0.0,0.0,0.0,2.0,,0.0,1.0,0.0,1.0,16.0,0,0,0,0,1,0,2019-11-16,2019,1,0,0,0,0,0,0,0,0,0,0,0,0,0,0,0,0,0,0,0,0,0,0,0,0,1,0,1,0,0,0,0.0,0.0,0.0,0.0,0.0,0.0,0.0,0.0,0.0,0.0,0.0,0.0,0.0,8.39185670010494,3860.437604397805,9639.268727595225
,11/16/19,Sat,0.5,12:00p,Florida,Missouri,2.29M,2290.0,Florida,23.0,6.0,1.0,0.0,0,0.0,0.0,0.0,0.0,1.0,0.0,0.0,0.0,0.0,0.0,0.0,0.0,1,0,0.0,0.0,0.0,6.5,2.0,0.0,0.0,1.0,0.0,0.0,0.0,17.0,6.5,1.0,1.0,0.0,0.0,0.0,0.0,0.0,0.0,0.0,2.0,0.0,0.0,,0.0,0.0,1.0,0.0,12.0,0,0,0,1,0,0,2019-11-16,2019,1,0,0,0,0,0,0,0,0,0,0,0,0,0,0,0,0,0,0,0,0,0,0,0,0,0,0,0,0,0,0,0.0,0.0,0.0,0.0,0.0,0.0,0.0,0.0,0.0,0.0,0.0,0.0,0.0,7.736743682453495,3794.499200036088,581.9713267429619
,11/16/19,Sat,0.645833333,3:30p,Wake Forest,Clemson,1.91M,1910.0,Clemson,52.0,3.0,0.0,1.0,2,0.0,0.0,0.0,0.0,0.0,1.0,0.0,0.0,0.0,0.0,0.0,0.0,1,0,0.0,0.0,0.0,34.5,0.0,2.0,0.0,0.0,0.0,0.0,1.0,49.0,34.5,0.0,0.0,0.0,0.0,1.0,1.0,0.0,0.0,0.0,0.0,2.0,0.0,,1.0,0.0,0.0,0.0,15.5,0,0,0,0,1,0,2019-11-16,2019,1,0,0,0,0,0,0,0,0,0,0,0,0,0,0,0,0,0,0,0,0,0,0,0,0,0,0,0,0,0,0,0.0,0.0,0.0,0.0,0.0,0.0,0.0,0.0,0.0,0.0,0.0,0.0,0.0,7.555381944240273,2263.0271229311124,13997.714613992232
,11/16/19,Sat,0.9375,10:30p,Arizona,Oregon,1.61M,1610.0,Oregon,34.0,6.0,0.0,1.0,0,0.0,0.0,0.0,0.0,0.0,0.0,0.0,0.0,0.0,0.0,0.0,0.0,0,1,0.0,0.0,0.0,27.0,1.0,1.0,0.0,0.0,0.0,0.0,1.0,28.0,27.0,0.0,0.0,0.0,0.0,0.0,0.0,0.0,0.0,0.0,0.0,0.0,0.0,,0.0,0.0,0.0,0.0,22.5,0,0,0,0,0,1,2019-11-16,2019,1,0,0,0,0,0,0,0,0,0,0,0,0,0,0,0,0,0,0,0,0,0,0,0,0,0,0,0,0,0,0,0.0,0.0,0.0,0.0,0.0,0.0,0.0,0.0,0.0,0.0,0.0,0.0,0.0,7.384610383176974,1807.1574503799072,548.6235420254806
,11/16/19,Sat,0.604166667,2:30p,Navy,Notre Dame,1.56M,1560.0,Notre Dame,52.0,20.0,2.0,0.0,1,0.0,0.0,0.0,1.0,0.0,0.0,0.0,0.0,0.0,0.0,0.0,0.0,1,0,0.0,0.0,0.0,7.5,0.0,0.0,0.0,1.0,0.0,1.0,0.0,32.0,7.5,0.0,0.0,0.0,0.0,0.0,0.0,0.0,0.0,0.0,0.0,0.0,0.0,,0.0,0.0,0.0,2.0,14.5,0,0,0,0,1,0,2019-11-16,2019,1,0,0,0,0,0,0,0,0,0,0,0,0,0,0,0,0,0,0,0,0,0,0,0,0,1,0,0,0,0,0,0.0,0.0,0.0,0.0,0.0,0.0,0.0,0.0,0.0,0.0,0.0,0.0,0.0,7.353081920515432,2761.035404930313,9639.268727595225
,11/16/19,Sat,0.833333333,8:00p,UCLA,Utah,1.52M,1520.0,Utah,49.0,3.0,0.0,1.0,1,1.0,0.0,0.0,0.0,0.0,0.0,0.0,0.0,0.0,0.0,0.0,0.0,0,0,0.0,0.0,0.0,21.0,1.0,1.0,0.0,0.0,0.0,0.0,1.0,46.0,21.0,0.0,0.0,0.0,0.0,0.0,0.0,0.0,0.0,0.0,0.0,0.0,0.0,,0.0,0.0,0.0,0.0,20.0,0,0,0,0,0,0,2019-11-16,2019,1,0,0,0,0,0,0,0,0,0,0,0,0,0,0,0,0,0,0,0,0,0,0,0,0,0,0,0,0,0,0,0.0,0.0,0.0,0.0,0.0,0.0,0.0,0.0,0.0,0.0,0.0,0.0,0.0,7.327123292259293,1835.3642011067013,4765.78847802019
,11/14/19,Thu,0.833333333,8:00p,North Carolina,Pittsburgh,789K,789.0,Pittsburgh,34.0,27.0,0.0,0.0,0,0.0,0.0,0.0,0.0,0.0,0.0,0.0,0.0,0.0,0.0,0.0,0.0,0,0,0.0,0.0,1.0,4.0,0.0,2.0,0.0,0.0,0.0,0.0,0.0,7.0,4.0,0.0,0.0,0.0,0.0,1.0,1.0,0.0,0.0,0.0,0.0,2.0,0.0,,0.0,0.0,0.0,0.0,20.0,0,1,0,0,0,0,2019-11-14,2019,1,0,0,0,0,0,0,0,0,0,0,0,0,0,0,0,0,0,0,0,0,0,0,0,0,0,0,0,0,0,0,0.0,0.0,0.0,0.0,0.0,0.0,0.0,0.0,0.0,0.0,0.0,0.0,0.0,6.672032945461067,1630.7834647859188,0.0
,11/16/19,Sat,0.5,12:00p,TCU,Texas Tech,562K,562.0,TCU,33.0,31.0,0.0,0.0,0,0.0,0.0,1.0,0.0,0.0,0.0,0.0,0.0,0.0,0.0,0.0,0.0,1,0,0.0,0.0,0.0,3.5,0.0,2.0,0.0,0.0,0.0,0.0,0.0,2.0,3.5,0.0,0.0,0.0,0.0,0.0,0.0,1.0,1.0,2.0,0.0,0.0,0.0,,0.0,0.0,0.0,0.0,12.0,0,0,0,1,0,0,2019-11-16,2019,1,0,0,0,0,0,0,0,0,0,0,0,0,0,0,0,0,0,0,0,0,0,0,0,0,0,0,0,0,0,0,0.0,0.0,0.0,0.0,0.0,0.0,0.0,0.0,0.0,0.0,0.0,0.0,0.0,6.333279628139691,581.9713267429619,3794.499200036088
,11/16/19,Sat,0.958333333,11:00p,USC,California,551K,551.0,USC,41.0,17.0,0.0,0.0,1,0.0,1.0,0.0,0.0,0.0,0.0,0.0,0.0,0.0,0.0,0.0,0.0,0,1,0.0,0.0,0.0,4.0,1.0,1.0,0.0,0.0,0.0,0.0,0.0,24.0,4.0,0.0,0.0,0.0,0.0,0.0,0.0,0.0,0.0,0.0,0.0,0.0,0.0,,0.0,0.0,0.0,0.0,23.0,0,0,0,0,0,1,2019-11-16,2019,1,0,0,0,0,0,0,0,0,0,0,0,0,0,0,0,0,0,0,0,0,0,0,0,0,0,0,0,0,0,0,0.0,0.0,0.0,0.0,0.0,0.0,0.0,0.0,0.0,0.0,0.0,0.0,0.0,6.313548046277095,548.6235420254806,1807.1574503799072
,11/13/19,Wed,0.833333333,8:00p,Northern Illinois,Toledo,347K,347.0,Northern Illinois,31.0,28.0,0.0,0.0,0,0.0,0.0,1.0,0.0,0.0,0.0,0.0,0.0,0.0,0.0,0.0,0.0,0,0,0.0,0.0,1.0,2.0,0.0,0.0,0.0,0.0,0.0,0.0,0.0,3.0,2.0,0.0,0.0,0.0,0.0,0.0,0.0,0.0,0.0,0.0,0.0,0.0,0.0,,0.0,0.0,0.0,0.0,20.0,0,1,0,0,0,0,2019-11-13,2019,1,0,0,0,0,0,0,0,0,0,0,0,0,0,0,0,0,0,0,0,0,0,0,0,0,0,0,0,0,0,0,0.0,0.0,0.0,0.0,0.0,0.0,0.0,0.0,0.0,0.0,0.0,0.0,0.0,5.8522024797744745,322.55574726759676,0.0
,11/12/19,Tue,0.75,6:00p,Western Michigan,Ohio,338K,338.0,Western Michigan,37.0,34.0,0.0,0.0,0,0.0,0.0,1.0,0.0,0.0,0.0,0.0,0.0,0.0,0.0,0.0,0.0,0,0,0.0,0.0,1.0,1.5,0.0,0.0,0.0,0.0,0.0,0.0,0.0,3.0,1.5,0.0,0.0,0.0,0.0,0.0,0.0,0.0,0.0,0.0,0.0,0.0,0.0,,0.0,0.0,0.0,0.0,18.0,0,1,0,0,0,0,2019-11-12,2019,1,0,0,0,0,0,0,0,0,0,0,0,0,0,0,0,0,0,0,0,0,0,0,0,0,0,0,0,0,0,0,0.0,0.0,0.0,0.0,0.0,0.0,0.0,0.0,0.0,0.0,0.0,0.0,0.0,5.82600010738045,424.01281474690813,0.0
,11/16/19,Sat,0.645833333,3:30p,Memphis,Houston,292K,292.0,Memphis,45.0,27.0,1.0,0.0,3,0.0,0.0,1.0,0.0,0.0,0.0,0.0,0.0,0.0,0.0,0.0,0.0,1,0,0.0,0.0,0.0,9.5,0.0,1.0,0.0,1.0,0.0,0.0,0.0,18.0,9.5,0.0,0.0,0.0,0.0,0.0,0.0,0.0,0.0,0.0,0.0,0.0,0.0,,0.0,0.0,0.0,1.0,15.5,0,0,0,0,1,0,2019-11-16,2019,1,0,0,0,0,0,0,0,0,0,0,0,0,0,0,0,0,0,0,0,0,0,0,0,0,0,0,0,0,0,0,0.0,0.0,0.0,0.0,0.0,0.0,0.0,0.0,0.0,0.0,0.0,0.0,0.0,5.680172609017068,355.24756067767333,15905.494176245671
,11/23/19,Sat,0.645833333,3:30p,Texas A&M,Georgia,4.89M,4890.0,Georgia,19.0,13.0,0.0,1.0,0,0.0,0.0,0.0,0.0,1.0,0.0,0.0,0.0,0.0,0.0,0.0,0.0,1,0,0.0,0.0,0.0,12.0,2.0,0.0,0.0,0.0,0.0,0.0,1.0,6.0,12.0,1.0,1.0,0.0,0.0,0.0,0.0,0.0,0.0,0.0,2.0,0.0,0.0,,1.0,0.0,0.0,1.0,15.5,0,0,0,0,1,0,2019-11-23,2019,1,0,0,0,0,0,0,0,0,0,0,0,0,0,0,0,0,0,0,0,0,0,0,0,0,0,0,0,0,0,0,0.0,0.0,0.0,0.0,0.0,0.0,0.0,0.0,0.0,0.0,0.0,0.0,0.0,8.495152060539358,5363.925649696978,11342.772282342688
,11/23/19,Sat,0.791666667,7:00p,Arkansas,LSU,3.17M,3170.0,LSU,56.0,20.0,0.0,1.0,1,0.0,0.0,0.0,0.0,0.0,0.0,0.0,0.0,0.0,0.0,0.0,0.0,0,0,0.0,0.0,0.0,41.5,2.0,0.0,0.0,0.0,0.0,0.0,1.0,36.0,41.5,1.0,1.0,0.0,0.0,0.0,0.0,0.0,0.0,0.0,2.0,0.0,0.0,,0.0,0.0,0.0,0.0,19.0,0,0,0,0,0,0,2019-11-23,2019,1,0,0,0,0,0,0,0,0,0,0,0,0,0,0,0,0,0,0,0,0,0,0,0,0,0,0,0,0,0,0,0.0,0.0,0.0,0.0,0.0,0.0,0.0,0.0,0.0,0.0,0.0,0.0,0.0,8.061802274538348,2861.1262013495266,3662.868120658493
,11/23/19,Sat,0.833333333,8:00p,TCU,Oklahoma,3.15M,3150.0,Oklahoma,28.0,24.0,0.0,1.0,1,1.0,0.0,0.0,0.0,0.0,0.0,0.0,0.0,0.0,0.0,0.0,0.0,0,0,0.0,0.0,0.0,18.0,1.0,1.0,0.0,0.0,0.0,0.0,1.0,4.0,18.0,0.0,0.0,0.0,0.0,0.0,0.0,1.0,1.0,2.0,0.0,0.0,0.0,,0.0,0.0,0.0,0.0,20.0,0,0,0,0,0,0,2019-11-23,2019,1,0,0,0,0,0,0,0,0,0,0,0,0,0,0,0,0,0,0,0,0,0,0,0,0,0,0,0,0,0,0,0.0,0.0,0.0,0.0,0.0,0.0,0.0,0.0,0.0,0.0,0.0,0.0,0.0,8.055475141757274,3322.089961471797,3201.9043605362226
,11/23/19,Sat,0.666666667,4:00p,Purdue,Wisconsin,3.12M,3120.0,Wisconsin,45.0,24.0,1.0,0.0,0,1.0,0.0,0.0,0.0,0.0,0.0,0.0,0.0,0.0,0.0,0.0,0.0,1,0,0.0,0.0,0.0,24.5,2.0,0.0,0.0,0.0,0.0,1.0,0.0,21.0,24.5,0.0,0.0,1.0,1.0,0.0,0.0,0.0,0.0,0.0,0.0,0.0,2.0,,0.0,0.0,1.0,0.0,16.0,0,0,0,0,1,0,2019-11-23,2019,1,0,0,0,0,0,0,0,0,0,0,0,0,0,0,0,0,0,0,0,0,0,0,0,0,0,0,0,0,0,0,0.0,0.0,0.0,0.0,0.0,0.0,0.0,0.0,0.0,0.0,0.0,0.0,0.0,8.045908742270779,2574.3659839278184,12388.996541132485
,11/23/19,Sat,0.645833333,3:30p,Michigan,Indiana,2.30M,2300.0,Michigan,39.0,14.0,1.0,0.0,0,0.0,0.0,0.0,0.0,0.0,0.0,0.0,0.0,0.0,0.0,0.0,0.0,1,0,0.0,0.0,0.0,9.5,2.0,0.0,0.0,1.0,0.0,0.0,0.0,25.0,9.5,0.0,0.0,1.0,1.0,0.0,0.0,0.0,0.0,0.0,0.0,0.0,2.0,,0.0,0.0,1.0,0.0,15.5,0,0,0,0,1,0,2019-11-23,2019,1,0,0,0,0,0,0,0,0,0,0,0,0,0,0,0,0,0,0,0,0,0,0,0,0,0,0,0,0,0,0,0.0,0.0,0.0,0.0,0.0,0.0,0.0,0.0,0.0,0.0,0.0,0.0,0.0,7.741099090035366,2572.650522592177,14134.04740944749
,11/23/19,Sat,0.645833333,3:30p,UCLA,USC,1.94M,1940.0,USC,52.0,35.0,1.0,0.0,0,0.0,0.0,0.0,0.0,0.0,1.0,0.0,0.0,0.0,0.0,0.0,0.0,1,0,0.0,0.0,0.0,13.5,2.0,0.0,0.0,0.0,0.0,1.0,0.0,17.0,13.5,0.0,0.0,0.0,0.0,0.0,0.0,0.0,0.0,0.0,0.0,0.0,0.0,,0.0,0.0,0.0,0.0,15.5,0,0,0,0,1,0,2019-11-23,2019,1,0,0,0,0,0,0,0,0,0,0,0,0,0,0,0,0,1,0,0,0,0,0,0,0,0,0,0,0,0,0,0.0,0.0,0.0,0.0,0.0,0.0,0.0,0.0,0.0,0.0,0.0,0.0,0.0,7.57095858316901,2939.5900366738038,13767.107895365863
,11/23/19,Sat,0.604166667,2:30p,Boston College,Notre Dame,1.66M,1660.0,Notre Dame,40.0,7.0,1.0,0.0,0,0.0,0.0,0.0,1.0,0.0,0.0,0.0,0.0,0.0,0.0,0.0,0.0,1,0,0.0,0.0,0.0,20.5,0.0,1.0,0.0,0.0,0.0,1.0,0.0,33.0,20.5,0.0,0.0,0.0,0.0,1.0,0.0,0.0,0.0,0.0,0.0,1.0,0.0,,0.0,0.0,1.0,0.0,14.5,0,0,0,0,1,0,2019-11-23,2019,1,0,0,0,0,0,0,0,0,0,0,0,0,0,0,0,0,0,0,0,0,0,0,0,0,0,0,0,0,0,0,0.0,0.0,0.0,0.0,0.0,0.0,0.0,0.0,0.0,0.0,0.0,0.0,0.0,7.415175109613295,1743.3354069793645,12388.996541132485
,11/23/19,Sat,0.5,12:00p,Western Carolina,Alabama,1.44M,1440.0,Alabama,66.0,3.0,0.0,1.0,1,0.0,0.0,0.0,0.0,0.0,0.0,0.0,0.0,0.0,0.0,0.0,0.0,1,0,0.0,0.0,0.0,58.5,1.0,0.0,0.0,0.0,0.0,0.0,1.0,63.0,58.5,0.0,1.0,0.0,0.0,0.0,0.0,0.0,0.0,0.0,1.0,0.0,0.0,,1.0,0.0,0.0,0.0,12.0,0,0,0,1,0,0,2019-11-23,2019,1,0,0,0,0,0,0,0,0,0,0,0,0,0,0,0,0,0,0,0,0,0,0,0,0,0,0,0,0,0,0,0.0,0.0,0.0,0.0,0.0,0.0,0.0,0.0,0.0,0.0,0.0,0.0,0.0,7.273092595999522,1725.4441491893808,2119.173754824945
,11/23/19,Sat,0.5,12:00p,Minnesota,Northwestern,1.36M,1360.0,Minnesota,38.0,22.0,0.0,1.0,1,0.0,0.0,0.0,0.0,0.0,1.0,0.0,0.0,0.0,0.0,0.0,0.0,1,0,0.0,0.0,0.0,16.0,2.0,0.0,0.0,0.0,1.0,0.0,0.0,16.0,16.0,0.0,0.0,1.0,1.0,0.0,0.0,0.0,0.0,0.0,0.0,0.0,2.0,,0.0,0.0,1.0,0.0,12.0,0,0,0,1,0,0,2019-11-23,2019,1,0,0,0,0,0,0,0,0,0,0,0,0,0,0,0,0,0,0,0,0,0,0,0,0,0,0,0,0,0,0,0.0,0.0,0.0,0.0,0.0,0.0,0.0,0.0,0.0,0.0,0.0,0.0,0.0,7.215975002651466,2119.173754824945,1725.4441491893808
,11/23/19,Sat,0.916666667,10:00p,Washington,Colorado,1.18M,1180.0,Colorado,20.0,14.0,0.0,0.0,0,0.0,0.0,0.0,0.0,0.0,0.0,0.0,0.0,0.0,0.0,0.0,0.0,0,1,0.0,0.0,0.0,14.0,1.0,1.0,0.0,0.0,0.0,0.0,0.0,6.0,14.0,0.0,0.0,0.0,0.0,0.0,0.0,0.0,0.0,0.0,0.0,0.0,0.0,,0.0,0.0,0.0,0.0,22.0,0,0,0,0,0,1,2019-11-23,2019,1,0,0,0,0,0,0,0,0,0,0,0,0,0,0,0,0,0,0,0,0,0,0,0,0,0,0,0,0,0,0,0.0,0.0,0.0,0.0,0.0,0.0,0.0,0.0,0.0,0.0,0.0,0.0,0.0,7.074116816197362,1233.5477549706025,564.4859620569919
,11/23/19,Sat,0.645833333,3:30p,Texas,Baylor,1.15M,1150.0,Baylor,24.0,10.0,1.0,0.0,1,0.0,1.0,0.0,0.0,0.0,0.0,0.0,0.0,0.0,0.0,0.0,0.0,1,0,0.0,0.0,0.0,4.0,1.0,1.0,0.0,0.0,0.0,1.0,0.0,14.0,4.0,0.0,0.0,0.0,0.0,0.0,0.0,1.0,1.0,2.0,0.0,0.0,0.0,,0.0,0.0,1.0,0.0,15.5,0,0,0,0,1,0,2019-11-23,2019,1,0,0,0,0,0,0,0,0,0,0,0,0,0,0,0,0,0,0,0,0,0,0,0,0,0,0,0,0,0,0,0.0,0.0,0.0,0.0,0.0,0.0,0.0,0.0,0.0,0.0,0.0,0.0,0.0,7.048386408721883,870.0764174705126,15836.621514569155
,11/23/19,Sat,0.645833333,3:30p,Pittsburgh,Virginia Tech,571K,571.0,Virginia Tech,28.0,0.0,0.0,0.0,1,0.0,0.0,1.0,0.0,0.0,0.0,0.0,0.0,0.0,0.0,0.0,0.0,1,0,0.0,0.0,0.0,3.5,0.0,2.0,0.0,0.0,0.0,0.0,0.0,28.0,3.5,0.0,0.0,0.0,0.0,1.0,1.0,0.0,0.0,0.0,0.0,2.0,0.0,,0.0,0.0,0.0,1.0,15.5,0,0,0,0,1,0,2019-11-23,2019,1,0,0,0,0,0,0,0,0,0,0,0,0,0,0,0,0,0,0,0,0,0,0,0,0,0,0,0,0,0,0,0.0,0.0,0.0,0.0,0.0,0.0,0.0,0.0,0.0,0.0,0.0,0.0,0.0,6.349138991379798,642.7539146990133,16063.944017340655
,11/23/19,Sat,0.916666667,10:00p,Utah,Arizona,533K,533.0,Utah,35.0,7.0,0.0,1.0,0,0.0,1.0,0.0,0.0,0.0,0.0,0.0,0.0,0.0,0.0,0.0,0.0,0,1,0.0,0.0,0.0,23.5,0.0,2.0,0.0,0.0,1.0,0.0,0.0,28.0,23.5,0.0,0.0,0.0,0.0,0.0,0.0,0.0,0.0,0.0,0.0,0.0,0.0,,0.0,0.0,0.0,0.0,22.0,0,0,0,0,0,1,2019-11-23,2019,1,0,0,0,0,0,0,0,0,0,0,0,0,0,0,0,0,0,0,0,0,0,0,0,0,0,0,0,0,0,0,0.0,0.0,0.0,0.0,0.0,0.0,0.0,0.0,0.0,0.0,0.0,0.0,0.0,6.280395838960195,564.4859620569919,1233.5477549706025
,11/20/19,Wed,0.8125,7:30p,Toledo,Buffalo,386K,386.0,Buffalo,49.0,30.0,0.0,0.0,0,0.0,0.0,1.0,0.0,0.0,0.0,0.0,0.0,0.0,0.0,0.0,0.0,0,0,0.0,0.0,1.0,10.0,0.0,0.0,0.0,0.0,0.0,0.0,0.0,19.0,10.0,0.0,0.0,0.0,0.0,0.0,0.0,0.0,0.0,0.0,0.0,0.0,0.0,,0.0,0.0,0.0,0.0,19.5,0,1,0,0,0,0,2019-11-20,2019,1,0,0,0,0,0,0,0,0,0,0,0,0,0,0,0,0,0,0,0,0,0,0,0,0,0,0,0,0,0,0,0.0,0.0,0.0,0.0,0.0,0.0,0.0,0.0,0.0,0.0,0.0,0.0,0.0,5.958424693029782,312.7432790466414,0.0
,11/23/19,Sat,0.791666667,7:00p,Temple,Cincinnati,359K,359.0,Cincinnati,15.0,13.0,1.0,0.0,2,0.0,0.0,1.0,0.0,0.0,0.0,0.0,0.0,0.0,0.0,0.0,0.0,0,0,0.0,0.0,0.0,9.0,0.0,1.0,0.0,0.0,0.0,1.0,0.0,2.0,9.0,0.0,0.0,0.0,0.0,0.0,0.0,0.0,0.0,0.0,0.0,0.0,0.0,,0.0,0.0,0.0,0.0,19.0,0,0,0,0,0,0,2019-11-23,2019,1,0,0,0,0,0,0,0,0,0,0,0,0,0,0,0,0,0,0,0,0,0,0,0,0,0,0,0,0,0,0,0.0,0.0,0.0,0.0,0.0,0.0,0.0,0.0,0.0,0.0,0.0,0.0,0.0,5.886104031450156,340.77815918669586,6183.216162821323
,11/19/19,Tue,0.8125,7:30p,Eastern Michigan,Northern Illinois,294K,294.0,Eastern Michigan,45.0,17.0,0.0,0.0,0,0.0,0.0,1.0,0.0,0.0,0.0,0.0,0.0,0.0,0.0,0.0,0.0,0,0,0.0,0.0,1.0,3.5,0.0,0.0,0.0,0.0,0.0,0.0,0.0,28.0,3.5,0.0,0.0,0.0,0.0,0.0,0.0,0.0,0.0,0.0,0.0,0.0,0.0,,0.0,0.0,0.0,0.0,19.5,0,1,0,0,0,0,2019-11-19,2019,1,0,0,0,0,0,0,0,0,0,0,0,0,0,0,0,0,0,0,0,0,0,0,0,0,0,0,0,0,0,0,0.0,0.0,0.0,0.0,0.0,0.0,0.0,0.0,0.0,0.0,0.0,0.0,0.0,5.68697535633982,347.883164825066,0.0
,11/30/19,Sat,0.645833333,3:30p,Alabama,Auburn,11.43M,11430.0,Auburn,48.0,45.0,1.0,1.0,2,0.0,0.0,0.0,0.0,1.0,0.0,0.0,0.0,0.0,0.0,0.0,0.0,1,0,0.0,0.0,0.0,3.5,2.0,0.0,0.0,0.0,1.0,1.0,0.0,3.0,3.5,1.0,1.0,0.0,0.0,0.0,0.0,0.0,0.0,0.0,2.0,0.0,0.0,,1.0,0.0,0.0,1.0,15.5,0,0,0,0,1,0,2019-11-30,2019,1,0,0,0,1,0,0,0,0,0,0,0,0,0,0,0,0,0,0,0,0,0,0,0,0,1,1,0,0,0,0,0.0,0.0,0.0,0.0,0.0,0.0,0.0,0.0,0.0,0.0,0.0,0.0,0.0,9.344084242025778,11417.923962145333,10950.120316895507
,11/30/19,Sat,0.645833333,3:30p,Wisconsin,Minnesota,5.03M,5030.0,Wisconsin,38.0,17.0,1.0,1.0,2,0.0,0.0,0.0,0.0,0.0,1.0,0.0,0.0,0.0,0.0,0.0,0.0,1,0,0.0,0.0,0.0,3.0,2.0,0.0,0.0,1.0,0.0,0.0,1.0,21.0,3.0,0.0,0.0,1.0,1.0,0.0,0.0,0.0,0.0,0.0,0.0,0.0,2.0,,0.0,1.0,1.0,0.0,15.5,0,0,0,0,1,0,2019-11-30,2019,1,0,0,0,0,0,0,0,0,0,0,0,0,0,0,0,0,0,0,0,0,1,0,0,0,1,0,1,0,0,0,0.0,0.0,0.0,0.0,0.0,0.0,0.0,0.0,0.0,0.0,0.0,0.0,0.0,8.523374050491318,6320.042065728936,16048.002213311904
,11/30/19,Sat,0.666666667,4:00p,Notre Dame,Stanford,3.21M,3210.0,Notre Dame,45.0,24.0,1.0,0.0,2,1.0,0.0,0.0,0.0,0.0,0.0,0.0,0.0,0.0,0.0,0.0,0.0,1,0,0.0,0.0,0.0,17.0,0.0,1.0,0.0,1.0,0.0,0.0,0.0,21.0,17.0,0.0,0.0,0.0,0.0,0.0,0.0,0.0,0.0,0.0,0.0,0.0,0.0,,0.0,0.0,1.0,0.0,16.0,0,0,0,0,1,0,2019-11-30,2019,1,0,0,0,0,0,0,0,0,0,0,0,0,0,0,0,0,0,0,0,0,0,0,0,0,0,0,0,0,0,0,0.0,0.0,0.0,0.0,0.0,0.0,0.0,0.0,0.0,0.0,0.0,0.0,0.0,8.074337694089515,2530.7500471633334,19837.294231877506
,11/30/19,Sat,0.791666667,7:00p,Texas A&M,LSU,2.95M,2950.0,LSU,50.0,7.0,0.0,1.0,1,0.0,0.0,0.0,0.0,0.0,0.0,0.0,0.0,0.0,0.0,0.0,0.0,0,0,0.0,0.0,0.0,17.5,2.0,0.0,0.0,0.0,0.0,0.0,1.0,43.0,17.5,1.0,1.0,0.0,0.0,0.0,0.0,0.0,0.0,0.0,2.0,0.0,0.0,,0.0,0.0,0.0,0.0,19.0,0,0,0,0,0,0,2019-11-30,2019,1,0,0,0,0,0,0,0,0,0,0,0,0,0,0,0,0,0,0,0,0,0,0,0,0,0,0,0,0,0,0,0.0,0.0,0.0,0.0,0.0,0.0,0.0,0.0,0.0,0.0,0.0,0.0,0.0,7.989899374942939,3721.4417493896117,2337.338121075435
,11/29/19,Fri,0.5,12:00p,Texas Tech,Texas,2.89M,2890.0,Texas,49.0,24.0,0.0,0.0,0,1.0,0.0,0.0,0.0,0.0,0.0,0.0,0.0,0.0,0.0,0.0,0.0,0,0,0.0,0.0,1.0,8.0,1.0,1.0,0.0,0.0,0.0,0.0,0.0,25.0,8.0,0.0,0.0,0.0,0.0,0.0,0.0,1.0,1.0,2.0,0.0,0.0,0.0,,0.0,0.0,0.0,0.0,12.0,0,0,1,0,0,0,2019-11-29,2019,1,0,0,0,0,0,0,0,0,0,0,0,0,0,0,0,0,0,0,0,0,0,0,0,0,0,0,0,0,0,0,1.0,0.0,0.0,0.0,0.0,0.0,0.0,0.0,0.0,0.0,0.0,0.0,0.0,7.969357742016346,2610.399267545729,3063.912235810169
,11/29/19,Fri,0.5,12:00p,Virginia Tech,Virginia,2.84M,2840.0,Virginia,39.0,30.0,1.0,0.0,0,0.0,0.0,0.0,0.0,0.0,1.0,0.0,0.0,0.0,0.0,0.0,0.0,0,0,0.0,0.0,1.0,1.5,0.0,2.0,0.0,1.0,0.0,0.0,0.0,9.0,1.5,0.0,0.0,0.0,0.0,1.0,1.0,0.0,0.0,0.0,0.0,2.0,0.0,,0.0,0.0,0.0,1.0,12.0,0,0,1,0,0,0,2019-11-29,2019,1,0,0,0,0,0,0,0,0,0,0,0,0,0,0,0,0,0,0,0,0,0,0,0,0,0,0,0,0,0,0,0.0,0.0,0.0,0.0,0.0,1.0,0.0,0.0,0.0,0.0,0.0,0.0,0.0,7.951911381854188,3063.912235810169,2610.399267545729
,11/29/19,Fri,0.645833333,3:30p,Cincinnati,Memphis,2.51M,2510.0,Memphis,34.0,24.0,2.0,0.0,0,0.0,0.0,0.0,0.0,0.0,1.0,0.0,0.0,0.0,0.0,0.0,0.0,0,0,0.0,0.0,1.0,13.5,0.0,1.0,0.0,1.0,0.0,1.0,0.0,10.0,13.5,0.0,0.0,0.0,0.0,0.0,0.0,0.0,0.0,0.0,0.0,0.0,0.0,,0.0,0.0,0.0,2.0,15.5,0,0,1,0,0,0,2019-11-29,2019,1,0,0,0,0,0,0,0,0,0,0,0,0,0,0,0,0,0,0,0,0,0,0,0,0,1,0,0,0,0,0,0.0,0.0,0.0,0.0,0.0,1.0,0.0,0.0,0.0,0.0,0.0,0.0,0.0,7.828436359157585,1979.4249527754869,6501.333304347789
,11/30/19,Sat,0.8125,7:30p,Colorado,Utah,2.43M,2430.0,Utah,45.0,15.0,0.0,1.0,1,0.0,0.0,0.0,0.0,0.0,1.0,0.0,0.0,0.0,0.0,0.0,0.0,0,0,0.0,0.0,0.0,27.5,0.0,2.0,0.0,0.0,0.0,0.0,1.0,30.0,27.5,0.0,0.0,0.0,0.0,0.0,0.0,0.0,0.0,0.0,0.0,0.0,0.0,,0.0,0.0,0.0,0.0,19.5,0,0,0,0,0,0,2019-11-30,2019,1,0,0,0,0,0,0,0,0,0,0,0,0,0,0,0,0,0,0,0,0,0,0,0,0,0,0,0,0,0,0,0.0,0.0,0.0,0.0,0.0,0.0,0.0,0.0,0.0,0.0,0.0,0.0,0.0,7.796057974316123,1950.0611329555873,4108.718737509459
,11/30/19,Sat,0.5,12:00p,Georgia,Georgia Tech,2.35M,2350.0,Georgia,52.0,7.0,0.0,1.0,1,0.0,0.0,0.0,0.0,0.0,1.0,0.0,0.0,0.0,0.0,0.0,0.0,1,0,0.0,0.0,0.0,28.5,1.0,1.0,0.0,0.0,1.0,0.0,0.0,45.0,28.5,1.0,0.0,0.0,0.0,0.0,1.0,0.0,0.0,0.0,1.0,1.0,0.0,,1.0,0.0,0.0,0.0,12.0,0,0,0,1,0,0,2019-11-30,2019,1,0,0,0,0,0,0,0,0,0,0,0,0,0,0,0,0,0,0,0,0,0,0,0,0,0,0,0,0,0,0,0.0,0.0,0.0,0.0,0.0,0.0,0.0,0.0,0.0,0.0,0.0,0.0,0.0,7.762596048540069,3703.06737597791,2709.098460988004
,11/29/19,Fri,0.604166667,2:30p,Missouri,Arkansas,2.09M,2090.0,Missouri,24.0,14.0,0.0,0.0,0,0.0,0.0,0.0,0.0,1.0,0.0,0.0,0.0,0.0,0.0,0.0,0.0,0,0,0.0,0.0,1.0,15.0,2.0,0.0,0.0,0.0,0.0,0.0,0.0,10.0,15.0,1.0,1.0,0.0,0.0,0.0,0.0,0.0,0.0,0.0,2.0,0.0,0.0,,0.0,0.0,0.0,0.0,14.5,0,0,1,0,0,0,2019-11-29,2019,1,0,0,0,0,0,0,0,0,0,0,0,0,0,0,0,0,0,0,0,0,0,0,0,0,0,0,0,0,0,0,0.0,0.0,0.0,0.0,1.0,0.0,0.0,0.0,0.0,0.0,0.0,0.0,0.0,7.645397699428633,2562.7983051091005,4068.3086193095724
,11/30/19,Sat,0.5,12:00p,Clemson,South Carolina,1.77M,1770.0,Clemson,38.0,3.0,0.0,1.0,1,0.0,0.0,0.0,0.0,0.0,0.0,0.0,0.0,0.0,0.0,0.0,0.0,1,0,0.0,0.0,0.0,27.5,1.0,1.0,0.0,0.0,1.0,0.0,0.0,35.0,27.5,0.0,1.0,0.0,0.0,1.0,0.0,0.0,0.0,0.0,1.0,1.0,0.0,,1.0,0.0,0.0,0.0,12.0,0,0,0,1,0,0,2019-11-30,2019,1,0,0,0,0,0,0,0,0,0,0,0,1,0,0,0,0,0,0,0,0,0,0,0,0,0,0,0,0,0,0,0.0,0.0,0.0,0.0,0.0,0.0,0.0,0.0,0.0,0.0,0.0,0.0,0.0,7.479299637782834,2148.4893734040534,4263.676463561861
,11/29/19,Fri,0.833333333,8:00p,South Florida,UCF,1.76M,1760.0,UCF,34.0,7.0,0.0,0.0,0,0.0,0.0,0.0,0.0,0.0,0.0,0.0,0.0,0.0,0.0,0.0,0.0,0,0,0.0,0.0,1.0,24.0,0.0,1.0,0.0,0.0,0.0,0.0,0.0,27.0,24.0,0.0,0.0,0.0,0.0,0.0,0.0,0.0,0.0,0.0,0.0,0.0,0.0,,0.0,0.0,0.0,0.0,20.0,0,0,1,0,0,0,2019-11-29,2019,1,0,0,0,0,0,0,0,0,0,0,0,0,0,0,0,0,0,0,0,0,0,0,0,0,0,0,0,0,0,0,0.0,0.0,0.0,0.0,0.0,0.0,0.0,0.0,0.0,0.0,0.0,0.0,1.0,7.473637108496206,880.5966085840914,0.0
,11/29/19,Fri,0.604166667,2:30p,Iowa,Nebraska,1.43M,1430.0,Iowa,27.0,24.0,1.0,0.0,0,0.0,0.0,0.0,0.0,0.0,0.0,0.0,0.0,0.0,0.0,1.0,0.0,0,0,0.0,0.0,1.0,4.0,2.0,0.0,0.0,1.0,0.0,0.0,0.0,3.0,4.0,0.0,0.0,1.0,1.0,0.0,0.0,0.0,0.0,0.0,0.0,0.0,2.0,,0.0,0.0,0.0,1.0,14.5,0,0,1,0,0,0,2019-11-29,2019,1,0,0,0,0,0,0,0,0,0,0,0,0,0,0,0,0,0,0,0,0,0,0,0,0,0,0,0,0,0,0,0.0,0.0,0.0,0.0,0.0,0.0,0.0,0.0,0.0,0.0,1.0,0.0,0.0,7.266128779556451,2088.8836665340855,4542.223257884587
,11/29/19,Fri,0.6875,4:30p,West Virginia,TCU,1.20M,1200.0,West Virginia,20.0,17.0,0.0,0.0,0,0.0,0.0,0.0,0.0,0.0,0.0,0.0,0.0,0.0,0.0,0.0,0.0,0,0,0.0,0.0,1.0,13.5,0.0,2.0,0.0,0.0,0.0,0.0,0.0,3.0,13.5,0.0,0.0,0.0,0.0,0.0,0.0,1.0,1.0,2.0,0.0,0.0,0.0,,0.0,0.0,0.0,0.0,16.5,0,0,1,0,0,0,2019-11-29,2019,1,0,0,0,0,0,0,0,0,0,0,0,0,0,0,0,0,0,0,0,0,0,0,0,0,0,0,0,0,0,0,0.0,0.0,0.0,0.0,0.0,0.0,0.0,0.0,0.0,0.0,0.0,0.0,1.0,7.0909098220799835,1849.651332704603,1979.4249527754869
,11/30/19,Sat,0.5,12:00p,Indiana,Purdue,612K,612.0,Indiana,44.0,41.0,0.0,0.0,2,0.0,0.0,1.0,0.0,0.0,0.0,0.0,0.0,0.0,0.0,0.0,0.0,1,0,0.0,0.0,0.0,7.0,2.0,0.0,0.0,0.0,0.0,0.0,0.0,3.0,7.0,0.0,0.0,1.0,1.0,0.0,0.0,0.0,0.0,0.0,0.0,0.0,2.0,,0.0,0.0,0.0,0.0,12.0,0,0,0,1,0,0,2019-11-30,2019,1,0,0,0,0,0,0,0,0,0,0,0,0,0,0,0,0,0,0,0,0,0,0,0,0,0,0,0,0,0,0,0.0,0.0,0.0,0.0,0.0,0.0,0.0,0.0,0.0,0.0,0.0,0.0,0.0,6.418364935936212,560.6090875839506,5851.5567493819635
,11/30/19,Sat,0.645833333,3:30p,Baylor,Kansas,581K,581.0,Baylor,61.0,6.0,0.0,1.0,2,0.0,0.0,0.0,0.0,0.0,0.0,0.0,0.0,0.0,0.0,0.0,0.0,1,0,0.0,0.0,0.0,14.0,0.0,2.0,0.0,0.0,1.0,0.0,0.0,55.0,14.0,0.0,0.0,0.0,0.0,0.0,0.0,1.0,1.0,2.0,0.0,0.0,0.0,,0.0,0.0,1.0,0.0,15.5,0,0,0,0,1,0,2019-11-30,2019,1,0,0,0,0,0,0,0,0,0,0,0,0,0,0,0,0,0,0,0,0,0,0,0,0,0,0,0,0,0,0,0.0,0.0,0.0,0.0,0.0,0.0,0.0,0.0,0.0,0.0,0.0,0.0,0.0,6.366470447731438,1529.041502399203,20839.002776641635
,11/30/19,Sat,0.9375,10:30p,California,UCLA,494K,494.0,California,28.0,18.0,0.0,0.0,0,0.0,1.0,0.0,0.0,0.0,0.0,0.0,0.0,0.0,0.0,0.0,0.0,0,1,0.0,0.0,0.0,1.0,1.0,1.0,0.0,0.0,0.0,0.0,0.0,10.0,1.0,0.0,0.0,0.0,0.0,0.0,0.0,0.0,0.0,0.0,0.0,0.0,0.0,,0.0,0.0,0.0,0.0,22.5,0,0,0,0,0,1,2019-11-30,2019,1,0,0,0,0,0,0,0,0,0,0,0,0,0,0,0,0,0,0,0,0,0,0,0,0,0,0,0,0,0,0,0.0,0.0,0.0,0.0,0.0,0.0,0.0,0.0,0.0,0.0,0.0,0.0,0.0,6.20455776256869,425.3475507693765,0.0
,11/30/19,Sat,0.645833333,3:30p,Miami,Duke,454K,454.0,Duke,27.0,17.0,0.0,0.0,3,0.0,0.0,1.0,0.0,0.0,0.0,0.0,0.0,0.0,0.0,0.0,0.0,1,0,0.0,0.0,0.0,9.5,0.0,2.0,0.0,0.0,0.0,0.0,0.0,10.0,9.5,0.0,0.0,0.0,0.0,1.0,1.0,0.0,0.0,0.0,0.0,2.0,0.0,,0.0,0.0,0.0,0.0,15.5,0,0,0,0,1,0,2019-11-30,2019,1,0,0,0,0,0,0,0,0,0,0,0,0,0,0,0,0,0,0,0,0,0,0,0,0,0,0,0,0,0,0,0.0,0.0,0.0,0.0,0.0,0.0,0.0,0.0,0.0,0.0,0.0,0.0,0.0,6.12029741895095,570.2867016040348,21797.7575774368
,11/30/19,Sat,0.791666667,7:00p,Navy,Houston,411K,411.0,Navy,56.0,41.0,0.0,0.0,2,0.0,0.0,1.0,0.0,0.0,0.0,0.0,0.0,0.0,0.0,0.0,0.0,0,0,0.0,0.0,0.0,9.5,0.0,1.0,0.0,0.0,0.0,0.0,0.0,15.0,9.5,0.0,0.0,0.0,0.0,0.0,0.0,0.0,0.0,0.0,0.0,0.0,0.0,,0.0,0.0,0.0,0.0,19.0,0,0,0,0,0,0,2019-11-30,2019,1,0,0,0,0,0,0,0,0,0,0,0,0,0,0,0,0,0,0,0,0,0,0,0,0,0,0,0,0,0,0,0.0,0.0,0.0,0.0,0.0,0.0,0.0,0.0,0.0,0.0,0.0,0.0,0.0,6.021023349349527,387.2769881198477,5671.502882345199
,11/26/19,Tue,0.791666667,7:00p,Western Michigan,Northern Illinois,238K,238.0,Northern Illinois,17.0,14.0,0.0,0.0,0,0.0,0.0,0.0,0.0,0.0,0.0,0.0,1.0,0.0,0.0,0.0,0.0,0,0,0.0,0.0,1.0,10.0,0.0,0.0,0.0,0.0,0.0,0.0,0.0,3.0,10.0,0.0,0.0,0.0,0.0,0.0,0.0,0.0,0.0,0.0,0.0,0.0,0.0,,0.0,0.0,0.0,0.0,19.0,0,1,0,0,0,0,2019-11-26,2019,1,0,0,0,0,0,0,0,0,0,0,0,0,0,0,0,0,0,0,0,0,0,0,0,0,0,0,0,0,0,0,0.0,0.0,0.0,0.0,0.0,0.0,0.0,0.0,0.0,0.0,0.0,0.0,0.0,5.476463551931511,116.65219355423658,0.0
,9/1/18,Sat,0.8125,7:30p,Michigan,Notre Dame,7.091M,7091.0,Notre Dame,24.0,17.0,2.0,0.0,0,0.0,0.0,0.0,1.0,0.0,0.0,0.0,0.0,0.0,0.0,0.0,0.0,0,0,0.0,0.0,0.0,3.0,1.0,0.0,0.0,,,,,7.0,3.0,0.0,0.0,1.0,0.0,0.0,0.0,0.0,0.0,0.0,0.0,0.0,1.0,,0.0,0.0,2.0,0.0,19.5,0,0,0,0,0,0,2018-09-01,2018,1,0,0,0,0,0,0,0,0,0,0,0,0,0,0,0,0,0,0,0,0,0,0,0,0,1,0,0,0,0,0,0.0,0.0,0.0,0.0,0.0,0.0,0.0,0.0,0.0,0.0,0.0,0.0,0.0,8.866722667194098,6281.820715381372,4459.297590969018
,9/2/18,Sun,0.8125,7:30p,Miami,LSU,6.553M,6553.0,LSU,33.0,17.0,1.0,1.0,0,0.0,0.0,0.0,0.0,0.0,1.0,0.0,0.0,0.0,0.0,0.0,0.0,0,0,1.0,0.0,0.0,3.0,1.0,1.0,0.0,,,,,16.0,3.0,0.0,1.0,0.0,0.0,1.0,0.0,0.0,0.0,0.0,1.0,1.0,0.0,,0.0,1.0,0.0,1.0,19.5,0,0,0,0,0,0,2018-09-02,2018,1,0,0,0,0,0,0,0,0,0,0,0,0,0,0,0,0,0,0,0,0,0,0,0,0,1,0,0,0,0,0,0.0,0.0,0.0,0.0,0.0,0.0,0.0,0.0,0.0,0.0,0.0,0.0,0.0,8.787830829258759,8785.723691668496,0.0
,9/1/18,Sat,0.645833333,3:30p,Washington,Auburn,5.253M,5253.0,Auburn,21.0,16.0,0.0,2.0,1,0.0,0.0,0.0,0.0,0.0,1.0,0.0,0.0,0.0,0.0,0.0,0.0,1,0,0.0,0.0,0.0,1.0,2.0,0.0,0.0,,,,,5.0,1.0,0.0,1.0,0.0,0.0,0.0,0.0,0.0,0.0,0.0,1.0,0.0,0.0,,0.0,2.0,0.0,0.0,15.5,0,0,0,0,1,0,2018-09-01,2018,1,0,0,0,0,0,0,0,0,0,0,0,0,0,0,0,0,0,0,0,0,0,0,0,0,1,0,0,0,0,0,0.0,0.0,0.0,0.0,0.0,0.0,0.0,0.0,0.0,0.0,0.0,0.0,0.0,8.566744970245486,6625.763277205545,6278.487414250843
,9/1/18,Sat,0.833333333,8:00p,Louisville,Alabama,4.540M,4540.0,Alabama,51.0,14.0,0.0,1.0,0,0.0,0.0,0.0,0.0,0.0,1.0,0.0,0.0,0.0,0.0,0.0,0.0,0,0,0.0,0.0,0.0,24.0,1.0,1.0,0.0,,,,,37.0,24.0,0.0,1.0,0.0,0.0,1.0,0.0,0.0,0.0,0.0,1.0,1.0,0.0,,0.0,0.0,0.0,0.0,20.0,0,0,0,0,0,0,2018-09-01,2018,1,0,0,0,0,0,0,0,0,0,0,0,0,0,0,0,0,0,0,0,0,0,0,0,0,0,0,0,0,0,0,0.0,0.0,0.0,0.0,0.0,0.0,0.0,0.0,0.0,0.0,0.0,0.0,0.0,8.420902531097951,4459.297590969018,6281.820715381372
,9/1/18,Sat,0.645833333,3:30p,West Virginia,Tennessee,2.647M,2647.0,West Virginia,40.0,14.0,1.0,0.0,1,0.0,0.0,0.0,0.0,1.0,0.0,0.0,0.0,0.0,0.0,0.0,0.0,1,0,0.0,0.0,0.0,10.0,1.0,1.0,0.0,,,,,26.0,10.0,0.0,1.0,0.0,0.0,0.0,0.0,1.0,0.0,1.0,1.0,0.0,0.0,,0.0,0.0,0.0,1.0,15.5,0,0,0,0,1,0,2018-09-01,2018,1,0,0,0,0,0,0,0,0,0,0,0,0,0,0,0,0,0,0,0,0,0,0,0,0,0,0,0,0,0,0,0.0,0.0,0.0,0.0,0.0,0.0,0.0,0.0,0.0,0.0,0.0,0.0,0.0,7.881559917056899,3398.503594042646,9505.747097413743
,8/30/18,Thu,0.833333333,8:00p,Northwestern,Purdue,(1.741M),1741.0,Northwestern,31.0,27.0,0.0,0.0,0,0.0,0.0,0.0,0.0,0.0,0.0,0.0,0.0,0.0,0.0,0.0,0.0,0,0,0.0,0.0,1.0,1.0,2.0,0.0,0.0,,,,,4.0,1.0,0.0,0.0,1.0,1.0,0.0,0.0,0.0,0.0,0.0,0.0,0.0,2.0,,0.0,0.0,0.0,0.0,20.0,0,1,0,0,0,0,2018-08-30,2018,1,0,0,0,0,0,0,0,0,0,0,0,0,0,0,0,0,0,0,0,0,0,0,0,0,0,0,0,0,0,0,0.0,0.0,0.0,0.0,0.0,0.0,0.0,0.0,0.0,0.0,0.0,0.0,0.0,7.462789157412448,1297.7352418515873,0.0
,8/31/18,Fri,0.875,9:00p,Western Kentucky,Wisconsin,(1.409M),1409.0,Wisconsin,34.0,3.0,0.0,1.0,0,0.0,0.0,0.0,0.0,0.0,0.0,0.0,0.0,0.0,0.0,0.0,0.0,0,0,0.0,0.0,1.0,36.0,1.0,0.0,0.0,,,,,31.0,36.0,0.0,0.0,0.0,1.0,0.0,0.0,0.0,0.0,0.0,0.0,0.0,1.0,,0.0,0.0,0.0,0.0,21.0,0,0,1,0,0,0,2018-08-31,2018,1,0,0,0,0,0,0,0,0,0,0,0,0,0,0,0,0,0,0,0,0,0,0,0,0,0,0,0,0,0,0,0.0,0.0,0.0,0.0,0.0,0.0,0.0,0.0,0.0,0.0,0.0,0.0,1.0,7.251344983372214,1763.7292043530936,0.0
,9/1/18,Sat,0.958333333,11:00p,BYU,Arizona,(1.288M),1288.0,BYU,28.0,23.0,0.0,0.0,0,0.0,0.0,0.0,0.0,0.0,0.0,0.0,0.0,0.0,0.0,0.0,0.0,0,1,0.0,0.0,0.0,11.0,0.0,2.0,0.0,,,,,5.0,11.0,0.0,0.0,0.0,0.0,0.0,0.0,0.0,0.0,0.0,0.0,0.0,0.0,,0.0,0.0,0.0,0.0,23.0,0,0,0,0,0,1,2018-09-01,2018,1,0,0,0,0,0,0,0,0,0,0,0,0,0,0,0,0,0,0,0,0,0,0,0,0,0,0,0,0,0,0,0.0,0.0,0.0,0.0,0.0,0.0,0.0,0.0,0.0,0.0,0.0,0.0,0.0,7.161622002939187,1009.8817255447393,0.0
,9/1/18,Sat,0.5,12:00p,Texas,Maryland,1.274M,1274.0,Maryland,34.0,29.0,1.0,0.0,0,0.0,1.0,0.0,0.0,0.0,0.0,0.0,0.0,0.0,0.0,0.0,0.0,1,0,0.0,0.0,0.0,13.0,2.0,0.0,0.0,,,,,5.0,13.0,0.0,0.0,0.0,1.0,0.0,0.0,1.0,0.0,1.0,0.0,0.0,1.0,,0.0,0.0,0.0,1.0,12.0,0,0,0,1,0,0,2018-09-01,2018,1,0,0,0,0,0,0,0,0,0,0,0,0,0,0,0,0,0,0,0,0,0,0,0,0,0,0,0,0,0,0,0.0,0.0,0.0,0.0,0.0,0.0,0.0,0.0,0.0,0.0,0.0,0.0,0.0,7.150701457592526,816.5665548124834,0.0
,9/1/18,Sat,0.645833333,3:30p,Austin Peay,Georgia,(1.193M),1193.0,Georgia,45.0,0.0,0.0,1.0,1,0.0,0.0,0.0,0.0,0.0,0.0,0.0,0.0,0.0,0.0,0.0,0.0,1,0,0.0,0.0,0.0,48.0,1.0,0.0,0.0,,,,,45.0,48.0,0.0,1.0,0.0,0.0,0.0,0.0,0.0,0.0,0.0,1.0,0.0,0.0,,1.0,0.0,0.0,0.0,15.5,0,0,0,0,1,0,2018-09-01,2018,1,0,0,0,0,0,0,0,0,0,0,0,0,0,0,0,0,0,0,0,0,0,0,0,0,0,0,0,0,0,0,0.0,0.0,0.0,0.0,0.0,0.0,0.0,0.0,0.0,0.0,0.0,0.0,0.0,7.085064293952548,1477.9273853190168,11426.32330613737
,9/1/18,Sat,0.666666667,4:00p,North Carolina,California,930K,930.0,California,24.0,17.0,0.0,0.0,1,1.0,0.0,0.0,0.0,0.0,0.0,0.0,0.0,0.0,0.0,0.0,0.0,1,0,0.0,0.0,0.0,7.0,0.0,2.0,0.0,,,,,7.0,7.0,0.0,0.0,0.0,0.0,1.0,0.0,0.0,0.0,0.0,0.0,1.0,0.0,,0.0,0.0,0.0,0.0,16.0,0,0,0,0,1,0,2018-09-01,2018,1,0,0,0,0,0,0,0,0,0,0,0,0,0,0,0,0,0,0,0,0,0,0,0,0,0,0,0,0,0,0,0.0,0.0,0.0,0.0,0.0,0.0,0.0,0.0,0.0,0.0,0.0,0.0,0.0,6.836259277277067,1402.0564348891805,11502.194256567207
,8/31/18,Fri,0.791666667,7:00p,Army,Duke,(503K),503.0,Duke,34.0,14.0,0.0,0.0,0,0.0,0.0,0.0,0.0,0.0,0.0,0.0,1.0,0.0,0.0,0.0,0.0,0,0,0.0,0.0,1.0,14.0,0.0,1.0,0.0,,,,,20.0,14.0,0.0,0.0,0.0,0.0,0.0,1.0,0.0,0.0,0.0,0.0,1.0,0.0,,0.0,0.0,0.0,1.0,19.0,0,0,1,0,0,0,2018-08-31,2018,1,0,0,0,0,0,0,0,0,0,0,0,0,0,0,0,0,0,0,0,0,0,0,0,0,0,0,0,0,0,0,0.0,0.0,0.0,0.0,0.0,0.0,0.0,1.0,0.0,0.0,0.0,0.0,0.0,6.222576268071369,226.91832293281846,0.0
,9/8/18,Sat,0.791666667,7:00p,Clemson,Texas A&M,(4.486M),4486.0,Clemson,28.0,26.0,0.0,1.0,0,0.0,0.0,0.0,0.0,0.0,0.0,0.0,0.0,0.0,0.0,0.0,0.0,0,0,0.0,0.0,0.0,12.5,1.0,1.0,0.0,,,,,2.0,12.5,0.0,1.0,0.0,0.0,1.0,0.0,0.0,0.0,0.0,1.0,1.0,0.0,,1.0,0.0,0.0,0.0,19.0,0,0,0,0,0,0,2018-09-08,2018,1,0,0,0,0,0,0,0,0,0,0,0,0,0,0,0,0,0,0,0,0,0,0,0,0,0,0,0,0,0,0,0.0,0.0,0.0,0.0,0.0,0.0,0.0,0.0,0.0,0.0,0.0,0.0,0.0,8.408939605975984,3216.0493001064297,139.14324909757806
,9/8/18,Sat,0.645833333,3:30p,Georgia,South Carolina,3.747M,3747.0,Georgia,41.0,17.0,1.0,1.0,0,0.0,0.0,0.0,0.0,1.0,0.0,0.0,0.0,0.0,0.0,0.0,0.0,1,0,0.0,0.0,0.0,9.0,2.0,0.0,0.0,,,,,24.0,9.0,1.0,1.0,0.0,0.0,0.0,0.0,0.0,0.0,0.0,2.0,0.0,0.0,,1.0,0.0,0.0,1.0,15.5,0,0,0,0,1,0,2018-09-08,2018,1,0,0,0,0,0,0,0,0,0,0,0,0,0,0,0,0,0,0,0,0,0,0,0,0,1,1,0,0,0,0,0.0,0.0,0.0,0.0,0.0,0.0,0.0,0.0,0.0,0.0,0.0,0.0,0.0,8.228977643358313,6051.975151840771,3009.613098399347
,9/8/18,Sat,0.645833333,3:30p,Colorado,Nebraska,3.394M,3394.0,Colorado,33.0,28.0,0.0,0.0,0,0.0,0.0,0.0,0.0,0.0,1.0,0.0,0.0,0.0,0.0,0.0,0.0,1,0,0.0,0.0,0.0,3.5,1.0,1.0,0.0,,,,,5.0,3.5,0.0,0.0,0.0,1.0,0.0,0.0,0.0,0.0,0.0,0.0,0.0,1.0,,0.0,0.0,0.0,0.0,15.5,0,0,0,0,1,0,2018-09-08,2018,1,0,0,0,0,0,0,0,0,0,0,0,0,0,0,0,0,0,0,0,0,0,0,0,0,0,0,0,0,0,0,0.0,0.0,0.0,0.0,0.0,0.0,0.0,0.0,0.0,0.0,0.0,0.0,0.0,8.130059039992796,2889.4343985486457,6172.1538516914725
,9/8/18,Sat,0.541666667,1:00p,UCLA,Oklahoma,2.896M,2896.0,Oklahoma,49.0,21.0,0.0,1.0,0,1.0,0.0,0.0,0.0,0.0,0.0,0.0,0.0,0.0,0.0,0.0,0.0,1,0,0.0,0.0,0.0,31.0,2.0,0.0,0.0,,,,,28.0,31.0,0.0,0.0,0.0,0.0,0.0,0.0,0.0,1.0,1.0,0.0,0.0,0.0,,0.0,1.0,0.0,0.0,13.0,0,0,0,1,0,0,2018-09-08,2018,1,0,0,0,0,0,0,0,0,0,0,0,0,0,0,0,0,0,0,0,0,0,0,0,0,0,0,0,0,0,0,0.0,0.0,0.0,0.0,0.0,0.0,0.0,0.0,0.0,0.0,0.0,0.0,0.0,7.9714309977693505,3025.4537253619096,2368.6085032809033
,9/8/18,Sat,0.5,12:00p,Arizona,Houston,2.539M,2539.0,Houston,45.0,18.0,0.0,0.0,0,0.0,0.0,0.0,0.0,0.0,1.0,0.0,0.0,0.0,0.0,0.0,0.0,1,0,0.0,0.0,0.0,3.5,0.0,2.0,0.0,,,,,27.0,3.5,0.0,0.0,0.0,0.0,0.0,0.0,0.0,0.0,0.0,0.0,0.0,0.0,,0.0,0.0,0.0,0.0,12.0,0,0,0,1,0,0,2018-09-08,2018,1,0,0,0,0,0,0,0,0,0,0,0,0,0,0,0,0,0,0,0,0,0,0,0,0,0,0,0,0,0,0,0.0,0.0,0.0,0.0,0.0,0.0,0.0,0.0,0.0,0.0,0.0,0.0,0.0,7.8399193600125825,1106.7006186273684,4287.361610015445
,9/8/18,Sat,0.875,9:00p,USC,Stanford,2.290M,2290.0,Stanford,17.0,3.0,1.0,1.0,0,1.0,0.0,0.0,0.0,0.0,0.0,0.0,0.0,0.0,0.0,0.0,0.0,0,0,0.0,0.0,0.0,4.5,1.0,1.0,0.0,,,,,14.0,4.5,0.0,0.0,0.0,0.0,0.0,0.0,0.0,0.0,0.0,0.0,0.0,0.0,,0.0,0.0,0.0,0.0,21.0,0,0,0,0,0,0,2018-09-08,2018,1,0,0,0,0,0,0,0,0,0,0,0,0,0,0,0,0,0,0,0,0,0,0,0,0,1,0,0,0,0,0,0.0,0.0,0.0,0.0,0.0,0.0,0.0,0.0,0.0,0.0,0.0,0.0,0.0,7.736743682453495,3223.7055276557035,0.0
,9/7/18,Fri,0.916666667,10:00p,TCU,SMU,(1.076M),1076.0,TCU,42.0,12.0,1.0,0.0,0,0.0,0.0,1.0,0.0,0.0,0.0,0.0,0.0,0.0,0.0,0.0,0.0,0,0,0.0,0.0,1.0,23.5,0.0,2.0,0.0,,,,,30.0,23.5,0.0,0.0,0.0,0.0,0.0,0.0,1.0,0.0,1.0,0.0,0.0,0.0,,0.0,0.0,0.0,0.0,22.0,0,0,1,0,0,0,2018-09-07,2018,1,0,0,0,0,0,0,0,0,0,0,0,0,0,0,0,0,0,0,0,0,0,0,0,0,0,0,0,0,0,0,0.0,1.0,0.0,0.0,0.0,0.0,0.0,0.0,0.0,0.0,0.0,0.0,0.0,6.981934677156389,1205.591969627515,0.0
,9/8/18,Sat,0.5,12:00p,Western Michigan,Michigan,914K,914.0,Michigan,49.0,3.0,1.0,0.0,1,0.0,1.0,0.0,0.0,0.0,0.0,0.0,0.0,0.0,0.0,0.0,0.0,1,0,0.0,0.0,0.0,28.0,1.0,0.0,0.0,,,,,46.0,28.0,0.0,0.0,0.0,1.0,0.0,0.0,0.0,0.0,0.0,0.0,0.0,1.0,,0.0,0.0,0.0,1.0,12.0,0,0,0,1,0,0,2018-09-08,2018,1,0,0,0,0,0,0,0,0,0,0,0,0,0,0,0,0,0,0,0,0,0,0,0,0,0,0,0,0,0,0,0.0,0.0,0.0,0.0,0.0,0.0,0.0,0.0,0.0,0.0,0.0,0.0,0.0,6.818924065275521,805.5186529019066,4588.543575740906
,9/8/18,Sat,0.9375,10:30p,California,BYU,(586K),586.0,California,21.0,18.0,0.0,0.0,0,0.0,0.0,1.0,0.0,0.0,0.0,0.0,0.0,0.0,0.0,0.0,0.0,0,1,0.0,0.0,0.0,2.0,0.0,2.0,0.0,,,,,3.0,2.0,0.0,0.0,0.0,0.0,0.0,0.0,0.0,0.0,0.0,0.0,0.0,0.0,,0.0,0.0,0.0,0.0,22.5,0,0,0,0,0,1,2018-09-08,2018,1,0,0,0,0,0,0,0,0,0,0,0,0,0,0,0,0,0,0,0,0,0,0,0,0,0,0,0,0,0,0,0.0,0.0,0.0,0.0,0.0,0.0,0.0,0.0,0.0,0.0,0.0,0.0,0.0,6.375024819828097,540.344239667988,0.0
,9/8/18,Sat,0.5,12:00p,Georgia Tech,South Florida,(379K),379.0,South Florida,49.0,38.0,0.0,0.0,1,0.0,0.0,1.0,0.0,0.0,0.0,0.0,0.0,0.0,0.0,0.0,0.0,1,0,0.0,0.0,0.0,3.0,0.0,1.0,0.0,,,,,11.0,3.0,0.0,0.0,0.0,0.0,1.0,0.0,0.0,0.0,0.0,0.0,1.0,0.0,,0.0,0.0,0.0,0.0,12.0,0,0,0,1,0,0,2018-09-08,2018,1,0,0,0,0,0,0,0,0,0,0,0,0,0,0,0,0,0,0,0,0,0,0,0,0,0,0,0,0,0,0,0.0,0.0,0.0,0.0,0.0,0.0,0.0,0.0,0.0,0.0,0.0,0.0,0.0,5.940171252720432,341.0617792799078,5053.000449362905
,9/8/18,Sat,0.5,12:00p,Duke,Northwestern,(337K),337.0,Duke,21.0,7.0,0.0,0.0,0,0.0,0.0,0.0,0.0,0.0,0.0,0.0,1.0,0.0,0.0,0.0,0.0,1,0,0.0,0.0,0.0,2.5,1.0,1.0,0.0,,,,,14.0,2.5,0.0,0.0,0.0,1.0,1.0,0.0,0.0,0.0,0.0,0.0,1.0,1.0,,0.0,0.0,0.0,0.0,12.0,0,0,0,1,0,0,2018-09-08,2018,1,0,0,0,0,0,0,0,0,0,0,0,0,0,0,0,0,0,0,0,0,0,0,0,0,0,0,0,0,0,0,0.0,0.0,0.0,0.0,0.0,0.0,0.0,0.0,0.0,0.0,0.0,0.0,0.0,5.823045895483019,115.32745247172085,5278.734776171092
,9/8/18,Sat,0.645833333,3:30p,North Carolina,East Carolina,(284K),284.0,East Carolina,41.0,19.0,0.0,0.0,0,0.0,0.0,0.0,0.0,0.0,0.0,0.0,1.0,0.0,0.0,0.0,0.0,1,0,0.0,0.0,0.0,16.0,0.0,1.0,0.0,,,,,22.0,16.0,0.0,0.0,0.0,0.0,1.0,0.0,0.0,0.0,0.0,0.0,1.0,0.0,,0.0,0.0,0.0,0.0,15.5,0,0,0,0,1,0,2018-09-08,2018,1,0,0,0,0,0,0,0,0,0,0,0,0,0,0,0,0,0,0,0,0,0,0,0,0,0,0,0,0,0,0,0.0,0.0,0.0,0.0,0.0,0.0,0.0,0.0,0.0,0.0,0.0,0.0,0.0,5.652489180268651,120.1786998507014,8941.409550389417
,9/8/18,Sat,0.791666667,7:00p,Wyoming,Missouri,(243K),243.0,Missouri,40.0,13.0,0.0,0.0,0,0.0,0.0,0.0,0.0,0.0,0.0,0.0,1.0,0.0,0.0,0.0,0.0,0,0,0.0,0.0,0.0,19.5,1.0,0.0,0.0,,,,,27.0,19.5,0.0,1.0,0.0,0.0,0.0,0.0,0.0,0.0,0.0,1.0,0.0,0.0,,0.0,0.0,0.0,0.0,19.0,0,0,0,0,0,0,2018-09-08,2018,1,0,0,0,0,0,0,0,0,0,0,0,0,0,0,0,0,0,0,0,0,0,0,0,0,0,0,0,0,0,0,0.0,0.0,0.0,0.0,0.0,0.0,0.0,0.0,0.0,0.0,0.0,0.0,0.0,5.497168225293202,139.14324909757806,3216.0493001064297
,9/15/18,Sat,0.645833333,3:30p,LSU,Auburn,5.936M,5936.0,LSU,22.0,21.0,1.0,1.0,2,0.0,0.0,0.0,0.0,1.0,0.0,0.0,0.0,0.0,0.0,0.0,0.0,1,0,0.0,0.0,0.0,10.0,2.0,0.0,0.0,,,,,1.0,10.0,1.0,1.0,0.0,0.0,0.0,0.0,0.0,0.0,0.0,2.0,0.0,0.0,,0.0,1.0,1.0,0.0,15.5,0,0,0,0,1,0,2018-09-15,2018,1,0,0,0,0,0,0,0,0,0,0,0,0,0,0,0,0,0,0,0,0,0,0,0,0,1,1,0,0,0,0,0.0,0.0,0.0,0.0,0.0,0.0,0.0,0.0,0.0,0.0,0.0,0.0,0.0,8.688959234270676,6646.3588527175325,6051.082238038069
,9/15/18,Sat,0.854166667,8:30p,USC,Texas,2.950M,2950.0,Texas,37.0,14.0,1.0,0.0,0,1.0,0.0,0.0,0.0,0.0,0.0,0.0,0.0,0.0,0.0,0.0,0.0,0,0,0.0,0.0,0.0,3.0,2.0,0.0,0.0,,,,,23.0,3.0,0.0,0.0,0.0,0.0,0.0,0.0,0.0,1.0,1.0,0.0,0.0,0.0,,0.0,0.0,0.0,0.0,20.5,0,0,0,0,0,0,2018-09-15,2018,1,0,0,0,0,0,0,0,0,0,0,0,0,0,0,0,0,0,0,0,0,0,0,0,0,0,0,0,0,0,0,0.0,0.0,0.0,0.0,0.0,0.0,0.0,0.0,0.0,0.0,0.0,0.0,0.0,7.989899374942939,3924.405612953326,0.0
,9/15/18,Sat,0.645833333,3:30p,BYU,Wisconsin,(2.972M),2972.0,BYU,24.0,21.0,0.0,1.0,2,0.0,0.0,0.0,0.0,0.0,1.0,0.0,0.0,0.0,0.0,0.0,0.0,1,0,0.0,0.0,0.0,23.5,1.0,1.0,0.0,,,,,3.0,23.5,0.0,0.0,0.0,1.0,0.0,0.0,0.0,0.0,0.0,0.0,0.0,1.0,,0.0,1.0,0.0,0.0,15.5,0,0,0,0,1,0,2018-09-15,2018,1,0,0,0,0,0,0,0,0,0,0,0,0,0,0,0,0,0,0,0,0,0,0,0,0,0,0,0,0,0,0,0.0,0.0,0.0,0.0,0.0,0.0,0.0,0.0,0.0,0.0,0.0,0.0,0.0,7.997326822998097,3380.336235258195,9317.104855497406
,9/15/18,Sat,0.604166667,2:30p,Vanderbilt,Notre Dame,2.108M,2108.0,Notre Dame,22.0,17.0,0.0,1.0,2,0.0,0.0,0.0,1.0,0.0,0.0,0.0,0.0,0.0,0.0,0.0,0.0,1,0,0.0,0.0,0.0,14.0,1.0,0.0,0.0,,,,,5.0,14.0,1.0,0.0,0.0,0.0,0.0,0.0,0.0,0.0,0.0,1.0,0.0,0.0,,0.0,1.0,0.0,0.0,14.5,0,0,0,0,1,0,2018-09-15,2018,1,0,0,0,0,0,0,0,0,0,0,0,0,0,0,0,0,0,0,0,0,0,0,0,0,0,0,0,0,0,0,0.0,0.0,0.0,0.0,0.0,0.0,0.0,0.0,0.0,0.0,0.0,0.0,0.0,7.653969180478774,2305.6073117730994,10391.833778982502
,9/15/18,Sat,0.916666667,10:00p,Washington,Utah,(1.589M),1589.0,Washington,21.0,7.0,0.0,1.0,0,0.0,0.0,0.0,0.0,0.0,0.0,0.0,0.0,0.0,0.0,0.0,0.0,0,1,0.0,0.0,0.0,4.0,1.0,1.0,0.0,,,,,14.0,4.0,0.0,0.0,0.0,0.0,0.0,0.0,0.0,0.0,0.0,0.0,0.0,0.0,,0.0,0.0,0.0,0.0,22.0,0,0,0,0,0,1,2018-09-15,2018,1,0,0,0,0,0,0,0,0,0,0,0,0,0,0,0,0,0,0,0,0,0,0,0,0,0,0,0,0,0,0,0.0,0.0,0.0,0.0,0.0,0.0,0.0,0.0,0.0,0.0,0.0,0.0,0.0,7.371489295214277,1723.183958283469,0.0
,9/15/18,Sat,0.708333333,5:00p,Houston,Texas Tech,1.079M,1079.0,Texas Tech,63.0,49.0,0.0,0.0,0,1.0,0.0,0.0,0.0,0.0,0.0,0.0,0.0,0.0,0.0,0.0,0.0,1,0,0.0,0.0,0.0,1.0,0.0,2.0,0.0,,,,,14.0,1.0,0.0,0.0,0.0,0.0,0.0,0.0,0.0,1.0,1.0,0.0,0.0,0.0,,0.0,0.0,0.0,0.0,17.0,0,0,0,0,1,0,2018-09-15,2018,1,0,0,0,0,0,0,0,0,0,0,0,0,0,0,0,0,0,0,0,0,0,0,0,0,0,0,0,0,0,0,0.0,0.0,0.0,0.0,0.0,0.0,0.0,0.0,0.0,0.0,0.0,0.0,0.0,6.984716320118266,1226.5832183503846,0.0
,9/13/18,Thu,0.729166667,5:30p,Boston College,Wake Forest,(863K),863.0,Boston College,41.0,34.0,0.0,0.0,0,0.0,0.0,0.0,0.0,0.0,0.0,0.0,0.0,0.0,0.0,0.0,0.0,0,0,0.0,0.0,1.0,6.0,0.0,2.0,0.0,,,,,7.0,6.0,0.0,0.0,0.0,0.0,1.0,1.0,0.0,0.0,0.0,0.0,2.0,0.0,,0.0,0.0,0.0,0.0,17.5,0,1,0,0,0,0,2018-09-13,2018,1,0,0,0,0,0,0,0,0,0,0,0,0,0,0,0,0,0,0,0,0,0,0,0,0,0,0,0,0,0,0,0.0,0.0,0.0,0.0,0.0,0.0,0.0,0.0,0.0,0.0,0.0,0.0,0.0,6.761572768804055,726.8169026560486,0.0
,9/15/18,Sat,0.5,12:00p,Georgia Southern,Clemson,(554K),554.0,Clemson,38.0,7.0,0.0,1.0,0,0.0,0.0,0.0,0.0,0.0,0.0,0.0,1.0,0.0,0.0,0.0,0.0,1,0,0.0,0.0,0.0,32.0,0.0,1.0,0.0,,,,,31.0,32.0,0.0,0.0,0.0,0.0,0.0,1.0,0.0,0.0,0.0,0.0,1.0,0.0,,1.0,0.0,0.0,0.0,12.0,0,0,0,1,0,0,2018-09-15,2018,1,0,0,0,0,0,0,0,0,0,0,0,0,0,0,0,0,0,0,0,0,0,0,0,0,0,0,0,0,0,0,0.0,0.0,0.0,0.0,0.0,0.0,0.0,0.0,0.0,0.0,0.0,0.0,0.0,6.318968113746434,159.36971893038702,455.3396875630185
,9/15/18,Sat,0.5,12:00p,Miami,Toledo,(461K),461.0,Miami,49.0,24.0,1.0,0.0,0,0.0,0.0,1.0,0.0,0.0,0.0,0.0,0.0,0.0,0.0,0.0,0.0,1,0,0.0,0.0,0.0,12.0,0.0,1.0,0.0,,,,,25.0,12.0,0.0,0.0,0.0,0.0,1.0,0.0,0.0,0.0,0.0,0.0,1.0,0.0,,0.0,0.0,0.0,1.0,12.0,0,0,0,1,0,0,2018-09-15,2018,1,0,0,0,0,0,0,0,0,0,0,0,0,0,0,0,0,0,0,0,0,0,0,0,0,0,0,0,0,0,0,0.0,0.0,0.0,0.0,0.0,0.0,0.0,0.0,0.0,0.0,0.0,0.0,0.0,6.135564891081739,455.3396875630185,159.36971893038702
,9/15/18,Sat,0.645833333,3:30p,Duke,Baylor,291K,291.0,Duke,40.0,27.0,0.0,0.0,3,0.0,1.0,0.0,0.0,0.0,0.0,0.0,0.0,0.0,0.0,0.0,0.0,1,0,0.0,0.0,0.0,2.5,0.0,2.0,0.0,,,,,13.0,2.5,0.0,0.0,0.0,0.0,1.0,0.0,0.0,1.0,1.0,0.0,1.0,0.0,,0.0,0.0,0.0,0.0,15.5,0,0,0,0,1,0,2018-09-15,2018,1,0,0,0,0,0,0,0,0,0,0,0,0,0,0,0,0,0,0,0,0,0,0,0,0,0,0,0,0,0,0,0.0,0.0,0.0,0.0,0.0,0.0,0.0,0.0,0.0,0.0,0.0,0.0,0.0,5.676753802268282,365.13869100677374,12332.302399748827
,9/22/18,Sat,0.645833333,3:30p,Texas A&M,Alabama,5.650M,5650.0,Alabama,45.0,23.0,1.0,1.0,1,0.0,0.0,0.0,0.0,1.0,0.0,0.0,0.0,0.0,0.0,0.0,0.0,1,0,0.0,0.0,0.0,24.5,2.0,0.0,0.0,,,,,22.0,24.5,1.0,1.0,0.0,0.0,0.0,0.0,0.0,0.0,0.0,2.0,0.0,0.0,,1.0,0.0,0.0,1.0,15.5,0,0,0,0,1,0,2018-09-22,2018,1,0,0,0,0,0,0,0,0,0,0,0,0,0,0,0,0,0,0,0,0,0,0,0,0,1,1,0,0,0,0,0.0,0.0,0.0,0.0,0.0,0.0,0.0,0.0,0.0,0.0,0.0,0.0,0.0,8.639587799629844,7808.422980961796,6763.891821528819
,9/22/18,Sat,0.833333333,8:00p,Stanford,Oregon,4.165M,4165.0,Stanford,38.0,31.0,1.0,1.0,0,0.0,0.0,0.0,0.0,0.0,1.0,0.0,0.0,0.0,0.0,0.0,0.0,0,0,0.0,0.0,0.0,3.0,1.0,1.0,0.0,,,,,7.0,3.0,0.0,0.0,0.0,0.0,0.0,0.0,0.0,0.0,0.0,0.0,0.0,0.0,,0.0,0.0,0.0,0.0,20.0,0,0,0,0,0,0,2018-09-22,2018,1,0,0,0,0,0,0,0,0,0,0,0,0,0,0,0,0,0,0,0,0,0,0,0,0,1,0,0,0,0,0,0.0,0.0,0.0,0.0,0.0,0.0,0.0,0.0,0.0,0.0,0.0,0.0,0.0,8.334711621820917,3465.5202212658646,6534.359481693847
,9/22/18,Sat,0.5,12:00p,Georgia,Missouri,(3.328M),3328.0,Georgia,43.0,29.0,0.0,1.0,1,0.0,0.0,0.0,0.0,0.0,0.0,0.0,0.0,0.0,0.0,0.0,0.0,1,0,0.0,0.0,0.0,15.0,2.0,0.0,0.0,,,,,14.0,15.0,1.0,1.0,0.0,0.0,0.0,0.0,0.0,0.0,0.0,2.0,0.0,0.0,,1.0,0.0,0.0,0.0,12.0,0,0,0,1,0,0,2018-09-22,2018,1,0,0,0,0,0,0,0,0,0,0,0,0,0,0,0,0,0,0,0,0,0,0,0,0,0,0,0,0,0,0,0.0,0.0,0.0,0.0,0.0,0.0,0.0,0.0,0.0,0.0,0.0,0.0,0.0,8.110427237575024,3110.5739570202772,5201.827883342852
,9/22/18,Sat,0.854166667,8:30p,Wisconsin,Iowa,3.313M,3313.0,Wisconsin,28.0,17.0,1.0,0.0,0,1.0,0.0,0.0,0.0,0.0,0.0,0.0,0.0,0.0,0.0,0.0,0.0,0,0,0.0,0.0,0.0,3.0,2.0,0.0,0.0,,,,,11.0,3.0,0.0,0.0,1.0,1.0,0.0,0.0,0.0,0.0,0.0,0.0,0.0,2.0,,0.0,0.0,0.0,0.0,20.5,0,0,0,0,0,0,2018-09-22,2018,1,0,0,0,0,0,0,0,0,0,0,0,0,0,0,0,0,0,0,0,0,0,0,0,0,0,0,0,0,0,0,0.0,0.0,0.0,0.0,0.0,0.0,0.0,0.0,0.0,0.0,0.0,0.0,0.0,8.105911197986508,3665.535396286411,3465.5202212658646
,9/22/18,Sat,0.6875,4:30p,TCU,Texas,2.887M,2887.0,Texas,31.0,16.0,1.0,0.0,1,1.0,0.0,0.0,0.0,0.0,0.0,0.0,0.0,0.0,0.0,0.0,0.0,1,0,0.0,0.0,0.0,3.0,1.0,1.0,0.0,,,,,15.0,3.0,0.0,0.0,0.0,0.0,0.0,0.0,1.0,1.0,2.0,0.0,0.0,0.0,,0.0,0.0,0.0,1.0,16.5,0,0,0,0,1,0,2018-09-22,2018,1,0,0,0,0,0,0,0,0,0,0,0,0,0,0,0,0,0,0,0,0,0,0,0,0,0,0,0,0,0,0,0.0,0.0,0.0,0.0,0.0,0.0,0.0,0.0,0.0,0.0,0.0,0.0,0.0,7.968319500012717,3110.615314065929,11461.699488424685
,9/22/18,Sat,0.5,12:00p,Notre Dame,Wake Forest,2.439M,2439.0,Notre Dame,56.0,27.0,0.0,1.0,1,0.0,0.0,0.0,0.0,0.0,1.0,0.0,0.0,0.0,0.0,0.0,0.0,1,0,0.0,0.0,0.0,6.5,0.0,1.0,0.0,,,,,29.0,6.5,0.0,0.0,0.0,0.0,0.0,1.0,0.0,0.0,0.0,0.0,1.0,0.0,,0.0,1.0,0.0,0.0,12.0,0,0,0,1,0,0,2018-09-22,2018,1,0,0,0,0,0,0,0,0,0,0,0,0,0,0,0,0,0,0,0,0,0,0,0,0,0,0,0,0,0,0,0.0,0.0,0.0,0.0,0.0,0.0,0.0,0.0,0.0,0.0,0.0,0.0,0.0,7.799753318287247,2657.998252619398,5654.403587743731
,9/22/18,Sat,0.791666667,7:00p,Florida,Tennessee,(2.108M),2108.0,Florida,47.0,21.0,0.0,0.0,0,0.0,0.0,0.0,0.0,0.0,0.0,0.0,0.0,0.0,0.0,0.0,0.0,0,0,0.0,0.0,0.0,3.5,2.0,0.0,0.0,,,,,26.0,3.5,1.0,1.0,0.0,0.0,0.0,0.0,0.0,0.0,0.0,2.0,0.0,0.0,,0.0,0.0,0.0,0.0,19.0,0,0,0,0,0,0,2018-09-22,2018,1,0,0,0,0,0,0,1,0,0,0,0,0,0,0,0,0,0,0,0,0,0,0,0,0,0,0,0,0,0,0,0.0,0.0,0.0,0.0,0.0,0.0,0.0,0.0,0.0,0.0,0.0,0.0,0.0,7.653969180478774,2620.204354033936,3714.1399526393648
,9/22/18,Sat,0.645833333,3:30p,Clemson,Georgia Tech,1.808M,1808.0,Clemson,49.0,21.0,0.0,1.0,1,0.0,0.0,0.0,0.0,0.0,1.0,0.0,0.0,0.0,0.0,0.0,0.0,1,0,0.0,0.0,0.0,16.5,0.0,2.0,0.0,,,,,28.0,16.5,0.0,0.0,0.0,0.0,1.0,1.0,0.0,0.0,0.0,0.0,2.0,0.0,,1.0,0.0,0.0,0.0,15.5,0,0,0,0,1,0,2018-09-22,2018,1,0,0,0,0,0,0,0,0,0,0,0,0,0,0,0,0,0,0,0,0,0,0,0,0,0,0,0,0,0,0,0.0,0.0,0.0,0.0,0.0,0.0,0.0,0.0,0.0,0.0,0.0,0.0,0.0,7.500529485395295,3198.3194824209913,11373.995320069624
,9/22/18,Sat,0.5,12:00p,Nebraska,Michigan,1.449M,1449.0,Michigan,56.0,10.0,1.0,0.0,2,0.0,1.0,0.0,0.0,0.0,0.0,0.0,0.0,0.0,0.0,0.0,0.0,1,0,0.0,0.0,0.0,18.0,2.0,0.0,0.0,,,,,46.0,18.0,0.0,0.0,1.0,1.0,0.0,0.0,0.0,0.0,0.0,0.0,0.0,2.0,,0.0,0.0,0.0,1.0,12.0,0,0,0,1,0,0,2018-09-22,2018,1,0,0,0,0,0,0,0,0,0,0,0,0,0,0,0,0,0,0,0,0,0,0,0,0,0,0,0,0,0,0,0.0,0.0,0.0,0.0,0.0,0.0,0.0,0.0,0.0,0.0,0.0,0.0,0.0,7.27931883541462,2022.982392328852,6289.419448034276
,9/20/18,Thu,0.8125,7:30p,Tulsa,Temple,(728K),728.0,Temple,31.0,17.0,0.0,0.0,0,0.0,0.0,0.0,0.0,0.0,0.0,0.0,0.0,0.0,0.0,0.0,0.0,0,0,0.0,0.0,1.0,6.5,0.0,0.0,0.0,,,,,14.0,6.5,0.0,0.0,0.0,0.0,0.0,0.0,0.0,0.0,0.0,0.0,0.0,0.0,,0.0,0.0,0.0,0.0,19.5,0,1,0,0,0,0,2018-09-20,2018,1,0,0,0,0,0,0,0,0,0,0,0,0,0,0,0,0,0,0,0,0,0,0,0,0,0,0,0,0,0,0,0.0,0.0,0.0,0.0,0.0,0.0,0.0,0.0,0.0,0.0,0.0,0.0,0.0,6.591673732008658,515.2213062579094,0.0
,9/22/18,Sat,0.791666667,7:00p,Louisiana Tech,LSU,(616K),616.0,LSU,38.0,21.0,0.0,1.0,0,0.0,0.0,0.0,0.0,0.0,0.0,0.0,1.0,0.0,0.0,0.0,0.0,0,0,0.0,0.0,0.0,19.5,1.0,0.0,0.0,,,,,17.0,19.5,0.0,1.0,0.0,0.0,0.0,0.0,0.0,0.0,0.0,1.0,0.0,0.0,,0.0,1.0,0.0,0.0,19.0,0,0,0,0,0,0,2018-09-22,2018,1,0,0,0,0,0,0,0,0,0,0,0,0,0,0,0,0,0,0,0,0,0,0,0,0,0,0,0,0,0,0,0.0,0.0,0.0,0.0,0.0,0.0,0.0,0.0,0.0,0.0,0.0,0.0,0.0,6.424869023905388,248.6197313735003,6085.724575299801
,9/22/18,Sat,0.5,12:00p,Boston College,Purdue,(424K),424.0,Purdue,30.0,13.0,1.0,0.0,2,0.0,0.0,1.0,0.0,0.0,0.0,0.0,0.0,0.0,0.0,0.0,0.0,1,0,0.0,0.0,0.0,6.5,1.0,1.0,0.0,,,,,17.0,6.5,0.0,0.0,0.0,1.0,1.0,0.0,0.0,0.0,0.0,0.0,1.0,1.0,,0.0,0.0,0.0,1.0,12.0,0,0,0,1,0,0,2018-09-22,2018,1,0,0,0,0,0,0,0,0,0,0,0,0,0,0,0,0,0,0,0,0,0,0,0,0,0,0,0,0,0,0,0.0,0.0,0.0,0.0,0.0,0.0,0.0,0.0,0.0,0.0,0.0,0.0,0.0,6.052089168924417,520.8472383946014,7791.554601968527
,9/22/18,Sat,0.645833333,3:30p,Kansas,Baylor,414K,414.0,Baylor,26.0,7.0,0.0,0.0,2,0.0,1.0,0.0,0.0,0.0,0.0,0.0,0.0,0.0,0.0,0.0,0.0,1,0,0.0,0.0,0.0,7.5,0.0,2.0,0.0,,,,,19.0,7.5,0.0,0.0,0.0,0.0,0.0,0.0,1.0,1.0,2.0,0.0,0.0,0.0,,0.0,0.0,0.0,0.0,15.5,0,0,0,0,1,0,2018-09-22,2018,1,0,0,0,0,0,0,0,0,0,0,0,0,0,0,0,0,0,0,0,0,0,0,0,0,0,0,0,0,0,0,0.0,0.0,0.0,0.0,0.0,0.0,0.0,0.0,0.0,0.0,0.0,0.0,0.0,6.028278520230698,454.9570250418987,14117.357777448717
,9/29/18,Sat,0.5,12:00p,Syracuse,Clemson,(4.617M),4617.0,Clemson,27.0,23.0,0.0,1.0,0,0.0,0.0,0.0,0.0,0.0,1.0,0.0,0.0,0.0,0.0,0.0,0.0,1,0,0.0,0.0,0.0,24.5,0.0,2.0,0.0,,,,,4.0,24.5,0.0,0.0,0.0,0.0,1.0,1.0,0.0,0.0,0.0,0.0,2.0,0.0,,1.0,0.0,0.0,0.0,12.0,0,0,0,1,0,0,2018-09-29,2018,1,0,0,0,0,0,0,0,0,0,0,0,0,0,0,0,0,0,0,0,0,0,0,0,0,0,0,0,0,0,0,0.0,0.0,0.0,0.0,0.0,0.0,0.0,0.0,0.0,0.0,0.0,0.0,0.0,8.43771698991444,3056.7741505262306,2932.350683294708
,9/29/18,Sat,0.645833333,3:30p,Tennessee,Georgia,3.640M,3640.0,Georgia,38.0,12.0,0.0,1.0,1,0.0,0.0,0.0,0.0,1.0,0.0,0.0,0.0,0.0,0.0,0.0,0.0,1,0,0.0,0.0,0.0,30.0,2.0,0.0,0.0,,,,,26.0,30.0,1.0,1.0,0.0,0.0,0.0,0.0,0.0,0.0,0.0,2.0,0.0,0.0,,1.0,0.0,0.0,0.0,15.5,0,0,0,0,1,0,2018-09-29,2018,1,0,0,0,0,0,0,0,0,0,0,0,0,0,0,0,0,0,0,0,0,0,0,0,0,0,0,0,0,0,0,0.0,0.0,0.0,0.0,0.0,0.0,0.0,0.0,0.0,0.0,0.0,0.0,0.0,8.200013648175434,5691.512190728774,3207.7909550842032
,9/29/18,Sat,0.708333333,5:00p,Michigan,Northwestern,3.618M,3618.0,Michigan,20.0,17.0,1.0,0.0,0,1.0,0.0,0.0,0.0,0.0,0.0,0.0,0.0,0.0,0.0,0.0,0.0,1,0,0.0,0.0,0.0,14.5,2.0,0.0,0.0,,,,,3.0,14.5,0.0,0.0,1.0,1.0,0.0,0.0,0.0,0.0,0.0,0.0,0.0,2.0,,0.0,0.0,1.0,0.0,17.0,0,0,0,0,1,0,2018-09-29,2018,1,0,0,0,0,0,0,0,0,0,0,0,0,0,0,0,0,0,0,0,0,0,0,0,0,0,0,0,0,0,0,0.0,0.0,0.0,0.0,0.0,0.0,0.0,0.0,0.0,0.0,0.0,0.0,0.0,8.193953023563742,3200.4221195416403,0.0
,9/29/18,Sat,0.8125,7:30p,Stanford,Notre Dame,(3.479M),3479.0,Notre Dame,38.0,17.0,0.0,2.0,0,0.0,0.0,0.0,1.0,0.0,0.0,0.0,0.0,0.0,0.0,0.0,0.0,0,0,0.0,0.0,0.0,4.5,0.0,1.0,0.0,,,,,21.0,4.5,0.0,0.0,0.0,0.0,0.0,0.0,0.0,0.0,0.0,0.0,0.0,0.0,,0.0,2.0,0.0,0.0,19.5,0,0,0,0,0,0,2018-09-29,2018,1,0,0,0,0,0,0,0,0,0,0,0,0,0,0,0,0,0,0,0,0,0,0,0,0,1,0,0,0,0,0,0.0,0.0,0.0,0.0,0.0,0.0,0.0,0.0,0.0,0.0,0.0,0.0,0.0,8.15478757276852,3950.5837578220085,3471.519036608327
,9/29/18,Sat,0.645833333,3:30p,Baylor,Oklahoma,2.767M,2767.0,Oklahoma,66.0,33.0,0.0,1.0,1,0.0,0.0,0.0,0.0,0.0,1.0,0.0,0.0,0.0,0.0,0.0,0.0,1,0,0.0,0.0,0.0,22.5,1.0,1.0,0.0,,,,,33.0,22.5,0.0,0.0,0.0,0.0,0.0,0.0,1.0,1.0,2.0,0.0,0.0,0.0,,0.0,1.0,0.0,0.0,15.5,0,0,0,0,1,0,2018-09-29,2018,1,0,0,0,0,0,0,0,0,0,0,0,0,0,0,0,0,0,0,0,0,0,0,0,0,0,0,0,0,0,0,0.0,0.0,0.0,0.0,0.0,0.0,0.0,0.0,0.0,0.0,0.0,0.0,0.0,7.92588031673756,3207.7909550842032,5691.512190728774
,9/29/18,Sat,0.5,12:00p,Arkansas,Texas A&M,(1.596M),1596.0,Texas A&M,24.0,17.0,0.0,0.0,0,0.0,0.0,0.0,0.0,0.0,0.0,0.0,0.0,0.0,0.0,0.0,0.0,1,0,0.0,0.0,0.0,20.5,2.0,0.0,0.0,,,,,7.0,20.5,1.0,1.0,0.0,0.0,0.0,0.0,0.0,0.0,0.0,2.0,0.0,0.0,,0.0,0.0,0.0,0.0,12.0,0,0,0,1,0,0,2018-09-29,2018,1,0,0,0,0,0,0,0,0,0,0,0,0,0,0,0,0,0,0,0,0,0,0,0,0,0,0,0,0,0,0,0.0,0.0,0.0,0.0,0.0,0.0,0.0,0.0,0.0,0.0,0.0,0.0,0.0,7.3758821482150125,1706.2797079507095,4282.845125870229
,9/29/18,Sat,0.854166667,8:30p,BYU,Washington,1.286M,1286.0,Washington,35.0,7.0,2.0,0.0,0,1.0,0.0,0.0,0.0,0.0,0.0,0.0,0.0,0.0,0.0,0.0,0.0,0,0,0.0,0.0,0.0,18.5,1.0,1.0,0.0,,,,,28.0,18.5,0.0,0.0,0.0,0.0,0.0,0.0,0.0,0.0,0.0,0.0,0.0,0.0,,0.0,0.0,0.0,0.0,20.5,0,0,0,0,0,0,2018-09-29,2018,1,0,0,0,0,0,0,0,0,0,0,0,0,0,0,0,0,0,0,0,0,0,0,0,0,1,0,0,0,0,0,0.0,0.0,0.0,0.0,0.0,0.0,0.0,0.0,0.0,0.0,0.0,0.0,0.0,7.160069207596127,2758.586350070719,3950.5837578220085
,9/29/18,Sat,0.5,12:00p,West Virginia,Texas Tech,(1.147M),1147.0,West Virginia,42.0,34.0,2.0,0.0,1,0.0,0.0,1.0,0.0,0.0,0.0,0.0,0.0,0.0,0.0,0.0,0.0,1,0,0.0,0.0,0.0,3.5,0.0,2.0,0.0,,,,,8.0,3.5,0.0,0.0,0.0,0.0,0.0,0.0,1.0,1.0,2.0,0.0,0.0,0.0,,0.0,0.0,1.0,1.0,12.0,0,0,0,1,0,0,2018-09-29,2018,1,0,0,0,0,0,0,0,0,0,0,0,0,0,0,0,0,0,0,0,0,0,0,0,0,1,0,0,0,1,0,0.0,0.0,0.0,0.0,0.0,0.0,0.0,0.0,0.0,0.0,0.0,0.0,0.0,7.045776576879511,1226.070975343998,4763.05385847694
,9/27/18,Thu,0.833333333,8:00p,North Carolina,Miami,(1.007M),1007.0,Miami,47.0,10.0,1.0,0.0,0,0.0,0.0,0.0,0.0,0.0,0.0,0.0,0.0,0.0,0.0,0.0,0.0,0,0,0.0,0.0,1.0,18.5,0.0,2.0,0.0,,,,,37.0,18.5,0.0,0.0,0.0,0.0,1.0,1.0,0.0,0.0,0.0,0.0,2.0,0.0,,0.0,0.0,0.0,0.0,20.0,0,1,0,0,0,0,2018-09-27,2018,1,0,0,0,0,0,0,0,0,0,0,0,0,0,0,0,0,0,0,0,0,0,0,0,0,0,0,0,0,0,0,0.0,0.0,0.0,0.0,0.0,0.0,0.0,0.0,0.0,0.0,0.0,0.0,0.0,6.915723448631314,2387.2200058611566,0.0
,9/28/18,Fri,0.875,9:00p,UCLA,Colorado,840K,840.0,Colorado,38.0,16.0,0.0,0.0,0,0.0,1.0,0.0,0.0,0.0,0.0,0.0,0.0,0.0,0.0,0.0,0.0,0,0,0.0,0.0,1.0,9.0,1.0,1.0,0.0,,,,,22.0,9.0,0.0,0.0,0.0,0.0,0.0,0.0,0.0,0.0,0.0,0.0,0.0,0.0,,0.0,0.0,0.0,0.0,21.0,0,0,1,0,0,0,2018-09-28,2018,1,0,0,0,0,0,0,0,0,0,0,0,0,0,0,0,0,0,0,0,0,0,0,0,0,0,0,0,0,0,0,0.0,0.0,1.0,0.0,0.0,0.0,0.0,0.0,0.0,0.0,0.0,0.0,0.0,6.734591659972948,639.0043544548421,536.4857848952856
,9/29/18,Sat,0.9375,10:30p,USC,Arizona,(756K),756.0,USC,24.0,20.0,0.0,0.0,0,0.0,0.0,1.0,0.0,0.0,0.0,0.0,0.0,0.0,0.0,0.0,0.0,0,1,0.0,0.0,0.0,3.5,1.0,1.0,0.0,,,,,4.0,3.5,0.0,0.0,0.0,0.0,0.0,0.0,0.0,0.0,0.0,0.0,0.0,0.0,,0.0,0.0,0.0,0.0,22.5,0,0,0,0,0,1,2018-09-29,2018,1,0,0,0,0,0,0,0,0,0,0,0,0,0,0,0,0,0,0,0,0,0,0,0,0,0,0,0,0,0,0,0.0,0.0,0.0,0.0,0.0,0.0,0.0,0.0,0.0,0.0,0.0,0.0,0.0,6.6293632534374485,699.7920477985423,891.516745797635
,9/29/18,Sat,0.9375,10:30p,Oregon,California,750K,750.0,Oregon,42.0,24.0,2.0,0.0,0,0.0,1.0,0.0,0.0,0.0,0.0,0.0,0.0,0.0,0.0,0.0,0.0,0,1,0.0,0.0,0.0,1.5,1.0,1.0,0.0,,,,,18.0,1.5,0.0,0.0,0.0,0.0,0.0,0.0,0.0,0.0,0.0,0.0,0.0,0.0,,0.0,0.0,0.0,0.0,22.5,0,0,0,0,0,1,2018-09-29,2018,1,0,0,0,0,0,0,0,0,0,0,0,0,0,0,0,0,0,0,0,0,0,0,0,0,1,0,0,0,0,0,0.0,0.0,0.0,0.0,0.0,0.0,0.0,0.0,0.0,0.0,0.0,0.0,0.0,6.621405651764134,891.516745797635,699.7920477985423
,9/28/18,Fri,0.833333333,8:00p,Memphis,Tulane,(738K),738.0,Tulane,40.0,24.0,0.0,0.0,0,0.0,0.0,1.0,0.0,0.0,0.0,0.0,0.0,0.0,0.0,0.0,0.0,0,0,0.0,0.0,1.0,14.5,0.0,0.0,0.0,,,,,16.0,14.5,0.0,0.0,0.0,0.0,0.0,0.0,0.0,0.0,0.0,0.0,0.0,0.0,,0.0,0.0,0.0,0.0,20.0,0,0,1,0,0,0,2018-09-28,2018,1,0,0,0,0,0,0,0,0,0,0,0,0,0,0,0,0,0,0,0,0,0,0,0,0,0,0,0,0,0,0,0.0,1.0,0.0,0.0,0.0,0.0,0.0,0.0,0.0,0.0,0.0,0.0,0.0,6.6052979209482015,536.4857848952856,639.0043544548421
,9/29/18,Sat,0.791666667,7:00p,Virginia Tech,Duke,(723K),723.0,Virginia Tech,31.0,14.0,1.0,0.0,1,0.0,0.0,1.0,0.0,0.0,0.0,0.0,0.0,0.0,0.0,0.0,0.0,0,0,0.0,0.0,0.0,6.5,0.0,2.0,0.0,,,,,17.0,6.5,0.0,0.0,0.0,0.0,1.0,1.0,0.0,0.0,0.0,0.0,2.0,0.0,,0.0,0.0,0.0,1.0,19.0,0,0,0,0,0,0,2018-09-29,2018,1,0,0,0,0,0,0,0,0,0,0,0,0,0,0,0,0,0,0,0,0,0,0,0,0,0,0,0,0,0,0,0.0,0.0,0.0,0.0,0.0,0.0,0.0,0.0,0.0,0.0,0.0,0.0,0.0,6.584791392385716,712.9326865376081,3950.5837578220085
,10/6/18,Sat,0.5,12:00p,Texas,Oklahoma,5.608M,5608.0,Texas,48.0,45.0,1.0,1.0,1,1.0,0.0,0.0,0.0,0.0,0.0,0.0,0.0,0.0,0.0,0.0,0.0,1,0,0.0,0.0,0.0,7.0,2.0,0.0,0.0,,,,,3.0,7.0,0.0,0.0,0.0,0.0,0.0,0.0,1.0,1.0,2.0,0.0,0.0,0.0,,0.0,1.0,0.0,1.0,12.0,0,0,0,1,0,0,2018-10-06,2018,1,0,0,1,0,0,0,0,0,0,0,0,0,0,0,0,0,0,0,0,0,0,0,0,0,1,0,0,0,1,0,0.0,0.0,0.0,0.0,0.0,0.0,0.0,0.0,0.0,0.0,0.0,0.0,0.0,8.632127729508337,7651.52923290342,8017.736590997006
,10/6/18,Sat,0.645833333,3:30p,LSU,Florida,4.703M,4703.0,Florida,27.0,19.0,1.0,1.0,1,0.0,0.0,0.0,0.0,1.0,0.0,0.0,0.0,0.0,0.0,0.0,0.0,1,0,0.0,0.0,0.0,1.0,2.0,0.0,0.0,,,,,8.0,1.0,1.0,1.0,0.0,0.0,0.0,0.0,0.0,0.0,0.0,2.0,0.0,0.0,,1.0,0.0,0.0,1.0,15.5,0,0,0,0,1,0,2018-10-06,2018,1,0,0,0,0,0,0,0,0,0,0,0,0,0,0,0,0,0,0,0,0,0,0,0,0,1,1,0,0,0,0,0.0,0.0,0.0,0.0,0.0,0.0,0.0,0.0,0.0,0.0,0.0,0.0,0.0,8.456168489578463,7847.925276480705,1495.6303200910559
,10/6/18,Sat,0.833333333,8:00p,Notre Dame,Virginia Tech,4.473M,4473.0,Notre Dame,45.0,23.0,1.0,1.0,1,0.0,0.0,0.0,0.0,0.0,1.0,0.0,0.0,0.0,0.0,0.0,0.0,0,0,0.0,0.0,0.0,6.5,0.0,1.0,0.0,,,,,22.0,6.5,0.0,0.0,0.0,0.0,0.0,1.0,0.0,0.0,0.0,0.0,1.0,0.0,,0.0,0.0,0.0,0.0,20.0,0,0,0,0,0,0,2018-10-06,2018,1,0,0,0,0,0,0,0,0,0,0,0,0,0,0,0,0,0,0,0,0,0,0,0,0,1,0,0,0,0,0,0.0,0.0,0.0,0.0,0.0,0.0,0.0,0.0,0.0,0.0,0.0,0.0,0.0,8.406038142050075,5688.463399157877,4913.579822629606
,10/6/18,Sat,0.791666667,7:00p,Kentucky,Texas A&M,(2.547M),2547.0,Texas A&M,20.0,14.0,1.0,0.0,1,0.0,0.0,0.0,0.0,0.0,0.0,0.0,0.0,0.0,0.0,0.0,0.0,0,0,0.0,0.0,0.0,5.5,2.0,0.0,0.0,,,,,6.0,5.5,1.0,1.0,0.0,0.0,0.0,0.0,0.0,0.0,0.0,2.0,0.0,0.0,,0.0,0.0,1.0,0.0,19.0,0,0,0,0,0,0,2018-10-06,2018,1,0,0,0,0,0,0,0,0,0,0,0,0,0,0,0,0,0,0,0,0,0,0,0,0,0,0,0,0,0,0,0.0,0.0,0.0,0.0,0.0,0.0,0.0,0.0,0.0,0.0,0.0,0.0,0.0,7.843064016692054,2482.713811341325,8119.329410446157
,10/6/18,Sat,0.5,12:00p,Alabama,Arkansas,(2.495M),2495.0,Alabama,65.0,31.0,0.0,1.0,1,0.0,0.0,0.0,0.0,0.0,0.0,0.0,0.0,0.0,0.0,0.0,0.0,1,0,0.0,0.0,0.0,35.0,2.0,0.0,0.0,,,,,34.0,35.0,1.0,1.0,0.0,0.0,0.0,0.0,0.0,0.0,0.0,2.0,0.0,0.0,,1.0,0.0,0.0,0.0,12.0,0,0,0,1,0,0,2018-10-06,2018,1,0,0,0,0,0,0,0,0,0,0,0,0,0,0,0,0,0,0,0,0,0,0,0,0,0,0,0,0,0,0,0.0,0.0,0.0,0.0,0.0,0.0,0.0,0.0,0.0,0.0,0.0,0.0,0.0,7.822444729489319,3593.304139727514,12075.961684172913
,10/6/18,Sat,0.5,12:00p,Maryland,Michigan,2.329M,2329.0,Michigan,42.0,21.0,1.0,0.0,1,0.0,0.0,0.0,0.0,0.0,1.0,0.0,0.0,0.0,0.0,0.0,0.0,1,0,0.0,0.0,0.0,17.5,2.0,0.0,0.0,,,,,21.0,17.5,0.0,0.0,1.0,1.0,0.0,0.0,0.0,0.0,0.0,0.0,0.0,2.0,,0.0,0.0,1.0,0.0,12.0,0,0,0,1,0,0,2018-10-06,2018,1,0,0,0,0,0,0,0,0,0,0,0,0,0,0,0,0,0,0,0,0,0,0,0,0,0,0,0,0,0,0,0.0,0.0,0.0,0.0,0.0,0.0,0.0,0.0,0.0,0.0,0.0,0.0,0.0,7.753623546559746,3415.6017348893215,12253.664089011105
,10/6/18,Sat,0.833333333,8:00p,Washington,UCLA,2.027M,2027.0,Washington,31.0,24.0,0.0,1.0,1,1.0,0.0,0.0,0.0,0.0,0.0,0.0,0.0,0.0,0.0,0.0,0.0,0,0,0.0,0.0,0.0,21.0,2.0,0.0,0.0,,,,,7.0,21.0,0.0,0.0,0.0,0.0,0.0,0.0,0.0,0.0,0.0,0.0,0.0,0.0,,0.0,1.0,0.0,0.0,20.0,0,0,0,0,0,0,2018-10-06,2018,1,0,0,0,0,0,0,0,0,0,0,0,0,0,0,0,0,0,0,0,0,0,0,0,0,0,0,0,0,0,0,0.0,0.0,0.0,0.0,0.0,0.0,0.0,0.0,0.0,0.0,0.0,0.0,0.0,7.614805364711073,2430.866011288281,8171.1772104992015
,10/6/18,Sat,0.9375,10:30p,Utah,Stanford,(1.415M),1415.0,Utah,40.0,21.0,1.0,0.0,0,0.0,0.0,0.0,0.0,0.0,0.0,0.0,0.0,0.0,0.0,0.0,0.0,0,1,0.0,0.0,0.0,4.0,0.0,2.0,0.0,,,,,19.0,4.0,0.0,0.0,0.0,0.0,0.0,0.0,0.0,0.0,0.0,0.0,0.0,0.0,,0.0,0.0,0.0,0.0,22.5,0,0,0,0,0,1,2018-10-06,2018,1,0,0,0,0,0,0,0,0,0,0,0,0,0,0,0,0,0,0,0,0,0,0,0,0,0,0,0,0,0,0,0.0,0.0,0.0,0.0,0.0,0.0,0.0,0.0,0.0,0.0,0.0,0.0,0.0,7.255591274253665,1107.3196870350964,380.5092019016043
,10/5/18,Fri,0.791666667,7:00p,Georgia Tech,Louisville,(996K),996.0,Georgia Tech,66.0,31.0,0.0,0.0,0,0.0,0.0,0.0,0.0,0.0,0.0,0.0,0.0,0.0,0.0,0.0,0.0,0,0,0.0,0.0,1.0,5.5,0.0,2.0,0.0,,,,,35.0,5.5,0.0,0.0,0.0,0.0,1.0,1.0,0.0,0.0,0.0,0.0,2.0,0.0,,0.0,0.0,0.0,0.0,19.0,0,0,1,0,0,0,2018-10-05,2018,1,0,0,0,0,0,0,0,0,0,0,0,0,0,0,0,0,0,0,0,0,0,0,0,0,0,0,0,0,0,0,0.0,0.0,0.0,0.0,0.0,0.0,0.0,0.0,0.0,0.0,0.0,0.0,1.0,6.904750769961838,1365.7263290197698,0.0
,10/6/18,Sat,0.645833333,3:30p,Clemson,Wake Forest,(966K),966.0,Clemson,63.0,3.0,0.0,1.0,1,0.0,0.0,0.0,0.0,0.0,0.0,0.0,0.0,0.0,0.0,0.0,0.0,1,0,0.0,0.0,0.0,20.5,0.0,2.0,0.0,,,,,60.0,20.5,0.0,0.0,0.0,0.0,1.0,1.0,0.0,0.0,0.0,0.0,2.0,0.0,,1.0,0.0,0.0,0.0,15.5,0,0,0,0,1,0,2018-10-06,2018,1,0,0,0,0,0,0,0,0,0,0,0,0,0,0,0,0,0,0,0,0,0,0,0,0,0,0,0,0,0,0,0.0,0.0,0.0,0.0,0.0,0.0,0.0,0.0,0.0,0.0,0.0,0.0,0.0,6.874198495453294,1495.6303200910559,7847.925276480705
,10/6/18,Sat,0.5,12:00p,Kansas,West Virginia,(731K),731.0,West Virginia,38.0,22.0,0.0,1.0,2,0.0,0.0,1.0,0.0,0.0,0.0,0.0,0.0,0.0,0.0,0.0,0.0,1,0,0.0,0.0,0.0,27.5,0.0,2.0,0.0,,,,,16.0,27.5,0.0,0.0,0.0,0.0,0.0,0.0,1.0,1.0,2.0,0.0,0.0,0.0,,0.0,1.0,0.0,0.0,12.0,0,0,0,1,0,0,2018-10-06,2018,1,0,0,0,0,0,0,0,0,0,0,0,0,0,0,0,0,0,0,0,0,0,0,0,0,0,0,0,0,0,0,0.0,0.0,0.0,0.0,0.0,0.0,0.0,0.0,0.0,0.0,0.0,0.0,0.0,6.595780513961311,1008.8307163801704,14660.435107520256
,10/4/18,Thu,0.833333333,8:00p,Tulsa,Houston,(562K),562.0,Houston,41.0,26.0,0.0,0.0,0,0.0,0.0,0.0,0.0,0.0,0.0,0.0,0.0,0.0,0.0,0.0,0.0,0,0,0.0,0.0,1.0,18.0,0.0,1.0,0.0,,,,,15.0,18.0,0.0,0.0,0.0,0.0,0.0,0.0,0.0,0.0,0.0,0.0,0.0,0.0,,0.0,0.0,0.0,0.0,20.0,0,1,0,0,0,0,2018-10-04,2018,1,0,0,0,0,0,0,0,0,0,0,0,0,0,0,0,0,0,0,0,0,0,0,0,0,0,0,0,0,0,0,0.0,0.0,0.0,0.0,0.0,0.0,0.0,0.0,0.0,0.0,0.0,0.0,0.0,6.333279628139691,718.320819509808,0.0
,10/6/18,Sat,0.916666667,10:00p,California,Arizona,406K,406.0,Arizona,24.0,17.0,0.0,0.0,0,0.0,1.0,0.0,0.0,0.0,0.0,0.0,0.0,0.0,0.0,0.0,0.0,0,1,0.0,0.0,0.0,2.0,0.0,2.0,0.0,,,,,7.0,2.0,0.0,0.0,0.0,0.0,0.0,0.0,0.0,0.0,0.0,0.0,0.0,0.0,,0.0,0.0,0.0,0.0,22.0,0,0,0,0,0,1,2018-10-06,2018,1,0,0,0,0,0,0,0,0,0,0,0,0,0,0,0,0,0,0,0,0,0,0,0,0,0,0,0,0,0,0,0.0,0.0,0.0,0.0,0.0,0.0,0.0,0.0,0.0,0.0,0.0,0.0,0.0,6.008813185442595,380.5092019016043,1107.3196870350964
,10/13/18,Sat,0.8125,7:30p,Wisconsin,Michigan,(6.103M),6103.0,Michigan,38.0,13.0,2.0,0.0,0,0.0,0.0,0.0,0.0,0.0,1.0,0.0,0.0,0.0,0.0,0.0,0.0,0,0,0.0,0.0,0.0,10.0,2.0,0.0,0.0,,,,,25.0,10.0,0.0,0.0,1.0,1.0,0.0,0.0,0.0,0.0,0.0,0.0,0.0,2.0,,0.0,0.0,2.0,0.0,19.5,0,0,0,0,0,0,2018-10-13,2018,1,0,0,0,0,0,0,0,0,0,0,0,0,0,0,0,0,0,0,0,0,0,0,0,0,1,0,1,0,0,0,0.0,0.0,0.0,0.0,0.0,0.0,0.0,0.0,0.0,0.0,0.0,0.0,0.0,8.716699572964293,6989.676006897947,4750.5491968954975
,10/13/18,Sat,0.645833333,3:30p,Georgia,LSU,5.539M,5539.0,LSU,36.0,16.0,1.0,1.0,3,0.0,0.0,0.0,0.0,1.0,0.0,0.0,0.0,0.0,0.0,0.0,0.0,1,0,0.0,0.0,0.0,7.0,2.0,0.0,0.0,,,,,20.0,7.0,1.0,1.0,0.0,0.0,0.0,0.0,0.0,0.0,0.0,2.0,0.0,0.0,,1.0,0.0,1.0,0.0,15.5,0,0,0,0,1,0,2018-10-13,2018,1,0,0,0,0,0,0,0,0,0,0,0,0,0,0,0,0,0,0,0,0,0,0,0,0,1,1,0,0,0,0,0.0,0.0,0.0,0.0,0.0,0.0,0.0,0.0,0.0,0.0,0.0,0.0,0.0,8.61974977974133,7510.138102390719,9820.483167930139
,10/13/18,Sat,0.791666667,7:00p,Missouri,Alabama,(3.758M),3758.0,Alabama,39.0,10.0,0.0,1.0,0,0.0,0.0,0.0,0.0,0.0,0.0,0.0,0.0,0.0,0.0,0.0,0.0,0,0,0.0,0.0,0.0,28.5,2.0,0.0,0.0,,,,,29.0,28.5,1.0,1.0,0.0,0.0,0.0,0.0,0.0,0.0,0.0,2.0,0.0,0.0,,1.0,0.0,0.0,0.0,19.0,0,0,0,0,0,0,2018-10-13,2018,1,0,0,0,0,0,0,0,0,0,0,0,0,0,0,0,0,0,0,0,0,0,0,0,0,0,0,0,0,0,0,0.0,0.0,0.0,0.0,0.0,0.0,0.0,0.0,0.0,0.0,0.0,0.0,0.0,8.231908243564177,3776.8924043043507,7963.332799489094
,10/13/18,Sat,0.645833333,3:30p,Washington,Oregon,2.990M,2990.0,Oregon,30.0,27.0,1.0,1.0,3,0.0,0.0,0.0,0.0,0.0,1.0,0.0,0.0,0.0,0.0,0.0,0.0,1,0,0.0,0.0,0.0,3.5,2.0,0.0,0.0,,,,,3.0,3.5,0.0,0.0,0.0,0.0,0.0,0.0,0.0,0.0,0.0,0.0,0.0,0.0,,0.0,1.0,0.0,1.0,15.5,0,0,0,0,1,0,2018-10-13,2018,1,0,0,0,0,0,0,0,1,0,0,0,0,0,0,0,0,0,0,0,0,0,0,0,0,1,0,0,0,0,0,0.0,0.0,0.0,0.0,0.0,0.0,0.0,0.0,0.0,0.0,0.0,0.0,0.0,8.003363058629947,4255.928814516606,13074.692455804252
,10/13/18,Sat,0.604166667,2:30p,Pittsburgh,Notre Dame,(2.849M),2849.0,Notre Dame,19.0,14.0,0.0,1.0,3,0.0,0.0,0.0,1.0,0.0,0.0,0.0,0.0,0.0,0.0,0.0,0.0,1,0,0.0,0.0,0.0,21.0,0.0,1.0,0.0,,,,,5.0,21.0,0.0,0.0,0.0,0.0,1.0,0.0,0.0,0.0,0.0,0.0,1.0,0.0,,1.0,0.0,0.0,0.0,14.5,0,0,0,0,1,0,2018-10-13,2018,1,0,0,0,0,0,0,0,0,0,0,0,0,0,0,0,0,0,0,0,0,0,0,0,0,0,0,0,0,0,0,0.0,0.0,0.0,0.0,0.0,0.0,0.0,0.0,0.0,0.0,0.0,0.0,0.0,7.955074273262696,2844.1578280828885,14486.46344223797
,10/13/18,Sat,0.5,12:00p,Florida,Vanderbilt,(2.497M),2497.0,Florida,37.0,27.0,1.0,0.0,0,0.0,0.0,0.0,0.0,0.0,0.0,0.0,0.0,0.0,0.0,0.0,0.0,1,0,0.0,0.0,0.0,9.5,2.0,0.0,0.0,,,,,10.0,9.5,1.0,1.0,0.0,0.0,0.0,0.0,0.0,0.0,0.0,2.0,0.0,0.0,,0.0,0.0,1.0,0.0,12.0,0,0,0,1,0,0,2018-10-13,2018,1,0,0,0,0,0,0,0,0,0,0,0,0,0,0,0,0,0,0,0,0,0,0,0,0,0,0,0,0,0,0,0.0,0.0,0.0,0.0,0.0,0.0,0.0,0.0,0.0,0.0,0.0,0.0,0.0,7.823245690685523,1812.4332828231177,3367.817058331957
,10/13/18,Sat,0.5,12:00p,Nebraska,Northwestern,(2.450M),2450.0,Northwestern,34.0,31.0,0.0,0.0,0,0.0,0.0,0.0,0.0,0.0,1.0,0.0,0.0,0.0,0.0,0.0,0.0,1,0,0.0,0.0,0.0,3.5,2.0,0.0,0.0,,,,,3.0,3.5,0.0,0.0,1.0,1.0,0.0,0.0,0.0,0.0,0.0,0.0,0.0,2.0,,0.0,0.0,0.0,0.0,12.0,0,0,0,1,0,0,2018-10-13,2018,1,0,0,0,0,0,0,0,0,0,0,0,0,0,0,0,0,0,0,0,0,0,0,0,0,0,0,0,0,0,0,0.0,0.0,0.0,0.0,0.0,0.0,0.0,0.0,0.0,0.0,0.0,0.0,0.0,7.804251383528112,2608.471359141655,2571.77898201342
,10/13/18,Sat,0.645833333,3:30p,Baylor,Texas,(1.783M),1783.0,Texas,23.0,17.0,0.0,1.0,3,0.0,0.0,0.0,0.0,0.0,0.0,0.0,0.0,0.0,0.0,0.0,0.0,1,0,0.0,0.0,0.0,14.0,1.0,1.0,0.0,,,,,6.0,14.0,0.0,0.0,0.0,0.0,0.0,0.0,1.0,1.0,2.0,0.0,0.0,0.0,,0.0,1.0,0.0,0.0,15.5,0,0,0,0,1,0,2018-10-13,2018,1,0,0,0,0,0,0,0,0,0,0,0,0,0,0,0,0,0,0,0,0,0,0,0,0,0,0,0,0,0,0,0.0,0.0,0.0,0.0,0.0,0.0,0.0,0.0,0.0,0.0,0.0,0.0,0.0,7.486613313139955,2256.4944617608594,15074.126808559999
,10/11/18,Thu,0.8125,7:30p,Texas Tech,TCU,(1.233M),1233.0,Texas Tech,17.0,14.0,0.0,0.0,0,0.0,0.0,0.0,0.0,0.0,0.0,0.0,0.0,0.0,0.0,0.0,0.0,0,0,0.0,0.0,1.0,7.5,0.0,2.0,0.0,,,,,3.0,7.5,0.0,0.0,0.0,0.0,0.0,0.0,1.0,1.0,2.0,0.0,0.0,0.0,,0.0,0.0,0.0,0.0,19.5,0,1,0,0,0,0,2018-10-11,2018,1,0,0,0,0,0,0,0,0,0,0,0,0,0,0,0,0,0,0,0,0,0,0,0,0,0,0,0,0,0,0,0.0,0.0,0.0,0.0,0.0,0.0,0.0,0.0,0.0,0.0,0.0,0.0,0.0,7.1180162044653335,1492.956099049711,0.0
,10/13/18,Sat,0.9375,10:30p,Colorado,USC,1.184M,1184.0,USC,31.0,20.0,1.0,0.0,0,0.0,1.0,0.0,0.0,0.0,0.0,0.0,0.0,0.0,0.0,0.0,0.0,0,1,0.0,0.0,0.0,7.0,1.0,1.0,0.0,,,,,11.0,7.0,0.0,0.0,0.0,0.0,0.0,0.0,0.0,0.0,0.0,0.0,0.0,0.0,,0.0,0.0,0.0,0.0,22.5,0,0,0,0,0,1,2018-10-13,2018,1,0,0,0,0,0,0,0,0,0,0,0,0,0,0,0,0,0,0,0,0,0,0,0,0,0,0,0,0,0,0,0.0,0.0,0.0,0.0,0.0,0.0,0.0,0.0,0.0,0.0,0.0,0.0,0.0,7.077498053569231,802.3637953857525,0.0
,10/12/18,Fri,0.791666667,7:00p,South Florida,Tulsa,(1.170M),1170.0,South Florida,25.0,24.0,1.0,0.0,0,0.0,0.0,0.0,0.0,0.0,0.0,0.0,0.0,0.0,0.0,0.0,0.0,0,0,0.0,0.0,1.0,9.5,0.0,0.0,0.0,,,,,1.0,9.5,0.0,0.0,0.0,0.0,0.0,0.0,0.0,0.0,0.0,0.0,0.0,0.0,,0.0,0.0,0.0,1.0,19.0,0,0,1,0,0,0,2018-10-12,2018,1,0,0,0,0,0,0,0,0,0,0,0,0,0,0,0,0,0,0,0,0,0,0,0,0,0,0,0,0,0,0,0.0,0.0,0.0,0.0,0.0,0.0,0.0,0.0,0.0,0.0,0.0,0.0,1.0,7.065613363597717,866.9349477103871,0.0
,10/12/18,Fri,0.9375,10:30p,Arizona,Utah,(1.011M),1011.0,Utah,42.0,10.0,0.0,0.0,0,0.0,0.0,0.0,0.0,0.0,0.0,0.0,0.0,0.0,0.0,0.0,0.0,0,0,0.0,0.0,1.0,14.0,0.0,2.0,0.0,,,,,32.0,14.0,0.0,0.0,0.0,0.0,0.0,0.0,0.0,0.0,0.0,0.0,0.0,0.0,,0.0,0.0,0.0,0.0,22.5,0,0,1,0,0,0,2018-10-12,2018,1,0,0,0,0,0,0,0,0,0,0,0,0,0,0,0,0,0,0,0,0,0,0,0,0,0,0,0,0,0,0,0.0,0.0,0.0,0.0,0.0,0.0,0.0,0.0,0.0,0.0,0.0,0.0,1.0,6.919683849847411,1188.8129620109414,0.0
,10/13/18,Sat,0.791666667,7:00p,Miami,Virginia,(870K),870.0,Virginia,16.0,13.0,1.0,0.0,1,0.0,0.0,1.0,0.0,0.0,0.0,0.0,0.0,0.0,0.0,0.0,0.0,0,0,0.0,0.0,0.0,7.0,0.0,2.0,0.0,,,,,3.0,7.0,0.0,0.0,0.0,0.0,1.0,1.0,0.0,0.0,0.0,0.0,2.0,0.0,,0.0,0.0,0.0,1.0,19.0,0,0,0,0,0,0,2018-10-13,2018,1,0,0,0,0,0,0,0,0,0,0,0,0,0,0,0,0,0,0,0,0,0,0,0,0,0,0,0,0,0,0,0.0,0.0,0.0,0.0,0.0,0.0,0.0,0.0,0.0,0.0,0.0,0.0,0.0,6.769641976852503,777.1157483823862,10963.109455411057
,10/13/18,Sat,0.5,12:00p,Iowa,Indiana,(740K),740.0,Iowa,42.0,16.0,0.0,0.0,0,0.0,0.0,1.0,0.0,0.0,0.0,0.0,0.0,0.0,0.0,0.0,0.0,1,0,0.0,0.0,0.0,3.5,2.0,0.0,0.0,,,,,26.0,3.5,0.0,0.0,1.0,1.0,0.0,0.0,0.0,0.0,0.0,0.0,0.0,2.0,,0.0,0.0,0.0,0.0,12.0,0,0,0,1,0,0,2018-10-13,2018,1,0,0,0,0,0,0,0,0,0,0,0,0,0,0,0,0,0,0,0,0,0,0,0,0,0,0,0,0,0,0,0.0,0.0,0.0,0.0,0.0,0.0,0.0,0.0,0.0,0.0,0.0,0.0,0.0,6.608000625296087,759.3456991903021,4420.904641964773
,10/13/18,Sat,0.645833333,3:30p,Purdue,Illinois,501K,501.0,Purdue,46.0,7.0,0.0,0.0,4,0.0,1.0,0.0,0.0,0.0,0.0,0.0,0.0,0.0,0.0,0.0,0.0,1,0,0.0,0.0,0.0,10.5,2.0,0.0,0.0,,,,,39.0,10.5,0.0,0.0,1.0,1.0,0.0,0.0,0.0,0.0,0.0,0.0,0.0,2.0,,0.0,0.0,0.0,0.0,15.5,0,0,0,0,1,0,2018-10-13,2018,1,0,0,0,0,0,0,0,0,0,0,0,0,0,0,0,0,0,0,0,0,0,0,0,0,0,0,0,0,0,0,0.0,0.0,0.0,0.0,0.0,0.0,0.0,0.0,0.0,0.0,0.0,0.0,0.0,6.218600119691729,463.9020635697861,16866.719206751073
,10/13/18,Sat,0.791666667,7:00p,Virginia Tech,North Carolina,(389K),389.0,Virginia Tech,22.0,19.0,0.0,0.0,0,0.0,0.0,0.0,0.0,0.0,0.0,0.0,1.0,0.0,0.0,0.0,0.0,0,0,0.0,0.0,0.0,6.5,0.0,2.0,0.0,,,,,3.0,6.5,0.0,0.0,0.0,0.0,1.0,1.0,0.0,0.0,0.0,0.0,2.0,0.0,,0.0,0.0,0.0,0.0,19.0,0,0,0,0,0,0,2018-10-13,2018,1,0,0,0,0,0,0,0,0,0,0,0,0,0,0,0,0,0,0,0,0,0,0,0,0,0,0,0,0,0,0,0.0,0.0,0.0,0.0,0.0,0.0,0.0,0.0,0.0,0.0,0.0,0.0,0.0,5.966146739123692,196.54104420876018,11543.684159584684
,10/20/18,Sat,0.645833333,3:30p,Alabama,Tennessee,4.305M,4305.0,Alabama,58.0,21.0,0.0,1.0,0,0.0,0.0,0.0,0.0,1.0,0.0,0.0,0.0,0.0,0.0,0.0,0.0,1,0,0.0,0.0,0.0,29.0,2.0,0.0,0.0,,,,,37.0,29.0,1.0,1.0,0.0,0.0,0.0,0.0,0.0,0.0,0.0,2.0,0.0,0.0,,1.0,0.0,0.0,0.0,15.5,0,0,0,0,1,0,2018-10-20,2018,1,0,0,0,0,0,0,0,0,0,0,0,0,0,0,0,0,0,0,0,0,0,0,0,0,0,0,0,0,0,0,0.0,0.0,0.0,0.0,0.0,0.0,0.0,0.0,0.0,0.0,0.0,0.0,0.0,8.367764677924308,6972.648953781272,506.2901800704151
,10/20/18,Sat,0.708333333,5:00p,Colorado,Washington,3.173M,3173.0,Washington,27.0,13.0,1.0,0.0,0,1.0,0.0,0.0,0.0,0.0,0.0,0.0,0.0,0.0,0.0,0.0,0.0,1,0,0.0,0.0,0.0,17.0,1.0,1.0,0.0,,,,,14.0,17.0,0.0,0.0,0.0,0.0,0.0,0.0,0.0,0.0,0.0,0.0,0.0,0.0,,0.0,0.0,1.0,0.0,17.0,0,0,0,0,1,0,2018-10-20,2018,1,0,0,0,0,0,0,0,0,0,0,0,0,0,0,0,0,0,0,0,0,0,0,0,0,0,0,0,0,0,0,0.0,0.0,0.0,0.0,0.0,0.0,0.0,0.0,0.0,0.0,0.0,0.0,0.0,8.062747901086354,2025.3502222862887,0.0
,10/20/18,Sat,0.5,12:00p,Oklahoma,TCU,2.488M,2488.0,Oklahoma,52.0,27.0,0.0,1.0,0,0.0,0.0,0.0,0.0,0.0,1.0,0.0,0.0,0.0,0.0,0.0,0.0,1,0,0.0,0.0,0.0,8.0,1.0,1.0,0.0,,,,,25.0,8.0,0.0,0.0,0.0,0.0,0.0,0.0,1.0,1.0,2.0,0.0,0.0,0.0,,0.0,1.0,0.0,0.0,12.0,0,0,0,1,0,0,2018-10-20,2018,1,0,0,0,0,0,0,0,0,0,0,0,0,0,0,0,0,0,0,0,0,0,0,0,0,0,0,0,0,0,0,0.0,0.0,0.0,0.0,0.0,0.0,0.0,0.0,0.0,0.0,0.0,0.0,0.0,7.819636302367592,3629.913039471395,1634.5648250266825
,10/20/18,Sat,0.5,12:00p,Illinois,Wisconsin,783K,783.0,Wisconsin,49.0,20.0,1.0,0.0,1,0.0,1.0,0.0,0.0,0.0,0.0,0.0,0.0,0.0,0.0,0.0,0.0,1,0,0.0,0.0,0.0,24.0,2.0,0.0,0.0,,,,,29.0,24.0,0.0,0.0,1.0,1.0,0.0,0.0,0.0,0.0,0.0,0.0,0.0,2.0,,0.0,0.0,0.0,1.0,12.0,0,0,0,1,0,0,2018-10-20,2018,1,0,0,0,0,0,0,0,0,0,0,0,0,0,0,0,0,0,0,0,0,0,0,0,0,0,0,0,0,0,0,0.0,0.0,0.0,0.0,0.0,0.0,0.0,0.0,0.0,0.0,0.0,0.0,0.0,6.664409020350408,786.1089588756915,4478.368905622387
,10/20/18,Sat,0.5,12:00p,Maryland,Iowa,(701K),701.0,Iowa,23.0,0.0,1.0,0.0,1,0.0,0.0,1.0,0.0,0.0,0.0,0.0,0.0,0.0,0.0,0.0,0.0,1,0,0.0,0.0,0.0,9.5,2.0,0.0,0.0,,,,,23.0,9.5,0.0,0.0,1.0,1.0,0.0,0.0,0.0,0.0,0.0,0.0,0.0,2.0,,0.0,0.0,0.0,1.0,12.0,0,0,0,1,0,0,2018-10-20,2018,1,0,0,0,0,0,0,0,0,0,0,0,0,0,0,0,0,0,0,0,0,0,0,0,0,0,0,0,0,0,0,0.0,0.0,0.0,0.0,0.0,0.0,0.0,0.0,0.0,0.0,0.0,0.0,0.0,6.553933404025811,848.4558661509909,4416.021998347087
,10/20/18,Sat,0.9375,10:30p,Arizona,UCLA,(614K),614.0,UCLA,31.0,30.0,0.0,0.0,0,0.0,0.0,1.0,0.0,0.0,0.0,0.0,0.0,0.0,0.0,0.0,0.0,0,1,0.0,0.0,0.0,10.0,1.0,1.0,0.0,,,,,1.0,10.0,0.0,0.0,0.0,0.0,0.0,0.0,0.0,0.0,0.0,0.0,0.0,0.0,,0.0,0.0,0.0,0.0,22.5,0,0,0,0,0,1,2018-10-20,2018,1,0,0,0,0,0,0,0,0,0,0,0,0,0,0,0,0,0,0,0,0,0,0,0,0,0,0,0,0,0,0,0.0,0.0,0.0,0.0,0.0,0.0,0.0,0.0,0.0,0.0,0.0,0.0,0.0,6.421622267806518,530.153617554905,0.0
,10/20/18,Sat,0.791666667,7:00p,UCF,East Carolina,(486K),486.0,UCF,37.0,10.0,0.0,1.0,0,0.0,0.0,1.0,0.0,0.0,0.0,0.0,0.0,0.0,0.0,0.0,0.0,0,0,0.0,0.0,0.0,21.5,0.0,1.0,0.0,,,,,27.0,21.5,0.0,0.0,0.0,0.0,0.0,0.0,0.0,0.0,0.0,0.0,0.0,0.0,,0.0,1.0,0.0,0.0,19.0,0,0,0,0,0,0,2018-10-20,2018,1,0,0,0,0,0,0,0,0,0,0,0,0,0,0,0,0,0,0,0,0,0,0,0,0,0,0,0,0,0,0,0.0,0.0,0.0,0.0,0.0,0.0,0.0,0.0,0.0,0.0,0.0,0.0,0.0,6.18826412308259,523.9154870149889,0.0
,10/20/18,Sat,0.645833333,3:30p,Kansas,Texas Tech,472K,472.0,Texas Tech,48.0,16.0,0.0,0.0,1,0.0,1.0,0.0,0.0,0.0,0.0,0.0,0.0,0.0,0.0,0.0,0.0,1,0,0.0,0.0,0.0,17.5,0.0,2.0,0.0,,,,,32.0,17.5,0.0,0.0,0.0,0.0,0.0,0.0,1.0,1.0,2.0,0.0,0.0,0.0,,0.0,0.0,0.0,0.0,15.5,0,0,0,0,1,0,2018-10-20,2018,1,0,0,0,0,0,0,0,0,0,0,0,0,0,0,0,0,0,0,0,0,0,0,0,0,0,0,0,0,0,0,0.0,0.0,0.0,0.0,0.0,0.0,0.0,0.0,0.0,0.0,0.0,0.0,0.0,6.159095388491933,506.2901800704151,6972.648953781272
,10/27/18,Sat,0.645833333,3:30p,Georgia,Florida,6.347M,6347.0,Georgia,36.0,17.0,0.0,2.0,0,0.0,0.0,0.0,0.0,1.0,0.0,0.0,0.0,0.0,0.0,0.0,0.0,1,0,0.0,0.0,0.0,7.0,2.0,0.0,0.0,,,,,19.0,7.0,1.0,1.0,0.0,0.0,0.0,0.0,0.0,0.0,0.0,2.0,0.0,0.0,,0.0,2.0,0.0,0.0,15.5,0,0,0,0,1,0,2018-10-27,2018,1,0,0,0,0,1,0,0,0,0,0,0,0,0,0,0,0,0,0,0,0,0,0,0,0,1,1,0,0,0,0,0.0,0.0,0.0,0.0,0.0,0.0,0.0,0.0,0.0,0.0,0.0,0.0,0.0,8.7558950816463,8751.946472703521,868.7611672457138
,10/27/18,Sat,0.833333333,8:00p,Notre Dame,Navy,2.447M,2447.0,Notre Dame,44.0,22.0,0.0,1.0,0,0.0,0.0,0.0,0.0,1.0,0.0,0.0,0.0,0.0,0.0,0.0,0.0,0,0,0.0,0.0,0.0,22.0,0.0,0.0,0.0,,,,,22.0,22.0,0.0,0.0,0.0,0.0,0.0,0.0,0.0,0.0,0.0,0.0,0.0,0.0,,0.0,0.0,0.0,0.0,20.0,0,0,0,0,0,0,2018-10-27,2018,1,0,0,0,0,0,0,0,0,0,0,0,0,0,0,0,0,0,0,0,0,0,0,0,0,0,0,0,0,0,0,0.0,0.0,0.0,0.0,0.0,0.0,0.0,0.0,0.0,0.0,0.0,0.0,0.0,7.803026643632217,2875.7173077909683,0.0
,10/27/18,Sat,0.5,12:00p,Wisconsin,Northwestern,2.241M,2241.0,Northwestern,31.0,17.0,1.0,0.0,0,1.0,0.0,0.0,0.0,0.0,0.0,0.0,0.0,0.0,0.0,0.0,0.0,1,0,0.0,0.0,0.0,4.0,2.0,0.0,0.0,,,,,14.0,4.0,0.0,0.0,1.0,1.0,0.0,0.0,0.0,0.0,0.0,0.0,0.0,2.0,,0.0,0.0,0.0,1.0,12.0,0,0,0,1,0,0,2018-10-27,2018,1,0,0,0,0,0,0,0,0,0,0,0,0,0,0,0,0,0,0,0,0,0,0,0,0,0,0,0,0,0,0,0.0,0.0,0.0,0.0,0.0,0.0,0.0,0.0,0.0,0.0,0.0,0.0,0.0,7.715123603632105,2327.5511297635226,0.0
,10/26/18,Fri,0.791666667,7:00p,Miami,Boston College,(1.360M),1360.0,Boston College,27.0,14.0,0.0,0.0,0,0.0,0.0,0.0,0.0,0.0,0.0,0.0,0.0,0.0,0.0,0.0,0.0,0,0,0.0,0.0,1.0,3.5,0.0,2.0,0.0,,,,,13.0,3.5,0.0,0.0,0.0,0.0,1.0,1.0,0.0,0.0,0.0,0.0,2.0,0.0,,0.0,0.0,0.0,0.0,19.0,0,0,1,0,0,0,2018-10-26,2018,1,0,0,0,0,0,0,0,0,0,0,0,0,0,0,0,0,0,0,0,0,0,0,0,0,0,0,0,0,0,0,0.0,0.0,0.0,0.0,0.0,0.0,0.0,0.0,0.0,0.0,0.0,0.0,1.0,7.215975002651466,1390.0199476256046,704.5106484748655
,10/27/18,Sat,0.9375,10:30p,Oregon,Arizona,(1.186M),1186.0,Arizona,44.0,15.0,1.0,0.0,0,0.0,0.0,0.0,0.0,0.0,0.0,0.0,0.0,0.0,0.0,0.0,0.0,0,1,0.0,0.0,0.0,8.0,1.0,1.0,0.0,,,,,29.0,8.0,0.0,0.0,0.0,0.0,0.0,0.0,0.0,0.0,0.0,0.0,0.0,0.0,,0.0,0.0,0.0,0.0,22.5,0,0,0,0,0,1,2018-10-27,2018,1,0,0,0,0,0,0,0,0,0,0,0,0,0,0,0,0,0,0,0,0,0,0,0,0,0,0,0,0,0,0,0.0,0.0,0.0,0.0,0.0,0.0,0.0,0.0,0.0,0.0,0.0,0.0,0.0,7.079184394609668,1593.760763897283,0.0
,10/25/18,Thu,0.8125,7:30p,Georgia Tech,Virginia Tech,(968K),968.0,Georgia Tech,49.0,28.0,0.0,0.0,0,0.0,0.0,0.0,0.0,0.0,0.0,0.0,0.0,0.0,0.0,0.0,0.0,0,0,0.0,0.0,1.0,3.0,0.0,2.0,0.0,,,,,21.0,3.0,0.0,0.0,0.0,0.0,1.0,1.0,0.0,0.0,0.0,0.0,2.0,0.0,,0.0,0.0,0.0,0.0,19.5,0,1,0,0,0,0,2018-10-25,2018,1,0,0,0,0,0,0,0,0,0,0,0,0,0,0,0,0,0,0,0,0,0,0,0,0,0,0,0,0,0,0,0.0,0.0,0.0,0.0,0.0,0.0,0.0,0.0,0.0,0.0,0.0,0.0,0.0,6.876264611890766,1543.2850352382052,845.076277294623
,10/26/18,Fri,0.9375,10:30p,Utah,UCLA,(701K),701.0,Utah,41.0,10.0,1.0,0.0,0,0.0,0.0,0.0,0.0,0.0,0.0,0.0,0.0,0.0,0.0,0.0,0.0,0,0,0.0,0.0,1.0,10.0,1.0,1.0,0.0,,,,,31.0,10.0,0.0,0.0,0.0,0.0,0.0,0.0,0.0,0.0,0.0,0.0,0.0,0.0,,0.0,0.0,0.0,0.0,22.5,0,0,1,0,0,0,2018-10-26,2018,1,0,0,0,0,0,0,0,0,0,0,0,0,0,0,0,0,0,0,0,0,0,0,0,0,0,0,0,0,0,0,0.0,0.0,0.0,0.0,0.0,0.0,0.0,0.0,0.0,0.0,0.0,0.0,1.0,6.553933404025811,1720.030219086449,0.0
,10/25/18,Thu,0.791666667,7:00p,Baylor,West Virginia,577K,577.0,West Virginia,58.0,14.0,1.0,0.0,0,0.0,1.0,0.0,0.0,0.0,0.0,0.0,0.0,0.0,0.0,0.0,0.0,0,0,0.0,0.0,1.0,14.5,0.0,2.0,0.0,,,,,44.0,14.5,0.0,0.0,0.0,0.0,0.0,0.0,1.0,1.0,2.0,0.0,0.0,0.0,,0.0,0.0,1.0,0.0,19.0,0,1,0,0,0,0,2018-10-25,2018,1,0,0,0,0,0,0,0,0,0,0,0,0,0,0,0,0,0,0,0,0,0,0,0,0,0,0,0,0,0,0,0.0,0.0,0.0,0.0,0.0,0.0,0.0,0.0,0.0,0.0,0.0,0.0,0.0,6.359573868672378,845.076277294623,1543.2850352382052
,10/27/18,Sat,0.770833333,6:30p,Washington,California,563K,563.0,California,12.0,10.0,1.0,0.0,0,0.0,1.0,0.0,0.0,0.0,0.0,0.0,0.0,0.0,0.0,0.0,0.0,1,0,0.0,0.0,0.0,12.0,1.0,1.0,0.0,,,,,2.0,12.0,0.0,0.0,0.0,0.0,0.0,0.0,0.0,0.0,0.0,0.0,0.0,0.0,,0.0,0.0,1.0,0.0,18.5,0,0,0,0,0,0,2018-10-27,2018,1,0,0,0,0,0,0,0,0,0,0,0,0,0,0,0,0,0,0,0,0,0,0,0,0,0,0,0,0,0,0,0.0,0.0,0.0,0.0,0.0,0.0,0.0,0.0,0.0,0.0,0.0,0.0,0.0,6.335054251498059,562.305363273748,0.0
,10/26/18,Fri,0.833333333,8:00p,Indiana,Minnesota,335K,335.0,Minnesota,38.0,31.0,0.0,0.0,0,0.0,1.0,0.0,0.0,0.0,0.0,0.0,0.0,0.0,0.0,0.0,0.0,0,0,0.0,0.0,1.0,2.5,2.0,0.0,0.0,,,,,7.0,2.5,0.0,0.0,1.0,1.0,0.0,0.0,0.0,0.0,0.0,0.0,0.0,2.0,,0.0,0.0,0.0,0.0,20.0,0,0,1,0,0,0,2018-10-26,2018,1,0,0,0,0,0,0,0,0,0,0,0,0,0,0,0,0,0,0,0,0,0,0,0,0,0,0,0,0,0,0,0.0,0.0,1.0,0.0,0.0,0.0,0.0,0.0,0.0,0.0,0.0,0.0,0.0,5.817111159963204,704.5106484748655,1390.0199476256046
,10/27/18,Sat,0.625,3:00p,TCU,Kansas,325K,325.0,Kansas,27.0,26.0,0.0,0.0,1,0.0,1.0,0.0,0.0,0.0,0.0,0.0,0.0,0.0,0.0,0.0,0.0,1,0,0.0,0.0,0.0,13.5,0.0,2.0,0.0,,,,,1.0,13.5,0.0,0.0,0.0,0.0,0.0,0.0,1.0,1.0,2.0,0.0,0.0,0.0,,0.0,0.0,0.0,0.0,15.0,0,0,0,0,1,0,2018-10-27,2018,1,0,0,0,0,0,0,0,0,0,0,0,0,0,0,0,0,0,0,0,0,0,0,0,0,0,0,0,0,0,0,0.0,0.0,0.0,0.0,0.0,0.0,0.0,0.0,0.0,0.0,0.0,0.0,0.0,5.786897381366708,499.77530102426863,9120.932338924966
,10/27/18,Sat,0.645833333,3:30p,South Florida,Houston,(315K),315.0,Houston,57.0,36.0,1.0,0.0,1,0.0,0.0,1.0,0.0,0.0,0.0,0.0,0.0,0.0,0.0,0.0,0.0,1,0,0.0,0.0,0.0,10.0,0.0,1.0,0.0,,,,,21.0,10.0,0.0,0.0,0.0,0.0,0.0,0.0,0.0,0.0,0.0,0.0,0.0,0.0,,0.0,0.0,0.0,1.0,15.5,0,0,0,0,1,0,2018-10-27,2018,1,0,0,0,0,0,0,0,0,0,0,0,0,0,0,0,0,0,0,0,0,0,0,0,0,0,0,0,0,0,0,0.0,0.0,0.0,0.0,0.0,0.0,0.0,0.0,0.0,0.0,0.0,0.0,0.0,5.755742213586912,368.9858662214451,9251.72177372779
,11/3/18,Sat,0.833333333,8:00p,Alabama,LSU,11.543M,11543.0,Alabama,29.0,0.0,0.0,2.0,2,0.0,0.0,0.0,0.0,1.0,0.0,0.0,0.0,0.0,0.0,0.0,0.0,0,0,0.0,0.0,0.0,14.0,2.0,0.0,0.0,,,,,29.0,14.0,1.0,1.0,0.0,0.0,0.0,0.0,0.0,0.0,0.0,2.0,0.0,0.0,,0.0,0.0,0.0,0.0,20.0,0,0,0,0,0,0,2018-11-03,2018,1,0,0,0,0,0,0,0,0,0,0,0,0,0,0,0,0,0,0,0,0,0,0,0,1,1,1,0,0,0,0,0.0,0.0,0.0,0.0,0.0,0.0,0.0,0.0,0.0,0.0,0.0,0.0,0.0,9.353921100453707,11836.194065187441,8305.69065484958
,11/3/18,Sat,0.645833333,3:30p,West Virginia,Texas,4.431M,4431.0,West Virginia,42.0,41.0,2.0,0.0,0,1.0,0.0,0.0,0.0,0.0,0.0,0.0,0.0,0.0,0.0,0.0,0.0,1,0,0.0,0.0,0.0,1.0,1.0,1.0,0.0,,,,,1.0,1.0,0.0,0.0,0.0,0.0,0.0,0.0,1.0,1.0,2.0,0.0,0.0,0.0,,0.0,0.0,2.0,0.0,15.5,0,0,0,0,1,0,2018-11-03,2018,1,0,0,0,0,0,0,0,0,0,0,0,0,0,0,0,0,0,0,0,0,0,0,0,0,1,0,0,0,1,0,0.0,0.0,0.0,0.0,0.0,0.0,0.0,0.0,0.0,0.0,0.0,0.0,0.0,8.39660622842712,5125.061337437192,7823.460857198605
,11/3/18,Sat,0.645833333,3:30p,Georgia,Kentucky,4.392M,4392.0,Georgia,34.0,17.0,0.0,2.0,0,0.0,0.0,0.0,0.0,1.0,0.0,0.0,0.0,0.0,0.0,0.0,0.0,1,0,0.0,0.0,0.0,9.5,2.0,0.0,0.0,,,,,17.0,9.5,1.0,1.0,0.0,0.0,0.0,0.0,0.0,0.0,0.0,2.0,0.0,0.0,,0.0,1.0,1.0,0.0,15.5,0,0,0,0,1,0,2018-11-03,2018,1,0,0,0,0,0,0,0,0,0,0,0,0,0,0,0,0,0,0,0,0,0,0,0,0,1,1,0,0,0,0,0.0,0.0,0.0,0.0,0.0,0.0,0.0,0.0,0.0,0.0,0.0,0.0,0.0,8.38776764397578,6820.824603946484,6127.697590689313
,11/3/18,Sat,0.8125,7:30p,Notre Dame,Northwestern,3.293M,3293.0,Notre Dame,31.0,21.0,0.0,1.0,2,0.0,0.0,0.0,0.0,0.0,0.0,0.0,0.0,0.0,0.0,0.0,0.0,0,0,0.0,0.0,0.0,10.0,1.0,0.0,0.0,,,,,10.0,10.0,0.0,0.0,0.0,1.0,0.0,0.0,0.0,0.0,0.0,0.0,0.0,1.0,,1.0,0.0,0.0,0.0,19.5,0,0,0,0,0,0,2018-11-03,2018,1,0,0,0,0,0,0,0,0,0,0,0,0,0,0,0,0,0,0,0,0,0,0,0,0,0,0,0,0,0,0,0.0,0.0,0.0,0.0,0.0,0.0,0.0,0.0,0.0,0.0,0.0,0.0,0.0,8.099857910737585,2194.3081727178856,17947.576547319135
,11/3/18,Sat,0.833333333,8:00p,Oklahoma,Texas Tech,3.135M,3135.0,Oklahoma,51.0,46.0,0.0,1.0,2,0.0,0.0,0.0,0.0,0.0,1.0,0.0,0.0,0.0,0.0,0.0,0.0,0,0,0.0,0.0,0.0,14.0,1.0,1.0,0.0,,,,,5.0,14.0,0.0,0.0,0.0,0.0,0.0,0.0,1.0,1.0,2.0,0.0,0.0,0.0,,0.0,0.0,0.0,0.0,20.0,0,0,0,0,0,0,2018-11-03,2018,1,0,0,0,0,0,0,0,0,0,0,0,0,0,0,0,0,0,0,0,0,0,0,0,0,0,0,0,0,0,0,0.0,0.0,0.0,0.0,0.0,0.0,0.0,0.0,0.0,0.0,0.0,0.0,0.0,8.0507033814703,3757.0862353248563,16384.798484712166
,11/3/18,Sat,0.5,12:00p,Texas A&M,Auburn,2.622M,2622.0,Auburn,28.0,24.0,1.0,0.0,0,0.0,0.0,0.0,0.0,0.0,0.0,0.0,0.0,0.0,0.0,0.0,0.0,1,0,0.0,0.0,0.0,3.5,2.0,0.0,0.0,,,,,4.0,3.5,1.0,1.0,0.0,0.0,0.0,0.0,0.0,0.0,0.0,2.0,0.0,0.0,,0.0,0.0,0.0,1.0,12.0,0,0,0,1,0,0,2018-11-03,2018,1,0,0,0,0,0,0,0,0,0,0,0,0,0,0,0,0,0,0,0,0,0,0,0,0,0,0,0,0,0,0,0.0,0.0,0.0,0.0,0.0,0.0,0.0,0.0,0.0,0.0,0.0,0.0,0.0,7.872073979866873,2923.7301991579943,2820.3302935736506
,11/3/18,Sat,0.833333333,8:00p,UCLA,Oregon,1.947M,1947.0,Oregon,42.0,21.0,0.0,0.0,2,1.0,0.0,0.0,0.0,0.0,0.0,0.0,0.0,0.0,0.0,0.0,0.0,0,0,0.0,0.0,0.0,10.5,2.0,0.0,0.0,,,,,21.0,10.5,0.0,0.0,0.0,0.0,0.0,0.0,0.0,0.0,0.0,0.0,0.0,0.0,,0.0,0.0,0.0,0.0,20.0,0,0,0,0,0,0,2018-11-03,2018,1,0,0,0,0,0,0,0,0,0,0,0,0,0,0,0,0,0,0,0,0,0,0,0,0,0,0,0,0,0,0,0.0,0.0,0.0,0.0,0.0,0.0,0.0,0.0,0.0,0.0,0.0,0.0,0.0,7.5745584842024805,1780.491771723038,18361.392948313984
,11/3/18,Sat,0.5,12:00p,Louisville,Clemson,1.550M,1550.0,Clemson,77.0,16.0,0.0,1.0,0,0.0,0.0,0.0,0.0,0.0,1.0,0.0,0.0,0.0,0.0,0.0,0.0,1,0,0.0,0.0,0.0,38.5,0.0,2.0,0.0,,,,,61.0,38.5,0.0,0.0,0.0,0.0,1.0,1.0,0.0,0.0,0.0,0.0,2.0,0.0,,1.0,0.0,0.0,0.0,12.0,0,0,0,1,0,0,2018-11-03,2018,1,0,0,0,0,0,0,0,0,0,0,0,0,0,0,0,0,0,0,0,0,0,0,0,0,0,0,0,0,0,0,0.0,0.0,0.0,0.0,0.0,0.0,0.0,0.0,0.0,0.0,0.0,0.0,0.0,7.346655163176539,2820.3302935736506,2923.7301991579943
,11/2/18,Fri,0.8125,7:30p,Pittsburgh,Virginia,1.359M,1359.0,Pittsburgh,23.0,13.0,1.0,0.0,0,0.0,0.0,1.0,0.0,0.0,0.0,0.0,0.0,0.0,0.0,0.0,0.0,0,0,0.0,0.0,1.0,7.0,0.0,2.0,0.0,,,,,10.0,7.0,0.0,0.0,0.0,0.0,1.0,1.0,0.0,0.0,0.0,0.0,2.0,0.0,,0.0,0.0,0.0,1.0,19.5,0,0,1,0,0,0,2018-11-02,2018,1,0,0,0,0,0,0,0,0,0,0,0,0,0,0,0,0,0,0,0,0,0,0,0,0,0,0,0,0,0,0,0.0,1.0,0.0,0.0,0.0,0.0,0.0,0.0,0.0,0.0,0.0,0.0,0.0,7.215239978730097,1674.2725885688535,0.0
,11/1/18,Thu,0.8125,7:30p,Temple,UCF,1.191M,1191.0,UCF,52.0,40.0,1.0,0.0,0,0.0,0.0,0.0,0.0,0.0,0.0,0.0,0.0,0.0,0.0,0.0,0.0,0,0,0.0,0.0,1.0,10.5,0.0,1.0,0.0,,,,,12.0,10.5,0.0,0.0,0.0,0.0,0.0,0.0,0.0,0.0,0.0,0.0,0.0,0.0,,0.0,1.0,0.0,0.0,19.5,0,1,0,0,0,0,2018-11-01,2018,1,0,0,0,0,0,0,0,0,0,0,0,0,0,0,0,0,0,0,0,0,0,0,0,0,0,0,0,0,0,0,0.0,0.0,0.0,0.0,0.0,0.0,0.0,0.0,0.0,0.0,0.0,0.0,0.0,7.083387847625295,886.3925918251672,0.0
,11/3/18,Sat,0.645833333,3:30p,Iowa,Purdue,1.092M,1092.0,Purdue,38.0,36.0,1.0,0.0,1,0.0,0.0,1.0,0.0,0.0,0.0,0.0,0.0,0.0,0.0,0.0,0.0,1,0,0.0,0.0,0.0,2.0,2.0,0.0,0.0,,,,,2.0,2.0,0.0,0.0,1.0,1.0,0.0,0.0,0.0,0.0,0.0,0.0,0.0,2.0,,0.0,0.0,0.0,1.0,15.5,0,0,0,0,1,0,2018-11-03,2018,1,0,0,0,0,0,0,0,0,0,0,0,0,0,0,0,0,0,0,0,0,0,0,0,0,0,0,0,0,0,0,0.0,0.0,0.0,0.0,0.0,0.0,0.0,0.0,0.0,0.0,0.0,0.0,0.0,6.996681488176539,1002.6362532521204,11945.885941383676
,11/3/18,Sat,0.791666667,7:00p,Duke,Miami,620K,620.0,Duke,20.0,12.0,0.0,0.0,3,0.0,0.0,1.0,0.0,0.0,0.0,0.0,0.0,0.0,0.0,0.0,0.0,0,0,0.0,0.0,0.0,9.5,0.0,2.0,0.0,,,,,8.0,9.5,0.0,0.0,0.0,0.0,1.0,1.0,0.0,0.0,0.0,0.0,2.0,0.0,,0.0,0.0,0.0,0.0,19.0,0,0,0,0,0,0,2018-11-03,2018,1,0,0,0,0,0,0,0,0,0,0,0,0,0,0,0,0,0,0,0,0,0,0,0,0,0,0,0,0,0,0,0.0,0.0,0.0,0.0,0.0,0.0,0.0,0.0,0.0,0.0,0.0,0.0,0.0,6.431331081933479,573.8044750838004,19568.08024495322
,11/2/18,Fri,0.9375,10:30p,Colorado,Arizona,474K,474.0,Arizona,42.0,34.0,0.0,0.0,0,0.0,1.0,0.0,0.0,0.0,0.0,0.0,0.0,0.0,0.0,0.0,0.0,0,0,0.0,0.0,1.0,3.5,0.0,2.0,0.0,,,,,8.0,3.5,0.0,0.0,0.0,0.0,0.0,0.0,0.0,0.0,0.0,0.0,0.0,0.0,,0.0,0.0,0.0,0.0,22.5,0,0,1,0,0,0,2018-11-02,2018,1,0,0,0,0,0,0,0,0,0,0,0,0,0,0,0,0,0,0,0,0,0,0,0,0,0,0,0,0,0,0,0.0,0.0,1.0,0.0,0.0,0.0,0.0,0.0,0.0,0.0,0.0,0.0,0.0,6.163314804034641,580.7541328663189,0.0
,11/10/18,Sat,0.791666667,7:00p,Auburn,Georgia,(3.987M),3987.0,Georgia,27.0,10.0,1.0,1.0,1,0.0,0.0,0.0,0.0,0.0,0.0,0.0,0.0,0.0,0.0,0.0,0.0,0,0,0.0,0.0,0.0,13.0,2.0,0.0,0.0,,,,,17.0,13.0,1.0,1.0,0.0,0.0,0.0,0.0,0.0,0.0,0.0,2.0,0.0,0.0,,0.0,0.0,0.0,0.0,19.0,0,0,0,0,0,0,2018-11-10,2018,1,0,0,0,0,0,0,0,0,0,0,0,0,0,0,0,0,0,0,0,0,0,0,0,0,1,1,0,0,0,0,0.0,0.0,0.0,0.0,0.0,0.0,0.0,0.0,0.0,0.0,0.0,0.0,0.0,8.291045131081729,5003.709919729313,7037.819589707553
,11/10/18,Sat,0.833333333,8:00p,Clemson,Boston College,(3.930M),3930.0,Clemson,27.0,7.0,1.0,1.0,1,0.0,0.0,0.0,0.0,0.0,1.0,0.0,0.0,0.0,0.0,0.0,0.0,0,0,0.0,0.0,0.0,17.5,0.0,2.0,0.0,,,,,20.0,17.5,0.0,0.0,0.0,0.0,1.0,1.0,0.0,0.0,0.0,0.0,2.0,0.0,,0.0,0.0,0.0,0.0,20.0,0,0,0,0,0,0,2018-11-10,2018,1,0,0,0,0,0,0,0,0,0,0,0,0,0,0,0,0,0,0,0,0,0,0,0,0,1,0,0,1,0,0,0.0,0.0,0.0,0.0,0.0,0.0,0.0,0.0,0.0,0.0,0.0,0.0,0.0,8.27664912542186,3188.107131744859,8853.422377692006
,11/10/18,Sat,0.8125,7:30p,Texas,Texas Tech,2.679M,2679.0,Texas,41.0,34.0,1.0,0.0,1,1.0,0.0,0.0,0.0,0.0,0.0,0.0,0.0,0.0,0.0,0.0,0.0,0,0,0.0,0.0,0.0,2.0,1.0,1.0,0.0,,,,,7.0,2.0,0.0,0.0,0.0,0.0,0.0,0.0,1.0,1.0,2.0,0.0,0.0,0.0,,0.0,0.0,0.0,0.0,19.5,0,0,0,0,0,0,2018-11-10,2018,1,0,0,0,0,0,0,0,0,0,0,0,0,0,0,0,0,0,0,0,0,0,0,0,0,0,0,0,0,0,0,0.0,0.0,0.0,0.0,0.0,0.0,0.0,0.0,0.0,0.0,0.0,0.0,0.0,7.893572073504902,3209.4027291159796,8832.126780320887
,11/10/18,Sat,0.645833333,3:30p,Northwestern,Iowa,2.636M,2636.0,Northwestern,14.0,10.0,1.0,0.0,0,1.0,0.0,0.0,0.0,0.0,0.0,0.0,0.0,0.0,0.0,0.0,0.0,1,0,0.0,0.0,0.0,11.0,2.0,0.0,0.0,,,,,4.0,11.0,0.0,0.0,1.0,1.0,0.0,0.0,0.0,0.0,0.0,0.0,0.0,2.0,,0.0,0.0,0.0,0.0,15.5,0,0,0,0,1,0,2018-11-10,2018,1,0,0,0,0,0,0,0,0,0,0,0,0,0,0,0,0,0,0,0,0,0,0,0,0,0,0,0,0,0,0,0.0,0.0,0.0,0.0,0.0,0.0,0.0,0.0,0.0,0.0,0.0,0.0,0.0,7.877397186353287,2254.9681247925405,744.9082540368772
,11/10/18,Sat,0.5,12:00p,South Carolina,Florida,(2.068M),2068.0,Florida,35.0,31.0,1.0,0.0,0,0.0,0.0,0.0,0.0,0.0,0.0,0.0,0.0,0.0,0.0,0.0,0.0,1,0,0.0,0.0,0.0,6.5,2.0,0.0,0.0,,,,,4.0,6.5,1.0,1.0,0.0,0.0,0.0,0.0,0.0,0.0,0.0,2.0,0.0,0.0,,0.0,0.0,0.0,1.0,12.0,0,0,0,1,0,0,2018-11-10,2018,1,0,0,0,0,0,0,0,0,0,0,0,0,0,0,0,0,0,0,0,0,0,0,0,0,0,0,0,0,0,0,0.0,0.0,0.0,0.0,0.0,0.0,0.0,0.0,0.0,0.0,0.0,0.0,0.0,7.634820677745543,3058.4542664677565,1312.8081822958245
,11/10/18,Sat,0.9375,10:30p,California,USC,(1.587M),1587.0,California,15.0,14.0,0.0,0.0,0,0.0,0.0,0.0,0.0,0.0,0.0,0.0,0.0,0.0,0.0,0.0,0.0,0,1,0.0,0.0,0.0,5.0,1.0,1.0,0.0,,,,,1.0,5.0,0.0,0.0,0.0,0.0,0.0,0.0,0.0,0.0,0.0,0.0,0.0,0.0,,0.0,0.0,0.0,0.0,22.5,0,0,0,0,0,1,2018-11-10,2018,1,0,0,0,0,0,0,0,0,0,0,0,0,0,0,0,0,0,0,0,0,0,0,0,0,0,0,0,0,0,0,0.0,0.0,0.0,0.0,0.0,0.0,0.0,0.0,0.0,0.0,0.0,0.0,0.0,7.370230641807081,1224.6540716642164,0.0
,11/9/18,Fri,0.791666667,7:00p,Louisville,Syracuse,(1.062M),1062.0,Syracuse,54.0,23.0,1.0,0.0,0,0.0,0.0,1.0,0.0,0.0,0.0,0.0,0.0,0.0,0.0,0.0,0.0,0,0,0.0,0.0,1.0,20.5,0.0,2.0,0.0,,,,,31.0,20.5,0.0,0.0,0.0,0.0,1.0,1.0,0.0,0.0,0.0,0.0,2.0,0.0,,0.0,0.0,0.0,0.0,19.0,0,0,1,0,0,0,2018-11-09,2018,1,0,0,0,0,0,0,0,0,0,0,0,0,0,0,0,0,0,0,0,0,0,0,0,0,0,0,0,0,0,0,0.0,1.0,0.0,0.0,0.0,0.0,0.0,0.0,0.0,0.0,0.0,0.0,0.0,6.968850378341948,1507.4297300172611,0.0
,11/10/18,Sat,0.5,12:00p,TCU,West Virginia,728K,728.0,West Virginia,47.0,10.0,0.0,1.0,0,0.0,1.0,0.0,0.0,0.0,0.0,0.0,0.0,0.0,0.0,0.0,0.0,1,0,0.0,0.0,0.0,13.5,0.0,2.0,0.0,,,,,37.0,13.5,0.0,0.0,0.0,0.0,0.0,0.0,1.0,1.0,2.0,0.0,0.0,0.0,,0.0,1.0,0.0,0.0,12.0,0,0,0,1,0,0,2018-11-10,2018,1,0,0,0,0,0,0,0,0,0,0,0,0,0,0,0,0,0,0,0,0,0,0,0,0,0,0,0,0,0,0,0.0,0.0,0.0,0.0,0.0,0.0,0.0,0.0,0.0,0.0,0.0,0.0,0.0,6.591673732008658,792.938724728053,3578.323724035528
,11/10/18,Sat,0.791666667,7:00p,Miami,Georgia Tech,(551K),551.0,Georgia Tech,27.0,21.0,0.0,0.0,2,0.0,0.0,1.0,0.0,0.0,0.0,0.0,0.0,0.0,0.0,0.0,0.0,0,0,0.0,0.0,0.0,1.0,0.0,2.0,0.0,,,,,6.0,1.0,0.0,0.0,0.0,0.0,1.0,1.0,0.0,0.0,0.0,0.0,2.0,0.0,,0.0,0.0,0.0,0.0,19.0,0,0,0,0,0,0,2018-11-10,2018,1,0,0,0,0,0,0,0,0,0,0,0,0,0,0,0,0,0,0,0,0,0,0,0,0,0,0,0,0,0,0,0.0,0.0,0.0,0.0,0.0,0.0,0.0,0.0,0.0,0.0,0.0,0.0,0.0,6.313548046277095,640.3097288467138,11401.219780590152
,11/10/18,Sat,0.645833333,3:30p,Purdue,Minnesota,(534K),534.0,Minnesota,41.0,10.0,0.0,0.0,0,0.0,0.0,1.0,0.0,0.0,0.0,0.0,0.0,0.0,0.0,0.0,0.0,1,0,0.0,0.0,0.0,10.0,2.0,0.0,0.0,,,,,31.0,10.0,0.0,0.0,1.0,1.0,0.0,0.0,0.0,0.0,0.0,0.0,0.0,2.0,,0.0,0.0,0.0,0.0,15.5,0,0,0,0,1,0,2018-11-10,2018,1,0,0,0,0,0,0,0,0,0,0,0,0,0,0,0,0,0,0,0,0,0,0,0,0,0,0,0,0,0,0,0.0,0.0,0.0,0.0,0.0,0.0,0.0,0.0,0.0,0.0,0.0,0.0,0.0,6.282266746896006,571.3324492718347,2428.543929557583
,11/7/18,Wed,0.833333333,8:00p,Toledo,Northern Illinois,(500K),500.0,Northern Illinois,38.0,15.0,0.0,0.0,0,0.0,0.0,1.0,0.0,0.0,0.0,0.0,0.0,0.0,0.0,0.0,0.0,0,0,0.0,0.0,1.0,3.5,0.0,0.0,0.0,,,,,23.0,3.5,0.0,0.0,0.0,0.0,0.0,0.0,0.0,0.0,0.0,0.0,0.0,0.0,,0.0,0.0,0.0,0.0,20.0,0,1,0,0,0,0,2018-11-07,2018,1,0,0,0,0,0,0,0,0,0,0,0,0,0,0,0,0,0,0,0,0,0,0,0,0,0,0,0,0,0,0,0.0,0.0,0.0,0.0,0.0,0.0,0.0,0.0,0.0,0.0,0.0,0.0,0.0,6.2166061010848646,321.3808768078649,0.0
,11/10/18,Sat,0.5,12:00p,Navy,UCF,(385K),385.0,UCF,35.0,24.0,1.0,0.0,0,0.0,0.0,1.0,0.0,0.0,0.0,0.0,0.0,0.0,0.0,0.0,0.0,1,0,0.0,0.0,0.0,24.0,0.0,1.0,0.0,,,,,11.0,24.0,0.0,0.0,0.0,0.0,0.0,0.0,0.0,0.0,0.0,0.0,0.0,0.0,,0.0,0.0,1.0,0.0,12.0,0,0,0,1,0,0,2018-11-10,2018,1,0,0,0,0,0,0,0,0,0,0,0,0,0,0,0,0,0,0,0,0,0,0,0,0,0,0,0,0,0,0,0.0,0.0,0.0,0.0,0.0,0.0,0.0,0.0,0.0,0.0,0.0,0.0,0.0,5.955837369464831,519.8694575677715,3851.3929911958094
,11/10/18,Sat,0.645833333,3:30p,Virginia Tech,Pittsburgh,(344K),344.0,Pittsburgh,52.0,22.0,0.0,0.0,0,0.0,0.0,0.0,0.0,0.0,0.0,0.0,1.0,0.0,0.0,0.0,0.0,1,0,0.0,0.0,0.0,3.5,0.0,2.0,0.0,,,,,30.0,3.5,0.0,0.0,0.0,0.0,1.0,1.0,0.0,0.0,0.0,0.0,2.0,0.0,,0.0,0.0,0.0,0.0,15.5,0,0,0,0,1,0,2018-11-10,2018,1,0,0,0,0,0,0,0,0,0,0,0,0,0,0,0,0,0,0,0,0,0,0,0,0,0,0,0,0,0,0,0.0,0.0,0.0,0.0,0.0,0.0,0.0,0.0,0.0,0.0,0.0,0.0,0.0,5.84354441703136,173.57580476504256,2826.3005740643753
,11/17/18,Sat,0.604166667,2:30p,Syracuse,Notre Dame,2.873M,2873.0,Notre Dame,36.0,3.0,1.0,1.0,0,0.0,0.0,0.0,1.0,0.0,0.0,0.0,0.0,0.0,0.0,0.0,0.0,1,0,0.0,0.0,0.0,10.0,0.0,1.0,0.0,,,,,33.0,10.0,0.0,0.0,0.0,0.0,1.0,0.0,0.0,0.0,0.0,0.0,1.0,0.0,,1.0,0.0,1.0,0.0,14.5,0,0,0,0,1,0,2018-11-17,2018,1,0,0,0,0,0,0,0,0,0,0,0,0,0,0,0,0,0,0,0,0,0,0,0,0,1,0,0,0,0,0,0.0,0.0,0.0,0.0,0.0,0.0,0.0,0.0,0.0,0.0,0.0,0.0,0.0,7.96346006663897,3526.0608715794597,4155.555676081363
,11/17/18,Sat,0.8125,7:30p,Kansas,Oklahoma,2.762M,2762.0,Oklahoma,55.0,40.0,0.0,1.0,1,1.0,0.0,0.0,0.0,0.0,0.0,0.0,0.0,0.0,0.0,0.0,0.0,0,0,0.0,0.0,0.0,35.0,1.0,1.0,0.0,,,,,15.0,35.0,0.0,0.0,0.0,0.0,0.0,0.0,1.0,1.0,2.0,0.0,0.0,0.0,,0.0,0.0,0.0,0.0,19.5,0,0,0,0,0,0,2018-11-17,2018,1,0,0,0,0,0,0,0,0,0,0,0,0,0,0,0,0,0,0,0,0,0,0,0,0,0,0,0,0,0,0,0.0,0.0,0.0,0.0,0.0,0.0,0.0,0.0,0.0,0.0,0.0,0.0,0.0,7.924072324923417,3434.740271005092,2489.6709967789798
,11/17/18,Sat,0.791666667,7:00p,Duke,Clemson,(2.452M),2452.0,Clemson,35.0,6.0,0.0,1.0,1,0.0,0.0,0.0,0.0,0.0,0.0,0.0,0.0,0.0,0.0,0.0,0.0,0,0,0.0,0.0,0.0,28.0,0.0,2.0,0.0,,,,,29.0,28.0,0.0,0.0,0.0,0.0,1.0,1.0,0.0,0.0,0.0,0.0,2.0,0.0,,0.0,0.0,0.0,0.0,19.0,0,0,0,0,0,0,2018-11-17,2018,1,0,0,0,0,0,0,0,0,0,0,0,0,0,0,0,0,0,0,0,0,0,0,0,0,0,0,0,0,0,0,0.0,0.0,0.0,0.0,0.0,0.0,0.0,0.0,0.0,0.0,0.0,0.0,0.0,7.8050670442584895,1828.6909916788898,4095.7202761051817
,11/17/18,Sat,0.666666667,4:00p,Indiana,Michigan,2.273M,2273.0,Michigan,31.0,20.0,0.0,1.0,0,0.0,1.0,0.0,0.0,0.0,0.0,0.0,0.0,0.0,0.0,0.0,0.0,1,0,0.0,0.0,0.0,28.0,2.0,0.0,0.0,,,,,11.0,28.0,0.0,0.0,1.0,1.0,0.0,0.0,0.0,0.0,0.0,0.0,0.0,2.0,,1.0,0.0,0.0,0.0,16.0,0,0,0,0,1,0,2018-11-17,2018,1,0,0,0,0,0,0,0,0,0,0,0,0,0,0,0,0,0,0,0,0,0,0,0,0,0,0,0,0,0,0,0.0,0.0,0.0,0.0,0.0,0.0,0.0,0.0,0.0,0.0,0.0,0.0,0.0,7.729295674310482,1305.228095979544,6299.150650993733
,11/17/18,Sat,0.645833333,3:30p,Missouri,Tennessee,2.025M,2025.0,Missouri,50.0,17.0,0.0,0.0,0,0.0,0.0,0.0,0.0,1.0,0.0,0.0,0.0,0.0,0.0,0.0,0.0,1,0,0.0,0.0,0.0,6.0,2.0,0.0,0.0,,,,,33.0,6.0,1.0,1.0,0.0,0.0,0.0,0.0,0.0,0.0,0.0,2.0,0.0,0.0,,0.0,0.0,0.0,0.0,15.5,0,0,0,0,1,0,2018-11-17,2018,1,0,0,0,0,0,0,0,0,0,0,0,0,0,0,0,0,0,0,0,0,0,0,0,0,0,0,0,0,0,0,0.0,0.0,0.0,0.0,0.0,0.0,0.0,0.0,0.0,0.0,0.0,0.0,0.0,7.613818684808629,2776.1715341479244,8354.268084404812
,11/17/18,Sat,0.666666667,4:00p,USC,UCLA,1.983M,1983.0,UCLA,34.0,27.0,0.0,0.0,0,1.0,0.0,0.0,0.0,0.0,0.0,0.0,0.0,0.0,0.0,0.0,0.0,1,0,0.0,0.0,0.0,3.0,2.0,0.0,0.0,,,,,7.0,3.0,0.0,0.0,0.0,0.0,0.0,0.0,0.0,0.0,0.0,0.0,0.0,0.0,,0.0,0.0,0.0,0.0,16.0,0,0,0,0,1,0,2018-11-17,2018,1,0,0,0,0,0,0,0,0,0,0,0,0,0,0,0,0,1,0,0,0,0,0,0,0,0,0,0,0,0,0,0.0,0.0,0.0,0.0,0.0,0.0,0.0,0.0,0.0,0.0,0.0,0.0,0.0,7.592870287844818,2143.5949749123697,5460.783772060907
,11/17/18,Sat,0.645833333,3:30p,Miami,Virginia Tech,(733K),733.0,Miami,38.0,14.0,0.0,0.0,0,0.0,0.0,0.0,0.0,0.0,0.0,0.0,0.0,0.0,0.0,0.0,0.0,1,0,0.0,0.0,0.0,6.5,0.0,2.0,0.0,,,,,24.0,6.5,0.0,0.0,0.0,0.0,1.0,1.0,0.0,0.0,0.0,0.0,2.0,0.0,,0.0,0.0,0.0,0.0,15.5,0,0,0,0,1,0,2018-11-17,2018,1,0,0,0,0,0,0,0,0,0,0,0,0,0,0,0,0,0,0,0,0,0,0,0,0,0,0,0,0,0,0,0.0,0.0,0.0,0.0,0.0,0.0,0.0,0.0,0.0,0.0,0.0,0.0,0.0,6.598509028614515,1379.3841419334387,9751.055476619298
,11/17/18,Sat,0.8125,7:30p,UAB,Texas A&M,(722K),722.0,Texas A&M,41.0,20.0,0.0,0.0,2,0.0,0.0,1.0,0.0,0.0,0.0,0.0,0.0,0.0,0.0,0.0,0.0,0,0,0.0,0.0,0.0,17.0,1.0,0.0,0.0,,,,,21.0,17.0,0.0,1.0,0.0,0.0,0.0,0.0,0.0,0.0,0.0,1.0,0.0,0.0,,0.0,0.0,0.0,0.0,19.5,0,0,0,0,0,0,2018-11-17,2018,1,0,0,0,0,0,0,0,0,0,0,0,0,0,0,0,0,0,0,0,0,0,0,0,0,0,0,0,0,0,0,0.0,0.0,0.0,0.0,0.0,0.0,0.0,0.0,0.0,0.0,0.0,0.0,0.0,6.583409222158765,500.6111455968927,5423.800122187179
,11/16/18,Fri,0.875,9:00p,Memphis,SMU,(623K),623.0,Memphis,28.0,18.0,0.0,0.0,0,0.0,0.0,1.0,0.0,0.0,0.0,0.0,0.0,0.0,0.0,0.0,0.0,0,0,0.0,0.0,1.0,7.5,0.0,1.0,0.0,,,,,10.0,7.5,0.0,0.0,0.0,0.0,0.0,0.0,0.0,0.0,0.0,0.0,0.0,0.0,,0.0,0.0,0.0,0.0,21.0,0,0,1,0,0,0,2018-11-16,2018,1,0,0,0,0,0,0,0,0,0,0,0,0,0,0,0,0,0,0,0,0,0,0,0,0,0,0,0,0,0,0,0.0,1.0,0.0,0.0,0.0,0.0,0.0,0.0,0.0,0.0,0.0,0.0,0.0,6.436150368369428,601.4274630522488,0.0
,11/17/18,Sat,0.8125,7:30p,Rice,LSU,(445K),445.0,LSU,42.0,10.0,0.0,1.0,1,0.0,0.0,0.0,0.0,0.0,0.0,0.0,1.0,0.0,0.0,0.0,0.0,0,0,0.0,0.0,0.0,42.0,1.0,0.0,0.0,,,,,32.0,42.0,0.0,1.0,0.0,0.0,0.0,0.0,0.0,0.0,0.0,1.0,0.0,0.0,,0.0,0.0,0.0,0.0,19.5,0,0,0,0,0,0,2018-11-17,2018,1,0,0,0,0,0,0,0,0,0,0,0,0,0,0,0,0,0,0,0,0,0,0,0,0,0,0,0,0,0,0,0.0,0.0,0.0,0.0,0.0,0.0,0.0,0.0,0.0,0.0,0.0,0.0,0.0,6.100318952020064,160.36885950319726,5764.042408280875
,11/15/18,Thu,0.833333333,8:00p,Tulane,Houston,(378K),378.0,Houston,48.0,17.0,0.0,0.0,0,0.0,0.0,0.0,0.0,0.0,0.0,0.0,0.0,0.0,0.0,0.0,0.0,0,0,0.0,0.0,1.0,7.5,0.0,1.0,0.0,,,,,31.0,7.5,0.0,0.0,0.0,0.0,0.0,0.0,0.0,0.0,0.0,0.0,0.0,0.0,,0.0,0.0,0.0,0.0,20.0,0,1,0,0,0,0,2018-11-15,2018,1,0,0,0,0,0,0,0,0,0,0,0,0,0,0,0,0,0,0,0,0,0,0,0,0,0,0,0,0,0,0,0.0,0.0,0.0,0.0,0.0,0.0,0.0,0.0,0.0,0.0,0.0,0.0,0.0,5.937536205082426,688.4406425117174,0.0
,11/17/18,Sat,0.5,12:00p,Idaho,Florida,(282K),282.0,Florida,63.0,10.0,1.0,0.0,0,0.0,0.0,0.0,0.0,0.0,0.0,0.0,1.0,0.0,0.0,0.0,0.0,1,0,0.0,0.0,0.0,43.0,1.0,0.0,0.0,,,,,53.0,43.0,0.0,1.0,0.0,0.0,0.0,0.0,0.0,0.0,0.0,1.0,0.0,0.0,,0.0,0.0,1.0,0.0,12.0,0,0,0,1,0,0,2018-11-17,2018,1,0,0,0,0,0,0,0,0,0,0,0,0,0,0,0,0,0,0,0,0,0,0,0,0,0,0,0,0,0,0,0.0,0.0,0.0,0.0,0.0,0.0,0.0,0.0,0.0,0.0,0.0,0.0,0.0,5.645446897643238,187.4391021196988,0.0
,11/24/18,Sat,0.645833333,3:30p,Auburn,Alabama,9.132M,9132.0,Alabama,52.0,21.0,0.0,1.0,0,0.0,0.0,0.0,0.0,1.0,0.0,0.0,0.0,0.0,0.0,0.0,0.0,1,0,0.0,0.0,0.0,26.5,2.0,0.0,0.0,,,,,31.0,26.5,1.0,1.0,0.0,0.0,0.0,0.0,0.0,0.0,0.0,2.0,0.0,0.0,,1.0,0.0,0.0,0.0,15.5,0,0,0,0,1,0,2018-11-24,2018,1,0,0,0,1,0,0,0,0,0,0,0,0,0,0,0,0,0,0,0,0,0,0,0,0,0,0,0,0,0,0,0.0,0.0,0.0,0.0,0.0,0.0,0.0,0.0,0.0,0.0,0.0,0.0,0.0,9.11964950669168,8792.54027884489,2706.791343746878
,11/24/18,Sat,0.833333333,8:00p,Notre Dame,USC,(7.809M),7809.0,Notre Dame,24.0,17.0,0.0,1.0,1,0.0,0.0,0.0,0.0,0.0,1.0,0.0,0.0,0.0,0.0,0.0,0.0,0,0,0.0,0.0,0.0,14.0,1.0,0.0,0.0,,,,,7.0,14.0,0.0,0.0,0.0,0.0,0.0,0.0,0.0,0.0,0.0,0.0,0.0,0.0,,0.0,0.0,0.0,0.0,20.0,0,0,0,0,0,0,2018-11-24,2018,1,0,0,0,0,0,1,0,0,0,0,0,0,0,0,0,0,0,0,0,0,0,0,0,0,0,0,0,0,0,0,0.0,0.0,0.0,0.0,0.0,0.0,0.0,0.0,0.0,0.0,0.0,0.0,0.0,8.963160242833732,5720.64173610634,2954.4630403272513
,11/23/18,Fri,0.833333333,8:00p,Oklahoma,West Virginia,(5.630M),5630.0,Oklahoma,59.0,56.0,1.0,1.0,0,0.0,0.0,0.0,0.0,0.0,0.0,0.0,0.0,0.0,0.0,0.0,0.0,0,0,0.0,0.0,1.0,3.0,1.0,1.0,0.0,,,,,3.0,3.0,0.0,0.0,0.0,0.0,0.0,0.0,1.0,1.0,2.0,0.0,0.0,0.0,,0.0,0.0,0.0,0.0,20.0,0,0,1,0,0,0,2018-11-23,2018,1,0,0,0,0,0,0,0,0,0,0,0,0,0,0,0,0,0,0,0,0,0,0,0,0,1,0,0,0,1,0,0.0,0.0,0.0,0.0,0.0,0.0,0.0,0.0,0.0,0.0,0.0,0.0,1.0,8.636042325254618,6121.21139467225,0.0
,11/23/18,Fri,0.5,12:00p,Nebraska,Iowa,3.664M,3664.0,Iowa,31.0,28.0,0.0,0.0,0,1.0,0.0,0.0,0.0,0.0,0.0,0.0,0.0,0.0,0.0,0.0,0.0,0,0,0.0,0.0,1.0,8.5,2.0,0.0,0.0,,,,,3.0,8.5,0.0,0.0,1.0,1.0,0.0,0.0,0.0,0.0,0.0,0.0,0.0,2.0,,0.0,0.0,0.0,0.0,12.0,0,0,1,0,0,0,2018-11-23,2018,1,0,0,0,0,0,0,0,0,0,0,0,0,0,0,0,0,0,0,0,0,0,0,0,0,0,0,0,0,0,0,1.0,0.0,0.0,0.0,0.0,0.0,0.0,0.0,0.0,0.0,0.0,0.0,0.0,8.206583614320753,3921.1928775955334,1508.2313181750314
,11/23/18,Fri,0.645833333,3:30p,Virginia,Virginia Tech,3.553M,3553.0,Virginia Tech,34.0,31.0,0.0,0.0,0,0.0,0.0,0.0,0.0,0.0,1.0,0.0,0.0,0.0,0.0,0.0,0.0,0,0,0.0,0.0,1.0,5.5,0.0,2.0,0.0,,,,,3.0,5.5,0.0,0.0,0.0,0.0,1.0,1.0,0.0,0.0,0.0,0.0,2.0,0.0,,0.0,0.0,0.0,0.0,15.5,0,0,1,0,0,0,2018-11-23,2018,1,0,0,0,0,0,0,0,0,0,0,0,0,0,0,0,0,0,0,0,0,0,0,0,0,0,0,0,0,0,0,0.0,0.0,0.0,0.0,0.0,1.0,0.0,0.0,0.0,0.0,0.0,0.0,0.0,8.175829008714597,2361.4352729326247,2507.297737028356
,11/24/18,Sat,0.791666667,7:00p,South Carolina,Clemson,(3.261M),3261.0,Clemson,56.0,35.0,0.0,1.0,1,0.0,0.0,0.0,0.0,0.0,0.0,0.0,0.0,0.0,0.0,0.0,0.0,0,0,0.0,0.0,0.0,26.0,1.0,1.0,0.0,,,,,21.0,26.0,1.0,0.0,0.0,0.0,0.0,1.0,0.0,0.0,0.0,1.0,1.0,0.0,,0.0,0.0,0.0,0.0,19.0,0,0,0,0,0,0,2018-11-24,2018,1,0,0,0,0,0,0,0,0,0,0,0,1,0,0,0,0,0,0,0,0,0,0,0,0,0,0,0,0,0,0,0.0,0.0,0.0,0.0,0.0,0.0,0.0,0.0,0.0,0.0,0.0,0.0,0.0,8.09009578318096,2213.916288209155,6461.188488224437
,11/23/18,Fri,0.604166667,2:30p,Arkansas,Missouri,1.919M,1919.0,Missouri,38.0,0.0,0.0,0.0,0,0.0,0.0,0.0,0.0,1.0,0.0,0.0,0.0,0.0,0.0,0.0,0.0,0,0,0.0,0.0,1.0,24.0,2.0,0.0,0.0,,,,,38.0,24.0,1.0,1.0,0.0,0.0,0.0,0.0,0.0,0.0,0.0,2.0,0.0,0.0,,0.0,0.0,0.0,0.0,14.5,0,0,1,0,0,0,2018-11-23,2018,1,0,0,0,0,0,0,0,0,0,0,0,0,0,0,0,0,0,0,0,0,0,0,0,0,0,0,0,0,0,0,0.0,0.0,0.0,0.0,1.0,0.0,0.0,0.0,0.0,0.0,0.0,0.0,0.0,7.560080465021827,2507.297737028356,2361.4352729326247
,11/23/18,Fri,0.5,12:00p,Texas,Kansas,1.185M,1185.0,Texas,24.0,17.0,1.0,0.0,0,0.0,1.0,0.0,0.0,0.0,0.0,0.0,0.0,0.0,0.0,0.0,0.0,0,0,0.0,0.0,1.0,15.5,1.0,1.0,0.0,,,,,7.0,15.5,0.0,0.0,0.0,0.0,0.0,0.0,1.0,1.0,2.0,0.0,0.0,0.0,,0.0,0.0,1.0,0.0,12.0,0,0,1,0,0,0,2018-11-23,2018,1,0,0,0,0,0,0,0,0,0,0,0,0,0,0,0,0,0,0,0,0,0,0,0,0,0,0,0,0,0,0,0.0,0.0,1.0,0.0,0.0,0.0,0.0,0.0,0.0,0.0,0.0,0.0,0.0,7.078341579557671,1508.2313181750314,3921.1928775955334
,11/24/18,Sat,0.645833333,3:30p,Minnesota,Wisconsin,(1.031M),1031.0,Minnesota,37.0,15.0,0.0,0.0,1,0.0,0.0,1.0,0.0,0.0,0.0,0.0,0.0,0.0,0.0,0.0,0.0,1,0,0.0,0.0,0.0,12.5,2.0,0.0,0.0,,,,,22.0,12.5,0.0,0.0,1.0,1.0,0.0,0.0,0.0,0.0,0.0,0.0,0.0,2.0,,0.0,0.0,0.0,0.0,15.5,0,0,0,0,1,0,2018-11-24,2018,1,0,0,0,0,0,0,0,0,0,0,0,0,0,0,0,0,0,0,0,0,1,0,0,0,0,0,0,0,0,0,0.0,0.0,0.0,0.0,0.0,0.0,0.0,0.0,0.0,0.0,0.0,0.0,0.0,6.939253946041508,1140.380206560515,10358.951416031252
,11/24/18,Sat,0.645833333,3:30p,Pittsburgh,Miami,(919K),919.0,Miami,24.0,3.0,1.0,0.0,0,0.0,0.0,0.0,0.0,0.0,0.0,0.0,0.0,0.0,0.0,0.0,0.0,1,0,0.0,0.0,0.0,6.0,0.0,2.0,0.0,,,,,21.0,6.0,0.0,0.0,0.0,0.0,1.0,1.0,0.0,0.0,0.0,0.0,2.0,0.0,,0.0,0.0,0.0,1.0,15.5,0,0,0,0,1,0,2018-11-24,2018,1,0,0,0,0,0,0,0,0,0,0,0,0,0,0,0,0,0,0,0,0,0,0,0,0,0,0,0,0,0,0,0.0,0.0,0.0,0.0,0.0,0.0,0.0,0.0,0.0,0.0,0.0,0.0,0.0,6.824373670043086,1566.4111371863626,9932.920485405404
,11/24/18,Sat,0.791666667,7:00p,Kentucky,Louisville,(844K),844.0,Kentucky,56.0,10.0,1.0,0.0,2,0.0,0.0,1.0,0.0,0.0,0.0,0.0,0.0,0.0,0.0,0.0,0.0,0,0,0.0,0.0,0.0,17.0,1.0,1.0,0.0,,,,,46.0,17.0,1.0,0.0,0.0,0.0,0.0,1.0,0.0,0.0,0.0,1.0,1.0,0.0,,0.0,0.0,0.0,0.0,19.0,0,0,0,0,0,0,2018-11-24,2018,1,0,0,0,0,0,0,0,0,0,0,0,0,0,0,0,0,0,1,0,0,0,0,0,0,0,0,0,0,0,0,0.0,0.0,0.0,0.0,0.0,0.0,0.0,0.0,0.0,0.0,0.0,0.0,0.0,6.739336627357174,740.5467521180963,7934.5580243154955
,11/24/18,Sat,0.5,12:00p,Syracuse,Boston College,(765K),765.0,Syracuse,42.0,21.0,1.0,0.0,0,0.0,0.0,0.0,0.0,0.0,0.0,0.0,0.0,0.0,0.0,0.0,0.0,1,0,0.0,0.0,0.0,5.0,0.0,2.0,0.0,,,,,21.0,5.0,0.0,0.0,0.0,0.0,1.0,1.0,0.0,0.0,0.0,0.0,2.0,0.0,,0.0,0.0,0.0,1.0,12.0,0,0,0,1,0,0,2018-11-24,2018,1,0,0,0,0,0,0,0,0,0,0,0,0,0,0,0,0,0,0,0,0,0,0,0,0,0,0,0,0,0,0,0.0,0.0,0.0,0.0,0.0,0.0,0.0,0.0,0.0,0.0,0.0,0.0,0.0,6.641182169740591,890.5007510308308,990.2083393657397
,11/24/18,Sat,0.9375,10:30p,BYU,Utah,626K,626.0,Utah,35.0,27.0,1.0,0.0,0,0.0,1.0,0.0,0.0,0.0,0.0,0.0,0.0,0.0,0.0,0.0,0.0,0,1,0.0,0.0,0.0,10.5,0.0,2.0,0.0,,,,,8.0,10.5,0.0,0.0,0.0,0.0,0.0,0.0,0.0,0.0,0.0,0.0,0.0,0.0,,0.0,0.0,0.0,0.0,22.5,0,0,0,0,0,1,2018-11-24,2018,1,0,0,0,0,0,0,0,0,1,0,0,0,0,0,0,0,0,0,0,0,0,0,0,0,0,0,0,0,0,0,0.0,0.0,0.0,0.0,0.0,0.0,0.0,0.0,0.0,0.0,0.0,0.0,0.0,6.440946540632921,646.1708054733957,0.0
,11/24/18,Sat,0.5,12:00p,Purdue,Indiana,(368K),368.0,Purdue,28.0,21.0,0.0,0.0,0,0.0,0.0,1.0,0.0,0.0,0.0,0.0,0.0,0.0,0.0,0.0,0.0,1,0,0.0,0.0,0.0,3.5,2.0,0.0,0.0,,,,,7.0,3.5,0.0,0.0,1.0,1.0,0.0,0.0,0.0,0.0,0.0,0.0,0.0,2.0,,0.0,0.0,0.0,0.0,12.0,0,0,0,1,0,0,2018-11-24,2018,1,0,0,0,0,0,0,0,0,0,0,0,0,0,0,0,0,0,0,0,0,0,0,0,0,0,0,0,0,0,0,0.0,0.0,0.0,0.0,0.0,0.0,0.0,0.0,0.0,0.0,0.0,0.0,0.0,5.910796644040527,565.402716868573,1315.3063735279975
,11/24/18,Sat,0.5,12:00p,Baylor,Texas Tech,(333K),333.0,Baylor,35.0,24.0,0.0,0.0,0,0.0,1.0,0.0,0.0,0.0,0.0,0.0,0.0,0.0,0.0,0.0,0.0,1,0,0.0,0.0,0.0,6.0,0.0,2.0,0.0,,,,,11.0,6.0,0.0,0.0,0.0,0.0,0.0,0.0,1.0,1.0,2.0,0.0,0.0,0.0,,0.0,0.0,0.0,0.0,12.0,0,0,0,1,0,0,2018-11-24,2018,1,0,0,0,0,0,0,0,0,0,0,0,0,0,0,0,0,0,0,0,0,0,0,0,0,0,0,0,0,0,0,0.0,0.0,0.0,0.0,0.0,0.0,0.0,0.0,0.0,0.0,0.0,0.0,0.0,5.811140992976701,424.8056224971667,1455.9034678994037
2024-25,9/1/24,Sun,0.8125,7:30p,USC,LSU,8.62M,8620.0,USC,27.0,20.0,2.0,0.0,0,0.0,0.0,0.0,0.0,0.0,1.0,0.0,0.0,0.0,0.0,0.0,0.0,0,0,1.0,0.0,0.0,3.5,2.0,0.0,0.0,,,,,7.0,3.5,0.0,1.0,1.0,0.0,0.0,0.0,0.0,0.0,0.0,1.0,0.0,1.0,,0.0,0.0,1.0,1.0,19.5,0,0,0,0,0,0,2024-09-01,2024,1,0,0,0,0,0,0,0,0,0,0,0,0,0,0,0,0,0,0,0,0,0,0,0,0,1,0,0,0,0,0,0.0,0.0,0.0,0.0,0.0,0.0,0.0,0.0,0.0,0.0,0.0,0.0,0.0,9.061956366209925,7941.434421885739,0.0
,8/31/24,Sat,0.8125,7:30p,Notre Dame,Texas A&M,7.92M,7920.0,Notre Dame,23.0,13.0,1.0,1.0,2,0.0,0.0,0.0,0.0,0.0,1.0,0.0,0.0,0.0,0.0,0.0,0.0,0,0,0.0,0.0,0.0,3.0,1.0,0.0,0.0,,,,,10.0,3.0,0.0,1.0,0.0,0.0,0.0,0.0,0.0,0.0,0.0,1.0,0.0,0.0,,0.0,1.0,0.0,1.0,19.5,0,0,0,0,0,0,2024-08-31,2024,1,0,0,0,0,0,0,0,0,0,0,0,0,0,0,0,0,0,0,0,0,0,0,0,0,1,0,0,0,0,0,0.0,0.0,0.0,0.0,0.0,0.0,0.0,0.0,0.0,0.0,0.0,0.0,0.0,8.97727273946428,7412.17527209988,5746.211302845578
,8/31/24,Sat,0.5,12:00p,Clemson,Georgia,7.58M,7580.0,Georgia,34.0,3.0,1.0,1.0,1,0.0,0.0,0.0,0.0,0.0,1.0,0.0,0.0,0.0,0.0,0.0,0.0,1,0,0.0,0.0,0.0,10.5,1.0,1.0,0.0,,,,,31.0,10.5,0.0,1.0,0.0,0.0,1.0,0.0,0.0,0.0,0.0,1.0,1.0,0.0,,1.0,0.0,1.0,0.0,12.0,0,0,0,1,0,0,2024-08-31,2024,1,0,0,0,0,0,0,0,0,0,0,0,0,0,0,0,0,0,0,0,0,0,0,0,0,1,0,0,0,0,0,0.0,0.0,0.0,0.0,0.0,0.0,0.0,0.0,0.0,0.0,0.0,0.0,0.0,8.933400396056303,7407.164684986472,5185.60598712791
,8/31/24,Sat,0.645833333,3:30p,Miami,Florida,6.35M,6350.0,Miami,41.0,17.0,1.0,0.0,1,0.0,0.0,0.0,0.0,0.0,1.0,0.0,0.0,0.0,0.0,0.0,0.0,1,0,0.0,0.0,0.0,2.5,1.0,1.0,0.0,,,,,24.0,2.5,0.0,1.0,0.0,0.0,1.0,0.0,0.0,0.0,0.0,1.0,1.0,0.0,,0.0,0.0,0.0,1.0,15.5,0,0,0,0,1,0,2024-08-31,2024,1,0,0,0,0,0,0,0,0,0,0,0,0,0,0,0,0,0,0,0,0,0,0,0,0,0,0,0,0,0,0,0.0,0.0,0.0,0.0,0.0,0.0,0.0,0.0,0.0,0.0,0.0,0.0,0.0,8.756367559802975,4361.055825948972,6572.302017767831
,8/24/24,Sat,0.5,12:00p,Florida St.,Georgia Tech,4.99M,4990.0,Georgia Tech,24.0,21.0,0.0,1.0,0,0.0,0.0,0.0,0.0,0.0,0.0,0.0,0.0,0.0,0.0,0.0,0.0,1,0,0.0,0.0,0.0,10.5,0.0,2.0,0.0,,,,,3.0,10.5,0.0,0.0,0.0,0.0,1.0,1.0,0.0,0.0,0.0,0.0,2.0,0.0,,0.0,1.0,0.0,0.0,12.0,0,0,0,1,0,0,2024-08-24,2024,1,0,0,0,0,0,0,0,0,0,0,0,0,0,0,0,0,0,0,0,0,0,0,0,0,0,0,0,0,0,0,0.0,0.0,0.0,0.0,0.0,0.0,0.0,0.0,0.0,0.0,0.0,0.0,0.0,8.515391569469609,2144.7464773557144,0.0
,9/2/24,Mon,0.8125,7:30p,Boston College,Florida St.,4.44M,4440.0,Boston College,28.0,13.0,0.0,1.0,0,0.0,0.0,0.0,0.0,0.0,0.0,0.0,0.0,0.0,0.0,0.0,0.0,0,0,0.0,1.0,0.0,16.5,0.0,2.0,0.0,,,,,15.0,16.5,0.0,0.0,0.0,0.0,1.0,1.0,0.0,0.0,0.0,0.0,2.0,0.0,,0.0,1.0,0.0,0.0,19.5,1,0,0,0,0,0,2024-09-02,2024,1,0,0,0,0,0,0,0,0,0,0,0,0,0,0,0,0,0,0,0,0,0,0,0,0,0,0,0,0,0,0,0.0,0.0,0.0,0.0,0.0,0.0,0.0,0.0,0.0,0.0,0.0,0.0,0.0,8.398634855292102,4852.559701299576,0.0
,8/31/24,Sat,0.5,12:00p,Penn St.,West Virginia,2.99M,2990.0,Penn St.,34.0,12.0,0.0,1.0,1,1.0,0.0,0.0,0.0,0.0,0.0,0.0,0.0,0.0,0.0,0.0,0.0,1,0,0.0,0.0,0.0,7.5,1.0,1.0,0.0,,,,,22.0,7.5,0.0,0.0,1.0,0.0,0.0,0.0,0.0,1.0,1.0,0.0,0.0,1.0,,0.0,1.0,0.0,0.0,12.0,0,0,0,1,0,0,2024-08-31,2024,1,0,0,0,0,0,0,0,0,0,0,0,0,0,0,0,0,0,0,0,0,0,0,0,0,0,0,0,0,0,0,0.0,0.0,0.0,0.0,0.0,0.0,0.0,0.0,0.0,0.0,0.0,0.0,0.0,8.003363058629947,3959.7003067865626,8633.07036532782
,8/31/24,Sat,0.645833333,3:30p,Akron,Ohio St.,2.97M,2970.0,Ohio St.,52.0,6.0,0.0,1.0,1,0.0,0.0,0.0,0.0,1.0,0.0,0.0,0.0,0.0,0.0,0.0,0.0,1,0,0.0,0.0,0.0,48.5,1.0,0.0,0.0,,,,,46.0,48.5,0.0,0.0,0.0,1.0,0.0,0.0,0.0,0.0,0.0,0.0,0.0,1.0,,1.0,0.0,0.0,0.0,15.5,0,0,0,0,1,0,2024-08-31,2024,1,0,0,0,0,0,0,0,0,0,0,0,0,0,0,0,0,0,0,0,0,0,0,0,0,0,0,0,0,0,0,0.0,0.0,0.0,0.0,0.0,0.0,0.0,0.0,0.0,0.0,0.0,0.0,0.0,7.9966538754626075,2497.6503880398905,8435.707455676911
,8/31/24,Sat,0.8125,7:30p,Fresno St.,Michigan,2.56M,2560.0,Michigan,30.0,10.0,0.0,1.0,2,0.0,0.0,0.0,1.0,0.0,0.0,0.0,0.0,0.0,0.0,0.0,0.0,0,0,0.0,0.0,0.0,20.5,1.0,0.0,0.0,,,,,20.0,20.5,0.0,0.0,0.0,1.0,0.0,0.0,0.0,0.0,0.0,0.0,0.0,1.0,,0.0,1.0,0.0,0.0,19.5,0,0,0,0,0,0,2024-08-31,2024,1,0,0,0,0,0,0,0,0,0,0,0,0,0,0,0,0,0,0,0,0,0,0,0,0,0,0,0,0,0,0,0.0,0.0,0.0,0.0,0.0,0.0,0.0,0.0,0.0,0.0,0.0,0.0,0.0,7.848153086199526,2329.685762470197,10828.70081247526
,8/31/24,Sat,0.791666667,7:00p,Western Kentucky,Alabama,1.85M,1850.0,Alabama,63.0,0.0,0.0,1.0,2,0.0,0.0,0.0,0.0,0.0,0.0,0.0,0.0,0.0,0.0,0.0,0.0,0,0,0.0,0.0,0.0,37.5,1.0,0.0,0.0,,,,,63.0,37.5,0.0,1.0,0.0,0.0,0.0,0.0,0.0,0.0,0.0,1.0,0.0,0.0,,1.0,0.0,0.0,0.0,19.0,0,0,0,0,0,0,2024-08-31,2024,1,0,0,0,0,0,0,0,0,0,0,0,0,0,0,0,0,0,0,0,0,0,0,0,0,0,0,0,0,0,0,0.0,0.0,0.0,0.0,0.0,0.0,0.0,0.0,0.0,0.0,0.0,0.0,0.0,7.523481312573497,1689.6812116449341,11468.705363300522
,8/31/24,Sat,0.645833333,3:30p,Colorado St.,Texas,1.84M,1840.0,Texas,52.0,0.0,0.0,1.0,1,0.0,0.0,0.0,0.0,0.0,0.0,0.0,0.0,0.0,0.0,0.0,0.0,1,0,0.0,0.0,0.0,34.5,1.0,0.0,0.0,,,,,52.0,34.5,0.0,1.0,0.0,0.0,0.0,0.0,0.0,0.0,0.0,1.0,0.0,0.0,,1.0,0.0,0.0,0.0,15.5,0,0,0,0,1,0,2024-08-31,2024,1,0,0,0,0,0,0,0,0,0,0,0,0,0,0,0,0,0,0,0,0,0,0,0,0,0,0,0,0,0,0,0.0,0.0,0.0,0.0,0.0,0.0,0.0,0.0,0.0,0.0,0.0,0.0,0.0,7.518064181233078,2078.099275233375,8855.258568483428
,8/29/24,Thu,0.875,9:00p,North Carolina,Minnesota,1.83M,1830.0,North Carolina,19.0,17.0,0.0,0.0,0,1.0,0.0,0.0,0.0,0.0,0.0,0.0,0.0,0.0,0.0,0.0,0.0,0,0,0.0,0.0,1.0,1.5,1.0,1.0,0.0,,,,,2.0,1.5,0.0,0.0,0.0,1.0,1.0,0.0,0.0,0.0,0.0,0.0,1.0,1.0,,0.0,0.0,0.0,0.0,21.0,0,1,0,0,0,0,2024-08-29,2024,1,0,0,0,0,0,0,0,0,0,0,0,0,0,0,0,0,0,0,0,0,0,0,0,0,0,0,0,0,0,0,0.0,0.0,0.0,0.0,0.0,0.0,0.0,0.0,0.0,0.0,0.0,0.0,0.0,7.5126175446745105,2376.043860568112,357.3300480375244
,8/31/24,Sat,0.645833333,3:30p,UTEP,Nebraska,1.67M,1670.0,Nebraska,40.0,7.0,0.0,0.0,1,1.0,0.0,0.0,0.0,0.0,0.0,0.0,0.0,0.0,0.0,0.0,0.0,1,0,0.0,0.0,0.0,27.5,1.0,0.0,0.0,,,,,33.0,27.5,0.0,0.0,0.0,1.0,0.0,0.0,0.0,0.0,0.0,0.0,0.0,1.0,,0.0,0.0,0.0,0.0,15.5,0,0,0,0,1,0,2024-08-31,2024,1,0,0,0,0,0,0,0,0,0,0,0,0,0,0,0,0,0,0,0,0,0,0,0,0,0,0,0,0,0,0,0.0,0.0,0.0,0.0,0.0,0.0,0.0,0.0,0.0,0.0,0.0,0.0,0.0,7.421177528595393,1612.6115272112868,9320.746316505516
,8/30/24,Fri,0.791666667,7:00p,Temple,Oklahoma,1.65M,1650.0,Oklahoma,51.0,3.0,1.0,0.0,0,0.0,0.0,0.0,0.0,0.0,0.0,0.0,0.0,0.0,0.0,0.0,0.0,0,0,0.0,0.0,1.0,43.5,1.0,0.0,0.0,,,,,48.0,43.5,0.0,1.0,0.0,0.0,0.0,0.0,0.0,0.0,0.0,1.0,0.0,0.0,,0.0,0.0,0.0,1.0,19.0,0,0,1,0,0,0,2024-08-30,2024,1,0,0,0,0,0,0,0,0,0,0,0,0,0,0,0,0,0,0,0,0,0,0,0,0,0,0,0,0,0,0,0.0,0.0,0.0,0.0,0.0,0.0,0.0,0.0,0.0,0.0,0.0,0.0,1.0,7.409136443920128,1557.427239117983,383.3045059003628
,8/30/24,Fri,0.9375,10:30p,TCU,Stanford,1.49M,1490.0,TCU,34.0,27.0,0.0,0.0,0,0.0,0.0,0.0,0.0,0.0,0.0,0.0,0.0,0.0,0.0,0.0,0.0,0,0,0.0,0.0,1.0,8.5,0.0,2.0,0.0,,,,,7.0,8.5,0.0,0.0,0.0,0.0,0.0,1.0,1.0,0.0,1.0,0.0,1.0,0.0,,0.0,0.0,0.0,0.0,22.5,0,0,1,0,0,0,2024-08-30,2024,1,0,0,0,0,0,0,0,0,0,0,0,0,0,0,0,0,0,0,0,0,0,0,0,0,0,0,0,0,0,0,0.0,0.0,0.0,0.0,0.0,0.0,0.0,0.0,0.0,0.0,0.0,0.0,1.0,7.307202314764738,1407.0716845517484,0.0
,8/31/24,Sat,0.5,12:00p,Virginia Tech,Vanderbilt,1.45M,1450.0,Vanderbilt,34.0,27.0,0.0,0.0,1,0.0,0.0,0.0,0.0,0.0,0.0,0.0,0.0,0.0,0.0,0.0,0.0,1,0,0.0,0.0,0.0,13.5,1.0,1.0,0.0,,,,,7.0,13.5,0.0,1.0,0.0,0.0,1.0,0.0,0.0,0.0,0.0,1.0,1.0,0.0,,0.0,0.0,0.0,0.0,12.0,0,0,0,1,0,0,2024-08-31,2024,1,0,0,0,0,0,0,0,0,0,0,0,0,0,0,0,0,0,0,0,0,0,0,0,0,0,0,0,0,0,0,0.0,0.0,0.0,0.0,0.0,0.0,0.0,0.0,0.0,0.0,0.0,0.0,0.0,7.280008252884188,897.4538810428676,11695.316791071515
,8/31/24,Sat,0.8125,7:30p,UCLA,Hawaii,1.13M,1130.0,UCLA,16.0,13.0,0.0,0.0,2,0.0,0.0,0.0,0.0,1.0,0.0,0.0,0.0,0.0,0.0,0.0,0.0,0,0,0.0,0.0,0.0,13.5,1.0,0.0,0.0,,,,,3.0,13.5,0.0,0.0,1.0,0.0,0.0,0.0,0.0,0.0,0.0,0.0,0.0,1.0,,0.0,0.0,0.0,0.0,19.5,0,0,0,0,0,0,2024-08-31,2024,1,0,0,0,0,0,0,0,0,0,0,0,0,0,0,0,0,0,0,0,0,0,0,0,0,0,0,0,0,0,0,0.0,0.0,0.0,0.0,0.0,0.0,0.0,0.0,0.0,0.0,0.0,0.0,0.0,7.030857476116121,1013.5730236557249,12144.813551289732
,8/30/24,Fri,0.875,9:00p,Western Michigan,Wisconsin,963K,963.0,Wisconsin,28.0,14.0,0.0,0.0,0,0.0,1.0,0.0,0.0,0.0,0.0,0.0,0.0,0.0,0.0,0.0,0.0,0,0,0.0,0.0,1.0,24.5,1.0,0.0,0.0,,,,,14.0,24.5,0.0,0.0,0.0,1.0,0.0,0.0,0.0,0.0,0.0,0.0,0.0,1.0,,0.0,0.0,0.0,0.0,21.0,0,0,1,0,0,0,2024-08-30,2024,1,0,0,0,0,0,0,0,0,0,0,0,0,0,0,0,0,0,0,0,0,0,0,0,0,0,0,0,0,0,0,0.0,0.0,1.0,0.0,0.0,0.0,0.0,0.0,0.0,0.0,0.0,0.0,0.0,6.871091294610546,692.65461668461,0.0
,8/31/24,Sat,0.9375,10:30p,New Mexico,Arizona,953K,953.0,Arizona,61.0,39.0,1.0,0.0,0,0.0,0.0,0.0,0.0,0.0,0.0,0.0,0.0,0.0,0.0,0.0,0.0,0,1,0.0,0.0,0.0,31.5,0.0,1.0,0.0,,,,,22.0,31.5,0.0,0.0,0.0,0.0,0.0,0.0,0.0,1.0,1.0,0.0,0.0,0.0,,0.0,0.0,0.0,0.0,22.5,0,0,0,0,0,1,2024-08-31,2024,1,0,0,0,0,0,0,0,0,0,0,0,0,0,0,0,0,0,0,0,0,0,0,0,0,0,0,0,0,0,0,0.0,0.0,0.0,0.0,0.0,0.0,0.0,0.0,0.0,0.0,0.0,0.0,0.0,6.860663671448287,653.6680818644064,355.12118848442975
,8/30/24,Fri,0.791666667,7:00p,FAU,Michigan St.,744K,744.0,Michigan St.,16.0,10.0,0.0,0.0,0,0.0,0.0,0.0,0.0,0.0,0.0,0.0,0.0,0.0,0.0,1.0,0.0,0,0,0.0,0.0,1.0,11.5,1.0,0.0,0.0,,,,,6.0,11.5,0.0,0.0,0.0,1.0,0.0,0.0,0.0,0.0,0.0,0.0,0.0,1.0,,0.0,0.0,0.0,0.0,19.0,0,0,1,0,0,0,2024-08-30,2024,1,0,0,0,0,0,0,0,0,0,0,0,0,0,0,0,0,0,0,0,0,0,0,0,0,0,0,0,0,0,0,0.0,0.0,0.0,0.0,0.0,0.0,0.0,0.0,0.0,0.0,1.0,0.0,0.0,6.61338421837956,383.3045059003628,1557.427239117983
,8/31/24,Sat,0.8125,7:30p,Idaho,Oregon,425K,425.0,Oregon,24.0,14.0,0.0,1.0,3,0.0,0.0,0.0,0.0,0.0,0.0,0.0,0.0,0.0,0.0,1.0,0.0,0,0,0.0,0.0,0.0,49.5,1.0,0.0,0.0,,,,,10.0,49.5,0.0,0.0,0.0,1.0,0.0,0.0,0.0,0.0,0.0,0.0,0.0,1.0,,1.0,0.0,0.0,0.0,19.5,0,0,0,0,0,0,2024-08-31,2024,1,0,0,0,0,0,0,0,0,0,0,0,0,0,0,0,0,0,0,0,0,0,0,0,0,0,0,0,0,0,0,0.0,0.0,0.0,0.0,0.0,0.0,0.0,0.0,0.0,0.0,0.0,0.0,0.0,6.054439346269371,464.0139722222602,12694.372602723197
,8/31/24,Sat,0.645833333,3:30p,North Dakota,Iowa St.,315K,315.0,Iowa St.,21.0,3.0,0.0,0.0,2,0.0,1.0,0.0,0.0,0.0,0.0,0.0,0.0,0.0,0.0,0.0,0.0,1,0,0.0,0.0,0.0,30.5,0.0,1.0,0.0,,,,,18.0,30.5,0.0,0.0,0.0,0.0,0.0,0.0,0.0,1.0,1.0,0.0,0.0,0.0,,0.0,0.0,1.0,0.0,15.5,0,0,0,0,1,0,2024-08-31,2024,1,0,0,0,0,0,0,0,0,0,0,0,0,0,0,0,0,0,0,0,0,0,0,0,0,0,0,0,0,0,0,0.0,0.0,0.0,0.0,0.0,0.0,0.0,0.0,0.0,0.0,0.0,0.0,0.0,5.755742213586912,301.82533593023606,10631.532507786567
,8/29/24,Thu,0.75,6:00p,Howard,Rutgers,269K,269.0,Rutgers,44.0,7.0,0.0,0.0,0,0.0,0.0,0.0,0.0,0.0,0.0,0.0,0.0,0.0,0.0,1.0,0.0,0,0,0.0,0.0,1.0,38.5,1.0,0.0,0.0,,,,,37.0,38.5,0.0,0.0,0.0,1.0,0.0,0.0,0.0,0.0,0.0,0.0,0.0,1.0,,0.0,0.0,0.0,0.0,18.0,0,1,0,0,0,0,2024-08-29,2024,1,0,0,0,0,0,0,0,0,0,0,0,0,0,0,0,0,0,0,0,0,0,0,0,0,0,0,0,0,0,0,0.0,0.0,0.0,0.0,0.0,0.0,0.0,0.0,0.0,0.0,0.0,0.0,0.0,5.598421958998375,298.42474235130095,0.0
,8/31/24,Sat,0.9375,10:30p,Wyoming,Arizona St.,253K,253.0,Arizona St.,48.0,7.0,0.0,0.0,0,0.0,1.0,0.0,0.0,0.0,0.0,0.0,0.0,0.0,0.0,0.0,0.0,0,1,0.0,0.0,0.0,6.5,0.0,1.0,0.0,,,,,41.0,6.5,0.0,0.0,0.0,0.0,0.0,0.0,0.0,1.0,1.0,0.0,0.0,0.0,,0.0,0.0,0.0,0.0,22.5,0,0,0,0,0,1,2024-08-31,2024,1,0,0,0,0,0,0,0,0,0,0,0,0,0,0,0,0,0,0,0,0,0,0,0,0,0,0,0,0,0,0,0.0,0.0,0.0,0.0,0.0,0.0,0.0,0.0,0.0,0.0,0.0,0.0,0.0,5.537334267018537,355.12118848442975,653.6680818644064
,8/31/24,Sat,0.791666667,7:00p,UNLV,Houston,172K,172.0,UNLV,27.0,7.0,0.0,0.0,3,0.0,1.0,0.0,0.0,0.0,0.0,0.0,0.0,0.0,0.0,0.0,0.0,0,0,0.0,0.0,0.0,3.5,0.0,1.0,0.0,,,,,20.0,3.5,0.0,0.0,0.0,0.0,0.0,0.0,0.0,1.0,1.0,0.0,0.0,0.0,,0.0,0.0,0.0,1.0,19.0,0,0,0,0,0,0,2024-08-31,2024,1,0,0,0,0,0,0,0,0,0,0,0,0,0,0,0,0,0,0,0,0,0,0,0,0,0,0,0,0,0,0,0.0,0.0,0.0,0.0,0.0,0.0,0.0,0.0,0.0,0.0,0.0,0.0,0.0,5.153291594497779,249.25733285246156,12909.129242092995
,8/31/24,Sat,0.666666667,4:00p,Boise St.,Georgia Southern,158K,158.0,Boise St.,56.0,45.0,0.0,0.0,1,0.0,0.0,0.0,0.0,0.0,0.0,0.0,1.0,0.0,0.0,0.0,0.0,1,0,0.0,0.0,0.0,12.5,0.0,0.0,0.0,,,,,11.0,12.5,0.0,0.0,0.0,0.0,0.0,0.0,0.0,0.0,0.0,0.0,0.0,0.0,,0.0,1.0,0.0,0.0,16.0,0,0,0,0,1,0,2024-08-31,2024,1,0,0,0,0,0,0,0,0,0,0,0,0,0,0,0,0,0,0,0,0,0,0,0,0,0,0,0,0,0,0,0.0,0.0,0.0,0.0,0.0,0.0,0.0,0.0,0.0,0.0,0.0,0.0,0.0,5.0689042022202315,82.11549135304251,10851.24235236376
,8/31/24,Sat,0.5,12:00p,Connecticut,Maryland,133K,133.0,Maryland,50.0,7.0,0.0,0.0,2,0.0,1.0,0.0,0.0,0.0,0.0,0.0,0.0,0.0,0.0,0.0,0.0,1,0,0.0,0.0,0.0,18.5,1.0,0.0,0.0,,,,,43.0,18.5,0.0,0.0,0.0,1.0,0.0,0.0,0.0,0.0,0.0,0.0,0.0,1.0,,0.0,0.0,0.0,0.0,12.0,0,0,0,1,0,0,2024-08-31,2024,1,0,0,0,0,0,0,0,0,0,0,0,0,0,0,0,0,0,0,0,0,0,0,0,0,0,0,0,0,0,0,0.0,0.0,0.0,0.0,0.0,0.0,0.0,0.0,0.0,0.0,0.0,0.0,0.0,4.897839799950911,236.4393125949393,12356.331359519443
,8/29/24,Thu,0.875,9:00p,Eastern Illinois,Illinois,112K,112.0,Illinois,45.0,0.0,0.0,0.0,0,0.0,0.0,0.0,0.0,0.0,0.0,0.0,0.0,0.0,0.0,1.0,0.0,0,0,0.0,0.0,1.0,28.5,1.0,0.0,0.0,,,,,45.0,28.5,0.0,0.0,0.0,1.0,0.0,0.0,0.0,0.0,0.0,0.0,0.0,1.0,,0.0,0.0,0.0,0.0,21.0,0,1,0,0,0,0,2024-08-29,2024,1,0,0,0,0,0,0,0,0,0,0,0,0,0,0,0,0,0,0,0,0,0,0,0,0,0,0,0,0,0,0,0.0,0.0,0.0,0.0,0.0,0.0,0.0,0.0,0.0,0.0,0.0,0.0,0.0,4.727387818712341,357.3300480375244,2376.043860568112
,8/31/24,Sat,0.5,12:00p,Kent St.,Pittsburgh,82K,82.0,Pittsburgh,55.0,24.0,0.0,0.0,1,0.0,0.0,0.0,0.0,0.0,0.0,0.0,1.0,0.0,0.0,0.0,0.0,1,0,0.0,0.0,0.0,23.5,0.0,1.0,0.0,,,,,31.0,23.5,0.0,0.0,0.0,0.0,0.0,1.0,0.0,0.0,0.0,0.0,1.0,0.0,,0.0,0.0,0.0,0.0,12.0,0,0,0,1,0,0,2024-08-31,2024,1,0,0,0,0,0,0,0,0,0,0,0,0,0,0,0,0,0,0,0,0,0,0,0,0,0,0,0,0,0,0,0.0,0.0,0.0,0.0,0.0,0.0,0.0,0.0,0.0,0.0,0.0,0.0,0.0,4.418840607796598,92.01248670354138,12500.758185410841
,9/6/24,Fri,0.791666667,7:00p,SMU,BYU,917K,917.0,BYU,18.0,15.0,0.0,0.0,0,0.0,0.0,1.0,0.0,0.0,0.0,0.0,0.0,0.0,0.0,0.0,0.0,0,0,0.0,0.0,1.0,12.5,0.0,2.0,0.0,,,,,3.0,-12.5,0.0,0.0,0.0,0.0,1.0,0.0,0.0,1.0,1.0,0.0,1.0,0.0,,0.0,0.0,0.0,0.0,19.0,0,0,1,0,0,0,2024-09-06,2024,1,0,0,0,0,0,0,0,0,0,0,0,0,0,0,0,0,0,0,0,0,0,0,0,0,0,0,0,0,0,0,0.0,1.0,0.0,0.0,0.0,0.0,0.0,0.0,0.0,0.0,0.0,0.0,0.0,6.822197390620491,969.5292870083887,0.0
,9/7/24,Sat,0.875,9:00p,Northwestern,Duke,514K,514.0,Duke,26.0,20.0,0.0,0.0,0,0.0,1.0,0.0,0.0,0.0,0.0,0.0,0.0,0.0,0.0,0.0,0.0,0,0,0.0,0.0,0.0,2.5,1.0,1.0,0.0,,,,,6.0,-2.5,0.0,0.0,1.0,0.0,0.0,1.0,0.0,0.0,0.0,0.0,1.0,1.0,,0.0,0.0,0.0,0.0,21.0,0,0,0,0,0,0,2024-09-07,2024,1,0,0,0,0,0,0,0,0,0,0,0,0,0,0,0,0,0,0,0,0,0,0,0,0,0,0,0,0,0,0,0.0,0.0,0.0,0.0,0.0,0.0,0.0,0.0,0.0,0.0,0.0,0.0,0.0,6.244166900663736,358.92592198541035,0.0
,9/7/24,Sat,0.5,12:00p,Michigan,Texas,9.19M,9190.0,Texas,31.0,12.0,0.0,2.0,0,1.0,0.0,0.0,0.0,0.0,0.0,0.0,0.0,0.0,0.0,0.0,0.0,1,0,0.0,0.0,0.0,7.0,2.0,0.0,0.0,,,,,19.0,7.0,0.0,1.0,1.0,0.0,0.0,0.0,0.0,0.0,0.0,1.0,0.0,1.0,,1.0,1.0,0.0,0.0,12.0,0,0,0,1,0,0,2024-09-07,2024,1,0,0,0,0,0,0,0,0,0,0,0,0,0,0,0,0,0,0,0,0,0,0,0,0,1,0,0,0,0,0,0.0,0.0,0.0,0.0,0.0,0.0,0.0,0.0,0.0,0.0,0.0,0.0,0.0,9.12598002335811,10501.485731841824,3694.741825115872
,9/7/24,Sat,0.5,12:00p,Oklahoma St.,Arkansas,2.80M,2800.0,Oklahoma State,39.0,31.0,1.0,0.0,0,0.0,0.0,0.0,0.0,0.0,1.0,0.0,0.0,0.0,0.0,0.0,0.0,1,0,0.0,0.0,0.0,10.5,1.0,1.0,0.0,,,,,8.0,-10.5,0.0,1.0,0.0,0.0,0.0,0.0,1.0,0.0,1.0,1.0,0.0,0.0,,0.0,0.0,0.0,1.0,12.0,0,0,0,1,0,0,2024-09-07,2024,1,0,0,0,0,0,0,0,0,0,0,0,0,0,0,0,0,0,0,0,0,0,0,0,0,0,0,0,0,0,0,0.0,0.0,0.0,0.0,0.0,0.0,0.0,0.0,0.0,0.0,0.0,0.0,0.0,7.937731775260109,2322.8054783235493,11873.422078634147
,9/7/24,Sat,0.5,12:00p,Tulane,Kansas St.,790K,790.0,Kansas State,34.0,27.0,1.0,0.0,0,0.0,0.0,0.0,0.0,0.0,0.0,0.0,0.0,0.0,0.0,0.0,0.0,1,0,0.0,0.0,0.0,8.5,0.0,1.0,0.0,,,,,7.0,8.5,0.0,0.0,0.0,0.0,0.0,0.0,0.0,1.0,1.0,0.0,0.0,0.0,,0.0,0.0,0.0,1.0,12.0,0,0,0,1,0,0,2024-09-07,2024,1,0,0,0,0,0,0,0,0,0,0,0,0,0,0,0,0,0,0,0,0,0,0,0,0,0,0,0,0,0,0,0.0,0.0,0.0,0.0,0.0,0.0,0.0,0.0,0.0,0.0,0.0,0.0,0.0,6.673297967767654,856.4767641571087,13339.750792800587
,9/7/24,Sat,0.5,12:00p,Memphis,Troy,20K,20.0,Memphis,38.0,17.0,0.0,0.0,0,0.0,0.0,0.0,0.0,0.0,0.0,0.0,1.0,0.0,0.0,0.0,0.0,1,0,0.0,0.0,0.0,18.5,0.0,0.0,0.0,,,,,21.0,-18.5,0.0,0.0,0.0,0.0,0.0,0.0,0.0,0.0,0.0,0.0,0.0,0.0,,0.0,0.0,0.0,0.0,12.0,0,0,0,1,0,0,2024-09-07,2024,1,0,0,0,0,0,0,0,0,0,0,0,0,0,0,0,0,0,0,0,0,0,0,0,0,0,0,0,0,0,0,0.0,0.0,0.0,0.0,0.0,0.0,0.0,0.0,0.0,0.0,0.0,0.0,0.0,3.044522437723423,40.89393187538707,14155.333625082309
,9/7/24,Sat,0.5,12:00p,Cincinnati,Pittsburgh,304K,304.0,Pittsburgh,28.0,27.0,0.0,0.0,1,0.0,0.0,1.0,0.0,0.0,0.0,0.0,0.0,0.0,0.0,0.0,0.0,1,0,0.0,0.0,0.0,2.5,0.0,2.0,0.0,,,,,1.0,2.5,0.0,0.0,0.0,0.0,0.0,1.0,1.0,0.0,1.0,0.0,1.0,0.0,,0.0,0.0,0.0,0.0,12.0,0,0,0,1,0,0,2024-09-07,2024,1,0,0,0,0,0,0,0,0,0,0,0,0,0,0,0,0,0,0,0,0,0,0,0,0,0,0,0,0,0,0,0.0,0.0,0.0,0.0,0.0,0.0,0.0,0.0,0.0,0.0,0.0,0.0,0.0,5.720311776607412,474.5656507598268,13721.661906197869
,9/7/24,Sat,0.645833333,3:30p,Notre Dame,Northern Illinois,3.93M,3930.0,Northern Illinois,16.0,14.0,0.0,1.0,0,0.0,0.0,0.0,0.0,0.0,1.0,0.0,0.0,0.0,0.0,0.0,0.0,1,0,0.0,0.0,0.0,28.5,0.0,0.0,0.0,,,,,2.0,-28.5,0.0,0.0,0.0,0.0,0.0,0.0,0.0,0.0,0.0,0.0,0.0,0.0,,1.0,0.0,0.0,0.0,15.5,0,0,0,0,1,0,2024-09-07,2024,1,0,0,0,0,0,0,0,0,0,0,0,0,0,0,0,0,0,0,0,0,0,0,0,0,0,0,0,0,0,0,0.0,0.0,0.0,0.0,0.0,0.0,0.0,0.0,0.0,0.0,0.0,0.0,0.0,8.27664912542186,2729.2420552805775,8770.134611038184
,9/7/24,Sat,0.645833333,3:30p,Utah,Baylor,2.08M,2080.0,Utah,23.0,12.0,1.0,0.0,0,1.0,0.0,0.0,0.0,0.0,0.0,0.0,0.0,0.0,0.0,0.0,0.0,1,0,0.0,0.0,0.0,14.5,0.0,2.0,0.0,,,,,11.0,-14.5,0.0,0.0,0.0,0.0,0.0,0.0,1.0,1.0,2.0,0.0,0.0,0.0,,0.0,0.0,1.0,0.0,15.5,0,0,0,0,1,0,2024-09-07,2024,1,0,0,0,0,0,0,0,0,0,0,0,0,0,0,0,0,0,0,0,0,0,0,0,0,0,0,0,0,0,0,0.0,0.0,0.0,0.0,0.0,0.0,0.0,0.0,0.0,0.0,0.0,0.0,0.0,7.640603826393634,1450.6816524616336,10048.695013857128
,9/7/24,Sat,0.645833333,3:30p,Wisconsin,South Dakota,537K,537.0,Wisconsin,27.0,13.0,0.0,0.0,1,0.0,1.0,0.0,0.0,0.0,0.0,0.0,0.0,0.0,0.0,0.0,0.0,1,0,0.0,0.0,0.0,17.5,1.0,0.0,0.0,,,,,14.0,-17.5,0.0,0.0,1.0,0.0,0.0,0.0,0.0,0.0,0.0,0.0,0.0,1.0,,0.0,0.0,0.0,0.0,15.5,0,0,0,0,1,0,2024-09-07,2024,1,0,0,0,0,0,0,0,0,0,0,0,0,0,0,0,0,0,0,0,0,0,0,0,0,0,0,0,0,0,0,0.0,0.0,0.0,0.0,0.0,0.0,0.0,0.0,0.0,0.0,0.0,0.0,0.0,6.2878585601617845,382.45828299453694,11116.918383324224
,9/7/24,Sat,0.645833333,3:30p,Kentucky,South Carolina,2.73M,2730.0,South Carolina,31.0,6.0,0.0,0.0,0,0.0,0.0,0.0,0.0,0.0,1.0,0.0,0.0,0.0,0.0,0.0,0.0,1,0,0.0,0.0,0.0,9.5,2.0,0.0,0.0,,,,,25.0,-9.5,1.0,1.0,0.0,0.0,0.0,0.0,0.0,0.0,0.0,2.0,0.0,0.0,,0.0,0.0,0.0,0.0,15.5,0,0,0,0,1,0,2024-09-07,2024,1,0,0,0,0,0,0,0,0,0,0,0,0,0,0,0,0,0,0,0,0,0,0,0,0,0,0,0,0,0,0,0.0,0.0,0.0,0.0,0.0,0.0,0.0,0.0,0.0,0.0,0.0,0.0,0.0,7.912423121473705,2715.713037693551,8783.66362862521
,9/7/24,Sat,0.645833333,3:30p,Auburn,California,1.12M,1120.0,California,21.0,14.0,0.0,0.0,1,0.0,0.0,1.0,0.0,0.0,0.0,0.0,0.0,0.0,0.0,0.0,0.0,1,0,0.0,0.0,0.0,11.5,1.0,1.0,0.0,,,,,7.0,-11.5,1.0,0.0,0.0,0.0,0.0,1.0,0.0,0.0,0.0,1.0,1.0,0.0,,0.0,0.0,0.0,0.0,15.5,0,0,0,0,1,0,2024-09-07,2024,1,0,0,0,0,0,0,0,0,0,0,0,0,0,0,0,0,0,0,0,0,0,0,0,0,0,0,0,0,0,0,0.0,0.0,0.0,0.0,0.0,0.0,0.0,0.0,0.0,0.0,0.0,0.0,0.0,7.02197642307216,712.9434084764844,10786.433257842276
,9/7/24,Sat,0.645833333,3:30p,Iowa,Iowa St.,2.28M,2280.0,Iowa State,20.0,19.0,1.0,0.0,0,0.0,0.0,0.0,0.0,1.0,0.0,0.0,0.0,0.0,0.0,0.0,0.0,1,0,0.0,0.0,0.0,3.0,1.0,1.0,0.0,,,,,1.0,-3.0,0.0,0.0,1.0,0.0,0.0,0.0,0.0,1.0,1.0,0.0,0.0,1.0,,0.0,0.0,0.0,1.0,15.5,0,0,0,0,1,0,2024-09-07,2024,1,0,0,0,0,0,0,0,0,0,1,0,0,0,0,0,0,0,0,0,0,0,0,0,0,0,0,0,0,0,0,0.0,0.0,0.0,0.0,0.0,0.0,0.0,0.0,0.0,0.0,0.0,0.0,0.0,7.732369222284388,3086.327994274217,8413.048672044544
,9/7/24,Sat,0.666666667,4:00p,Texas St.,UTSA,24K,24.0,Texas State,49.0,10.0,0.0,0.0,0,0.0,0.0,0.0,0.0,0.0,0.0,0.0,1.0,0.0,0.0,0.0,0.0,1,0,0.0,0.0,0.0,2.5,0.0,0.0,0.0,,,,,39.0,-2.5,0.0,0.0,0.0,0.0,0.0,0.0,0.0,0.0,0.0,0.0,0.0,0.0,,0.0,0.0,0.0,0.0,16.0,0,0,0,0,1,0,2024-09-07,2024,1,0,0,0,0,0,0,0,0,0,0,0,0,0,0,0,0,0,0,0,0,0,0,0,0,0,0,0,0,0,0,0.0,0.0,0.0,0.0,0.0,0.0,0.0,0.0,0.0,0.0,0.0,0.0,0.0,3.2188758248682006,43.68959787074677,11455.687068448015
,9/7/24,Sat,0.6875,4:30p,Virginia Tech,Marshall,407K,407.0,Virginia Tech,31.0,14.0,0.0,0.0,1,0.0,0.0,0.0,0.0,0.0,0.0,1.0,0.0,0.0,0.0,0.0,0.0,1,0,0.0,0.0,0.0,20.5,0.0,1.0,0.0,,,,,17.0,-20.5,0.0,0.0,0.0,0.0,1.0,0.0,0.0,0.0,0.0,0.0,1.0,0.0,,0.0,0.0,0.0,0.0,16.5,0,0,0,0,1,0,2024-09-07,2024,1,0,0,0,0,0,0,0,0,0,0,0,0,0,0,0,0,0,0,0,0,0,0,0,0,0,0,0,0,0,0,0.0,0.0,0.0,0.0,0.0,0.0,0.0,0.0,0.0,0.0,0.0,0.0,0.0,6.0112671744041615,378.32063726701443,11121.056029051748
,9/7/24,Sat,0.791666667,7:00p,Wake Forest,Virginia,358K,358.0,Virginia,31.0,30.0,0.0,0.0,1,0.0,0.0,1.0,0.0,0.0,0.0,0.0,0.0,0.0,0.0,0.0,0.0,0,0,0.0,0.0,0.0,1.5,0.0,2.0,0.0,,,,,1.0,1.5,0.0,0.0,0.0,0.0,1.0,1.0,0.0,0.0,0.0,0.0,2.0,0.0,,0.0,0.0,0.0,0.0,19.0,0,0,0,0,0,0,2024-09-07,2024,1,0,0,0,0,0,0,0,0,0,0,0,0,0,0,0,0,0,0,0,0,0,0,0,0,0,0,0,0,0,0,0.0,0.0,0.0,0.0,0.0,0.0,0.0,0.0,0.0,0.0,0.0,0.0,0.0,5.883322388488279,362.6938989547866,13733.455392160724
,9/7/24,Sat,0.791666667,7:00p,Alabama,South Florida,2.58M,2580.0,Alabama,42.0,16.0,0.0,1.0,0,0.0,0.0,0.0,0.0,0.0,0.0,0.0,0.0,0.0,0.0,0.0,0.0,0,0,0.0,0.0,0.0,33.5,1.0,0.0,0.0,,,,,26.0,-33.5,1.0,0.0,0.0,0.0,0.0,0.0,0.0,0.0,0.0,1.0,0.0,0.0,,1.0,0.0,0.0,0.0,19.0,0,0,0,0,0,0,2024-09-07,2024,1,0,0,0,0,0,0,0,0,0,0,0,0,0,0,0,0,0,0,0,0,0,0,0,0,0,0,0,0,0,0,0.0,0.0,0.0,0.0,0.0,0.0,0.0,0.0,0.0,0.0,0.0,0.0,0.0,7.855932199718614,2013.0081550774844,12083.141136038026
,9/7/24,Sat,0.791666667,7:00p,Illinois,Kansas,841K,841.0,Illinois,23.0,17.0,1.0,0.0,1,0.0,1.0,0.0,0.0,0.0,0.0,0.0,0.0,0.0,0.0,0.0,0.0,0,0,0.0,0.0,0.0,4.5,1.0,1.0,0.0,,,,,6.0,4.5,0.0,0.0,1.0,0.0,0.0,0.0,0.0,1.0,1.0,0.0,0.0,1.0,,0.0,0.0,0.0,1.0,19.0,0,0,0,0,0,0,2024-09-07,2024,1,0,0,0,0,0,0,0,0,0,0,0,0,0,0,0,0,0,0,0,0,0,0,0,0,0,0,0,0,0,0,0.0,0.0,0.0,0.0,0.0,0.0,0.0,0.0,0.0,0.0,0.0,0.0,0.0,6.7357800142423265,656.6949194471534,13439.454371668358
,9/7/24,Sat,0.8125,7:30p,Ohio St.,Western Michigan,1.72M,1720.0,Ohio State,56.0,0.0,0.0,1.0,1,0.0,0.0,0.0,0.0,0.0,0.0,0.0,0.0,0.0,0.0,1.0,0.0,0,0,0.0,0.0,0.0,37.5,1.0,0.0,0.0,,,,,56.0,-37.5,0.0,0.0,1.0,0.0,0.0,0.0,0.0,0.0,0.0,0.0,0.0,1.0,,1.0,0.0,0.0,0.0,19.5,0,0,0,0,0,0,2024-09-07,2024,1,0,0,0,0,0,0,0,0,0,0,0,0,0,0,0,0,0,0,0,0,0,0,0,0,0,0,0,0,0,1,0.0,0.0,0.0,0.0,0.0,0.0,0.0,0.0,0.0,0.0,0.0,0.0,0.0,7.450660796211539,1557.3228763997893,12538.826414715722
,9/7/24,Sat,0.8125,7:30p,North Carolina St.,Tennessee,2.96M,2960.0,Tennessee,51.0,10.0,2.0,0.0,0,0.0,0.0,0.0,0.0,0.0,1.0,0.0,0.0,0.0,0.0,0.0,0.0,0,0,0.0,0.0,0.0,10.0,1.0,0.0,0.0,,,,,41.0,10.0,0.0,1.0,0.0,0.0,1.0,0.0,0.0,0.0,0.0,1.0,1.0,0.0,,0.0,0.0,1.0,1.0,19.5,0,0,0,0,0,0,2024-09-07,2024,1,0,0,0,0,0,0,0,0,0,0,0,0,0,0,0,0,0,0,0,0,0,0,0,0,1,0,0,0,0,0,0.0,0.0,0.0,0.0,0.0,0.0,0.0,0.0,0.0,0.0,0.0,0.0,0.0,7.993282328101591,4360.588110547093,9735.56118056842
,9/7/24,Sat,0.8125,7:30p,Vanderbilt,Alcorn State,17K,17.0,Vanderbilt,55.0,0.0,0.0,0.0,0,0.0,0.0,0.0,0.0,0.0,0.0,0.0,1.0,0.0,0.0,0.0,0.0,0,0,0.0,0.0,0.0,32.5,1.0,0.0,0.0,,,,,55.0,-32.5,1.0,0.0,0.0,0.0,0.0,0.0,0.0,0.0,0.0,1.0,0.0,0.0,,0.0,0.0,0.0,0.0,19.5,0,0,0,0,0,0,2024-09-07,2024,1,0,0,0,0,0,0,0,0,0,0,0,0,0,0,0,0,0,0,0,0,0,0,0,0,0,0,0,0,0,0,0.0,0.0,0.0,0.0,0.0,0.0,0.0,0.0,0.0,0.0,0.0,0.0,0.0,2.8903717578961645,69.44275928825522,14026.706531827258
,9/7/24,Sat,0.8125,7:30p,Nebraska,Colorado,5.67M,5670.0,Nebraska,28.0,10.0,0.0,0.0,0,0.0,0.0,0.0,1.0,0.0,0.0,0.0,0.0,0.0,0.0,0.0,0.0,0,0,0.0,0.0,0.0,6.5,1.0,1.0,0.0,,,,,18.0,-6.5,0.0,0.0,1.0,0.0,0.0,0.0,0.0,1.0,1.0,0.0,0.0,1.0,,0.0,0.0,0.0,0.0,19.5,0,0,0,0,0,0,2024-09-07,2024,1,1,0,0,0,0,0,0,0,0,0,0,0,0,0,0,0,0,0,0,0,0,0,0,0,0,0,0,0,0,0,0.0,0.0,0.0,0.0,0.0,0.0,0.0,0.0,0.0,0.0,0.0,0.0,0.0,8.643120748014027,5076.3985714009505,9019.750719714562
,9/7/24,Sat,0.927083333,10:15p,New Mexico St.,Liberty,160K,160.0,Liberty,30.0,24.0,0.0,0.0,0,0.0,0.0,1.0,0.0,0.0,0.0,0.0,0.0,0.0,0.0,0.0,0.0,0,0,0.0,0.0,0.0,22.5,0.0,0.0,0.0,,,,,6.0,22.5,0.0,0.0,0.0,0.0,0.0,0.0,0.0,0.0,0.0,0.0,0.0,0.0,,0.0,0.0,0.0,0.0,22.25,0,0,0,0,0,1,2024-09-07,2024,1,0,0,0,0,0,0,0,0,0,0,0,0,0,0,0,0,0,0,0,0,0,0,0,0,0,0,0,0,0,0,0.0,0.0,0.0,0.0,0.0,0.0,0.0,0.0,0.0,0.0,0.0,0.0,0.0,5.081404364984463,308.90664894781014,1650.7767449381402
,9/7/24,Sat,0.9375,10:30p,Arizona St.,Mississippi St.,954K,954.0,Arizona State,30.0,23.0,0.0,0.0,0,0.0,0.0,0.0,0.0,0.0,0.0,0.0,0.0,0.0,0.0,0.0,0.0,0,1,0.0,0.0,0.0,6.5,1.0,1.0,0.0,,,,,7.0,-6.5,0.0,1.0,0.0,0.0,0.0,0.0,1.0,0.0,1.0,1.0,0.0,0.0,,0.0,0.0,0.0,0.0,22.5,0,0,0,0,0,1,2024-09-07,2024,1,0,0,0,0,0,0,0,0,0,0,0,0,0,0,0,0,0,0,0,0,0,0,0,0,0,0,0,0,0,0,0.0,0.0,0.0,0.0,0.0,0.0,0.0,0.0,0.0,0.0,0.0,0.0,0.0,6.86171134048073,1152.7666473673785,806.9167465185718
,9/7/24,Sat,0.958333333,11:00p,USC,Utah St.,589K,589.0,USC,48.0,0.0,1.0,0.0,0,0.0,0.0,0.0,0.0,0.0,0.0,0.0,0.0,0.0,0.0,1.0,0.0,0,1,0.0,0.0,0.0,30.5,1.0,0.0,0.0,,,,,48.0,-30.5,0.0,0.0,1.0,0.0,0.0,0.0,0.0,0.0,0.0,0.0,0.0,1.0,,0.0,0.0,0.0,0.0,23.0,0,0,0,0,0,1,2024-09-07,2024,1,0,0,0,0,0,0,0,0,0,0,0,0,0,0,0,0,0,0,0,0,0,0,0,0,0,0,0,0,0,0,0.0,0.0,0.0,0.0,0.0,0.0,0.0,0.0,0.0,0.0,0.0,0.0,0.0,6.380122536899765,498.0100975707617,1461.6732963151885
,9/12/24,Thu,0.8125,7:30p,Texas St.,Arizona St.,993K,993.0,Arizona State,31.0,28.0,0.0,0.0,0,0.0,0.0,0.0,0.0,0.0,0.0,0.0,0.0,0.0,0.0,0.0,0.0,0,0,0.0,0.0,1.0,2.5,0.0,1.0,0.0,,,,,3.0,-2.5,0.0,0.0,0.0,0.0,0.0,0.0,0.0,1.0,1.0,0.0,0.0,0.0,,0.0,0.0,0.0,0.0,19.5,0,1,0,0,0,0,2024-09-12,2024,1,0,0,0,0,0,0,0,0,0,0,0,0,0,0,0,0,0,0,0,0,0,0,0,0,0,0,0,0,0,0,0.0,0.0,0.0,0.0,0.0,0.0,0.0,0.0,0.0,0.0,0.0,0.0,0.0,6.901737206656574,653.4963207691864,0.0
,9/13/24,Fri,0.791666667,7:00p,Kansas,UNLV,1.32M,1320.0,UNLV,23.0,20.0,0.0,0.0,0,0.0,0.0,0.0,0.0,0.0,0.0,0.0,0.0,0.0,0.0,0.0,0.0,0,0,0.0,0.0,1.0,7.0,0.0,1.0,0.0,,,,,3.0,-7.0,0.0,0.0,0.0,0.0,0.0,0.0,1.0,0.0,1.0,0.0,0.0,0.0,,0.0,0.0,0.0,0.0,19.0,0,0,1,0,0,0,2024-09-13,2024,1,0,0,0,0,0,0,0,0,0,0,0,0,0,0,0,0,0,0,0,0,0,0,0,0,0,0,0,0,0,0,0.0,0.0,0.0,0.0,0.0,0.0,0.0,0.0,0.0,0.0,0.0,0.0,1.0,7.186144304522325,1177.8815370419845,2759.9218055179526
,9/13/24,Fri,0.833333333,8:00p,Kansas St.,Arizona,2.58M,2580.0,Kansas State,31.0,7.0,2.0,0.0,0,1.0,0.0,0.0,0.0,0.0,0.0,0.0,0.0,0.0,0.0,0.0,0.0,0,0,0.0,0.0,1.0,7.0,0.0,2.0,0.0,,,,,24.0,-7.0,0.0,0.0,0.0,0.0,0.0,0.0,1.0,1.0,2.0,0.0,0.0,0.0,,0.0,0.0,0.0,0.0,20.0,0,0,1,0,0,0,2024-09-13,2024,1,0,0,0,0,0,0,0,0,0,0,0,0,0,0,0,0,0,0,0,0,0,0,0,0,1,0,0,0,1,0,1.0,0.0,0.0,0.0,0.0,0.0,0.0,0.0,0.0,0.0,0.0,0.0,0.0,7.855932199718614,2759.9218055179526,1177.8815370419845
,9/14/24,Sat,0.5,12:00p,South Carolina,LSU,4.94M,4940.0,LSU,36.0,33.0,1.0,0.0,0,0.0,0.0,0.0,0.0,0.0,1.0,0.0,0.0,0.0,0.0,0.0,0.0,1,0,0.0,0.0,0.0,7.0,2.0,0.0,0.0,,,,,3.0,7.0,1.0,1.0,0.0,0.0,0.0,0.0,0.0,0.0,0.0,2.0,0.0,0.0,,0.0,0.0,0.0,1.0,12.0,0,0,0,1,0,0,2024-09-14,2024,1,0,0,0,0,0,0,0,0,0,0,0,0,0,0,0,0,0,0,0,0,0,0,0,0,0,0,0,0,0,0,0.0,0.0,0.0,0.0,0.0,0.0,0.0,0.0,0.0,0.0,0.0,0.0,0.0,8.50532301884575,4471.395050729621,8501.813078001189
,9/14/24,Sat,0.5,12:00p,Miami Ohio,Cincinnati,51K,51.0,Cincinnati,27.0,16.0,0.0,0.0,0,0.0,0.0,0.0,0.0,0.0,0.0,0.0,1.0,0.0,0.0,0.0,0.0,1,0,0.0,0.0,0.0,3.5,0.0,1.0,0.0,,,,,11.0,3.5,0.0,0.0,0.0,0.0,0.0,0.0,0.0,1.0,1.0,0.0,0.0,0.0,,0.0,0.0,0.0,0.0,12.0,0,0,0,1,0,0,2024-09-14,2024,1,0,0,0,0,0,0,0,0,0,0,0,0,0,0,0,0,0,0,0,0,0,0,0,0,0,0,0,0,0,0,0.0,0.0,0.0,0.0,0.0,0.0,0.0,0.0,0.0,0.0,0.0,0.0,0.0,3.9512437185814275,85.52028991424615,12887.687838816564
,9/14/24,Sat,0.5,12:00p,Michigan,Arkansas St.,979K,979.0,Michigan,28.0,18.0,1.0,0.0,1,0.0,0.0,0.0,0.0,0.0,0.0,0.0,0.0,0.0,0.0,1.0,0.0,1,0,0.0,0.0,0.0,22.0,1.0,0.0,0.0,,,,,10.0,-22.0,0.0,0.0,1.0,0.0,0.0,0.0,0.0,0.0,0.0,0.0,0.0,1.0,,0.0,0.0,0.0,1.0,12.0,0,0,0,1,0,0,2024-09-14,2024,1,0,0,0,0,0,0,0,0,0,0,0,0,0,0,0,0,0,0,0,0,0,0,0,0,0,0,0,0,0,0,0.0,0.0,0.0,0.0,0.0,0.0,0.0,0.0,0.0,0.0,0.0,0.0,0.0,6.887552571664617,486.1340218701892,12487.07410686062
,9/14/24,Sat,0.5,12:00p,Texas Tech,North Texas,138K,138.0,Texas Tech,66.0,21.0,0.0,0.0,1,0.0,1.0,0.0,0.0,0.0,0.0,0.0,0.0,0.0,0.0,0.0,0.0,1,0,0.0,0.0,0.0,10.5,0.0,1.0,0.0,,,,,45.0,-10.5,0.0,0.0,0.0,0.0,0.0,0.0,1.0,0.0,1.0,0.0,0.0,0.0,,0.0,0.0,0.0,0.0,12.0,0,0,0,1,0,0,2024-09-14,2024,1,0,0,0,0,0,0,0,0,0,0,0,0,0,0,0,0,0,0,0,0,0,0,0,0,0,0,0,0,0,0,0.0,0.0,0.0,0.0,0.0,0.0,0.0,0.0,0.0,0.0,0.0,0.0,0.0,4.9344739331306915,215.3802547169353,12757.827874013876
,9/14/24,Sat,0.5,12:00p,Florida St.,Memphis,1.59M,1590.0,Memphis,20.0,12.0,0.0,0.0,0,0.0,0.0,0.0,0.0,0.0,0.0,0.0,0.0,0.0,0.0,0.0,0.0,1,0,0.0,0.0,0.0,7.0,0.0,1.0,0.0,,,,,8.0,-7.0,0.0,0.0,0.0,0.0,1.0,0.0,0.0,0.0,0.0,0.0,1.0,0.0,,0.0,0.0,0.0,0.0,12.0,0,0,0,1,0,0,2024-09-14,2024,1,0,0,0,0,0,0,0,0,0,0,0,0,0,0,0,0,0,0,0,0,0,0,0,0,0,0,0,0,0,0,0.0,0.0,0.0,0.0,0.0,0.0,0.0,0.0,0.0,0.0,0.0,0.0,0.0,7.372118028337787,935.8629912070579,12037.345137523751
,9/14/24,Sat,0.5,12:00p,Wisconsin,Alabama,5.03M,5030.0,Alabama,42.0,10.0,0.0,1.0,0,1.0,0.0,0.0,0.0,0.0,0.0,0.0,0.0,0.0,0.0,0.0,0.0,1,0,0.0,0.0,0.0,15.5,2.0,0.0,0.0,,,,,32.0,15.5,0.0,1.0,1.0,0.0,0.0,0.0,0.0,0.0,0.0,1.0,0.0,1.0,,1.0,0.0,0.0,0.0,12.0,0,0,0,1,0,0,2024-09-14,2024,1,0,0,0,0,0,0,0,0,0,0,0,0,0,0,0,0,0,0,0,0,0,0,0,0,0,0,0,0,0,0,0.0,0.0,0.0,0.0,0.0,0.0,0.0,0.0,0.0,0.0,0.0,0.0,0.0,8.523374050491318,6343.953217368865,6629.254911361944
,9/14/24,Sat,0.5,12:00p,Tulsa,Oklahoma St.,308K,308.0,Oklahoma State,45.0,10.0,1.0,0.0,1,0.0,0.0,1.0,0.0,0.0,0.0,0.0,0.0,0.0,0.0,0.0,0.0,1,0,0.0,0.0,0.0,17.5,0.0,1.0,0.0,,,,,35.0,17.5,0.0,0.0,0.0,0.0,0.0,0.0,0.0,1.0,1.0,0.0,0.0,0.0,,0.0,0.0,1.0,0.0,12.0,0,0,0,1,0,0,2024-09-14,2024,1,0,0,0,0,0,0,0,0,0,0,0,0,0,0,0,0,0,0,0,0,0,0,0,0,0,0,0,0,0,0,0.0,0.0,0.0,0.0,0.0,0.0,0.0,0.0,0.0,0.0,0.0,0.0,0.0,5.733341276897746,434.9623029238947,12538.245825806915
,9/14/24,Sat,0.645833333,3:30p,Pittsburgh,West Virginia,1.15M,1150.0,Pittsburgh,38.0,34.0,0.0,0.0,1,0.0,0.0,1.0,0.0,0.0,0.0,0.0,0.0,0.0,0.0,0.0,0.0,1,0,0.0,0.0,0.0,2.5,0.0,2.0,0.0,,,,,4.0,2.5,0.0,0.0,0.0,0.0,1.0,0.0,0.0,1.0,1.0,0.0,1.0,0.0,,0.0,0.0,0.0,0.0,15.5,0,0,0,0,1,0,2024-09-14,2024,1,0,0,0,0,0,0,0,0,0,0,0,0,0,0,0,0,0,0,0,0,0,0,0,0,0,0,0,0,0,0,0.0,0.0,0.0,0.0,0.0,0.0,0.0,0.0,0.0,0.0,0.0,0.0,0.0,7.048386408721883,657.7477117320686,11370.830153911216
,9/14/24,Sat,0.645833333,3:30p,Purdue,Notre Dame,2.28M,2280.0,Notre Dame,66.0,7.0,1.0,0.0,0,0.0,0.0,0.0,0.0,1.0,0.0,0.0,0.0,0.0,0.0,0.0,0.0,1,0,0.0,0.0,0.0,11.5,1.0,0.0,0.0,,,,,59.0,11.5,0.0,0.0,1.0,0.0,0.0,0.0,0.0,0.0,0.0,0.0,0.0,1.0,,0.0,0.0,0.0,1.0,15.5,0,0,0,0,1,0,2024-09-14,2024,1,0,0,0,0,0,0,0,0,0,0,0,0,0,0,0,0,0,0,0,0,0,0,0,0,0,0,0,0,0,0,0.0,0.0,0.0,0.0,0.0,0.0,0.0,0.0,0.0,0.0,0.0,0.0,0.0,7.732369222284388,2872.5310395923316,9156.046826050953
,9/14/24,Sat,0.645833333,3:30p,Oklahoma,Tulane,1.39M,1390.0,Oklahoma,34.0,19.0,1.0,0.0,0,0.0,0.0,0.0,0.0,0.0,0.0,0.0,0.0,0.0,0.0,0.0,0.0,1,0,0.0,0.0,0.0,13.5,1.0,0.0,0.0,,,,,15.0,-13.5,1.0,0.0,0.0,0.0,0.0,0.0,0.0,0.0,0.0,1.0,0.0,0.0,,0.0,0.0,1.0,0.0,15.5,0,0,0,0,1,0,2024-09-14,2024,1,0,0,0,0,0,0,0,0,0,0,0,0,0,0,0,0,0,0,0,0,0,0,0,0,0,0,0,0,0,0,0.0,0.0,0.0,0.0,0.0,0.0,0.0,0.0,0.0,0.0,0.0,0.0,0.0,7.237778191923443,1183.0577937745677,10845.520071868717
,9/14/24,Sat,0.645833333,3:30p,Florida,Texas A&M,4.8M,4800.0,Texas A&M,33.0,20.0,0.0,0.0,0,0.0,0.0,0.0,0.0,0.0,1.0,0.0,0.0,0.0,0.0,0.0,0.0,1,0,0.0,0.0,0.0,4.5,2.0,0.0,0.0,,,,,13.0,4.5,1.0,1.0,0.0,0.0,0.0,0.0,0.0,0.0,0.0,2.0,0.0,0.0,,0.0,0.0,0.0,0.0,15.5,0,0,0,0,1,0,2024-09-14,2024,1,0,0,0,0,0,0,0,0,0,0,0,0,0,0,0,0,0,0,0,0,0,0,0,0,0,0,0,0,0,0,0.0,0.0,0.0,0.0,0.0,0.0,0.0,0.0,0.0,0.0,0.0,0.0,0.0,8.476579508530941,4188.882256113101,7839.695609530185
,9/14/24,Sat,0.645833333,3:30p,Oregon St.,Oregon,2.82M,2820.0,Oregon,49.0,14.0,0.0,1.0,0,1.0,0.0,0.0,0.0,0.0,0.0,0.0,0.0,0.0,0.0,0.0,0.0,1,0,0.0,0.0,0.0,16.0,1.0,0.0,0.0,,,,,35.0,16.0,0.0,0.0,0.0,1.0,0.0,0.0,0.0,0.0,0.0,0.0,0.0,1.0,,0.0,1.0,0.0,0.0,15.5,0,0,0,0,1,0,2024-09-14,2024,1,0,0,0,0,0,0,0,0,0,0,0,0,0,0,0,1,0,0,0,0,0,0,0,0,0,0,0,0,0,0,0.0,0.0,0.0,0.0,0.0,0.0,0.0,0.0,0.0,0.0,0.0,0.0,0.0,7.944846711001996,2760.5414494856423,9268.036416157642
,9/14/24,Sat,0.645833333,3:30p,East Carolina,Appalachian St.,81K,81.0,App State,21.0,19.0,0.0,0.0,0,0.0,0.0,0.0,0.0,0.0,0.0,0.0,1.0,0.0,0.0,0.0,0.0,1,0,0.0,0.0,0.0,0.5,0.0,0.0,0.0,,,,,2.0,-0.5,0.0,0.0,0.0,0.0,0.0,0.0,0.0,0.0,0.0,0.0,0.0,0.0,,0.0,0.0,0.0,0.0,15.5,0,0,0,0,1,0,2024-09-14,2024,1,0,0,0,0,0,0,0,0,0,0,0,0,0,0,0,0,0,0,0,0,0,0,0,0,0,0,0,0,0,0,0.0,0.0,0.0,0.0,0.0,0.0,0.0,0.0,0.0,0.0,0.0,0.0,0.0,4.406719247264253,93.98850250709324,11934.58936313619
,9/14/24,Sat,0.645833333,3:30p,Iowa,Troy,446K,446.0,Iowa,38.0,21.0,0.0,0.0,1,0.0,1.0,0.0,0.0,0.0,0.0,0.0,0.0,0.0,0.0,0.0,0.0,1,0,0.0,0.0,0.0,23.5,1.0,0.0,0.0,,,,,17.0,-23.5,0.0,0.0,1.0,0.0,0.0,0.0,0.0,0.0,0.0,0.0,0.0,1.0,,0.0,0.0,0.0,0.0,15.5,0,0,0,0,1,0,2024-09-14,2024,1,0,0,0,0,0,0,0,0,0,0,0,0,0,0,0,0,0,0,0,0,0,0,0,0,0,0,0,0,0,0,0.0,0.0,0.0,0.0,0.0,0.0,0.0,0.0,0.0,0.0,0.0,0.0,0.0,6.102558594613569,271.8291124384815,11756.748753204802
,9/14/24,Sat,0.770833333,6:30p,Wake Forest,Mississippi,419K,419.0,Ole Miss,40.0,6.0,0.0,1.0,2,0.0,0.0,0.0,0.0,0.0,0.0,1.0,0.0,0.0,0.0,0.0,0.0,1,0,0.0,0.0,0.0,20.5,1.0,1.0,0.0,,,,,34.0,20.5,0.0,1.0,0.0,0.0,1.0,0.0,0.0,0.0,0.0,1.0,1.0,0.0,,1.0,0.0,0.0,0.0,18.5,0,0,0,0,0,0,2024-09-14,2024,1,0,0,0,0,0,0,0,0,0,0,0,0,0,0,0,0,0,0,0,0,0,0,0,0,0,0,0,0,0,0,0.0,0.0,0.0,0.0,0.0,0.0,0.0,0.0,0.0,0.0,0.0,0.0,0.0,6.040254711277414,650.8975319263363,9831.737815335782
,9/14/24,Sat,0.791666667,7:00p,Texas,UTSA,1.48M,1480.0,Texas,56.0,7.0,0.0,1.0,1,0.0,0.0,0.0,0.0,0.0,0.0,0.0,0.0,0.0,0.0,0.0,0.0,0,0,0.0,0.0,0.0,36.5,1.0,0.0,0.0,,,,,49.0,-36.5,1.0,0.0,0.0,0.0,0.0,0.0,0.0,0.0,0.0,1.0,0.0,0.0,,1.0,0.0,0.0,0.0,19.0,0,0,0,0,0,0,2024-09-14,2024,1,0,0,0,0,0,0,0,0,0,0,0,0,0,0,0,0,0,0,0,0,0,0,0,0,0,0,0,0,0,0,0.0,0.0,0.0,0.0,0.0,0.0,0.0,0.0,0.0,0.0,0.0,0.0,0.0,7.300472814267799,1322.2106718823761,11957.600672112852
,9/14/24,Sat,0.8125,7:30p,Mississippi St.,Toledo,69K,69.0,Toledo,41.0,17.0,0.0,0.0,1,0.0,0.0,0.0,0.0,0.0,0.0,0.0,1.0,0.0,0.0,0.0,0.0,0,0,0.0,0.0,0.0,10.5,1.0,0.0,0.0,,,,,24.0,-10.5,1.0,0.0,0.0,0.0,0.0,0.0,0.0,0.0,0.0,1.0,0.0,0.0,,0.0,0.0,0.0,0.0,19.5,0,0,0,0,0,0,2024-09-14,2024,1,0,0,0,0,0,0,0,0,0,0,0,0,0,0,0,0,0,0,0,0,0,0,0,0,0,0,0,0,0,0,0.0,0.0,0.0,0.0,0.0,0.0,0.0,0.0,0.0,0.0,0.0,0.0,0.0,4.248495242049359,94.62441573666082,13185.186928258567
,9/14/24,Sat,0.8125,7:30p,Auburn,New Mexico,662K,662.0,Auburn,45.0,19.0,0.0,0.0,2,0.0,0.0,1.0,0.0,0.0,0.0,0.0,0.0,0.0,0.0,0.0,0.0,0,0,0.0,0.0,0.0,25.5,1.0,0.0,0.0,,,,,26.0,-25.5,1.0,0.0,0.0,0.0,0.0,0.0,0.0,0.0,0.0,1.0,0.0,0.0,,0.0,0.0,0.0,0.0,19.5,0,0,0,0,0,0,2024-09-14,2024,1,0,0,0,0,0,0,0,0,0,0,0,0,0,0,0,0,0,0,0,0,0,0,0,0,0,0,0,0,0,0,0.0,0.0,0.0,0.0,0.0,0.0,0.0,0.0,0.0,0.0,0.0,0.0,0.0,6.4967749901858625,445.0654521668112,12834.745891828417
,9/14/24,Sat,0.8125,7:30p,Baylor,Air Force,128K,128.0,Baylor,31.0,3.0,0.0,0.0,2,0.0,1.0,0.0,0.0,0.0,0.0,0.0,0.0,0.0,0.0,0.0,0.0,0,0,0.0,0.0,0.0,17.5,0.0,1.0,0.0,,,,,28.0,-17.5,0.0,0.0,0.0,0.0,0.0,0.0,1.0,0.0,1.0,0.0,0.0,0.0,,0.0,0.0,0.0,0.0,19.5,0,0,0,0,0,0,2024-09-14,2024,1,0,0,0,0,0,0,0,0,0,0,0,0,0,0,0,0,0,0,0,0,0,0,0,0,0,0,0,0,0,0,0.0,0.0,0.0,0.0,0.0,0.0,0.0,0.0,0.0,0.0,0.0,0.0,0.0,4.859812404361672,248.6017417213747,13031.209602273853
,9/14/24,Sat,0.8125,7:30p,UCLA,Indiana,1.29M,1290.0,Indiana,42.0,13.0,0.0,0.0,1,0.0,0.0,0.0,1.0,0.0,0.0,0.0,0.0,0.0,0.0,0.0,0.0,0,0,0.0,0.0,0.0,3.5,2.0,0.0,0.0,,,,,29.0,3.5,0.0,0.0,1.0,1.0,0.0,0.0,0.0,0.0,0.0,0.0,0.0,2.0,,0.0,0.0,0.0,0.0,19.5,0,0,0,0,0,0,2024-09-14,2024,1,0,0,0,0,0,0,0,0,0,0,0,0,0,0,0,0,0,0,0,0,0,0,0,0,0,0,0,0,0,0,0.0,0.0,0.0,0.0,0.0,0.0,0.0,0.0,0.0,0.0,0.0,0.0,0.0,7.1631723908466425,1220.39005743219,12059.421286563038
,9/14/24,Sat,0.8125,7:30p,Kentucky,Georgia,6.6M,6600.0,Georgia,13.0,12.0,0.0,1.0,1,0.0,0.0,0.0,0.0,0.0,1.0,0.0,0.0,0.0,0.0,0.0,0.0,0,0,0.0,0.0,0.0,24.0,2.0,0.0,0.0,,,,,1.0,24.0,1.0,1.0,0.0,0.0,0.0,0.0,0.0,0.0,0.0,2.0,0.0,0.0,,1.0,0.0,0.0,0.0,19.5,0,0,0,0,0,0,2024-09-14,2024,1,0,0,0,0,0,0,0,0,0,0,0,0,0,0,0,0,0,0,0,0,0,0,0,0,0,0,0,0,0,0,0.0,0.0,0.0,0.0,0.0,0.0,0.0,0.0,0.0,0.0,0.0,0.0,0.0,8.79497643168877,5161.941013493958,8117.8703305012705
,9/14/24,Sat,0.833333333,8:00p,Colorado St.,Colorado,3.25M,3250.0,Colorado,28.0,9.0,0.0,0.0,1,0.0,0.0,0.0,0.0,1.0,0.0,0.0,0.0,0.0,0.0,0.0,0.0,0,0,0.0,0.0,0.0,7.5,0.0,1.0,0.0,,,,,19.0,7.5,0.0,0.0,0.0,0.0,0.0,0.0,0.0,1.0,1.0,0.0,0.0,0.0,,0.0,0.0,0.0,0.0,20.0,0,0,0,0,0,0,2024-09-14,2024,1,1,0,0,0,0,0,0,0,0,0,0,0,0,0,0,0,0,0,0,0,0,0,0,0,0,0,0,0,0,0,0.0,0.0,0.0,0.0,0.0,0.0,0.0,0.0,0.0,0.0,0.0,0.0,0.0,8.086717920303906,2797.17599673311,9831.737815335782
,9/14/24,Sat,0.8125,7:30p,TCU,UCF,1.03M,1030.0,UCF,35.0,34.0,0.0,0.0,1,1.0,0.0,0.0,0.0,0.0,0.0,0.0,0.0,0.0,0.0,0.0,0.0,0,0,0.0,0.0,0.0,1.5,0.0,2.0,0.0,,,,,1.0,-1.5,0.0,0.0,0.0,0.0,0.0,0.0,1.0,1.0,2.0,0.0,0.0,0.0,,0.0,0.0,0.0,0.0,19.5,0,0,0,0,0,0,2024-09-14,2024,1,0,0,0,0,0,0,0,0,0,0,0,0,0,0,0,0,0,0,0,0,0,0,0,0,0,0,0,0,0,0,0.0,0.0,0.0,0.0,0.0,0.0,0.0,0.0,0.0,0.0,0.0,0.0,0.0,6.93828448401696,1338.9044629024106,11940.906881092817
,9/14/24,Sat,0.9375,10:30p,California,San Diego St.,938K,938.0,California,31.0,10.0,0.0,0.0,0,0.0,0.0,0.0,0.0,0.0,0.0,0.0,0.0,0.0,0.0,0.0,0.0,0,1,0.0,0.0,0.0,18.5,0.0,1.0,0.0,,,,,21.0,-18.5,0.0,0.0,0.0,0.0,1.0,0.0,0.0,0.0,0.0,0.0,1.0,0.0,,0.0,0.0,0.0,0.0,22.5,0,0,0,0,0,1,2024-09-14,2024,1,0,0,0,0,0,0,0,0,0,0,0,0,0,0,0,0,0,0,0,0,0,0,0,0,0,0,0,0,0,0,0.0,0.0,0.0,0.0,0.0,0.0,0.0,0.0,0.0,0.0,0.0,0.0,0.0,6.844815479208263,583.8358999317325,0.0
,9/19/24,Thu,0.791666667,7:00p,Appalachian St.,South Alabama,629K,629.0,South Alabama,48.0,14.0,0.0,0.0,0,0.0,0.0,0.0,0.0,0.0,0.0,0.0,0.0,0.0,0.0,0.0,0.0,0,0,0.0,0.0,1.0,8.0,0.0,0.0,0.0,,,,,34.0,-8.0,0.0,0.0,0.0,0.0,0.0,0.0,0.0,0.0,0.0,0.0,0.0,0.0,,0.0,0.0,0.0,0.0,19.0,0,1,0,0,0,0,2024-09-19,2024,1,0,0,0,0,0,0,0,0,0,0,0,0,0,0,0,0,0,0,0,0,0,0,0,0,0,0,0,0,0,0,0.0,0.0,0.0,0.0,0.0,0.0,0.0,0.0,0.0,0.0,0.0,0.0,0.0,6.4457198193855785,892.4669255596638,0.0
,9/20/24,Fri,0.8125,7:30p,Syracuse,Stanford,1.37M,1370.0,Stanford,26.0,24.0,0.0,0.0,0,0.0,0.0,0.0,0.0,0.0,0.0,0.0,0.0,0.0,0.0,0.0,0.0,0,0,0.0,0.0,1.0,9.5,0.0,2.0,0.0,,,,,2.0,-9.5,0.0,0.0,0.0,0.0,1.0,1.0,0.0,0.0,0.0,0.0,2.0,0.0,,0.0,0.0,0.0,0.0,19.5,0,0,1,0,0,0,2024-09-20,2024,1,0,0,0,0,0,0,0,0,0,0,0,0,0,0,0,0,0,0,0,0,0,0,0,0,0,0,0,0,0,0,0.0,0.0,0.0,0.0,0.0,0.0,0.0,0.0,0.0,0.0,0.0,0.0,1.0,7.223295679562314,1303.5260424451003,4611.981327435997
,9/20/24,Fri,0.833333333,8:00p,Nebraska,Illinois,4.21M,4210.0,Illinois,31.0,24.0,2.0,0.0,0,1.0,0.0,0.0,0.0,0.0,0.0,0.0,0.0,0.0,0.0,0.0,0.0,0,0,0.0,0.0,1.0,9.5,2.0,0.0,0.0,,,,,7.0,-9.5,0.0,0.0,1.0,1.0,0.0,0.0,0.0,0.0,0.0,0.0,0.0,2.0,,0.0,0.0,0.0,0.0,20.0,0,0,1,0,0,0,2024-09-20,2024,1,0,0,0,0,0,0,0,0,0,0,0,0,0,0,0,0,0,0,0,0,0,0,0,0,1,0,1,0,0,0,1.0,0.0,0.0,0.0,0.0,0.0,0.0,0.0,0.0,0.0,0.0,0.0,0.0,8.345455428161928,4611.981327435997,1303.5260424451003
,9/20/24,Fri,0.916666667,10:00p,Washington St.,San Jose St.,542K,542.0,Washington State,54.0,52.0,0.0,0.0,0,0.0,0.0,0.0,0.0,0.0,0.0,1.0,0.0,0.0,0.0,0.0,0.0,0,0,0.0,0.0,1.0,13.0,0.0,0.0,0.0,,,,,2.0,-13.0,0.0,0.0,0.0,0.0,0.0,0.0,0.0,0.0,0.0,0.0,0.0,0.0,,0.0,0.0,0.0,0.0,22.0,0,0,1,0,0,0,2024-09-20,2024,1,0,0,0,0,0,0,0,0,0,0,0,0,0,0,0,0,0,0,0,0,0,0,0,0,0,0,0,0,0,0,0.0,0.0,0.0,0.0,0.0,0.0,1.0,0.0,0.0,0.0,0.0,0.0,0.0,6.297109319933935,576.1100480070697,0.0
,9/21/24,Sat,0.5,12:00p,Ohio St.,Marshall,3.96M,3960.0,Ohio State,49.0,14.0,0.0,1.0,0,1.0,0.0,0.0,0.0,0.0,0.0,0.0,0.0,0.0,0.0,0.0,0.0,1,0,0.0,0.0,0.0,40.0,1.0,0.0,0.0,,,,,35.0,-40.0,0.0,0.0,1.0,0.0,0.0,0.0,0.0,0.0,0.0,0.0,0.0,1.0,,1.0,0.0,0.0,0.0,12.0,0,0,0,1,0,0,2024-09-21,2024,1,0,0,0,0,0,0,0,0,0,0,0,0,0,0,0,0,0,0,0,0,0,0,0,0,0,0,0,0,0,0,0.0,0.0,0.0,0.0,0.0,0.0,0.0,0.0,0.0,0.0,0.0,0.0,0.0,8.284251797621916,2607.9276518313945,5899.209749009144
,9/21/24,Sat,0.5,12:00p,West Virginia,Kansas,1.15M,1150.0,West Virginia,32.0,28.0,0.0,0.0,1,0.0,0.0,1.0,0.0,0.0,0.0,0.0,0.0,0.0,0.0,0.0,0.0,1,0,0.0,0.0,0.0,1.5,0.0,2.0,0.0,,,,,4.0,-1.5,0.0,0.0,0.0,0.0,0.0,0.0,1.0,1.0,2.0,0.0,0.0,0.0,,0.0,0.0,0.0,0.0,12.0,0,0,0,1,0,0,2024-09-21,2024,1,0,0,0,0,0,0,0,0,0,0,0,0,0,0,0,0,0,0,0,0,0,0,0,0,0,0,0,0,0,0,0.0,0.0,0.0,0.0,0.0,0.0,0.0,0.0,0.0,0.0,0.0,0.0,0.0,7.048386408721883,704.3145885537185,7802.82281228682
,9/21/24,Sat,0.5,12:00p,Louisiana,Tulane,86K,86.0,Tulane,41.0,33.0,0.0,0.0,0,0.0,0.0,0.0,0.0,0.0,0.0,0.0,1.0,0.0,0.0,0.0,0.0,1,0,0.0,0.0,0.0,1.5,0.0,0.0,0.0,,,,,8.0,1.5,0.0,0.0,0.0,0.0,0.0,0.0,0.0,0.0,0.0,0.0,0.0,0.0,,0.0,0.0,0.0,0.0,12.0,0,0,0,1,0,0,2024-09-21,2024,1,0,0,0,0,0,0,0,0,0,0,0,0,0,0,0,0,0,0,0,0,0,0,0,0,0,0,0,0,0,0,0.0,0.0,0.0,0.0,0.0,0.0,0.0,0.0,0.0,0.0,0.0,0.0,0.0,4.465908118654584,49.93772776753552,8457.199673073002
,9/21/24,Sat,0.5,12:00p,Mississippi St.,Florida,2.64M,2640.0,Florida,45.0,28.0,0.0,0.0,0,0.0,0.0,0.0,0.0,0.0,0.0,0.0,0.0,0.0,0.0,0.0,0.0,1,0,0.0,0.0,0.0,6.5,2.0,0.0,0.0,,,,,17.0,6.5,1.0,1.0,0.0,0.0,0.0,0.0,0.0,0.0,0.0,2.0,0.0,0.0,,0.0,0.0,0.0,0.0,12.0,0,0,0,1,0,0,2024-09-21,2024,1,0,0,0,0,0,0,0,0,0,0,0,0,0,0,0,0,0,0,0,0,0,0,0,0,0,0,0,0,0,0,0.0,0.0,0.0,0.0,0.0,0.0,0.0,0.0,0.0,0.0,0.0,0.0,0.0,7.878912912297133,2018.9791143926943,6488.158286447844
,9/21/24,Sat,0.5,12:00p,Cincinnati,Houston,195K,195.0,Cincinnati,34.0,0.0,0.0,0.0,1,0.0,1.0,0.0,0.0,0.0,0.0,0.0,0.0,0.0,0.0,0.0,0.0,1,0,0.0,0.0,0.0,4.0,0.0,2.0,0.0,,,,,34.0,-4.0,0.0,0.0,0.0,0.0,0.0,0.0,1.0,1.0,2.0,0.0,0.0,0.0,,0.0,0.0,0.0,0.0,12.0,0,0,0,1,0,0,2024-09-21,2024,1,0,0,0,0,0,0,0,0,0,0,0,0,0,0,0,0,0,0,0,0,0,0,0,0,0,0,0,0,0,0,0.0,0.0,0.0,0.0,0.0,0.0,0.0,0.0,0.0,0.0,0.0,0.0,0.0,5.278114659230517,306.8912668406074,8200.246133999932
,9/21/24,Sat,0.5,12:00p,Clemson,North Carolina St.,1.95M,1950.0,Clemson,59.0,35.0,1.0,0.0,0,0.0,0.0,0.0,0.0,0.0,1.0,0.0,0.0,0.0,0.0,0.0,0.0,1,0,0.0,0.0,0.0,17.0,0.0,1.0,0.0,,,,,24.0,-17.0,0.0,0.0,0.0,0.0,1.0,1.0,0.0,0.0,0.0,0.0,2.0,0.0,,0.0,0.0,0.0,1.0,12.0,0,0,0,1,0,0,2024-09-21,2024,1,0,0,0,0,0,0,0,0,0,0,0,0,0,0,0,0,0,0,0,0,0,0,0,0,0,0,0,0,0,0,0.0,0.0,0.0,0.0,0.0,0.0,0.0,0.0,0.0,0.0,0.0,0.0,0.0,7.576097340623111,2819.087051454588,5688.0503493859505
,9/21/24,Sat,0.645833333,3:30p,Notre Dame,Miami Ohio,1.69M,1690.0,Notre Dame,28.0,3.0,1.0,0.0,0,0.0,0.0,0.0,1.0,0.0,0.0,0.0,0.0,0.0,0.0,0.0,0.0,1,0,0.0,0.0,0.0,27.5,0.0,0.0,0.0,,,,,25.0,-27.5,0.0,0.0,0.0,0.0,0.0,0.0,0.0,0.0,0.0,0.0,0.0,0.0,,0.0,0.0,0.0,0.0,15.5,0,0,0,0,1,0,2024-09-21,2024,1,0,0,0,0,0,0,0,0,0,0,0,0,0,0,0,0,0,0,0,0,0,0,0,0,0,0,0,0,0,0,0.0,0.0,0.0,0.0,0.0,0.0,0.0,0.0,0.0,0.0,0.0,0.0,0.0,7.43307534889858,1576.9754591450906,14749.438379241183
,9/21/24,Sat,0.645833333,3:30p,Auburn,Arkansas,2.02M,2020.0,Arkansas,24.0,14.0,0.0,0.0,0,0.0,0.0,0.0,0.0,0.0,0.0,0.0,0.0,0.0,0.0,0.0,0.0,1,0,0.0,0.0,0.0,2.5,2.0,0.0,0.0,,,,,10.0,-2.5,1.0,1.0,0.0,0.0,0.0,0.0,0.0,0.0,0.0,2.0,0.0,0.0,,0.0,0.0,0.0,0.0,15.5,0,0,0,0,1,0,2024-09-21,2024,1,0,0,0,0,0,0,0,0,0,0,0,0,0,0,0,0,0,0,0,0,0,0,0,0,0,0,0,0,0,0,0.0,0.0,0.0,0.0,0.0,0.0,0.0,0.0,0.0,0.0,0.0,0.0,0.0,7.611347717403621,1897.0287637572767,14429.385074628997
,9/21/24,Sat,0.645833333,3:30p,Louisville,Georgia Tech,782K,782.0,Louisville,31.0,19.0,1.0,0.0,0,0.0,0.0,1.0,0.0,0.0,0.0,0.0,0.0,0.0,0.0,0.0,0.0,1,0,0.0,0.0,0.0,9.5,0.0,2.0,0.0,,,,,12.0,-9.5,0.0,0.0,0.0,0.0,1.0,1.0,0.0,0.0,0.0,0.0,2.0,0.0,,0.0,0.0,0.0,1.0,15.5,0,0,0,0,1,0,2024-09-21,2024,1,0,0,0,0,0,0,0,0,0,0,0,0,0,0,0,0,0,0,0,0,0,0,0,0,0,0,0,0,0,0,0.0,0.0,0.0,0.0,0.0,0.0,0.0,0.0,0.0,0.0,0.0,0.0,0.0,6.663132695990803,608.6115978480796,15717.802240538194
,9/21/24,Sat,0.645833333,3:30p,Michigan,USC,6.32M,6320.0,Michigan,27.0,24.0,2.0,0.0,0,0.0,0.0,0.0,0.0,1.0,0.0,0.0,0.0,0.0,0.0,0.0,0.0,1,0,0.0,0.0,0.0,4.0,2.0,0.0,0.0,,,,,3.0,4.0,0.0,0.0,1.0,1.0,0.0,0.0,0.0,0.0,0.0,0.0,0.0,2.0,,0.0,0.0,1.0,1.0,15.5,0,0,0,0,1,0,2024-09-21,2024,1,0,0,0,0,0,0,0,0,0,0,0,0,0,0,0,0,0,0,0,0,0,0,0,0,1,0,1,0,0,0,0.0,0.0,0.0,0.0,0.0,0.0,0.0,0.0,0.0,0.0,0.0,0.0,0.0,8.751632702472298,5601.840264633045,10724.573573753229
,9/21/24,Sat,0.645833333,3:30p,Texas Tech,Arizona St.,410K,410.0,Texas Tech,30.0,22.0,0.0,0.0,0,0.0,1.0,0.0,0.0,0.0,0.0,0.0,0.0,0.0,0.0,0.0,0.0,1,0,0.0,0.0,0.0,4.5,0.0,2.0,0.0,,,,,8.0,-4.5,0.0,0.0,0.0,0.0,0.0,0.0,1.0,1.0,2.0,0.0,0.0,0.0,,0.0,0.0,0.0,0.0,15.5,0,0,0,0,1,0,2024-09-21,2024,1,0,0,0,0,0,0,0,0,0,0,0,0,0,0,0,0,0,0,0,0,0,0,0,0,0,0,0,0,0,0,0.0,0.0,0.0,0.0,0.0,0.0,0.0,0.0,0.0,0.0,0.0,0.0,0.0,6.018593214496234,425.81915874616084,15900.594679640113
,9/21/24,Sat,0.645833333,3:30p,Penn St.,Kent St.,434K,434.0,Penn State,56.0,0.0,0.0,1.0,0,0.0,0.0,0.0,0.0,0.0,0.0,0.0,0.0,0.0,0.0,1.0,0.0,1,0,0.0,0.0,0.0,49.0,1.0,0.0,0.0,,,,,56.0,-49.0,0.0,0.0,1.0,0.0,0.0,0.0,0.0,0.0,0.0,0.0,0.0,1.0,,0.0,0.0,0.0,0.0,15.5,0,0,0,0,1,0,2024-09-21,2024,1,0,0,0,0,0,0,0,0,0,0,0,0,0,0,0,0,0,0,0,0,0,0,0,0,0,0,0,0,0,0,0.0,0.0,0.0,0.0,0.0,0.0,0.0,0.0,0.0,0.0,0.0,0.0,0.0,6.075346031088684,614.117949937971,15712.295888448303
,9/21/24,Sat,0.645833333,3:30p,LSU,UCLA,2.73M,2730.0,LSU,34.0,17.0,1.0,0.0,0,0.0,0.0,0.0,0.0,0.0,1.0,0.0,0.0,0.0,0.0,0.0,0.0,1,0,0.0,0.0,0.0,21.5,2.0,0.0,0.0,,,,,17.0,-21.5,1.0,0.0,0.0,1.0,0.0,0.0,0.0,0.0,0.0,1.0,0.0,1.0,,0.0,0.0,0.0,1.0,15.5,0,0,0,0,1,0,2024-09-21,2024,1,0,0,0,0,0,0,0,0,0,0,0,0,0,0,0,0,0,0,0,0,0,0,0,0,0,0,0,0,0,0,0.0,0.0,0.0,0.0,0.0,0.0,0.0,0.0,0.0,0.0,0.0,0.0,0.0,7.912423121473705,3220.526935621888,13105.886902764387
,9/21/24,Sat,0.666666667,4:00p,Oklahoma St.,Utah,2.14M,2140.0,Utah,22.0,19.0,2.0,0.0,0,1.0,0.0,0.0,0.0,0.0,0.0,0.0,0.0,0.0,0.0,0.0,0.0,1,0,0.0,0.0,0.0,1.0,0.0,2.0,0.0,,,,,3.0,1.0,0.0,0.0,0.0,0.0,0.0,0.0,1.0,1.0,2.0,0.0,0.0,0.0,,0.0,0.0,2.0,0.0,16.0,0,0,0,0,1,0,2024-09-21,2024,1,0,0,0,0,0,0,0,0,0,0,0,0,0,0,0,0,0,0,0,0,0,0,0,0,1,0,0,0,1,0,0.0,0.0,0.0,0.0,0.0,0.0,0.0,0.0,0.0,0.0,0.0,0.0,0.0,7.669028288589683,2290.233286362251,14421.71349401762
,9/21/24,Sat,0.645833333,3:30p,Middle Tennessee St.,Duke,53K,53.0,Duke,45.0,17.0,0.0,0.0,0,0.0,0.0,0.0,0.0,0.0,0.0,0.0,1.0,0.0,0.0,0.0,0.0,1,0,0.0,0.0,0.0,14.5,0.0,1.0,0.0,,,,,28.0,14.5,0.0,0.0,0.0,0.0,0.0,1.0,0.0,0.0,0.0,0.0,1.0,0.0,,0.0,0.0,0.0,0.0,15.5,0,0,0,0,1,0,2024-09-21,2024,1,0,0,0,0,0,0,0,0,0,0,0,0,0,0,0,0,0,0,0,0,0,0,0,0,0,0,0,0,0,0,0.0,0.0,0.0,0.0,0.0,0.0,0.0,0.0,0.0,0.0,0.0,0.0,0.0,3.9889840465642745,91.26042233451213,16235.153416051762
,9/21/24,Sat,0.708333333,5:00p,SMU,TCU,322K,322.0,SMU,66.0,42.0,0.0,0.0,0,0.0,0.0,0.0,0.0,0.0,0.0,1.0,0.0,0.0,0.0,0.0,0.0,1,0,0.0,0.0,0.0,1.0,0.0,2.0,0.0,,,,,24.0,1.0,0.0,0.0,0.0,0.0,1.0,0.0,0.0,1.0,1.0,0.0,1.0,0.0,,0.0,0.0,0.0,0.0,17.0,0,0,0,0,1,0,2024-09-21,2024,1,0,0,0,0,0,0,0,0,0,0,0,0,0,0,0,0,0,0,0,0,0,0,0,0,0,0,0,0,0,0,0.0,0.0,0.0,0.0,0.0,0.0,0.0,0.0,0.0,0.0,0.0,0.0,0.0,5.777652323222656,385.5329419935976,2290.233286362251
,9/21/24,Sat,0.791666667,7:00p,Florida St.,California,887K,887.0,Florida State,14.0,9.0,0.0,0.0,2,0.0,0.0,1.0,0.0,0.0,0.0,0.0,0.0,0.0,0.0,0.0,0.0,0,0,0.0,0.0,0.0,3.0,0.0,2.0,0.0,,,,,5.0,-3.0,0.0,0.0,0.0,0.0,1.0,1.0,0.0,0.0,0.0,0.0,2.0,0.0,,0.0,0.0,0.0,0.0,19.0,0,0,0,0,0,0,2024-09-21,2024,1,0,0,0,0,0,0,0,0,0,0,0,0,0,0,0,0,0,0,0,0,0,0,0,0,0,0,0,0,0,0,0.0,0.0,0.0,0.0,0.0,0.0,0.0,0.0,0.0,0.0,0.0,0.0,0.0,6.78897174299217,712.9424634861749,13884.195204931471
,9/21/24,Sat,0.791666667,7:00p,South Florida,Miami,1.25M,1250.0,Miami,50.0,15.0,0.0,1.0,1,0.0,0.0,0.0,0.0,0.0,0.0,0.0,0.0,0.0,0.0,0.0,0.0,0,0,0.0,0.0,0.0,17.0,0.0,1.0,0.0,,,,,35.0,17.0,0.0,0.0,0.0,0.0,0.0,1.0,0.0,0.0,0.0,0.0,1.0,0.0,,0.0,1.0,0.0,0.0,19.0,0,0,0,0,0,0,2024-09-21,2024,1,0,0,0,0,0,0,0,0,0,0,0,0,0,0,0,0,0,0,0,0,0,0,0,0,0,0,0,0,0,0,0.0,0.0,0.0,0.0,0.0,0.0,0.0,0.0,0.0,0.0,0.0,0.0,0.0,7.1316985104669115,1181.7937207690507,13415.343947648596
,9/21/24,Sat,0.791666667,7:00p,Washington,Northwestern,378K,378.0,Washington,24.0,5.0,0.0,0.0,2,0.0,1.0,0.0,0.0,0.0,0.0,0.0,0.0,0.0,0.0,0.0,0.0,0,0,0.0,0.0,0.0,11.5,2.0,0.0,0.0,,,,,19.0,-11.5,0.0,0.0,1.0,1.0,0.0,0.0,0.0,0.0,0.0,0.0,0.0,2.0,,0.0,0.0,0.0,0.0,19.0,0,0,0,0,0,0,2024-09-21,2024,1,0,0,0,0,0,0,0,0,0,0,0,0,0,0,0,0,0,0,0,0,0,0,0,0,0,0,0,0,0,0,0.0,0.0,0.0,0.0,0.0,0.0,0.0,0.0,0.0,0.0,0.0,0.0,0.0,5.937536205082426,462.76884647705094,14134.368821940594
,9/21/24,Sat,0.8125,7:30p,Minnesota,Iowa,1.89M,1890.0,Iowa,31.0,14.0,0.0,0.0,1,0.0,0.0,0.0,1.0,0.0,0.0,0.0,0.0,0.0,0.0,0.0,0.0,0,0,0.0,0.0,0.0,3.0,2.0,0.0,0.0,,,,,17.0,3.0,0.0,0.0,1.0,1.0,0.0,0.0,0.0,0.0,0.0,0.0,0.0,2.0,,0.0,0.0,0.0,0.0,19.5,0,0,0,0,0,0,2024-09-21,2024,1,0,0,0,0,0,0,0,0,0,0,0,0,0,0,0,0,0,0,0,0,0,0,0,0,0,0,0,0,0,0,0.0,0.0,0.0,0.0,0.0,0.0,0.0,0.0,0.0,0.0,0.0,0.0,0.0,7.544861068658458,1708.3114582864375,13412.891556779188
,9/21/24,Sat,0.8125,7:30p,Oklahoma,Tennessee,6.27M,6270.0,Tennessee,25.0,15.0,1.0,1.0,1,0.0,0.0,0.0,0.0,0.0,1.0,0.0,0.0,0.0,0.0,0.0,0.0,0,0,0.0,0.0,0.0,6.0,2.0,0.0,0.0,,,,,10.0,6.0,1.0,1.0,0.0,0.0,0.0,0.0,0.0,0.0,0.0,2.0,0.0,0.0,,0.0,1.0,1.0,0.0,19.5,0,0,0,0,0,0,2024-09-21,2024,1,0,0,0,0,0,0,0,0,0,0,0,0,0,0,0,0,0,0,0,0,0,0,0,0,1,1,0,0,0,0,0.0,0.0,0.0,0.0,0.0,0.0,0.0,0.0,0.0,0.0,0.0,0.0,0.0,8.74369111054302,7376.362551653821,7744.840463411803
,9/21/24,Sat,0.8125,7:30p,South Carolina,Akron,89K,89.0,South Carolina,50.0,7.0,0.0,0.0,1,0.0,0.0,0.0,0.0,0.0,0.0,0.0,1.0,0.0,0.0,0.0,0.0,0,0,0.0,0.0,0.0,25.0,1.0,0.0,0.0,,,,,43.0,-25.0,1.0,0.0,0.0,0.0,0.0,0.0,0.0,0.0,0.0,1.0,0.0,0.0,,0.0,0.0,0.0,0.0,19.5,0,0,0,0,0,0,2024-09-21,2024,1,0,0,0,0,0,0,0,0,0,0,0,0,0,0,0,0,0,0,0,0,0,0,0,0,0,0,0,0,0,0,0.0,0.0,0.0,0.0,0.0,0.0,0.0,0.0,0.0,0.0,0.0,0.0,0.0,4.499809670330265,119.71657247030461,15001.48644259532
,9/21/24,Sat,0.833333333,8:00p,Colorado,Baylor,3.64M,3640.0,Colorado,38.0,31.0,0.0,0.0,1,1.0,0.0,0.0,0.0,0.0,0.0,0.0,0.0,0.0,0.0,0.0,0.0,0,0,0.0,0.0,0.0,2.5,0.0,2.0,0.0,,,,,7.0,-2.5,0.0,0.0,0.0,0.0,0.0,0.0,1.0,1.0,2.0,0.0,0.0,0.0,,0.0,0.0,0.0,0.0,20.0,0,0,0,0,0,0,2024-09-21,2024,1,1,0,0,0,0,0,0,0,0,0,0,0,0,0,0,0,0,0,0,0,0,0,0,0,0,0,0,0,0,0,0.0,0.0,0.0,0.0,0.0,0.0,0.0,0.0,0.0,0.0,0.0,0.0,0.0,8.200013648175434,3035.2420552748063,12085.960959790818
,9/21/24,Sat,0.854166667,8:30p,Oregon St.,Purdue,452K,452.0,Oregon State,38.0,21.0,0.0,0.0,1,0.0,0.0,0.0,0.0,0.0,0.0,1.0,0.0,0.0,0.0,0.0,0.0,0,0,0.0,0.0,0.0,1.5,1.0,0.0,0.0,,,,,17.0,-1.5,0.0,0.0,0.0,1.0,0.0,0.0,0.0,0.0,0.0,0.0,0.0,1.0,,0.0,0.0,0.0,0.0,20.5,0,0,0,0,0,0,2024-09-21,2024,1,0,0,0,0,0,0,0,0,0,0,0,0,0,0,0,0,0,0,0,0,0,0,0,0,0,0,0,0,0,0,0.0,0.0,0.0,0.0,0.0,0.0,0.0,0.0,0.0,0.0,0.0,0.0,0.0,6.115892125483034,524.0653466479791,12533.63363544131
,9/21/24,Sat,0.895833333,9:30p,Boise St.,Portland State,248K,248.0,Boise State,56.0,14.0,0.0,0.0,0,0.0,1.0,0.0,0.0,0.0,0.0,0.0,0.0,0.0,0.0,0.0,0.0,0,1,0.0,0.0,0.0,43.0,0.0,0.0,0.0,,,,,42.0,-43.0,0.0,0.0,0.0,0.0,0.0,0.0,0.0,0.0,0.0,0.0,0.0,0.0,,0.0,0.0,0.0,0.0,21.5,0,0,0,0,0,1,2024-09-21,2024,1,0,0,0,0,0,0,0,0,0,0,0,0,0,0,0,0,0,0,0,0,0,0,0,0,0,0,0,0,0,0,0.0,0.0,0.0,0.0,0.0,0.0,0.0,0.0,0.0,0.0,0.0,0.0,0.0,5.517452896464707,294.0009977559397,2150.966456661672
,9/21/24,Sat,0.9375,10:30p,BYU,Kansas St.,1.5M,1500.0,BYU,38.0,9.0,1.0,0.0,0,0.0,0.0,0.0,0.0,0.0,0.0,0.0,0.0,0.0,0.0,0.0,0.0,0,1,0.0,0.0,0.0,7.5,0.0,2.0,0.0,,,,,29.0,7.5,0.0,0.0,0.0,0.0,0.0,0.0,1.0,1.0,2.0,0.0,0.0,0.0,,0.0,0.0,0.0,0.0,22.5,0,0,0,0,0,1,2024-09-21,2024,1,0,0,0,0,0,0,0,0,0,0,0,0,0,0,0,0,0,0,0,0,0,0,0,0,0,0,0,0,0,0,0.0,0.0,0.0,0.0,0.0,0.0,0.0,0.0,0.0,0.0,0.0,0.0,0.0,7.313886831633462,1626.901110013693,294.0009977559397
,9/26/24,Thu,0.8125,7:30p,Temple,Army,684K,684.0,Army,42.0,14.0,0.0,0.0,0,0.0,0.0,0.0,0.0,0.0,0.0,0.0,0.0,0.0,0.0,0.0,0.0,0,0,0.0,0.0,1.0,11.0,0.0,0.0,0.0,,,,,28.0,11.0,0.0,0.0,0.0,0.0,0.0,0.0,0.0,0.0,0.0,0.0,0.0,0.0,,0.0,0.0,0.0,0.0,19.5,0,1,0,0,0,0,2024-09-26,2024,1,0,0,0,0,0,0,0,0,0,0,0,0,0,0,0,0,0,0,0,0,0,0,0,0,0,0,0,0,0,0,0.0,0.0,0.0,0.0,0.0,0.0,0.0,0.0,0.0,0.0,0.0,0.0,0.0,6.529418838262226,807.8994323074422,0.0
,9/27/24,Fri,0.8125,7:30p,Miami,Virginia Tech,3.26M,3260.0,Miami,38.0,34.0,0.0,1.0,0,0.0,0.0,0.0,0.0,0.0,0.0,0.0,0.0,0.0,0.0,0.0,0.0,0,0,0.0,0.0,1.0,17.5,0.0,2.0,0.0,,,,,4.0,-17.5,0.0,0.0,0.0,0.0,1.0,1.0,0.0,0.0,0.0,0.0,2.0,0.0,,0.0,1.0,0.0,0.0,19.5,0,0,1,0,0,0,2024-09-27,2024,1,0,0,0,0,0,0,0,0,0,0,0,0,0,0,0,0,0,0,0,0,0,0,0,0,0,0,0,0,0,0,0.0,0.0,0.0,0.0,0.0,0.0,0.0,0.0,0.0,0.0,0.0,0.0,1.0,8.089789175789319,3194.3849107107276,1561.8774869092467
,9/27/24,Fri,0.833333333,8:00p,Rutgers,Washington,1.93M,1930.0,Rutgers,21.0,18.0,0.0,0.0,0,1.0,0.0,0.0,0.0,0.0,0.0,0.0,0.0,0.0,0.0,0.0,0.0,0,0,0.0,0.0,1.0,1.5,2.0,0.0,0.0,,,,,3.0,-1.5,0.0,0.0,1.0,1.0,0.0,0.0,0.0,0.0,0.0,0.0,0.0,2.0,,0.0,0.0,0.0,0.0,20.0,0,0,1,0,0,0,2024-09-27,2024,1,0,0,0,0,0,0,0,0,0,0,0,0,0,0,0,0,0,0,0,0,0,0,0,0,0,0,0,0,0,0,1.0,0.0,0.0,0.0,0.0,0.0,0.0,0.0,0.0,0.0,0.0,0.0,0.0,7.565793282428515,1561.8774869092467,3194.3849107107276
,9/28/24,Sat,0.5,12:00p,Kansas St.,Oklahoma St.,1.88M,1880.0,Kansas State,42.0,20.0,2.0,0.0,0,0.0,0.0,0.0,0.0,0.0,0.0,0.0,0.0,0.0,0.0,0.0,0.0,1,0,0.0,0.0,0.0,6.0,0.0,2.0,0.0,,,,,22.0,-6.0,0.0,0.0,0.0,0.0,0.0,0.0,1.0,1.0,2.0,0.0,0.0,0.0,,0.0,0.0,0.0,2.0,12.0,0,0,0,1,0,0,2024-09-28,2024,1,0,0,0,0,0,0,0,0,0,0,0,0,0,0,0,0,0,0,0,0,0,0,0,0,1,0,0,0,1,0,0.0,0.0,0.0,0.0,0.0,0.0,0.0,0.0,0.0,0.0,0.0,0.0,0.0,7.53955882930103,1962.4895436841682,8680.077011971985
,9/28/24,Sat,0.5,12:00p,Indiana,Maryland,547K,547.0,Indiana,42.0,28.0,0.0,0.0,1,0.0,0.0,0.0,0.0,0.0,0.0,0.0,0.0,0.0,0.0,1.0,0.0,1,0,0.0,0.0,0.0,7.5,2.0,0.0,0.0,,,,,14.0,-7.5,0.0,0.0,1.0,1.0,0.0,0.0,0.0,0.0,0.0,0.0,0.0,2.0,,0.0,0.0,0.0,0.0,12.0,0,0,0,1,0,0,2024-09-28,2024,1,0,0,0,0,0,0,0,0,0,0,0,0,0,0,0,0,0,0,0,0,0,0,0,0,0,0,0,0,0,0,0.0,0.0,0.0,0.0,0.0,0.0,0.0,0.0,0.0,0.0,0.0,0.0,0.0,6.306275286948016,389.794842767028,10252.771712889127
,9/28/24,Sat,0.5,12:00p,Tulane,South Florida,41K,41.0,Tulane,45.0,10.0,0.0,0.0,0,0.0,0.0,0.0,0.0,0.0,0.0,0.0,1.0,0.0,0.0,0.0,0.0,1,0,0.0,0.0,0.0,4.0,0.0,0.0,0.0,,,,,35.0,-4.0,0.0,0.0,0.0,0.0,0.0,0.0,0.0,0.0,0.0,0.0,0.0,0.0,,0.0,0.0,0.0,0.0,12.0,0,0,0,1,0,0,2024-09-28,2024,1,0,0,0,0,0,0,0,0,0,0,0,0,0,0,0,0,0,0,0,0,0,0,0,0,0,0,0,0,0,0,0.0,0.0,0.0,0.0,0.0,0.0,0.0,0.0,0.0,0.0,0.0,0.0,0.0,3.7376696182833684,59.207670781140074,10583.358884875015
,9/28/24,Sat,0.5,12:00p,Baylor,BYU,428K,428.0,BYU,34.0,28.0,1.0,0.0,1,0.0,1.0,0.0,0.0,0.0,0.0,0.0,0.0,0.0,0.0,0.0,0.0,1,0,0.0,0.0,0.0,3.0,0.0,2.0,0.0,,,,,6.0,-3.0,0.0,0.0,0.0,0.0,0.0,0.0,1.0,1.0,2.0,0.0,0.0,0.0,,0.0,0.0,0.0,1.0,12.0,0,0,0,1,0,0,2024-09-28,2024,1,0,0,0,0,0,0,0,0,0,0,0,0,0,0,0,0,0,0,0,0,0,0,0,0,0,0,0,0,0,0,0.0,0.0,0.0,0.0,0.0,0.0,0.0,0.0,0.0,0.0,0.0,0.0,0.0,6.061456918928017,540.7501324463854,10101.81642320977
,9/28/24,Sat,0.5,12:00p,UAB,Navy,185K,185.0,Navy,41.0,18.0,0.0,0.0,1,0.0,0.0,1.0,0.0,0.0,0.0,0.0,0.0,0.0,0.0,0.0,0.0,1,0,0.0,0.0,0.0,4.5,0.0,0.0,0.0,,,,,23.0,4.5,0.0,0.0,0.0,0.0,0.0,0.0,0.0,0.0,0.0,0.0,0.0,0.0,,0.0,0.0,0.0,0.0,12.0,0,0,0,1,0,0,2024-09-28,2024,1,0,0,0,0,0,0,0,0,0,0,0,0,0,0,0,0,0,0,0,0,0,0,0,0,0,0,0,0,0,0,0.0,0.0,0.0,0.0,0.0,0.0,0.0,0.0,0.0,0.0,0.0,0.0,0.0,5.225746673713202,298.1647241382163,10344.401831517938
,9/28/24,Sat,0.5,12:00p,Mississippi,Kentucky,3.99M,3990.0,Kentucky,20.0,17.0,0.0,1.0,0,0.0,0.0,0.0,0.0,0.0,1.0,0.0,0.0,0.0,0.0,0.0,0.0,1,0,0.0,0.0,0.0,15.0,2.0,0.0,0.0,,,,,3.0,-15.0,1.0,1.0,0.0,0.0,0.0,0.0,0.0,0.0,0.0,2.0,0.0,0.0,,0.0,1.0,0.0,0.0,12.0,0,0,0,1,0,0,2024-09-28,2024,1,0,0,0,0,0,0,0,0,0,0,0,0,0,0,0,0,0,0,0,0,0,0,0,0,0,0,0,0,0,0,0.0,0.0,0.0,0.0,0.0,0.0,0.0,0.0,0.0,0.0,0.0,0.0,0.0,8.291797105048733,3363.2417527633675,7279.324802892787
,9/28/24,Sat,0.5,12:00p,North Carolina St.,Northern Illinois,427K,427.0,NC State,24.0,17.0,0.0,0.0,1,0.0,0.0,0.0,0.0,0.0,0.0,1.0,0.0,0.0,0.0,0.0,0.0,1,0,0.0,0.0,0.0,7.0,0.0,0.0,0.0,,,,,7.0,-7.0,0.0,0.0,0.0,0.0,1.0,0.0,0.0,0.0,0.0,0.0,1.0,0.0,,0.0,0.0,0.0,0.0,12.0,0,0,0,1,0,0,2024-09-28,2024,1,0,0,0,0,0,0,0,0,0,0,0,0,0,0,0,0,0,0,0,0,0,0,0,0,0,0,0,0,0,0,0.0,0.0,0.0,0.0,0.0,0.0,0.0,0.0,0.0,0.0,0.0,0.0,0.0,6.059123195581797,410.8979986401546,10231.668557016
,9/28/24,Sat,0.5,12:00p,Michigan,Minnesota,3.6M,3600.0,Michigan,27.0,24.0,1.0,0.0,0,1.0,0.0,0.0,0.0,0.0,0.0,0.0,0.0,0.0,0.0,0.0,0.0,1,0,0.0,0.0,0.0,10.5,2.0,0.0,0.0,,,,,3.0,-10.5,0.0,0.0,1.0,1.0,0.0,0.0,0.0,0.0,0.0,0.0,0.0,2.0,,0.0,0.0,1.0,0.0,12.0,0,0,0,1,0,0,2024-09-28,2024,1,0,0,0,0,0,0,0,0,0,0,0,0,0,0,0,0,0,0,0,0,0,0,0,0,0,0,0,0,0,0,0.0,0.0,0.0,0.0,0.0,0.0,0.0,0.0,0.0,0.0,0.0,0.0,0.0,8.188966863648876,3618.019890435695,7024.54666522046
,9/28/24,Sat,0.645833333,3:30p,UCF,Colorado,4.17M,4170.0,Colorado,48.0,21.0,0.0,0.0,0,1.0,0.0,0.0,0.0,0.0,0.0,0.0,0.0,0.0,0.0,0.0,0.0,1,0,0.0,0.0,0.0,12.5,0.0,2.0,0.0,,,,,27.0,-12.5,0.0,0.0,0.0,0.0,0.0,0.0,1.0,1.0,2.0,0.0,0.0,0.0,,0.0,0.0,0.0,0.0,15.5,0,0,0,0,1,0,2024-09-28,2024,1,1,0,0,0,0,0,0,0,0,0,0,0,0,0,0,0,0,0,0,0,0,0,0,0,0,0,0,0,0,0,0.0,0.0,0.0,0.0,0.0,0.0,0.0,0.0,0.0,0.0,0.0,0.0,0.0,8.335911094196945,2858.124930631194,7900.147175585053
,9/28/24,Sat,0.645833333,3:30p,Auburn,Oklahoma,5.04M,5040.0,Oklahoma,27.0,21.0,1.0,0.0,0,0.0,0.0,0.0,0.0,0.0,1.0,0.0,0.0,0.0,0.0,0.0,0.0,1,0,0.0,0.0,0.0,2.0,2.0,0.0,0.0,,,,,6.0,-2.0,1.0,1.0,0.0,0.0,0.0,0.0,0.0,0.0,0.0,2.0,0.0,0.0,,0.0,0.0,0.0,1.0,15.5,0,0,0,0,1,0,2024-09-28,2024,1,0,0,0,0,0,0,0,0,0,0,0,0,0,0,0,0,0,0,0,0,0,0,0,0,0,0,0,0,0,0,0.0,0.0,0.0,0.0,0.0,0.0,0.0,0.0,0.0,0.0,0.0,0.0,0.0,8.525359754082631,4775.843523844008,5982.42858237224
,9/28/24,Sat,0.645833333,3:30p,Georgia St.,Georgia Southern,29K,29.0,Georgia Southern,38.0,21.0,0.0,0.0,0,0.0,0.0,0.0,0.0,0.0,0.0,0.0,1.0,0.0,0.0,0.0,0.0,1,0,0.0,0.0,0.0,3.5,0.0,0.0,0.0,,,,,17.0,-3.5,0.0,0.0,0.0,0.0,0.0,0.0,0.0,0.0,0.0,0.0,0.0,0.0,,0.0,0.0,0.0,0.0,15.5,0,0,0,0,1,0,2024-09-28,2024,1,0,0,0,0,0,0,0,0,0,0,0,0,0,0,0,0,0,0,0,0,0,0,0,0,0,0,0,0,0,0,0.0,0.0,0.0,0.0,0.0,0.0,0.0,0.0,0.0,0.0,0.0,0.0,0.0,3.4011973816621555,43.726287960361745,10714.545818255885
,9/28/24,Sat,0.645833333,3:30p,Texas A&M,Arkansas,1.8M,1800.0,Texas A&M,21.0,17.0,1.0,0.0,0,0.0,0.0,0.0,0.0,0.0,0.0,0.0,0.0,0.0,0.0,0.0,0.0,1,0,0.0,0.0,0.0,6.5,2.0,0.0,0.0,,,,,4.0,-6.5,1.0,1.0,0.0,0.0,0.0,0.0,0.0,0.0,0.0,2.0,0.0,0.0,,0.0,0.0,0.0,1.0,15.5,0,0,0,0,1,0,2024-09-28,2024,1,0,0,0,0,0,0,0,0,0,0,0,0,0,0,0,0,0,0,0,0,0,0,0,0,0,0,0,0,0,0,0.0,0.0,0.0,0.0,0.0,0.0,0.0,0.0,0.0,0.0,0.0,0.0,0.0,7.496097345175956,2314.664592187265,8443.607514028981
,9/28/24,Sat,0.645833333,3:30p,UNLV,Fresno St.,174K,174.0,UNLV,59.0,14.0,0.0,0.0,0,0.0,1.0,0.0,0.0,0.0,0.0,0.0,0.0,0.0,0.0,0.0,0.0,1,0,0.0,0.0,0.0,2.5,0.0,0.0,0.0,,,,,45.0,-2.5,0.0,0.0,0.0,0.0,0.0,0.0,0.0,0.0,0.0,0.0,0.0,0.0,,0.0,0.0,0.0,0.0,15.5,0,0,0,0,1,0,2024-09-28,2024,1,0,0,0,0,0,0,0,0,0,0,0,0,0,0,0,0,0,0,0,0,0,0,0,0,0,0,0,0,0,0,0.0,0.0,0.0,0.0,0.0,0.0,0.0,0.0,0.0,0.0,0.0,0.0,0.0,5.1647859739235145,206.67661361449316,10551.595492601753
,9/28/24,Sat,0.666666667,4:00p,Duke,North Carolina,521K,521.0,Duke,21.0,20.0,0.0,0.0,0,0.0,0.0,1.0,0.0,0.0,0.0,0.0,0.0,0.0,0.0,0.0,0.0,1,0,0.0,0.0,0.0,1.0,0.0,2.0,0.0,,,,,1.0,1.0,0.0,0.0,0.0,0.0,1.0,1.0,0.0,0.0,0.0,0.0,2.0,0.0,,0.0,0.0,0.0,0.0,16.0,0,0,0,0,1,0,2024-09-28,2024,1,0,0,0,0,0,0,0,0,0,0,0,0,0,0,0,0,0,0,0,0,0,0,0,0,0,0,0,0,0,0,0.0,0.0,0.0,0.0,0.0,0.0,0.0,0.0,0.0,0.0,0.0,0.0,0.0,6.257667587882639,559.2361579789256,10199.03594823732
,9/28/24,Sat,0.791666667,7:00p,Houston,Iowa St.,372K,372.0,Iowa State,20.0,0.0,1.0,0.0,2,0.0,1.0,0.0,0.0,0.0,0.0,0.0,0.0,0.0,0.0,0.0,0.0,0,0,0.0,0.0,0.0,16.0,0.0,2.0,0.0,,,,,20.0,16.0,0.0,0.0,0.0,0.0,0.0,0.0,1.0,1.0,2.0,0.0,0.0,0.0,,0.0,0.0,0.0,1.0,19.0,0,0,0,0,0,0,2024-09-28,2024,1,0,0,0,0,0,0,0,0,0,0,0,0,0,0,0,0,0,0,0,0,0,0,0,0,0,0,0,0,0,0,0.0,0.0,0.0,0.0,0.0,0.0,0.0,0.0,0.0,0.0,0.0,0.0,0.0,5.921578419643816,528.4063769182004,18760.073713056147
,9/28/24,Sat,0.791666667,7:00p,Clemson,Stanford,1M,1000.0,Clemson,40.0,14.0,1.0,0.0,1,0.0,0.0,0.0,0.0,0.0,0.0,0.0,0.0,0.0,0.0,0.0,0.0,0,0,0.0,0.0,0.0,24.0,0.0,2.0,0.0,,,,,26.0,-24.0,0.0,0.0,0.0,0.0,1.0,1.0,0.0,0.0,0.0,0.0,2.0,0.0,,0.0,0.0,0.0,1.0,19.0,0,0,0,0,0,0,2024-09-28,2024,1,0,0,0,0,0,0,0,0,0,0,0,0,0,0,0,0,0,0,0,0,0,0,0,0,0,0,0,0,0,0,0.0,0.0,0.0,0.0,0.0,0.0,0.0,0.0,0.0,0.0,0.0,0.0,0.0,6.90875477931522,1563.7795227312133,17724.700567243133
,9/28/24,Sat,0.8125,7:30p,Memphis,Middle Tennessee St.,39K,39.0,Memphis,24.0,7.0,0.0,0.0,1,0.0,0.0,0.0,0.0,0.0,0.0,0.0,1.0,0.0,0.0,0.0,0.0,0,0,0.0,0.0,0.0,27.0,0.0,0.0,0.0,,,,,17.0,-27.0,0.0,0.0,0.0,0.0,0.0,0.0,0.0,0.0,0.0,0.0,0.0,0.0,,0.0,0.0,0.0,0.0,19.5,0,0,0,0,0,0,2024-09-28,2024,1,0,0,0,0,0,0,0,0,0,0,0,0,0,0,0,0,0,0,0,0,0,0,0,0,0,0,0,0,0,0,0.0,0.0,0.0,0.0,0.0,0.0,0.0,0.0,0.0,0.0,0.0,0.0,0.0,3.6888794541139363,64.27646835802258,19224.203621616325
,9/28/24,Sat,0.8125,7:30p,Alabama,Georgia,11.99M,11990.0,Alabama,41.0,34.0,0.0,2.0,1,0.0,0.0,0.0,0.0,0.0,1.0,0.0,0.0,0.0,0.0,0.0,0.0,0,0,0.0,0.0,0.0,2.0,2.0,0.0,0.0,,,,,7.0,2.0,1.0,1.0,0.0,0.0,0.0,0.0,0.0,0.0,0.0,2.0,0.0,0.0,,2.0,0.0,0.0,0.0,19.5,0,0,0,0,0,0,2024-09-28,2024,1,0,0,0,0,0,0,0,0,0,0,0,0,0,0,0,0,0,0,0,0,0,0,0,0,1,1,0,0,0,0,0.0,0.0,0.0,0.0,0.0,0.0,0.0,0.0,0.0,0.0,0.0,0.0,0.0,9.391911647379434,13098.598730199426,6189.881359774918
,9/28/24,Sat,0.8125,7:30p,Penn St.,Illinois,3.09M,3090.0,Penn State,21.0,7.0,1.0,1.0,1,0.0,0.0,0.0,1.0,0.0,0.0,0.0,0.0,0.0,0.0,0.0,0.0,0,0,0.0,0.0,0.0,19.5,2.0,0.0,0.0,,,,,14.0,-19.5,0.0,0.0,1.0,1.0,0.0,0.0,0.0,0.0,0.0,0.0,0.0,2.0,,0.0,1.0,0.0,1.0,19.5,0,0,0,0,0,0,2024-09-28,2024,1,0,0,0,0,0,0,0,0,0,0,0,0,0,0,0,0,0,0,0,0,0,0,0,0,1,0,1,0,0,0,0.0,0.0,0.0,0.0,0.0,0.0,0.0,0.0,0.0,0.0,0.0,0.0,0.0,8.036249942132116,3529.8692971057117,15758.610792868632
,9/28/24,Sat,0.833333333,8:00p,Texas Tech,Cincinnati,417K,417.0,Texas Tech,44.0,41.0,0.0,0.0,2,0.0,0.0,1.0,0.0,0.0,0.0,0.0,0.0,0.0,0.0,0.0,0.0,0,0,0.0,0.0,0.0,3.0,0.0,2.0,0.0,,,,,3.0,-3.0,0.0,0.0,0.0,0.0,0.0,0.0,1.0,1.0,2.0,0.0,0.0,0.0,,0.0,0.0,0.0,0.0,20.0,0,0,0,0,0,0,2024-09-28,2024,1,0,0,0,0,0,0,0,0,0,0,0,0,0,0,0,0,0,0,0,0,0,0,0,0,0,0,0,0,0,0,0.0,0.0,0.0,0.0,0.0,0.0,0.0,0.0,0.0,0.0,0.0,0.0,0.0,6.035481432524756,503.54969466176993,18784.930395312575
,9/28/24,Sat,0.916666667,10:00p,Boise St.,Washington St.,535K,535.0,Boise State,45.0,24.0,1.0,0.0,2,0.0,1.0,0.0,0.0,0.0,0.0,0.0,0.0,0.0,0.0,0.0,0.0,0,1,0.0,0.0,0.0,6.5,0.0,0.0,0.0,,,,,21.0,-6.5,0.0,0.0,0.0,0.0,0.0,0.0,0.0,0.0,0.0,0.0,0.0,0.0,,0.0,0.0,0.0,0.0,22.0,0,0,0,0,0,1,2024-09-28,2024,1,0,0,0,0,0,0,0,0,0,0,0,0,0,0,0,0,0,0,0,0,0,0,0,0,0,0,0,0,0,0,0.0,0.0,0.0,0.0,0.0,0.0,0.0,0.0,0.0,0.0,0.0,0.0,0.0,6.284134161070802,596.1245807435158,4219.358904770934
,9/28/24,Sat,0.9375,10:30p,Utah,Arizona,907K,907.0,Arizona,23.0,10.0,0.0,1.0,1,0.0,0.0,0.0,0.0,0.0,0.0,0.0,0.0,0.0,0.0,0.0,0.0,0,1,0.0,0.0,0.0,7.5,0.0,2.0,0.0,,,,,13.0,-7.5,0.0,0.0,0.0,0.0,0.0,0.0,1.0,1.0,2.0,0.0,0.0,0.0,,0.0,0.0,0.0,0.0,22.5,0,0,0,0,0,1,2024-09-28,2024,1,0,0,0,0,0,0,0,0,0,0,0,0,0,0,0,0,0,0,0,0,0,0,0,0,0,0,0,0,0,0,0.0,0.0,0.0,0.0,0.0,0.0,0.0,0.0,0.0,0.0,0.0,0.0,0.0,6.811244378601294,1313.265918794522,3502.217566719927
,9/28/24,Sat,0.958333333,11:00p,UCLA,Oregon,1.5M,1500.0,Oregon,34.0,13.0,0.0,1.0,1,1.0,0.0,0.0,0.0,0.0,0.0,0.0,0.0,0.0,0.0,0.0,0.0,0,1,0.0,0.0,0.0,23.5,2.0,0.0,0.0,,,,,21.0,23.5,0.0,0.0,1.0,1.0,0.0,0.0,0.0,0.0,0.0,0.0,0.0,2.0,,0.0,0.0,0.0,0.0,23.0,0,0,0,0,0,1,2024-09-28,2024,1,0,0,0,0,0,0,0,0,0,0,0,0,0,0,0,0,0,0,0,0,0,0,0,0,0,0,0,0,0,0,0.0,0.0,0.0,0.0,0.0,0.0,0.0,0.0,0.0,0.0,0.0,0.0,0.0,7.313886831633462,2906.0929859764115,1909.3904995380376
,10/3/24,Thu,0.791666667,7:00p,Troy,Texas St.,343K,343.0,Texas State,38.0,17.0,0.0,0.0,0,0.0,0.0,1.0,0.0,0.0,0.0,0.0,0.0,0.0,0.0,0.0,0.0,0,0,0.0,0.0,1.0,14.5,0.0,0.0,0.0,,,,,21.0,14.5,0.0,0.0,0.0,0.0,0.0,0.0,0.0,0.0,0.0,0.0,0.0,0.0,,0.0,0.0,0.0,0.0,19.0,0,1,0,0,0,0,2024-10-03,2024,1,0,0,0,0,0,0,0,0,0,0,0,0,0,0,0,0,0,0,0,0,0,0,0,0,0,0,0,0,0,0,0.0,0.0,0.0,0.0,0.0,0.0,0.0,0.0,0.0,0.0,0.0,0.0,0.0,5.840641657373398,176.69326690272533,0.0
,10/4/24,Fri,0.8125,7:30p,TCU,Houston,1.51M,1510.0,Houston,30.0,19.0,0.0,0.0,0,0.0,0.0,0.0,0.0,0.0,0.0,0.0,0.0,0.0,0.0,0.0,0.0,0,0,0.0,0.0,1.0,16.5,0.0,2.0,0.0,,,,,11.0,-16.5,0.0,0.0,0.0,0.0,0.0,0.0,1.0,1.0,2.0,0.0,0.0,0.0,,0.0,0.0,0.0,0.0,19.5,0,0,1,0,0,0,2024-10-04,2024,1,0,0,0,0,0,0,0,0,0,0,0,0,0,0,0,0,0,0,0,0,0,0,0,0,0,0,0,0,0,0,0.0,0.0,0.0,0.0,0.0,0.0,0.0,0.0,0.0,0.0,0.0,0.0,1.0,7.32052696227274,1258.867141462857,0.0
,10/4/24,Fri,0.875,9:00p,UNLV,Syracuse,698K,698.0,Syracuse,44.0,41.0,1.0,0.0,1,0.0,1.0,0.0,0.0,0.0,0.0,0.0,0.0,0.0,0.0,0.0,0.0,0,0,0.0,0.0,1.0,5.5,0.0,1.0,0.0,,,,,3.0,-5.5,0.0,0.0,0.0,0.0,0.0,1.0,0.0,0.0,0.0,0.0,1.0,0.0,,0.0,0.0,0.0,0.0,21.0,0,0,1,0,0,0,2024-10-04,2024,1,0,0,0,0,0,0,0,0,0,0,0,0,0,0,0,0,0,0,0,0,0,0,0,0,0,0,0,0,0,0,0.0,0.0,1.0,0.0,0.0,0.0,0.0,0.0,0.0,0.0,0.0,0.0,0.0,6.54965074223381,556.9972678480858,3989.8702266575233
,10/4/24,Fri,0.875,9:00p,Oregon,Michigan St.,2.84M,2840.0,Oregon,31.0,10.0,0.0,1.0,0,1.0,0.0,0.0,0.0,0.0,0.0,0.0,0.0,0.0,0.0,0.0,0.0,0,0,0.0,0.0,1.0,22.5,2.0,0.0,0.0,,,,,21.0,-22.5,0.0,0.0,1.0,1.0,0.0,0.0,0.0,0.0,0.0,0.0,0.0,2.0,,0.0,0.0,0.0,0.0,21.0,0,0,1,0,0,0,2024-10-04,2024,1,0,0,0,0,0,0,0,0,0,0,0,0,0,0,0,0,0,0,0,0,0,0,0,0,0,0,0,0,0,0,1.0,0.0,0.0,0.0,0.0,0.0,0.0,0.0,0.0,0.0,0.0,0.0,0.0,7.951911381854188,3989.8702266575233,556.9972678480858
,10/5/24,Sat,0.5,12:00p,Texas A&M,Missouri,3.27M,3270.0,Texas A&M,41.0,10.0,1.0,1.0,1,0.0,0.0,0.0,0.0,0.0,1.0,0.0,0.0,0.0,0.0,0.0,0.0,1,0,0.0,0.0,0.0,3.0,2.0,0.0,0.0,,,,,31.0,-3.0,1.0,1.0,0.0,0.0,0.0,0.0,0.0,0.0,0.0,2.0,0.0,0.0,,0.0,1.0,0.0,1.0,12.0,0,0,0,1,0,0,2024-10-05,2024,1,0,0,0,0,0,0,0,0,0,0,0,0,0,0,0,0,0,0,0,0,0,0,0,0,1,1,0,0,0,0,0.0,0.0,0.0,0.0,0.0,0.0,0.0,0.0,0.0,0.0,0.0,0.0,0.0,8.092851027538384,5262.832892393334,6405.552857245452
,10/5/24,Sat,0.5,12:00p,Tulsa,Army,72K,72.0,Army,49.0,7.0,0.0,0.0,1,0.0,0.0,0.0,0.0,0.0,0.0,0.0,1.0,0.0,0.0,0.0,0.0,1,0,0.0,0.0,0.0,13.5,0.0,0.0,0.0,,,,,42.0,13.5,0.0,0.0,0.0,0.0,0.0,0.0,0.0,0.0,0.0,0.0,0.0,0.0,,0.0,0.0,0.0,0.0,12.0,0,0,0,1,0,0,2024-10-05,2024,1,0,0,0,0,0,0,0,0,0,0,0,0,0,0,0,0,0,0,0,0,0,0,0,0,0,0,0,0,0,0,0.0,0.0,0.0,0.0,0.0,0.0,0.0,0.0,0.0,0.0,0.0,0.0,0.0,4.290459441148391,98.63709512932,11569.748654509467
,10/5/24,Sat,0.5,12:00p,Air Force,Navy,1.28M,1280.0,Navy,34.0,7.0,0.0,0.0,1,0.0,0.0,0.0,0.0,1.0,0.0,0.0,0.0,0.0,0.0,0.0,0.0,1,0,0.0,0.0,0.0,10.0,0.0,0.0,0.0,,,,,27.0,10.0,0.0,0.0,0.0,0.0,0.0,0.0,0.0,0.0,0.0,0.0,0.0,0.0,,0.0,0.0,0.0,0.0,12.0,0,0,0,1,0,0,2024-10-05,2024,1,0,0,0,0,0,0,0,0,0,0,0,0,0,0,0,0,0,0,0,0,0,0,0,0,0,0,0,0,0,0,0.0,0.0,0.0,0.0,0.0,0.0,0.0,0.0,0.0,0.0,0.0,0.0,0.0,7.155396301896734,727.416376920121,10940.969372718666
,10/5/24,Sat,0.5,12:00p,North Carolina St.,Wake Forest,446K,446.0,Wake Forest,34.0,30.0,0.0,0.0,2,0.0,0.0,0.0,0.0,0.0,0.0,1.0,0.0,0.0,0.0,0.0,0.0,1,0,0.0,0.0,0.0,4.0,0.0,1.0,0.0,,,,,4.0,-4.0,0.0,0.0,0.0,0.0,1.0,1.0,0.0,0.0,0.0,0.0,2.0,0.0,,0.0,0.0,0.0,0.0,12.0,0,0,0,1,0,0,2024-10-05,2024,1,0,0,0,0,0,0,0,0,0,0,0,0,0,0,0,0,0,0,0,0,0,0,0,0,0,0,0,0,0,0,0.0,0.0,0.0,0.0,0.0,0.0,0.0,0.0,0.0,0.0,0.0,0.0,0.0,6.102558594613569,389.89320558965454,11278.492544049133
,10/5/24,Sat,0.5,12:00p,North Carolina,Pittsburgh,645K,645.0,Pittsburgh,34.0,24.0,0.0,0.0,2,0.0,0.0,1.0,0.0,0.0,0.0,0.0,0.0,0.0,0.0,0.0,0.0,1,0,0.0,0.0,0.0,2.5,0.0,2.0,0.0,,,,,10.0,2.5,0.0,0.0,0.0,0.0,1.0,1.0,0.0,0.0,0.0,0.0,2.0,0.0,,0.0,0.0,0.0,0.0,12.0,0,0,0,1,0,0,2024-10-05,2024,1,0,0,0,0,0,0,0,0,0,0,0,0,0,0,0,0,0,0,0,0,0,0,0,0,0,0,0,0,0,0,0.0,0.0,0.0,0.0,0.0,0.0,0.0,0.0,0.0,0.0,0.0,0.0,0.0,6.470799503782602,631.8436052311334,11036.542144407655
,10/5/24,Sat,0.5,12:00p,Louisville,SMU,1.41M,1410.0,SMU,34.0,27.0,1.0,0.0,1,0.0,0.0,0.0,0.0,0.0,0.0,0.0,0.0,0.0,0.0,0.0,0.0,1,0,0.0,0.0,0.0,6.5,0.0,2.0,0.0,,,,,7.0,-6.5,0.0,0.0,0.0,0.0,1.0,1.0,0.0,0.0,0.0,0.0,2.0,0.0,,0.0,0.0,0.0,1.0,12.0,0,0,0,1,0,0,2024-10-05,2024,1,0,0,0,0,0,0,0,0,0,0,0,0,0,0,0,0,0,0,0,0,0,0,0,0,0,0,0,0,0,0,0.0,0.0,0.0,0.0,0.0,0.0,0.0,0.0,0.0,0.0,0.0,0.0,0.0,7.252053951852814,781.614338896185,10886.771410742602
,10/5/24,Sat,0.5,12:00p,Penn St.,UCLA,2.75M,2750.0,Penn State,27.0,11.0,0.0,1.0,1,1.0,0.0,0.0,0.0,0.0,0.0,0.0,0.0,0.0,0.0,0.0,0.0,1,0,0.0,0.0,0.0,30.0,2.0,0.0,0.0,,,,,16.0,-30.0,0.0,0.0,1.0,1.0,0.0,0.0,0.0,0.0,0.0,0.0,0.0,2.0,,0.0,1.0,0.0,0.0,12.0,0,0,0,1,0,0,2024-10-05,2024,1,0,0,0,0,0,0,0,0,0,0,0,0,0,0,0,0,0,0,0,0,0,0,0,0,0,0,0,0,0,0,0.0,0.0,0.0,0.0,0.0,0.0,0.0,0.0,0.0,0.0,0.0,0.0,0.0,7.919719760924575,3164.376419991467,8504.00932964732
,10/5/24,Sat,0.5,12:00p,Wisconsin,Purdue,588K,588.0,Wisconsin,52.0,6.0,0.0,0.0,2,0.0,0.0,0.0,0.0,0.0,0.0,0.0,0.0,0.0,0.0,1.0,0.0,1,0,0.0,0.0,0.0,12.0,2.0,0.0,0.0,,,,,46.0,-12.0,0.0,0.0,1.0,1.0,0.0,0.0,0.0,0.0,0.0,0.0,0.0,2.0,,0.0,0.0,0.0,0.0,12.0,0,0,0,1,0,0,2024-10-05,2024,1,0,0,0,0,0,0,0,0,0,0,0,0,0,0,0,0,0,0,0,0,0,0,0,0,0,0,0,0,0,0,0.0,0.0,0.0,0.0,0.0,0.0,0.0,0.0,0.0,0.0,0.0,0.0,0.0,6.3784261836515865,611.7718154875714,11056.613934151217
,10/5/24,Sat,0.645833333,3:30p,Charlotte,East Carolina,28K,28.0,Charlotte,55.0,24.0,0.0,0.0,1,0.0,0.0,0.0,0.0,0.0,0.0,0.0,1.0,0.0,0.0,0.0,0.0,1,0,0.0,0.0,0.0,9.5,0.0,0.0,0.0,,,,,31.0,9.5,0.0,0.0,0.0,0.0,0.0,0.0,0.0,0.0,0.0,0.0,0.0,0.0,,0.0,0.0,0.0,0.0,15.5,0,0,0,0,1,0,2024-10-05,2024,1,0,0,0,0,0,0,0,0,0,0,0,0,0,0,0,0,0,0,0,0,0,0,0,0,0,0,0,0,0,0,0.0,0.0,0.0,0.0,0.0,0.0,0.0,0.0,0.0,0.0,0.0,0.0,0.0,3.367295829986474,51.138659551232806,16024.34435269416
,10/5/24,Sat,0.645833333,3:30p,Ohio St.,Iowa,4.46M,4460.0,Ohio State,35.0,7.0,0.0,1.0,1,0.0,0.0,0.0,0.0,1.0,0.0,0.0,0.0,0.0,0.0,0.0,0.0,1,0,0.0,0.0,0.0,17.0,2.0,0.0,0.0,,,,,28.0,-17.0,0.0,0.0,1.0,1.0,0.0,0.0,0.0,0.0,0.0,0.0,0.0,2.0,,1.0,0.0,0.0,0.0,15.5,0,0,0,0,1,0,2024-10-05,2024,1,0,0,0,0,0,0,0,0,0,0,0,0,0,0,0,0,0,0,0,0,0,0,0,0,0,0,0,0,0,0,0.0,0.0,0.0,0.0,0.0,0.0,0.0,0.0,0.0,0.0,0.0,0.0,0.0,8.403128235128264,5968.683019693987,10106.799992551403
,10/5/24,Sat,0.645833333,3:30p,Northwestern,Indiana,439K,439.0,Indiana,41.0,24.0,1.0,0.0,2,0.0,0.0,0.0,0.0,0.0,0.0,0.0,0.0,0.0,0.0,1.0,0.0,1,0,0.0,0.0,0.0,12.5,2.0,0.0,0.0,,,,,17.0,12.5,0.0,0.0,1.0,1.0,0.0,0.0,0.0,0.0,0.0,0.0,0.0,2.0,,0.0,0.0,0.0,1.0,15.5,0,0,0,0,1,0,2024-10-05,2024,1,0,0,0,0,0,0,0,0,0,0,0,0,0,0,0,0,0,0,0,0,0,0,0,0,0,0,0,0,0,0,0.0,0.0,0.0,0.0,0.0,0.0,0.0,0.0,0.0,0.0,0.0,0.0,0.0,6.0867747269123065,503.9197948509599,15571.563217394432
,10/5/24,Sat,0.645833333,3:30p,South Carolina,Mississippi,1.23M,1230.0,Ole Miss,27.0,3.0,1.0,0.0,1,0.0,0.0,0.0,0.0,0.0,0.0,0.0,0.0,0.0,0.0,0.0,0.0,1,0,0.0,0.0,0.0,10.0,2.0,0.0,0.0,,,,,24.0,10.0,1.0,1.0,0.0,0.0,0.0,0.0,0.0,0.0,0.0,2.0,0.0,0.0,,0.0,0.0,1.0,0.0,15.5,0,0,0,0,1,0,2024-10-05,2024,1,0,0,0,0,0,0,0,0,0,0,0,0,0,0,0,0,0,0,0,0,0,0,0,0,0,0,0,0,0,0,0.0,0.0,0.0,0.0,0.0,0.0,0.0,0.0,0.0,0.0,0.0,0.0,0.0,7.115582126184454,1966.4758497428716,14109.007162502521
,10/5/24,Sat,0.645833333,3:30p,Georgia,Auburn,4.93M,4930.0,Georgia,31.0,13.0,0.0,1.0,1,0.0,0.0,0.0,0.0,0.0,1.0,0.0,0.0,0.0,0.0,0.0,0.0,1,0,0.0,0.0,0.0,21.0,2.0,0.0,0.0,,,,,18.0,-21.0,1.0,1.0,0.0,0.0,0.0,0.0,0.0,0.0,0.0,2.0,0.0,0.0,,1.0,0.0,0.0,0.0,15.5,0,0,0,0,1,0,2024-10-05,2024,1,0,0,0,0,0,0,0,0,0,0,0,0,0,0,0,0,0,0,0,0,0,0,0,0,0,0,0,0,0,0,0.0,0.0,0.0,0.0,0.0,0.0,0.0,0.0,0.0,0.0,0.0,0.0,0.0,8.503297086224126,6218.028650082682,9857.454362162709
,10/5/24,Sat,0.666666667,4:00p,Nebraska,Rutgers,1.03M,1030.0,Nebraska,14.0,7.0,0.0,0.0,2,0.0,1.0,0.0,0.0,0.0,0.0,0.0,0.0,0.0,0.0,0.0,0.0,1,0,0.0,0.0,0.0,7.0,2.0,0.0,0.0,,,,,7.0,-7.0,0.0,0.0,1.0,1.0,0.0,0.0,0.0,0.0,0.0,0.0,0.0,2.0,,0.0,0.0,0.0,0.0,16.0,0,0,0,0,1,0,2024-10-05,2024,1,0,0,0,0,0,0,0,0,0,0,0,0,0,0,0,0,0,0,0,0,0,0,0,0,0,0,0,0,0,0,0.0,0.0,0.0,0.0,0.0,0.0,0.0,0.0,0.0,0.0,0.0,0.0,0.0,6.93828448401696,731.3776560531073,15344.105356192284
,10/5/24,Sat,0.666666667,4:00p,Oklahoma St.,West Virginia,634K,634.0,West Virginia,38.0,14.0,0.0,0.0,2,0.0,0.0,1.0,0.0,0.0,0.0,0.0,0.0,0.0,0.0,0.0,0.0,1,0,0.0,0.0,0.0,2.5,0.0,2.0,0.0,,,,,24.0,-2.5,0.0,0.0,0.0,0.0,0.0,0.0,1.0,1.0,2.0,0.0,0.0,0.0,,0.0,0.0,0.0,0.0,16.0,0,0,0,0,1,0,2024-10-05,2024,1,0,0,0,0,0,0,0,0,0,0,0,0,0,0,0,0,0,0,0,0,0,0,0,0,0,0,0,0,0,0,0.0,0.0,0.0,0.0,0.0,0.0,0.0,0.0,0.0,0.0,0.0,0.0,0.0,6.453624998892692,635.8593822705499,15439.623629974842
,10/5/24,Sat,0.770833333,6:30p,Oregon St.,Colorado St.,568K,568.0,Oregon State,39.0,31.0,0.0,0.0,2,0.0,0.0,0.0,0.0,0.0,0.0,1.0,0.0,0.0,0.0,0.0,0.0,1,0,0.0,0.0,0.0,10.0,0.0,0.0,0.0,,,,,8.0,-10.0,0.0,0.0,0.0,0.0,0.0,0.0,0.0,0.0,0.0,0.0,0.0,0.0,,0.0,0.0,0.0,0.0,18.5,0,0,0,0,0,0,2024-10-05,2024,1,0,0,0,0,0,0,0,0,0,0,0,0,0,0,0,0,0,0,0,0,0,0,0,0,0,0,0,0,0,0,0.0,0.0,0.0,0.0,0.0,0.0,0.0,0.0,0.0,0.0,0.0,0.0,0.0,6.343880434126331,446.4392784753696,14578.843443886382
,10/5/24,Sat,0.791666667,7:00p,Florida St.,Clemson,1.41M,1410.0,Clemson,29.0,13.0,1.0,0.0,1,0.0,0.0,0.0,0.0,0.0,0.0,0.0,0.0,0.0,0.0,0.0,0.0,0,0,0.0,0.0,0.0,16.5,0.0,2.0,0.0,,,,,16.0,16.5,0.0,0.0,0.0,0.0,1.0,1.0,0.0,0.0,0.0,0.0,2.0,0.0,,0.0,0.0,1.0,0.0,19.0,0,0,0,0,0,0,2024-10-05,2024,1,0,0,0,0,0,0,0,0,0,0,0,0,0,0,0,0,0,0,0,0,0,0,0,0,0,0,0,0,0,0,0.0,0.0,0.0,0.0,0.0,0.0,0.0,0.0,0.0,0.0,0.0,0.0,0.0,7.252053951852814,2722.907331897872,12856.398479459638
,10/5/24,Sat,0.791666667,7:00p,Boise St.,Utah St.,239K,239.0,Boise State,62.0,30.0,1.0,0.0,2,0.0,0.0,0.0,0.0,0.0,0.0,0.0,0.0,1.0,0.0,0.0,0.0,0,0,0.0,0.0,0.0,28.0,0.0,0.0,0.0,,,,,32.0,-28.0,0.0,0.0,0.0,0.0,0.0,0.0,0.0,0.0,0.0,0.0,0.0,0.0,,0.0,0.0,0.0,1.0,19.0,0,0,0,0,0,0,2024-10-05,2024,1,0,0,0,0,0,0,0,0,0,0,0,0,0,0,0,0,0,0,0,0,0,0,0,0,0,0,0,0,0,0,0.0,0.0,0.0,0.0,0.0,0.0,0.0,0.0,0.0,0.0,0.0,0.0,0.0,5.480638923341991,193.13879476718196,15386.167016590329
,10/5/24,Sat,0.791666667,7:00p,Louisiana Monroe,James Madison,42K,42.0,UL Monroe,21.0,19.0,0.0,0.0,1,0.0,0.0,0.0,0.0,0.0,0.0,0.0,1.0,0.0,0.0,0.0,0.0,0,0,0.0,0.0,0.0,16.5,0.0,0.0,0.0,,,,,2.0,16.5,0.0,0.0,0.0,0.0,0.0,0.0,0.0,0.0,0.0,0.0,0.0,0.0,,0.0,0.0,0.0,0.0,19.0,0,0,0,0,0,0,2024-10-05,2024,1,0,0,0,0,0,0,0,0,0,0,0,0,0,0,0,0,0,0,0,0,0,0,0,0,0,0,0,0,0,0,0.0,0.0,0.0,0.0,0.0,0.0,0.0,0.0,0.0,0.0,0.0,0.0,0.0,3.7612001156935624,52.400282223182344,15526.905529134328
,10/5/24,Sat,0.8125,7:30p,Iowa St.,Baylor,1.2M,1200.0,Iowa State,43.0,21.0,1.0,0.0,1,1.0,0.0,0.0,0.0,0.0,0.0,0.0,0.0,0.0,0.0,0.0,0.0,0,0,0.0,0.0,0.0,13.0,0.0,2.0,0.0,,,,,22.0,-13.0,0.0,0.0,0.0,0.0,0.0,0.0,1.0,1.0,2.0,0.0,0.0,0.0,,0.0,0.0,0.0,1.0,19.5,0,0,0,0,0,0,2024-10-05,2024,1,0,0,0,0,0,0,0,0,0,0,0,0,0,0,0,0,0,0,0,0,0,0,0,0,0,0,0,0,0,0,0.0,0.0,0.0,0.0,0.0,0.0,0.0,0.0,0.0,0.0,0.0,0.0,0.0,7.0909098220799835,1949.2332399715651,13630.072571385947
,10/5/24,Sat,0.8125,7:30p,Minnesota,USC,701K,701.0,Minnesota,24.0,17.0,1.0,0.0,2,0.0,0.0,0.0,0.0,0.0,0.0,0.0,0.0,0.0,0.0,1.0,0.0,0,0,0.0,0.0,0.0,8.5,2.0,0.0,0.0,,,,,7.0,8.5,0.0,0.0,1.0,1.0,0.0,0.0,0.0,0.0,0.0,0.0,0.0,2.0,,0.0,0.0,1.0,0.0,19.5,0,0,0,0,0,0,2024-10-05,2024,1,0,0,0,0,0,0,0,0,0,0,0,0,0,0,0,0,0,0,0,0,0,0,0,0,0,0,0,0,0,0,0.0,0.0,0.0,0.0,0.0,0.0,0.0,0.0,0.0,0.0,0.0,0.0,0.0,6.553933404025811,736.8988364332872,14842.406974924223
,10/5/24,Sat,0.8125,7:30p,Arkansas,Tennessee,5.29M,5290.0,Arkansas,19.0,14.0,0.0,1.0,1,0.0,0.0,0.0,0.0,0.0,1.0,0.0,0.0,0.0,0.0,0.0,0.0,0,0,0.0,0.0,0.0,14.0,2.0,0.0,0.0,,,,,5.0,14.0,1.0,1.0,0.0,0.0,0.0,0.0,0.0,0.0,0.0,2.0,0.0,0.0,,1.0,0.0,0.0,0.0,19.5,0,0,0,0,0,0,2024-10-05,2024,1,0,0,0,0,0,0,0,0,0,0,0,0,0,0,0,0,0,0,0,0,0,0,0,0,0,0,0,0,0,0,0.0,0.0,0.0,0.0,0.0,0.0,0.0,0.0,0.0,0.0,0.0,0.0,0.0,8.57376254290413,4713.026476089624,10866.279335267885
,10/5/24,Sat,0.8125,7:30p,Washington,Michigan,4.04M,4040.0,Washington,27.0,17.0,0.0,1.0,1,0.0,0.0,0.0,1.0,0.0,0.0,0.0,0.0,0.0,0.0,0.0,0.0,0,0,0.0,0.0,0.0,1.5,2.0,0.0,0.0,,,,,10.0,-1.5,0.0,0.0,1.0,1.0,0.0,0.0,0.0,0.0,0.0,0.0,0.0,2.0,,0.0,1.0,0.0,0.0,19.5,0,0,0,0,0,0,2024-10-05,2024,1,0,0,0,0,0,0,0,0,0,0,0,0,0,0,0,0,0,0,0,0,0,0,0,0,0,0,0,0,0,0,0.0,0.0,0.0,0.0,0.0,0.0,0.0,0.0,0.0,0.0,0.0,0.0,0.0,8.304247465078474,4211.23848250367,11368.067328853842
,10/5/24,Sat,0.833333333,8:00p,Arizona St.,Kansas,525K,525.0,Arizona State,35.0,31.0,0.0,0.0,2,0.0,0.0,1.0,0.0,0.0,0.0,0.0,0.0,0.0,0.0,0.0,0.0,0,0,0.0,0.0,0.0,2.5,0.0,2.0,0.0,,,,,4.0,-2.5,0.0,0.0,0.0,0.0,0.0,0.0,1.0,1.0,2.0,0.0,0.0,0.0,,0.0,0.0,0.0,0.0,20.0,0,0,0,0,0,0,2024-10-05,2024,1,0,0,0,0,0,0,0,0,0,0,0,0,0,0,0,0,0,0,0,0,0,0,0,0,0,0,0,0,0,0,0.0,0.0,0.0,0.0,0.0,0.0,0.0,0.0,0.0,0.0,0.0,0.0,0.0,6.26530121273771,554.0230889957588,14578.843443886382
,10/5/24,Sat,0.9375,10:30p,California,Miami,1.92M,1920.0,Miami,39.0,38.0,0.0,1.0,0,0.0,0.0,0.0,0.0,0.0,0.0,0.0,0.0,0.0,0.0,0.0,0.0,0,1,0.0,0.0,0.0,10.0,0.0,2.0,0.0,,,,,1.0,10.0,0.0,0.0,0.0,0.0,1.0,1.0,0.0,0.0,0.0,0.0,2.0,0.0,,0.0,0.0,0.0,0.0,22.5,0,0,0,0,0,1,2024-10-05,2024,1,0,0,0,0,0,0,0,0,0,0,0,0,0,0,0,0,0,0,0,0,0,0,0,0,0,0,0,0,0,0,0.0,0.0,0.0,0.0,0.0,0.0,0.0,0.0,0.0,0.0,0.0,0.0,0.0,7.560601162768557,1717.7324575397529,1486.2227486639247
,10/5/24,Sat,0.958333333,11:00p,Arizona,Texas Tech,943K,943.0,Texas Tech,28.0,22.0,0.0,0.0,0,1.0,0.0,0.0,0.0,0.0,0.0,0.0,0.0,0.0,0.0,0.0,0.0,0,1,0.0,0.0,0.0,6.0,0.0,2.0,0.0,,,,,6.0,-6.0,0.0,0.0,0.0,0.0,0.0,0.0,1.0,1.0,2.0,0.0,0.0,0.0,,0.0,0.0,0.0,0.0,23.0,0,0,0,0,0,1,2024-10-05,2024,1,0,0,0,0,0,0,0,0,0,0,0,0,0,0,0,0,0,0,0,0,0,0,0,0,0,0,0,0,0,0,0.0,0.0,0.0,0.0,0.0,0.0,0.0,0.0,0.0,0.0,0.0,0.0,0.0,6.8501261661455,1486.2227486639247,1717.7324575397529
,10/9/24,Wed,0.8125,7:30p,Jacksonville St.,New Mexico St.,310K,310.0,Jacksonville State,54.0,13.0,0.0,0.0,0,0.0,0.0,1.0,0.0,0.0,0.0,0.0,0.0,0.0,0.0,0.0,0.0,0,0,0.0,0.0,1.0,21.0,0.0,0.0,0.0,,,,,41.0,-21.0,0.0,0.0,0.0,0.0,0.0,0.0,0.0,0.0,0.0,0.0,0.0,0.0,,0.0,0.0,0.0,0.0,19.5,0,1,0,0,0,0,2024-10-09,2024,1,0,0,0,0,0,0,0,0,0,0,0,0,0,0,0,0,0,0,0,0,0,0,0,0,0,0,0,0,0,0,0.0,0.0,0.0,0.0,0.0,0.0,0.0,0.0,0.0,0.0,0.0,0.0,0.0,5.739792912179234,280.08739189439774,0.0
,10/10/24,Thu,0.8125,7:30p,James Madison,Coastal Carolina,390K,390.0,James Madison,39.0,7.0,0.0,0.0,0,0.0,0.0,1.0,0.0,0.0,0.0,0.0,0.0,0.0,0.0,0.0,0.0,0,0,0.0,0.0,1.0,7.0,0.0,0.0,0.0,,,,,32.0,-7.0,0.0,0.0,0.0,0.0,0.0,0.0,0.0,0.0,0.0,0.0,0.0,0.0,,0.0,0.0,0.0,0.0,19.5,0,1,0,0,0,0,2024-10-10,2024,1,0,0,0,0,0,0,0,0,0,0,0,0,0,0,0,0,0,0,0,0,0,0,0,0,0,0,0,0,0,0,0.0,0.0,0.0,0.0,0.0,0.0,0.0,0.0,0.0,0.0,0.0,0.0,0.0,5.968707559985366,281.0491878761956,70.07942232849983
,10/10/24,Thu,0.833333333,8:00p,Western Kentucky,UTEP,81K,81.0,Western Kentucky,44.0,17.0,0.0,0.0,0,0.0,0.0,0.0,0.0,0.0,0.0,0.0,1.0,0.0,0.0,0.0,0.0,0,0,0.0,0.0,1.0,19.0,0.0,0.0,0.0,,,,,27.0,-19.0,0.0,0.0,0.0,0.0,0.0,0.0,0.0,0.0,0.0,0.0,0.0,0.0,,0.0,0.0,0.0,0.0,20.0,0,1,0,0,0,0,2024-10-10,2024,1,0,0,0,0,0,0,0,0,0,0,0,0,0,0,0,0,0,0,0,0,0,0,0,0,0,0,0,0,0,0,0.0,0.0,0.0,0.0,0.0,0.0,0.0,0.0,0.0,0.0,0.0,0.0,0.0,4.406719247264253,70.07942232849983,281.0491878761956
,10/11/24,Fri,0.833333333,8:00p,Maryland,Northwestern,712K,712.0,Northwestern,37.0,10.0,0.0,0.0,0,0.0,1.0,0.0,0.0,0.0,0.0,0.0,0.0,0.0,0.0,0.0,0.0,0,0,0.0,0.0,1.0,11.0,2.0,0.0,0.0,,,,,27.0,-11.0,0.0,0.0,1.0,1.0,0.0,0.0,0.0,0.0,0.0,0.0,0.0,2.0,,0.0,0.0,0.0,0.0,20.0,0,0,1,0,0,0,2024-10-11,2024,1,0,0,0,0,0,0,0,0,0,0,0,0,0,0,0,0,0,0,0,0,0,0,0,0,0,0,0,0,0,0,0.0,0.0,1.0,0.0,0.0,0.0,0.0,0.0,0.0,0.0,0.0,0.0,0.0,6.569481420414296,533.0298559003077,0.0
,10/11/24,Fri,0.9375,10:30p,Arizona St.,Utah,1.29M,1290.0,Arizona State,27.0,19.0,1.0,0.0,0,0.0,0.0,0.0,0.0,0.0,0.0,0.0,0.0,0.0,0.0,0.0,0.0,0,0,0.0,0.0,1.0,6.0,0.0,2.0,0.0,,,,,8.0,6.0,0.0,0.0,0.0,0.0,0.0,0.0,1.0,1.0,2.0,0.0,0.0,0.0,,0.0,0.0,0.0,0.0,22.5,0,0,1,0,0,0,2024-10-11,2024,1,0,0,0,0,0,0,0,0,0,0,0,0,0,0,0,0,0,0,0,0,0,0,0,0,0,0,0,0,0,0,0.0,0.0,0.0,0.0,0.0,0.0,0.0,0.0,0.0,0.0,0.0,0.0,1.0,7.1631723908466425,1580.2995447487165,0.0
,10/12/24,Sat,0.5,12:00p,Rutgers,Wisconsin,620K,620.0,Wisconsin,42.0,7.0,0.0,0.0,2,0.0,0.0,0.0,0.0,0.0,0.0,0.0,0.0,0.0,0.0,1.0,0.0,1,0,0.0,0.0,0.0,1.0,2.0,0.0,0.0,,,,,35.0,-1.0,0.0,0.0,1.0,1.0,0.0,0.0,0.0,0.0,0.0,0.0,0.0,2.0,,0.0,0.0,0.0,0.0,12.0,0,0,0,1,0,0,2024-10-12,2024,1,0,0,0,0,0,0,0,0,0,0,0,0,0,0,0,0,0,0,0,0,0,0,0,0,0,0,0,0,0,0,0.0,0.0,0.0,0.0,0.0,0.0,0.0,0.0,0.0,0.0,0.0,0.0,0.0,6.431331081933479,535.4106815965005,11219.64973191877
,10/12/24,Sat,0.5,12:00p,Iowa,Washington,2.37M,2370.0,Iowa,40.0,16.0,0.0,0.0,1,1.0,0.0,0.0,0.0,0.0,0.0,0.0,0.0,0.0,0.0,0.0,0.0,1,0,0.0,0.0,0.0,2.5,2.0,0.0,0.0,,,,,24.0,-2.5,0.0,0.0,1.0,1.0,0.0,0.0,0.0,0.0,0.0,0.0,0.0,2.0,,0.0,0.0,0.0,0.0,12.0,0,0,0,1,0,0,2024-10-12,2024,1,0,0,0,0,0,0,0,0,0,0,0,0,0,0,0,0,0,0,0,0,0,0,0,0,0,0,0,0,0,0,0.0,0.0,0.0,0.0,0.0,0.0,0.0,0.0,0.0,0.0,0.0,0.0,0.0,7.771067086065406,2255.572722981909,9499.487690533362
,10/12/24,Sat,0.5,12:00p,Alabama,South Carolina,6M,6000.0,Alabama,27.0,25.0,0.0,1.0,1,0.0,0.0,0.0,0.0,0.0,1.0,0.0,0.0,0.0,0.0,0.0,0.0,1,0,0.0,0.0,0.0,21.0,2.0,0.0,0.0,,,,,2.0,-21.0,1.0,1.0,0.0,0.0,0.0,0.0,0.0,0.0,0.0,2.0,0.0,0.0,,0.0,1.0,0.0,0.0,12.0,0,0,0,1,0,0,2024-10-12,2024,1,0,0,0,0,0,0,0,0,0,0,0,0,0,0,0,0,0,0,0,0,0,0,0,0,0,0,0,0,0,0,0.0,0.0,0.0,0.0,0.0,0.0,0.0,0.0,0.0,0.0,0.0,0.0,0.0,8.699681400989514,6513.753891910002,5241.30652160527
,10/12/24,Sat,0.5,12:00p,Buffalo,Toledo,40K,40.0,Buffalo,30.0,15.0,0.0,0.0,1,0.0,0.0,0.0,0.0,0.0,0.0,0.0,1.0,0.0,0.0,0.0,0.0,1,0,0.0,0.0,0.0,10.5,0.0,0.0,0.0,,,,,15.0,10.5,0.0,0.0,0.0,0.0,0.0,0.0,0.0,0.0,0.0,0.0,0.0,0.0,,0.0,0.0,0.0,0.0,12.0,0,0,0,1,0,0,2024-10-12,2024,1,0,0,0,0,0,0,0,0,0,0,0,0,0,0,0,0,0,0,0,0,0,0,0,0,0,0,0,0,0,0,0.0,0.0,0.0,0.0,0.0,0.0,0.0,0.0,0.0,0.0,0.0,0.0,0.0,3.713572066704308,59.64878160716282,11695.411631908108
,10/12/24,Sat,0.5,12:00p,Massachusetts,Missouri,276K,276.0,Missouri,45.0,3.0,1.0,0.0,2,0.0,0.0,1.0,0.0,0.0,0.0,0.0,0.0,0.0,0.0,0.0,0.0,1,0,0.0,0.0,0.0,27.0,1.0,0.0,0.0,,,,,42.0,27.0,0.0,1.0,0.0,0.0,0.0,0.0,0.0,0.0,0.0,1.0,0.0,0.0,,0.0,0.0,0.0,1.0,12.0,0,0,0,1,0,0,2024-10-12,2024,1,0,0,0,0,0,0,0,0,0,0,0,0,0,0,0,0,0,0,0,0,0,0,0,0,0,0,0,0,0,0,0.0,0.0,0.0,0.0,0.0,0.0,0.0,0.0,0.0,0.0,0.0,0.0,0.0,5.6240175061873385,334.1581112747273,11420.902302240542
,10/12/24,Sat,0.5,12:00p,Wake Forest,Clemson,1.3M,1300.0,Clemson,49.0,14.0,0.0,1.0,1,0.0,0.0,0.0,0.0,0.0,0.0,0.0,0.0,0.0,0.0,0.0,0.0,1,0,0.0,0.0,0.0,21.0,0.0,2.0,0.0,,,,,35.0,21.0,0.0,0.0,0.0,0.0,1.0,1.0,0.0,0.0,0.0,0.0,2.0,0.0,,0.0,1.0,0.0,0.0,12.0,0,0,0,1,0,0,2024-10-12,2024,1,0,0,0,0,0,0,0,0,0,0,0,0,0,0,0,0,0,0,0,0,0,0,0,0,0,0,0,0,0,0,0.0,0.0,0.0,0.0,0.0,0.0,0.0,0.0,0.0,0.0,0.0,0.0,0.0,7.170888478512505,1463.9406287646857,10291.119784750585
,10/12/24,Sat,0.5,12:00p,North Carolina,Georgia Tech,541K,541.0,Georgia Tech,41.0,34.0,0.0,0.0,2,0.0,0.0,0.0,0.0,0.0,0.0,1.0,0.0,0.0,0.0,0.0,0.0,1,0,0.0,0.0,0.0,3.5,0.0,2.0,0.0,,,,,7.0,3.5,0.0,0.0,0.0,0.0,1.0,1.0,0.0,0.0,0.0,0.0,2.0,0.0,,0.0,0.0,0.0,0.0,12.0,0,0,0,1,0,0,2024-10-12,2024,1,0,0,0,0,0,0,0,0,0,0,0,0,0,0,0,0,0,0,0,0,0,0,0,0,0,0,0,0,0,0,0.0,0.0,0.0,0.0,0.0,0.0,0.0,0.0,0.0,0.0,0.0,0.0,0.0,6.295266001439646,592.5755953802843,11162.484818134986
,10/12/24,Sat,0.645833333,3:30p,Illinois,Purdue,440K,440.0,Illinois,50.0,49.0,1.0,0.0,2,0.0,1.0,0.0,0.0,0.0,0.0,0.0,0.0,0.0,0.0,0.0,0.0,1,0,0.0,0.0,0.0,22.5,2.0,0.0,0.0,,,,,1.0,-22.5,0.0,0.0,1.0,1.0,0.0,0.0,0.0,0.0,0.0,0.0,0.0,2.0,,0.0,0.0,0.0,1.0,15.5,0,0,0,0,1,0,2024-10-12,2024,1,0,0,0,0,0,0,0,0,0,0,0,0,0,0,0,0,0,0,0,0,0,0,0,0,0,0,0,0,0,0,0.0,0.0,0.0,0.0,0.0,0.0,0.0,0.0,0.0,0.0,0.0,0.0,0.0,6.089044875446846,578.9253206280565,16856.879449483215
,10/12/24,Sat,0.645833333,3:30p,UCF,Cincinnati,280K,280.0,Cincinnati,19.0,13.0,0.0,0.0,2,0.0,0.0,1.0,0.0,0.0,0.0,0.0,0.0,0.0,0.0,0.0,0.0,1,0,0.0,0.0,0.0,2.0,0.0,2.0,0.0,,,,,6.0,-2.0,0.0,0.0,0.0,0.0,0.0,0.0,1.0,1.0,2.0,0.0,0.0,0.0,,0.0,0.0,0.0,0.0,15.5,0,0,0,0,1,0,2024-10-12,2024,1,0,0,0,0,0,0,0,0,0,0,0,0,0,0,0,0,0,0,0,0,0,0,0,0,0,0,0,0,0,0,0.0,0.0,0.0,0.0,0.0,0.0,0.0,0.0,0.0,0.0,0.0,0.0,0.0,5.638354669333745,427.1275530751483,17008.677217036122
,10/12/24,Sat,0.645833333,3:30p,Pittsburgh,California,741K,741.0,Pittsburgh,17.0,15.0,1.0,0.0,1,0.0,0.0,0.0,0.0,0.0,0.0,0.0,0.0,0.0,0.0,0.0,0.0,1,0,0.0,0.0,0.0,3.5,0.0,2.0,0.0,,,,,2.0,-3.5,0.0,0.0,0.0,0.0,1.0,1.0,0.0,0.0,0.0,0.0,2.0,0.0,,0.0,0.0,0.0,1.0,15.5,0,0,0,0,1,0,2024-10-12,2024,1,0,0,0,0,0,0,0,0,0,0,0,0,0,0,0,0,0,0,0,0,0,0,0,0,0,0,0,0,0,0,0.0,0.0,0.0,0.0,0.0,0.0,0.0,0.0,0.0,0.0,0.0,0.0,0.0,6.60934924316738,1120.9368371100156,16314.867933001253
,10/12/24,Sat,0.645833333,3:30p,USC,Penn St.,4.28M,4280.0,Penn State,33.0,30.0,0.0,1.0,1,0.0,0.0,0.0,0.0,1.0,0.0,0.0,0.0,0.0,0.0,0.0,0.0,1,0,0.0,0.0,0.0,3.5,2.0,0.0,0.0,,,,,3.0,3.5,0.0,0.0,1.0,1.0,0.0,0.0,0.0,0.0,0.0,0.0,0.0,2.0,,1.0,0.0,0.0,0.0,15.5,0,0,0,0,1,0,2024-10-12,2024,1,0,0,0,0,0,0,0,0,0,0,0,0,0,0,0,0,0,0,0,0,0,0,0,0,0,0,0,0,0,0,0.0,0.0,0.0,0.0,0.0,0.0,0.0,0.0,0.0,0.0,0.0,0.0,0.0,8.361941906144946,4311.979244357828,13123.825525753444
,10/12/24,Sat,0.645833333,3:30p,Oklahoma,Texas,7.63M,7630.0,Texas,34.0,3.0,1.0,1.0,1,0.0,0.0,0.0,0.0,0.0,1.0,0.0,0.0,0.0,0.0,0.0,0.0,1,0,0.0,0.0,0.0,16.5,2.0,0.0,0.0,,,,,31.0,16.5,1.0,1.0,0.0,0.0,0.0,0.0,0.0,0.0,0.0,2.0,0.0,0.0,,1.0,0.0,0.0,1.0,15.5,0,0,0,0,1,0,2024-10-12,2024,1,0,0,1,0,0,0,0,0,0,0,0,0,0,0,0,0,0,0,0,0,0,0,0,0,1,1,0,0,0,0,0.0,0.0,0.0,0.0,0.0,0.0,0.0,0.0,0.0,0.0,0.0,0.0,0.0,8.939974177289633,7152.210668788533,10283.594101322738
,10/12/24,Sat,0.645833333,3:30p,Notre Dame,Stanford,1.87M,1870.0,Notre Dame,49.0,7.0,1.0,0.0,1,0.0,0.0,0.0,1.0,0.0,0.0,0.0,0.0,0.0,0.0,0.0,0.0,1,0,0.0,0.0,0.0,22.5,0.0,1.0,0.0,,,,,42.0,-22.5,0.0,0.0,0.0,0.0,0.0,1.0,0.0,0.0,0.0,0.0,1.0,0.0,,0.0,0.0,1.0,0.0,15.5,0,0,0,0,1,0,2024-10-12,2024,1,0,0,0,0,0,0,0,0,0,0,0,0,0,0,0,0,0,0,0,0,0,0,0,0,0,0,0,0,0,0,0.0,0.0,0.0,0.0,0.0,0.0,0.0,0.0,0.0,0.0,0.0,0.0,0.0,7.534228326274089,2073.989135589185,15361.815634522085
,10/12/24,Sat,0.666666667,4:00p,Central Michigan,Ohio,24K,24.0,Ohio,27.0,25.0,0.0,0.0,1,0.0,0.0,0.0,0.0,0.0,0.0,0.0,1.0,0.0,0.0,0.0,0.0,1,0,0.0,0.0,0.0,3.0,0.0,0.0,0.0,,,,,2.0,3.0,0.0,0.0,0.0,0.0,0.0,0.0,0.0,0.0,0.0,0.0,0.0,0.0,,0.0,0.0,0.0,0.0,16.0,0,0,0,0,1,0,2024-10-12,2024,1,0,0,0,0,0,0,0,0,0,0,0,0,0,0,0,0,0,0,0,0,0,0,0,0,0,0,0,0,0,0,0.0,0.0,0.0,0.0,0.0,0.0,0.0,0.0,0.0,0.0,0.0,0.0,0.0,3.2188758248682006,67.55148892967324,17368.253281181598
,10/12/24,Sat,0.666666667,4:00p,BYU,Arizona,1.31M,1310.0,BYU,41.0,19.0,1.0,0.0,1,1.0,0.0,0.0,0.0,0.0,0.0,0.0,0.0,0.0,0.0,0.0,0.0,1,0,0.0,0.0,0.0,3.0,0.0,2.0,0.0,,,,,22.0,-3.0,0.0,0.0,0.0,0.0,0.0,0.0,1.0,1.0,2.0,0.0,0.0,0.0,,0.0,0.0,1.0,0.0,16.0,0,0,0,0,1,0,2024-10-12,2024,1,0,0,0,0,0,0,0,0,0,0,0,0,0,0,0,0,0,0,0,0,0,0,0,0,0,0,0,0,0,0,0.0,0.0,0.0,0.0,0.0,0.0,0.0,0.0,0.0,0.0,0.0,0.0,0.0,7.1785454837637,1703.0845216328298,15732.720248478441
,10/12/24,Sat,0.791666667,7:00p,FAU,North Texas,82K,82.0,North Texas,41.0,37.0,0.0,0.0,3,0.0,0.0,1.0,0.0,0.0,0.0,0.0,0.0,0.0,0.0,0.0,0.0,0,0,0.0,0.0,0.0,5.5,0.0,0.0,0.0,,,,,4.0,5.5,0.0,0.0,0.0,0.0,0.0,0.0,0.0,0.0,0.0,0.0,0.0,0.0,,0.0,0.0,0.0,0.0,19.0,0,0,0,0,0,0,2024-10-12,2024,1,0,0,0,0,0,0,0,0,0,0,0,0,0,0,0,0,0,0,0,0,0,0,0,0,0,0,0,0,0,0,0.0,0.0,0.0,0.0,0.0,0.0,0.0,0.0,0.0,0.0,0.0,0.0,0.0,4.418840607796598,114.11599083745652,19625.110662112802
,10/12/24,Sat,0.791666667,7:00p,Fresno St.,Washington St.,246K,246.0,Washington State,25.0,17.0,0.0,0.0,3,0.0,1.0,0.0,0.0,0.0,0.0,0.0,0.0,0.0,0.0,0.0,0.0,0,0,0.0,0.0,0.0,3.5,0.0,0.0,0.0,,,,,8.0,3.5,0.0,0.0,0.0,0.0,0.0,0.0,0.0,0.0,0.0,0.0,0.0,0.0,,0.0,0.0,0.0,0.0,19.0,0,0,0,0,0,0,2024-10-12,2024,1,0,0,0,0,0,0,0,0,0,0,0,0,0,0,0,0,0,0,0,0,0,0,0,0,0,0,0,0,0,0,0.0,0.0,0.0,0.0,0.0,0.0,0.0,0.0,0.0,0.0,0.0,0.0,0.0,5.5093883366279774,270.0642715324914,19469.16238141777
,10/12/24,Sat,0.791666667,7:00p,Tennessee,Florida,3.25M,3250.0,Tennessee,23.0,17.0,0.0,1.0,2,0.0,0.0,0.0,0.0,0.0,0.0,0.0,0.0,0.0,0.0,0.0,0.0,0,0,0.0,0.0,0.0,13.5,2.0,0.0,0.0,,,,,6.0,-13.5,1.0,1.0,0.0,0.0,0.0,0.0,0.0,0.0,0.0,2.0,0.0,0.0,,0.0,1.0,0.0,0.0,19.0,0,0,0,0,0,0,2024-10-12,2024,1,0,0,0,0,0,0,1,0,0,0,0,0,0,0,0,0,0,0,0,0,0,0,0,0,0,0,0,0,0,0,0.0,0.0,0.0,0.0,0.0,0.0,0.0,0.0,0.0,0.0,0.0,0.0,0.0,8.086717920303906,3902.031862424792,15837.194790525467
,10/12/24,Sat,0.8125,7:30p,LSU,Mississippi,4.24M,4240.0,LSU,29.0,26.0,1.0,1.0,2,0.0,0.0,0.0,0.0,0.0,1.0,0.0,0.0,0.0,0.0,0.0,0.0,0,0,0.0,0.0,0.0,3.5,2.0,0.0,0.0,,,,,3.0,3.5,1.0,1.0,0.0,0.0,0.0,0.0,0.0,0.0,0.0,2.0,0.0,0.0,,0.0,1.0,1.0,0.0,19.5,0,0,0,0,0,0,2024-10-12,2024,1,0,0,0,0,0,0,0,0,0,0,0,0,0,0,0,0,0,0,0,0,0,0,0,0,1,1,0,0,0,0,0.0,0.0,0.0,0.0,0.0,0.0,0.0,0.0,0.0,0.0,0.0,0.0,0.0,8.352554369474591,5666.834273728894,14072.392379221365
,10/12/24,Sat,0.8125,7:30p,Oregon,Ohio St.,9.6M,9600.0,Oregon,32.0,31.0,0.0,2.0,2,0.0,0.0,0.0,1.0,0.0,0.0,0.0,0.0,0.0,0.0,0.0,0.0,0,0,0.0,0.0,0.0,3.5,2.0,0.0,0.0,,,,,1.0,3.5,0.0,0.0,1.0,1.0,0.0,0.0,0.0,0.0,0.0,0.0,0.0,2.0,,2.0,0.0,0.0,0.0,19.5,0,0,0,0,0,0,2024-10-12,2024,1,0,0,0,0,0,0,0,0,0,0,0,0,0,0,0,0,0,0,0,0,0,0,0,0,1,0,1,0,0,0,0.0,0.0,0.0,0.0,0.0,0.0,0.0,0.0,0.0,0.0,0.0,0.0,0.0,9.169622538697624,7190.28424234286,12548.9424106074
,10/12/24,Sat,0.833333333,8:00p,West Virginia,Iowa St.,1.22M,1220.0,Iowa State,28.0,16.0,1.0,0.0,2,1.0,0.0,0.0,0.0,0.0,0.0,0.0,0.0,0.0,0.0,0.0,0.0,0,0,0.0,0.0,0.0,3.0,0.0,2.0,0.0,,,,,12.0,3.0,0.0,0.0,0.0,0.0,0.0,0.0,1.0,1.0,2.0,0.0,0.0,0.0,,0.0,0.0,0.0,0.0,20.0,0,0,0,0,0,0,2024-10-12,2024,1,0,0,0,0,0,0,0,0,0,0,0,0,0,0,0,0,0,0,0,0,0,0,0,0,0,0,0,0,0,0,0.0,0.0,0.0,0.0,0.0,0.0,0.0,0.0,0.0,0.0,0.0,0.0,0.0,7.107425474110705,2545.25923861596,17640.770440026212
,10/12/24,Sat,0.833333333,8:00p,Georgia Southern,Marshall,15K,15.0,Georgia Southern,24.0,23.0,0.0,0.0,2,0.0,0.0,0.0,0.0,0.0,0.0,0.0,1.0,0.0,0.0,0.0,0.0,0,0,0.0,0.0,0.0,1.0,0.0,0.0,0.0,,,,,1.0,-1.0,0.0,0.0,0.0,0.0,0.0,0.0,0.0,0.0,0.0,0.0,0.0,0.0,,0.0,0.0,0.0,0.0,20.0,0,0,0,0,0,0,2024-10-12,2024,1,0,0,0,0,0,0,0,0,0,0,0,0,0,0,0,0,0,0,0,0,0,0,0,0,0,0,0,0,0,0,0.0,0.0,0.0,0.0,0.0,0.0,0.0,0.0,0.0,0.0,0.0,0.0,0.0,2.772588722239781,50.63677346780687,20135.392905174365
,10/12/24,Sat,0.875,9:00p,UCLA,Minnesota,312K,312.0,Minnesota,21.0,17.0,0.0,0.0,0,0.0,0.0,0.0,0.0,0.0,0.0,0.0,0.0,0.0,0.0,1.0,0.0,0,0,0.0,0.0,0.0,3.5,2.0,0.0,0.0,,,,,4.0,3.5,0.0,0.0,1.0,1.0,0.0,0.0,0.0,0.0,0.0,0.0,0.0,2.0,,0.0,0.0,0.0,0.0,21.0,0,0,0,0,0,0,2024-10-12,2024,1,0,0,0,0,0,0,0,0,0,0,0,0,0,0,0,0,0,0,0,0,0,0,0,0,0,0,0,0,0,0,0.0,0.0,0.0,0.0,0.0,0.0,0.0,0.0,0.0,0.0,0.0,0.0,0.0,5.746203190540153,446.8030256919131,2595.896012083767
,10/12/24,Sat,0.9375,10:30p,Colorado,Kansas St.,3.26M,3260.0,Kansas State,31.0,28.0,1.0,0.0,0,0.0,0.0,0.0,0.0,0.0,0.0,0.0,0.0,0.0,0.0,0.0,0.0,0,1,0.0,0.0,0.0,3.5,0.0,2.0,0.0,,,,,3.0,3.5,0.0,0.0,0.0,0.0,0.0,0.0,1.0,1.0,2.0,0.0,0.0,0.0,,0.0,0.0,0.0,0.0,22.5,0,0,0,0,0,1,2024-10-12,2024,1,1,0,0,0,0,0,0,0,0,0,0,0,0,0,0,0,0,0,0,0,0,0,0,0,0,0,0,0,0,0,0.0,0.0,0.0,0.0,0.0,0.0,0.0,0.0,0.0,0.0,0.0,0.0,0.0,8.089789175789319,3602.447535570561,0.0
,10/15/24,Tue,0.8125,7:30p,South Alabama,Troy,352K,352.0,South Alabama,25.0,9.0,0.0,0.0,0,0.0,0.0,1.0,0.0,0.0,0.0,0.0,0.0,0.0,0.0,0.0,0.0,0,0,0.0,0.0,1.0,10.0,0.0,0.0,0.0,,,,,16.0,-10.0,0.0,0.0,0.0,0.0,0.0,0.0,0.0,0.0,0.0,0.0,0.0,0.0,,0.0,0.0,0.0,0.0,19.5,0,1,0,0,0,0,2024-10-15,2024,1,0,0,0,0,0,0,0,0,0,0,0,0,0,0,0,0,0,0,0,0,0,0,0,0,0,0,0,0,0,0,0.0,0.0,0.0,0.0,0.0,0.0,0.0,0.0,0.0,0.0,0.0,0.0,0.0,5.8664680569332965,257.22561605402825,0.0
,10/15/24,Tue,0.875,9:00p,New Mexico St.,Louisiana Tech,64K,64.0,New Mexico State,33.0,30.0,0.0,0.0,0,0.0,0.0,0.0,0.0,0.0,0.0,0.0,1.0,0.0,0.0,0.0,0.0,0,0,0.0,0.0,1.0,12.5,0.0,0.0,0.0,,,,,3.0,12.5,0.0,0.0,0.0,0.0,0.0,0.0,0.0,0.0,0.0,0.0,0.0,0.0,,0.0,0.0,0.0,0.0,21.0,0,1,0,0,0,0,2024-10-15,2024,1,0,0,0,0,0,0,0,0,0,0,0,0,0,0,0,0,0,0,0,0,0,0,0,0,0,0,0,0,0,0,0.0,0.0,0.0,0.0,0.0,0.0,0.0,0.0,0.0,0.0,0.0,0.0,0.0,4.174387269895637,81.29656949950459,0.0
,10/16/24,Wed,0.833333333,8:00p,Sam Houston,Western Kentucky,403K,403.0,Western Kentucky,31.0,14.0,0.0,0.0,0,0.0,0.0,1.0,0.0,0.0,0.0,0.0,0.0,0.0,0.0,0.0,0.0,0,0,0.0,0.0,1.0,1.5,0.0,0.0,0.0,,,,,17.0,-1.5,0.0,0.0,0.0,0.0,0.0,0.0,0.0,0.0,0.0,0.0,0.0,0.0,,0.0,0.0,0.0,0.0,20.0,0,1,0,0,0,0,2024-10-16,2024,1,0,0,0,0,0,0,0,0,0,0,0,0,0,0,0,0,0,0,0,0,0,0,0,0,0,0,0,0,0,0,0.0,0.0,0.0,0.0,0.0,0.0,0.0,0.0,0.0,0.0,0.0,0.0,0.0,6.0014148779611505,267.3485092962574,0.0
,10/17/24,Thu,0.8125,7:30p,Marshall,Georgia St.,209K,209.0,Marshall,35.0,20.0,0.0,0.0,0,0.0,0.0,1.0,0.0,0.0,0.0,0.0,0.0,0.0,0.0,0.0,0.0,0,0,0.0,0.0,1.0,9.5,0.0,0.0,0.0,,,,,15.0,-9.5,0.0,0.0,0.0,0.0,0.0,0.0,0.0,0.0,0.0,0.0,0.0,0.0,,0.0,0.0,0.0,0.0,19.5,0,1,0,0,0,0,2024-10-17,2024,1,0,0,0,0,0,0,0,0,0,0,0,0,0,0,0,0,0,0,0,0,0,0,0,0,0,0,0,0,0,0,0.0,0.0,0.0,0.0,0.0,0.0,0.0,0.0,0.0,0.0,0.0,0.0,0.0,5.3471075307174685,257.371924989481,1171.9431409908466
,10/17/24,Thu,0.791666667,7:00p,Virginia Tech,Boston College,712K,712.0,Virginia Tech,42.0,21.0,0.0,0.0,0,0.0,0.0,0.0,0.0,0.0,0.0,0.0,0.0,0.0,0.0,0.0,0.0,0,0,0.0,0.0,1.0,8.5,0.0,2.0,0.0,,,,,21.0,-8.5,0.0,0.0,0.0,0.0,1.0,1.0,0.0,0.0,0.0,0.0,2.0,0.0,,0.0,0.0,0.0,0.0,19.0,0,1,0,0,0,0,2024-10-17,2024,1,0,0,0,0,0,0,0,0,0,0,0,0,0,0,0,0,0,0,0,0,0,0,0,0,0,0,0,0,0,0,0.0,0.0,0.0,0.0,0.0,0.0,0.0,0.0,0.0,0.0,0.0,0.0,0.0,6.569481420414296,1171.9431409908466,257.371924989481
,10/18/24,Fri,0.9375,10:30p,Duke,Florida St.,1.26M,1260.0,Duke,23.0,16.0,0.0,0.0,0,0.0,0.0,0.0,0.0,0.0,0.0,0.0,0.0,0.0,0.0,0.0,0.0,0,0,0.0,0.0,1.0,2.5,0.0,2.0,0.0,,,,,7.0,-2.5,0.0,0.0,0.0,0.0,1.0,1.0,0.0,0.0,0.0,0.0,2.0,0.0,,0.0,0.0,0.0,0.0,22.5,0,0,1,0,0,0,2024-10-18,2024,1,0,0,0,0,0,0,0,0,0,0,0,0,0,0,0,0,0,0,0,0,0,0,0,0,0,0,0,0,0,0,0.0,0.0,0.0,0.0,0.0,0.0,0.0,0.0,0.0,0.0,0.0,0.0,1.0,7.13966033596492,2085.6278993433175,2023.1198730342758
,10/18/24,Fri,0.833333333,8:00p,Purdue,Oregon,2.15M,2150.0,Oregon,35.0,0.0,0.0,1.0,0,1.0,0.0,0.0,0.0,0.0,0.0,0.0,0.0,0.0,0.0,0.0,0.0,0,0,0.0,0.0,1.0,30.0,2.0,0.0,0.0,,,,,35.0,30.0,0.0,0.0,1.0,1.0,0.0,0.0,0.0,0.0,0.0,0.0,0.0,2.0,,0.0,0.0,0.0,0.0,20.0,0,0,1,0,0,0,2024-10-18,2024,1,0,0,0,0,0,0,0,0,0,0,0,0,0,0,0,0,0,0,0,0,0,0,0,0,0,0,0,0,0,0,1.0,0.0,0.0,0.0,0.0,0.0,0.0,0.0,0.0,0.0,0.0,0.0,0.0,7.67368812926773,2843.0704794705616,0.0
,10/18/24,Fri,0.9375,10:30p,BYU,Oklahoma St.,1.66M,1660.0,BYU,38.0,35.0,1.0,0.0,0,0.0,0.0,0.0,0.0,0.0,0.0,0.0,0.0,0.0,0.0,0.0,0.0,0,0,0.0,0.0,1.0,8.5,0.0,2.0,0.0,,,,,3.0,-8.5,0.0,0.0,0.0,0.0,0.0,0.0,1.0,1.0,2.0,0.0,0.0,0.0,,0.0,0.0,0.0,0.0,22.5,0,0,1,0,0,0,2024-10-18,2024,1,0,0,0,0,0,0,0,0,0,0,0,0,0,0,0,0,0,0,0,0,0,0,0,0,0,0,0,0,0,0,0.0,0.0,0.0,0.0,0.0,0.0,0.0,0.0,0.0,0.0,0.0,0.0,1.0,7.415175109613295,2023.1198730342758,2085.6278993433175
,10/19/24,Sat,0.5,12:00p,Missouri,Auburn,2.45M,2450.0,Missouri,21.0,17.0,1.0,0.0,0,0.0,0.0,0.0,0.0,0.0,0.0,0.0,0.0,0.0,0.0,0.0,0.0,1,0,0.0,0.0,0.0,3.5,2.0,0.0,0.0,,,,,4.0,-3.5,1.0,1.0,0.0,0.0,0.0,0.0,0.0,0.0,0.0,2.0,0.0,0.0,,0.0,0.0,0.0,1.0,12.0,0,0,0,1,0,0,2024-10-19,2024,1,0,0,0,0,0,0,0,0,0,0,0,0,0,0,0,0,0,0,0,0,0,0,0,0,0,0,0,0,0,0,0.0,0.0,0.0,0.0,0.0,0.0,0.0,0.0,0.0,0.0,0.0,0.0,0.0,7.804251383528112,2401.315771121834,7500.831491407394
,10/19/24,Sat,0.5,12:00p,Indiana,Nebraska,3.18M,3180.0,Indiana,56.0,7.0,1.0,0.0,0,1.0,0.0,0.0,0.0,0.0,0.0,0.0,0.0,0.0,0.0,0.0,0.0,1,0,0.0,0.0,0.0,6.5,2.0,0.0,0.0,,,,,49.0,-6.5,0.0,0.0,1.0,1.0,0.0,0.0,0.0,0.0,0.0,0.0,0.0,2.0,,0.0,0.0,0.0,1.0,12.0,0,0,0,1,0,0,2024-10-19,2024,1,0,0,0,0,0,0,0,0,0,0,0,0,0,0,0,0,0,0,0,0,0,0,0,0,0,0,0,0,0,0,0.0,0.0,0.0,0.0,0.0,0.0,0.0,0.0,0.0,0.0,0.0,0.0,0.0,8.064950891749143,3450.7404560984505,6451.406806430778
,10/19/24,Sat,0.5,12:00p,Louisville,Miami,4.07M,4070.0,Miami,52.0,45.0,0.0,1.0,0,0.0,0.0,0.0,0.0,0.0,1.0,0.0,0.0,0.0,0.0,0.0,0.0,1,0,0.0,0.0,0.0,4.5,0.0,2.0,0.0,,,,,7.0,4.5,0.0,0.0,0.0,0.0,1.0,1.0,0.0,0.0,0.0,0.0,2.0,0.0,,0.0,1.0,0.0,0.0,12.0,0,0,0,1,0,0,2024-10-19,2024,1,0,0,0,0,0,0,0,0,0,0,0,0,0,0,0,0,0,0,0,0,0,0,0,0,0,0,0,0,0,0,0.0,0.0,0.0,0.0,0.0,0.0,0.0,0.0,0.0,0.0,0.0,0.0,0.0,8.31164394850298,2568.5550255405415,7333.592236988687
,10/19/24,Sat,0.5,12:00p,Rutgers,UCLA,426K,426.0,UCLA,35.0,32.0,0.0,0.0,1,0.0,1.0,0.0,0.0,0.0,0.0,0.0,0.0,0.0,0.0,0.0,0.0,1,0,0.0,0.0,0.0,4.0,2.0,0.0,0.0,,,,,3.0,-4.0,0.0,0.0,1.0,1.0,0.0,0.0,0.0,0.0,0.0,0.0,0.0,2.0,,0.0,0.0,0.0,0.0,12.0,0,0,0,1,0,0,2024-10-19,2024,1,0,0,0,0,0,0,0,0,0,0,0,0,0,0,0,0,0,0,0,0,0,0,0,0,0,0,0,0,0,0,0.0,0.0,0.0,0.0,0.0,0.0,0.0,0.0,0.0,0.0,0.0,0.0,0.0,6.056784013228625,381.96059092845405,9520.186671600773
,10/19/24,Sat,0.5,12:00p,Coastal Carolina,Louisiana,54K,54.0,Louisiana,34.0,24.0,0.0,0.0,0,0.0,0.0,0.0,0.0,0.0,0.0,0.0,1.0,0.0,0.0,0.0,0.0,1,0,0.0,0.0,0.0,6.0,0.0,0.0,0.0,,,,,10.0,6.0,0.0,0.0,0.0,0.0,0.0,0.0,0.0,0.0,0.0,0.0,0.0,0.0,,0.0,0.0,0.0,0.0,12.0,0,0,0,1,0,0,2024-10-19,2024,1,0,0,0,0,0,0,0,0,0,0,0,0,0,0,0,0,0,0,0,0,0,0,0,0,0,0,0,0,0,0,0.0,0.0,0.0,0.0,0.0,0.0,0.0,0.0,0.0,0.0,0.0,0.0,0.0,4.007333185232471,50.56986804233471,9851.577394486894
,10/19/24,Sat,0.5,12:00p,Northwestern,Wisconsin,502K,502.0,Wisconsin,23.0,3.0,0.0,0.0,1,0.0,0.0,0.0,0.0,0.0,0.0,0.0,0.0,0.0,0.0,1.0,0.0,1,0,0.0,0.0,0.0,9.5,2.0,0.0,0.0,,,,,20.0,9.5,0.0,0.0,1.0,1.0,0.0,0.0,0.0,0.0,0.0,0.0,0.0,2.0,,0.0,0.0,0.0,0.0,12.0,0,0,0,1,0,0,2024-10-19,2024,1,0,0,0,0,0,0,0,0,0,0,0,0,0,0,0,0,0,0,0,0,0,0,0,0,0,0,0,0,0,0,0.0,0.0,0.0,0.0,0.0,0.0,0.0,0.0,0.0,0.0,0.0,0.0,0.0,6.220590170099739,540.2240490532716,9361.923213475957
,10/19/24,Sat,0.5,12:00p,Army,East Carolina,323K,323.0,Army,45.0,28.0,1.0,0.0,1,0.0,0.0,1.0,0.0,0.0,0.0,0.0,0.0,0.0,0.0,0.0,0.0,1,0,0.0,0.0,0.0,17.5,0.0,0.0,0.0,,,,,17.0,-17.5,0.0,0.0,0.0,0.0,0.0,0.0,0.0,0.0,0.0,0.0,0.0,0.0,,0.0,0.0,0.0,1.0,12.0,0,0,0,1,0,0,2024-10-19,2024,1,0,0,0,0,0,0,0,0,0,0,0,0,0,0,0,0,0,0,0,0,0,0,0,0,0,0,0,0,0,0,0.0,0.0,0.0,0.0,0.0,0.0,0.0,0.0,0.0,0.0,0.0,0.0,0.0,5.780743515792329,508.7815017443428,9393.365760784885
,10/19/24,Sat,0.645833333,3:30p,Illinois,Michigan,3.01M,3010.0,Illinois,21.0,7.0,2.0,0.0,0,0.0,0.0,0.0,0.0,1.0,0.0,0.0,0.0,0.0,0.0,0.0,0.0,1,0,0.0,0.0,0.0,6.0,2.0,0.0,0.0,,,,,14.0,6.0,0.0,0.0,1.0,1.0,0.0,0.0,0.0,0.0,0.0,0.0,0.0,2.0,,0.0,0.0,0.0,2.0,15.5,0,0,0,0,1,0,2024-10-19,2024,1,0,0,0,0,0,0,0,0,0,0,0,0,0,0,0,0,0,0,0,0,0,0,0,0,1,0,1,0,0,0,0.0,0.0,0.0,0.0,0.0,0.0,0.0,0.0,0.0,0.0,0.0,0.0,0.0,8.010027528481734,4420.752643601217,16601.23751324892
,10/19/24,Sat,0.645833333,3:30p,Tennessee,Alabama,10.23M,10230.0,Tennessee,24.0,17.0,1.0,1.0,0,0.0,0.0,0.0,0.0,0.0,1.0,0.0,0.0,0.0,0.0,0.0,0.0,1,0,0.0,0.0,0.0,3.5,2.0,0.0,0.0,,,,,7.0,3.5,1.0,1.0,0.0,0.0,0.0,0.0,0.0,0.0,0.0,2.0,0.0,0.0,,0.0,1.0,1.0,0.0,15.5,0,0,0,0,1,0,2024-10-19,2024,1,0,0,0,0,0,0,0,0,0,0,0,0,0,0,0,0,0,0,0,0,0,0,0,0,1,1,0,0,0,0,0.0,0.0,0.0,0.0,0.0,0.0,0.0,0.0,0.0,0.0,0.0,0.0,0.0,9.23317760587894,10350.378207622918,10671.611949227216
,10/19/24,Sat,0.645833333,3:30p,Georgia Tech,Notre Dame,1.59M,1590.0,Notre Dame,31.0,13.0,1.0,0.0,0,0.0,0.0,0.0,0.0,0.0,0.0,0.0,0.0,0.0,0.0,0.0,0.0,1,0,0.0,0.0,0.0,14.0,0.0,1.0,0.0,,,,,18.0,14.0,0.0,0.0,0.0,0.0,1.0,0.0,0.0,0.0,0.0,0.0,1.0,0.0,,0.0,0.0,1.0,0.0,15.5,0,0,0,0,1,0,2024-10-19,2024,1,0,0,0,0,0,0,0,0,0,0,0,0,0,0,0,0,0,0,0,0,0,0,0,0,0,0,0,0,0,0,0.0,0.0,0.0,0.0,0.0,0.0,0.0,0.0,0.0,0.0,0.0,0.0,0.0,7.372118028337787,1937.8295993111362,19084.160557539
,10/19/24,Sat,0.645833333,3:30p,Washington St.,Hawaii,258K,258.0,Washington State,42.0,10.0,0.0,0.0,1,0.0,0.0,0.0,0.0,0.0,0.0,1.0,0.0,0.0,0.0,0.0,0.0,1,0,0.0,0.0,0.0,18.5,0.0,0.0,0.0,,,,,32.0,-18.5,0.0,0.0,0.0,0.0,0.0,0.0,0.0,0.0,0.0,0.0,0.0,0.0,,0.0,0.0,0.0,0.0,15.5,0,0,0,0,1,0,2024-10-19,2024,1,0,0,0,0,0,0,0,0,0,0,0,0,0,0,0,0,0,0,0,0,0,0,0,0,0,0,0,0,0,0,0.0,0.0,0.0,0.0,0.0,0.0,0.0,0.0,0.0,0.0,0.0,0.0,0.0,5.556828061699537,352.0490656458744,20669.94109120426
,10/19/24,Sat,0.666666667,4:00p,Texas Tech,Baylor,316K,316.0,Baylor,59.0,35.0,0.0,0.0,1,0.0,0.0,1.0,0.0,0.0,0.0,0.0,0.0,0.0,0.0,0.0,0.0,1,0,0.0,0.0,0.0,4.5,0.0,2.0,0.0,,,,,24.0,-4.5,0.0,0.0,0.0,0.0,0.0,0.0,1.0,1.0,2.0,0.0,0.0,0.0,,0.0,0.0,0.0,0.0,16.0,0,0,0,0,1,0,2024-10-19,2024,1,0,0,0,0,0,0,0,0,0,0,0,0,0,0,0,0,0,0,0,0,0,0,0,0,0,0,0,0,0,0,0.0,0.0,0.0,0.0,0.0,0.0,0.0,0.0,0.0,0.0,0.0,0.0,0.0,5.75890177387728,531.4644315413799,20490.525725308755
,10/19/24,Sat,0.666666667,4:00p,Maryland,USC,516K,516.0,Maryland,29.0,28.0,0.0,0.0,1,0.0,1.0,0.0,0.0,0.0,0.0,0.0,0.0,0.0,0.0,0.0,0.0,1,0,0.0,0.0,0.0,6.5,2.0,0.0,0.0,,,,,1.0,6.5,0.0,0.0,1.0,1.0,0.0,0.0,0.0,0.0,0.0,0.0,0.0,2.0,,0.0,0.0,0.0,0.0,16.0,0,0,0,0,1,0,2024-10-19,2024,1,0,0,0,0,0,0,0,0,0,0,0,0,0,0,0,0,0,0,0,0,0,0,0,0,0,0,0,0,0,0,0.0,0.0,0.0,0.0,0.0,0.0,0.0,0.0,0.0,0.0,0.0,0.0,0.0,6.248042874508429,519.4646264596416,20502.525530390492
,10/19/24,Sat,0.666666667,4:00p,Arizona,Colorado,2.02M,2020.0,Colorado,34.0,7.0,0.0,0.0,0,1.0,0.0,0.0,0.0,0.0,0.0,0.0,0.0,0.0,0.0,0.0,0.0,1,0,0.0,0.0,0.0,2.5,0.0,2.0,0.0,,,,,27.0,-2.5,0.0,0.0,0.0,0.0,0.0,0.0,1.0,1.0,2.0,0.0,0.0,0.0,,0.0,0.0,0.0,0.0,16.0,0,0,0,0,1,0,2024-10-19,2024,1,1,0,0,0,0,0,0,0,0,0,0,0,0,0,0,0,0,0,0,0,0,0,0,0,0,0,0,0,0,0,0.0,0.0,0.0,0.0,0.0,0.0,0.0,0.0,0.0,0.0,0.0,0.0,0.0,7.611347717403621,2910.051582667968,18111.938574182164
,10/19/24,Sat,0.791666667,7:00p,Arkansas,LSU,1.36M,1360.0,LSU,34.0,10.0,0.0,1.0,1,0.0,0.0,0.0,0.0,0.0,0.0,0.0,0.0,0.0,0.0,0.0,0.0,0,0,0.0,0.0,0.0,3.0,2.0,0.0,0.0,,,,,24.0,3.0,1.0,1.0,0.0,0.0,0.0,0.0,0.0,0.0,0.0,2.0,0.0,0.0,,0.0,1.0,0.0,0.0,19.0,0,0,0,0,0,0,2024-10-19,2024,1,0,0,0,0,0,0,0,0,0,0,0,0,0,0,0,0,0,0,0,0,0,0,0,0,0,0,0,0,0,0,0.0,0.0,0.0,0.0,0.0,0.0,0.0,0.0,0.0,0.0,0.0,0.0,0.0,7.215975002651466,3142.0446155326545,15515.305681497102
,10/19/24,Sat,0.8125,7:30p,Iowa St.,UCF,526K,526.0,Iowa State,38.0,35.0,0.0,1.0,2,0.0,1.0,0.0,0.0,0.0,0.0,0.0,0.0,0.0,0.0,0.0,0.0,0,0,0.0,0.0,0.0,13.0,0.0,2.0,0.0,,,,,3.0,-13.0,0.0,0.0,0.0,0.0,0.0,0.0,1.0,1.0,2.0,0.0,0.0,0.0,,0.0,1.0,0.0,0.0,19.5,0,0,0,0,0,0,2024-10-19,2024,1,0,0,0,0,0,0,0,0,0,0,0,0,0,0,0,0,0,0,0,0,0,0,0,0,0,0,0,0,0,0,0.0,0.0,0.0,0.0,0.0,0.0,0.0,0.0,0.0,0.0,0.0,0.0,0.0,6.267200548541362,702.3358184505138,17955.014478579244
,10/19/24,Sat,0.8125,7:30p,Memphis,North Texas,30K,30.0,Memphis,52.0,44.0,0.0,0.0,1,0.0,0.0,0.0,0.0,0.0,0.0,0.0,1.0,0.0,0.0,0.0,0.0,0,0,0.0,0.0,0.0,10.5,0.0,0.0,0.0,,,,,8.0,-10.5,0.0,0.0,0.0,0.0,0.0,0.0,0.0,0.0,0.0,0.0,0.0,0.0,,0.0,0.0,0.0,0.0,19.5,0,0,0,0,0,0,2024-10-19,2024,1,0,0,0,0,0,0,0,0,0,0,0,0,0,0,0,0,0,0,0,0,0,0,0,0,0,0,0,0,0,0,0.0,0.0,0.0,0.0,0.0,0.0,0.0,0.0,0.0,0.0,0.0,0.0,0.0,3.4339872044851463,43.96657572497971,18613.383721304777
,10/19/24,Sat,0.8125,7:30p,Michigan St.,Iowa,1.57M,1570.0,Michigan State,32.0,20.0,0.0,0.0,1,0.0,0.0,0.0,1.0,0.0,0.0,0.0,0.0,0.0,0.0,0.0,0.0,0,0,0.0,0.0,0.0,7.0,2.0,0.0,0.0,,,,,12.0,7.0,0.0,0.0,1.0,1.0,0.0,0.0,0.0,0.0,0.0,0.0,0.0,2.0,,0.0,0.0,0.0,0.0,19.5,0,0,0,0,0,0,2024-10-19,2024,1,0,0,0,0,0,0,0,0,0,0,0,0,0,0,0,0,0,0,0,0,0,0,0,0,0,0,0,0,0,0,0.0,0.0,0.0,0.0,0.0,0.0,0.0,0.0,0.0,0.0,0.0,0.0,0.0,7.359467638255621,2325.0645048799747,16332.285792149782
,10/19/24,Sat,0.8125,7:30p,West Virginia,Kansas St.,1.14M,1140.0,Kansas State,45.0,18.0,1.0,0.0,1,1.0,0.0,0.0,0.0,0.0,0.0,0.0,0.0,0.0,0.0,0.0,0.0,0,0,0.0,0.0,0.0,2.5,0.0,2.0,0.0,,,,,27.0,2.5,0.0,0.0,0.0,0.0,0.0,0.0,1.0,1.0,2.0,0.0,0.0,0.0,,0.0,0.0,0.0,1.0,19.5,0,0,0,0,0,0,2024-10-19,2024,1,0,0,0,0,0,0,0,0,0,0,0,0,0,0,0,0,0,0,0,0,0,0,0,0,0,0,0,0,0,0,0.0,0.0,0.0,0.0,0.0,0.0,0.0,0.0,0.0,0.0,0.0,0.0,0.0,7.039660349862076,2423.8190486299804,16233.531248399777
,10/19/24,Sat,0.8125,7:30p,Texas,Georgia,13.19M,13190.0,Georgia,30.0,15.0,0.0,2.0,1,0.0,0.0,0.0,0.0,0.0,1.0,0.0,0.0,0.0,0.0,0.0,0.0,0,0,0.0,0.0,0.0,4.0,2.0,0.0,0.0,,,,,15.0,-4.0,1.0,1.0,0.0,0.0,0.0,0.0,0.0,0.0,0.0,2.0,0.0,0.0,,2.0,0.0,0.0,0.0,19.5,0,0,0,0,0,0,2024-10-19,2024,1,0,0,0,0,0,0,0,0,0,0,0,0,0,0,0,0,0,0,0,0,0,0,0,0,1,1,0,0,0,0,0.0,0.0,0.0,0.0,0.0,0.0,0.0,0.0,0.0,0.0,0.0,0.0,0.0,9.48729005784892,10020.119733811654,8637.230563218103
,10/19/24,Sat,0.916666667,10:00p,Oregon St.,UNLV,507K,507.0,UNLV,33.0,25.0,0.0,0.0,0,0.0,0.0,0.0,0.0,0.0,0.0,1.0,0.0,0.0,0.0,0.0,0.0,0,1,0.0,0.0,0.0,6.5,0.0,0.0,0.0,,,,,8.0,6.5,0.0,0.0,0.0,0.0,0.0,0.0,0.0,0.0,0.0,0.0,0.0,0.0,,0.0,0.0,0.0,0.0,22.0,0,0,0,0,0,1,2024-10-19,2024,1,0,0,0,0,0,0,0,0,0,0,0,0,0,0,0,0,0,0,0,0,0,0,0,0,0,0,0,0,0,0,0.0,0.0,0.0,0.0,0.0,0.0,0.0,0.0,0.0,0.0,0.0,0.0,0.0,6.230481447578482,380.67807048416245,1005.4295584990447
,10/19/24,Sat,0.9375,10:30p,Utah,TCU,912K,912.0,TCU,13.0,7.0,0.0,0.0,0,0.0,0.0,0.0,0.0,0.0,0.0,0.0,0.0,0.0,0.0,0.0,0.0,0,1,0.0,0.0,0.0,3.0,0.0,2.0,0.0,,,,,6.0,-3.0,0.0,0.0,0.0,0.0,0.0,0.0,1.0,1.0,2.0,0.0,0.0,0.0,,0.0,0.0,0.0,0.0,22.5,0,0,0,0,0,1,2024-10-19,2024,1,0,0,0,0,0,0,0,0,0,0,0,0,0,0,0,0,0,0,0,0,0,0,0,0,0,0,0,0,0,0,0.0,0.0,0.0,0.0,0.0,0.0,0.0,0.0,0.0,0.0,0.0,0.0,0.0,6.816735880594968,1005.4295584990447,380.67807048416245
,10/22/24,Tue,0.8125,7:30p,FIU,Sam Houston,132K,132.0,Sam Houston,10.0,7.0,0.0,0.0,0,0.0,0.0,0.0,0.0,0.0,0.0,0.0,1.0,0.0,0.0,0.0,0.0,0,0,0.0,0.0,1.0,5.0,0.0,0.0,0.0,,,,,3.0,5.0,0.0,0.0,0.0,0.0,0.0,0.0,0.0,0.0,0.0,0.0,0.0,0.0,,0.0,0.0,0.0,0.0,19.5,0,1,0,0,0,0,2024-10-22,2024,1,0,0,0,0,0,0,0,0,0,0,0,0,0,0,0,0,0,0,0,0,0,0,0,0,0,0,0,0,0,0,0.0,0.0,0.0,0.0,0.0,0.0,0.0,0.0,0.0,0.0,0.0,0.0,0.0,4.890349128221754,95.03977775990666,0.0
,10/23/24,Wed,0.8125,7:30p,Jacksonville St.,Middle Tennessee St.,434K,434.0,Jacksonville State,42.0,20.0,0.0,0.0,0,0.0,0.0,1.0,0.0,0.0,0.0,0.0,0.0,0.0,0.0,0.0,0.0,0,0,0.0,0.0,1.0,20.5,0.0,0.0,0.0,,,,,22.0,-20.5,0.0,0.0,0.0,0.0,0.0,0.0,0.0,0.0,0.0,0.0,0.0,0.0,,0.0,0.0,0.0,0.0,19.5,0,1,0,0,0,0,2024-10-23,2024,1,0,0,0,0,0,0,0,0,0,0,0,0,0,0,0,0,0,0,0,0,0,0,0,0,0,0,0,0,0,0,0.0,0.0,0.0,0.0,0.0,0.0,0.0,0.0,0.0,0.0,0.0,0.0,0.0,6.075346031088684,338.09868753853885,0.0
,10/24/24,Thu,0.791666667,7:00p,Old Dominion,Georgia Southern,214K,214.0,Old Dominion,47.0,19.0,0.0,0.0,0,0.0,0.0,1.0,0.0,0.0,0.0,0.0,0.0,0.0,0.0,0.0,0.0,0,0,0.0,0.0,1.0,1.0,0.0,0.0,0.0,,,,,28.0,1.0,0.0,0.0,0.0,0.0,0.0,0.0,0.0,0.0,0.0,0.0,0.0,0.0,,0.0,0.0,0.0,0.0,19.0,0,1,0,0,0,0,2024-10-24,2024,1,0,0,0,0,0,0,0,0,0,0,0,0,0,0,0,0,0,0,0,0,0,0,0,0,0,0,0,0,0,0,0.0,0.0,0.0,0.0,0.0,0.0,0.0,0.0,0.0,0.0,0.0,0.0,0.0,5.3706380281276624,257.4900481311866,1732.1739166596133
,10/24/24,Thu,0.8125,7:30p,Pittsburgh,Syracuse,948K,948.0,Pittsburgh,41.0,13.0,1.0,0.0,0,0.0,0.0,0.0,0.0,0.0,0.0,0.0,0.0,0.0,0.0,0.0,0.0,0,0,0.0,0.0,1.0,5.0,0.0,2.0,0.0,,,,,28.0,-5.0,0.0,0.0,0.0,0.0,1.0,1.0,0.0,0.0,0.0,0.0,2.0,0.0,,0.0,0.0,0.0,1.0,19.5,0,1,0,0,0,0,2024-10-24,2024,1,0,0,0,0,0,0,0,0,0,0,0,0,0,0,0,0,0,0,0,0,0,0,0,0,0,0,0,0,0,0,0.0,0.0,0.0,0.0,0.0,0.0,0.0,0.0,0.0,0.0,0.0,0.0,0.0,6.855408798609928,1732.1739166596133,257.4900481311866
,10/25/24,Fri,0.8125,7:30p,Boston College,Louisville,879K,879.0,Louisville,31.0,27.0,0.0,0.0,0,0.0,0.0,1.0,0.0,0.0,0.0,0.0,0.0,0.0,0.0,0.0,0.0,0,0,0.0,0.0,1.0,7.0,0.0,2.0,0.0,,,,,4.0,7.0,0.0,0.0,0.0,0.0,1.0,1.0,0.0,0.0,0.0,0.0,2.0,0.0,,0.0,0.0,0.0,0.0,19.5,0,0,1,0,0,0,2024-10-25,2024,1,0,0,0,0,0,0,0,0,0,0,0,0,0,0,0,0,0,0,0,0,0,0,0,0,0,0,0,0,0,0,0.0,1.0,0.0,0.0,0.0,0.0,0.0,0.0,0.0,0.0,0.0,0.0,0.0,6.779921907472252,938.276147480389,0.0
,10/25/24,Fri,0.958333333,11:00p,USC,Rutgers,2.01M,2010.0,USC,42.0,20.0,0.0,0.0,0,1.0,0.0,0.0,0.0,0.0,0.0,0.0,0.0,0.0,0.0,0.0,0.0,0,0,0.0,0.0,1.0,14.0,2.0,0.0,0.0,,,,,22.0,-14.0,0.0,0.0,1.0,1.0,0.0,0.0,0.0,0.0,0.0,0.0,0.0,2.0,,0.0,0.0,0.0,0.0,23.0,0,0,1,0,0,0,2024-10-25,2024,1,0,0,0,0,0,0,0,0,0,0,0,0,0,0,0,0,0,0,0,0,0,0,0,0,0,0,0,0,0,0,1.0,0.0,0.0,0.0,0.0,0.0,0.0,0.0,0.0,0.0,0.0,0.0,0.0,7.606387389772652,1687.259012530104,0.0
,10/26/24,Sat,0.5,12:00p,Navy,Notre Dame,2.79M,2790.0,Notre Dame,51.0,14.0,2.0,0.0,0,0.0,0.0,0.0,0.0,0.0,1.0,0.0,0.0,0.0,0.0,0.0,0.0,1,0,0.0,0.0,0.0,14.0,0.0,0.0,0.0,,,,,37.0,14.0,0.0,0.0,0.0,0.0,0.0,0.0,0.0,0.0,0.0,0.0,0.0,0.0,,0.0,0.0,1.0,1.0,12.0,0,0,0,1,0,0,2024-10-26,2024,1,0,0,0,0,0,0,0,0,0,0,0,0,0,0,0,0,0,0,0,0,0,0,0,0,1,0,0,0,0,0,0.0,0.0,0.0,0.0,0.0,0.0,0.0,0.0,0.0,0.0,0.0,0.0,0.0,7.934155233536322,3510.970846811926,11615.395658402287
,10/26/24,Sat,0.5,12:00p,Memphis,Charlotte,41K,41.0,Memphis,33.0,28.0,0.0,0.0,0,0.0,0.0,0.0,0.0,0.0,0.0,0.0,1.0,0.0,0.0,0.0,0.0,1,0,0.0,0.0,0.0,17.0,0.0,0.0,0.0,,,,,5.0,-17.0,0.0,0.0,0.0,0.0,0.0,0.0,0.0,0.0,0.0,0.0,0.0,0.0,,0.0,0.0,0.0,0.0,12.0,0,0,0,1,0,0,2024-10-26,2024,1,0,0,0,0,0,0,0,0,0,0,0,0,0,0,0,0,0,0,0,0,0,0,0,0,0,0,0,0,0,0,0.0,0.0,0.0,0.0,0.0,0.0,0.0,0.0,0.0,0.0,0.0,0.0,0.0,3.7376696182833684,43.025192076573305,15083.341313137642
,10/26/24,Sat,0.5,12:00p,Indiana,Washington,1.07M,1070.0,Indiana,31.0,17.0,1.0,0.0,1,0.0,0.0,0.0,0.0,0.0,0.0,0.0,0.0,0.0,0.0,1.0,0.0,1,0,0.0,0.0,0.0,5.5,2.0,0.0,0.0,,,,,14.0,-5.5,0.0,0.0,1.0,1.0,0.0,0.0,0.0,0.0,0.0,0.0,0.0,2.0,,0.0,0.0,1.0,0.0,12.0,0,0,0,1,0,0,2024-10-26,2024,1,0,0,0,0,0,0,0,0,0,0,0,0,0,0,0,0,0,0,0,0,0,0,0,0,0,0,0,0,0,0,0.0,0.0,0.0,0.0,0.0,0.0,0.0,0.0,0.0,0.0,0.0,0.0,0.0,6.976348070447749,645.3084593623784,14481.058045851836
,10/26/24,Sat,0.5,12:00p,North Texas,Tulane,130K,130.0,Tulane,45.0,37.0,0.0,0.0,1,0.0,0.0,1.0,0.0,0.0,0.0,0.0,0.0,0.0,0.0,0.0,0.0,1,0,0.0,0.0,0.0,7.5,0.0,0.0,0.0,,,,,8.0,7.5,0.0,0.0,0.0,0.0,0.0,0.0,0.0,0.0,0.0,0.0,0.0,0.0,,0.0,0.0,0.0,0.0,12.0,0,0,0,1,0,0,2024-10-26,2024,1,0,0,0,0,0,0,0,0,0,0,0,0,0,0,0,0,0,0,0,0,0,0,0,0,0,0,0,0,0,0,0.0,0.0,0.0,0.0,0.0,0.0,0.0,0.0,0.0,0.0,0.0,0.0,0.0,4.875197323201151,155.92013641104458,14970.44636880317
,10/26/24,Sat,0.5,12:00p,Ohio St.,Nebraska,5.96M,5960.0,Ohio State,21.0,17.0,0.0,1.0,0,1.0,0.0,0.0,0.0,0.0,0.0,0.0,0.0,0.0,0.0,0.0,0.0,1,0,0.0,0.0,0.0,25.0,2.0,0.0,0.0,,,,,4.0,-25.0,0.0,0.0,1.0,1.0,0.0,0.0,0.0,0.0,0.0,0.0,0.0,2.0,,1.0,0.0,0.0,0.0,12.0,0,0,0,1,0,0,2024-10-26,2024,1,0,0,0,0,0,0,0,0,0,0,0,0,0,0,0,0,0,0,0,0,0,0,0,0,0,0,0,0,0,0,0.0,0.0,0.0,0.0,0.0,0.0,0.0,0.0,0.0,0.0,0.0,0.0,0.0,8.692993531219926,8097.313637593421,7029.052867620792
,10/26/24,Sat,0.5,12:00p,Mississippi,Oklahoma,2.6M,2600.0,Ole Miss,26.0,14.0,1.0,0.0,0,0.0,0.0,0.0,0.0,0.0,0.0,0.0,0.0,0.0,0.0,0.0,0.0,1,0,0.0,0.0,0.0,19.0,2.0,0.0,0.0,,,,,12.0,-19.0,1.0,1.0,0.0,0.0,0.0,0.0,0.0,0.0,0.0,2.0,0.0,0.0,,0.0,0.0,0.0,1.0,12.0,0,0,0,1,0,0,2024-10-26,2024,1,0,0,0,0,0,0,0,0,0,0,0,0,0,0,0,0,0,0,0,0,0,0,0,0,0,0,0,0,0,0,0.0,0.0,0.0,0.0,0.0,0.0,0.0,0.0,0.0,0.0,0.0,0.0,0.0,7.8636512654486515,2105.8860613351308,13020.480443879083
,10/26/24,Sat,0.5,12:00p,Virginia,North Carolina,398K,398.0,North Carolina,41.0,14.0,0.0,0.0,1,0.0,0.0,0.0,0.0,0.0,0.0,1.0,0.0,0.0,0.0,0.0,0.0,1,0,0.0,0.0,0.0,3.5,0.0,2.0,0.0,,,,,27.0,-3.5,0.0,0.0,0.0,0.0,1.0,1.0,0.0,0.0,0.0,0.0,2.0,0.0,,0.0,0.0,0.0,0.0,12.0,0,0,0,1,0,0,2024-10-26,2024,1,0,0,0,0,0,0,0,0,0,0,0,0,0,0,0,0,0,0,0,0,0,0,0,0,0,0,0,0,0,0,0.0,0.0,0.0,0.0,0.0,0.0,0.0,0.0,0.0,0.0,0.0,0.0,0.0,5.988961416889864,567.9421716237392,14558.424333590476
,10/26/24,Sat,0.645833333,3:30p,Minnesota,Maryland,340K,340.0,Minnesota,48.0,23.0,0.0,0.0,1,0.0,1.0,0.0,0.0,0.0,0.0,0.0,0.0,0.0,0.0,0.0,0.0,1,0,0.0,0.0,0.0,6.0,2.0,0.0,0.0,,,,,25.0,-6.0,0.0,0.0,1.0,1.0,0.0,0.0,0.0,0.0,0.0,0.0,0.0,2.0,,0.0,0.0,0.0,0.0,15.5,0,0,0,0,1,0,2024-10-26,2024,1,0,0,0,0,0,0,0,0,0,0,0,0,0,0,0,0,0,0,0,0,0,0,0,0,0,0,0,0,0,0,0.0,0.0,0.0,0.0,0.0,0.0,0.0,0.0,0.0,0.0,0.0,0.0,0.0,5.831882477283517,415.3081129683368,13182.658526633215
,10/26/24,Sat,0.645833333,3:30p,Alabama,Missouri,5.54M,5540.0,Alabama,34.0,0.0,2.0,0.0,0,0.0,0.0,0.0,0.0,0.0,1.0,0.0,0.0,0.0,0.0,0.0,0.0,1,0,0.0,0.0,0.0,16.0,2.0,0.0,0.0,,,,,34.0,-16.0,1.0,1.0,0.0,0.0,0.0,0.0,0.0,0.0,0.0,2.0,0.0,0.0,,0.0,0.0,1.0,1.0,15.5,0,0,0,0,1,0,2024-10-26,2024,1,0,0,0,0,0,0,0,0,0,0,0,0,0,0,0,0,0,0,0,0,0,0,0,0,1,1,0,0,0,0,0.0,0.0,0.0,0.0,0.0,0.0,0.0,0.0,0.0,0.0,0.0,0.0,0.0,8.61993026886735,6264.026114850347,7333.940524751205
,10/26/24,Sat,0.645833333,3:30p,Iowa,Northwestern,609K,609.0,Iowa,40.0,14.0,0.0,0.0,1,0.0,0.0,0.0,0.0,0.0,0.0,0.0,0.0,0.0,0.0,1.0,0.0,1,0,0.0,0.0,0.0,16.5,2.0,0.0,0.0,,,,,26.0,-16.5,0.0,0.0,1.0,1.0,0.0,0.0,0.0,0.0,0.0,0.0,0.0,2.0,,0.0,0.0,0.0,0.0,15.5,0,0,0,0,1,0,2024-10-26,2024,1,0,0,0,0,0,0,0,0,0,0,0,0,0,0,0,0,0,0,0,0,0,0,0,0,0,0,0,0,0,0,0.0,0.0,0.0,0.0,0.0,0.0,0.0,0.0,0.0,0.0,0.0,0.0,0.0,6.413458957167357,523.377551317318,13074.589088284236
,10/26/24,Sat,0.645833333,3:30p,Oregon,Illinois,2.75M,2750.0,Oregon,38.0,9.0,1.0,1.0,0,0.0,0.0,0.0,0.0,1.0,0.0,0.0,0.0,0.0,0.0,0.0,0.0,1,0,0.0,0.0,0.0,22.5,2.0,0.0,0.0,,,,,29.0,-22.5,0.0,0.0,1.0,1.0,0.0,0.0,0.0,0.0,0.0,0.0,0.0,2.0,,1.0,0.0,0.0,1.0,15.5,0,0,0,0,1,0,2024-10-26,2024,1,0,0,0,0,0,0,0,0,0,0,0,0,0,0,0,0,0,0,0,0,0,0,0,0,1,0,1,0,0,0,0.0,0.0,0.0,0.0,0.0,0.0,0.0,0.0,0.0,0.0,0.0,0.0,0.0,7.919719760924575,3222.527127108793,10375.43951249276
,10/26/24,Sat,0.645833333,3:30p,UCF,BYU,1.24M,1240.0,BYU,37.0,24.0,1.0,0.0,0,0.0,0.0,0.0,0.0,0.0,0.0,0.0,0.0,0.0,0.0,0.0,0.0,1,0,0.0,0.0,0.0,2.5,0.0,2.0,0.0,,,,,13.0,-2.5,0.0,0.0,0.0,0.0,0.0,0.0,1.0,1.0,2.0,0.0,0.0,0.0,,0.0,0.0,1.0,0.0,15.5,0,0,0,0,1,0,2024-10-26,2024,1,0,0,0,0,0,0,0,0,0,0,0,0,0,0,0,0,0,0,0,0,0,0,0,0,0,0,0,0,0,0,0.0,0.0,0.0,0.0,0.0,0.0,0.0,0.0,0.0,0.0,0.0,0.0,0.0,7.123672785204607,1200.09744116174,12397.869198439812
,10/26/24,Sat,0.645833333,3:30p,TCU,Texas Tech,2.36M,2360.0,TCU,35.0,34.0,0.0,0.0,0,1.0,0.0,0.0,0.0,0.0,0.0,0.0,0.0,0.0,0.0,0.0,0.0,1,0,0.0,0.0,0.0,5.0,0.0,2.0,0.0,,,,,1.0,-5.0,0.0,0.0,0.0,0.0,0.0,0.0,1.0,1.0,2.0,0.0,0.0,0.0,,0.0,0.0,0.0,0.0,15.5,0,0,0,0,1,0,2024-10-26,2024,1,0,0,0,0,0,0,0,0,0,0,0,0,0,0,0,0,0,0,0,0,0,0,0,0,0,0,0,0,0,0,0.0,0.0,0.0,0.0,0.0,0.0,0.0,0.0,0.0,0.0,0.0,0.0,0.0,7.766840537085513,1549.7145480725867,12048.252091528966
,10/26/24,Sat,0.666666667,4:00p,California,Oregon St.,183K,183.0,California,44.0,7.0,0.0,0.0,1,0.0,0.0,1.0,0.0,0.0,0.0,0.0,0.0,0.0,0.0,0.0,0.0,1,0,0.0,0.0,0.0,13.0,0.0,1.0,0.0,,,,,37.0,-13.0,0.0,0.0,0.0,0.0,1.0,0.0,0.0,0.0,0.0,0.0,1.0,0.0,,0.0,0.0,0.0,0.0,16.0,0,0,0,0,1,0,2024-10-26,2024,1,0,0,0,0,0,0,0,0,0,0,0,0,0,0,0,0,0,0,0,0,0,0,0,0,0,0,0,0,0,0,0.0,0.0,0.0,0.0,0.0,0.0,0.0,0.0,0.0,0.0,0.0,0.0,0.0,5.214935757608986,422.9157441224309,13175.050895479122
,10/26/24,Sat,0.791666667,7:00p,Arizona,West Virginia,347K,347.0,West Virginia,31.0,26.0,0.0,0.0,3,0.0,1.0,0.0,0.0,0.0,0.0,0.0,0.0,0.0,0.0,0.0,0.0,0,0,0.0,0.0,0.0,5.5,0.0,2.0,0.0,,,,,5.0,-5.5,0.0,0.0,0.0,0.0,0.0,0.0,1.0,1.0,2.0,0.0,0.0,0.0,,0.0,0.0,0.0,0.0,19.0,0,0,0,0,0,0,2024-10-26,2024,1,0,0,0,0,0,0,0,0,0,0,0,0,0,0,0,0,0,0,0,0,0,0,0,0,0,0,0,0,0,0,0.0,0.0,0.0,0.0,0.0,0.0,0.0,0.0,0.0,0.0,0.0,0.0,0.0,5.8522024797744745,470.81341014650184,15743.027775506922
,10/26/24,Sat,0.791666667,7:00p,Miami,Florida St.,1.53M,1530.0,Miami,36.0,14.0,0.0,1.0,2,0.0,0.0,0.0,0.0,0.0,0.0,0.0,0.0,0.0,0.0,0.0,0.0,0,0,0.0,0.0,0.0,22.5,0.0,2.0,0.0,,,,,22.0,-22.5,0.0,0.0,0.0,0.0,1.0,1.0,0.0,0.0,0.0,0.0,2.0,0.0,,0.0,1.0,0.0,0.0,19.0,0,0,0,0,0,0,2024-10-26,2024,1,0,0,0,0,0,0,0,0,0,0,0,0,0,1,0,0,0,0,0,0,0,0,0,0,0,0,0,0,0,0,0.0,0.0,0.0,0.0,0.0,0.0,0.0,0.0,0.0,0.0,0.0,0.0,0.0,7.333676395657684,2146.2313598782384,14067.609825775187
,10/26/24,Sat,0.8125,7:30p,Wisconsin,Penn St.,3.34M,3340.0,Penn State,28.0,13.0,0.0,1.0,2,0.0,0.0,0.0,1.0,0.0,0.0,0.0,0.0,0.0,0.0,0.0,0.0,0,0,0.0,0.0,0.0,6.5,2.0,0.0,0.0,,,,,15.0,6.5,0.0,0.0,1.0,1.0,0.0,0.0,0.0,0.0,0.0,0.0,0.0,2.0,,1.0,0.0,0.0,0.0,19.5,0,0,0,0,0,0,2024-10-26,2024,1,0,0,0,0,0,0,0,0,0,0,0,0,0,0,0,0,0,0,0,0,0,0,0,0,0,0,0,0,0,0,0.0,0.0,0.0,0.0,0.0,0.0,0.0,0.0,0.0,0.0,0.0,0.0,0.0,8.114025442356757,4111.283593971682,12102.557591681743
,10/26/24,Sat,0.8125,7:30p,Texas A&M,LSU,5.06M,5060.0,Texas A&M,38.0,23.0,1.0,1.0,2,0.0,0.0,0.0,0.0,0.0,1.0,0.0,0.0,0.0,0.0,0.0,0.0,0,0,0.0,0.0,0.0,2.0,2.0,0.0,0.0,,,,,15.0,-2.0,1.0,1.0,0.0,0.0,0.0,0.0,0.0,0.0,0.0,2.0,0.0,0.0,,0.0,1.0,1.0,0.0,19.5,0,0,0,0,0,0,2024-10-26,2024,1,0,0,0,0,0,0,0,0,0,0,0,0,0,0,0,0,0,0,0,0,0,0,0,0,1,1,0,0,0,0,0.0,0.0,0.0,0.0,0.0,0.0,0.0,0.0,0.0,0.0,0.0,0.0,0.0,8.529319371214077,7428.767525391872,8785.073660261553
,10/26/24,Sat,0.8125,7:30p,Michigan,Michigan St.,1.73M,1730.0,Michigan,24.0,17.0,0.0,0.0,3,0.0,0.0,0.0,0.0,0.0,0.0,0.0,0.0,0.0,0.0,1.0,0.0,0,0,0.0,0.0,0.0,3.5,2.0,0.0,0.0,,,,,7.0,-3.5,0.0,0.0,1.0,1.0,0.0,0.0,0.0,0.0,0.0,0.0,0.0,2.0,,0.0,0.0,0.0,0.0,19.5,0,0,0,0,0,0,2024-10-26,2024,1,0,0,0,0,0,0,0,0,0,0,0,0,0,0,0,0,0,0,0,0,0,0,0,0,0,0,0,0,0,0,0.0,0.0,0.0,0.0,0.0,0.0,0.0,0.0,0.0,0.0,0.0,0.0,0.0,7.456454555176209,1221.487716295552,14992.353469357873
,10/26/24,Sat,0.833333333,8:00p,Kansas St.,Kansas,708K,708.0,Kansas State,29.0,27.0,1.0,0.0,3,0.0,0.0,1.0,0.0,0.0,0.0,0.0,0.0,0.0,0.0,0.0,0.0,0,0,0.0,0.0,0.0,10.0,0.0,2.0,0.0,,,,,2.0,-10.0,0.0,0.0,0.0,0.0,0.0,0.0,1.0,1.0,2.0,0.0,0.0,0.0,,0.0,0.0,0.0,0.0,20.0,0,0,0,0,0,0,2024-10-26,2024,1,0,0,0,0,0,0,0,0,0,0,0,0,0,0,0,0,0,0,0,1,0,0,0,0,0,0,0,0,0,0,0.0,0.0,0.0,0.0,0.0,0.0,0.0,0.0,0.0,0.0,0.0,0.0,0.0,6.5638555265321274,835.2575799695774,15378.583605683849
,10/26/24,Sat,0.9375,10:30p,Colorado,Cincinnati,2.34M,2340.0,Colorado,34.0,23.0,0.0,0.0,0,0.0,0.0,0.0,0.0,0.0,0.0,0.0,0.0,0.0,0.0,0.0,0.0,0,1,0.0,0.0,0.0,6.0,0.0,2.0,0.0,,,,,11.0,-6.0,0.0,0.0,0.0,0.0,0.0,0.0,1.0,1.0,2.0,0.0,0.0,0.0,,0.0,0.0,0.0,0.0,22.5,0,0,0,0,0,1,2024-10-26,2024,1,1,0,0,0,0,0,0,0,0,0,0,0,0,0,0,0,0,0,0,0,0,0,0,0,0,0,0,0,0,0,0.0,0.0,0.0,0.0,0.0,0.0,0.0,0.0,0.0,0.0,0.0,0.0,0.0,7.75833346749091,2180.2092345360843,0.0
,10/29/24,Tue,0.8125,7:30p,Texas St.,Louisiana,227K,227.0,Louisiana,23.0,17.0,0.0,0.0,0,0.0,0.0,1.0,0.0,0.0,0.0,0.0,0.0,0.0,0.0,0.0,0.0,0,0,0.0,0.0,1.0,4.0,0.0,0.0,0.0,,,,,6.0,-4.0,0.0,0.0,0.0,0.0,0.0,0.0,0.0,0.0,0.0,0.0,0.0,0.0,,0.0,0.0,0.0,0.0,19.5,0,1,0,0,0,0,2024-10-29,2024,1,0,0,0,0,0,0,0,0,0,0,0,0,0,0,0,0,0,0,0,0,0,0,0,0,0,0,0,0,0,0,0.0,0.0,0.0,0.0,0.0,0.0,0.0,0.0,0.0,0.0,0.0,0.0,0.0,5.429345628954441,217.5829689237007,85.64160582096333
,10/29/24,Tue,0.833333333,8:00p,Sam Houston,Louisiana Tech,33K,33.0,Sam Houston,9.0,3.0,0.0,0.0,0,0.0,0.0,0.0,0.0,0.0,0.0,0.0,1.0,0.0,0.0,0.0,0.0,0,0,0.0,0.0,1.0,10.5,0.0,0.0,0.0,,,,,6.0,-10.5,0.0,0.0,0.0,0.0,0.0,0.0,0.0,0.0,0.0,0.0,0.0,0.0,,0.0,0.0,0.0,0.0,20.0,0,1,0,0,0,0,2024-10-29,2024,1,0,0,0,0,0,0,0,0,0,0,0,0,0,0,0,0,0,0,0,0,0,0,0,0,0,0,0,0,0,0,0.0,0.0,0.0,0.0,0.0,0.0,0.0,0.0,0.0,0.0,0.0,0.0,0.0,3.5263605246161616,85.64160582096333,217.5829689237007
,10/30/24,Wed,0.8125,7:30p,Western Kentucky,Kennesaw St.,182K,182.0,Western Kentucky,31.0,14.0,0.0,0.0,0,0.0,0.0,1.0,0.0,0.0,0.0,0.0,0.0,0.0,0.0,0.0,0.0,0,0,0.0,0.0,1.0,24.0,0.0,0.0,0.0,,,,,17.0,-24.0,0.0,0.0,0.0,0.0,0.0,0.0,0.0,0.0,0.0,0.0,0.0,0.0,,0.0,0.0,0.0,0.0,19.5,0,1,0,0,0,0,2024-10-30,2024,1,0,0,0,0,0,0,0,0,0,0,0,0,0,0,0,0,0,0,0,0,0,0,0,0,0,0,0,0,0,0,0.0,0.0,0.0,0.0,0.0,0.0,0.0,0.0,0.0,0.0,0.0,0.0,0.0,5.209486152841421,249.40871737354965,0.0
,10/31/24,Thu,0.8125,7:30p,Charlotte,Tulane,492K,492.0,Tulane,34.0,3.0,0.0,0.0,0,0.0,0.0,0.0,0.0,0.0,0.0,0.0,0.0,0.0,0.0,0.0,0.0,0,0,0.0,0.0,1.0,14.5,0.0,0.0,0.0,,,,,31.0,14.5,0.0,0.0,0.0,0.0,0.0,0.0,0.0,0.0,0.0,0.0,0.0,0.0,,0.0,0.0,0.0,0.0,19.5,0,1,0,0,0,0,2024-10-31,2024,1,0,0,0,0,0,0,0,0,0,0,0,0,0,0,0,0,0,0,0,0,0,0,0,0,0,0,0,0,0,0,0.0,0.0,0.0,0.0,0.0,0.0,0.0,0.0,0.0,0.0,0.0,0.0,0.0,6.20050917404269,405.3114014384757,0.0
,11/1/24,Fri,0.8125,7:30p,FAU,South Florida,562K,562.0,South Florida,44.0,21.0,0.0,0.0,0,0.0,0.0,1.0,0.0,0.0,0.0,0.0,0.0,0.0,0.0,0.0,0.0,0,0,0.0,0.0,1.0,1.5,0.0,0.0,0.0,,,,,23.0,1.5,0.0,0.0,0.0,0.0,0.0,0.0,0.0,0.0,0.0,0.0,0.0,0.0,,0.0,0.0,0.0,0.0,19.5,0,0,1,0,0,0,2024-11-01,2024,1,0,0,0,0,0,0,0,0,0,0,0,0,0,0,0,0,0,0,0,0,0,0,0,0,0,0,0,0,0,0,0.0,1.0,0.0,0.0,0.0,0.0,0.0,0.0,0.0,0.0,0.0,0.0,0.0,6.333279628139691,408.4958864993133,543.8936625717614
,11/1/24,Fri,0.833333333,8:00p,Boise St.,San Diego St.,656K,656.0,Boise State,56.0,24.0,1.0,0.0,0,0.0,1.0,0.0,0.0,0.0,0.0,0.0,0.0,0.0,0.0,0.0,0.0,0,0,0.0,0.0,1.0,24.5,0.0,0.0,0.0,,,,,32.0,-24.5,0.0,0.0,0.0,0.0,0.0,0.0,0.0,0.0,0.0,0.0,0.0,0.0,,0.0,0.0,0.0,0.0,20.0,0,0,1,0,0,0,2024-11-01,2024,1,0,0,0,0,0,0,0,0,0,0,0,0,0,0,0,0,0,0,0,0,0,0,0,0,0,0,0,0,0,0,0.0,0.0,1.0,0.0,0.0,0.0,0.0,0.0,0.0,0.0,0.0,0.0,0.0,6.48768401848461,543.8936625717614,408.4958864993133
,11/2/24,Sat,0.5,12:00p,Illinois,Minnesota,551K,551.0,Minnesota,25.0,17.0,1.0,0.0,2,0.0,1.0,0.0,0.0,0.0,0.0,0.0,0.0,0.0,0.0,0.0,0.0,1,0,0.0,0.0,0.0,2.5,2.0,0.0,0.0,,,,,8.0,2.5,0.0,0.0,1.0,1.0,0.0,0.0,0.0,0.0,0.0,0.0,0.0,2.0,,0.0,0.0,0.0,1.0,12.0,0,0,0,1,0,0,2024-11-02,2024,1,0,0,0,0,0,0,0,0,0,0,0,0,0,0,0,0,0,0,0,0,0,0,0,0,0,0,0,0,0,0,0.0,0.0,0.0,0.0,0.0,0.0,0.0,0.0,0.0,0.0,0.0,0.0,0.0,6.313548046277095,597.218784650553,14391.028446893426
,11/2/24,Sat,0.5,12:00p,Penn St.,Ohio St.,9.77M,9770.0,Ohio State,20.0,13.0,0.0,2.0,1,1.0,0.0,0.0,0.0,0.0,0.0,0.0,0.0,0.0,0.0,0.0,0.0,1,0,0.0,0.0,0.0,3.0,2.0,0.0,0.0,,,,,7.0,3.0,0.0,0.0,1.0,1.0,0.0,0.0,0.0,0.0,0.0,0.0,0.0,2.0,,2.0,0.0,0.0,0.0,12.0,0,0,0,1,0,0,2024-11-02,2024,1,0,0,0,0,0,0,0,0,0,0,0,0,0,0,0,0,0,0,0,0,0,0,1,0,1,0,1,0,0,0,0.0,0.0,0.0,0.0,0.0,0.0,0.0,0.0,0.0,0.0,0.0,0.0,0.0,9.187174093944343,10042.075409152718,4946.171822391262
,11/2/24,Sat,0.5,12:00p,UTSA,Memphis,147K,147.0,UTSA,44.0,36.0,0.0,0.0,2,0.0,0.0,1.0,0.0,0.0,0.0,0.0,0.0,0.0,0.0,0.0,0.0,1,0,0.0,0.0,0.0,7.0,0.0,0.0,0.0,,,,,8.0,7.0,0.0,0.0,0.0,0.0,0.0,0.0,0.0,0.0,0.0,0.0,0.0,0.0,,0.0,0.0,0.0,0.0,12.0,0,0,0,1,0,0,2024-11-02,2024,1,0,0,0,0,0,0,0,0,0,0,0,0,0,0,0,0,0,0,0,0,0,0,0,0,0,0,0,0,0,0,0.0,0.0,0.0,0.0,0.0,0.0,0.0,0.0,0.0,0.0,0.0,0.0,0.0,4.997212273764115,191.9242354282241,14796.322996115756
,11/2/24,Sat,0.5,12:00p,Miami,Duke,1.96M,1960.0,Miami,53.0,31.0,0.0,1.0,1,0.0,0.0,0.0,0.0,0.0,1.0,0.0,0.0,0.0,0.0,0.0,0.0,1,0,0.0,0.0,0.0,21.0,0.0,2.0,0.0,,,,,22.0,-21.0,0.0,0.0,0.0,0.0,1.0,1.0,0.0,0.0,0.0,0.0,2.0,0.0,,1.0,0.0,0.0,0.0,12.0,0,0,0,1,0,0,2024-11-02,2024,1,0,0,0,0,0,0,0,0,0,0,0,0,0,0,0,0,0,0,0,0,0,0,0,0,0,0,0,0,0,0,0.0,0.0,0.0,0.0,0.0,0.0,0.0,0.0,0.0,0.0,0.0,0.0,0.0,7.581209826196346,2378.02800740634,12610.21922413764
,11/2/24,Sat,0.5,12:00p,Eastern Michigan,Toledo,27K,27.0,Toledo,29.0,28.0,0.0,0.0,1,0.0,0.0,0.0,0.0,0.0,0.0,0.0,1.0,0.0,0.0,0.0,0.0,1,0,0.0,0.0,0.0,10.0,0.0,0.0,0.0,,,,,1.0,10.0,0.0,0.0,0.0,0.0,0.0,0.0,0.0,0.0,0.0,0.0,0.0,0.0,,0.0,0.0,0.0,0.0,12.0,0,0,0,1,0,0,2024-11-02,2024,1,0,0,0,0,0,0,0,0,0,0,0,0,0,0,0,0,0,0,0,0,0,0,0,0,0,0,0,0,0,0,0.0,0.0,0.0,0.0,0.0,0.0,0.0,0.0,0.0,0.0,0.0,0.0,0.0,3.332204510175204,48.62964126977336,14939.617590274205
,11/2/24,Sat,0.5,12:00p,Arkansas,Mississippi,1.18M,1180.0,Ole Miss,63.0,31.0,1.0,0.0,1,0.0,0.0,0.0,0.0,0.0,0.0,0.0,0.0,0.0,0.0,0.0,0.0,1,0,0.0,0.0,0.0,8.0,2.0,0.0,0.0,,,,,32.0,8.0,1.0,1.0,0.0,0.0,0.0,0.0,0.0,0.0,0.0,2.0,0.0,0.0,,0.0,0.0,0.0,1.0,12.0,0,0,0,1,0,0,2024-11-02,2024,1,0,0,0,0,0,0,0,0,0,0,0,0,0,0,0,0,0,0,0,0,0,0,0,0,0,0,0,0,0,0,0.0,0.0,0.0,0.0,0.0,0.0,0.0,0.0,0.0,0.0,0.0,0.0,0.0,7.074116816197362,1730.371153636372,13257.876077907607
,11/2/24,Sat,0.645833333,3:30p,Houston,Kansas St.,1.51M,1510.0,Houston,24.0,19.0,1.0,0.0,0,1.0,0.0,0.0,0.0,0.0,0.0,0.0,0.0,0.0,0.0,0.0,0.0,1,0,0.0,0.0,0.0,12.5,0.0,2.0,0.0,,,,,5.0,12.5,0.0,0.0,0.0,0.0,0.0,0.0,1.0,1.0,2.0,0.0,0.0,0.0,,0.0,0.0,0.0,1.0,15.5,0,0,0,0,1,0,2024-11-02,2024,1,0,0,0,0,0,0,0,0,0,0,0,0,0,0,0,0,0,0,0,0,0,0,0,0,0,0,0,0,0,0,0.0,0.0,0.0,0.0,0.0,0.0,0.0,0.0,0.0,0.0,0.0,0.0,0.0,7.32052696227274,1611.8477629129393,9614.497892697203
,11/2/24,Sat,0.645833333,3:30p,Nebraska,UCLA,882K,882.0,UCLA,27.0,20.0,0.0,0.0,1,0.0,0.0,0.0,0.0,0.0,0.0,0.0,0.0,0.0,0.0,1.0,0.0,1,0,0.0,0.0,0.0,7.5,2.0,0.0,0.0,,,,,7.0,-7.5,0.0,0.0,1.0,1.0,0.0,0.0,0.0,0.0,0.0,0.0,0.0,2.0,,0.0,0.0,0.0,0.0,15.5,0,0,0,0,1,0,2024-11-02,2024,1,0,0,0,0,0,0,0,0,0,0,0,0,0,0,0,0,0,0,0,0,0,0,0,0,0,0,0,0,0,0,0.0,0.0,0.0,0.0,0.0,0.0,0.0,0.0,0.0,0.0,0.0,0.0,0.0,6.78332520060396,801.222816254632,10425.12283935551
,11/2/24,Sat,0.645833333,3:30p,Georgia,Florida,6.97M,6970.0,Georgia,34.0,20.0,0.0,1.0,0,0.0,0.0,0.0,0.0,0.0,1.0,0.0,0.0,0.0,0.0,0.0,0.0,1,0,0.0,0.0,0.0,14.5,2.0,0.0,0.0,,,,,14.0,-14.5,1.0,1.0,0.0,0.0,0.0,0.0,0.0,0.0,0.0,2.0,0.0,0.0,,1.0,0.0,0.0,0.0,15.5,0,0,0,0,1,0,2024-11-02,2024,1,0,0,0,0,1,0,0,0,0,0,0,0,0,0,0,0,0,0,0,0,0,0,0,0,0,0,0,0,0,0,0.0,0.0,0.0,0.0,0.0,0.0,0.0,0.0,0.0,0.0,0.0,0.0,0.0,8.849513965486398,6695.848781392373,4530.49687421777
,11/2/24,Sat,0.645833333,3:30p,Iowa St.,Texas Tech,1.24M,1240.0,Texas Tech,23.0,22.0,1.0,0.0,0,0.0,0.0,0.0,0.0,0.0,0.0,0.0,0.0,0.0,0.0,0.0,0.0,1,0,0.0,0.0,0.0,13.5,0.0,2.0,0.0,,,,,1.0,-13.5,0.0,0.0,0.0,0.0,0.0,0.0,1.0,1.0,2.0,0.0,0.0,0.0,,0.0,0.0,1.0,0.0,15.5,0,0,0,0,1,0,2024-11-02,2024,1,0,0,0,0,0,0,0,0,0,0,0,0,0,0,0,0,0,0,0,0,0,0,0,0,0,0,0,0,0,0,0.0,0.0,0.0,0.0,0.0,0.0,0.0,0.0,0.0,0.0,0.0,0.0,0.0,7.123672785204607,1542.9986124099694,9683.347043200174
,11/2/24,Sat,0.645833333,3:30p,UCF,Arizona,213K,213.0,UCF,56.0,12.0,0.0,0.0,1,0.0,1.0,0.0,0.0,0.0,0.0,0.0,0.0,0.0,0.0,0.0,0.0,1,0,0.0,0.0,0.0,6.5,0.0,2.0,0.0,,,,,44.0,-6.5,0.0,0.0,0.0,0.0,0.0,0.0,1.0,1.0,2.0,0.0,0.0,0.0,,0.0,0.0,0.0,0.0,15.5,0,0,0,0,1,0,2024-11-02,2024,1,0,0,0,0,0,0,0,0,0,0,0,0,0,0,0,0,0,0,0,0,0,0,0,0,0,0,0,0,0,0,0.0,0.0,0.0,0.0,0.0,0.0,0.0,0.0,0.0,0.0,0.0,0.0,0.0,5.365976015021851,355.58385069060574,10870.761804919537
,11/2/24,Sat,0.666666667,4:00p,Rice,Navy,218K,218.0,Rice,24.0,10.0,0.0,0.0,1,0.0,0.0,1.0,0.0,0.0,0.0,0.0,0.0,0.0,0.0,0.0,0.0,1,0,0.0,0.0,0.0,12.5,0.0,0.0,0.0,,,,,14.0,12.5,0.0,0.0,0.0,0.0,0.0,0.0,0.0,0.0,0.0,0.0,0.0,0.0,,0.0,0.0,0.0,0.0,16.0,0,0,0,0,1,0,2024-11-02,2024,1,0,0,0,0,0,0,0,0,0,0,0,0,0,0,0,0,0,0,0,0,0,0,0,0,0,0,0,0,0,0,0.0,0.0,0.0,0.0,0.0,0.0,0.0,0.0,0.0,0.0,0.0,0.0,0.0,5.389071729816501,218.8438319496233,11007.50182366052
,11/2/24,Sat,0.8125,7:30p,South Alabama,Georgia Southern,18K,18.0,Georgia Southern,34.0,30.0,0.0,0.0,0,0.0,0.0,0.0,0.0,0.0,0.0,0.0,1.0,0.0,0.0,0.0,0.0,0,0,0.0,0.0,0.0,5.5,0.0,0.0,0.0,,,,,4.0,-5.5,0.0,0.0,0.0,0.0,0.0,0.0,0.0,0.0,0.0,0.0,0.0,0.0,,0.0,0.0,0.0,0.0,19.5,0,0,0,0,0,0,2024-11-02,2024,1,0,0,0,0,0,0,0,0,0,0,0,0,0,0,0,0,0,0,0,0,0,0,0,0,0,0,0,0,0,0,0.0,0.0,0.0,0.0,0.0,0.0,0.0,0.0,0.0,0.0,0.0,0.0,0.0,2.9444389791664403,59.62147812308151,10105.127413420767
,11/2/24,Sat,0.8125,7:30p,Washington,USC,727K,727.0,Washington,26.0,21.0,0.0,0.0,1,0.0,0.0,0.0,0.0,0.0,0.0,0.0,0.0,0.0,0.0,1.0,0.0,0,0,0.0,0.0,0.0,2.0,2.0,0.0,0.0,,,,,5.0,2.0,0.0,0.0,1.0,1.0,0.0,0.0,0.0,0.0,0.0,0.0,0.0,2.0,,0.0,0.0,0.0,0.0,19.5,0,0,0,0,0,0,2024-11-02,2024,1,0,0,0,0,0,0,0,0,0,0,0,0,0,0,0,0,0,0,0,0,0,0,0,0,0,0,0,0,0,0,0.0,0.0,0.0,0.0,0.0,0.0,0.0,0.0,0.0,0.0,0.0,0.0,0.0,6.590301048196686,655.1995870159236,9509.549304527924
,11/2/24,Sat,0.8125,7:30p,Clemson,Louisville,1.43M,1430.0,Louisville,33.0,21.0,1.0,0.0,0,0.0,0.0,0.0,0.0,0.0,0.0,0.0,0.0,0.0,0.0,0.0,0.0,0,0,0.0,0.0,0.0,11.0,0.0,2.0,0.0,,,,,12.0,-11.0,0.0,0.0,0.0,0.0,1.0,1.0,0.0,0.0,0.0,0.0,2.0,0.0,,0.0,0.0,1.0,0.0,19.5,0,0,0,0,0,0,2024-11-02,2024,1,0,0,0,0,0,0,0,0,0,0,0,0,0,0,0,0,0,0,0,0,0,0,0,0,0,0,0,0,0,0,0.0,0.0,0.0,0.0,0.0,0.0,0.0,0.0,0.0,0.0,0.0,0.0,0.0,7.266128779556451,1665.306137671815,8499.442753872032
,11/2/24,Sat,0.8125,7:30p,South Carolina,Texas A&M,5.56M,5560.0,South Carolina,44.0,20.0,0.0,1.0,0,0.0,0.0,0.0,0.0,0.0,1.0,0.0,0.0,0.0,0.0,0.0,0.0,0,0,0.0,0.0,0.0,3.0,2.0,0.0,0.0,,,,,24.0,3.0,1.0,1.0,0.0,0.0,0.0,0.0,0.0,0.0,0.0,2.0,0.0,0.0,,0.0,1.0,0.0,0.0,19.5,0,0,0,0,0,0,2024-11-02,2024,1,0,0,0,0,0,0,0,0,0,0,0,0,0,0,0,0,0,0,0,0,0,0,0,0,0,0,0,0,0,0,0.0,0.0,0.0,0.0,0.0,0.0,0.0,0.0,0.0,0.0,0.0,0.0,0.0,8.623533227187563,4887.077797067088,5277.671094476759
,11/2/24,Sat,0.8125,7:30p,Iowa,Wisconsin,2.73M,2730.0,Iowa,42.0,10.0,0.0,0.0,0,0.0,0.0,0.0,1.0,0.0,0.0,0.0,0.0,0.0,0.0,0.0,0.0,0,0,0.0,0.0,0.0,2.5,2.0,0.0,0.0,,,,,32.0,-2.5,0.0,0.0,1.0,1.0,0.0,0.0,0.0,0.0,0.0,0.0,0.0,2.0,,0.0,0.0,0.0,0.0,19.5,0,0,0,0,0,0,2024-11-02,2024,1,0,0,0,0,0,0,0,0,0,0,0,0,0,0,0,0,0,0,0,0,0,0,0,0,0,0,0,0,0,0,0.0,0.0,0.0,0.0,0.0,0.0,0.0,0.0,0.0,0.0,0.0,0.0,0.0,7.912423121473705,2372.2441682338604,7792.504723309986
,11/2/24,Sat,0.833333333,8:00p,Baylor,TCU,483K,483.0,Baylor,37.0,34.0,0.0,0.0,1,0.0,0.0,1.0,0.0,0.0,0.0,0.0,0.0,0.0,0.0,0.0,0.0,0,0,0.0,0.0,0.0,2.5,0.0,2.0,0.0,,,,,3.0,-2.5,0.0,0.0,0.0,0.0,0.0,0.0,1.0,1.0,2.0,0.0,0.0,0.0,,0.0,0.0,0.0,0.0,20.0,0,0,0,0,0,0,2024-11-02,2024,1,0,0,0,0,0,0,0,0,0,0,0,0,0,0,0,0,0,0,0,0,0,0,0,0,0,0,0,0,0,0,0.0,0.0,0.0,0.0,0.0,0.0,0.0,0.0,0.0,0.0,0.0,0.0,0.0,6.182084906716632,525.2997234320784,9639.449168111769
,11/5/24,Tue,0.8125,7:30p,Central Michigan,Bowling Green,286K,286.0,Bowling Green,23.0,13.0,0.0,0.0,0,0.0,0.0,1.0,0.0,0.0,0.0,0.0,0.0,0.0,0.0,0.0,0.0,0,0,0.0,0.0,1.0,14.5,0.0,0.0,0.0,,,,,10.0,14.5,0.0,0.0,0.0,0.0,0.0,0.0,0.0,0.0,0.0,0.0,0.0,0.0,,0.0,0.0,0.0,0.0,19.5,0,1,0,0,0,0,2024-11-05,2024,1,0,0,0,0,0,0,0,0,0,0,0,0,0,0,0,0,0,0,0,0,0,0,0,0,0,0,0,0,0,0,0.0,0.0,0.0,0.0,0.0,0.0,0.0,0.0,0.0,0.0,0.0,0.0,0.0,5.659482215759621,329.4216097940128,637.659083865877
,11/5/24,Tue,0.833333333,8:00p,Ball St.,Miami Ohio,378K,378.0,Miami (OH),27.0,21.0,0.0,0.0,0,0.0,0.0,0.0,0.0,0.0,0.0,0.0,0.0,0.0,0.0,0.0,0.0,0,0,0.0,0.0,1.0,12.5,0.0,0.0,0.0,,,,,6.0,12.5,0.0,0.0,0.0,0.0,0.0,0.0,0.0,0.0,0.0,0.0,0.0,0.0,,0.0,0.0,0.0,0.0,20.0,0,1,0,0,0,0,2024-11-05,2024,1,0,0,0,0,0,0,0,0,0,0,0,0,0,0,0,0,0,0,0,0,0,0,0,0,0,0,0,0,0,0,0.0,0.0,0.0,0.0,0.0,0.0,0.0,0.0,0.0,0.0,0.0,0.0,0.0,5.937536205082426,637.659083865877,329.4216097940128
,11/6/24,Wed,0.791666667,7:00p,Kent St.,Ohio,49K,49.0,Ohio,41.0,0.0,0.0,0.0,0,0.0,0.0,0.0,0.0,0.0,0.0,0.0,1.0,0.0,0.0,0.0,0.0,0,0,0.0,0.0,1.0,20.5,0.0,0.0,0.0,,,,,41.0,20.5,0.0,0.0,0.0,0.0,0.0,0.0,0.0,0.0,0.0,0.0,0.0,0.0,,0.0,0.0,0.0,0.0,19.0,0,1,0,0,0,0,2024-11-06,2024,1,0,0,0,0,0,0,0,0,0,0,0,0,0,0,0,0,0,0,0,0,0,0,0,0,0,0,0,0,0,0,0.0,0.0,0.0,0.0,0.0,0.0,0.0,0.0,0.0,0.0,0.0,0.0,0.0,3.912023005428146,93.429972449937,439.91849291160133
,11/6/24,Wed,0.791666667,7:00p,Western Michigan,Northern Illinois,442K,442.0,Northern Illinois,42.0,28.0,0.0,0.0,0,0.0,0.0,1.0,0.0,0.0,0.0,0.0,0.0,0.0,0.0,0.0,0.0,0,0,0.0,0.0,1.0,2.5,0.0,0.0,0.0,,,,,14.0,2.5,0.0,0.0,0.0,0.0,0.0,0.0,0.0,0.0,0.0,0.0,0.0,0.0,,0.0,0.0,0.0,0.0,19.0,0,1,0,0,0,0,2024-11-06,2024,1,0,0,0,0,0,0,0,0,0,0,0,0,0,0,0,0,0,0,0,0,0,0,0,0,0,0,0,0,0,0,0.0,0.0,0.0,0.0,0.0,0.0,0.0,0.0,0.0,0.0,0.0,0.0,0.0,6.093569770045136,439.91849291160133,93.429972449937
,11/7/24,Thu,0.833333333,8:00p,East Carolina,FAU,196K,196.0,East Carolina,49.0,14.0,0.0,0.0,0,0.0,0.0,1.0,0.0,0.0,0.0,0.0,0.0,0.0,0.0,0.0,0.0,0,0,0.0,0.0,1.0,5.5,0.0,0.0,0.0,,,,,35.0,-5.5,0.0,0.0,0.0,0.0,0.0,0.0,0.0,0.0,0.0,0.0,0.0,0.0,,0.0,0.0,0.0,0.0,20.0,0,1,0,0,0,0,2024-11-07,2024,1,0,0,0,0,0,0,0,0,0,0,0,0,0,0,0,0,0,0,0,0,0,0,0,0,0,0,0,0,0,0,0.0,0.0,0.0,0.0,0.0,0.0,0.0,0.0,0.0,0.0,0.0,0.0,0.0,5.2832037287379885,241.02537971628095,770.1184391267328
,11/7/24,Thu,0.833333333,8:00p,Coastal Carolina,Appalachian St.,412K,412.0,Coastal Carolina,38.0,24.0,0.0,0.0,0,0.0,0.0,0.0,0.0,0.0,0.0,0.0,0.0,0.0,0.0,0.0,0.0,0,0,0.0,0.0,1.0,1.5,0.0,0.0,0.0,,,,,14.0,1.5,0.0,0.0,0.0,0.0,0.0,0.0,0.0,0.0,0.0,0.0,0.0,0.0,,0.0,0.0,0.0,0.0,20.0,0,1,0,0,0,0,2024-11-07,2024,1,0,0,0,0,0,0,0,0,0,0,0,0,0,0,0,0,0,0,0,0,0,0,0,0,0,0,0,0,0,0,0.0,0.0,0.0,0.0,0.0,0.0,0.0,0.0,0.0,0.0,0.0,0.0,0.0,6.023447592961033,770.1184391267328,241.02537971628095
,11/8/24,Fri,0.875,9:00p,Memphis,Rice,407K,407.0,Memphis,27.0,20.0,0.0,0.0,0,0.0,0.0,1.0,0.0,0.0,0.0,0.0,0.0,0.0,0.0,0.0,0.0,0,0,0.0,0.0,1.0,7.5,0.0,0.0,0.0,,,,,7.0,-7.5,0.0,0.0,0.0,0.0,0.0,0.0,0.0,0.0,0.0,0.0,0.0,0.0,,0.0,0.0,0.0,0.0,21.0,0,0,1,0,0,0,2024-11-08,2024,1,0,0,0,0,0,0,0,0,0,0,0,0,0,0,0,0,0,0,0,0,0,0,0,0,0,0,0,0,0,0,0.0,1.0,0.0,0.0,0.0,0.0,0.0,0.0,0.0,0.0,0.0,0.0,0.0,6.0112671744041615,407.0754937837982,2084.544242264182
,11/8/24,Fri,0.875,9:00p,UCLA,Iowa,1.89M,1890.0,UCLA,20.0,17.0,0.0,0.0,0,1.0,0.0,0.0,0.0,0.0,0.0,0.0,0.0,0.0,0.0,0.0,0.0,0,0,0.0,0.0,1.0,6.5,2.0,0.0,0.0,,,,,3.0,6.5,0.0,0.0,1.0,1.0,0.0,0.0,0.0,0.0,0.0,0.0,0.0,2.0,,0.0,0.0,0.0,0.0,21.0,0,0,1,0,0,0,2024-11-08,2024,1,0,0,0,0,0,0,0,0,0,0,0,0,0,0,0,0,0,0,0,0,0,0,0,0,0,0,0,0,0,0,1.0,0.0,0.0,0.0,0.0,0.0,0.0,0.0,0.0,0.0,0.0,0.0,0.0,7.544861068658458,2084.544242264182,407.0754937837982
,11/9/24,Sat,0.5,12:00p,Texas,Florida,3.7M,3700.0,Texas,49.0,17.0,0.0,1.0,2,0.0,0.0,0.0,0.0,0.0,1.0,0.0,0.0,0.0,0.0,0.0,0.0,1,0,0.0,0.0,0.0,24.5,2.0,0.0,0.0,,,,,32.0,-24.5,1.0,1.0,0.0,0.0,0.0,0.0,0.0,0.0,0.0,2.0,0.0,0.0,,1.0,0.0,0.0,0.0,12.0,0,0,0,1,0,0,2024-11-09,2024,1,0,0,0,0,0,0,0,0,0,0,0,0,0,0,0,0,0,0,0,0,0,0,0,0,0,0,0,0,0,0,0.0,0.0,0.0,0.0,0.0,0.0,0.0,0.0,0.0,0.0,0.0,0.0,0.0,8.216358332386156,6557.218790903929,7412.026192850792
,11/9/24,Sat,0.5,12:00p,Georgia Tech,Miami,3.46M,3460.0,Georgia Tech,28.0,23.0,0.0,1.0,2,0.0,0.0,0.0,0.0,0.0,0.0,0.0,0.0,0.0,0.0,0.0,0.0,1,0,0.0,0.0,0.0,9.5,0.0,2.0,0.0,,,,,5.0,9.5,0.0,0.0,0.0,0.0,1.0,1.0,0.0,0.0,0.0,0.0,2.0,0.0,,1.0,0.0,0.0,0.0,12.0,0,0,0,1,0,0,2024-11-09,2024,1,0,0,0,0,0,0,0,0,0,0,0,0,0,0,0,0,0,0,0,0,0,0,0,0,0,0,0,0,0,0,0.0,0.0,0.0,0.0,0.0,0.0,0.0,0.0,0.0,0.0,0.0,0.0,0.0,8.149312843635345,1707.4819160578943,12261.763067696827
,11/9/24,Sat,0.5,12:00p,South Florida,Navy,247K,247.0,Navy,28.0,7.0,0.0,0.0,3,0.0,0.0,1.0,0.0,0.0,0.0,0.0,0.0,0.0,0.0,0.0,0.0,1,0,0.0,0.0,0.0,4.5,0.0,0.0,0.0,,,,,21.0,4.5,0.0,0.0,0.0,0.0,0.0,0.0,0.0,0.0,0.0,0.0,0.0,0.0,,0.0,0.0,0.0,0.0,12.0,0,0,0,1,0,0,2024-11-09,2024,1,0,0,0,0,0,0,0,0,0,0,0,0,0,0,0,0,0,0,0,0,0,0,0,0,0,0,0,0,0,0,0.0,0.0,0.0,0.0,0.0,0.0,0.0,0.0,0.0,0.0,0.0,0.0,0.0,5.5134287461649825,312.3213614853563,13656.923622269365
,11/9/24,Sat,0.5,12:00p,Louisiana Monroe,Texas St.,27K,27.0,Texas State,38.0,17.0,0.0,0.0,2,0.0,0.0,0.0,0.0,0.0,0.0,0.0,1.0,0.0,0.0,0.0,0.0,1,0,0.0,0.0,0.0,9.5,0.0,0.0,0.0,,,,,21.0,9.5,0.0,0.0,0.0,0.0,0.0,0.0,0.0,0.0,0.0,0.0,0.0,0.0,,0.0,0.0,0.0,0.0,12.0,0,0,0,1,0,0,2024-11-09,2024,1,0,0,0,0,0,0,0,0,0,0,0,0,0,0,0,0,0,0,0,0,0,0,0,0,0,0,0,0,0,0,0.0,0.0,0.0,0.0,0.0,0.0,0.0,0.0,0.0,0.0,0.0,0.0,0.0,3.332204510175204,45.73593813555429,13923.509045619166
,11/9/24,Sat,0.5,12:00p,Rutgers,Minnesota,1.2M,1200.0,Rutgers,26.0,19.0,0.0,0.0,2,0.0,0.0,0.0,1.0,0.0,0.0,0.0,0.0,0.0,0.0,0.0,0.0,1,0,0.0,0.0,0.0,6.5,2.0,0.0,0.0,,,,,7.0,6.5,0.0,0.0,1.0,1.0,0.0,0.0,0.0,0.0,0.0,0.0,0.0,2.0,,0.0,0.0,0.0,0.0,12.0,0,0,0,1,0,0,2024-11-09,2024,1,0,0,0,0,0,0,0,0,0,0,0,0,0,0,0,0,0,0,0,0,0,0,0,0,0,0,0,0,0,0,0.0,0.0,0.0,0.0,0.0,0.0,0.0,0.0,0.0,0.0,0.0,0.0,0.0,7.0909098220799835,1046.6957483063463,12922.549235448374
,11/9/24,Sat,0.5,12:00p,Ohio St.,Purdue,3.48M,3480.0,Ohio State,45.0,0.0,0.0,1.0,2,1.0,0.0,0.0,0.0,0.0,0.0,0.0,0.0,0.0,0.0,0.0,0.0,1,0,0.0,0.0,0.0,37.5,2.0,0.0,0.0,,,,,45.0,-37.5,0.0,0.0,1.0,1.0,0.0,0.0,0.0,0.0,0.0,0.0,0.0,2.0,,1.0,0.0,0.0,0.0,12.0,0,0,0,1,0,0,2024-11-09,2024,1,0,0,0,0,0,0,0,0,0,0,0,0,0,0,0,0,0,0,0,0,0,0,0,0,0,0,0,0,0,0,0.0,0.0,0.0,0.0,0.0,0.0,0.0,0.0,0.0,0.0,0.0,0.0,0.0,8.15507488781144,4299.791228865641,9669.45375488908
,11/9/24,Sat,0.645833333,3:30p,Indiana,Michigan,4.39M,4390.0,Indiana,20.0,15.0,0.0,1.0,1,0.0,0.0,0.0,0.0,1.0,0.0,0.0,0.0,0.0,0.0,0.0,0.0,1,0,0.0,0.0,0.0,14.5,2.0,0.0,0.0,,,,,5.0,-14.5,0.0,0.0,1.0,1.0,0.0,0.0,0.0,0.0,0.0,0.0,0.0,2.0,,0.0,1.0,0.0,0.0,15.5,0,0,0,0,1,0,2024-11-09,2024,1,0,0,0,0,0,0,0,0,0,0,0,0,0,0,0,0,0,0,0,0,0,0,0,0,0,0,0,0,0,0,0.0,0.0,0.0,0.0,0.0,0.0,0.0,0.0,0.0,0.0,0.0,0.0,0.0,8.387312270561717,4158.6927109578355,12781.089546334697
,11/9/24,Sat,0.645833333,3:30p,Virginia Tech,Clemson,1.44M,1440.0,Clemson,24.0,14.0,1.0,0.0,1,0.0,0.0,0.0,0.0,0.0,0.0,0.0,0.0,0.0,0.0,0.0,0.0,1,0,0.0,0.0,0.0,6.5,0.0,2.0,0.0,,,,,10.0,6.5,0.0,0.0,0.0,0.0,1.0,1.0,0.0,0.0,0.0,0.0,2.0,0.0,,0.0,0.0,0.0,1.0,15.5,0,0,0,0,1,0,2024-11-09,2024,1,0,0,0,0,0,0,0,0,0,0,0,0,0,0,0,0,0,0,0,0,0,0,0,0,0,0,0,0,0,0,0.0,0.0,0.0,0.0,0.0,0.0,0.0,0.0,0.0,0.0,0.0,0.0,0.0,7.273092595999522,2113.9351821432465,14825.847075149286
,11/9/24,Sat,0.645833333,3:30p,Mississippi,Georgia,7.08M,7080.0,Ole Miss,28.0,10.0,1.0,1.0,1,0.0,0.0,0.0,0.0,0.0,1.0,0.0,0.0,0.0,0.0,0.0,0.0,1,0,0.0,0.0,0.0,1.5,2.0,0.0,0.0,,,,,18.0,1.5,1.0,1.0,0.0,0.0,0.0,0.0,0.0,0.0,0.0,2.0,0.0,0.0,,1.0,0.0,0.0,1.0,15.5,0,0,0,0,1,0,2024-11-09,2024,1,0,0,0,0,0,0,0,0,0,0,0,0,0,0,0,0,0,0,0,0,0,0,0,0,1,1,0,0,0,0,0.0,0.0,0.0,0.0,0.0,0.0,0.0,0.0,0.0,0.0,0.0,0.0,0.0,8.865170419651774,5877.628505351391,11062.153751941143
,11/9/24,Sat,0.645833333,3:30p,North Texas,Army,322K,322.0,Army,14.0,3.0,1.0,0.0,2,0.0,0.0,1.0,0.0,0.0,0.0,0.0,0.0,0.0,0.0,0.0,0.0,1,0,0.0,0.0,0.0,6.5,0.0,0.0,0.0,,,,,11.0,6.5,0.0,0.0,0.0,0.0,0.0,0.0,0.0,0.0,0.0,0.0,0.0,0.0,,0.0,0.0,0.0,1.0,15.5,0,0,0,0,1,0,2024-11-09,2024,1,0,0,0,0,0,0,0,0,0,0,0,0,0,0,0,0,0,0,0,0,0,0,0,0,0,0,0,0,0,0,0.0,0.0,0.0,0.0,0.0,0.0,0.0,0.0,0.0,0.0,0.0,0.0,0.0,5.777652323222656,347.7510852815614,16592.03117201097
,11/9/24,Sat,0.666666667,4:00p,Tulane,Temple,22K,22.0,Tulane,52.0,6.0,0.0,0.0,1,0.0,0.0,0.0,0.0,0.0,0.0,0.0,1.0,0.0,0.0,0.0,0.0,1,0,0.0,0.0,0.0,25.5,0.0,0.0,0.0,,,,,46.0,-25.5,0.0,0.0,0.0,0.0,0.0,0.0,0.0,0.0,0.0,0.0,0.0,0.0,,0.0,0.0,0.0,0.0,16.0,0,0,0,0,1,0,2024-11-09,2024,1,0,0,0,0,0,0,0,0,0,0,0,0,0,0,0,0,0,0,0,0,0,0,0,0,0,0,0,0,0,0,0.0,0.0,0.0,0.0,0.0,0.0,0.0,0.0,0.0,0.0,0.0,0.0,0.0,3.1354942159291497,48.89006253325599,16890.89219475928
,11/9/24,Sat,0.666666667,4:00p,Texas Tech,Colorado,3.68M,3680.0,Colorado,41.0,27.0,1.0,0.0,1,1.0,0.0,0.0,0.0,0.0,0.0,0.0,0.0,0.0,0.0,0.0,0.0,1,0,0.0,0.0,0.0,5.0,0.0,2.0,0.0,,,,,14.0,5.0,0.0,0.0,0.0,0.0,0.0,0.0,1.0,1.0,2.0,0.0,0.0,0.0,,0.0,0.0,0.0,1.0,16.0,0,0,0,0,1,0,2024-11-09,2024,1,1,0,0,0,0,0,0,0,0,0,0,0,0,0,0,0,0,0,0,0,0,0,0,0,0,0,0,0,0,0,0.0,0.0,0.0,0.0,0.0,0.0,0.0,0.0,0.0,0.0,0.0,0.0,0.0,8.210939733379021,4392.884711025244,12546.89754626729
,11/9/24,Sat,0.791666667,7:00p,Arizona St.,UCF,378K,378.0,Arizona State,35.0,31.0,0.0,0.0,2,0.0,0.0,1.0,0.0,0.0,0.0,0.0,0.0,0.0,0.0,0.0,0.0,0,0,0.0,0.0,0.0,2.5,0.0,2.0,0.0,,,,,4.0,-2.5,0.0,0.0,0.0,0.0,0.0,0.0,1.0,1.0,2.0,0.0,0.0,0.0,,0.0,0.0,0.0,0.0,19.0,0,0,0,0,0,0,2024-11-09,2024,1,0,0,0,0,0,0,0,0,0,0,0,0,0,0,0,0,0,0,0,0,0,0,0,0,0,0,0,0,0,0,0.0,0.0,0.0,0.0,0.0,0.0,0.0,0.0,0.0,0.0,0.0,0.0,0.0,5.937536205082426,447.7802895433329,19244.470860153775
,11/9/24,Sat,0.791666667,7:00p,TCU,Oklahoma St.,355K,355.0,TCU,38.0,13.0,0.0,0.0,2,0.0,1.0,0.0,0.0,0.0,0.0,0.0,0.0,0.0,0.0,0.0,0.0,0,0,0.0,0.0,0.0,10.5,0.0,2.0,0.0,,,,,25.0,-10.5,0.0,0.0,0.0,0.0,0.0,0.0,1.0,1.0,2.0,0.0,0.0,0.0,,0.0,0.0,0.0,0.0,19.0,0,0,0,0,0,0,2024-11-09,2024,1,0,0,0,0,0,0,0,0,0,0,0,0,0,0,0,0,0,0,0,0,0,0,0,0,0,0,0,0,0,0,0.0,0.0,0.0,0.0,0.0,0.0,0.0,0.0,0.0,0.0,0.0,0.0,0.0,5.87493073085203,449.2554336153856,19242.995716081725
,11/9/24,Sat,0.791666667,7:00p,Oregon,Maryland,817K,817.0,Oregon,39.0,18.0,0.0,1.0,2,0.0,0.0,0.0,0.0,0.0,0.0,0.0,0.0,0.0,0.0,1.0,0.0,0,0,0.0,0.0,0.0,24.0,2.0,0.0,0.0,,,,,21.0,-24.0,0.0,0.0,1.0,1.0,0.0,0.0,0.0,0.0,0.0,0.0,0.0,2.0,,0.0,0.0,0.0,0.0,19.0,0,0,0,0,0,0,2024-11-09,2024,1,0,0,0,0,0,0,0,0,0,0,0,0,0,0,0,0,0,0,0,0,0,0,0,0,0,0,0,0,0,0,0.0,0.0,0.0,0.0,0.0,0.0,0.0,0.0,0.0,0.0,0.0,0.0,0.0,6.706862336602747,723.0569668970005,18969.194182800107
,11/9/24,Sat,0.791666667,7:00p,Tennessee,Mississippi St.,1.6M,1600.0,Tennessee,33.0,14.0,0.0,1.0,1,0.0,0.0,0.0,0.0,0.0,0.0,0.0,0.0,0.0,0.0,0.0,0.0,0,0,0.0,0.0,0.0,26.5,2.0,0.0,0.0,,,,,19.0,-26.5,1.0,1.0,0.0,0.0,0.0,0.0,0.0,0.0,0.0,2.0,0.0,0.0,,0.0,0.0,0.0,0.0,19.0,0,0,0,0,0,0,2024-11-09,2024,1,0,0,0,0,0,0,0,0,0,0,0,0,0,0,0,0,0,0,0,0,0,0,0,0,0,0,0,0,0,0,0.0,0.0,0.0,0.0,0.0,0.0,0.0,0.0,0.0,0.0,0.0,0.0,0.0,7.3783837129967145,2772.2410183902166,16920.01013130689
,11/9/24,Sat,0.8125,7:30p,LSU,Alabama,7.9M,7900.0,Alabama,42.0,13.0,2.0,0.0,1,0.0,0.0,0.0,0.0,0.0,1.0,0.0,0.0,0.0,0.0,0.0,0.0,0,0,0.0,0.0,0.0,2.5,2.0,0.0,0.0,,,,,29.0,2.5,1.0,1.0,0.0,0.0,0.0,0.0,0.0,0.0,0.0,2.0,0.0,0.0,,0.0,0.0,0.0,0.0,19.5,0,0,0,0,0,0,2024-11-09,2024,1,0,0,0,0,0,0,0,0,0,0,0,0,0,0,0,0,0,0,0,0,0,0,0,1,1,1,0,0,0,0,0.0,0.0,0.0,0.0,0.0,0.0,0.0,0.0,0.0,0.0,0.0,0.0,0.0,8.974744612722734,9806.486394847043,9885.764754850064
,11/9/24,Sat,0.8125,7:30p,Notre Dame,Florida St.,2.19M,2190.0,Notre Dame,52.0,3.0,0.0,1.0,1,0.0,0.0,0.0,1.0,0.0,0.0,0.0,0.0,0.0,0.0,0.0,0.0,0,0,0.0,0.0,0.0,25.5,0.0,1.0,0.0,,,,,49.0,-25.5,0.0,0.0,0.0,0.0,0.0,1.0,0.0,0.0,0.0,0.0,1.0,0.0,,0.0,0.0,0.0,0.0,19.5,0,0,0,0,0,0,2024-11-09,2024,1,0,0,0,0,0,0,0,0,0,0,0,0,0,0,0,0,0,0,0,0,0,0,0,0,0,0,0,0,0,0,0.0,0.0,0.0,0.0,0.0,0.0,0.0,0.0,0.0,0.0,0.0,0.0,0.0,7.692113339595466,4206.177859153089,15486.07329054402
,11/9/24,Sat,0.833333333,8:00p,Boise St.,Nevada,1.53M,1530.0,Boise State,28.0,21.0,1.0,0.0,1,1.0,0.0,0.0,0.0,0.0,0.0,0.0,0.0,0.0,0.0,0.0,0.0,0,0,0.0,0.0,0.0,23.5,0.0,0.0,0.0,,,,,7.0,-23.5,0.0,0.0,0.0,0.0,0.0,0.0,0.0,0.0,0.0,0.0,0.0,0.0,,0.0,0.0,0.0,0.0,20.0,0,0,0,0,0,0,2024-11-09,2024,1,0,0,0,0,0,0,0,0,0,0,0,0,0,0,0,0,0,0,0,0,0,0,0,0,0,0,0,0,0,0,0.0,0.0,0.0,0.0,0.0,0.0,0.0,0.0,0.0,0.0,0.0,0.0,0.0,7.333676395657684,1287.2531872510406,18404.99796244607
,11/9/24,Sat,0.9375,10:30p,Utah,BYU,2.07M,2070.0,BYU,22.0,21.0,0.0,1.0,0,0.0,0.0,0.0,0.0,0.0,0.0,0.0,0.0,0.0,0.0,0.0,0.0,0,1,0.0,0.0,0.0,3.5,0.0,2.0,0.0,,,,,1.0,3.5,0.0,0.0,0.0,0.0,0.0,0.0,1.0,1.0,2.0,0.0,0.0,0.0,,0.0,0.0,0.0,0.0,22.5,0,0,0,0,0,1,2024-11-09,2024,1,0,0,0,0,0,0,0,0,1,0,0,0,0,0,0,0,0,0,0,0,0,0,0,0,0,0,0,0,0,0,0.0,0.0,0.0,0.0,0.0,0.0,0.0,0.0,0.0,0.0,0.0,0.0,0.0,7.635786861395585,1746.564960974508,442.95892637690173
,11/9/24,Sat,0.9375,10:30p,Washington St.,Utah St.,371K,371.0,Washington State,49.0,28.0,1.0,0.0,1,0.0,0.0,0.0,0.0,0.0,0.0,1.0,0.0,0.0,0.0,0.0,0.0,0,1,0.0,0.0,0.0,20.5,0.0,0.0,0.0,,,,,21.0,-20.5,0.0,0.0,0.0,0.0,0.0,0.0,0.0,0.0,0.0,0.0,0.0,0.0,,0.0,0.0,0.0,0.0,22.5,0,0,0,0,0,1,2024-11-09,2024,1,0,0,0,0,0,0,0,0,0,0,0,0,0,0,0,0,0,0,0,0,0,0,0,0,0,0,0,0,0,0,0.0,0.0,0.0,0.0,0.0,0.0,0.0,0.0,0.0,0.0,0.0,0.0,0.0,5.918893854273146,442.95892637690173,1746.564960974508
,11/12/24,Tue,0.791666667,7:00p,Toledo,Central Michigan,56K,56.0,Toledo,37.0,10.0,0.0,0.0,0,0.0,0.0,0.0,0.0,0.0,0.0,0.0,1.0,0.0,0.0,0.0,0.0,0,0,0.0,0.0,1.0,15.0,0.0,0.0,0.0,,,,,27.0,-15.0,0.0,0.0,0.0,0.0,0.0,0.0,0.0,0.0,0.0,0.0,0.0,0.0,,0.0,0.0,0.0,0.0,19.0,0,1,0,0,0,0,2024-11-12,2024,1,0,0,0,0,0,0,0,0,0,0,0,0,0,0,0,0,0,0,0,0,0,0,0,0,0,0,0,0,0,0,0.0,0.0,0.0,0.0,0.0,0.0,0.0,0.0,0.0,0.0,0.0,0.0,0.0,4.04305126783455,70.32824530476202,406.3575074034854
,11/12/24,Tue,0.791666667,7:00p,Bowling Green,Western Michigan,269K,269.0,Bowling Green,31.0,13.0,0.0,0.0,0,0.0,0.0,1.0,0.0,0.0,0.0,0.0,0.0,0.0,0.0,0.0,0.0,0,0,0.0,0.0,1.0,9.5,0.0,0.0,0.0,,,,,18.0,-9.5,0.0,0.0,0.0,0.0,0.0,0.0,0.0,0.0,0.0,0.0,0.0,0.0,,0.0,0.0,0.0,0.0,19.0,0,1,0,0,0,0,2024-11-12,2024,1,0,0,0,0,0,0,0,0,0,0,0,0,0,0,0,0,0,0,0,0,0,0,0,0,0,0,0,0,0,0,0.0,0.0,0.0,0.0,0.0,0.0,0.0,0.0,0.0,0.0,0.0,0.0,0.0,5.598421958998375,406.3575074034854,70.32824530476202
,11/13/24,Wed,0.791666667,7:00p,Ohio,Eastern Michigan,381K,381.0,Ohio,35.0,10.0,0.0,0.0,0,0.0,0.0,1.0,0.0,0.0,0.0,0.0,0.0,0.0,0.0,0.0,0.0,0,0,0.0,0.0,1.0,10.5,0.0,0.0,0.0,,,,,25.0,-10.5,0.0,0.0,0.0,0.0,0.0,0.0,0.0,0.0,0.0,0.0,0.0,0.0,,0.0,0.0,0.0,0.0,19.0,0,1,0,0,0,0,2024-11-13,2024,1,0,0,0,0,0,0,0,0,0,0,0,0,0,0,0,0,0,0,0,0,0,0,0,0,0,0,0,0,0,0,0.0,0.0,0.0,0.0,0.0,0.0,0.0,0.0,0.0,0.0,0.0,0.0,0.0,5.945420608606575,328.84266453583234,85.4693743614344
,11/13/24,Wed,0.791666667,7:00p,Miami Ohio,Kent St.,70K,70.0,Miami (OH),34.0,7.0,0.0,0.0,0,0.0,0.0,0.0,0.0,0.0,0.0,0.0,1.0,0.0,0.0,0.0,0.0,0,0,0.0,0.0,1.0,31.0,0.0,0.0,0.0,,,,,27.0,-31.0,0.0,0.0,0.0,0.0,0.0,0.0,0.0,0.0,0.0,0.0,0.0,0.0,,0.0,0.0,0.0,0.0,19.0,0,1,0,0,0,0,2024-11-13,2024,1,0,0,0,0,0,0,0,0,0,0,0,0,0,0,0,0,0,0,0,0,0,0,0,0,0,0,0,0,0,0,0.0,0.0,0.0,0.0,0.0,0.0,0.0,0.0,0.0,0.0,0.0,0.0,0.0,4.2626798770413155,85.4693743614344,328.84266453583234
,11/14/24,Thu,0.8125,7:30p,Tulsa,East Carolina,563K,563.0,East Carolina,38.0,31.0,0.0,0.0,0,0.0,0.0,0.0,0.0,0.0,0.0,0.0,0.0,0.0,0.0,0.0,0.0,0,0,0.0,0.0,1.0,16.0,0.0,0.0,0.0,,,,,7.0,16.0,0.0,0.0,0.0,0.0,0.0,0.0,0.0,0.0,0.0,0.0,0.0,0.0,,0.0,0.0,0.0,0.0,19.5,0,1,0,0,0,0,2024-11-14,2024,1,0,0,0,0,0,0,0,0,0,0,0,0,0,0,0,0,0,0,0,0,0,0,0,0,0,0,0,0,0,0,0.0,0.0,0.0,0.0,0.0,0.0,0.0,0.0,0.0,0.0,0.0,0.0,0.0,6.335054251498059,649.3749172693811,0.0
,11/15/24,Fri,0.875,9:00p,UTSA,North Texas,313K,313.0,UTSA,48.0,27.0,0.0,0.0,0,0.0,0.0,1.0,0.0,0.0,0.0,0.0,0.0,0.0,0.0,0.0,0.0,0,0,0.0,0.0,1.0,1.0,0.0,0.0,0.0,,,,,21.0,-1.0,0.0,0.0,0.0,0.0,0.0,0.0,0.0,0.0,0.0,0.0,0.0,0.0,,0.0,0.0,0.0,0.0,21.0,0,0,1,0,0,0,2024-11-15,2024,1,0,0,0,0,0,0,0,0,0,0,0,0,0,0,0,0,0,0,0,0,0,0,0,0,0,0,0,0,0,0,0.0,1.0,0.0,0.0,0.0,0.0,0.0,0.0,0.0,0.0,0.0,0.0,0.0,5.749392985908253,379.19884360068085,1758.6063563789835
,11/15/24,Fri,0.875,9:00p,Washington,UCLA,1.26M,1260.0,Washington,31.0,19.0,0.0,0.0,0,1.0,0.0,0.0,0.0,0.0,0.0,0.0,0.0,0.0,0.0,0.0,0.0,0,0,0.0,0.0,1.0,4.5,2.0,0.0,0.0,,,,,12.0,-4.5,0.0,0.0,1.0,1.0,0.0,0.0,0.0,0.0,0.0,0.0,0.0,2.0,,0.0,0.0,0.0,0.0,21.0,0,0,1,0,0,0,2024-11-15,2024,1,0,0,0,0,0,0,0,0,0,0,0,0,0,0,0,0,0,0,0,0,0,0,0,0,0,0,0,0,0,0,1.0,0.0,0.0,0.0,0.0,0.0,0.0,0.0,0.0,0.0,0.0,0.0,0.0,7.13966033596492,1758.6063563789835,379.19884360068085
,11/16/24,Sat,0.5,12:00p,Pittsburgh,Clemson,1.85M,1850.0,Clemson,24.0,20.0,1.0,0.0,0,0.0,0.0,0.0,0.0,0.0,0.0,0.0,0.0,0.0,0.0,0.0,0.0,1,0,0.0,0.0,0.0,12.0,0.0,2.0,0.0,,,,,4.0,12.0,0.0,0.0,0.0,0.0,1.0,1.0,0.0,0.0,0.0,0.0,2.0,0.0,,0.0,0.0,0.0,1.0,12.0,0,0,0,1,0,0,2024-11-16,2024,1,0,0,0,0,0,0,0,0,0,0,0,0,0,0,0,0,0,0,0,0,0,0,0,0,0,0,0,0,0,0,0.0,0.0,0.0,0.0,0.0,0.0,0.0,0.0,0.0,0.0,0.0,0.0,0.0,7.523481312573497,1804.3732299929684,10268.42132806644
,11/16/24,Sat,0.5,12:00p,Northwestern,Ohio St.,1.89M,1890.0,Ohio State,31.0,7.0,0.0,1.0,1,0.0,0.0,0.0,0.0,0.0,0.0,0.0,0.0,0.0,0.0,1.0,0.0,1,0,0.0,0.0,0.0,28.0,2.0,0.0,0.0,,,,,24.0,28.0,0.0,0.0,1.0,1.0,0.0,0.0,0.0,0.0,0.0,0.0,0.0,2.0,,1.0,0.0,0.0,0.0,12.0,0,0,0,1,0,0,2024-11-16,2024,1,0,0,0,0,0,0,0,0,0,0,0,0,0,0,0,0,0,0,0,0,0,0,0,0,0,0,0,0,0,1,0.0,0.0,0.0,0.0,0.0,0.0,0.0,0.0,0.0,0.0,0.0,0.0,0.0,7.544861068658458,1828.0141764433874,10244.780381616021
,11/16/24,Sat,0.5,12:00p,Arkansas,Texas,4.56M,4560.0,Texas,20.0,10.0,0.0,1.0,0,0.0,0.0,0.0,0.0,0.0,1.0,0.0,0.0,0.0,0.0,0.0,0.0,1,0,0.0,0.0,0.0,13.0,2.0,0.0,0.0,,,,,10.0,13.0,1.0,1.0,0.0,0.0,0.0,0.0,0.0,0.0,0.0,2.0,0.0,0.0,,1.0,0.0,0.0,0.0,12.0,0,0,0,1,0,0,2024-11-16,2024,1,0,0,0,0,0,0,0,0,0,0,0,0,0,0,0,0,0,0,0,0,0,0,0,0,0,0,0,0,0,0,0.0,0.0,0.0,0.0,0.0,0.0,0.0,0.0,0.0,0.0,0.0,0.0,0.0,8.4252971767117,4561.993174573895,7510.801383485514
,11/16/24,Sat,0.5,12:00p,Navy,Tulane,269K,269.0,Tulane,35.0,0.0,1.0,0.0,1,0.0,0.0,1.0,0.0,0.0,0.0,0.0,0.0,0.0,0.0,0.0,0.0,1,0,0.0,0.0,0.0,7.5,0.0,0.0,0.0,,,,,35.0,7.5,0.0,0.0,0.0,0.0,0.0,0.0,0.0,0.0,0.0,0.0,0.0,0.0,,0.0,0.0,0.0,1.0,12.0,0,0,0,1,0,0,2024-11-16,2024,1,0,0,0,0,0,0,0,0,0,0,0,0,0,0,0,0,0,0,0,0,0,0,0,0,0,0,0,0,0,0,0.0,0.0,0.0,0.0,0.0,0.0,0.0,0.0,0.0,0.0,0.0,0.0,0.0,5.598421958998375,373.9360342280789,11698.85852383133
,11/16/24,Sat,0.5,12:00p,Colorado,Utah,4M,4000.0,Colorado,49.0,24.0,1.0,0.0,0,1.0,0.0,0.0,0.0,0.0,0.0,0.0,0.0,0.0,0.0,0.0,0.0,1,0,0.0,0.0,0.0,13.5,0.0,2.0,0.0,,,,,25.0,-13.5,0.0,0.0,0.0,0.0,0.0,0.0,1.0,1.0,2.0,0.0,0.0,0.0,,0.0,0.0,0.0,1.0,12.0,0,0,0,1,0,0,2024-11-16,2024,1,1,0,0,0,0,0,0,0,0,0,0,0,0,0,0,0,0,0,0,0,0,0,0,0,0,0,0,0,0,0,0.0,0.0,0.0,0.0,0.0,0.0,0.0,0.0,0.0,0.0,0.0,0.0,0.0,8.294299608857235,3504.477942821079,8568.316615238331
,11/16/24,Sat,0.625,3:00p,California,Syracuse,298K,298.0,Syracuse,33.0,25.0,0.0,0.0,2,0.0,0.0,0.0,0.0,0.0,0.0,1.0,0.0,0.0,0.0,0.0,0.0,1,0,0.0,0.0,0.0,10.5,0.0,2.0,0.0,,,,,8.0,-10.5,0.0,0.0,0.0,0.0,1.0,1.0,0.0,0.0,0.0,0.0,2.0,0.0,,0.0,0.0,0.0,0.0,15.0,0,0,0,0,1,0,2024-11-16,2024,1,0,0,0,0,0,0,0,0,0,0,0,0,0,0,0,0,0,0,0,0,0,0,0,0,0,0,0,0,0,0,0.0,0.0,0.0,0.0,0.0,0.0,0.0,0.0,0.0,0.0,0.0,0.0,0.0,5.700443573390687,437.7228890956275,16615.179508665162
,11/16/24,Sat,0.645833333,3:30p,SMU,Boston College,957K,957.0,SMU,38.0,28.0,1.0,0.0,1,0.0,0.0,0.0,0.0,0.0,0.0,0.0,0.0,0.0,0.0,0.0,0.0,1,0,0.0,0.0,0.0,19.0,0.0,2.0,0.0,,,,,10.0,-19.0,0.0,0.0,0.0,0.0,1.0,1.0,0.0,0.0,0.0,0.0,2.0,0.0,,0.0,0.0,1.0,0.0,15.5,0,0,0,0,1,0,2024-11-16,2024,1,0,0,0,0,0,0,0,0,0,0,0,0,0,0,0,0,0,0,0,0,0,0,0,0,0,0,0,0,0,0,0.0,0.0,0.0,0.0,0.0,0.0,0.0,0.0,0.0,0.0,0.0,0.0,0.0,6.86484777797086,627.2435778519991,16425.658819908793
,11/16/24,Sat,0.645833333,3:30p,Notre Dame,Virginia,1.96M,1960.0,Notre Dame,35.0,14.0,0.0,1.0,1,0.0,0.0,0.0,1.0,0.0,0.0,0.0,0.0,0.0,0.0,0.0,0.0,1,0,0.0,0.0,0.0,20.5,0.0,1.0,0.0,,,,,21.0,-20.5,0.0,0.0,0.0,0.0,0.0,1.0,0.0,0.0,0.0,0.0,1.0,0.0,,0.0,1.0,0.0,0.0,15.5,0,0,0,0,1,0,2024-11-16,2024,1,0,0,0,0,0,0,0,0,0,0,0,0,0,0,0,0,0,0,0,0,0,0,0,0,0,0,0,0,0,0,0.0,0.0,0.0,0.0,0.0,0.0,0.0,0.0,0.0,0.0,0.0,0.0,0.0,7.581209826196346,2578.1996852116217,14474.70271254917
,11/16/24,Sat,0.645833333,3:30p,Purdue,Penn St.,1.8M,1800.0,Penn State,49.0,10.0,0.0,1.0,1,0.0,0.0,0.0,0.0,1.0,0.0,0.0,0.0,0.0,0.0,0.0,0.0,1,0,0.0,0.0,0.0,30.0,2.0,0.0,0.0,,,,,39.0,30.0,0.0,0.0,1.0,1.0,0.0,0.0,0.0,0.0,0.0,0.0,0.0,2.0,,1.0,0.0,0.0,0.0,15.5,0,0,0,0,1,0,2024-11-16,2024,1,0,0,0,0,0,0,0,0,0,0,0,0,0,0,0,0,0,0,0,0,0,0,0,0,0,0,0,0,0,0,0.0,0.0,0.0,0.0,0.0,0.0,0.0,0.0,0.0,0.0,0.0,0.0,0.0,7.496097345175956,3219.6756438771517,13833.226753883639
,11/16/24,Sat,0.645833333,3:30p,Florida,LSU,6.02M,6020.0,Florida,27.0,16.0,1.0,0.0,1,0.0,0.0,0.0,0.0,0.0,1.0,0.0,0.0,0.0,0.0,0.0,0.0,1,0,0.0,0.0,0.0,3.0,2.0,0.0,0.0,,,,,11.0,3.0,1.0,1.0,0.0,0.0,0.0,0.0,0.0,0.0,0.0,2.0,0.0,0.0,,0.0,0.0,0.0,1.0,15.5,0,0,0,0,1,0,2024-11-16,2024,1,0,0,0,0,0,0,0,0,0,0,0,0,0,0,0,0,0,0,0,0,0,0,0,0,0,0,0,0,0,0,0.0,0.0,0.0,0.0,0.0,0.0,0.0,0.0,0.0,0.0,0.0,0.0,0.0,8.703008637464448,6085.084386886984,10967.818010873809
,11/16/24,Sat,0.666666667,4:00p,West Virginia,Baylor,513K,513.0,Baylor,49.0,35.0,0.0,0.0,2,0.0,0.0,1.0,0.0,0.0,0.0,0.0,0.0,0.0,0.0,0.0,0.0,1,0,0.0,0.0,0.0,2.0,0.0,2.0,0.0,,,,,14.0,2.0,0.0,0.0,0.0,0.0,0.0,0.0,1.0,1.0,2.0,0.0,0.0,0.0,,0.0,0.0,0.0,0.0,16.0,0,0,0,0,1,0,2024-11-16,2024,1,0,0,0,0,0,0,0,0,0,0,0,0,0,0,0,0,0,0,0,0,0,0,0,0,0,0,0,0,0,0,0.0,0.0,0.0,0.0,0.0,0.0,0.0,0.0,0.0,0.0,0.0,0.0,0.0,6.2422232654551655,597.6191451974415,16455.28325256335
,11/16/24,Sat,0.666666667,4:00p,Old Dominion,James Madison,45K,45.0,James Madison,35.0,32.0,0.0,0.0,1,0.0,0.0,0.0,0.0,0.0,0.0,0.0,1.0,0.0,0.0,0.0,0.0,1,0,0.0,0.0,0.0,1.5,0.0,0.0,0.0,,,,,3.0,1.5,0.0,0.0,0.0,0.0,0.0,0.0,0.0,0.0,0.0,0.0,0.0,0.0,,0.0,0.0,0.0,0.0,16.0,0,0,0,0,1,0,2024-11-16,2024,1,0,0,0,0,0,0,0,0,0,0,0,0,0,0,0,0,0,0,0,0,0,0,0,0,0,0,0,0,0,0,0.0,0.0,0.0,0.0,0.0,0.0,0.0,0.0,0.0,0.0,0.0,0.0,0.0,3.828641396489095,54.726526301736236,16998.175871459054
,11/16/24,Sat,0.666666667,4:00p,USC,Nebraska,2.98M,2980.0,USC,28.0,20.0,0.0,0.0,1,1.0,0.0,0.0,0.0,0.0,0.0,0.0,0.0,0.0,0.0,0.0,0.0,1,0,0.0,0.0,0.0,6.5,2.0,0.0,0.0,,,,,8.0,-6.5,0.0,0.0,1.0,1.0,0.0,0.0,0.0,0.0,0.0,0.0,0.0,2.0,,0.0,0.0,0.0,0.0,16.0,0,0,0,0,1,0,2024-11-16,2024,1,0,0,0,0,0,0,0,0,0,0,0,0,0,0,0,0,0,0,0,0,0,0,0,0,0,0,0,0,0,0,0.0,0.0,0.0,0.0,0.0,0.0,0.0,0.0,0.0,0.0,0.0,0.0,0.0,8.000014093678072,3452.6305433382295,13600.27185442256
,11/16/24,Sat,0.75,6:00p,Maryland,Rutgers,304K,304.0,Rutgers,31.0,17.0,0.0,0.0,0,0.0,1.0,0.0,0.0,0.0,0.0,0.0,0.0,0.0,0.0,0.0,0.0,1,0,0.0,0.0,0.0,4.5,2.0,0.0,0.0,,,,,14.0,-4.5,0.0,0.0,1.0,1.0,0.0,0.0,0.0,0.0,0.0,0.0,0.0,2.0,,0.0,0.0,0.0,0.0,18.0,0,0,0,0,1,0,2024-11-16,2024,1,0,0,0,0,0,0,0,0,0,0,0,0,0,0,0,0,0,0,0,0,0,0,0,0,0,0,0,0,0,0,0.0,0.0,0.0,0.0,0.0,0.0,0.0,0.0,0.0,0.0,0.0,0.0,0.0,5.720311776607412,354.2238455845271,1286.1708069854644
,11/16/24,Sat,0.791666667,7:00p,Kansas St.,Arizona St.,849K,849.0,Arizona State,24.0,14.0,1.0,0.0,1,0.0,0.0,0.0,0.0,0.0,0.0,0.0,0.0,0.0,0.0,0.0,0.0,0,0,0.0,0.0,0.0,7.5,0.0,2.0,0.0,,,,,10.0,-7.5,0.0,0.0,0.0,0.0,0.0,0.0,1.0,1.0,2.0,0.0,0.0,0.0,,0.0,0.0,0.0,0.0,19.0,0,0,0,0,0,0,2024-11-16,2024,1,0,0,0,0,0,0,0,0,0,0,0,0,0,0,0,0,0,0,0,0,0,0,0,0,0,0,0,0,0,0,0.0,0.0,0.0,0.0,0.0,0.0,0.0,0.0,0.0,0.0,0.0,0.0,0.0,6.745236349484363,1286.1708069854644,13654.08143161092
,11/16/24,Sat,0.8125,7:30p,Wisconsin,Oregon,4.12M,4120.0,Oregon,16.0,13.0,0.0,1.0,1,0.0,0.0,0.0,1.0,0.0,0.0,0.0,0.0,0.0,0.0,0.0,0.0,0,0,0.0,0.0,0.0,13.5,2.0,0.0,0.0,,,,,3.0,13.5,0.0,0.0,1.0,1.0,0.0,0.0,0.0,0.0,0.0,0.0,0.0,2.0,,0.0,0.0,0.0,0.0,19.5,0,0,0,0,0,0,2024-11-16,2024,1,0,0,0,0,0,0,0,0,0,0,0,0,0,0,0,0,0,0,0,0,0,0,0,0,0,0,0,0,0,0,0.0,0.0,0.0,0.0,0.0,0.0,0.0,0.0,0.0,0.0,0.0,0.0,0.0,8.323851131338817,3223.364333181393,11362.664059830466
,11/16/24,Sat,0.8125,7:30p,Georgia,Tennessee,9.96M,9960.0,Georgia,31.0,17.0,1.0,1.0,1,0.0,0.0,0.0,0.0,0.0,1.0,0.0,0.0,0.0,0.0,0.0,0.0,0,0,0.0,0.0,0.0,8.5,2.0,0.0,0.0,,,,,14.0,-8.5,1.0,1.0,0.0,0.0,0.0,0.0,0.0,0.0,0.0,2.0,0.0,0.0,,0.0,0.0,0.0,0.0,19.5,0,0,0,0,0,0,2024-11-16,2024,1,0,0,0,0,0,0,0,0,0,0,0,0,0,0,0,0,0,0,0,0,0,0,0,0,1,1,0,0,0,0,0.0,0.0,0.0,0.0,0.0,0.0,0.0,0.0,0.0,0.0,0.0,0.0,0.0,9.206432747145165,8418.423447052244,6167.604945959615
,11/16/24,Sat,0.833333333,8:00p,Iowa St.,Cincinnati,1M,1000.0,Iowa State,34.0,17.0,0.0,0.0,1,1.0,0.0,0.0,0.0,0.0,0.0,0.0,0.0,0.0,0.0,0.0,0.0,0,0,0.0,0.0,0.0,7.0,0.0,2.0,0.0,,,,,17.0,-7.0,0.0,0.0,0.0,0.0,0.0,0.0,1.0,1.0,2.0,0.0,0.0,0.0,,0.0,0.0,0.0,0.0,20.0,0,0,0,0,0,0,2024-11-16,2024,1,0,0,0,0,0,0,0,0,0,0,0,0,0,0,0,0,0,0,0,0,0,0,0,0,0,0,0,0,0,0,0.0,0.0,0.0,0.0,0.0,0.0,0.0,0.0,0.0,0.0,0.0,0.0,0.0,6.90875477931522,1444.246248317451,13141.782144694407
,11/16/24,Sat,0.833333333,8:00p,Memphis,UAB,117K,117.0,Memphis,53.0,18.0,0.0,0.0,2,0.0,0.0,1.0,0.0,0.0,0.0,0.0,0.0,0.0,0.0,0.0,0.0,0,0,0.0,0.0,0.0,16.0,0.0,0.0,0.0,,,,,35.0,-16.0,0.0,0.0,0.0,0.0,0.0,0.0,0.0,0.0,0.0,0.0,0.0,0.0,,0.0,0.0,0.0,0.0,20.0,0,0,0,0,0,0,2024-11-16,2024,1,0,0,0,0,0,0,0,0,0,0,0,0,0,0,0,0,0,0,0,0,0,0,0,0,0,0,0,0,0,0,0.0,0.0,0.0,0.0,0.0,0.0,0.0,0.0,0.0,0.0,0.0,0.0,0.0,4.770684624465665,213.82355747530582,14372.204835536553
,11/16/24,Sat,0.895833333,9:30p,New Mexico,Washington St.,244K,244.0,New Mexico,38.0,35.0,1.0,0.0,1,0.0,1.0,0.0,0.0,0.0,0.0,0.0,0.0,0.0,0.0,0.0,0.0,0,1,0.0,0.0,0.0,10.5,0.0,0.0,0.0,,,,,3.0,10.5,0.0,0.0,0.0,0.0,0.0,0.0,0.0,0.0,0.0,0.0,0.0,0.0,,0.0,0.0,0.0,0.0,21.5,0,0,0,0,0,1,2024-11-16,2024,1,0,0,0,0,0,0,0,0,0,0,0,0,0,0,0,0,0,0,0,0,0,0,0,0,0,0,0,0,0,0,0.0,0.0,0.0,0.0,0.0,0.0,0.0,0.0,0.0,0.0,0.0,0.0,0.0,5.501258210544727,307.56472396958225,1956.3728794064464
,11/16/24,Sat,0.9375,10:30p,BYU,Kansas,1.75M,1750.0,Kansas,17.0,13.0,0.0,1.0,0,0.0,0.0,0.0,0.0,0.0,0.0,0.0,0.0,0.0,0.0,0.0,0.0,0,1,0.0,0.0,0.0,3.0,0.0,2.0,0.0,,,,,4.0,-3.0,0.0,0.0,0.0,0.0,0.0,0.0,1.0,1.0,2.0,0.0,0.0,0.0,,0.0,0.0,0.0,0.0,22.5,0,0,0,0,0,1,2024-11-16,2024,1,0,0,0,0,0,0,0,0,0,0,0,0,0,0,0,0,0,0,0,0,0,0,0,0,0,0,0,0,0,0,0.0,0.0,0.0,0.0,0.0,0.0,0.0,0.0,0.0,0.0,0.0,0.0,0.0,7.467942332285852,1956.3728794064464,307.56472396958225
,11/19/24,Tue,0.8125,7:30p,Central Michigan,Western Michigan,236K,236.0,Central Michigan,16.0,14.0,0.0,0.0,0,0.0,0.0,1.0,0.0,0.0,0.0,0.0,0.0,0.0,0.0,0.0,0.0,0,0,0.0,0.0,1.0,6.0,0.0,0.0,0.0,,,,,2.0,6.0,0.0,0.0,0.0,0.0,0.0,0.0,0.0,0.0,0.0,0.0,0.0,0.0,,0.0,0.0,0.0,0.0,19.5,0,1,0,0,0,0,2024-11-19,2024,1,0,0,0,0,0,0,0,0,0,0,0,0,0,0,0,0,0,0,0,0,0,0,0,0,0,0,0,0,0,0,0.0,0.0,0.0,0.0,0.0,0.0,0.0,0.0,0.0,0.0,0.0,0.0,0.0,5.4680601411351315,363.4875411191766,717.7556880740926
,11/19/24,Tue,0.833333333,8:00p,Miami Ohio,Northern Illinois,497K,497.0,Miami (OH),20.0,9.0,0.0,0.0,0,0.0,0.0,0.0,0.0,0.0,0.0,0.0,0.0,0.0,0.0,0.0,0.0,0,0,0.0,0.0,1.0,1.5,0.0,0.0,0.0,,,,,11.0,-1.5,0.0,0.0,0.0,0.0,0.0,0.0,0.0,0.0,0.0,0.0,0.0,0.0,,0.0,0.0,0.0,0.0,20.0,0,1,0,0,0,0,2024-11-19,2024,1,0,0,0,0,0,0,0,0,0,0,0,0,0,0,0,0,0,0,0,0,0,0,0,0,0,0,0,0,0,0,0.0,0.0,0.0,0.0,0.0,0.0,0.0,0.0,0.0,0.0,0.0,0.0,0.0,6.210600077024653,717.7556880740926,363.4875411191766
,11/20/24,Wed,0.791666667,7:00p,Eastern Michigan,Buffalo,64K,64.0,Buffalo,37.0,20.0,0.0,0.0,0,0.0,0.0,0.0,0.0,0.0,0.0,0.0,1.0,0.0,0.0,0.0,0.0,0,0,0.0,0.0,1.0,1.0,0.0,0.0,0.0,,,,,17.0,-1.0,0.0,0.0,0.0,0.0,0.0,0.0,0.0,0.0,0.0,0.0,0.0,0.0,,0.0,0.0,0.0,0.0,19.0,0,1,0,0,0,0,2024-11-20,2024,1,0,0,0,0,0,0,0,0,0,0,0,0,0,0,0,0,0,0,0,0,0,0,0,0,0,0,0,0,0,0,0.0,0.0,0.0,0.0,0.0,0.0,0.0,0.0,0.0,0.0,0.0,0.0,0.0,4.174387269895637,93.44462874479923,310.51550938901426
,11/20/24,Wed,0.791666667,7:00p,Toledo,Ohio,414K,414.0,Ohio,24.0,7.0,0.0,0.0,0,0.0,0.0,1.0,0.0,0.0,0.0,0.0,0.0,0.0,0.0,0.0,0.0,0,0,0.0,0.0,1.0,1.5,0.0,0.0,0.0,,,,,17.0,-1.5,0.0,0.0,0.0,0.0,0.0,0.0,0.0,0.0,0.0,0.0,0.0,0.0,,0.0,0.0,0.0,0.0,19.0,0,1,0,0,0,0,2024-11-20,2024,1,0,0,0,0,0,0,0,0,0,0,0,0,0,0,0,0,0,0,0,0,0,0,0,0,0,0,0,0,0,0,0.0,0.0,0.0,0.0,0.0,0.0,0.0,0.0,0.0,0.0,0.0,0.0,0.0,6.028278520230698,310.51550938901426,93.44462874479923
,11/21/24,Thu,0.8125,7:30p,Georgia Tech,North Carolina St.,897K,897.0,Georgia Tech,30.0,29.0,0.0,0.0,0,0.0,0.0,0.0,0.0,0.0,0.0,0.0,0.0,0.0,0.0,0.0,0.0,0,0,0.0,0.0,1.0,7.5,0.0,1.0,0.0,,,,,1.0,-7.5,0.0,0.0,0.0,0.0,1.0,1.0,0.0,0.0,0.0,0.0,2.0,0.0,,0.0,0.0,0.0,0.0,19.5,0,1,0,0,0,0,2024-11-21,2024,1,0,0,0,0,0,0,0,0,0,0,0,0,0,0,0,0,0,0,0,0,0,0,0,0,0,0,0,0,0,0,0.0,0.0,0.0,0.0,0.0,0.0,0.0,0.0,0.0,0.0,0.0,0.0,0.0,6.8001700683022,1361.1876346718466,0.0
,11/22/24,Fri,0.791666667,7:00p,UTSA,Temple,512K,512.0,UTSA,51.0,27.0,0.0,0.0,0,0.0,0.0,1.0,0.0,0.0,0.0,0.0,0.0,0.0,0.0,0.0,0.0,0,0,0.0,0.0,1.0,16.5,0.0,0.0,0.0,,,,,24.0,-16.5,0.0,0.0,0.0,0.0,0.0,0.0,0.0,0.0,0.0,0.0,0.0,0.0,,0.0,0.0,0.0,0.0,19.0,0,0,1,0,0,0,2024-11-22,2024,1,0,0,0,0,0,0,0,0,0,0,0,0,0,0,0,0,0,0,0,0,0,0,0,0,0,0,0,0,0,0,0.0,1.0,0.0,0.0,0.0,0.0,0.0,0.0,0.0,0.0,0.0,0.0,0.0,6.240275845170769,434.11984918381665,2173.1307636327597
,11/22/24,Fri,0.833333333,8:00p,Michigan St.,Purdue,1.84M,1840.0,Michigan State,24.0,17.0,0.0,0.0,0,1.0,0.0,0.0,0.0,0.0,0.0,0.0,0.0,0.0,0.0,0.0,0.0,0,0,0.0,0.0,1.0,14.0,2.0,0.0,0.0,,,,,7.0,-14.0,0.0,0.0,1.0,1.0,0.0,0.0,0.0,0.0,0.0,0.0,0.0,2.0,,0.0,0.0,0.0,0.0,20.0,0,0,1,0,0,0,2024-11-22,2024,1,0,0,0,0,0,0,0,0,0,0,0,0,0,0,0,0,0,0,0,0,0,0,0,0,0,0,0,0,0,0,1.0,0.0,0.0,0.0,0.0,0.0,0.0,0.0,0.0,0.0,0.0,0.0,0.0,7.518064181233078,2173.1307636327597,434.11984918381665
,11/23/24,Sat,0.5,12:00p,Florida,Mississippi,3.82M,3820.0,Florida,24.0,17.0,0.0,1.0,1,0.0,0.0,0.0,0.0,0.0,1.0,0.0,0.0,0.0,0.0,0.0,0.0,1,0,0.0,0.0,0.0,13.0,2.0,0.0,0.0,,,,,7.0,13.0,1.0,1.0,0.0,0.0,0.0,0.0,0.0,0.0,0.0,2.0,0.0,0.0,,0.0,1.0,0.0,0.0,12.0,0,0,0,1,0,0,2024-11-23,2024,1,0,0,0,0,0,0,0,0,0,0,0,0,0,0,0,0,0,0,0,0,0,0,0,0,0,0,0,0,0,0,0.0,0.0,0.0,0.0,0.0,0.0,0.0,0.0,0.0,0.0,0.0,0.0,0.0,8.2482674474469,4697.583465124996,8708.34550743131
,11/23/24,Sat,0.5,12:00p,Maryland,Iowa,419K,419.0,Iowa,29.0,13.0,0.0,0.0,2,0.0,0.0,0.0,0.0,0.0,0.0,0.0,0.0,0.0,0.0,1.0,0.0,1,0,0.0,0.0,0.0,4.0,2.0,0.0,0.0,,,,,16.0,4.0,0.0,0.0,1.0,1.0,0.0,0.0,0.0,0.0,0.0,0.0,0.0,2.0,,0.0,0.0,0.0,0.0,12.0,0,0,0,1,0,0,2024-11-23,2024,1,0,0,0,0,0,0,0,0,0,0,0,0,0,0,0,0,0,0,0,0,0,0,0,0,0,0,0,0,0,0,0.0,0.0,0.0,0.0,0.0,0.0,0.0,0.0,0.0,0.0,0.0,0.0,0.0,6.040254711277414,529.7705275583836,12876.158444997922
,11/23/24,Sat,0.5,12:00p,Ohio St.,Indiana,9.32M,9320.0,Ohio State,38.0,15.0,0.0,2.0,1,1.0,0.0,0.0,0.0,0.0,0.0,0.0,0.0,0.0,0.0,0.0,0.0,1,0,0.0,0.0,0.0,10.5,2.0,0.0,0.0,,,,,23.0,-10.5,0.0,0.0,1.0,1.0,0.0,0.0,0.0,0.0,0.0,0.0,0.0,2.0,,2.0,0.0,0.0,0.0,12.0,0,0,0,1,0,0,2024-11-23,2024,1,0,0,0,0,0,0,0,0,0,0,0,0,0,0,0,0,0,0,0,0,0,0,0,0,1,0,1,0,0,0,0.0,0.0,0.0,0.0,0.0,0.0,0.0,0.0,0.0,0.0,0.0,0.0,0.0,9.140025198061156,6725.653913420555,6680.275059135751
,11/23/24,Sat,0.5,12:00p,Virginia,SMU,262K,262.0,SMU,33.0,7.0,1.0,0.0,2,0.0,0.0,1.0,0.0,0.0,0.0,0.0,0.0,0.0,0.0,0.0,0.0,1,0,0.0,0.0,0.0,11.5,0.0,2.0,0.0,,,,,26.0,11.5,0.0,0.0,0.0,0.0,1.0,1.0,0.0,0.0,0.0,0.0,2.0,0.0,,0.0,0.0,1.0,0.0,12.0,0,0,0,1,0,0,2024-11-23,2024,1,0,0,0,0,0,0,0,0,0,0,0,0,0,0,0,0,0,0,0,0,0,0,0,0,0,0,0,0,0,0,0.0,0.0,0.0,0.0,0.0,0.0,0.0,0.0,0.0,0.0,0.0,0.0,0.0,5.572154032177765,425.6060546913508,12980.322917864956
,11/23/24,Sat,0.5,12:00p,Miami,Wake Forest,985K,985.0,Miami,42.0,14.0,1.0,0.0,1,0.0,0.0,0.0,0.0,0.0,0.0,0.0,0.0,0.0,0.0,0.0,0.0,1,0,0.0,0.0,0.0,23.5,0.0,2.0,0.0,,,,,28.0,-23.5,0.0,0.0,0.0,0.0,1.0,1.0,0.0,0.0,0.0,0.0,2.0,0.0,,0.0,0.0,1.0,0.0,12.0,0,0,0,1,0,0,2024-11-23,2024,1,0,0,0,0,0,0,0,0,0,0,0,0,0,0,0,0,0,0,0,0,0,0,0,0,0,0,0,0,0,0,0.0,0.0,0.0,0.0,0.0,0.0,0.0,0.0,0.0,0.0,0.0,0.0,0.0,6.893656354602635,1027.3150117610207,12378.613960795286
,11/23/24,Sat,0.645833333,3:30p,Nebraska,Wisconsin,1.14M,1140.0,Nebraska,44.0,25.0,0.0,0.0,1,0.0,0.0,0.0,0.0,0.0,0.0,0.0,0.0,0.0,0.0,1.0,0.0,1,0,0.0,0.0,0.0,1.5,2.0,0.0,0.0,,,,,19.0,-1.5,0.0,0.0,1.0,1.0,0.0,0.0,0.0,0.0,0.0,0.0,0.0,2.0,,0.0,0.0,0.0,0.0,15.5,0,0,0,0,1,0,2024-11-23,2024,1,0,0,0,0,0,0,0,0,0,0,0,0,0,0,0,0,0,0,0,0,0,0,0,0,0,0,0,0,0,0,0.0,0.0,0.0,0.0,0.0,0.0,0.0,0.0,0.0,0.0,0.0,0.0,0.0,7.039660349862076,1169.8834533000336,12718.102412582866
,11/23/24,Sat,0.645833333,3:30p,Michigan,Northwestern,975K,975.0,Michigan,50.0,6.0,0.0,0.0,1,0.0,1.0,0.0,0.0,0.0,0.0,0.0,0.0,0.0,0.0,0.0,0.0,1,0,0.0,0.0,0.0,10.5,2.0,0.0,0.0,,,,,44.0,-10.5,0.0,0.0,1.0,1.0,0.0,0.0,0.0,0.0,0.0,0.0,0.0,2.0,,0.0,0.0,0.0,0.0,15.5,0,0,0,0,1,0,2024-11-23,2024,1,0,0,0,0,0,0,0,0,0,0,0,0,0,0,0,0,0,0,0,0,0,0,0,0,0,0,0,0,0,0,0.0,0.0,0.0,0.0,0.0,0.0,0.0,0.0,0.0,0.0,0.0,0.0,0.0,6.883462586413092,786.0859366826774,13101.899929200223
,11/23/24,Sat,0.645833333,3:30p,Texas,Kentucky,4.47M,4470.0,Texas,31.0,14.0,0.0,1.0,0,0.0,0.0,0.0,0.0,0.0,1.0,0.0,0.0,0.0,0.0,0.0,0.0,1,0,0.0,0.0,0.0,18.5,2.0,0.0,0.0,,,,,17.0,-18.5,1.0,1.0,0.0,0.0,0.0,0.0,0.0,0.0,0.0,2.0,0.0,0.0,,1.0,0.0,0.0,0.0,15.5,0,0,0,0,1,0,2024-11-23,2024,1,0,0,0,0,0,0,0,0,0,0,0,0,0,0,0,0,0,0,0,0,0,0,0,0,0,0,0,0,0,0,0.0,0.0,0.0,0.0,0.0,0.0,0.0,0.0,0.0,0.0,0.0,0.0,0.0,8.405367376233981,4884.586653137086,9003.399212745815
,11/23/24,Sat,0.645833333,3:30p,Arizona St.,BYU,1.31M,1310.0,Arizona State,28.0,23.0,2.0,0.0,0,0.0,0.0,0.0,0.0,0.0,0.0,0.0,0.0,0.0,0.0,0.0,0.0,1,0,0.0,0.0,0.0,3.5,0.0,2.0,0.0,,,,,5.0,-3.5,0.0,0.0,0.0,0.0,0.0,0.0,1.0,1.0,2.0,0.0,0.0,0.0,,0.0,0.0,1.0,1.0,15.5,0,0,0,0,1,0,2024-11-23,2024,1,0,0,0,0,0,0,0,0,0,0,0,0,0,0,0,0,0,0,0,0,0,0,0,0,1,0,0,0,1,0,0.0,0.0,0.0,0.0,0.0,0.0,0.0,0.0,0.0,0.0,0.0,0.0,0.0,7.1785454837637,1730.9879989812891,12156.997866901609
,11/23/24,Sat,0.645833333,3:30p,Kansas,Colorado,6.22M,6220.0,Kansas,37.0,21.0,1.0,0.0,0,1.0,0.0,0.0,0.0,0.0,0.0,0.0,0.0,0.0,0.0,0.0,0.0,1,0,0.0,0.0,0.0,2.5,0.0,2.0,0.0,,,,,16.0,2.5,0.0,0.0,0.0,0.0,0.0,0.0,1.0,1.0,2.0,0.0,0.0,0.0,,0.0,0.0,0.0,1.0,15.5,0,0,0,0,1,0,2024-11-23,2024,1,1,0,0,0,0,0,0,0,0,0,0,0,0,0,0,0,0,0,0,0,0,0,0,0,0,0,0,0,0,0,0.0,0.0,0.0,0.0,0.0,0.0,0.0,0.0,0.0,0.0,0.0,0.0,0.0,8.73568594451502,4655.682845594228,9232.303020288673
,11/23/24,Sat,0.645833333,3:30p,West Virginia,UCF,117K,117.0,West Virginia,31.0,21.0,0.0,0.0,0,0.0,0.0,0.0,0.0,0.0,0.0,0.0,1.0,0.0,0.0,0.0,0.0,1,0,0.0,0.0,0.0,3.0,0.0,2.0,0.0,,,,,10.0,3.0,0.0,0.0,0.0,0.0,0.0,0.0,1.0,1.0,2.0,0.0,0.0,0.0,,0.0,0.0,0.0,0.0,15.5,0,0,0,0,1,0,2024-11-23,2024,1,0,0,0,0,0,0,0,0,0,0,0,0,0,0,0,0,0,0,0,0,0,0,0,0,0,0,0,0,0,0,0.0,0.0,0.0,0.0,0.0,0.0,0.0,0.0,0.0,0.0,0.0,0.0,0.0,4.770684624465665,156.29174573380206,13731.694120149095
,11/23/24,Sat,0.666666667,4:00p,Louisville,Pittsburgh,240K,240.0,Louisville,37.0,9.0,0.0,0.0,1,0.0,0.0,1.0,0.0,0.0,0.0,0.0,0.0,0.0,0.0,0.0,0.0,1,0,0.0,0.0,0.0,7.0,0.0,2.0,0.0,,,,,28.0,-7.0,0.0,0.0,0.0,0.0,1.0,1.0,0.0,0.0,0.0,0.0,2.0,0.0,,0.0,0.0,0.0,0.0,16.0,0,0,0,0,1,0,2024-11-23,2024,1,0,0,0,0,0,0,0,0,0,0,0,0,0,0,0,0,0,0,0,0,0,0,0,0,0,0,0,0,0,0,0.0,0.0,0.0,0.0,0.0,0.0,0.0,0.0,0.0,0.0,0.0,0.0,0.0,5.484796933490655,504.46723245378325,13383.518633429116
,11/23/24,Sat,0.791666667,7:00p,Houston,Baylor,210K,210.0,Baylor,20.0,10.0,0.0,0.0,2,0.0,1.0,0.0,0.0,0.0,0.0,0.0,0.0,0.0,0.0,0.0,0.0,0,0,0.0,0.0,0.0,7.0,0.0,2.0,0.0,,,,,10.0,7.0,0.0,0.0,0.0,0.0,0.0,0.0,1.0,1.0,2.0,0.0,0.0,0.0,,0.0,0.0,0.0,0.0,19.0,0,0,0,0,0,0,2024-11-23,2024,1,0,0,0,0,0,0,0,0,0,0,0,0,0,0,0,0,0,0,0,0,0,0,0,0,0,0,0,0,0,0,0.0,0.0,0.0,0.0,0.0,0.0,0.0,0.0,0.0,0.0,0.0,0.0,0.0,5.351858133476067,333.3846217927535,17495.249476292407
,11/23/24,Sat,0.791666667,7:00p,Notre Dame,Army,3.89M,3890.0,Notre Dame,49.0,14.0,1.0,1.0,1,0.0,0.0,0.0,1.0,0.0,0.0,0.0,0.0,0.0,0.0,0.0,0.0,0,0,0.0,0.0,0.0,14.5,0.0,0.0,0.0,,,,,35.0,-14.5,0.0,0.0,0.0,0.0,0.0,0.0,0.0,0.0,0.0,0.0,0.0,0.0,,0.0,0.0,0.0,0.0,19.0,0,0,0,0,0,0,2024-11-23,2024,1,0,0,0,0,0,0,0,0,0,0,0,0,0,0,0,0,0,0,0,0,0,0,0,0,1,0,0,0,0,0,0.0,0.0,0.0,0.0,0.0,0.0,0.0,0.0,0.0,0.0,0.0,0.0,0.0,8.266421472984554,3858.8695941747633,13969.764503910397
,11/23/24,Sat,0.770833333,6:30p,Oregon St.,Washington St.,695K,695.0,Oregon State,41.0,38.0,1.0,0.0,2,0.0,0.0,0.0,0.0,0.0,0.0,1.0,0.0,0.0,0.0,0.0,0.0,1,0,0.0,0.0,0.0,11.0,0.0,0.0,0.0,,,,,3.0,11.0,0.0,0.0,0.0,0.0,0.0,0.0,0.0,0.0,0.0,0.0,0.0,0.0,,0.0,0.0,0.0,0.0,18.5,0,0,0,0,0,0,2024-11-23,2024,1,0,0,0,0,0,0,0,0,0,0,0,0,0,0,0,0,0,0,0,0,0,0,0,0,0,0,0,0,0,0,0.0,0.0,0.0,0.0,0.0,0.0,0.0,0.0,0.0,0.0,0.0,0.0,0.0,6.54534966033442,570.5005700939438,16734.30326150503
,11/23/24,Sat,0.8125,7:30p,Utah,Iowa St.,1.91M,1910.0,Iowa State,31.0,28.0,1.0,0.0,1,1.0,0.0,0.0,0.0,0.0,0.0,0.0,0.0,0.0,0.0,0.0,0.0,0,0,0.0,0.0,0.0,6.5,0.0,2.0,0.0,,,,,3.0,6.5,0.0,0.0,0.0,0.0,0.0,0.0,1.0,1.0,2.0,0.0,0.0,0.0,,0.0,0.0,0.0,0.0,19.5,0,0,0,0,0,0,2024-11-23,2024,1,0,0,0,0,0,0,0,0,0,0,0,0,0,0,0,0,0,0,0,0,0,0,0,0,0,0,0,0,0,0,0.0,0.0,0.0,0.0,0.0,0.0,0.0,0.0,0.0,0.0,0.0,0.0,0.0,7.555381944240273,1876.5129343675897,15952.121163717571
,11/23/24,Sat,0.8125,7:30p,Old Dominion,Marshall,48K,48.0,Marshall,42.0,35.0,0.0,0.0,1,0.0,0.0,0.0,0.0,0.0,0.0,0.0,1.0,0.0,0.0,0.0,0.0,0,0,0.0,0.0,0.0,3.0,0.0,0.0,0.0,,,,,7.0,-3.0,0.0,0.0,0.0,0.0,0.0,0.0,0.0,0.0,0.0,0.0,0.0,0.0,,0.0,0.0,0.0,0.0,19.5,0,0,0,0,0,0,2024-11-23,2024,1,0,0,0,0,0,0,0,0,0,0,0,0,0,0,0,0,0,0,0,0,0,0,0,0,0,0,0,0,0,0,0.0,0.0,0.0,0.0,0.0,0.0,0.0,0.0,0.0,0.0,0.0,0.0,0.0,3.8918202981106265,58.46614794304774,17770.167950142113
,11/23/24,Sat,0.8125,7:30p,Auburn,Texas A&M,2.53M,2530.0,Auburn,43.0,41.0,1.0,0.0,1,0.0,0.0,0.0,0.0,0.0,0.0,0.0,0.0,0.0,0.0,0.0,0.0,0,0,0.0,0.0,0.0,2.5,2.0,0.0,0.0,,,,,2.0,2.5,1.0,1.0,0.0,0.0,0.0,0.0,0.0,0.0,0.0,2.0,0.0,0.0,,0.0,0.0,0.0,0.0,19.5,0,0,0,0,0,0,2024-11-23,2024,1,0,0,0,0,0,0,0,0,0,0,0,0,0,0,0,0,0,0,0,0,0,0,0,0,0,0,0,0,0,0,0.0,0.0,0.0,0.0,0.0,0.0,0.0,0.0,0.0,0.0,0.0,0.0,0.0,7.836369760545124,3009.1028222227683,14819.531275862393
,11/23/24,Sat,0.8125,7:30p,Oklahoma,Alabama,6.98M,6980.0,Oklahoma,24.0,3.0,0.0,1.0,1,0.0,0.0,0.0,0.0,0.0,1.0,0.0,0.0,0.0,0.0,0.0,0.0,0,0,0.0,0.0,0.0,14.0,2.0,0.0,0.0,,,,,21.0,14.0,1.0,1.0,0.0,0.0,0.0,0.0,0.0,0.0,0.0,2.0,0.0,0.0,,0.0,0.0,0.0,0.0,19.5,0,0,0,0,0,0,2024-11-23,2024,1,0,0,0,0,0,0,0,0,0,0,0,0,0,0,0,0,0,0,0,0,0,0,0,0,0,0,0,0,0,0,0.0,0.0,0.0,0.0,0.0,0.0,0.0,0.0,0.0,0.0,0.0,0.0,0.0,8.850947451970402,7597.9671410041055,10230.666957081055
,11/23/24,Sat,0.833333333,8:00p,Kansas St.,Cincinnati,369K,369.0,Kansas State,41.0,15.0,0.0,0.0,2,0.0,0.0,1.0,0.0,0.0,0.0,0.0,0.0,0.0,0.0,0.0,0.0,0,0,0.0,0.0,0.0,7.5,0.0,2.0,0.0,,,,,26.0,-7.5,0.0,0.0,0.0,0.0,0.0,0.0,1.0,1.0,2.0,0.0,0.0,0.0,,0.0,0.0,0.0,0.0,20.0,0,0,0,0,0,0,2024-11-23,2024,1,0,0,0,0,0,0,0,0,0,0,0,0,0,0,0,0,0,0,0,0,0,0,0,0,0,0,0,0,0,0,0.0,0.0,0.0,0.0,0.0,0.0,0.0,0.0,0.0,0.0,0.0,0.0,0.0,5.91350300563827,523.830266486189,16734.30326150503
,11/23/24,Sat,0.9375,10:30p,UCLA,USC,2.16M,2160.0,USC,19.0,13.0,0.0,0.0,0,0.0,0.0,0.0,1.0,0.0,0.0,0.0,0.0,0.0,0.0,0.0,0.0,0,1,0.0,0.0,0.0,5.0,2.0,0.0,0.0,,,,,6.0,5.0,0.0,0.0,1.0,1.0,0.0,0.0,0.0,0.0,0.0,0.0,0.0,2.0,,0.0,0.0,0.0,0.0,22.5,0,0,0,0,0,1,2024-11-23,2024,1,0,0,0,0,0,0,0,0,0,0,0,0,0,0,0,0,1,0,0,0,0,0,0,0,0,0,0,0,0,0,0.0,0.0,0.0,0.0,0.0,0.0,0.0,0.0,0.0,0.0,0.0,0.0,0.0,7.6783263565068856,1968.1209855254992,213.08602830416038
,11/23/24,Sat,0.9375,10:30p,Nevada,Air Force,98K,98.0,Air Force,22.0,19.0,0.0,0.0,0,0.0,1.0,0.0,0.0,0.0,0.0,0.0,0.0,0.0,0.0,0.0,0.0,0,1,0.0,0.0,0.0,3.0,0.0,0.0,0.0,,,,,3.0,-3.0,0.0,0.0,0.0,0.0,0.0,0.0,0.0,0.0,0.0,0.0,0.0,0.0,,0.0,0.0,0.0,0.0,22.5,0,0,0,0,0,1,2024-11-23,2024,1,0,0,0,0,0,0,0,0,0,0,0,0,0,0,0,0,0,0,0,0,0,0,0,0,0,0,0,0,0,0,0.0,0.0,0.0,0.0,0.0,0.0,0.0,0.0,0.0,0.0,0.0,0.0,0.0,4.59511985013459,213.08602830416038,1968.1209855254992
,11/26/24,Tue,0.791666667,7:00p,Akron,Toledo,347K,347.0,Akron,21.0,14.0,0.0,0.0,0,0.0,0.0,1.0,0.0,0.0,0.0,0.0,0.0,0.0,0.0,0.0,0.0,0,0,0.0,0.0,1.0,9.0,0.0,0.0,0.0,,,,,7.0,9.0,0.0,0.0,0.0,0.0,0.0,0.0,0.0,0.0,0.0,0.0,0.0,0.0,,0.0,0.0,0.0,0.0,19.0,0,1,0,0,0,0,2024-11-26,2024,1,0,0,0,0,0,0,0,0,0,0,0,0,0,0,0,0,0,0,0,0,0,0,0,0,0,0,0,0,0,0,0.0,0.0,0.0,0.0,0.0,0.0,0.0,0.0,0.0,0.0,0.0,0.0,0.0,5.8522024797744745,262.1662551856069,0.0
,11/28/24,Thu,0.8125,7:30p,Tulane,Memphis,655K,655.0,Memphis,34.0,24.0,1.0,0.0,0,0.0,0.0,0.0,0.0,0.0,0.0,0.0,0.0,0.0,0.0,0.0,0.0,0,0,0.0,0.0,1.0,12.5,0.0,0.0,0.0,,,,,10.0,-12.5,0.0,0.0,0.0,0.0,0.0,0.0,0.0,0.0,0.0,0.0,0.0,0.0,,0.0,0.0,0.0,0.0,19.5,0,1,0,0,0,0,2024-11-28,2024,1,0,0,0,0,0,0,0,0,0,0,0,0,0,0,0,0,0,0,0,0,0,0,0,0,0,0,0,0,0,0,0.0,0.0,0.0,0.0,0.0,0.0,0.0,0.0,0.0,0.0,0.0,0.0,0.0,6.486160788944089,687.3724122475462,0.0
,11/29/24,Fri,0.5,12:00p,East Carolina,Navy,626K,626.0,Navy,34.0,20.0,0.0,0.0,0,0.0,0.0,0.0,0.0,0.0,0.0,0.0,0.0,0.0,0.0,0.0,0.0,0,0,0.0,0.0,1.0,3.0,0.0,0.0,0.0,,,,,14.0,-3.0,0.0,0.0,0.0,0.0,0.0,0.0,0.0,0.0,0.0,0.0,0.0,0.0,,0.0,0.0,0.0,0.0,12.0,0,0,1,0,0,0,2024-11-29,2024,1,0,0,0,0,0,0,0,0,0,0,0,0,0,0,0,0,0,0,0,0,0,0,0,0,0,0,0,0,0,0,0.0,0.0,0.0,0.0,0.0,0.0,0.0,0.0,0.0,0.0,0.0,0.0,1.0,6.440946540632921,1004.5094723950352,12007.149804492648
,11/29/24,Fri,0.5,12:00p,Boise St.,Oregon St.,1.7M,1700.0,Boise State,34.0,18.0,1.0,0.0,0,1.0,0.0,0.0,0.0,0.0,0.0,0.0,0.0,0.0,0.0,0.0,0.0,0,0,0.0,0.0,1.0,17.5,0.0,0.0,0.0,,,,,16.0,-17.5,0.0,0.0,0.0,0.0,0.0,0.0,0.0,0.0,0.0,0.0,0.0,0.0,,0.0,0.0,1.0,0.0,12.0,0,0,1,0,0,0,2024-11-29,2024,1,0,0,0,0,0,0,0,0,0,0,0,0,0,0,0,0,0,0,0,0,0,0,0,0,0,0,0,0,0,0,1.0,0.0,0.0,0.0,0.0,0.0,0.0,0.0,0.0,0.0,0.0,0.0,0.0,7.438971592395862,1850.830060969971,11160.829215917713
,11/29/24,Fri,0.5,12:00p,Wisconsin,Minnesota,2.77M,2770.0,Minnesota,24.0,7.0,0.0,0.0,0,0.0,0.0,0.0,0.0,1.0,0.0,0.0,0.0,0.0,0.0,0.0,0.0,0,0,0.0,0.0,1.0,1.0,2.0,0.0,0.0,,,,,17.0,1.0,0.0,0.0,1.0,1.0,0.0,0.0,0.0,0.0,0.0,0.0,0.0,2.0,,0.0,0.0,0.0,0.0,12.0,0,0,1,0,0,0,2024-11-29,2024,1,0,0,0,0,0,0,0,0,0,0,0,0,0,0,0,0,0,0,0,0,1,0,0,0,0,0,0,0,0,0,0.0,0.0,0.0,0.0,1.0,0.0,0.0,0.0,0.0,0.0,0.0,0.0,0.0,7.9269635448629785,3798.7193092172224,9212.939967670462
,11/29/24,Fri,0.5,12:00p,Colorado,Oklahoma St.,3.31M,3310.0,Colorado,52.0,0.0,1.0,0.0,0,0.0,0.0,0.0,0.0,0.0,1.0,0.0,0.0,0.0,0.0,0.0,0.0,0,0,0.0,0.0,1.0,15.0,0.0,2.0,0.0,,,,,52.0,-15.0,0.0,0.0,0.0,0.0,0.0,0.0,1.0,1.0,2.0,0.0,0.0,0.0,,0.0,0.0,0.0,1.0,12.0,0,0,1,0,0,0,2024-11-29,2024,1,1,0,0,0,0,0,0,0,0,0,0,0,0,0,0,0,0,0,0,0,0,0,0,0,0,0,0,0,0,0,0.0,0.0,0.0,0.0,0.0,1.0,0.0,0.0,0.0,0.0,0.0,0.0,0.0,8.105005537547246,6235.953236351953,6775.706040535731
,11/29/24,Fri,0.5,12:00p,Bowling Green,Miami Ohio,46K,46.0,Miami (OH),28.0,12.0,0.0,0.0,0,0.0,0.0,0.0,0.0,0.0,0.0,0.0,1.0,0.0,0.0,0.0,0.0,0,0,0.0,0.0,1.0,3.0,0.0,0.0,0.0,,,,,16.0,-3.0,0.0,0.0,0.0,0.0,0.0,0.0,0.0,0.0,0.0,0.0,0.0,0.0,,0.0,0.0,0.0,0.0,12.0,0,0,1,0,0,0,2024-11-29,2024,1,0,0,0,0,0,0,0,0,0,0,0,0,0,0,0,0,0,0,0,0,0,0,0,0,0,0,0,0,0,0,0.0,0.0,0.0,0.0,0.0,0.0,0.0,1.0,0.0,0.0,0.0,0.0,0.0,3.8501476017100584,121.64719795350159,12890.012078934182
,11/29/24,Fri,0.645833333,3:30p,Mississippi,Mississippi St.,4.33M,4330.0,Ole Miss,26.0,14.0,1.0,0.0,0,0.0,0.0,0.0,0.0,0.0,1.0,0.0,0.0,0.0,0.0,0.0,0.0,0,0,0.0,0.0,1.0,26.0,2.0,0.0,0.0,,,,,12.0,-26.0,1.0,1.0,0.0,0.0,0.0,0.0,0.0,0.0,0.0,2.0,0.0,0.0,,0.0,0.0,1.0,0.0,15.5,0,0,1,0,0,0,2024-11-29,2024,1,0,0,0,0,0,0,0,0,0,0,1,0,0,0,0,0,0,0,0,0,0,0,0,0,0,0,0,0,0,0,0.0,0.0,0.0,0.0,0.0,1.0,0.0,0.0,0.0,0.0,0.0,0.0,0.0,8.373553741214627,3628.2063777056537,0.0
,11/29/24,Fri,0.8125,7:30p,Georgia,Georgia Tech,8.47M,8470.0,Georgia,44.0,42.0,0.0,1.0,0,0.0,0.0,0.0,0.0,0.0,1.0,0.0,0.0,0.0,0.0,0.0,0.0,0,0,0.0,0.0,1.0,17.0,1.0,1.0,0.0,,,,,2.0,-17.0,1.0,0.0,0.0,0.0,0.0,1.0,0.0,0.0,0.0,1.0,1.0,0.0,,0.0,0.0,0.0,0.0,19.5,0,0,1,0,0,0,2024-11-29,2024,1,0,0,0,0,0,0,0,0,0,0,0,0,0,0,0,0,0,0,0,0,0,0,0,0,0,0,0,0,0,0,0.0,0.0,0.0,0.0,0.0,1.0,0.0,0.0,0.0,0.0,0.0,0.0,0.0,9.044403844431551,5525.457905898617,4766.943932004815
,11/29/24,Fri,0.8125,7:30p,Iowa,Nebraska,3.6M,3600.0,Iowa,13.0,10.0,0.0,0.0,0,0.0,0.0,0.0,1.0,0.0,0.0,0.0,0.0,0.0,0.0,0.0,0.0,0,0,0.0,0.0,1.0,3.0,2.0,0.0,0.0,,,,,3.0,-3.0,0.0,0.0,1.0,1.0,0.0,0.0,0.0,0.0,0.0,0.0,0.0,2.0,,0.0,0.0,0.0,0.0,19.5,0,0,1,0,0,0,2024-11-29,2024,1,0,0,0,0,0,0,0,0,0,0,0,0,0,0,0,0,0,0,0,0,0,0,0,0,0,0,0,0,0,0,0.0,0.0,0.0,1.0,0.0,0.0,0.0,0.0,0.0,0.0,0.0,0.0,0.0,8.188966863648876,3584.603927998607,6707.797909904825
,11/29/24,Fri,0.833333333,8:00p,UCF,Utah,844K,844.0,Utah,28.0,14.0,0.0,0.0,0,1.0,0.0,0.0,0.0,0.0,0.0,0.0,0.0,0.0,0.0,0.0,0.0,0,0,0.0,0.0,1.0,10.0,0.0,2.0,0.0,,,,,14.0,-10.0,0.0,0.0,0.0,0.0,0.0,0.0,1.0,1.0,2.0,0.0,0.0,0.0,,0.0,0.0,0.0,0.0,20.0,0,0,1,0,0,0,2024-11-29,2024,1,0,0,0,0,0,0,0,0,0,0,0,0,0,0,0,0,0,0,0,0,0,0,0,0,0,0,0,0,0,0,1.0,0.0,0.0,0.0,0.0,0.0,0.0,0.0,0.0,0.0,0.0,0.0,0.0,6.739336627357174,1182.3400040062081,9110.061833897224
,11/30/24,Sat,0.5,12:00p,Texas Tech,West Virginia,294K,294.0,Texas Tech,52.0,15.0,0.0,0.0,2,0.0,1.0,0.0,0.0,0.0,0.0,0.0,0.0,0.0,0.0,0.0,0.0,1,0,0.0,0.0,0.0,3.0,0.0,2.0,0.0,,,,,37.0,-3.0,0.0,0.0,0.0,0.0,0.0,0.0,1.0,1.0,2.0,0.0,0.0,0.0,,0.0,0.0,0.0,0.0,12.0,0,0,0,1,0,0,2024-11-30,2024,1,0,0,0,0,0,0,0,0,0,0,0,0,0,0,0,0,0,0,0,0,0,0,0,0,0,0,0,0,0,0,0.0,0.0,0.0,0.0,0.0,0.0,0.0,0.0,0.0,0.0,0.0,0.0,0.0,5.68697535633982,545.3344763212501,18863.962233233564
,11/30/24,Sat,0.5,12:00p,Louisiana Monroe,Louisiana,9K,9.0,Louisiana,37.0,23.0,0.0,0.0,1,0.0,0.0,0.0,0.0,0.0,0.0,0.0,1.0,0.0,0.0,0.0,0.0,1,0,0.0,0.0,0.0,8.5,0.0,0.0,0.0,,,,,14.0,8.5,0.0,0.0,0.0,0.0,0.0,0.0,0.0,0.0,0.0,0.0,0.0,0.0,,0.0,0.0,0.0,0.0,12.0,0,0,0,1,0,0,2024-11-30,2024,1,0,0,0,0,0,0,0,0,0,0,0,0,0,0,0,0,0,0,0,0,0,0,0,0,0,0,0,0,0,0,0.0,0.0,0.0,0.0,0.0,0.0,0.0,0.0,0.0,0.0,0.0,0.0,0.0,2.302585092994046,48.91629457838415,19360.38041497643
,11/30/24,Sat,0.5,12:00p,Ohio St.,Michigan,12.3M,12300.0,Michigan,13.0,10.0,0.0,1.0,1,1.0,0.0,0.0,0.0,0.0,0.0,0.0,0.0,0.0,0.0,0.0,0.0,1,0,0.0,0.0,0.0,20.5,2.0,0.0,0.0,,,,,3.0,-20.5,0.0,0.0,1.0,1.0,0.0,0.0,0.0,0.0,0.0,0.0,0.0,2.0,,1.0,0.0,0.0,0.0,12.0,0,0,0,1,0,0,2024-11-30,2024,1,0,1,0,0,0,0,0,0,0,0,0,0,0,0,0,0,0,0,0,0,0,0,0,0,0,0,0,0,0,0,0.0,0.0,0.0,0.0,0.0,0.0,0.0,0.0,0.0,0.0,0.0,0.0,0.0,9.417435838868785,12196.828646325868,7212.468063228946
,11/30/24,Sat,0.5,12:00p,Northwestern,Illinois,275K,275.0,Illinois,38.0,28.0,1.0,0.0,2,0.0,0.0,0.0,0.0,0.0,0.0,0.0,0.0,0.0,0.0,1.0,0.0,1,0,0.0,0.0,0.0,9.0,2.0,0.0,0.0,,,,,10.0,9.0,0.0,0.0,1.0,1.0,0.0,0.0,0.0,0.0,0.0,0.0,0.0,2.0,,0.0,0.0,0.0,1.0,12.0,0,0,0,1,0,0,2024-11-30,2024,1,0,0,0,0,0,0,0,0,0,0,0,0,0,0,0,0,0,0,0,0,0,0,0,0,0,0,0,0,0,0,0.0,0.0,0.0,0.0,0.0,0.0,0.0,0.0,0.0,0.0,0.0,0.0,0.0,5.62040086571715,497.6278321469815,18911.668877407832
,11/30/24,Sat,0.5,12:00p,Clemson,South Carolina,2.4M,2400.0,South Carolina,17.0,14.0,2.0,0.0,1,0.0,0.0,0.0,0.0,0.0,0.0,0.0,0.0,0.0,0.0,0.0,0.0,1,0,0.0,0.0,0.0,3.0,1.0,1.0,0.0,,,,,3.0,-3.0,0.0,1.0,0.0,0.0,1.0,0.0,0.0,0.0,0.0,1.0,1.0,0.0,,0.0,0.0,1.0,1.0,12.0,0,0,0,1,0,0,2024-11-30,2024,1,0,0,0,0,0,0,0,0,0,0,0,1,0,0,0,0,0,0,0,0,0,0,0,0,1,0,0,0,0,0,0.0,0.0,0.0,0.0,0.0,0.0,0.0,0.0,0.0,0.0,0.0,0.0,0.0,7.783640596221253,2467.43304397976,16941.863665575056
,11/30/24,Sat,0.5,12:00p,Baylor,Kansas,412K,412.0,Baylor,45.0,17.0,0.0,0.0,2,0.0,0.0,1.0,0.0,0.0,0.0,0.0,0.0,0.0,0.0,0.0,0.0,1,0,0.0,0.0,0.0,1.5,0.0,2.0,0.0,,,,,28.0,1.5,0.0,0.0,0.0,0.0,0.0,0.0,1.0,1.0,2.0,0.0,0.0,0.0,,0.0,0.0,0.0,0.0,12.0,0,0,0,1,0,0,2024-11-30,2024,1,0,0,0,0,0,0,0,0,0,0,0,0,0,0,0,0,0,0,0,0,0,0,0,0,0,0,0,0,0,0,0.0,0.0,0.0,0.0,0.0,0.0,0.0,0.0,0.0,0.0,0.0,0.0,0.0,6.023447592961033,552.6669471141289,18856.629762440687
,11/30/24,Sat,0.5,12:00p,Vanderbilt,Tennessee,3.61M,3610.0,Tennessee,36.0,23.0,0.0,1.0,1,0.0,0.0,0.0,0.0,0.0,1.0,0.0,0.0,0.0,0.0,0.0,0.0,1,0,0.0,0.0,0.0,9.5,2.0,0.0,0.0,,,,,13.0,9.5,1.0,1.0,0.0,0.0,0.0,0.0,0.0,0.0,0.0,2.0,0.0,0.0,,0.0,1.0,0.0,0.0,12.0,0,0,0,1,0,0,2024-11-30,2024,1,0,0,0,0,0,0,0,0,0,0,0,0,0,0,0,0,0,0,0,0,0,0,0,0,0,0,0,0,0,0,0.0,0.0,0.0,0.0,0.0,0.0,0.0,0.0,0.0,0.0,0.0,0.0,0.0,8.191740021277457,3100.489469088442,16308.807240466373
,11/30/24,Sat,0.645833333,3:30p,SMU,California,228K,228.0,SMU,38.0,6.0,0.0,1.0,1,0.0,0.0,1.0,0.0,0.0,0.0,0.0,0.0,0.0,0.0,0.0,0.0,1,0,0.0,0.0,0.0,12.5,0.0,2.0,0.0,,,,,32.0,-12.5,0.0,0.0,0.0,0.0,1.0,1.0,0.0,0.0,0.0,0.0,2.0,0.0,,0.0,1.0,0.0,0.0,15.5,0,0,0,0,1,0,2024-11-30,2024,1,0,0,0,0,0,0,0,0,0,0,0,0,0,0,0,0,0,0,0,0,0,0,0,0,0,0,0,0,0,0,0.0,0.0,0.0,0.0,0.0,0.0,0.0,0.0,0.0,0.0,0.0,0.0,0.0,5.43372200355424,476.9918089996837,11080.992836284366
,11/30/24,Sat,0.645833333,3:30p,Michigan St.,Rutgers,556K,556.0,Rutgers,41.0,14.0,0.0,0.0,1,0.0,1.0,0.0,0.0,0.0,0.0,0.0,0.0,0.0,0.0,0.0,0.0,1,0,0.0,0.0,0.0,1.5,2.0,0.0,0.0,,,,,27.0,-1.5,0.0,0.0,1.0,1.0,0.0,0.0,0.0,0.0,0.0,0.0,0.0,2.0,,0.0,0.0,0.0,0.0,15.5,0,0,0,0,1,0,2024-11-30,2024,1,0,0,0,0,0,0,0,0,0,0,0,0,0,0,0,0,0,0,0,0,0,0,0,0,0,0,0,0,0,0,0.0,0.0,0.0,0.0,0.0,0.0,0.0,0.0,0.0,0.0,0.0,0.0,0.0,6.322565239927284,559.1296374510754,10998.855007832974
,11/30/24,Sat,0.645833333,3:30p,Alabama,Auburn,7.16M,7160.0,Alabama,28.0,14.0,1.0,0.0,0,0.0,0.0,0.0,0.0,0.0,1.0,0.0,0.0,0.0,0.0,0.0,0.0,1,0,0.0,0.0,0.0,10.5,2.0,0.0,0.0,,,,,14.0,-10.5,1.0,1.0,0.0,0.0,0.0,0.0,0.0,0.0,0.0,2.0,0.0,0.0,,0.0,0.0,1.0,0.0,15.5,0,0,0,0,1,0,2024-11-30,2024,1,0,0,0,1,0,0,0,0,0,0,0,0,0,0,0,0,0,0,0,0,0,0,0,0,0,0,0,0,0,0,0.0,0.0,0.0,0.0,0.0,0.0,0.0,0.0,0.0,0.0,0.0,0.0,0.0,8.87640491500694,8746.139132203945,2811.845513080104
,11/30/24,Sat,0.645833333,3:30p,Syracuse,Miami,2.11M,2110.0,Syracuse,42.0,38.0,0.0,1.0,0,0.0,0.0,0.0,0.0,0.0,0.0,0.0,0.0,0.0,0.0,0.0,0.0,1,0,0.0,0.0,0.0,12.0,0.0,2.0,0.0,,,,,4.0,12.0,0.0,0.0,0.0,0.0,1.0,1.0,0.0,0.0,0.0,0.0,2.0,0.0,,0.0,1.0,0.0,0.0,15.5,0,0,0,0,1,0,2024-11-30,2024,1,0,0,0,0,0,0,0,0,0,0,0,0,0,0,0,0,0,0,0,0,0,0,0,0,0,0,0,0,0,0,0.0,0.0,0.0,0.0,0.0,0.0,0.0,0.0,0.0,0.0,0.0,0.0,0.0,7.65491704784832,1722.08060183611,9835.90404344794
,11/30/24,Sat,0.666666667,4:00p,Western Kentucky,Jacksonville St.,20K,20.0,Western Kentucky,19.0,17.0,0.0,0.0,0,0.0,0.0,0.0,0.0,0.0,0.0,0.0,1.0,0.0,0.0,0.0,0.0,1,0,0.0,0.0,0.0,1.0,0.0,0.0,0.0,,,,,2.0,-1.0,0.0,0.0,0.0,0.0,0.0,0.0,0.0,0.0,0.0,0.0,0.0,0.0,,0.0,0.0,0.0,0.0,16.0,0,0,0,0,1,0,2024-11-30,2024,1,0,0,0,0,0,0,0,0,0,0,0,0,0,0,0,0,0,0,0,0,0,0,0,0,0,0,0,0,0,0,0.0,0.0,0.0,0.0,0.0,0.0,0.0,0.0,0.0,0.0,0.0,0.0,0.0,3.044522437723423,53.6434647932346,11504.341180490814
,11/30/24,Sat,0.770833333,6:30p,Washington St.,Wyoming,399K,399.0,Wyoming,15.0,14.0,0.0,0.0,2,0.0,0.0,0.0,0.0,0.0,0.0,1.0,0.0,0.0,0.0,0.0,0.0,1,0,0.0,0.0,0.0,18.5,0.0,0.0,0.0,,,,,1.0,-18.5,0.0,0.0,0.0,0.0,0.0,0.0,0.0,0.0,0.0,0.0,0.0,0.0,,0.0,0.0,0.0,0.0,18.5,0,0,0,0,0,0,2024-11-30,2024,1,0,0,0,0,0,0,0,0,0,0,0,0,0,0,0,0,0,0,0,0,0,0,0,0,0,0,0,0,0,0,0.0,0.0,0.0,0.0,0.0,0.0,0.0,0.0,0.0,0.0,0.0,0.0,0.0,5.991464547107982,374.4956904185239,19558.879060504623
,11/30/24,Sat,0.791666667,7:00p,Florida St.,Florida,1.37M,1370.0,Florida,31.0,11.0,0.0,0.0,2,0.0,0.0,1.0,0.0,0.0,0.0,0.0,0.0,0.0,0.0,0.0,0.0,0,0,0.0,0.0,0.0,17.0,1.0,1.0,0.0,,,,,20.0,17.0,0.0,1.0,0.0,0.0,1.0,0.0,0.0,0.0,0.0,1.0,1.0,0.0,,0.0,0.0,0.0,0.0,19.0,0,0,0,0,0,0,2024-11-30,2024,1,0,0,0,0,0,0,0,0,0,0,0,0,0,0,0,0,0,0,0,0,0,0,0,0,0,0,0,0,0,0,0.0,0.0,0.0,0.0,0.0,0.0,0.0,0.0,0.0,0.0,0.0,0.0,0.0,7.223295679562314,1447.5039755724893,18540.7676746554
,11/30/24,Sat,0.791666667,7:00p,LSU,Oklahoma,2.09M,2090.0,LSU,37.0,17.0,0.0,0.0,1,0.0,0.0,0.0,0.0,0.0,0.0,0.0,0.0,0.0,0.0,0.0,0.0,0,0,0.0,0.0,0.0,6.0,2.0,0.0,0.0,,,,,20.0,-6.0,1.0,1.0,0.0,0.0,0.0,0.0,0.0,0.0,0.0,2.0,0.0,0.0,,0.0,0.0,0.0,0.0,19.0,0,0,0,0,0,0,2024-11-30,2024,1,0,0,0,0,0,0,0,0,0,0,0,0,0,0,0,0,0,0,0,0,0,0,0,0,0,0,0,0,0,0,0.0,0.0,0.0,0.0,0.0,0.0,0.0,0.0,0.0,0.0,0.0,0.0,0.0,7.645397699428633,2555.284728038539,17432.986922189346
,11/30/24,Sat,0.791666667,7:00p,Indiana,Purdue,717K,717.0,Indiana,66.0,0.0,0.0,1.0,2,0.0,1.0,0.0,0.0,0.0,0.0,0.0,0.0,0.0,0.0,0.0,0.0,0,0,0.0,0.0,0.0,29.0,2.0,0.0,0.0,,,,,66.0,-29.0,0.0,0.0,1.0,1.0,0.0,0.0,0.0,0.0,0.0,0.0,0.0,2.0,,0.0,0.0,0.0,0.0,19.0,0,0,0,0,0,0,2024-11-30,2024,1,0,0,0,0,0,0,0,0,0,0,0,0,0,0,0,0,0,0,0,0,0,0,0,0,0,0,0,0,0,0,0.0,0.0,0.0,0.0,0.0,0.0,0.0,0.0,0.0,0.0,0.0,0.0,0.0,6.576469569048224,681.4819194141389,19306.789730813747
,11/30/24,Sat,0.8125,7:30p,Oregon,Washington,2.57M,2570.0,Oregon,49.0,21.0,0.0,1.0,1,0.0,0.0,0.0,1.0,0.0,0.0,0.0,0.0,0.0,0.0,0.0,0.0,0,0,0.0,0.0,0.0,17.5,2.0,0.0,0.0,,,,,28.0,-17.5,0.0,0.0,1.0,1.0,0.0,0.0,0.0,0.0,0.0,0.0,0.0,2.0,,0.0,0.0,0.0,0.0,19.5,0,0,0,0,0,0,2024-11-30,2024,1,0,0,0,0,0,0,0,1,0,0,0,0,0,0,0,0,0,0,0,0,0,0,0,0,0,0,0,0,0,0,0.0,0.0,0.0,0.0,0.0,0.0,0.0,0.0,0.0,0.0,0.0,0.0,0.0,7.852050207265889,2443.4569271818823,17544.814723046005
,11/30/24,Sat,0.8125,7:30p,Iowa St.,Kansas St.,2.01M,2010.0,Iowa State,29.0,21.0,1.0,0.0,1,1.0,0.0,0.0,0.0,0.0,0.0,0.0,0.0,0.0,0.0,0.0,0.0,0,0,0.0,0.0,0.0,1.5,0.0,2.0,0.0,,,,,8.0,-1.5,0.0,0.0,0.0,0.0,0.0,0.0,1.0,1.0,2.0,0.0,0.0,0.0,,0.0,0.0,0.0,0.0,19.5,0,0,0,0,0,0,2024-11-30,2024,1,0,0,0,0,0,0,0,0,0,0,0,0,0,0,0,0,0,0,0,0,0,0,0,0,0,0,0,0,0,0,0.0,0.0,0.0,0.0,0.0,0.0,0.0,0.0,0.0,0.0,0.0,0.0,0.0,7.606387389772652,2403.865941760572,17584.405708467315
,11/30/24,Sat,0.8125,7:30p,Texas A&M,Texas,9.45M,9450.0,Texas,17.0,7.0,1.0,1.0,1,0.0,0.0,0.0,0.0,0.0,1.0,0.0,0.0,0.0,0.0,0.0,0.0,0,0,0.0,0.0,0.0,4.5,2.0,0.0,0.0,,,,,10.0,4.5,1.0,1.0,0.0,0.0,0.0,0.0,0.0,0.0,0.0,2.0,0.0,0.0,,0.0,0.0,0.0,0.0,19.5,0,0,0,0,0,0,2024-11-30,2024,1,0,0,0,0,0,0,0,0,0,0,0,0,0,0,1,0,0,0,0,0,0,0,0,0,1,1,0,0,0,0,0.0,0.0,0.0,0.0,0.0,0.0,0.0,0.0,0.0,0.0,0.0,0.0,0.0,9.153875834995056,10027.285568537003,9960.986081690884
,11/30/24,Sat,0.833333333,8:00p,James Madison,Marshall,37K,37.0,Marshall,35.0,33.0,0.0,0.0,1,0.0,0.0,0.0,0.0,0.0,0.0,0.0,1.0,0.0,0.0,0.0,0.0,0,0,0.0,0.0,0.0,4.0,0.0,0.0,0.0,,,,,2.0,-4.0,0.0,0.0,0.0,0.0,0.0,0.0,0.0,0.0,0.0,0.0,0.0,0.0,,0.0,0.0,0.0,0.0,20.0,0,0,0,0,0,0,2024-11-30,2024,1,0,0,0,0,0,0,0,0,0,0,0,0,0,0,0,0,0,0,0,0,0,0,0,0,0,0,0,0,0,0,0.0,0.0,0.0,0.0,0.0,0.0,0.0,0.0,0.0,0.0,0.0,0.0,0.0,3.6375861597263857,54.89689930473914,19558.879060504623
,11/30/24,Sat,0.9375,10:30p,BYU,Houston,1.56M,1560.0,BYU,30.0,18.0,1.0,0.0,0,0.0,0.0,0.0,0.0,0.0,0.0,0.0,0.0,0.0,0.0,0.0,0.0,0,1,0.0,0.0,0.0,12.0,0.0,2.0,0.0,,,,,12.0,-12.0,0.0,0.0,0.0,0.0,0.0,0.0,1.0,1.0,2.0,0.0,0.0,0.0,,0.0,0.0,0.0,0.0,22.5,0,0,0,0,0,1,2024-11-30,2024,1,0,0,0,0,0,0,0,0,0,0,0,0,0,0,0,0,0,0,0,0,0,0,0,0,0,0,0,0,0,0,0.0,0.0,0.0,0.0,0.0,0.0,0.0,0.0,0.0,0.0,0.0,0.0,0.0,7.353081920515432,1172.392311651386,194.34698319344136
,11/30/24,Sat,0.9375,10:30p,San Diego St.,Air Force,157K,157.0,Air Force,31.0,20.0,0.0,0.0,0,0.0,1.0,0.0,0.0,0.0,0.0,0.0,0.0,0.0,0.0,0.0,0.0,0,1,0.0,0.0,0.0,6.0,0.0,0.0,0.0,,,,,11.0,6.0,0.0,0.0,0.0,0.0,0.0,0.0,0.0,0.0,0.0,0.0,0.0,0.0,,0.0,0.0,0.0,0.0,22.5,0,0,0,0,0,1,2024-11-30,2024,1,0,0,0,0,0,0,0,0,0,0,0,0,0,0,0,0,0,0,0,0,0,0,0,0,0,0,0,0,0,0,0.0,0.0,0.0,0.0,0.0,0.0,0.0,0.0,0.0,0.0,0.0,0.0,0.0,5.062595033026967,194.34698319344136,1172.392311651386
,12/6/24,Fri,0.833333333,8:00p,Army,Tulane,2M,2000.0,Army,35.0,14.0,1.0,0.0,0,0.0,0.0,0.0,0.0,0.0,1.0,0.0,0.0,0.0,0.0,0.0,0.0,0,0,0.0,0.0,1.0,5.0,0.0,0.0,1.0,,,,,21.0,5.0,0.0,0.0,0.0,0.0,0.0,0.0,0.0,0.0,0.0,0.0,0.0,0.0,,0.0,0.0,0.0,0.0,20.0,0,0,1,0,0,0,2024-12-06,2024,1,0,0,0,0,0,0,0,0,0,0,0,0,0,0,0,0,0,0,0,0,0,0,0,0,0,0,0,0,0,0,0.0,0.0,0.0,0.0,0.0,1.0,0.0,0.0,0.0,0.0,0.0,0.0,0.0,7.601402334583733,2986.3094771627807,3464.067584810318
,12/6/24,Fri,0.833333333,8:00p,Boise St.,UNLV,3.01M,3010.0,Boise State,21.0,7.0,1.0,1.0,0,1.0,0.0,0.0,0.0,0.0,0.0,0.0,0.0,0.0,0.0,0.0,0.0,0,0,0.0,0.0,1.0,4.0,0.0,0.0,1.0,,,,,14.0,-4.0,0.0,0.0,0.0,0.0,0.0,0.0,0.0,0.0,0.0,0.0,0.0,0.0,,0.0,0.0,0.0,0.0,20.0,0,0,1,0,0,0,2024-12-06,2024,1,0,0,0,0,0,0,0,0,0,0,0,0,0,0,0,0,0,0,0,0,0,0,0,0,1,0,0,0,0,0,1.0,0.0,0.0,0.0,0.0,0.0,0.0,0.0,0.0,0.0,0.0,0.0,0.0,8.010027528481734,3464.067584810318,2986.3094771627807
,12/7/24,Sat,0.5,12:00p,Arizona St.,Iowa St.,6.9M,6900.0,Arizona State,45.0,19.0,2.0,0.0,0,0.0,0.0,0.0,0.0,0.0,1.0,0.0,0.0,0.0,0.0,0.0,0.0,1,0,0.0,0.0,0.0,1.5,0.0,2.0,1.0,,,,,26.0,1.5,0.0,0.0,0.0,0.0,0.0,0.0,1.0,1.0,2.0,0.0,0.0,0.0,,0.0,0.0,1.0,1.0,12.0,0,0,0,1,0,0,2024-12-07,2024,1,0,0,0,0,0,0,0,0,0,0,0,0,0,0,0,0,0,0,0,0,0,0,0,0,1,0,0,0,1,0,0.0,0.0,0.0,0.0,0.0,0.0,0.0,0.0,0.0,0.0,0.0,0.0,0.0,8.839421607620602,4811.034339566504,780.5760393764051
,12/7/24,Sat,0.5,12:00p,Miami Ohio,Ohio,1.13M,1130.0,Ohio,38.0,3.0,0.0,0.0,0,0.0,0.0,0.0,0.0,0.0,0.0,0.0,0.0,0.0,0.0,0.0,0.0,1,0,0.0,0.0,0.0,2.5,0.0,0.0,1.0,,,,,35.0,-2.5,0.0,0.0,0.0,0.0,0.0,0.0,0.0,0.0,0.0,0.0,0.0,0.0,,0.0,0.0,0.0,0.0,12.0,0,0,0,1,0,0,2024-12-07,2024,1,0,0,0,0,0,0,0,0,0,0,0,0,0,0,0,0,0,0,0,0,0,0,0,0,0,0,0,0,0,0,0.0,0.0,0.0,0.0,0.0,0.0,0.0,0.0,0.0,0.0,0.0,0.0,0.0,7.030857476116121,780.5760393764051,4811.034339566504
,12/7/24,Sat,0.666666667,4:00p,Texas,Georgia,16.63M,16630.0,Georgia,22.0,19.0,0.0,2.0,0,0.0,0.0,0.0,0.0,0.0,1.0,0.0,0.0,0.0,0.0,0.0,0.0,1,0,0.0,0.0,0.0,3.0,2.0,0.0,1.0,,,,,3.0,-3.0,1.0,1.0,0.0,0.0,0.0,0.0,0.0,0.0,0.0,2.0,0.0,0.0,,2.0,0.0,0.0,0.0,16.0,0,0,0,0,1,0,2024-12-07,2024,1,0,0,0,0,0,0,0,0,0,0,0,0,0,0,0,0,0,0,0,0,0,0,0,0,1,1,0,0,0,0,0.0,0.0,0.0,0.0,0.0,0.0,0.0,0.0,0.0,0.0,0.0,0.0,0.0,9.71902370267014,16006.860312453027,0.0
,12/7/24,Sat,0.8125,7:30p,Louisiana,Marshall,392K,392.0,Marshall,31.0,3.0,0.0,0.0,1,0.0,0.0,0.0,0.0,0.0,0.0,0.0,0.0,0.0,0.0,0.0,0.0,0,0,0.0,0.0,0.0,5.0,0.0,0.0,1.0,,,,,28.0,-5.0,0.0,0.0,0.0,0.0,0.0,0.0,0.0,0.0,0.0,0.0,0.0,0.0,,0.0,0.0,0.0,0.0,19.5,0,0,0,0,0,0,2024-12-07,2024,1,0,0,0,0,0,0,0,0,0,0,0,0,0,0,0,0,0,0,0,0,0,0,0,0,0,0,0,0,0,0,0.0,0.0,0.0,0.0,0.0,0.0,0.0,0.0,0.0,0.0,0.0,0.0,0.0,5.973809611869261,559.8533339268681,14894.802633502819
,12/7/24,Sat,0.833333333,8:00p,SMU,Clemson,5.98M,5980.0,Clemson,34.0,31.0,1.0,1.0,1,0.0,0.0,0.0,0.0,0.0,1.0,0.0,0.0,0.0,0.0,0.0,0.0,0,0,0.0,0.0,0.0,2.5,0.0,2.0,1.0,,,,,3.0,-2.5,0.0,0.0,0.0,0.0,1.0,1.0,0.0,0.0,0.0,0.0,2.0,0.0,,0.0,0.0,0.0,0.0,20.0,0,0,0,0,0,0,2024-12-07,2024,1,0,0,0,0,0,0,0,0,0,0,0,0,0,0,0,0,0,0,0,0,0,0,0,0,1,0,0,1,0,0,0.0,0.0,0.0,0.0,0.0,0.0,0.0,0.0,0.0,0.0,0.0,0.0,0.0,8.696343057044556,4892.639286182327,10562.01668124736
,12/7/24,Sat,0.833333333,8:00p,Oregon,Penn St.,10.5M,10500.0,Oregon,45.0,37.0,0.0,2.0,1,0.0,0.0,0.0,0.0,1.0,0.0,0.0,0.0,0.0,0.0,0.0,0.0,0,0,0.0,0.0,0.0,3.5,2.0,0.0,1.0,,,,,8.0,-3.5,0.0,0.0,1.0,1.0,0.0,0.0,0.0,0.0,0.0,0.0,0.0,2.0,,0.0,0.0,0.0,0.0,20.0,0,0,0,0,0,0,2024-12-07,2024,1,0,0,0,0,0,0,0,0,0,0,0,0,0,0,0,0,0,0,0,0,0,0,0,0,1,0,1,0,0,0,0.0,0.0,0.0,0.0,0.0,0.0,0.0,0.0,0.0,0.0,0.0,0.0,0.0,9.259225769705994,10002.163347320491,5452.492620109195
,12/14/24,Sat,0.625,3:00p,Army,Navy,9.4M,9400.0,Navy,31.0,13.0,1.0,0.0,0,0.0,0.0,0.0,0.0,1.0,0.0,0.0,0.0,0.0,0.0,0.0,0.0,1,0,0.0,0.0,0.0,6.5,0.0,0.0,0.0,,,,,18.0,-6.5,0.0,0.0,0.0,0.0,0.0,0.0,0.0,0.0,0.0,0.0,0.0,0.0,,0.0,0.0,0.0,1.0,15.0,0,0,0,0,1,0,2024-12-14,2024,1,0,0,0,0,0,0,0,0,0,0,0,0,0,0,0,0,0,0,0,0,0,1,0,0,0,0,0,0,0,0,0.0,0.0,0.0,0.0,0.0,0.0,0.0,0.0,0.0,0.0,0.0,0.0,0.0,9.148571345578551,9834.038024816764,0.0
2023,9/8/23,Fri,0.791666667,7:00p,Indiana,Indiana State,243K,243.0,Indiana,41.0,7.0,0.0,0.0,0,0.0,0.0,0.0,0.0,0.0,0.0,0.0,0.0,0.0,0.0,1.0,0.0,,,0.0,,,31.0,,,0.0,-31.0,,,,34.0,34.0,0.0,0.0,1.0,0.0,0.0,0.0,0.0,0.0,0.0,0.0,0.0,1.0,,0.0,0.0,0.0,0.0,19.0,0,0,1,0,0,0,2023-09-08,2023,1,0,0,0,0,0,0,0,0,0,0,0,0,0,0,0,0,0,0,0,0,0,0,0,0,0,0,0,0,0,0,0.0,0.0,0.0,0.0,0.0,0.0,0.0,0.0,0.0,0.0,1.0,0.0,0.0,5.497168225293202,371.325419236473,1591.3076820658937
,9/8/23,Fri,0.8125,7:30p,Kansas,Illinois,1.36M,1360.0,Kansas,34.0,23.0,0.0,0.0,0,0.0,0.0,1.0,0.0,0.0,0.0,0.0,0.0,0.0,0.0,0.0,0.0,,,0.0,,,3.5,,,0.0,-3.5,,,,11.0,11.0,0.0,0.0,0.0,1.0,0.0,0.0,1.0,0.0,1.0,0.0,0.0,1.0,,0.0,0.0,0.0,0.0,19.5,0,0,1,0,0,0,2023-09-08,2023,1,0,0,0,0,0,0,0,0,0,0,0,0,0,0,0,0,0,0,0,0,0,0,0,0,0,0,0,0,0,0,0.0,1.0,0.0,0.0,0.0,0.0,0.0,0.0,0.0,0.0,0.0,0.0,0.0,7.215975002651466,1591.3076820658937,371.325419236473
,9/9/23,Sat,0.5,12:00p,Baylor,Utah,1.31M,1310.0,Utah,20.0,13.0,1.0,0.0,0,0.0,0.0,0.0,0.0,0.0,0.0,0.0,0.0,0.0,0.0,0.0,0.0,,,0.0,,,7.0,,,0.0,7.0,,,,7.0,7.0,0.0,0.0,0.0,0.0,0.0,0.0,1.0,0.0,1.0,0.0,0.0,0.0,,0.0,0.0,1.0,0.0,12.0,0,0,0,1,0,0,2023-09-09,2023,1,0,0,0,0,0,0,0,0,0,0,0,0,0,0,0,0,0,0,0,0,0,0,0,0,0,0,0,0,0,0,0.0,0.0,0.0,0.0,0.0,0.0,0.0,0.0,0.0,0.0,0.0,0.0,0.0,7.1785454837637,1012.5811839932948,13753.953324098917
,9/9/23,Sat,0.5,12:00p,North Carolina St.,Notre Dame,2.93M,2930.0,Notre Dame,45.0,24.0,0.0,1.0,0,0.0,0.0,0.0,0.0,0.0,1.0,0.0,0.0,0.0,0.0,0.0,0.0,,,0.0,,,7.0,,,0.0,7.0,,,,21.0,21.0,0.0,0.0,0.0,0.0,1.0,0.0,0.0,0.0,0.0,0.0,1.0,0.0,,0.0,1.0,0.0,0.0,12.0,0,0,0,1,0,0,2023-09-09,2023,1,0,0,0,0,0,0,0,0,0,0,0,0,0,0,0,0,0,0,0,0,0,0,0,0,0,0,0,0,0,0,0.0,0.0,0.0,0.0,0.0,0.0,0.0,0.0,0.0,0.0,0.0,0.0,0.0,7.983098940710892,3840.389983900388,10926.144524191825
,9/9/23,Sat,0.5,12:00p,Virginia,James Madison,119K,119.0,James Madison,36.0,35.0,0.0,0.0,0,0.0,0.0,0.0,0.0,0.0,0.0,0.0,1.0,0.0,0.0,0.0,0.0,,,0.0,,,6.0,,,0.0,6.0,,,,1.0,1.0,0.0,0.0,0.0,0.0,1.0,0.0,0.0,0.0,0.0,0.0,1.0,0.0,,0.0,0.0,0.0,0.0,12.0,0,0,0,1,0,0,2023-09-09,2023,1,0,0,0,0,0,0,0,0,0,0,0,0,0,0,0,0,0,0,0,0,0,0,0,0,0,0,0,0,0,0,0.0,0.0,0.0,0.0,0.0,0.0,0.0,0.0,0.0,0.0,0.0,0.0,0.0,4.787491742782046,78.15679922291845,14688.377708869293
,9/9/23,Sat,0.5,12:00p,Colorado,Nebraska,8.73M,8730.0,Colorado,36.0,14.0,1.0,0.0,0,1.0,0.0,0.0,0.0,0.0,0.0,0.0,0.0,0.0,0.0,0.0,0.0,,,0.0,,,3.0,,,0.0,-3.0,,,,22.0,22.0,0.0,0.0,0.0,1.0,0.0,0.0,0.0,0.0,0.0,0.0,0.0,1.0,,0.0,0.0,0.0,1.0,12.0,0,0,0,1,0,0,2023-09-09,2023,1,1,0,0,0,0,0,0,0,0,0,0,0,0,0,0,0,0,0,0,0,0,0,0,0,0,0,0,0,0,0,0.0,0.0,0.0,0.0,0.0,0.0,0.0,0.0,0.0,0.0,0.0,0.0,0.0,9.074635189810808,7714.655184628647,7051.879323463567
,9/9/23,Sat,0.5,12:00p,Ohio St.,Youngstown State,1.22M,1220.0,Ohio St.,35.0,7.0,0.0,1.0,1,0.0,0.0,0.0,0.0,0.0,0.0,0.0,0.0,0.0,0.0,1.0,0.0,,,0.0,,,45.0,,,0.0,-45.0,,,,28.0,28.0,0.0,0.0,1.0,0.0,0.0,0.0,0.0,0.0,0.0,0.0,0.0,1.0,,1.0,0.0,0.0,0.0,12.0,0,0,0,1,0,0,2023-09-09,2023,1,0,0,0,0,0,0,0,0,0,0,0,0,0,0,0,0,0,0,0,0,0,0,0,0,0,0,0,0,0,1,0.0,0.0,0.0,0.0,0.0,0.0,0.0,0.0,0.0,0.0,0.0,0.0,0.0,7.107425474110705,1199.9339535351692,13566.600554557042
,9/9/23,Sat,0.5,12:00p,Virginia Tech,Purdue,294K,294.0,Purdue,24.0,17.0,0.0,0.0,1,0.0,0.0,1.0,0.0,0.0,0.0,0.0,0.0,0.0,0.0,0.0,0.0,,,0.0,,,1.0,,,0.0,-1.0,,,,7.0,7.0,0.0,0.0,0.0,1.0,1.0,0.0,0.0,0.0,0.0,0.0,1.0,1.0,,0.0,0.0,0.0,0.0,12.0,0,0,0,1,0,0,2023-09-09,2023,1,0,0,0,0,0,0,0,0,0,0,0,0,0,0,0,0,0,0,0,0,0,0,0,0,0,0,0,0,0,0,0.0,0.0,0.0,0.0,0.0,0.0,0.0,0.0,0.0,0.0,0.0,0.0,0.0,5.68697535633982,640.1524848748911,14126.38202321732
,9/9/23,Sat,0.5,12:00p,Kansas St.,Troy,282K,282.0,Kansas St.,42.0,13.0,1.0,0.0,1,0.0,1.0,0.0,0.0,0.0,0.0,0.0,0.0,0.0,0.0,0.0,0.0,,,0.0,,,14.5,,,0.0,-14.5,,,,29.0,29.0,0.0,0.0,0.0,0.0,0.0,0.0,1.0,0.0,1.0,0.0,0.0,0.0,,0.0,0.0,1.0,0.0,12.0,0,0,0,1,0,0,2023-09-09,2023,1,0,0,0,0,0,0,0,0,0,0,0,0,0,0,0,0,0,0,0,0,0,0,0,0,0,0,0,0,0,0,0.0,0.0,0.0,0.0,0.0,0.0,0.0,0.0,0.0,0.0,0.0,0.0,0.0,5.645446897643238,280.6649179369052,14485.869590155306
,9/9/23,Sat,0.645833333,3:30p,Tulane,Mississippi,1.44M,1440.0,Mississippi,37.0,20.0,2.0,0.0,1,0.0,0.0,1.0,0.0,0.0,0.0,0.0,0.0,0.0,0.0,0.0,0.0,,,0.0,,,8.5,,,0.0,8.5,,,,17.0,17.0,0.0,1.0,0.0,0.0,0.0,0.0,0.0,0.0,0.0,1.0,0.0,0.0,,0.0,0.0,0.0,2.0,15.5,0,0,0,0,1,0,2023-09-09,2023,1,0,0,0,0,0,0,0,0,0,0,0,0,0,0,0,0,0,0,0,0,0,0,0,0,1,0,0,0,0,0,0.0,0.0,0.0,0.0,0.0,0.0,0.0,0.0,0.0,0.0,0.0,0.0,0.0,7.273092595999522,631.2529540667736,5181.737590128541
,9/9/23,Sat,0.645833333,3:30p,Iowa St.,Iowa,3.38M,3380.0,Iowa,20.0,13.0,0.0,0.0,0,1.0,0.0,0.0,0.0,0.0,0.0,0.0,0.0,0.0,0.0,0.0,0.0,,,0.0,,,3.5,,,0.0,3.5,,,,7.0,7.0,0.0,0.0,0.0,1.0,0.0,0.0,1.0,0.0,1.0,0.0,0.0,1.0,,0.0,0.0,0.0,0.0,15.5,0,0,0,0,1,0,2023-09-09,2023,1,0,0,0,0,0,0,0,0,0,1,0,0,0,0,0,0,0,0,0,0,0,0,0,0,0,0,0,0,0,0,0.0,0.0,0.0,0.0,0.0,0.0,0.0,0.0,0.0,0.0,0.0,0.0,0.0,8.125926802707886,2489.550276438289,3323.440267757026
,9/9/23,Sat,0.729166667,5:30p,Miami,Texas A&M,4.02M,4020.0,Miami,48.0,33.0,1.0,0.0,0,0.0,0.0,0.0,0.0,0.0,1.0,0.0,0.0,0.0,0.0,0.0,0.0,,,0.0,,,3.0,,,0.0,3.0,,,,15.0,15.0,0.0,1.0,0.0,0.0,1.0,0.0,0.0,0.0,0.0,1.0,1.0,0.0,,0.0,0.0,0.0,1.0,17.5,0,0,0,0,1,0,2023-09-09,2023,1,0,0,0,0,0,0,0,0,0,0,0,0,0,0,0,0,0,0,0,0,0,0,0,0,0,0,0,0,0,0,0.0,0.0,0.0,0.0,0.0,0.0,0.0,0.0,0.0,0.0,0.0,0.0,0.0,8.299285906897275,3615.486430532545,480.2086097486102
,9/9/23,Sat,0.645833333,3:30p,Michigan,UNLV,2.97M,2970.0,Michigan,35.0,7.0,0.0,1.0,0,0.0,0.0,0.0,0.0,1.0,0.0,0.0,0.0,0.0,0.0,0.0,0.0,,,0.0,,,38.0,,,0.0,-38.0,,,,28.0,28.0,0.0,0.0,1.0,0.0,0.0,0.0,0.0,0.0,0.0,0.0,0.0,1.0,,1.0,0.0,0.0,0.0,15.5,0,0,0,0,1,0,2023-09-09,2023,1,0,0,0,0,0,0,0,0,0,0,0,0,0,0,0,0,0,0,0,0,0,0,0,0,0,0,0,0,0,0,0.0,0.0,0.0,0.0,0.0,0.0,0.0,0.0,0.0,0.0,0.0,0.0,0.0,7.9966538754626075,2624.6588593025,3188.3316848928152
,9/9/23,Sat,0.666666667,4:00p,East Carolina,Marshall,90K,90.0,Marshall,31.0,13.0,0.0,0.0,0,0.0,0.0,0.0,0.0,0.0,0.0,0.0,1.0,0.0,0.0,0.0,0.0,,,0.0,,,2.5,,,0.0,2.5,,,,18.0,18.0,0.0,0.0,0.0,0.0,0.0,0.0,0.0,0.0,0.0,0.0,0.0,0.0,,0.0,0.0,0.0,0.0,16.0,0,0,0,0,1,0,2023-09-09,2023,1,0,0,0,0,0,0,0,0,0,0,0,0,0,0,0,0,0,0,0,0,0,0,0,0,0,0,0,0,0,0,0.0,0.0,0.0,0.0,0.0,0.0,0.0,0.0,0.0,0.0,0.0,0.0,0.0,4.51085950651685,67.52845438775236,5745.462089807563
,9/9/23,Sat,0.770833333,6:30p,Pittsburgh,Cincinnati,617K,617.0,Cincinnati,27.0,21.0,0.0,0.0,1,0.0,0.0,0.0,0.0,0.0,0.0,1.0,0.0,0.0,0.0,0.0,0.0,,,0.0,,,6.5,,,0.0,-6.5,,,,6.0,6.0,0.0,0.0,0.0,0.0,1.0,0.0,0.0,1.0,1.0,0.0,1.0,0.0,,0.0,0.0,0.0,0.0,18.5,0,0,0,0,0,0,2023-09-09,2023,1,0,0,0,0,0,0,0,0,0,0,0,0,0,0,0,0,0,0,0,0,0,0,0,0,0,0,0,0,0,0,0.0,0.0,0.0,0.0,0.0,0.0,0.0,0.0,0.0,0.0,0.0,0.0,0.0,6.42648845745769,480.2086097486102,17498.70934941639
,9/9/23,Sat,0.791666667,7:00p,Boise St.,UCF,306K,306.0,UCF,18.0,16.0,0.0,0.0,1,0.0,1.0,0.0,0.0,0.0,0.0,0.0,0.0,0.0,0.0,0.0,0.0,,,0.0,,,3.0,,,0.0,3.0,,,,2.0,2.0,0.0,0.0,0.0,0.0,0.0,0.0,0.0,1.0,1.0,0.0,0.0,0.0,,0.0,0.0,0.0,0.0,19.0,0,0,0,0,0,0,2023-09-09,2023,1,0,0,0,0,0,0,0,0,0,0,0,0,0,0,0,0,0,0,0,0,0,0,0,0,0,0,0,0,0,0,0.0,0.0,0.0,0.0,0.0,0.0,0.0,0.0,0.0,0.0,0.0,0.0,0.0,5.726847747587197,426.31879325365264,13937.1127353788
,9/9/23,Sat,0.791666667,7:00p,Rice,Houston,83K,83.0,Rice,43.0,41.0,0.0,0.0,1,0.0,0.0,0.0,0.0,0.0,0.0,0.0,0.0,0.0,1.0,0.0,0.0,,,0.0,,,7.0,,,0.0,7.0,,,,2.0,2.0,0.0,0.0,0.0,0.0,0.0,0.0,0.0,1.0,1.0,0.0,0.0,0.0,,0.0,0.0,0.0,0.0,19.0,0,0,0,0,0,0,2023-09-09,2023,1,0,0,0,0,0,0,0,0,0,0,0,0,0,0,0,0,0,0,0,0,0,0,0,0,0,0,0,0,0,0,0.0,0.0,0.0,0.0,0.0,0.0,0.0,0.0,0.0,0.0,0.0,0.0,0.0,4.430816798843313,84.63704180281971,14278.794486829633
,9/9/23,Sat,0.791666667,7:00p,Texas Tech,Oregon,2.55M,2550.0,Oregon,38.0,30.0,1.0,0.0,0,1.0,0.0,0.0,0.0,0.0,0.0,0.0,0.0,0.0,0.0,0.0,0.0,,,0.0,,,6.0,,,0.0,6.0,,,,8.0,8.0,0.0,0.0,0.0,0.0,0.0,0.0,1.0,0.0,1.0,0.0,0.0,0.0,,0.0,0.0,1.0,0.0,19.0,0,0,0,0,0,0,2023-09-09,2023,1,0,0,0,0,0,0,0,0,0,0,0,0,0,0,0,0,0,0,0,0,0,0,0,0,0,0,0,0,0,0,0.0,0.0,0.0,0.0,0.0,0.0,0.0,0.0,0.0,0.0,0.0,0.0,0.0,7.844240718141811,2451.6718132822834,11911.75971535017
,9/9/23,Sat,0.791666667,7:00p,Alabama,Texas,8.76M,8760.0,Texas,34.0,24.0,1.0,1.0,0,0.0,0.0,0.0,0.0,0.0,0.0,0.0,0.0,0.0,0.0,0.0,0.0,,,0.0,,,7.0,,,0.0,-7.0,,,,10.0,10.0,1.0,0.0,0.0,0.0,0.0,0.0,0.0,1.0,1.0,1.0,0.0,0.0,,1.0,0.0,1.0,0.0,19.0,0,0,0,0,0,0,2023-09-09,2023,1,0,0,0,0,0,0,0,0,0,0,0,0,0,0,0,0,0,0,0,0,0,0,0,0,1,0,0,0,0,0,0.0,0.0,0.0,0.0,0.0,0.0,0.0,0.0,0.0,0.0,0.0,0.0,0.0,9.078065332666364,6842.505222914668,7520.926305717785
,9/9/23,Sat,0.8125,7:30p,San Diego St.,UCLA,1.08M,1080.0,UCLA,35.0,10.0,0.0,0.0,0,0.0,0.0,0.0,0.0,1.0,0.0,0.0,0.0,0.0,0.0,0.0,0.0,,,0.0,,,14.0,,,0.0,14.0,,,,25.0,25.0,0.0,0.0,0.0,0.0,0.0,0.0,0.0,0.0,0.0,0.0,0.0,0.0,,0.0,0.0,0.0,0.0,19.5,0,0,0,0,0,0,2023-09-09,2023,1,0,0,0,0,0,0,0,0,0,0,0,0,0,0,0,0,0,0,0,0,0,0,0,0,0,0,0,0,0,0,0.0,0.0,0.0,0.0,0.0,0.0,0.0,0.0,0.0,0.0,0.0,0.0,0.0,6.985641817639208,856.7137553182512,13506.7177733142
,9/9/23,Sat,0.8125,7:30p,Washington St.,Wisconsin,2.28M,2280.0,Washington St.,31.0,22.0,1.0,0.0,0,0.0,0.0,0.0,0.0,0.0,1.0,0.0,0.0,0.0,0.0,0.0,0.0,,,0.0,,,5.5,,,0.0,5.5,,,,9.0,9.0,0.0,0.0,0.0,1.0,0.0,0.0,0.0,0.0,0.0,0.0,0.0,1.0,,0.0,0.0,0.0,1.0,19.5,0,0,0,0,0,0,2023-09-09,2023,1,0,0,0,0,0,0,0,0,0,0,0,0,0,0,0,0,0,0,0,0,0,0,0,0,0,0,0,0,0,0,0.0,0.0,0.0,0.0,0.0,0.0,0.0,0.0,0.0,0.0,0.0,0.0,0.0,7.732369222284388,2575.198448810827,11788.233079821624
,9/9/23,Sat,0.791666667,7:00p,Florida,McNeese,150K,150.0,Florida,49.0,7.0,0.0,0.0,0,0.0,0.0,0.0,0.0,0.0,0.0,0.0,1.0,0.0,0.0,0.0,0.0,,,0.0,,,46.5,,,0.0,,,,,42.0,42.0,1.0,0.0,0.0,0.0,0.0,0.0,0.0,0.0,0.0,1.0,0.0,0.0,,0.0,0.0,0.0,0.0,19.0,0,0,0,0,0,0,2023-09-09,2023,1,0,0,0,0,0,0,0,0,0,0,0,0,0,0,0,0,0,0,0,0,0,0,0,0,0,0,0,0,0,0,0.0,0.0,0.0,0.0,0.0,0.0,0.0,0.0,0.0,0.0,0.0,0.0,0.0,5.017279836814924,148.50169256454487,14214.929836067908
,9/9/23,Sat,0.8125,7:30p,Maryland,Charlotte,665K,665.0,Maryland,38.0,20.0,0.0,0.0,0,0.0,0.0,0.0,1.0,0.0,0.0,0.0,0.0,0.0,0.0,0.0,0.0,,,0.0,,,24.5,,,0.0,-24.5,,,,18.0,18.0,0.0,0.0,1.0,0.0,0.0,0.0,0.0,0.0,0.0,0.0,0.0,1.0,,0.0,0.0,0.0,0.0,19.5,0,0,0,0,0,0,2023-09-09,2023,1,0,0,0,0,0,0,0,0,0,0,0,0,0,0,0,0,0,0,0,0,0,0,0,0,0,0,0,0,0,0,0.0,0.0,0.0,0.0,0.0,0.0,0.0,0.0,0.0,0.0,0.0,0.0,0.0,6.501289670540389,497.67615093679615,13865.755377695656
,9/9/23,Sat,0.9375,10:30p,California,Auburn,2.23M,2230.0,Auburn,14.0,10.0,0.0,0.0,0,0.0,0.0,0.0,0.0,0.0,0.0,0.0,0.0,0.0,0.0,0.0,0.0,,,0.0,,,4.5,,,0.0,4.5,,,,4.0,4.0,0.0,1.0,0.0,0.0,0.0,0.0,0.0,0.0,0.0,1.0,0.0,0.0,,0.0,0.0,0.0,0.0,22.5,0,0,0,0,0,1,2023-09-09,2023,1,0,0,0,0,0,0,0,0,0,0,0,0,0,0,0,0,0,0,0,0,0,0,0,0,0,0,0,0,0,0,0.0,0.0,0.0,0.0,0.0,0.0,0.0,0.0,0.0,0.0,0.0,0.0,0.0,7.7102051944325325,1475.6164836560934,3053.7193187393814
,9/9/23,Sat,0.9375,10:30p,Arizona St.,Oklahoma St.,91K,91.0,Oklahoma St.,27.0,15.0,0.0,0.0,1,0.0,1.0,0.0,0.0,0.0,0.0,0.0,0.0,0.0,0.0,0.0,0.0,,,0.0,,,2.5,,,0.0,2.5,,,,12.0,12.0,0.0,0.0,0.0,0.0,0.0,0.0,0.0,1.0,1.0,0.0,0.0,0.0,,0.0,0.0,0.0,0.0,22.5,0,0,0,0,0,1,2023-09-09,2023,1,0,0,0,0,0,0,0,0,0,0,0,0,0,0,0,0,0,0,0,0,0,0,0,0,0,0,0,0,0,0,0.0,0.0,0.0,0.0,0.0,0.0,0.0,0.0,0.0,0.0,0.0,0.0,0.0,4.5217885770490405,444.08179070640085,4085.254011689074
,9/9/23,Sat,0.9375,10:30p,USC,Stanford,1.75M,1750.0,USC,56.0,10.0,0.0,1.0,0,1.0,0.0,0.0,0.0,0.0,0.0,0.0,0.0,0.0,0.0,0.0,0.0,,,0.0,,,29.0,,,0.0,-29.0,,,,46.0,46.0,0.0,0.0,0.0,0.0,0.0,0.0,0.0,0.0,0.0,0.0,0.0,0.0,,0.0,0.0,0.0,0.0,22.5,0,0,0,0,0,1,2023-09-09,2023,1,0,0,0,0,0,0,0,0,0,0,0,0,0,0,0,0,0,0,0,0,0,0,0,0,0,0,0,0,0,0,0.0,0.0,0.0,0.0,0.0,0.0,0.0,0.0,0.0,0.0,0.0,0.0,0.0,7.467942332285852,2609.6375280329808,1919.6982743624942
,9/14/23,Thu,0.8125,7:30p,Memphis,Navy,1.05M,1050.0,Memphis,28.0,24.0,0.0,0.0,0,0.0,0.0,0.0,0.0,0.0,0.0,0.0,0.0,0.0,0.0,0.0,0.0,,,0.0,,,9.0,,,0.0,,,,,4.0,4.0,0.0,0.0,0.0,0.0,0.0,0.0,0.0,0.0,0.0,0.0,0.0,0.0,,0.0,0.0,0.0,0.0,19.5,0,1,0,0,0,0,2023-09-14,2023,1,0,0,0,0,0,0,0,0,0,0,0,0,0,0,0,0,0,0,0,0,0,0,0,0,0,0,0,0,0,0,0.0,0.0,0.0,0.0,0.0,0.0,0.0,0.0,0.0,0.0,0.0,0.0,0.0,6.957497370876951,769.5059990393734,0.0
,9/15/23,Fri,0.791666667,7:00p,UTSA,Army,916K,916.0,Army,37.0,29.0,0.0,0.0,0,0.0,0.0,0.0,0.0,0.0,0.0,0.0,0.0,0.0,0.0,0.0,0.0,,,0.0,,,6.0,,,0.0,,,,,8.0,8.0,0.0,0.0,0.0,0.0,0.0,0.0,0.0,0.0,0.0,0.0,0.0,0.0,,0.0,0.0,0.0,0.0,19.0,0,0,1,0,0,0,2023-09-15,2023,1,0,0,0,0,0,0,0,0,0,0,0,0,0,0,0,0,0,0,0,0,0,0,0,0,0,0,0,0,0,0,0.0,0.0,0.0,0.0,0.0,0.0,0.0,0.0,0.0,0.0,0.0,0.0,1.0,6.821107472256465,928.5200857359197,555.0408799238787
,9/15/23,Fri,0.791666667,7:00p,Maryland,Virginia,776K,776.0,Maryland,42.0,14.0,0.0,0.0,0,0.0,1.0,0.0,0.0,0.0,0.0,0.0,0.0,0.0,0.0,0.0,0.0,,,0.0,,,3.0,,,0.0,,,,,28.0,28.0,0.0,0.0,1.0,0.0,0.0,1.0,0.0,0.0,0.0,0.0,1.0,1.0,,0.0,0.0,0.0,0.0,19.0,0,0,1,0,0,0,2023-09-15,2023,1,0,0,0,0,0,0,0,0,0,0,0,0,0,0,0,0,0,0,0,0,0,0,0,0,0,0,0,0,0,0,0.0,0.0,1.0,0.0,0.0,0.0,0.0,0.0,0.0,0.0,0.0,0.0,0.0,6.655440350367647,555.0408799238787,928.5200857359197
,9/16/23,Sat,0.5,12:00p,Old Dominion,Wake Forest,324K,324.0,Wake Forest,27.0,24.0,0.0,0.0,2,0.0,0.0,1.0,0.0,0.0,0.0,0.0,0.0,0.0,0.0,0.0,0.0,,,0.0,,,13.5,,,0.0,,,,,3.0,3.0,0.0,0.0,0.0,0.0,0.0,1.0,0.0,0.0,0.0,0.0,1.0,0.0,,0.0,0.0,0.0,0.0,12.0,0,0,0,1,0,0,2023-09-16,2023,1,0,0,0,0,0,0,0,0,0,0,0,0,0,0,0,0,0,0,0,0,0,0,0,0,0,0,0,0,0,0,0.0,0.0,0.0,0.0,0.0,0.0,0.0,0.0,0.0,0.0,0.0,0.0,0.0,5.783825182329737,232.87523382966486,8768.380694698728
,9/16/23,Sat,0.5,12:00p,Boise St.,North Dakota,247K,247.0,Boise St.,42.0,18.0,0.0,0.0,2,0.0,1.0,0.0,0.0,0.0,0.0,0.0,0.0,0.0,0.0,0.0,0.0,,,0.0,,,16.0,,,0.0,,,,,24.0,24.0,0.0,0.0,0.0,0.0,0.0,0.0,0.0,0.0,0.0,0.0,0.0,0.0,,0.0,0.0,0.0,0.0,12.0,0,0,0,1,0,0,2023-09-16,2023,1,0,0,0,0,0,0,0,0,0,0,0,0,0,0,0,0,0,0,0,0,0,0,0,0,0,0,0,0,0,0,0.0,0.0,0.0,0.0,0.0,0.0,0.0,0.0,0.0,0.0,0.0,0.0,0.0,5.5134287461649825,276.9795694614833,8724.27635906691
,9/16/23,Sat,0.5,12:00p,Boston College,Florida St.,3.48M,3480.0,Florida St.,31.0,29.0,0.0,1.0,1,0.0,0.0,0.0,0.0,0.0,1.0,0.0,0.0,0.0,0.0,0.0,0.0,,,0.0,,,16.5,,,0.0,,,,,2.0,2.0,0.0,0.0,0.0,0.0,1.0,1.0,0.0,0.0,0.0,0.0,2.0,0.0,,1.0,0.0,0.0,0.0,12.0,0,0,0,1,0,0,2023-09-16,2023,1,0,0,0,0,0,0,0,0,0,0,0,0,0,0,0,0,0,0,0,0,0,0,0,0,0,0,0,0,0,0,0.0,0.0,0.0,0.0,0.0,0.0,0.0,0.0,0.0,0.0,0.0,0.0,0.0,8.15507488781144,2546.6228833311216,6454.633045197272
,9/16/23,Sat,0.5,12:00p,Mississippi St.,LSU,2.8M,2800.0,LSU,41.0,14.0,1.0,0.0,1,0.0,0.0,0.0,0.0,0.0,0.0,0.0,0.0,0.0,0.0,0.0,0.0,,,0.0,,,7.5,,,0.0,7.5,,,,27.0,27.0,1.0,1.0,0.0,0.0,0.0,0.0,0.0,0.0,0.0,2.0,0.0,0.0,,0.0,0.0,1.0,0.0,12.0,0,0,0,1,0,0,2023-09-16,2023,1,0,0,0,0,0,0,0,0,0,0,0,0,0,0,0,0,0,0,0,0,0,0,0,0,0,0,0,0,0,0,0.0,0.0,0.0,0.0,0.0,0.0,0.0,0.0,0.0,0.0,0.0,0.0,0.0,7.937731775260109,2419.704677693669,6581.551250834725
,9/16/23,Sat,0.5,12:00p,Ohio,Iowa St.,162K,162.0,Ohio,10.0,7.0,0.0,0.0,1,0.0,0.0,0.0,0.0,0.0,0.0,0.0,1.0,0.0,0.0,0.0,0.0,,,0.0,,,2.0,,,0.0,,,,,3.0,3.0,0.0,0.0,0.0,0.0,0.0,0.0,0.0,1.0,1.0,0.0,0.0,0.0,,0.0,0.0,0.0,0.0,12.0,0,0,0,1,0,0,2023-09-16,2023,1,0,0,0,0,0,0,0,0,0,0,0,0,0,0,0,0,0,0,0,0,0,0,0,0,0,0,0,0,0,0,0.0,0.0,0.0,0.0,0.0,0.0,0.0,0.0,0.0,0.0,0.0,0.0,0.0,5.093750200806762,122.90806696814839,8878.347861560245
,9/16/23,Sat,0.5,12:00p,Illinois,Penn St.,3.22M,3220.0,Penn St.,30.0,13.0,0.0,1.0,1,1.0,0.0,0.0,0.0,0.0,0.0,0.0,0.0,0.0,0.0,0.0,0.0,,,0.0,,,12.5,,,0.0,12.5,,,,17.0,17.0,0.0,0.0,1.0,1.0,0.0,0.0,0.0,0.0,0.0,0.0,0.0,2.0,,0.0,1.0,0.0,0.0,12.0,0,0,0,1,0,0,2023-09-16,2023,1,0,0,0,0,0,0,0,0,0,0,0,0,0,0,0,0,0,0,0,0,0,0,0,0,0,0,0,0,0,0,0.0,0.0,0.0,0.0,0.0,0.0,0.0,0.0,0.0,0.0,0.0,0.0,0.0,8.0774471493312,3402.1654972443066,5599.090431284087
,9/16/23,Sat,0.583333333,2:00p,North Carolina St.,VMI,205K,205.0,North Carolina St.,45.0,7.0,0.0,0.0,0,0.0,0.0,0.0,0.0,0.0,0.0,1.0,0.0,0.0,0.0,0.0,0.0,,,0.0,,,43.5,,,0.0,,,,,38.0,38.0,0.0,0.0,0.0,0.0,1.0,0.0,0.0,0.0,0.0,0.0,1.0,0.0,,0.0,0.0,0.0,0.0,14.0,0,0,0,0,0,0,2023-09-16,2023,1,0,0,0,0,0,0,0,0,0,0,0,0,0,0,0,0,0,0,0,0,0,0,0,0,0,0,0,0,0,0,0.0,0.0,0.0,0.0,0.0,0.0,0.0,0.0,0.0,0.0,0.0,0.0,0.0,5.327876168789581,315.82708153989677,0.0
,9/16/23,Sat,0.645833333,3:30p,Oregon St.,San Diego St.,418K,418.0,Oregon St.,26.0,9.0,1.0,0.0,3,0.0,1.0,0.0,0.0,0.0,0.0,0.0,0.0,0.0,0.0,0.0,0.0,,,0.0,,,24.5,,,0.0,,,,,17.0,17.0,0.0,0.0,0.0,0.0,0.0,0.0,0.0,0.0,0.0,0.0,0.0,0.0,,0.0,0.0,0.0,1.0,15.5,0,0,0,0,1,0,2023-09-16,2023,1,0,0,0,0,0,0,0,0,0,0,0,0,0,0,0,0,0,0,0,0,0,0,0,0,0,0,0,0,0,0,0.0,0.0,0.0,0.0,0.0,0.0,0.0,0.0,0.0,0.0,0.0,0.0,0.0,6.037870919922137,321.9984513724539,12555.244146077657
,9/16/23,Sat,0.645833333,3:30p,Tulsa,Oklahoma,641K,641.0,Oklahoma,66.0,17.0,1.0,0.0,3,0.0,0.0,1.0,0.0,0.0,0.0,0.0,0.0,0.0,0.0,0.0,0.0,,,0.0,,,27.5,,,0.0,,,,,49.0,49.0,0.0,0.0,0.0,0.0,0.0,0.0,0.0,1.0,1.0,0.0,0.0,0.0,,0.0,0.0,0.0,1.0,15.5,0,0,0,0,1,0,2023-09-16,2023,1,0,0,0,0,0,0,0,0,0,0,0,0,0,0,0,0,0,0,0,0,0,0,0,0,0,0,0,0,0,0,0.0,0.0,0.0,0.0,0.0,0.0,0.0,0.0,0.0,0.0,0.0,0.0,0.0,6.464588303689961,668.17667692432,12209.06592052579
,9/16/23,Sat,0.645833333,3:30p,South Florida,Alabama,4.84M,4840.0,Alabama,17.0,3.0,0.0,1.0,2,0.0,0.0,0.0,0.0,0.0,1.0,0.0,0.0,0.0,0.0,0.0,0.0,,,0.0,,,33.5,,,0.0,,,,,14.0,14.0,0.0,1.0,0.0,0.0,0.0,0.0,0.0,0.0,0.0,1.0,0.0,0.0,,0.0,1.0,0.0,0.0,15.5,0,0,0,0,1,0,2023-09-16,2023,1,0,0,0,0,0,0,0,0,0,0,0,0,0,0,0,0,0,0,0,0,0,0,0,0,0,0,0,0,0,0,0.0,0.0,0.0,0.0,0.0,0.0,0.0,0.0,0.0,0.0,0.0,0.0,0.0,8.484876589939695,3132.069398459247,9745.173198990864
,9/16/23,Sat,0.645833333,3:30p,Georgia,South Carolina,5.42M,5420.0,Georgia,24.0,14.0,0.0,1.0,2,0.0,0.0,0.0,0.0,1.0,0.0,0.0,0.0,0.0,0.0,0.0,0.0,,,0.0,,,24.5,,,0.0,-24.5,,,,10.0,10.0,1.0,1.0,0.0,0.0,0.0,0.0,0.0,0.0,0.0,2.0,0.0,0.0,,1.0,0.0,0.0,0.0,15.5,0,0,0,0,1,0,2023-09-16,2023,1,0,0,0,0,0,0,0,0,0,0,0,0,0,0,0,0,0,0,0,0,0,0,0,0,0,0,0,0,0,0,0.0,0.0,0.0,0.0,0.0,0.0,0.0,0.0,0.0,0.0,0.0,0.0,0.0,8.598035579260339,4746.222812588294,8131.019784861817
,9/16/23,Sat,0.645833333,3:30p,North Carolina,Minnesota,1.58M,1580.0,North Carolina,31.0,13.0,1.0,0.0,2,0.0,0.0,0.0,0.0,0.0,0.0,0.0,0.0,0.0,0.0,0.0,0.0,,,0.0,,,6.0,,,0.0,-6.0,,,,18.0,18.0,0.0,0.0,0.0,1.0,1.0,0.0,0.0,0.0,0.0,0.0,1.0,1.0,,0.0,0.0,0.0,1.0,15.5,0,0,0,0,1,0,2023-09-16,2023,1,0,0,0,0,0,0,0,0,0,0,0,0,0,0,0,0,0,0,0,0,0,0,0,0,0,0,0,0,0,0,0.0,0.0,0.0,0.0,0.0,0.0,0.0,0.0,0.0,0.0,0.0,0.0,0.0,7.365812837209472,1523.8804787346276,11353.362118715484
,9/16/23,Sat,0.666666667,4:00p,Ohio St.,Western Kentucky,2.82M,2820.0,Ohio St.,63.0,10.0,0.0,1.0,2,1.0,0.0,0.0,0.0,0.0,0.0,0.0,0.0,0.0,0.0,0.0,0.0,,,0.0,,,29.0,,,0.0,,,,,53.0,53.0,0.0,0.0,1.0,0.0,0.0,0.0,0.0,0.0,0.0,0.0,0.0,1.0,,0.0,1.0,0.0,0.0,16.0,0,0,0,0,1,0,2023-09-16,2023,1,0,0,0,0,0,0,0,0,0,0,0,0,0,0,0,0,0,0,0,0,0,0,0,0,0,0,0,0,0,0,0.0,0.0,0.0,0.0,0.0,0.0,0.0,0.0,0.0,0.0,0.0,0.0,0.0,7.944846711001996,2437.5626554165206,10439.67994203359
,9/16/23,Sat,0.666666667,4:00p,Southern Miss,Tulane,53K,53.0,Tulane,21.0,3.0,0.0,0.0,2,0.0,0.0,0.0,0.0,0.0,0.0,0.0,1.0,0.0,0.0,0.0,0.0,,,0.0,,,10.5,,,0.0,,,,,18.0,18.0,0.0,0.0,0.0,0.0,0.0,0.0,0.0,0.0,0.0,0.0,0.0,0.0,,0.0,0.0,0.0,0.0,16.0,0,0,0,0,1,0,2023-09-16,2023,1,0,0,0,0,0,0,0,0,0,0,0,0,0,0,0,0,0,0,0,0,0,0,0,0,0,0,0,0,0,0,0.0,0.0,0.0,0.0,0.0,0.0,0.0,0.0,0.0,0.0,0.0,0.0,0.0,3.9889840465642745,47.33212395464731,12829.910473495464
,9/16/23,Sat,0.791666667,7:00p,Florida,Tennessee,5.31M,5310.0,Florida,29.0,16.0,1.0,0.0,0,0.0,0.0,0.0,0.0,0.0,0.0,0.0,0.0,0.0,0.0,0.0,0.0,,,0.0,,,7.0,,,0.0,7.0,,,,13.0,13.0,1.0,1.0,0.0,0.0,0.0,0.0,0.0,0.0,0.0,2.0,0.0,0.0,,0.0,0.0,1.0,0.0,19.0,0,0,0,0,0,0,2023-09-16,2023,1,0,0,0,0,0,0,1,0,0,0,0,0,0,0,0,0,0,0,0,0,0,0,0,0,0,0,0,0,0,0,0.0,0.0,0.0,0.0,0.0,0.0,0.0,0.0,0.0,0.0,0.0,0.0,0.0,8.577535420422398,3338.194772897795,6605.300145817024
,9/16/23,Sat,0.791666667,7:00p,Troy,James Madison,81K,81.0,James Madison,16.0,14.0,0.0,0.0,0,0.0,0.0,0.0,0.0,0.0,0.0,0.0,0.0,0.0,1.0,0.0,0.0,,,0.0,,,3.5,,,0.0,-3.5,,,,2.0,2.0,0.0,0.0,0.0,0.0,0.0,0.0,0.0,0.0,0.0,0.0,0.0,0.0,,0.0,0.0,0.0,0.0,19.0,0,0,0,0,0,0,2023-09-16,2023,1,0,0,0,0,0,0,0,0,0,0,0,0,0,0,0,0,0,0,0,0,0,0,0,0,0,0,0,0,0,0,0.0,0.0,0.0,0.0,0.0,0.0,0.0,0.0,0.0,0.0,0.0,0.0,0.0,4.406719247264253,62.113097066529896,9881.381821648287
,9/16/23,Sat,0.791666667,7:00p,Nebraska,Northern Illinois,907K,907.0,Nebraska,35.0,11.0,0.0,0.0,0,0.0,1.0,0.0,0.0,0.0,0.0,0.0,0.0,0.0,0.0,0.0,0.0,,,0.0,,,11.5,,,0.0,,,,,24.0,24.0,0.0,0.0,1.0,0.0,0.0,0.0,0.0,0.0,0.0,0.0,0.0,1.0,,0.0,0.0,0.0,0.0,19.0,0,0,0,0,0,0,2023-09-16,2023,1,0,0,0,0,0,0,0,0,0,0,0,0,0,0,0,0,0,0,0,0,0,0,0,0,0,0,0,0,0,0,0.0,0.0,0.0,0.0,0.0,0.0,0.0,0.0,0.0,0.0,0.0,0.0,0.0,6.811244378601294,626.9445737008733,9316.550345013944
,9/16/23,Sat,0.8125,7:30p,West Virginia,Pittsburgh,2.41M,2410.0,West Virginia,17.0,6.0,0.0,0.0,0,0.0,0.0,0.0,0.0,0.0,1.0,0.0,0.0,0.0,0.0,0.0,0.0,,,0.0,,,2.0,,,0.0,2.0,,,,11.0,11.0,0.0,0.0,0.0,0.0,0.0,1.0,1.0,0.0,1.0,0.0,1.0,0.0,,0.0,0.0,0.0,0.0,19.5,0,0,0,0,0,0,2023-09-16,2023,1,0,0,0,0,0,0,0,0,0,0,0,0,0,0,0,0,0,0,0,0,0,0,0,0,0,0,0,0,0,0,0.0,0.0,0.0,0.0,0.0,0.0,0.0,0.0,0.0,0.0,0.0,0.0,0.0,7.787796878181171,1900.1314920729915,8043.363426641827
,9/16/23,Sat,0.8125,7:30p,Arkansas,BYU,1.08M,1080.0,BYU,38.0,31.0,0.0,0.0,0,0.0,0.0,1.0,0.0,0.0,0.0,0.0,0.0,0.0,0.0,0.0,0.0,,,0.0,,,10.5,,,0.0,,,,,7.0,7.0,1.0,0.0,0.0,0.0,0.0,0.0,0.0,1.0,1.0,1.0,0.0,0.0,,0.0,0.0,0.0,0.0,19.5,0,0,0,0,0,0,2023-09-16,2023,1,0,0,0,0,0,0,0,0,0,0,0,0,0,0,0,0,0,0,0,0,0,0,0,0,0,0,0,0,0,0,0.0,0.0,0.0,0.0,0.0,0.0,0.0,0.0,0.0,0.0,0.0,0.0,0.0,6.985641817639208,681.3156389701485,9262.179279744669
,9/16/23,Sat,0.8125,7:30p,Kentucky,Akron,115K,115.0,Kentucky,35.0,3.0,0.0,0.0,0,0.0,0.0,0.0,0.0,0.0,0.0,0.0,1.0,0.0,0.0,0.0,0.0,,,0.0,,,25.5,,,0.0,,,,,32.0,32.0,1.0,0.0,0.0,0.0,0.0,0.0,0.0,0.0,0.0,1.0,0.0,0.0,,0.0,0.0,0.0,0.0,19.5,0,0,0,0,0,0,2023-09-16,2023,1,0,0,0,0,0,0,0,0,0,0,0,0,0,0,0,0,0,0,0,0,0,0,0,0,0,0,0,0,0,0,0.0,0.0,0.0,0.0,0.0,0.0,0.0,0.0,0.0,0.0,0.0,0.0,0.0,4.7535901911063645,113.61812484293895,9829.87679387188
,9/16/23,Sat,0.8125,7:30p,Purdue,Syracuse,1.25M,1250.0,Syracuse,35.0,20.0,0.0,0.0,0,0.0,0.0,0.0,1.0,0.0,0.0,0.0,0.0,0.0,0.0,0.0,0.0,,,0.0,,,2.5,,,0.0,,,,,15.0,15.0,0.0,0.0,1.0,0.0,0.0,1.0,0.0,0.0,0.0,0.0,1.0,1.0,,0.0,0.0,0.0,0.0,19.5,0,0,0,0,0,0,2023-09-16,2023,1,0,0,0,0,0,0,0,0,0,0,0,0,0,0,0,0,0,0,0,0,0,0,0,0,0,0,0,0,0,0,0.0,0.0,0.0,0.0,0.0,0.0,0.0,0.0,0.0,0.0,0.0,0.0,0.0,7.1316985104669115,1181.219392772812,8762.275525942006
,9/16/23,Sat,0.8125,7:30p,Michigan,Bowling Green,1.32M,1320.0,Michigan,31.0,6.0,0.0,1.0,0,0.0,0.0,0.0,0.0,0.0,0.0,0.0,0.0,0.0,0.0,1.0,0.0,,,0.0,,,40.5,,,0.0,,,,,25.0,25.0,0.0,0.0,1.0,0.0,0.0,0.0,0.0,0.0,0.0,0.0,0.0,1.0,,1.0,0.0,0.0,0.0,19.5,0,0,0,0,0,0,2023-09-16,2023,1,0,0,0,0,0,0,0,0,0,0,0,0,0,0,0,0,0,0,0,0,0,0,0,0,0,0,0,0,0,0,0.0,0.0,0.0,0.0,0.0,0.0,0.0,0.0,0.0,0.0,0.0,0.0,0.0,7.186144304522325,852.4138042423665,9091.08111447245
,9/16/23,Sat,0.833333333,8:00p,Houston,TCU,1.2M,1200.0,TCU,36.0,13.0,0.0,0.0,0,1.0,0.0,0.0,0.0,0.0,0.0,0.0,0.0,0.0,0.0,0.0,0.0,,,0.0,,,7.5,,,0.0,,,,,23.0,23.0,0.0,0.0,0.0,0.0,0.0,0.0,1.0,1.0,2.0,0.0,0.0,0.0,,0.0,0.0,0.0,0.0,20.0,0,0,0,0,0,0,2023-09-16,2023,1,0,0,0,0,0,0,0,0,0,0,0,0,0,0,0,0,0,0,0,0,0,0,0,0,0,0,0,0,0,0,0.0,0.0,0.0,0.0,0.0,0.0,0.0,0.0,0.0,0.0,0.0,0.0,0.0,7.0909098220799835,1187.5440221483627,8755.950896566455
,9/16/23,Sat,0.916666667,10:00p,Colorado,Colorado St.,9.3M,9300.0,Colorado,43.0,35.0,1.0,0.0,0,0.0,0.0,0.0,0.0,0.0,0.0,0.0,0.0,0.0,0.0,0.0,0.0,,,0.0,,,17.0,,,0.0,-17.0,,,,8.0,8.0,0.0,0.0,0.0,0.0,0.0,0.0,0.0,0.0,0.0,0.0,0.0,0.0,,0.0,0.0,0.0,0.0,22.0,0,0,0,0,0,1,2023-09-16,2023,1,1,0,0,0,0,0,0,0,0,0,0,0,0,0,0,0,0,0,0,0,0,0,0,0,0,0,0,0,0,0,0.0,0.0,0.0,0.0,0.0,0.0,0.0,0.0,0.0,0.0,0.0,0.0,0.0,9.137877200242468,2814.028799812774,302.38617754778915
,9/16/23,Sat,0.895833333,9:30p,Arizona St.,Fresno St.,195K,195.0,Fresno St.,29.0,0.0,0.0,0.0,0,0.0,1.0,0.0,0.0,0.0,0.0,0.0,0.0,0.0,0.0,0.0,0.0,,,0.0,,,3.5,,,0.0,,,,,29.0,29.0,0.0,0.0,0.0,0.0,0.0,0.0,0.0,0.0,0.0,0.0,0.0,0.0,,0.0,0.0,0.0,0.0,21.5,0,0,0,0,0,1,2023-09-16,2023,1,0,0,0,0,0,0,0,0,0,0,0,0,0,0,0,0,0,0,0,0,0,0,0,0,0,0,0,0,0,0,0.0,0.0,0.0,0.0,0.0,0.0,0.0,0.0,0.0,0.0,0.0,0.0,0.0,5.278114659230517,302.38617754778915,2814.028799812774
,11/25/23,Sat,0.5,12:00p,Ohio St.,Michigan,19.07M,19070.0,Michigan,30.0,24.0,0.0,2.0,1,1.0,0.0,0.0,0.0,0.0,0.0,0.0,0.0,0.0,0.0,0.0,0.0,,,0.0,,,3.0,,,0.0,,,,,6.0,,0.0,0.0,1.0,1.0,0.0,0.0,0.0,0.0,0.0,0.0,0.0,2.0,,2.0,0.0,0.0,0.0,12.0,0,0,0,1,0,0,2023-11-25,2023,1,0,1,0,0,0,0,0,0,0,0,0,0,0,0,0,0,0,0,0,0,0,0,0,0,1,0,1,0,0,0,0.0,0.0,0.0,0.0,0.0,0.0,0.0,0.0,0.0,0.0,0.0,0.0,0.0,9.855924135604518,18705.511962606575,6725.576322382034
,9/21/23,Thu,0.8125,7:30p,Coastal Carolina,Georgia St.,671K,671.0,Georgia St.,30.0,17.0,0.0,0.0,0,0.0,0.0,0.0,0.0,0.0,0.0,0.0,0.0,0.0,0.0,0.0,0.0,,,0.0,,,6.5,,,0.0,-6.5,,,,13.0,13.0,0.0,0.0,0.0,0.0,0.0,0.0,0.0,0.0,0.0,0.0,0.0,0.0,,0.0,0.0,0.0,0.0,19.5,0,1,0,0,0,0,2023-09-21,2023,1,0,0,0,0,0,0,0,0,0,0,0,0,0,0,0,0,0,0,0,0,0,0,0,0,0,0,0,0,0,0,0.0,0.0,0.0,0.0,0.0,0.0,0.0,0.0,0.0,0.0,0.0,0.0,0.0,6.51025834052315,480.1629234175173,0.0
,9/22/23,Fri,0.791666667,7:00p,Purdue,Wisconsin,1.19M,1190.0,Wisconsin,38.0,17.0,0.0,0.0,0,0.0,1.0,0.0,0.0,0.0,0.0,0.0,0.0,0.0,0.0,0.0,0.0,,,0.0,,,6.5,,,0.0,6.5,,,,21.0,21.0,0.0,0.0,1.0,1.0,0.0,0.0,0.0,0.0,0.0,0.0,0.0,2.0,,0.0,0.0,0.0,0.0,19.0,0,0,1,0,0,0,2023-09-22,2023,1,0,0,0,0,0,0,0,0,0,0,0,0,0,0,0,0,0,0,0,0,0,0,0,0,0,0,0,0,0,0,0.0,0.0,1.0,0.0,0.0,0.0,0.0,0.0,0.0,0.0,0.0,0.0,0.0,7.0825485693553,970.952393640291,1467.4089197605397
,9/22/23,Fri,0.8125,7:30p,Virginia,North Carolina St.,1.59M,1590.0,North Carolina St.,24.0,21.0,0.0,0.0,0,0.0,0.0,0.0,0.0,0.0,0.0,0.0,0.0,0.0,0.0,0.0,0.0,,,0.0,,,7.5,,,0.0,7.5,,,,3.0,3.0,0.0,0.0,0.0,0.0,1.0,1.0,0.0,0.0,0.0,0.0,2.0,0.0,,0.0,0.0,0.0,0.0,19.5,0,0,1,0,0,0,2023-09-22,2023,1,0,0,0,0,0,0,0,0,0,0,0,0,0,0,0,0,0,0,0,0,0,0,0,0,0,0,0,0,0,0,0.0,0.0,0.0,0.0,0.0,0.0,0.0,0.0,0.0,0.0,0.0,0.0,1.0,7.372118028337787,1467.4089197605397,970.952393640291
,9/22/23,Fri,0.9375,10:30p,San Jose St.,Air Force,512K,512.0,Air Force,45.0,20.0,0.0,0.0,0,0.0,1.0,0.0,0.0,0.0,0.0,0.0,0.0,0.0,0.0,0.0,0.0,,,0.0,,,6.0,,,0.0,6.0,,,,25.0,25.0,0.0,0.0,0.0,0.0,0.0,0.0,0.0,0.0,0.0,0.0,0.0,0.0,,0.0,0.0,0.0,0.0,22.5,0,0,1,0,0,0,2023-09-22,2023,1,0,0,0,0,0,0,0,0,0,0,0,0,0,0,0,0,0,0,0,0,0,0,0,0,0,0,0,0,0,0,0.0,0.0,1.0,0.0,0.0,0.0,0.0,0.0,0.0,0.0,0.0,0.0,0.0,6.240275845170769,320.32901850533324,0.0
,9/23/23,Sat,0.5,12:00p,Troy,Western Kentucky,29K,29.0,Troy,27.0,24.0,0.0,0.0,0,0.0,0.0,0.0,0.0,0.0,0.0,0.0,1.0,0.0,0.0,0.0,0.0,,,0.0,,,3.5,,,0.0,-3.5,,,,3.0,3.0,0.0,0.0,0.0,0.0,0.0,0.0,0.0,0.0,0.0,0.0,0.0,0.0,,0.0,0.0,0.0,0.0,12.0,0,0,0,1,0,0,2023-09-23,2023,1,0,0,0,0,0,0,0,0,0,0,0,0,0,0,0,0,0,0,0,0,0,0,0,0,0,0,0,0,0,0,0.0,0.0,0.0,0.0,0.0,0.0,0.0,0.0,0.0,0.0,0.0,0.0,0.0,3.4011973816621555,37.385098434159296,11433.22886338631
,9/23/23,Sat,0.5,12:00p,TCU,SMU,269K,269.0,TCU,34.0,17.0,0.0,0.0,1,0.0,1.0,0.0,0.0,0.0,0.0,0.0,0.0,0.0,0.0,0.0,0.0,,,0.0,,,6.5,,,0.0,-6.5,,,,17.0,17.0,0.0,0.0,0.0,0.0,0.0,0.0,1.0,0.0,1.0,0.0,0.0,0.0,,0.0,0.0,0.0,0.0,12.0,0,0,0,1,0,0,2023-09-23,2023,1,0,0,0,0,0,0,0,0,0,0,0,0,0,0,0,0,0,0,0,0,0,0,0,0,0,0,0,0,0,0,0.0,0.0,0.0,0.0,0.0,0.0,0.0,0.0,0.0,0.0,0.0,0.0,0.0,5.598421958998375,306.6444561164697,11163.969505703999
,9/23/23,Sat,0.5,12:00p,Michigan,Rutgers,1.94M,1940.0,Michigan,31.0,7.0,0.0,1.0,1,0.0,0.0,0.0,0.0,0.0,0.0,0.0,0.0,0.0,0.0,1.0,0.0,,,0.0,,,24.0,,,0.0,-24.0,,,,24.0,24.0,0.0,0.0,1.0,1.0,0.0,0.0,0.0,0.0,0.0,0.0,0.0,2.0,,1.0,0.0,0.0,0.0,12.0,0,0,0,1,0,0,2023-09-23,2023,1,0,0,0,0,0,0,0,0,0,0,0,0,0,0,0,0,0,0,0,0,0,0,0,0,0,0,0,0,0,0,0.0,0.0,0.0,0.0,0.0,0.0,0.0,0.0,0.0,0.0,0.0,0.0,0.0,7.57095858316901,1067.9155511078625,10402.698410712606
,9/23/23,Sat,0.5,12:00p,Clemson,Florida St.,6.71M,6710.0,Florida St.,31.0,24.0,0.0,1.0,0,0.0,0.0,0.0,0.0,0.0,1.0,0.0,0.0,0.0,0.0,0.0,0.0,,,0.0,,,2.0,,,0.0,2.0,,,,7.0,7.0,0.0,0.0,0.0,0.0,1.0,1.0,0.0,0.0,0.0,0.0,2.0,0.0,,1.0,0.0,0.0,0.0,12.0,0,0,0,1,0,0,2023-09-23,2023,1,0,0,0,0,0,0,0,0,0,0,0,0,0,0,0,0,0,0,0,0,0,0,0,0,0,0,0,0,0,0,0.0,0.0,0.0,0.0,0.0,0.0,0.0,0.0,0.0,0.0,0.0,0.0,0.0,8.811503250158239,5107.5407636129385,6363.07319820753
,9/23/23,Sat,0.5,12:00p,Marshall,Virginia Tech,319K,319.0,Marshall,24.0,17.0,0.0,0.0,1,0.0,0.0,1.0,0.0,0.0,0.0,0.0,0.0,0.0,0.0,0.0,0.0,,,0.0,,,4.5,,,0.0,-4.5,,,,7.0,7.0,0.0,0.0,0.0,0.0,0.0,1.0,0.0,0.0,0.0,0.0,1.0,0.0,,0.0,0.0,0.0,0.0,12.0,0,0,0,1,0,0,2023-09-23,2023,1,0,0,0,0,0,0,0,0,0,0,0,0,0,0,0,0,0,0,0,0,0,0,0,0,0,0,0,0,0,0,0.0,0.0,0.0,0.0,0.0,0.0,0.0,0.0,0.0,0.0,0.0,0.0,0.0,5.768320995793772,387.3246197699771,11083.289342050492
,9/23/23,Sat,0.5,12:00p,Texas A&M,Auburn,2.18M,2180.0,Texas A&M,27.0,10.0,0.0,0.0,0,0.0,0.0,0.0,0.0,0.0,0.0,0.0,0.0,0.0,0.0,0.0,0.0,,,0.0,,,8.5,,,0.0,-8.5,,,,17.0,17.0,1.0,1.0,0.0,0.0,0.0,0.0,0.0,0.0,0.0,2.0,0.0,0.0,,0.0,0.0,0.0,0.0,12.0,0,0,0,1,0,0,2023-09-23,2023,1,0,0,0,0,0,0,0,0,0,0,0,0,0,0,0,0,0,0,0,0,0,0,0,0,0,0,0,0,0,0,0.0,0.0,0.0,0.0,0.0,0.0,0.0,0.0,0.0,0.0,0.0,0.0,0.0,7.687538766201629,2247.9182669188144,9222.695694901655
,9/23/23,Sat,0.5,12:00p,Cincinnati,Oklahoma,2.17M,2170.0,Oklahoma,20.0,6.0,1.0,0.0,0,1.0,0.0,0.0,0.0,0.0,0.0,0.0,0.0,0.0,0.0,0.0,0.0,,,0.0,,,14.0,,,0.0,14.0,,,,14.0,14.0,0.0,0.0,0.0,0.0,0.0,0.0,1.0,1.0,2.0,0.0,0.0,0.0,,0.0,0.0,0.0,1.0,12.0,0,0,0,1,0,0,2023-09-23,2023,1,0,0,0,0,0,0,0,0,0,0,0,0,0,0,0,0,0,0,0,0,0,0,0,0,0,0,0,0,0,0,0.0,0.0,0.0,0.0,0.0,0.0,0.0,0.0,0.0,0.0,0.0,0.0,0.0,7.682943169878292,2315.8852058602474,9154.728755960221
,9/23/23,Sat,0.645833333,3:30p,Michigan St.,Maryland,1.24M,1240.0,Maryland,31.0,9.0,0.0,0.0,0,0.0,0.0,0.0,1.0,0.0,0.0,0.0,0.0,0.0,0.0,0.0,0.0,,,0.0,,,7.5,,,0.0,7.5,,,,22.0,22.0,0.0,0.0,1.0,1.0,0.0,0.0,0.0,0.0,0.0,0.0,0.0,2.0,,0.0,0.0,0.0,0.0,15.5,0,0,0,0,1,0,2023-09-23,2023,1,0,0,0,0,0,0,0,0,0,0,0,0,0,0,0,0,0,0,0,0,0,0,0,0,0,0,0,0,0,0,0.0,0.0,0.0,0.0,0.0,0.0,0.0,0.0,0.0,0.0,0.0,0.0,0.0,7.123672785204607,1511.2509503047295,17915.33310003166
,9/23/23,Sat,0.645833333,3:30p,Temple,Miami,353K,353.0,Miami,41.0,7.0,1.0,0.0,1,0.0,0.0,1.0,0.0,0.0,0.0,0.0,0.0,0.0,0.0,0.0,0.0,,,0.0,,,23.5,,,0.0,23.5,,,,34.0,34.0,0.0,0.0,0.0,0.0,0.0,1.0,0.0,0.0,0.0,0.0,1.0,0.0,,0.0,0.0,0.0,1.0,15.5,0,0,0,0,1,0,2023-09-23,2023,1,0,0,0,0,0,0,0,0,0,0,0,0,0,0,0,0,0,0,0,0,0,0,0,0,0,0,0,0,0,0,0.0,0.0,0.0,0.0,0.0,0.0,0.0,0.0,0.0,0.0,0.0,0.0,0.0,5.869296913133774,453.1827266491765,18973.401323687216
,9/23/23,Sat,0.645833333,3:30p,Kansas,BYU,1.03M,1030.0,Kansas,38.0,27.0,0.0,0.0,0,0.0,0.0,0.0,0.0,0.0,0.0,0.0,0.0,0.0,0.0,0.0,0.0,,,0.0,,,9.5,,,0.0,-9.5,,,,11.0,11.0,0.0,0.0,0.0,0.0,0.0,0.0,1.0,1.0,2.0,0.0,0.0,0.0,,0.0,0.0,0.0,0.0,15.5,0,0,0,0,1,0,2023-09-23,2023,1,0,0,0,0,0,0,0,0,0,0,0,0,0,0,0,0,0,0,0,0,0,0,0,0,0,0,0,0,0,0,0.0,0.0,0.0,0.0,0.0,0.0,0.0,0.0,0.0,0.0,0.0,0.0,0.0,6.93828448401696,1136.081845465461,18290.502204870932
,9/23/23,Sat,0.645833333,3:30p,Oregon,Colorado,10.03M,10030.0,Oregon,42.0,6.0,1.0,1.0,0,0.0,0.0,0.0,0.0,0.0,1.0,0.0,0.0,0.0,0.0,0.0,0.0,,,0.0,,,21.0,,,0.0,-21.0,,,,36.0,36.0,0.0,0.0,0.0,0.0,0.0,0.0,0.0,0.0,0.0,0.0,0.0,0.0,,0.0,1.0,0.0,1.0,15.5,0,0,0,0,1,0,2023-09-23,2023,1,1,0,0,0,0,0,0,0,0,0,0,0,0,0,0,0,0,0,0,0,0,0,0,0,1,0,0,0,0,0,0.0,0.0,0.0,0.0,0.0,0.0,0.0,0.0,0.0,0.0,0.0,0.0,0.0,9.213435576883485,8464.492663971076,10962.091386365317
,9/23/23,Sat,0.645833333,3:30p,Alabama,Mississippi,4.61M,4610.0,Alabama,24.0,10.0,2.0,0.0,0,0.0,0.0,0.0,0.0,1.0,0.0,0.0,0.0,0.0,0.0,0.0,0.0,,,0.0,,,7.0,,,0.0,-7.0,,,,14.0,14.0,1.0,1.0,0.0,0.0,0.0,0.0,0.0,0.0,0.0,2.0,0.0,0.0,,0.0,0.0,2.0,0.0,15.5,0,0,0,0,1,0,2023-09-23,2023,1,0,0,0,0,0,0,0,0,0,0,0,0,0,0,0,0,0,0,0,0,0,0,0,0,1,1,0,0,0,0,0.0,0.0,0.0,0.0,0.0,0.0,0.0,0.0,0.0,0.0,0.0,0.0,0.0,8.436200032206706,5253.082402378667,14173.501647957724
,9/23/23,Sat,0.645833333,3:30p,Utah,UCLA,1.32M,1320.0,Utah,14.0,7.0,2.0,0.0,0,1.0,0.0,0.0,0.0,0.0,0.0,0.0,0.0,0.0,0.0,0.0,0.0,,,0.0,,,5.5,,,0.0,-5.5,,,,7.0,7.0,0.0,0.0,0.0,0.0,0.0,0.0,0.0,0.0,0.0,0.0,0.0,0.0,,0.0,0.0,1.0,1.0,15.5,0,0,0,0,1,0,2023-09-23,2023,1,0,0,0,0,0,0,0,0,0,0,0,0,0,0,0,0,0,0,0,0,0,0,0,0,1,0,0,0,0,0,0.0,0.0,0.0,0.0,0.0,0.0,0.0,0.0,0.0,0.0,0.0,0.0,0.0,7.186144304522325,2049.534424207976,17377.049626128413
,9/23/23,Sat,0.666666667,4:00p,Iowa St.,Oklahoma St.,444K,444.0,Iowa St.,34.0,27.0,0.0,0.0,1,0.0,1.0,0.0,0.0,0.0,0.0,0.0,0.0,0.0,0.0,0.0,0.0,,,0.0,,,3.5,,,0.0,-3.5,,,,7.0,7.0,0.0,0.0,0.0,0.0,0.0,0.0,1.0,1.0,2.0,0.0,0.0,0.0,,0.0,0.0,0.0,0.0,16.0,0,0,0,0,1,0,2023-09-23,2023,1,0,0,0,0,0,0,0,0,0,0,0,0,0,0,0,0,0,0,0,0,0,0,0,0,0,0,0,0,0,0,0.0,0.0,0.0,0.0,0.0,0.0,0.0,0.0,0.0,0.0,0.0,0.0,0.0,6.09807428216624,513.725922061197,18912.858128275195
,9/23/23,Sat,0.666666667,4:00p,South Florida,Rice,51K,51.0,South Florida,42.0,29.0,0.0,0.0,0,0.0,0.0,0.0,0.0,0.0,0.0,0.0,1.0,0.0,0.0,0.0,0.0,,,0.0,,,2.5,,,0.0,2.5,,,,13.0,13.0,0.0,0.0,0.0,0.0,0.0,0.0,0.0,0.0,0.0,0.0,0.0,0.0,,0.0,0.0,0.0,0.0,16.0,0,0,0,0,1,0,2023-09-23,2023,1,0,0,0,0,0,0,0,0,0,0,0,0,0,0,0,0,0,0,0,0,0,0,0,0,0,0,0,0,0,0,0.0,0.0,0.0,0.0,0.0,0.0,0.0,0.0,0.0,0.0,0.0,0.0,0.0,3.9512437185814275,45.23311529810971,19381.35093503828
,9/23/23,Sat,0.770833333,6:30p,Wake Forest,Georgia Tech,332K,332.0,Georgia Tech,30.0,16.0,0.0,0.0,3,0.0,0.0,0.0,0.0,0.0,0.0,1.0,0.0,0.0,0.0,0.0,0.0,,,0.0,,,4.0,,,0.0,-4.0,,,,14.0,14.0,0.0,0.0,0.0,0.0,1.0,1.0,0.0,0.0,0.0,0.0,2.0,0.0,,0.0,0.0,0.0,0.0,18.5,0,0,0,0,0,0,2023-09-23,2023,1,0,0,0,0,0,0,0,0,0,0,0,0,0,0,0,0,0,0,0,0,0,0,0,0,0,0,0,0,0,0,0.0,0.0,0.0,0.0,0.0,0.0,0.0,0.0,0.0,0.0,0.0,0.0,0.0,5.808142489980444,374.3303641009519,24100.54281666647
,9/23/23,Sat,0.791666667,7:00p,LSU,Arkansas,2.44M,2440.0,LSU,34.0,31.0,1.0,0.0,2,0.0,0.0,0.0,0.0,0.0,0.0,0.0,0.0,0.0,0.0,0.0,0.0,,,0.0,,,17.5,,,0.0,-17.5,,,,3.0,3.0,1.0,1.0,0.0,0.0,0.0,0.0,0.0,0.0,0.0,2.0,0.0,0.0,,0.0,0.0,1.0,0.0,19.0,0,0,0,0,0,0,2023-09-23,2023,1,0,0,0,0,0,0,0,0,0,0,0,0,0,0,0,0,0,0,0,0,0,0,0,0,0,0,0,0,0,0,0.0,0.0,0.0,0.0,0.0,0.0,0.0,0.0,0.0,0.0,0.0,0.0,0.0,7.80016307039296,2554.1515570914744,22368.74517044135
,9/23/23,Sat,0.791666667,7:00p,Washington St.,Oregon St.,1.48M,1480.0,Washington St.,38.0,35.0,2.0,0.0,2,1.0,0.0,0.0,0.0,0.0,0.0,0.0,0.0,0.0,0.0,0.0,0.0,,,0.0,,,3.0,,,0.0,3.0,,,,3.0,3.0,0.0,0.0,0.0,0.0,0.0,0.0,0.0,0.0,0.0,0.0,0.0,0.0,,0.0,0.0,1.0,1.0,19.0,0,0,0,0,0,0,2023-09-23,2023,1,0,0,0,0,0,0,0,0,0,0,0,0,0,0,0,0,0,0,0,0,0,0,0,0,1,0,0,0,0,0,0.0,0.0,0.0,0.0,0.0,0.0,0.0,0.0,0.0,0.0,0.0,0.0,0.0,7.300472814267799,1967.108331934989,22955.788395597836
,9/23/23,Sat,0.8125,7:30p,Baylor,Texas,2.63M,2630.0,Texas,38.0,6.0,0.0,1.0,2,0.0,0.0,0.0,0.0,0.0,1.0,0.0,0.0,0.0,0.0,0.0,0.0,,,0.0,,,14.5,,,0.0,14.5,,,,32.0,32.0,0.0,0.0,0.0,0.0,0.0,0.0,1.0,1.0,2.0,0.0,0.0,0.0,,1.0,0.0,0.0,0.0,19.5,0,0,0,0,0,0,2023-09-23,2023,1,0,0,0,0,0,0,0,0,0,0,0,0,0,0,0,0,0,0,0,0,0,0,0,0,0,0,0,0,0,0,0.0,0.0,0.0,0.0,0.0,0.0,0.0,0.0,0.0,0.0,0.0,0.0,0.0,7.875119281040293,3550.039913213289,21372.856814319537
,9/23/23,Sat,0.8125,7:30p,Notre Dame,Ohio St.,9.98M,9980.0,Ohio St.,17.0,14.0,0.0,2.0,2,0.0,0.0,0.0,1.0,0.0,0.0,0.0,0.0,0.0,0.0,0.0,0.0,,,0.0,,,3.5,,,0.0,3.5,,,,3.0,3.0,0.0,0.0,0.0,1.0,0.0,0.0,0.0,0.0,0.0,0.0,0.0,1.0,,0.0,2.0,0.0,0.0,19.5,0,0,0,0,0,0,2023-09-23,2023,1,0,0,0,0,0,0,0,0,0,0,0,0,0,0,0,0,0,0,0,0,0,0,0,0,1,0,0,0,0,0,0.0,0.0,0.0,0.0,0.0,0.0,0.0,0.0,0.0,0.0,0.0,0.0,0.0,9.208438564686587,9481.107780344113,15441.788947188712
,9/23/23,Sat,0.8125,7:30p,Penn St.,Iowa,2.75M,2750.0,Penn St.,31.0,0.0,1.0,1.0,2,0.0,0.0,0.0,0.0,1.0,0.0,0.0,0.0,0.0,0.0,0.0,0.0,,,0.0,,,14.5,,,0.0,-14.5,,,,31.0,31.0,0.0,0.0,1.0,1.0,0.0,0.0,0.0,0.0,0.0,0.0,0.0,2.0,,0.0,1.0,0.0,1.0,19.5,0,0,0,0,0,0,2023-09-23,2023,1,0,0,0,0,0,0,0,0,0,0,0,0,0,0,0,0,0,0,0,0,0,0,0,0,1,0,1,0,0,0,0.0,0.0,0.0,0.0,0.0,0.0,0.0,0.0,0.0,0.0,0.0,0.0,0.0,7.919719760924575,5591.49222135497,19331.404506177856
,9/23/23,Sat,0.8125,7:30p,Georgia,UAB,1.08M,1080.0,Georgia,49.0,21.0,0.0,1.0,3,0.0,0.0,1.0,0.0,0.0,0.0,0.0,0.0,0.0,0.0,0.0,0.0,,,0.0,,,41.5,,,0.0,-41.5,,,,28.0,28.0,1.0,0.0,0.0,0.0,0.0,0.0,0.0,0.0,0.0,1.0,0.0,0.0,,1.0,0.0,0.0,0.0,19.5,0,0,0,0,0,0,2023-09-23,2023,1,0,0,0,0,0,0,0,0,0,0,0,0,0,0,0,0,0,0,0,0,0,0,0,0,0,0,0,0,0,0,0.0,0.0,0.0,0.0,0.0,0.0,0.0,0.0,0.0,0.0,0.0,0.0,0.0,6.985641817639208,841.909900433465,24080.98682709936
,9/23/23,Sat,0.8125,7:30p,Missouri,Memphis,181K,181.0,Missouri,34.0,27.0,0.0,0.0,2,0.0,0.0,0.0,0.0,0.0,0.0,0.0,1.0,0.0,0.0,0.0,0.0,,,0.0,,,6.5,,,0.0,-6.5,,,,7.0,7.0,1.0,0.0,0.0,0.0,0.0,0.0,0.0,0.0,0.0,1.0,0.0,0.0,,0.0,0.0,0.0,0.0,19.5,0,0,0,0,0,0,2023-09-23,2023,1,0,0,0,0,0,0,0,0,0,0,0,0,0,0,0,0,0,0,0,0,0,0,0,0,0,0,0,0,0,0,0.0,0.0,0.0,0.0,0.0,0.0,0.0,0.0,0.0,0.0,0.0,0.0,0.0,5.204006687076795,114.7331122941709,24808.163615238656
,9/23/23,Sat,0.833333333,8:00p,Kansas St.,UCF,531K,531.0,Kansas St.,44.0,31.0,0.0,0.0,3,0.0,1.0,0.0,0.0,0.0,0.0,0.0,0.0,0.0,0.0,0.0,0.0,,,0.0,,,3.5,,,0.0,-3.5,,,,13.0,13.0,0.0,0.0,0.0,0.0,0.0,0.0,1.0,1.0,2.0,0.0,0.0,0.0,,0.0,0.0,0.0,0.0,20.0,0,0,0,0,0,0,2023-09-23,2023,1,0,0,0,0,0,0,0,0,0,0,0,0,0,0,0,0,0,0,0,0,0,0,0,0,0,0,0,0,0,0,0.0,0.0,0.0,0.0,0.0,0.0,0.0,0.0,0.0,0.0,0.0,0.0,0.0,6.2766434893416445,448.0235467654016,24100.54281666647
,9/23/23,Sat,0.9375,10:30p,Washington,California,1.16M,1160.0,Washington,59.0,32.0,0.0,1.0,1,0.0,0.0,0.0,0.0,0.0,0.0,0.0,0.0,0.0,0.0,0.0,0.0,,,0.0,,,20.5,,,0.0,-20.5,,,,27.0,27.0,0.0,0.0,0.0,0.0,0.0,0.0,0.0,0.0,0.0,0.0,0.0,0.0,,0.0,1.0,0.0,0.0,22.5,0,0,0,0,0,1,2023-09-23,2023,1,0,0,0,0,0,0,0,0,0,0,0,0,0,0,0,0,0,0,0,0,0,0,0,0,0,0,0,0,0,0,0.0,0.0,0.0,0.0,0.0,0.0,0.0,0.0,0.0,0.0,0.0,0.0,0.0,7.057036981697891,1615.9102943392659,2631.4797628303186
,9/23/23,Sat,0.9375,10:30p,Arizona St.,USC,2.63M,2630.0,USC,42.0,28.0,0.0,1.0,1,1.0,0.0,0.0,0.0,0.0,0.0,0.0,0.0,0.0,0.0,0.0,0.0,,,0.0,,,34.5,,,0.0,34.5,,,,14.0,14.0,0.0,0.0,0.0,0.0,0.0,0.0,0.0,0.0,0.0,0.0,0.0,0.0,,1.0,0.0,0.0,0.0,22.5,0,0,0,0,0,1,2023-09-23,2023,1,0,0,0,0,0,0,0,0,0,0,0,0,0,0,0,0,0,0,0,0,0,0,0,0,0,0,0,0,0,0,0.0,0.0,0.0,0.0,0.0,0.0,0.0,0.0,0.0,0.0,0.0,0.0,0.0,7.875119281040293,2631.4797628303186,1615.9102943392659
,9/28/23,Thu,0.8125,7:30p,Tulsa,Temple,567K,567.0,Tulsa,48.0,26.0,0.0,0.0,0,0.0,0.0,0.0,0.0,0.0,0.0,0.0,0.0,0.0,0.0,0.0,0.0,,,0.0,,,3.0,,,0.0,-3.0,,,,22.0,22.0,0.0,0.0,0.0,0.0,0.0,0.0,0.0,0.0,0.0,0.0,0.0,0.0,,0.0,0.0,0.0,0.0,19.5,0,1,0,0,0,0,2023-09-28,2023,1,0,0,0,0,0,0,0,0,0,0,0,0,0,0,0,0,0,0,0,0,0,0,0,0,0,0,0,0,0,0,0.0,0.0,0.0,0.0,0.0,0.0,0.0,0.0,0.0,0.0,0.0,0.0,0.0,6.342121418721152,519.6268358799556,82.14041176452298
,9/28/23,Thu,0.833333333,8:00p,Sam Houston,Jacksonville St.,74K,74.0,Jacksonville St.,35.0,28.0,0.0,0.0,0,0.0,0.0,0.0,0.0,0.0,0.0,0.0,1.0,0.0,0.0,0.0,0.0,,,0.0,,,6.5,,,0.0,6.5,,,,7.0,7.0,0.0,0.0,0.0,0.0,0.0,0.0,0.0,0.0,0.0,0.0,0.0,0.0,,0.0,0.0,0.0,0.0,20.0,0,1,0,0,0,0,2023-09-28,2023,1,0,0,0,0,0,0,0,0,0,0,0,0,0,0,0,0,0,0,0,0,0,0,0,0,0,0,0,0,0,0,0.0,0.0,0.0,0.0,0.0,0.0,0.0,0.0,0.0,0.0,0.0,0.0,0.0,4.31748811353631,82.14041176452298,519.6268358799556
,9/29/23,Fri,0.791666667,7:00p,North Carolina St.,Louisville,1.89M,1890.0,Louisville,13.0,10.0,0.0,0.0,0,0.0,0.0,0.0,0.0,0.0,0.0,0.0,0.0,0.0,0.0,0.0,0.0,,,0.0,,,3.5,,,0.0,3.5,,,,3.0,3.0,0.0,0.0,0.0,0.0,1.0,1.0,0.0,0.0,0.0,0.0,2.0,0.0,,0.0,0.0,0.0,0.0,19.0,0,0,1,0,0,0,2023-09-29,2023,1,0,0,0,0,0,0,0,0,0,0,0,0,0,0,0,0,0,0,0,0,0,0,0,0,0,0,0,0,0,0,0.0,0.0,0.0,0.0,0.0,0.0,0.0,0.0,0.0,0.0,0.0,0.0,1.0,7.544861068658458,1467.6095495099344,0.0
,9/29/23,Fri,0.875,9:00p,Oregon St.,Utah,1.28M,1280.0,Oregon St.,21.0,7.0,1.0,1.0,0,0.0,1.0,0.0,0.0,0.0,0.0,0.0,0.0,0.0,0.0,0.0,0.0,,,0.0,,,3.5,,,0.0,-3.5,,,,14.0,14.0,0.0,0.0,0.0,0.0,0.0,0.0,0.0,0.0,0.0,0.0,0.0,0.0,,0.0,1.0,0.0,1.0,21.0,0,0,1,0,0,0,2023-09-29,2023,1,0,0,0,0,0,0,0,0,0,0,0,0,0,0,0,0,0,0,0,0,0,0,0,0,1,0,0,0,0,0,0.0,0.0,1.0,0.0,0.0,0.0,0.0,0.0,0.0,0.0,0.0,0.0,0.0,7.155396301896734,1056.1239083997932,0.0
,9/29/23,Fri,0.9375,10:30p,BYU,Cincinnati,1.23M,1230.0,BYU,35.0,27.0,0.0,0.0,0,0.0,0.0,0.0,0.0,0.0,0.0,0.0,0.0,0.0,0.0,0.0,0.0,,,0.0,,,2.0,,,0.0,2.0,,,,8.0,8.0,0.0,0.0,0.0,0.0,0.0,0.0,1.0,1.0,2.0,0.0,0.0,0.0,,0.0,0.0,0.0,0.0,22.5,0,0,1,0,0,0,2023-09-29,2023,1,0,0,0,0,0,0,0,0,0,0,0,0,0,0,0,0,0,0,0,0,0,0,0,0,0,0,0,0,0,0,0.0,0.0,0.0,0.0,0.0,0.0,0.0,0.0,0.0,0.0,0.0,0.0,1.0,7.115582126184454,1408.8425951816052,0.0
,9/30/23,Sat,0.5,12:00p,Kentucky,Florida,2.32M,2320.0,Kentucky,33.0,14.0,1.0,0.0,0,0.0,0.0,0.0,0.0,0.0,0.0,0.0,0.0,0.0,0.0,0.0,0.0,,,0.0,,,1.5,,,0.0,-1.5,,,,19.0,19.0,1.0,1.0,0.0,0.0,0.0,0.0,0.0,0.0,0.0,2.0,0.0,0.0,,0.0,0.0,0.0,1.0,12.0,0,0,0,1,0,0,2023-09-30,2023,1,0,0,0,0,0,0,0,0,0,0,0,0,0,0,0,0,0,0,0,0,0,0,0,0,0,0,0,0,0,0,0.0,0.0,0.0,0.0,0.0,0.0,0.0,0.0,0.0,0.0,0.0,0.0,0.0,7.749753406274437,2941.7522596810154,8377.35885954889
,9/30/23,Sat,0.5,12:00p,James Madison,South Alabama,30K,30.0,James Madison,31.0,23.0,0.0,0.0,0,0.0,0.0,0.0,0.0,0.0,0.0,0.0,1.0,0.0,0.0,0.0,0.0,,,0.0,,,3.0,,,0.0,-3.0,,,,8.0,8.0,0.0,0.0,0.0,0.0,0.0,0.0,0.0,0.0,0.0,0.0,0.0,0.0,,0.0,0.0,0.0,0.0,12.0,0,0,0,1,0,0,2023-09-30,2023,1,0,0,0,0,0,0,0,0,0,0,0,0,0,0,0,0,0,0,0,0,0,0,0,0,0,0,0,0,0,0,0.0,0.0,0.0,0.0,0.0,0.0,0.0,0.0,0.0,0.0,0.0,0.0,0.0,3.4339872044851463,63.80461002533959,11255.306509204565
,9/30/23,Sat,0.5,12:00p,Tulane,UAB,181K,181.0,Tulane,35.0,23.0,0.0,0.0,1,0.0,0.0,1.0,0.0,0.0,0.0,0.0,0.0,0.0,0.0,0.0,0.0,,,0.0,,,21.5,,,0.0,-21.5,,,,12.0,12.0,0.0,0.0,0.0,0.0,0.0,0.0,0.0,0.0,0.0,0.0,0.0,0.0,,0.0,0.0,0.0,0.0,12.0,0,0,0,1,0,0,2023-09-30,2023,1,0,0,0,0,0,0,0,0,0,0,0,0,0,0,0,0,0,0,0,0,0,0,0,0,0,0,0,0,0,0,0.0,0.0,0.0,0.0,0.0,0.0,0.0,0.0,0.0,0.0,0.0,0.0,0.0,5.204006687076795,200.58539273212466,11118.52572649778
,9/30/23,Sat,0.5,12:00p,Syracuse,Clemson,1.98M,1980.0,Clemson,31.0,14.0,0.0,0.0,0,0.0,0.0,0.0,0.0,0.0,1.0,0.0,0.0,0.0,0.0,0.0,0.0,,,0.0,,,6.5,,,0.0,6.5,,,,17.0,17.0,0.0,0.0,0.0,0.0,1.0,1.0,0.0,0.0,0.0,0.0,2.0,0.0,,0.0,0.0,0.0,0.0,12.0,0,0,0,1,0,0,2023-09-30,2023,1,0,0,0,0,0,0,0,0,0,0,0,0,0,0,0,0,0,0,0,0,0,0,0,0,0,0,0,0,0,0,0.0,0.0,0.0,0.0,0.0,0.0,0.0,0.0,0.0,0.0,0.0,0.0,0.0,7.591357046698551,2092.9541864292923,9226.156932800614
,9/30/23,Sat,0.5,12:00p,Colorado,USC,7.24M,7240.0,USC,48.0,41.0,0.0,1.0,0,1.0,0.0,0.0,0.0,0.0,0.0,0.0,0.0,0.0,0.0,0.0,0.0,,,0.0,,,21.5,,,0.0,21.5,,,,7.0,7.0,0.0,0.0,0.0,0.0,0.0,0.0,0.0,0.0,0.0,0.0,0.0,0.0,,0.0,1.0,0.0,0.0,12.0,0,0,0,1,0,0,2023-09-30,2023,1,1,0,0,0,0,0,0,0,0,0,0,0,0,0,0,0,0,0,0,0,0,0,0,0,0,0,0,0,0,0,0.0,0.0,0.0,0.0,0.0,0.0,0.0,0.0,0.0,0.0,0.0,0.0,0.0,8.88751459738882,6020.014670362134,5299.096448867772
,9/30/23,Sat,0.583333333,2:00p,Boston College,Virginia,367K,367.0,Boston College,27.0,24.0,0.0,0.0,0,0.0,0.0,0.0,0.0,0.0,0.0,1.0,0.0,0.0,0.0,0.0,0.0,,,0.0,,,3.5,,,0.0,-3.5,,,,3.0,3.0,0.0,0.0,0.0,0.0,1.0,1.0,0.0,0.0,0.0,0.0,2.0,0.0,,0.0,0.0,0.0,0.0,14.0,0,0,0,0,0,0,2023-09-30,2023,1,0,0,0,0,0,0,0,0,0,0,0,0,0,0,0,0,0,0,0,0,0,0,0,0,0,0,0,0,0,0,0.0,0.0,0.0,0.0,0.0,0.0,0.0,0.0,0.0,0.0,0.0,0.0,0.0,5.908082938168931,373.9640616466325,0.0
,9/30/23,Sat,0.645833333,3:30p,UCF,Baylor,340K,340.0,Baylor,36.0,35.0,0.0,0.0,3,0.0,1.0,0.0,0.0,0.0,0.0,0.0,0.0,0.0,0.0,0.0,0.0,,,0.0,,,12.5,,,0.0,-12.5,,,,1.0,1.0,0.0,0.0,0.0,0.0,0.0,0.0,1.0,1.0,2.0,0.0,0.0,0.0,,0.0,0.0,0.0,0.0,15.5,0,0,0,0,1,0,2023-09-30,2023,1,0,0,0,0,0,0,0,0,0,0,0,0,0,0,0,0,0,0,0,0,0,0,0,0,0,0,0,0,0,0,0.0,0.0,0.0,0.0,0.0,0.0,0.0,0.0,0.0,0.0,0.0,0.0,0.0,5.831882477283517,363.2661850479591,20094.39392381481
,9/30/23,Sat,0.645833333,3:30p,Texas Tech,Houston,188K,188.0,Texas Tech,49.0,28.0,0.0,0.0,3,0.0,0.0,0.0,0.0,0.0,0.0,0.0,0.0,1.0,0.0,0.0,0.0,,,0.0,,,8.5,,,0.0,-8.5,,,,21.0,21.0,0.0,0.0,0.0,0.0,0.0,0.0,1.0,1.0,2.0,0.0,0.0,0.0,,0.0,0.0,0.0,0.0,15.5,0,0,0,0,1,0,2023-09-30,2023,1,0,0,0,0,0,0,0,0,0,0,0,0,0,0,0,0,0,0,0,0,0,0,0,0,0,0,0,0,0,0,0.0,0.0,0.0,0.0,0.0,0.0,0.0,0.0,0.0,0.0,0.0,0.0,0.0,5.241747015059643,189.97862789479166,20267.681480967978
,9/30/23,Sat,0.645833333,3:30p,Auburn,Georgia,6.4M,6400.0,Georgia,27.0,20.0,0.0,1.0,2,0.0,0.0,0.0,0.0,1.0,0.0,0.0,0.0,0.0,0.0,0.0,0.0,,,0.0,,,14.0,,,0.0,14.0,,,,7.0,7.0,1.0,1.0,0.0,0.0,0.0,0.0,0.0,0.0,0.0,2.0,0.0,0.0,,1.0,0.0,0.0,0.0,15.5,0,0,0,0,1,0,2023-09-30,2023,1,0,0,0,0,0,0,0,0,0,0,0,0,0,0,0,0,0,0,0,0,0,0,0,0,0,0,0,0,0,0,0.0,0.0,0.0,0.0,0.0,0.0,0.0,0.0,0.0,0.0,0.0,0.0,0.0,8.764209507142004,5566.777337014754,14890.882771848013
,9/30/23,Sat,0.645833333,3:30p,Texas,Kansas,3.32M,3320.0,Texas,40.0,14.0,1.0,1.0,2,0.0,0.0,0.0,0.0,0.0,1.0,0.0,0.0,0.0,0.0,0.0,0.0,,,0.0,,,16.5,,,0.0,-16.5,,,,26.0,26.0,0.0,0.0,0.0,0.0,0.0,0.0,1.0,1.0,2.0,0.0,0.0,0.0,,1.0,0.0,0.0,1.0,15.5,0,0,0,0,1,0,2023-09-30,2023,1,0,0,0,0,0,0,0,0,0,0,0,0,0,0,0,0,0,0,0,0,0,0,0,0,1,0,0,0,1,0,0.0,0.0,0.0,0.0,0.0,0.0,0.0,0.0,0.0,0.0,0.0,0.0,0.0,8.108021221376747,6048.058927849823,14409.601181012946
,9/30/23,Sat,0.645833333,3:30p,Nebraska,Michigan,4.48M,4480.0,Michigan,45.0,7.0,0.0,1.0,2,1.0,0.0,0.0,0.0,0.0,0.0,0.0,0.0,0.0,0.0,0.0,0.0,,,0.0,,,17.0,,,0.0,17.0,,,,38.0,38.0,0.0,0.0,1.0,1.0,0.0,0.0,0.0,0.0,0.0,0.0,0.0,2.0,,1.0,0.0,0.0,0.0,15.5,0,0,0,0,1,0,2023-09-30,2023,1,0,0,0,0,0,0,0,0,0,0,0,0,0,0,0,0,0,0,0,0,0,0,0,0,0,0,0,0,0,0,0.0,0.0,0.0,0.0,0.0,0.0,0.0,0.0,0.0,0.0,0.0,0.0,0.0,8.407601514786142,7862.425299291066,12595.234809571702
,9/30/23,Sat,0.645833333,3:30p,Toledo,Northern Illinois,37K,37.0,Toledo,35.0,33.0,0.0,0.0,2,0.0,0.0,0.0,0.0,0.0,0.0,0.0,1.0,0.0,0.0,0.0,0.0,,,0.0,,,13.0,,,0.0,-13.0,,,,2.0,2.0,0.0,0.0,0.0,0.0,0.0,0.0,0.0,0.0,0.0,0.0,0.0,0.0,,0.0,0.0,0.0,0.0,15.5,0,0,0,0,1,0,2023-09-30,2023,1,0,0,0,0,0,0,0,0,0,0,0,0,0,0,0,0,0,0,0,0,0,0,0,0,0,0,0,0,0,0,0.0,0.0,0.0,0.0,0.0,0.0,0.0,0.0,0.0,0.0,0.0,0.0,0.0,3.6375861597263857,61.19242291877066,20396.467685943997
,9/30/23,Sat,0.666666667,4:00p,Memphis,Boise St.,319K,319.0,Memphis,35.0,32.0,0.0,0.0,3,0.0,0.0,1.0,0.0,0.0,0.0,0.0,0.0,0.0,0.0,0.0,0.0,,,0.0,,,3.5,,,0.0,-3.5,,,,3.0,3.0,0.0,0.0,0.0,0.0,0.0,0.0,0.0,0.0,0.0,0.0,0.0,0.0,,0.0,0.0,0.0,0.0,16.0,0,0,0,0,1,0,2023-09-30,2023,1,0,0,0,0,0,0,0,0,0,0,0,0,0,0,0,0,0,0,0,0,0,0,0,0,0,0,0,0,0,0,0.0,0.0,0.0,0.0,0.0,0.0,0.0,0.0,0.0,0.0,0.0,0.0,0.0,5.768320995793772,365.9613088456039,20091.698800017166
,9/30/23,Sat,0.75,6:00p,Mississippi,LSU,3.72M,3720.0,Mississippi,55.0,49.0,2.0,0.0,0,0.0,0.0,0.0,0.0,0.0,0.0,0.0,0.0,0.0,0.0,0.0,0.0,,,0.0,,,2.5,,,0.0,2.5,,,,6.0,6.0,1.0,1.0,0.0,0.0,0.0,0.0,0.0,0.0,0.0,2.0,0.0,0.0,,0.0,0.0,1.0,1.0,18.0,0,0,0,0,1,0,2023-09-30,2023,1,0,0,0,0,0,0,0,0,0,0,0,0,0,0,0,0,0,0,0,0,0,0,0,0,1,1,0,0,0,0,0.0,0.0,0.0,0.0,0.0,0.0,0.0,0.0,0.0,0.0,0.0,0.0,0.0,8.221747728346623,3036.8503863233836,984.1840359456933
,9/30/23,Sat,0.791666667,7:00p,Oklahoma,Iowa St.,808K,808.0,Oklahoma,50.0,20.0,1.0,0.0,0,0.0,1.0,0.0,0.0,0.0,0.0,0.0,0.0,0.0,0.0,0.0,0.0,,,0.0,,,20.0,,,0.0,-20.0,,,,30.0,30.0,0.0,0.0,0.0,0.0,0.0,0.0,1.0,1.0,2.0,0.0,0.0,0.0,,0.0,0.0,1.0,0.0,19.0,0,0,0,0,0,0,2023-09-30,2023,1,0,0,0,0,0,0,0,0,0,0,0,0,0,0,0,0,0,0,0,0,0,0,0,0,0,0,0,0,0,0,0.0,0.0,0.0,0.0,0.0,0.0,0.0,0.0,0.0,0.0,0.0,0.0,0.0,6.695798917058491,984.1840359456933,9694.261159698517
,9/30/23,Sat,0.8125,7:30p,SMU,Charlotte,18K,18.0,SMU,34.0,16.0,0.0,0.0,0,0.0,0.0,0.0,0.0,0.0,0.0,0.0,1.0,0.0,0.0,0.0,0.0,,,0.0,,,23.5,,,0.0,-23.5,,,,18.0,18.0,0.0,0.0,0.0,0.0,0.0,0.0,0.0,0.0,0.0,0.0,0.0,0.0,,0.0,0.0,0.0,0.0,19.5,0,0,0,0,0,0,2023-09-30,2023,1,0,0,0,0,0,0,0,0,0,0,0,0,0,0,0,0,0,0,0,0,0,0,0,0,0,0,0,0,0,0,0.0,0.0,0.0,0.0,0.0,0.0,0.0,0.0,0.0,0.0,0.0,0.0,0.0,2.9444389791664403,46.776320205141445,7594.818489115686
,9/30/23,Sat,0.8125,7:30p,Iowa,Michigan St.,2.17M,2170.0,Iowa,26.0,16.0,0.0,0.0,0,0.0,0.0,0.0,1.0,0.0,0.0,0.0,0.0,0.0,0.0,0.0,0.0,,,0.0,,,12.5,,,0.0,-12.5,,,,10.0,10.0,0.0,0.0,1.0,1.0,0.0,0.0,0.0,0.0,0.0,0.0,0.0,2.0,,0.0,0.0,0.0,0.0,19.5,0,0,0,0,0,0,2023-09-30,2023,1,0,0,0,0,0,0,0,0,0,0,0,0,0,0,0,0,0,0,0,0,0,0,0,0,0,0,0,0,0,0,0.0,0.0,0.0,0.0,0.0,0.0,0.0,0.0,0.0,0.0,0.0,0.0,0.0,7.682943169878292,2294.162857637888,5347.43195168294
,9/30/23,Sat,0.8125,7:30p,Duke,Notre Dame,5.32M,5320.0,Notre Dame,21.0,14.0,2.0,0.0,0,0.0,0.0,0.0,0.0,0.0,1.0,0.0,0.0,0.0,0.0,0.0,0.0,,,0.0,,,5.5,,,0.0,5.5,,,,7.0,7.0,0.0,0.0,0.0,0.0,1.0,0.0,0.0,0.0,0.0,0.0,1.0,0.0,,0.0,0.0,1.0,1.0,19.5,0,0,0,0,0,0,2023-09-30,2023,1,0,0,0,0,0,0,0,0,0,0,0,0,0,0,0,0,0,0,0,0,0,0,0,0,1,0,0,0,0,0,0.0,0.0,0.0,0.0,0.0,0.0,0.0,0.0,0.0,0.0,0.0,0.0,0.0,8.579416534596369,3663.122426924138,3978.47238239669
,9/30/23,Sat,0.833333333,8:00p,TCU,West Virginia,739K,739.0,West Virginia,24.0,21.0,0.0,0.0,0,0.0,0.0,1.0,0.0,0.0,0.0,0.0,0.0,0.0,0.0,0.0,0.0,,,0.0,,,12.5,,,0.0,-12.5,,,,3.0,3.0,0.0,0.0,0.0,0.0,0.0,0.0,1.0,1.0,2.0,0.0,0.0,0.0,,0.0,0.0,0.0,0.0,20.0,0,0,0,0,0,0,2023-09-30,2023,1,0,0,0,0,0,0,0,0,0,0,0,0,0,0,0,0,0,0,0,0,0,0,0,0,0,0,0,0,0,0,0.0,0.0,0.0,0.0,0.0,0.0,0.0,0.0,0.0,0.0,0.0,0.0,0.0,6.606650186198215,653.3491686079673,10088.112297393982
,9/30/23,Sat,0.875,9:00p,Mississippi St.,Alabama,3.35M,3350.0,Alabama,40.0,17.0,1.0,0.0,0,0.0,0.0,0.0,0.0,0.0,0.0,0.0,0.0,0.0,0.0,0.0,0.0,,,0.0,,,14.5,,,0.0,14.5,,,,23.0,23.0,1.0,1.0,0.0,0.0,0.0,0.0,0.0,0.0,0.0,2.0,0.0,0.0,,0.0,0.0,1.0,0.0,21.0,0,0,0,0,0,0,2023-09-30,2023,1,0,0,0,0,0,0,0,0,0,0,0,0,0,0,0,0,0,0,0,0,0,0,0,0,0,0,0,0,0,0,0.0,0.0,0.0,0.0,0.0,0.0,0.0,0.0,0.0,0.0,0.0,0.0,0.0,8.11701408773731,3099.8666566811203,653.3491686079673
,9/30/23,Sat,0.9375,10:30p,Fresno St.,Nevada,369K,369.0,Fresno St.,27.0,9.0,1.0,0.0,0,0.0,1.0,0.0,0.0,0.0,0.0,0.0,0.0,0.0,0.0,0.0,0.0,,,0.0,,,24.5,,,0.0,-24.5,,,,18.0,18.0,0.0,0.0,0.0,0.0,0.0,0.0,0.0,0.0,0.0,0.0,0.0,0.0,,0.0,0.0,0.0,1.0,22.5,0,0,0,0,0,1,2023-09-30,2023,1,0,0,0,0,0,0,0,0,0,0,0,0,0,0,0,0,0,0,0,0,0,0,0,0,0,0,0,0,0,0,0.0,0.0,0.0,0.0,0.0,0.0,0.0,0.0,0.0,0.0,0.0,0.0,0.0,5.91350300563827,282.6963139544027,0.0
,10/4/23,Wed,0.833333333,8:00p,Middle Tennessee St.,Jacksonville St.,145K,145.0,Jacksonville St.,45.0,30.0,0.0,0.0,0,0.0,0.0,0.0,0.0,0.0,0.0,0.0,1.0,0.0,0.0,0.0,0.0,,,0.0,,,3.5,,,0.0,-3.5,,,,15.0,15.0,0.0,0.0,0.0,0.0,0.0,0.0,0.0,0.0,0.0,0.0,0.0,0.0,,0.0,0.0,0.0,0.0,20.0,0,1,0,0,0,0,2023-10-04,2023,1,0,0,0,0,0,0,0,0,0,0,0,0,0,0,0,0,0,0,0,0,0,0,0,0,0,0,0,0,0,0,0.0,0.0,0.0,0.0,0.0,0.0,0.0,0.0,0.0,0.0,0.0,0.0,0.0,4.983606621708336,95.15869524384867,0.0
,10/5/23,Thu,0.833333333,8:00p,Louisiana Tech,Western Kentucky,567K,567.0,Western Kentucky,35.0,28.0,0.0,0.0,0,0.0,0.0,0.0,0.0,0.0,0.0,0.0,0.0,0.0,0.0,0.0,0.0,,,0.0,,,6.0,,,0.0,6.0,,,,7.0,7.0,0.0,0.0,0.0,0.0,0.0,0.0,0.0,0.0,0.0,0.0,0.0,0.0,,0.0,0.0,0.0,0.0,20.0,0,1,0,0,0,0,2023-10-05,2023,1,0,0,0,0,0,0,0,0,0,0,0,0,0,0,0,0,0,0,0,0,0,0,0,0,0,0,0,0,0,0,0.0,0.0,0.0,0.0,0.0,0.0,0.0,0.0,0.0,0.0,0.0,0.0,0.0,6.342121418721152,524.4966277585485,0.0
,10/6/23,Fri,0.8125,7:30p,Oklahoma St.,Kansas St.,2.27M,2270.0,Oklahoma St.,29.0,21.0,0.0,0.0,0,0.0,0.0,0.0,0.0,0.0,0.0,0.0,0.0,0.0,0.0,0.0,0.0,,,0.0,,,11.5,,,0.0,11.5,,,,8.0,8.0,0.0,0.0,0.0,0.0,0.0,0.0,1.0,1.0,2.0,0.0,0.0,0.0,,0.0,0.0,0.0,0.0,19.5,0,0,1,0,0,0,2023-10-06,2023,1,0,0,0,0,0,0,0,0,0,0,0,0,0,0,0,0,0,0,0,0,0,0,0,0,0,0,0,0,0,0,0.0,0.0,0.0,0.0,0.0,0.0,0.0,0.0,0.0,0.0,0.0,0.0,1.0,7.7279755421055585,1671.5437522022085,1279.3311937266335
,10/6/23,Fri,0.833333333,8:00p,Illinois,Nebraska,1.36M,1360.0,Nebraska,20.0,7.0,0.0,0.0,0,0.0,1.0,0.0,0.0,0.0,0.0,0.0,0.0,0.0,0.0,0.0,0.0,,,0.0,,,3.5,,,0.0,-3.5,,,,13.0,13.0,0.0,0.0,1.0,1.0,0.0,0.0,0.0,0.0,0.0,0.0,0.0,2.0,,0.0,0.0,0.0,0.0,20.0,0,0,1,0,0,0,2023-10-06,2023,1,0,0,0,0,0,0,0,0,0,0,0,0,0,0,0,0,0,0,0,0,0,0,0,0,0,0,0,0,0,0,0.0,0.0,1.0,0.0,0.0,0.0,0.0,0.0,0.0,0.0,0.0,0.0,0.0,7.215975002651466,1279.3311937266335,1671.5437522022085
,10/7/23,Sat,0.5,12:00p,Massachusetts,Toledo,16K,16.0,Toledo,41.0,24.0,0.0,0.0,1,0.0,0.0,0.0,0.0,0.0,0.0,0.0,1.0,0.0,0.0,0.0,0.0,,,0.0,,,19.0,,,0.0,19.0,,,,17.0,17.0,0.0,0.0,0.0,0.0,0.0,0.0,0.0,0.0,0.0,0.0,0.0,0.0,,0.0,0.0,0.0,0.0,12.0,0,0,0,1,0,0,2023-10-07,2023,1,0,0,0,0,0,0,0,0,0,0,0,0,0,0,0,0,0,0,0,0,0,0,0,0,0,0,0,0,0,0,0.0,0.0,0.0,0.0,0.0,0.0,0.0,0.0,0.0,0.0,0.0,0.0,0.0,2.833213344056216,32.84259333871139,15534.755707909871
,10/7/23,Sat,0.5,12:00p,Ohio St.,Maryland,4.51M,4510.0,Ohio St.,37.0,17.0,0.0,1.0,1,1.0,0.0,0.0,0.0,0.0,0.0,0.0,0.0,0.0,0.0,0.0,0.0,,,0.0,,,20.0,,,0.0,-20.0,,,,20.0,20.0,0.0,0.0,1.0,1.0,0.0,0.0,0.0,0.0,0.0,0.0,0.0,2.0,,1.0,0.0,0.0,0.0,12.0,0,0,0,1,0,0,2023-10-07,2023,1,0,0,0,0,0,0,0,0,0,0,0,0,0,0,0,0,0,0,0,0,0,0,0,0,0,0,0,0,0,0,0.0,0.0,0.0,0.0,0.0,0.0,0.0,0.0,0.0,0.0,0.0,0.0,0.0,8.414274137408396,3945.6478527491754,11621.950448499409
,10/7/23,Sat,0.5,12:00p,Missouri,LSU,2.34M,2340.0,LSU,49.0,39.0,2.0,0.0,1,0.0,0.0,0.0,0.0,0.0,0.0,0.0,0.0,0.0,0.0,0.0,0.0,,,0.0,,,4.0,,,0.0,4.0,,,,10.0,10.0,1.0,1.0,0.0,0.0,0.0,0.0,0.0,0.0,0.0,2.0,0.0,0.0,,0.0,0.0,0.0,2.0,12.0,0,0,0,1,0,0,2023-10-07,2023,1,0,0,0,0,0,0,0,0,0,0,0,0,0,0,0,0,0,0,0,0,0,0,0,0,1,1,0,0,0,0,0.0,0.0,0.0,0.0,0.0,0.0,0.0,0.0,0.0,0.0,0.0,0.0,0.0,7.75833346749091,3181.043292891745,12386.555008356838
,10/7/23,Sat,0.5,12:00p,Texas,Oklahoma,7.87M,7870.0,Oklahoma,34.0,30.0,1.0,1.0,1,0.0,0.0,0.0,0.0,0.0,1.0,0.0,0.0,0.0,0.0,0.0,0.0,,,0.0,,,5.5,,,0.0,-5.5,,,,4.0,4.0,0.0,0.0,0.0,0.0,0.0,0.0,1.0,1.0,2.0,0.0,0.0,0.0,,1.0,0.0,1.0,0.0,12.0,0,0,0,1,0,0,2023-10-07,2023,1,0,0,1,0,0,0,0,0,0,0,0,0,0,0,0,0,0,0,0,0,0,0,0,0,1,0,0,0,1,0,0.0,0.0,0.0,0.0,0.0,0.0,0.0,0.0,0.0,0.0,0.0,0.0,0.0,8.97094039814245,8408.064562268952,7159.533738979631
,10/7/23,Sat,0.583333333,2:00p,North Carolina St.,Marshall,386K,386.0,North Carolina St.,48.0,41.0,0.0,0.0,0,0.0,0.0,0.0,0.0,0.0,0.0,1.0,0.0,0.0,0.0,0.0,0.0,,,0.0,,,6.5,,,0.0,-6.5,,,,7.0,7.0,0.0,0.0,0.0,0.0,1.0,0.0,0.0,0.0,0.0,0.0,1.0,0.0,,0.0,0.0,0.0,0.0,14.0,0,0,0,0,0,0,2023-10-07,2023,1,0,0,0,0,0,0,0,0,0,0,0,0,0,0,0,0,0,0,0,0,0,0,0,0,0,0,0,0,0,0,0.0,0.0,0.0,0.0,0.0,0.0,0.0,0.0,0.0,0.0,0.0,0.0,0.0,5.958424693029782,351.1946239637698,0.0
,10/7/23,Sat,0.645833333,3:30p,Louisiana,Texas St.,43K,43.0,Louisiana,34.0,30.0,0.0,0.0,0,0.0,0.0,0.0,0.0,0.0,0.0,0.0,1.0,0.0,0.0,0.0,0.0,,,0.0,,,2.5,,,0.0,-2.5,,,,4.0,4.0,0.0,0.0,0.0,0.0,0.0,0.0,0.0,0.0,0.0,0.0,0.0,0.0,,0.0,0.0,0.0,0.0,15.5,0,0,0,0,1,0,2023-10-07,2023,1,0,0,0,0,0,0,0,0,0,0,0,0,0,0,0,0,0,0,0,0,0,0,0,0,0,0,0,0,0,0,0.0,0.0,0.0,0.0,0.0,0.0,0.0,0.0,0.0,0.0,0.0,0.0,0.0,3.784189633918261,42.55239809287548,12709.041244049538
,10/7/23,Sat,0.645833333,3:30p,Texas A&M,Alabama,7.23M,7230.0,Alabama,26.0,20.0,1.0,0.0,0,0.0,0.0,0.0,0.0,1.0,0.0,0.0,0.0,0.0,0.0,0.0,0.0,,,0.0,,,1.0,,,0.0,1.0,,,,6.0,6.0,1.0,1.0,0.0,0.0,0.0,0.0,0.0,0.0,0.0,2.0,0.0,0.0,,0.0,0.0,1.0,0.0,15.5,0,0,0,0,1,0,2023-10-07,2023,1,0,0,0,0,0,0,0,0,0,0,0,0,0,0,0,0,0,0,0,0,0,0,0,0,0,0,0,0,0,0,0.0,0.0,0.0,0.0,0.0,0.0,0.0,0.0,0.0,0.0,0.0,0.0,0.0,8.886132618174951,5669.84907522596,7081.7445669164545
,10/7/23,Sat,0.645833333,3:30p,North Carolina,Syracuse,987K,987.0,North Carolina,40.0,7.0,1.0,0.0,0,0.0,0.0,0.0,0.0,0.0,0.0,0.0,0.0,0.0,0.0,0.0,0.0,,,0.0,,,9.5,,,0.0,-9.5,,,,33.0,33.0,0.0,0.0,0.0,0.0,1.0,1.0,0.0,0.0,0.0,0.0,2.0,0.0,,0.0,0.0,1.0,0.0,15.5,0,0,0,0,1,0,2023-10-07,2023,1,0,0,0,0,0,0,0,0,0,0,0,0,0,0,0,0,0,0,0,0,0,0,0,0,0,0,0,0,0,0,0.0,0.0,0.0,0.0,0.0,0.0,0.0,0.0,0.0,0.0,0.0,0.0,0.0,6.895682697747868,1401.4256372786842,11350.168004863732
,10/7/23,Sat,0.645833333,3:30p,Florida St.,Virginia Tech,3.02M,3020.0,Florida St.,39.0,17.0,0.0,1.0,0,0.0,0.0,0.0,0.0,0.0,1.0,0.0,0.0,0.0,0.0,0.0,0.0,,,0.0,,,24.0,,,0.0,-24.0,,,,22.0,22.0,0.0,0.0,0.0,0.0,1.0,1.0,0.0,0.0,0.0,0.0,2.0,0.0,,1.0,0.0,0.0,0.0,15.5,0,0,0,0,1,0,2023-10-07,2023,1,0,0,0,0,0,0,0,0,0,0,0,0,0,0,0,0,0,0,0,0,0,0,0,0,0,0,0,0,0,0,0.0,0.0,0.0,0.0,0.0,0.0,0.0,0.0,0.0,0.0,0.0,0.0,0.0,8.013343181386672,3976.0330992981876,8775.560542844229
,10/7/23,Sat,0.666666667,4:00p,UAB,South Florida,143K,143.0,UAB,56.0,35.0,0.0,0.0,1,0.0,0.0,1.0,0.0,0.0,0.0,0.0,0.0,0.0,0.0,0.0,0.0,,,0.0,,,3.5,,,0.0,3.5,,,,21.0,21.0,0.0,0.0,0.0,0.0,0.0,0.0,0.0,0.0,0.0,0.0,0.0,0.0,,0.0,0.0,0.0,0.0,16.0,0,0,0,0,1,0,2023-10-07,2023,1,0,0,0,0,0,0,0,0,0,0,0,0,0,0,0,0,0,0,0,0,0,0,0,0,0,0,0,0,0,0,0.0,0.0,0.0,0.0,0.0,0.0,0.0,0.0,0.0,0.0,0.0,0.0,0.0,4.969813299576001,227.82323739229147,12523.770404750125
,10/7/23,Sat,0.666666667,4:00p,Kansas,UCF,1.45M,1450.0,Kansas,51.0,22.0,0.0,0.0,0,1.0,0.0,0.0,0.0,0.0,0.0,0.0,0.0,0.0,0.0,0.0,0.0,,,0.0,,,1.5,,,0.0,1.5,,,,29.0,29.0,0.0,0.0,0.0,0.0,0.0,0.0,1.0,1.0,2.0,0.0,0.0,0.0,,0.0,0.0,0.0,0.0,16.0,0,0,0,0,1,0,2023-10-07,2023,1,0,0,0,0,0,0,0,0,0,0,0,0,0,0,0,0,0,0,0,0,0,0,0,0,0,0,0,0,0,0,0.0,0.0,0.0,0.0,0.0,0.0,0.0,0.0,0.0,0.0,0.0,0.0,0.0,7.280008252884188,1433.9101948544167,11317.683447287998
,10/7/23,Sat,0.791666667,7:00p,Georgia,Kentucky,3.19M,3190.0,Georgia,51.0,13.0,1.0,1.0,2,0.0,0.0,0.0,0.0,0.0,0.0,0.0,0.0,0.0,0.0,0.0,0.0,,,0.0,,,14.5,,,0.0,-14.5,,,,38.0,38.0,1.0,1.0,0.0,0.0,0.0,0.0,0.0,0.0,0.0,2.0,0.0,0.0,,1.0,0.0,0.0,1.0,19.0,0,0,0,0,0,0,2023-10-07,2023,1,0,0,0,0,0,0,0,0,0,0,0,0,0,0,0,0,0,0,0,0,0,0,0,0,1,1,0,0,0,0,0.0,0.0,0.0,0.0,0.0,0.0,0.0,0.0,0.0,0.0,0.0,0.0,0.0,8.068089626278244,4143.492049233016,10164.997436766145
,10/7/23,Sat,0.8125,7:30p,Minnesota,Michigan,3.06M,3060.0,Michigan,52.0,10.0,0.0,1.0,2,0.0,0.0,0.0,1.0,0.0,0.0,0.0,0.0,0.0,0.0,0.0,0.0,,,0.0,,,18.0,,,0.0,18.0,,,,42.0,42.0,0.0,0.0,1.0,1.0,0.0,0.0,0.0,0.0,0.0,0.0,0.0,2.0,,1.0,0.0,0.0,0.0,19.5,0,0,0,0,0,0,2023-10-07,2023,1,0,0,0,0,0,0,0,0,0,0,0,0,0,0,0,0,0,0,0,0,0,0,0,0,0,0,0,0,0,0,0.0,0.0,0.0,0.0,0.0,0.0,0.0,0.0,0.0,0.0,0.0,0.0,0.0,8.026496938945412,3597.5331466180687,10710.956339381093
,10/7/23,Sat,0.8125,7:30p,Louisville,Notre Dame,5.12M,5120.0,Louisville,33.0,20.0,1.0,1.0,2,0.0,0.0,0.0,0.0,0.0,1.0,0.0,0.0,0.0,0.0,0.0,0.0,,,0.0,,,6.0,,,0.0,6.0,,,,13.0,13.0,0.0,0.0,0.0,0.0,1.0,0.0,0.0,0.0,0.0,0.0,1.0,0.0,,0.0,1.0,0.0,1.0,19.5,0,0,0,0,0,0,2023-10-07,2023,1,0,0,0,0,0,0,0,0,0,0,0,0,0,0,0,0,0,0,0,0,0,0,0,0,1,0,0,0,0,0,0.0,0.0,0.0,0.0,0.0,0.0,0.0,0.0,0.0,0.0,0.0,0.0,0.0,8.54110501146255,4508.262632691446,9800.226853307715
,10/7/23,Sat,0.833333333,8:00p,Iowa St.,TCU,480K,480.0,Iowa St.,27.0,14.0,0.0,0.0,3,0.0,1.0,0.0,0.0,0.0,0.0,0.0,0.0,0.0,0.0,0.0,0.0,,,0.0,,,6.5,,,0.0,6.5,,,,13.0,13.0,0.0,0.0,0.0,0.0,0.0,0.0,1.0,1.0,2.0,0.0,0.0,0.0,,0.0,0.0,0.0,0.0,20.0,0,0,0,0,0,0,2023-10-07,2023,1,0,0,0,0,0,0,0,0,0,0,0,0,0,0,0,0,0,0,0,0,0,0,0,0,0,0,0,0,0,0,0.0,0.0,0.0,0.0,0.0,0.0,0.0,0.0,0.0,0.0,0.0,0.0,0.0,6.175867270105761,536.9220681972274,13771.567417801934
,10/7/23,Sat,0.833333333,8:00p,Wyoming,Fresno St.,737K,737.0,Wyoming,24.0,19.0,1.0,0.0,2,1.0,0.0,0.0,0.0,0.0,0.0,0.0,0.0,0.0,0.0,0.0,0.0,,,0.0,,,6.0,,,0.0,6.0,,,,5.0,5.0,0.0,0.0,0.0,0.0,0.0,0.0,0.0,0.0,0.0,0.0,0.0,0.0,,0.0,0.0,0.0,1.0,20.0,0,0,0,0,0,0,2023-10-07,2023,1,0,0,0,0,0,0,0,0,0,0,0,0,0,0,0,0,0,0,0,0,0,0,0,0,0,0,0,0,0,0,0.0,0.0,0.0,0.0,0.0,0.0,0.0,0.0,0.0,0.0,0.0,0.0,0.0,6.6039438246004725,983.6199976751725,13324.86948832399
,10/7/23,Sat,0.833333333,8:00p,Baylor,Texas Tech,481K,481.0,Texas Tech,39.0,14.0,0.0,0.0,3,0.0,0.0,1.0,0.0,0.0,0.0,0.0,0.0,0.0,0.0,0.0,0.0,,,0.0,,,1.5,,,0.0,1.5,,,,25.0,25.0,0.0,0.0,0.0,0.0,0.0,0.0,1.0,1.0,2.0,0.0,0.0,0.0,,0.0,0.0,0.0,0.0,20.0,0,0,0,0,0,0,2023-10-07,2023,1,0,0,0,0,0,0,0,0,0,0,0,0,0,0,0,0,0,0,0,0,0,0,0,0,0,0,0,0,0,0,0.0,0.0,0.0,0.0,0.0,0.0,0.0,0.0,0.0,0.0,0.0,0.0,0.0,6.1779441140506,538.6595915842311,13769.82989441493
,10/7/23,Sat,0.9375,10:30p,USC,Arizona,2.55M,2550.0,USC,43.0,41.0,0.0,1.0,0,0.0,0.0,0.0,0.0,0.0,0.0,0.0,0.0,0.0,0.0,0.0,0.0,,,0.0,,,21.5,,,0.0,-21.5,,,,2.0,2.0,0.0,0.0,0.0,0.0,0.0,0.0,0.0,0.0,0.0,0.0,0.0,0.0,,0.0,1.0,0.0,0.0,22.5,0,0,0,0,0,1,2023-10-07,2023,1,0,0,0,0,0,0,0,0,0,0,0,0,0,0,0,0,0,0,0,0,0,0,0,0,0,0,0,0,0,0,0.0,0.0,0.0,0.0,0.0,0.0,0.0,0.0,0.0,0.0,0.0,0.0,0.0,7.844240718141811,1872.1535985094433,0.0
,10/10/23,Tue,0.8125,7:30p,Jacksonville St.,Liberty,117K,117.0,Liberty,31.0,13.0,0.0,0.0,0,0.0,0.0,0.0,0.0,0.0,0.0,0.0,1.0,0.0,0.0,0.0,0.0,,,0.0,,,6.0,,,0.0,6.0,,,,18.0,18.0,0.0,0.0,0.0,0.0,0.0,0.0,0.0,0.0,0.0,0.0,0.0,0.0,,0.0,0.0,0.0,0.0,19.5,0,1,0,0,0,0,2023-10-10,2023,1,0,0,0,0,0,0,0,0,0,0,0,0,0,0,0,0,0,0,0,0,0,0,0,0,0,0,0,0,0,0,0.0,0.0,0.0,0.0,0.0,0.0,0.0,0.0,0.0,0.0,0.0,0.0,0.0,4.770684624465665,116.80891190243868,415.8478096682525
,10/10/23,Tue,0.791666667,7:00p,Appalachian St.,Coastal Carolina,499K,499.0,Coastal Carolina,27.0,24.0,0.0,0.0,0,0.0,0.0,1.0,0.0,0.0,0.0,0.0,0.0,0.0,0.0,0.0,0.0,,,0.0,,,6.0,,,0.0,-6.0,,,,3.0,3.0,0.0,0.0,0.0,0.0,0.0,0.0,0.0,0.0,0.0,0.0,0.0,0.0,,0.0,0.0,0.0,0.0,19.0,0,1,0,0,0,0,2023-10-10,2023,1,0,0,0,0,0,0,0,0,0,0,0,0,0,0,0,0,0,0,0,0,0,0,0,0,0,0,0,0,0,0,0.0,0.0,0.0,0.0,0.0,0.0,0.0,0.0,0.0,0.0,0.0,0.0,0.0,6.214608098422191,415.8478096682525,116.80891190243868
,10/11/23,Wed,0.8125,7:30p,FIU,UTEP,332K,332.0,UTEP,27.0,14.0,0.0,0.0,0,0.0,0.0,1.0,0.0,0.0,0.0,0.0,0.0,0.0,0.0,0.0,0.0,,,0.0,,,1.5,,,0.0,1.5,,,,13.0,13.0,0.0,0.0,0.0,0.0,0.0,0.0,0.0,0.0,0.0,0.0,0.0,0.0,,0.0,0.0,0.0,0.0,19.5,0,1,0,0,0,0,2023-10-11,2023,1,0,0,0,0,0,0,0,0,0,0,0,0,0,0,0,0,0,0,0,0,0,0,0,0,0,0,0,0,0,0,0.0,0.0,0.0,0.0,0.0,0.0,0.0,0.0,0.0,0.0,0.0,0.0,0.0,5.808142489980444,359.51398546655037,0.0
,10/12/23,Thu,0.791666667,7:00p,Houston,West Virginia,729K,729.0,Houston,41.0,39.0,0.0,0.0,0,0.0,1.0,0.0,0.0,0.0,0.0,0.0,0.0,0.0,0.0,0.0,0.0,,,0.0,,,2.5,,,0.0,2.5,,,,2.0,2.0,0.0,0.0,0.0,0.0,0.0,0.0,1.0,1.0,2.0,0.0,0.0,0.0,,0.0,0.0,0.0,0.0,19.0,0,1,0,0,0,0,2023-10-12,2023,1,0,0,0,0,0,0,0,0,0,0,0,0,0,0,0,0,0,0,0,0,0,0,0,0,0,0,0,0,0,0,0.0,0.0,0.0,0.0,0.0,0.0,0.0,0.0,0.0,0.0,0.0,0.0,0.0,6.593044534142437,591.6466323731054,676.8030640975932
,10/12/23,Thu,0.8125,7:30p,East Carolina,SMU,467K,467.0,SMU,31.0,10.0,0.0,0.0,0,0.0,0.0,0.0,0.0,0.0,0.0,0.0,0.0,0.0,0.0,0.0,0.0,,,0.0,,,11.0,,,0.0,11.0,,,,21.0,21.0,0.0,0.0,0.0,0.0,0.0,0.0,0.0,0.0,0.0,0.0,0.0,0.0,,0.0,0.0,0.0,0.0,19.5,0,1,0,0,0,0,2023-10-12,2023,1,0,0,0,0,0,0,0,0,0,0,0,0,0,0,0,0,0,0,0,0,0,0,0,0,0,0,0,0,0,0,0.0,0.0,0.0,0.0,0.0,0.0,0.0,0.0,0.0,0.0,0.0,0.0,0.0,6.148468295917647,676.8030640975932,591.6466323731054
,10/13/23,Fri,0.791666667,7:00p,Memphis,Tulane,1.72M,1720.0,Tulane,31.0,21.0,0.0,0.0,0,0.0,0.0,0.0,0.0,0.0,0.0,0.0,0.0,0.0,0.0,0.0,0.0,,,0.0,,,3.5,,,0.0,3.5,,,,10.0,10.0,0.0,0.0,0.0,0.0,0.0,0.0,0.0,0.0,0.0,0.0,0.0,0.0,,0.0,0.0,0.0,0.0,19.0,0,0,1,0,0,0,2023-10-13,2023,1,0,0,0,0,0,0,0,0,0,0,0,0,0,0,0,0,0,0,0,0,0,0,0,0,0,0,0,0,0,0,0.0,0.0,0.0,0.0,0.0,0.0,0.0,0.0,0.0,0.0,0.0,0.0,1.0,7.450660796211539,615.0340412667101,0.0
,10/13/23,Fri,0.916666667,10:00p,Colorado,Stanford,3.29M,3290.0,Stanford,46.0,43.0,0.0,0.0,0,0.0,0.0,0.0,0.0,0.0,0.0,0.0,0.0,0.0,0.0,0.0,0.0,,,0.0,,,11.5,,,0.0,-11.5,,,,3.0,3.0,0.0,0.0,0.0,0.0,0.0,0.0,0.0,0.0,0.0,0.0,0.0,0.0,,0.0,0.0,0.0,0.0,22.0,0,0,1,0,0,0,2023-10-13,2023,1,1,0,0,0,0,0,0,0,0,0,0,0,0,0,0,0,0,0,0,0,0,0,0,0,0,0,0,0,0,0,0.0,0.0,0.0,0.0,0.0,0.0,0.0,0.0,0.0,0.0,0.0,0.0,1.0,8.098946748943339,3081.559419079126,0.0
,10/14/23,Sat,0.5,12:00p,Florida St.,Syracuse,2.09M,2090.0,Florida St.,41.0,3.0,0.0,1.0,2,0.0,0.0,0.0,0.0,0.0,1.0,0.0,0.0,0.0,0.0,0.0,0.0,,,0.0,,,18.5,,,0.0,-18.5,,,,38.0,38.0,0.0,0.0,0.0,0.0,1.0,1.0,0.0,0.0,0.0,0.0,2.0,0.0,,1.0,0.0,0.0,0.0,12.0,0,0,0,1,0,0,2023-10-14,2023,1,0,0,0,0,0,0,0,0,0,0,0,0,0,0,0,0,0,0,0,0,0,0,0,0,0,0,0,0,0,0,0.0,0.0,0.0,0.0,0.0,0.0,0.0,0.0,0.0,0.0,0.0,0.0,0.0,7.645397699428633,3274.5116961656936,11073.977050338417
,10/14/23,Sat,0.5,12:00p,Michigan,Indiana,3.55M,3550.0,Michigan,52.0,7.0,0.0,1.0,2,1.0,0.0,0.0,0.0,0.0,0.0,0.0,0.0,0.0,0.0,0.0,0.0,,,0.0,,,34.0,,,0.0,-34.0,,,,45.0,45.0,0.0,0.0,1.0,1.0,0.0,0.0,0.0,0.0,0.0,0.0,0.0,2.0,,1.0,0.0,0.0,0.0,12.0,0,0,0,1,0,0,2023-10-14,2023,1,0,0,0,0,0,0,0,0,0,0,0,0,0,0,0,0,0,0,0,0,0,0,0,0,0,0,0,0,0,0,0.0,0.0,0.0,0.0,0.0,0.0,0.0,0.0,0.0,0.0,0.0,0.0,0.0,8.174984532943087,4033.3307178285268,10315.158028675583
,10/14/23,Sat,0.5,12:00p,Alabama,Arkansas,3.43M,3430.0,Alabama,24.0,21.0,1.0,0.0,2,0.0,0.0,0.0,0.0,0.0,0.0,0.0,0.0,0.0,0.0,0.0,0.0,,,0.0,,,19.5,,,0.0,-19.5,,,,3.0,3.0,1.0,1.0,0.0,0.0,0.0,0.0,0.0,0.0,0.0,2.0,0.0,0.0,,0.0,0.0,1.0,0.0,12.0,0,0,0,1,0,0,2023-10-14,2023,1,0,0,0,0,0,0,0,0,0,0,0,0,0,0,0,0,0,0,0,0,0,0,0,0,0,0,0,0,0,0,0.0,0.0,0.0,0.0,0.0,0.0,0.0,0.0,0.0,0.0,0.0,0.0,0.0,8.14060704285845,3142.124279516252,11206.36446698786
,10/14/23,Sat,0.5,12:00p,Cincinnati,Iowa St.,534K,534.0,Iowa St.,30.0,10.0,0.0,0.0,3,0.0,1.0,0.0,0.0,0.0,0.0,0.0,0.0,0.0,0.0,0.0,0.0,,,0.0,,,5.0,,,0.0,-5.0,,,,20.0,20.0,0.0,0.0,0.0,0.0,0.0,0.0,1.0,1.0,2.0,0.0,0.0,0.0,,0.0,0.0,0.0,0.0,12.0,0,0,0,1,0,0,2023-10-14,2023,1,0,0,0,0,0,0,0,0,0,0,0,0,0,0,0,0,0,0,0,0,0,0,0,0,0,0,0,0,0,0,0.0,0.0,0.0,0.0,0.0,0.0,0.0,0.0,0.0,0.0,0.0,0.0,0.0,6.282266746896006,441.79626619632546,13906.692480307785
,10/14/23,Sat,0.5,12:00p,James Madison,Georgia Southern,169K,169.0,James Madison,41.0,13.0,0.0,0.0,3,0.0,0.0,1.0,0.0,0.0,0.0,0.0,0.0,0.0,0.0,0.0,0.0,,,0.0,,,6.0,,,0.0,-6.0,,,,28.0,28.0,0.0,0.0,0.0,0.0,0.0,0.0,0.0,0.0,0.0,0.0,0.0,0.0,,0.0,0.0,0.0,0.0,12.0,0,0,0,1,0,0,2023-10-14,2023,1,0,0,0,0,0,0,0,0,0,0,0,0,0,0,0,0,0,0,0,0,0,0,0,0,0,0,0,0,0,0,0.0,0.0,0.0,0.0,0.0,0.0,0.0,0.0,0.0,0.0,0.0,0.0,0.0,5.135798437050262,169.30709562085912,14179.18165088325
,10/14/23,Sat,0.5,12:00p,Rutgers,Michigan St.,503K,503.0,Rutgers,27.0,24.0,0.0,0.0,3,0.0,0.0,0.0,0.0,0.0,0.0,0.0,0.0,0.0,0.0,1.0,0.0,,,0.0,,,4.5,,,0.0,-4.5,,,,3.0,3.0,0.0,0.0,1.0,1.0,0.0,0.0,0.0,0.0,0.0,0.0,0.0,2.0,,0.0,0.0,0.0,0.0,12.0,0,0,0,1,0,0,2023-10-14,2023,1,0,0,0,0,0,0,0,0,0,0,0,0,0,0,0,0,0,0,0,0,0,0,0,0,0,0,0,0,0,0,0.0,0.0,0.0,0.0,0.0,0.0,0.0,0.0,0.0,0.0,0.0,0.0,0.0,6.222576268071369,526.0404636310395,13822.44828287307
,10/14/23,Sat,0.5,12:00p,North Texas,Temple,37K,37.0,North Texas,45.0,14.0,0.0,0.0,2,0.0,0.0,0.0,0.0,0.0,0.0,0.0,1.0,0.0,0.0,0.0,0.0,,,0.0,,,6.5,,,0.0,-6.5,,,,31.0,31.0,0.0,0.0,0.0,0.0,0.0,0.0,0.0,0.0,0.0,0.0,0.0,0.0,,0.0,0.0,0.0,0.0,12.0,0,0,0,1,0,0,2023-10-14,2023,1,0,0,0,0,0,0,0,0,0,0,0,0,0,0,0,0,0,0,0,0,0,0,0,0,0,0,0,0,0,0,0.0,0.0,0.0,0.0,0.0,0.0,0.0,0.0,0.0,0.0,0.0,0.0,0.0,3.6375861597263857,38.34397771029893,14310.14476879381
,10/14/23,Sat,0.5,12:00p,Vanderbilt,Georgia,2.46M,2460.0,Georgia,37.0,20.0,0.0,1.0,2,0.0,0.0,0.0,0.0,1.0,0.0,0.0,0.0,0.0,0.0,0.0,0.0,,,0.0,,,32.5,,,0.0,32.5,,,,17.0,17.0,1.0,1.0,0.0,0.0,0.0,0.0,0.0,0.0,0.0,2.0,0.0,0.0,,1.0,0.0,0.0,0.0,12.0,0,0,0,1,0,0,2023-10-14,2023,1,0,0,0,0,0,0,0,0,0,0,0,0,0,0,0,0,0,0,0,0,0,0,0,0,0,0,0,0,0,0,0.0,0.0,0.0,0.0,0.0,0.0,0.0,0.0,0.0,0.0,0.0,0.0,0.0,7.8083230503910555,2723.0342498351147,11625.454496668995
,10/14/23,Sat,0.645833333,3:30p,Maryland,Illinois,1.14M,1140.0,Illinois,27.0,24.0,0.0,0.0,0,0.0,0.0,0.0,1.0,0.0,0.0,0.0,0.0,0.0,0.0,0.0,0.0,,,0.0,,,13.5,,,0.0,-13.5,,,,3.0,3.0,0.0,0.0,1.0,1.0,0.0,0.0,0.0,0.0,0.0,0.0,0.0,2.0,,0.0,0.0,0.0,0.0,15.5,0,0,0,0,1,0,2023-10-14,2023,1,0,0,0,0,0,0,0,0,0,0,0,0,0,0,0,0,0,0,0,0,0,0,0,0,0,0,0,0,0,0,0.0,0.0,0.0,0.0,0.0,0.0,0.0,0.0,0.0,0.0,0.0,0.0,0.0,7.039660349862076,1076.2072838342795,14561.859299990552
,10/14/23,Sat,0.645833333,3:30p,TCU,BYU,1.02M,1020.0,TCU,44.0,11.0,0.0,0.0,0,0.0,0.0,0.0,0.0,0.0,0.0,0.0,0.0,0.0,0.0,0.0,0.0,,,0.0,,,5.0,,,0.0,-5.0,,,,33.0,33.0,0.0,0.0,0.0,0.0,0.0,0.0,1.0,1.0,2.0,0.0,0.0,0.0,,0.0,0.0,0.0,0.0,15.5,0,0,0,0,1,0,2023-10-14,2023,1,0,0,0,0,0,0,0,0,0,0,0,0,0,0,0,0,0,0,0,0,0,0,0,0,0,0,0,0,0,0,0.0,0.0,0.0,0.0,0.0,0.0,0.0,0.0,0.0,0.0,0.0,0.0,0.0,6.928537818164665,1065.910719442584,14572.155864382246
,10/14/23,Sat,0.645833333,3:30p,South Florida,FAU,84K,84.0,FAU,56.0,14.0,0.0,0.0,1,0.0,0.0,1.0,0.0,0.0,0.0,0.0,0.0,0.0,0.0,0.0,0.0,,,0.0,,,2.5,,,0.0,-2.5,,,,42.0,42.0,0.0,0.0,0.0,0.0,0.0,0.0,0.0,0.0,0.0,0.0,0.0,0.0,,0.0,0.0,0.0,0.0,15.5,0,0,0,0,1,0,2023-10-14,2023,1,0,0,0,0,0,0,0,0,0,0,0,0,0,0,0,0,0,0,0,0,0,0,0,0,0,0,0,0,0,0,0.0,0.0,0.0,0.0,0.0,0.0,0.0,0.0,0.0,0.0,0.0,0.0,0.0,4.442651256490317,159.28646752972472,15478.780116295107
,10/14/23,Sat,0.645833333,3:30p,Oklahoma St.,Kansas,796K,796.0,Oklahoma St.,39.0,32.0,1.0,0.0,1,0.0,1.0,0.0,0.0,0.0,0.0,0.0,0.0,0.0,0.0,0.0,0.0,,,0.0,,,3.0,,,0.0,3.0,,,,7.0,7.0,0.0,0.0,0.0,0.0,0.0,0.0,1.0,1.0,2.0,0.0,0.0,0.0,,0.0,0.0,0.0,1.0,15.5,0,0,0,0,1,0,2023-10-14,2023,1,0,0,0,0,0,0,0,0,0,0,0,0,0,0,0,0,0,0,0,0,0,0,0,0,0,0,0,0,0,0,0.0,0.0,0.0,0.0,0.0,0.0,0.0,0.0,0.0,0.0,0.0,0.0,0.0,6.680854678790215,629.5985720011272,15008.468011823705
,10/14/23,Sat,0.645833333,3:30p,Tennessee,Texas A&M,4.38M,4380.0,Tennessee,20.0,13.0,1.0,0.0,0,0.0,0.0,0.0,0.0,1.0,0.0,0.0,0.0,0.0,0.0,0.0,0.0,,,0.0,,,3.0,,,0.0,-3.0,,,,7.0,7.0,1.0,1.0,0.0,0.0,0.0,0.0,0.0,0.0,0.0,2.0,0.0,0.0,,0.0,0.0,0.0,1.0,15.5,0,0,0,0,1,0,2023-10-14,2023,1,0,0,0,0,0,0,0,0,0,0,0,0,0,0,0,0,0,0,0,0,0,0,0,0,0,0,0,0,0,0,0.0,0.0,0.0,0.0,0.0,0.0,0.0,0.0,0.0,0.0,0.0,0.0,0.0,8.385032287813898,4375.000328843787,11263.066254981044
,10/14/23,Sat,0.645833333,3:30p,Washington,Oregon,7.04M,7040.0,Washington,36.0,33.0,0.0,2.0,0,0.0,0.0,0.0,0.0,0.0,1.0,0.0,0.0,0.0,0.0,0.0,0.0,,,0.0,,,3.0,,,0.0,-3.0,,,,3.0,3.0,0.0,0.0,0.0,0.0,0.0,0.0,0.0,0.0,0.0,0.0,0.0,0.0,,0.0,2.0,0.0,0.0,15.5,0,0,0,0,1,0,2023-10-14,2023,1,0,0,0,0,0,0,0,1,0,0,0,0,0,0,0,0,0,0,0,0,0,0,0,0,1,0,0,0,0,0,0.0,0.0,0.0,0.0,0.0,0.0,0.0,0.0,0.0,0.0,0.0,0.0,0.0,8.859505484519133,5060.215457417906,10577.851126406926
,10/14/23,Sat,0.645833333,3:30p,Penn St.,Massachusetts,693K,693.0,Penn St.,63.0,0.0,0.0,1.0,1,0.0,0.0,0.0,0.0,0.0,0.0,0.0,0.0,0.0,0.0,1.0,0.0,,,0.0,,,41.5,,,0.0,-41.5,,,,63.0,63.0,0.0,0.0,1.0,0.0,0.0,0.0,0.0,0.0,0.0,0.0,0.0,1.0,,0.0,1.0,0.0,0.0,15.5,0,0,0,0,1,0,2023-10-14,2023,1,0,0,0,0,0,0,0,0,0,0,0,0,0,0,0,0,0,0,0,0,0,0,0,0,0,0,0,0,0,0,0.0,0.0,0.0,0.0,0.0,0.0,0.0,0.0,0.0,0.0,0.0,0.0,0.0,6.542471960506805,400.4993608186039,15237.567223006228
,10/14/23,Sat,0.666666667,4:00p,Wisconsin,Iowa,2.34M,2340.0,Iowa,15.0,6.0,0.0,0.0,0,1.0,0.0,0.0,0.0,0.0,0.0,0.0,0.0,0.0,0.0,0.0,0.0,,,0.0,,,9.5,,,0.0,-9.5,,,,9.0,9.0,0.0,0.0,1.0,1.0,0.0,0.0,0.0,0.0,0.0,0.0,0.0,2.0,,0.0,0.0,0.0,0.0,16.0,0,0,0,0,1,0,2023-10-14,2023,1,0,0,0,0,0,0,0,0,0,0,0,0,0,0,0,0,0,0,0,0,0,0,0,0,0,0,0,0,0,0,0.0,0.0,0.0,0.0,0.0,0.0,0.0,0.0,0.0,0.0,0.0,0.0,0.0,7.75833346749091,2790.777422068909,12847.289161755923
,10/14/23,Sat,0.666666667,4:00p,Northern Illinois,Ohio,46K,46.0,Northern Illinois,23.0,13.0,0.0,0.0,0,0.0,0.0,0.0,0.0,0.0,0.0,0.0,1.0,0.0,0.0,0.0,0.0,,,0.0,,,5.5,,,0.0,5.5,,,,10.0,10.0,0.0,0.0,0.0,0.0,0.0,0.0,0.0,0.0,0.0,0.0,0.0,0.0,,0.0,0.0,0.0,0.0,16.0,0,0,0,0,1,0,2023-10-14,2023,1,0,0,0,0,0,0,0,0,0,0,0,0,0,0,0,0,0,0,0,0,0,0,0,0,0,0,0,0,0,0,0.0,0.0,0.0,0.0,0.0,0.0,0.0,0.0,0.0,0.0,0.0,0.0,0.0,3.8501476017100584,80.57097186791042,15557.495611956921
,10/14/23,Sat,0.770833333,6:30p,Pittsburgh,Louisville,569K,569.0,Pittsburgh,38.0,21.0,1.0,0.0,1,0.0,0.0,0.0,0.0,0.0,0.0,1.0,0.0,0.0,0.0,0.0,0.0,,,0.0,,,7.5,,,0.0,7.5,,,,17.0,17.0,0.0,0.0,0.0,0.0,1.0,1.0,0.0,0.0,0.0,0.0,2.0,0.0,,0.0,0.0,1.0,0.0,18.5,0,0,0,0,0,0,2023-10-14,2023,1,0,0,0,0,0,0,0,0,0,0,0,0,0,0,0,0,0,0,0,0,0,0,0,0,0,0,0,0,0,0,0.0,0.0,0.0,0.0,0.0,0.0,0.0,0.0,0.0,0.0,0.0,0.0,0.0,6.345636360828596,648.285162396393,13462.663740489514
,10/14/23,Sat,0.791666667,7:00p,Georgia St.,Marshall,129K,129.0,Georgia St.,41.0,24.0,0.0,0.0,1,0.0,0.0,1.0,0.0,0.0,0.0,0.0,0.0,0.0,0.0,0.0,0.0,,,0.0,,,1.0,,,0.0,-1.0,,,,17.0,17.0,0.0,0.0,0.0,0.0,0.0,0.0,0.0,0.0,0.0,0.0,0.0,0.0,,0.0,0.0,0.0,0.0,19.0,0,0,0,0,0,0,2023-10-14,2023,1,0,0,0,0,0,0,0,0,0,0,0,0,0,0,0,0,0,0,0,0,0,0,0,0,0,0,0,0,0,0,0.0,0.0,0.0,0.0,0.0,0.0,0.0,0.0,0.0,0.0,0.0,0.0,0.0,4.867534450455582,190.7576911196903,16110.140740060464
,10/14/23,Sat,0.791666667,7:00p,LSU,Auburn,2.16M,2160.0,LSU,48.0,18.0,1.0,0.0,0,0.0,0.0,0.0,0.0,0.0,0.0,0.0,0.0,0.0,0.0,0.0,0.0,,,0.0,,,11.5,,,0.0,-11.5,,,,30.0,30.0,1.0,1.0,0.0,0.0,0.0,0.0,0.0,0.0,0.0,2.0,0.0,0.0,,0.0,0.0,0.0,1.0,19.0,0,0,0,0,0,0,2023-10-14,2023,1,0,0,0,0,0,0,0,0,0,0,0,0,0,0,0,0,0,0,0,0,0,0,0,0,0,0,0,0,0,0,0.0,0.0,0.0,0.0,0.0,0.0,0.0,0.0,0.0,0.0,0.0,0.0,0.0,7.6783263565068856,3316.1788205855146,12984.71961059464
,10/14/23,Sat,0.791666667,7:00p,Texas Tech,Kansas St.,770K,770.0,Kansas St.,38.0,21.0,0.0,0.0,1,0.0,1.0,0.0,0.0,0.0,0.0,0.0,0.0,0.0,0.0,0.0,0.0,,,0.0,,,1.5,,,0.0,-1.5,,,,17.0,17.0,0.0,0.0,0.0,0.0,0.0,0.0,1.0,1.0,2.0,0.0,0.0,0.0,,0.0,0.0,0.0,0.0,19.0,0,0,0,0,0,0,2023-10-14,2023,1,0,0,0,0,0,0,0,0,0,0,0,0,0,0,0,0,0,0,0,0,0,0,0,0,0,0,0,0,0,0,0.0,0.0,0.0,0.0,0.0,0.0,0.0,0.0,0.0,0.0,0.0,0.0,0.0,6.647688373563329,528.7914312034621,15772.106999976693
,10/14/23,Sat,0.8125,7:30p,Notre Dame,USC,6.43M,6430.0,Notre Dame,48.0,20.0,1.0,1.0,0,0.0,0.0,0.0,1.0,0.0,0.0,0.0,0.0,0.0,0.0,0.0,0.0,,,0.0,,,2.5,,,0.0,-2.5,,,,28.0,28.0,0.0,0.0,0.0,0.0,0.0,0.0,0.0,0.0,0.0,0.0,0.0,0.0,,0.0,1.0,0.0,1.0,19.5,0,0,0,0,0,0,2023-10-14,2023,1,0,0,0,0,0,1,0,0,0,0,0,0,0,0,0,0,0,0,0,0,0,0,0,0,1,0,0,0,0,0,0.0,0.0,0.0,0.0,0.0,0.0,0.0,0.0,0.0,0.0,0.0,0.0,0.0,8.768885326134862,5734.211850610999,10566.686580569154
,10/14/23,Sat,0.8125,7:30p,North Carolina,Miami,3.08M,3080.0,North Carolina,41.0,31.0,2.0,0.0,0,0.0,0.0,0.0,0.0,0.0,1.0,0.0,0.0,0.0,0.0,0.0,0.0,,,0.0,,,2.5,,,0.0,-2.5,,,,10.0,10.0,0.0,0.0,0.0,0.0,1.0,1.0,0.0,0.0,0.0,0.0,2.0,0.0,,0.0,0.0,1.0,1.0,19.5,0,0,0,0,0,0,2023-10-14,2023,1,0,0,0,0,0,0,0,0,0,0,0,0,0,0,0,0,0,0,0,0,0,0,0,0,1,0,0,1,0,0,0.0,0.0,0.0,0.0,0.0,0.0,0.0,0.0,0.0,0.0,0.0,0.0,0.0,8.033009498596668,3640.1505603964497,12660.747870783705
,10/14/23,Sat,0.833333333,8:00p,Oregon St.,UCLA,1.43M,1430.0,Oregon St.,36.0,24.0,2.0,0.0,0,1.0,0.0,0.0,0.0,0.0,0.0,0.0,0.0,0.0,0.0,0.0,0.0,,,0.0,,,3.5,,,0.0,-3.5,,,,12.0,12.0,0.0,0.0,0.0,0.0,0.0,0.0,0.0,0.0,0.0,0.0,0.0,0.0,,0.0,0.0,1.0,1.0,20.0,0,0,0,0,0,0,2023-10-14,2023,1,0,0,0,0,0,0,0,0,0,0,0,0,0,0,0,0,0,0,0,0,0,0,0,0,1,0,0,0,0,0,0.0,0.0,0.0,0.0,0.0,0.0,0.0,0.0,0.0,0.0,0.0,0.0,0.0,7.266128779556451,2189.949528294247,13462.663740489514
,10/14/23,Sat,0.791666667,7:00p,UTSA,UAB,49K,49.0,UTSA,41.0,20.0,0.0,0.0,0,0.0,0.0,0.0,0.0,0.0,0.0,0.0,1.0,0.0,0.0,0.0,0.0,,,0.0,,,9.0,,,0.0,-9.0,,,,21.0,21.0,0.0,0.0,0.0,0.0,0.0,0.0,0.0,0.0,0.0,0.0,0.0,0.0,,0.0,0.0,0.0,0.0,19.0,0,0,0,0,0,0,2023-10-14,2023,1,0,0,0,0,0,0,0,0,0,0,0,0,0,0,0,0,0,0,0,0,0,0,0,0,0,0,0,0,0,0,0.0,0.0,0.0,0.0,0.0,0.0,0.0,0.0,0.0,0.0,0.0,0.0,0.0,3.912023005428146,52.57338657339802,16248.325044606758
,10/14/23,Sat,0.916666667,10:00p,Colorado St.,Boise St.,471K,471.0,Colorado St.,31.0,30.0,0.0,0.0,0,0.0,1.0,0.0,0.0,0.0,0.0,0.0,0.0,0.0,0.0,0.0,0.0,,,0.0,,,8.5,,,0.0,8.5,,,,1.0,1.0,0.0,0.0,0.0,0.0,0.0,0.0,0.0,0.0,0.0,0.0,0.0,0.0,,0.0,0.0,0.0,0.0,22.0,0,0,0,0,0,1,2023-10-14,2023,1,0,0,0,0,0,0,0,0,0,0,0,0,0,0,0,0,0,0,0,0,0,0,0,0,0,0,0,0,0,0,0.0,0.0,0.0,0.0,0.0,0.0,0.0,0.0,0.0,0.0,0.0,0.0,0.0,6.156978985585555,463.0989948449085,0.0
,10/17/23,Tue,0.8125,7:30p,Jacksonville St.,Western Kentucky,110K,110.0,Jacksonville St.,20.0,17.0,0.0,0.0,0,0.0,0.0,0.0,0.0,0.0,0.0,0.0,1.0,0.0,0.0,0.0,0.0,,,0.0,,,7.0,,,0.0,7.0,,,,3.0,3.0,0.0,0.0,0.0,0.0,0.0,0.0,0.0,0.0,0.0,0.0,0.0,0.0,,0.0,0.0,0.0,0.0,19.5,0,1,0,0,0,0,2023-10-17,2023,1,0,0,0,0,0,0,0,0,0,0,0,0,0,0,0,0,0,0,0,0,0,0,0,0,0,0,0,0,0,0,0.0,0.0,0.0,0.0,0.0,0.0,0.0,0.0,0.0,0.0,0.0,0.0,0.0,4.709530201312334,73.26691010269491,288.1996940935461
,10/17/23,Tue,0.8125,7:30p,South Alabama,Southern Miss,256K,256.0,South Alabama,55.0,3.0,0.0,0.0,0,0.0,0.0,1.0,0.0,0.0,0.0,0.0,0.0,0.0,0.0,0.0,0.0,,,0.0,,,17.0,,,0.0,-17.0,,,,52.0,52.0,0.0,0.0,0.0,0.0,0.0,0.0,0.0,0.0,0.0,0.0,0.0,0.0,,0.0,0.0,0.0,0.0,19.5,0,1,0,0,0,0,2023-10-17,2023,1,0,0,0,0,0,0,0,0,0,0,0,0,0,0,0,0,0,0,0,0,0,0,0,0,0,0,0,0,0,0,0.0,0.0,0.0,0.0,0.0,0.0,0.0,0.0,0.0,0.0,0.0,0.0,0.0,5.54907608489522,288.1996940935461,73.26691010269491
,10/18/23,Wed,0.875,9:00p,UTEP,New Mexico St.,293K,293.0,New Mexico St.,28.0,7.0,0.0,0.0,0,0.0,0.0,1.0,0.0,0.0,0.0,0.0,0.0,0.0,0.0,0.0,0.0,,,0.0,,,1.0,,,0.0,1.0,,,,21.0,21.0,0.0,0.0,0.0,0.0,0.0,0.0,0.0,0.0,0.0,0.0,0.0,0.0,,0.0,0.0,0.0,0.0,21.0,0,1,0,0,0,0,2023-10-18,2023,1,0,0,0,0,0,0,0,0,0,0,0,0,0,0,0,0,0,0,0,0,0,0,0,0,0,0,0,0,0,0,0.0,0.0,0.0,0.0,0.0,0.0,0.0,0.0,0.0,0.0,0.0,0.0,0.0,5.683579767338681,289.5904697754018,0.0
,10/19/23,Thu,0.791666667,7:00p,Tulsa,Rice,179K,179.0,Rice,42.0,10.0,0.0,0.0,0,0.0,0.0,1.0,0.0,0.0,0.0,0.0,0.0,0.0,0.0,0.0,0.0,,,0.0,,,3.0,,,0.0,-3.0,,,,32.0,32.0,0.0,0.0,0.0,0.0,0.0,0.0,0.0,0.0,0.0,0.0,0.0,0.0,,0.0,0.0,0.0,0.0,19.0,0,1,0,0,0,0,2023-10-19,2023,1,0,0,0,0,0,0,0,0,0,0,0,0,0,0,0,0,0,0,0,0,0,0,0,0,0,0,0,0,0,0,0.0,0.0,0.0,0.0,0.0,0.0,0.0,0.0,0.0,0.0,0.0,0.0,0.0,5.19295685089021,232.94315536824809,516.6555398299993
,10/19/23,Thu,0.791666667,7:00p,Marshall,James Madison,603K,603.0,James Madison,20.0,9.0,0.0,0.0,0,0.0,0.0,0.0,0.0,0.0,0.0,0.0,0.0,0.0,0.0,0.0,0.0,,,0.0,,,1.0,,,0.0,1.0,,,,11.0,11.0,0.0,0.0,0.0,0.0,0.0,0.0,0.0,0.0,0.0,0.0,0.0,0.0,,0.0,0.0,0.0,0.0,19.0,0,1,0,0,0,0,2023-10-19,2023,1,0,0,0,0,0,0,0,0,0,0,0,0,0,0,0,0,0,0,0,0,0,0,0,0,0,0,0,0,0,0,0.0,0.0,0.0,0.0,0.0,0.0,0.0,0.0,0.0,0.0,0.0,0.0,0.0,6.403574197934815,516.6555398299993,232.94315536824809
,10/20/23,Fri,0.791666667,7:00p,Temple,SMU,548K,548.0,SMU,55.0,0.0,0.0,0.0,0,0.0,0.0,0.0,0.0,0.0,0.0,0.0,0.0,0.0,0.0,0.0,0.0,,,0.0,,,22.5,,,0.0,22.5,,,,55.0,55.0,0.0,0.0,0.0,0.0,0.0,0.0,0.0,0.0,0.0,0.0,0.0,0.0,,0.0,0.0,0.0,0.0,19.0,0,0,1,0,0,0,2023-10-20,2023,1,0,0,0,0,0,0,0,0,0,0,0,0,0,0,0,0,0,0,0,0,0,0,0,0,0,0,0,0,0,0,0.0,0.0,0.0,0.0,0.0,0.0,0.0,0.0,0.0,0.0,0.0,0.0,1.0,6.3080984415095305,573.9140792576679,0.0
,10/21/23,Sat,0.5,12:00p,Arkansas,Mississippi St.,1.22M,1220.0,Mississippi St.,7.0,3.0,0.0,0.0,1,0.0,0.0,0.0,0.0,0.0,0.0,0.0,0.0,0.0,0.0,0.0,0.0,,,0.0,,,6.5,,,0.0,-6.5,,,,4.0,4.0,1.0,1.0,0.0,0.0,0.0,0.0,0.0,0.0,0.0,2.0,0.0,0.0,,0.0,0.0,0.0,0.0,12.0,0,0,0,1,0,0,2023-10-21,2023,1,0,0,0,0,0,0,0,0,0,0,0,0,0,0,0,0,0,0,0,0,0,0,0,0,0,0,0,0,0,0,0.0,0.0,0.0,0.0,0.0,0.0,0.0,0.0,0.0,0.0,0.0,0.0,0.0,7.107425474110705,1365.894033558327,14630.032774540896
,10/21/23,Sat,0.5,12:00p,Ohio St.,Penn St.,9.96M,9960.0,Ohio St.,20.0,12.0,0.0,2.0,1,1.0,0.0,0.0,0.0,0.0,0.0,0.0,0.0,0.0,0.0,0.0,0.0,,,0.0,,,4.0,,,0.0,-4.0,,,,8.0,8.0,0.0,0.0,1.0,1.0,0.0,0.0,0.0,0.0,0.0,0.0,0.0,2.0,,1.0,1.0,0.0,0.0,12.0,0,0,0,1,0,0,2023-10-21,2023,1,0,0,0,0,0,0,0,0,0,0,0,0,0,0,0,0,0,0,0,0,0,0,1,0,1,0,1,0,0,0,0.0,0.0,0.0,0.0,0.0,0.0,0.0,0.0,0.0,0.0,0.0,0.0,0.0,9.206432747145165,10017.675881964584,5978.2509261346395
,10/21/23,Sat,0.5,12:00p,Oklahoma,UCF,2.17M,2170.0,Oklahoma,31.0,29.0,0.0,1.0,1,0.0,0.0,0.0,0.0,0.0,1.0,0.0,0.0,0.0,0.0,0.0,0.0,,,0.0,,,17.5,,,0.0,-17.5,,,,2.0,2.0,0.0,0.0,0.0,0.0,0.0,0.0,1.0,1.0,2.0,0.0,0.0,0.0,,0.0,1.0,0.0,0.0,12.0,0,0,0,1,0,0,2023-10-21,2023,1,0,0,0,0,0,0,0,0,0,0,0,0,0,0,0,0,0,0,0,0,0,0,0,0,0,0,0,0,0,0,0.0,0.0,0.0,0.0,0.0,0.0,0.0,0.0,0.0,0.0,0.0,0.0,0.0,7.682943169878292,3089.1543520210985,12906.772456078126
,10/21/23,Sat,0.5,12:00p,UAB,Memphis,97K,97.0,Memphis,45.0,21.0,0.0,0.0,2,0.0,0.0,1.0,0.0,0.0,0.0,0.0,0.0,0.0,0.0,0.0,0.0,,,0.0,,,7.0,,,0.0,7.0,,,,24.0,24.0,0.0,0.0,0.0,0.0,0.0,0.0,0.0,0.0,0.0,0.0,0.0,0.0,,0.0,0.0,0.0,0.0,12.0,0,0,0,1,0,0,2023-10-21,2023,1,0,0,0,0,0,0,0,0,0,0,0,0,0,0,0,0,0,0,0,0,0,0,0,0,0,0,0,0,0,0,0.0,0.0,0.0,0.0,0.0,0.0,0.0,0.0,0.0,0.0,0.0,0.0,0.0,4.584967478670572,212.8731261089207,15783.0536819903
,10/21/23,Sat,0.5,12:00p,Indiana,Rutgers,232K,232.0,Rutgers,31.0,14.0,0.0,0.0,2,0.0,0.0,0.0,0.0,0.0,0.0,0.0,0.0,0.0,0.0,1.0,0.0,,,0.0,,,6.0,,,0.0,6.0,,,,17.0,17.0,0.0,0.0,1.0,1.0,0.0,0.0,0.0,0.0,0.0,0.0,0.0,2.0,,0.0,0.0,0.0,0.0,12.0,0,0,0,1,0,0,2023-10-21,2023,1,0,0,0,0,0,0,0,0,0,0,0,0,0,0,0,0,0,0,0,0,0,0,0,0,0,0,0,0,0,0,0.0,0.0,0.0,0.0,0.0,0.0,0.0,0.0,0.0,0.0,0.0,0.0,0.0,5.4510384535657,379.0659015162446,15616.860906582979
,10/21/23,Sat,0.5,12:00p,Navy,Air Force,1.21M,1210.0,Air Force,17.0,6.0,1.0,0.0,1,0.0,0.0,0.0,0.0,1.0,0.0,0.0,0.0,0.0,0.0,0.0,0.0,,,0.0,,,11.5,,,0.0,11.5,,,,11.0,11.0,0.0,0.0,0.0,0.0,0.0,0.0,0.0,0.0,0.0,0.0,0.0,0.0,,0.0,0.0,0.0,1.0,12.0,0,0,0,1,0,0,2023-10-21,2023,1,0,0,0,0,0,0,0,0,0,0,0,0,0,0,0,0,0,0,0,0,0,0,0,0,0,0,0,0,0,0,0.0,0.0,0.0,0.0,0.0,0.0,0.0,0.0,0.0,0.0,0.0,0.0,0.0,7.099201743553092,931.2635129300492,15064.663295169175
,10/21/23,Sat,0.645833333,3:30p,Illinois,Wisconsin,684K,684.0,Wisconsin,25.0,21.0,0.0,0.0,2,0.0,1.0,0.0,0.0,0.0,0.0,0.0,0.0,0.0,0.0,0.0,0.0,,,0.0,,,3.0,,,0.0,3.0,,,,4.0,4.0,0.0,0.0,1.0,1.0,0.0,0.0,0.0,0.0,0.0,0.0,0.0,2.0,,0.0,0.0,0.0,0.0,15.5,0,0,0,0,1,0,2023-10-21,2023,1,0,0,0,0,0,0,0,0,0,0,0,0,0,0,0,0,0,0,0,0,0,0,0,0,0,0,0,0,0,0,0.0,0.0,0.0,0.0,0.0,0.0,0.0,0.0,0.0,0.0,0.0,0.0,0.0,6.529418838262226,657.0033295141571,17225.979463237138
,10/21/23,Sat,0.645833333,3:30p,Oregon,Washington St.,2.35M,2350.0,Oregon,38.0,24.0,0.0,1.0,1,0.0,0.0,0.0,0.0,0.0,1.0,0.0,0.0,0.0,0.0,0.0,0.0,,,0.0,,,20.0,,,0.0,-20.0,,,,14.0,14.0,0.0,0.0,0.0,0.0,0.0,0.0,0.0,0.0,0.0,0.0,0.0,0.0,,0.0,1.0,0.0,0.0,15.5,0,0,0,0,1,0,2023-10-21,2023,1,0,0,0,0,0,0,0,0,0,0,0,0,0,0,0,0,0,0,0,0,0,0,0,0,0,0,0,0,0,0,0.0,0.0,0.0,0.0,0.0,0.0,0.0,0.0,0.0,0.0,0.0,0.0,0.0,7.762596048540069,2591.684591728075,15291.298201023223
,10/21/23,Sat,0.645833333,3:30p,Tulane,North Texas,112K,112.0,Tulane,35.0,28.0,1.0,0.0,2,0.0,0.0,1.0,0.0,0.0,0.0,0.0,0.0,0.0,0.0,0.0,0.0,,,0.0,,,20.0,,,0.0,-20.0,,,,7.0,7.0,0.0,0.0,0.0,0.0,0.0,0.0,0.0,0.0,0.0,0.0,0.0,0.0,,0.0,0.0,0.0,1.0,15.5,0,0,0,0,1,0,2023-10-21,2023,1,0,0,0,0,0,0,0,0,0,0,0,0,0,0,0,0,0,0,0,0,0,0,0,0,0,0,0,0,0,0,0.0,0.0,0.0,0.0,0.0,0.0,0.0,0.0,0.0,0.0,0.0,0.0,0.0,4.727387818712341,198.30914459734123,17684.673648153956
,10/21/23,Sat,0.645833333,3:30p,Iowa,Minnesota,1.68M,1680.0,Minnesota,12.0,10.0,1.0,0.0,1,0.0,0.0,0.0,1.0,0.0,0.0,0.0,0.0,0.0,0.0,0.0,0.0,,,0.0,,,3.5,,,0.0,-3.5,,,,2.0,2.0,0.0,0.0,1.0,1.0,0.0,0.0,0.0,0.0,0.0,0.0,0.0,2.0,,0.0,0.0,0.0,1.0,15.5,0,0,0,0,1,0,2023-10-21,2023,1,0,0,0,0,0,0,0,0,0,0,0,0,0,0,0,0,0,0,0,0,0,0,0,0,0,0,0,0,0,0,0.0,0.0,0.0,0.0,0.0,0.0,0.0,0.0,0.0,0.0,0.0,0.0,0.0,7.427144133408616,2178.92550586351,15704.057286887786
,10/21/23,Sat,0.645833333,3:30p,Alabama,Tennessee,8.01M,8010.0,Alabama,34.0,20.0,2.0,0.0,1,0.0,0.0,0.0,0.0,1.0,0.0,0.0,0.0,0.0,0.0,0.0,0.0,,,0.0,,,9.5,,,0.0,-9.5,,,,14.0,14.0,1.0,1.0,0.0,0.0,0.0,0.0,0.0,0.0,0.0,2.0,0.0,0.0,,0.0,0.0,1.0,1.0,15.5,0,0,0,0,1,0,2023-10-21,2023,1,0,0,0,0,0,0,0,0,0,0,0,0,0,0,0,0,0,0,0,0,0,0,0,0,1,1,0,0,0,0,0.0,0.0,0.0,0.0,0.0,0.0,0.0,0.0,0.0,0.0,0.0,0.0,0.0,8.988570876215118,7560.080510761637,10322.90228198966
,10/21/23,Sat,0.645833333,3:30p,Nebraska,Northwestern,560K,560.0,Nebraska,17.0,9.0,0.0,0.0,2,0.0,0.0,0.0,0.0,0.0,0.0,0.0,0.0,0.0,0.0,1.0,0.0,,,0.0,,,10.5,,,0.0,-10.5,,,,8.0,8.0,0.0,0.0,1.0,1.0,0.0,0.0,0.0,0.0,0.0,0.0,0.0,2.0,,0.0,0.0,0.0,0.0,15.5,0,0,0,0,1,0,2023-10-21,2023,1,0,0,0,0,0,0,0,0,0,0,0,0,0,0,0,0,0,0,0,0,0,0,0,0,0,0,0,0,0,0,0.0,0.0,0.0,0.0,0.0,0.0,0.0,0.0,0.0,0.0,0.0,0.0,0.0,6.329720905522696,722.3701179778816,17160.612674773416
,10/21/23,Sat,0.645833333,3:30p,West Virginia,Oklahoma St.,1.01M,1010.0,Oklahoma St.,48.0,34.0,0.0,0.0,1,0.0,0.0,0.0,0.0,0.0,0.0,0.0,0.0,0.0,0.0,0.0,0.0,,,0.0,,,3.0,,,0.0,-3.0,,,,14.0,14.0,0.0,0.0,0.0,0.0,0.0,0.0,1.0,1.0,2.0,0.0,0.0,0.0,,0.0,0.0,0.0,0.0,15.5,0,0,0,0,1,0,2023-10-21,2023,1,0,0,0,0,0,0,0,0,0,0,0,0,0,0,0,0,0,0,0,0,0,0,0,0,0,0,0,0,0,0,0.0,0.0,0.0,0.0,0.0,0.0,0.0,0.0,0.0,0.0,0.0,0.0,0.0,6.918695219020472,1163.3266483931504,16719.656144358145
,10/21/23,Sat,0.666666667,4:00p,Houston,Texas,3.08M,3080.0,Texas,31.0,24.0,0.0,1.0,1,1.0,0.0,0.0,0.0,0.0,0.0,0.0,0.0,0.0,0.0,0.0,0.0,,,0.0,,,23.5,,,0.0,23.5,,,,7.0,7.0,0.0,0.0,0.0,0.0,0.0,0.0,1.0,1.0,2.0,0.0,0.0,0.0,,0.0,1.0,0.0,0.0,16.0,0,0,0,0,1,0,2023-10-21,2023,1,0,0,0,0,0,0,0,0,0,0,0,0,0,0,0,0,0,0,0,0,0,0,0,0,0,0,0,0,0,0,0.0,0.0,0.0,0.0,0.0,0.0,0.0,0.0,0.0,0.0,0.0,0.0,0.0,8.033009498596668,2754.5693706317243,15128.41342211957
,10/21/23,Sat,0.666666667,4:00p,Miami Ohio,Toledo,46K,46.0,Toledo,21.0,17.0,0.0,0.0,1,0.0,0.0,0.0,0.0,0.0,0.0,0.0,1.0,0.0,0.0,0.0,0.0,,,0.0,,,2.0,,,0.0,2.0,,,,4.0,4.0,0.0,0.0,0.0,0.0,0.0,0.0,0.0,0.0,0.0,0.0,0.0,0.0,,0.0,0.0,0.0,0.0,16.0,0,0,0,0,1,0,2023-10-21,2023,1,0,0,0,0,0,0,0,0,0,0,0,0,0,0,0,0,0,0,0,0,0,0,0,0,0,0,0,0,0,0,0.0,0.0,0.0,0.0,0.0,0.0,0.0,0.0,0.0,0.0,0.0,0.0,0.0,3.8501476017100584,56.7135732838206,17826.269219467475
,10/21/23,Sat,0.770833333,6:30p,North Carolina,Virginia,788K,788.0,Virginia,31.0,27.0,0.0,1.0,2,0.0,0.0,0.0,0.0,0.0,0.0,1.0,0.0,0.0,0.0,0.0,0.0,,,0.0,,,24.0,,,0.0,-24.0,,,,4.0,4.0,0.0,0.0,0.0,0.0,1.0,1.0,0.0,0.0,0.0,0.0,2.0,0.0,,0.0,1.0,0.0,0.0,18.5,0,0,0,0,0,0,2023-10-21,2023,1,0,0,0,0,0,0,0,0,0,0,0,0,0,0,0,0,0,0,0,0,0,0,0,0,0,0,0,0,0,0,0.0,0.0,0.0,0.0,0.0,0.0,0.0,0.0,0.0,0.0,0.0,0.0,0.0,6.670766320845874,846.4664019296541,12419.452317529438
,10/21/23,Sat,0.791666667,7:00p,Auburn,Mississippi,1.8M,1800.0,Mississippi,28.0,21.0,1.0,0.0,1,0.0,0.0,0.0,0.0,0.0,0.0,0.0,0.0,0.0,0.0,0.0,0.0,,,0.0,,,6.5,,,0.0,6.5,,,,7.0,7.0,1.0,1.0,0.0,0.0,0.0,0.0,0.0,0.0,0.0,2.0,0.0,0.0,,0.0,0.0,1.0,0.0,19.0,0,0,0,0,0,0,2023-10-21,2023,1,0,0,0,0,0,0,0,0,0,0,0,0,0,0,0,0,0,0,0,0,0,0,0,0,0,0,0,0,0,0,0.0,0.0,0.0,0.0,0.0,0.0,0.0,0.0,0.0,0.0,0.0,0.0,0.0,7.496097345175956,2281.4949756657975,13702.40415796197
,10/21/23,Sat,0.791666667,7:00p,BYU,Texas Tech,545K,545.0,BYU,27.0,14.0,0.0,0.0,2,0.0,1.0,0.0,0.0,0.0,0.0,0.0,0.0,0.0,0.0,0.0,0.0,,,0.0,,,3.0,,,0.0,3.0,,,,13.0,13.0,0.0,0.0,0.0,0.0,0.0,0.0,1.0,1.0,2.0,0.0,0.0,0.0,,0.0,0.0,0.0,0.0,19.0,0,0,0,0,0,0,2023-10-21,2023,1,0,0,0,0,0,0,0,0,0,0,0,0,0,0,0,0,0,0,0,0,0,0,0,0,0,0,0,0,0,0,0.0,0.0,0.0,0.0,0.0,0.0,0.0,0.0,0.0,0.0,0.0,0.0,0.0,6.302618975744905,492.67412112337274,15491.225012504394
,10/21/23,Sat,0.791666667,7:00p,Old Dominion,Appalachian St.,60K,60.0,Old Dominion,28.0,21.0,0.0,0.0,2,0.0,0.0,0.0,0.0,0.0,0.0,0.0,0.0,0.0,1.0,0.0,0.0,,,0.0,,,5.5,,,0.0,5.5,,,,7.0,7.0,0.0,0.0,0.0,0.0,0.0,0.0,0.0,0.0,0.0,0.0,0.0,0.0,,0.0,0.0,0.0,0.0,19.0,0,0,0,0,0,0,2023-10-21,2023,1,0,0,0,0,0,0,0,0,0,0,0,0,0,0,0,0,0,0,0,0,0,0,0,0,0,0,0,0,0,0,0.0,0.0,0.0,0.0,0.0,0.0,0.0,0.0,0.0,0.0,0.0,0.0,0.0,4.110873864173311,123.78454082293698,15860.114592804832
,10/21/23,Sat,0.791666667,7:00p,Kansas St.,TCU,432K,432.0,Kansas St.,41.0,3.0,0.0,0.0,2,0.0,0.0,1.0,0.0,0.0,0.0,0.0,0.0,0.0,0.0,0.0,0.0,,,0.0,,,6.0,,,0.0,-6.0,,,,38.0,38.0,0.0,0.0,0.0,0.0,0.0,0.0,1.0,1.0,2.0,0.0,0.0,0.0,,0.0,0.0,0.0,0.0,19.0,0,0,0,0,0,0,2023-10-21,2023,1,0,0,0,0,0,0,0,0,0,0,0,0,0,0,0,0,0,0,0,0,0,0,0,0,0,0,0,0,0,0,0.0,0.0,0.0,0.0,0.0,0.0,0.0,0.0,0.0,0.0,0.0,0.0,0.0,6.07073772800249,624.6058902358404,15359.293243391927
,10/21/23,Sat,0.8125,7:30p,Florida St.,Duke,4.08M,4080.0,Florida St.,38.0,20.0,1.0,1.0,1,0.0,0.0,0.0,0.0,0.0,1.0,0.0,0.0,0.0,0.0,0.0,0.0,,,0.0,,,14.5,,,0.0,-14.5,,,,18.0,18.0,0.0,0.0,0.0,0.0,1.0,1.0,0.0,0.0,0.0,0.0,2.0,0.0,,1.0,0.0,0.0,1.0,19.5,0,0,0,0,0,0,2023-10-21,2023,1,0,0,0,0,0,0,0,0,0,0,0,0,0,0,0,0,0,0,0,0,0,0,0,0,1,0,0,1,0,0,0.0,0.0,0.0,0.0,0.0,0.0,0.0,0.0,0.0,0.0,0.0,0.0,0.0,8.314097335405807,4030.227244708952,11953.671888918816
,10/21/23,Sat,0.8125,7:30p,Michigan St.,Michigan,3.73M,3730.0,Michigan,49.0,0.0,0.0,1.0,1,0.0,0.0,0.0,1.0,0.0,0.0,0.0,0.0,0.0,0.0,0.0,0.0,,,0.0,,,24.5,,,0.0,24.5,,,,49.0,49.0,0.0,0.0,1.0,1.0,0.0,0.0,0.0,0.0,0.0,0.0,0.0,2.0,,1.0,0.0,0.0,0.0,19.5,0,0,0,0,0,0,2023-10-21,2023,1,0,0,0,0,0,0,0,0,0,0,0,0,0,0,0,0,0,0,0,0,0,0,0,0,0,0,0,0,0,0,0.0,0.0,0.0,0.0,0.0,0.0,0.0,0.0,0.0,0.0,0.0,0.0,0.0,8.224431573221159,4866.665544972538,11117.23358865523
,10/21/23,Sat,0.833333333,8:00p,USC,Utah,3.23M,3230.0,Utah,34.0,32.0,2.0,0.0,1,1.0,0.0,0.0,0.0,0.0,0.0,0.0,0.0,0.0,0.0,0.0,0.0,,,0.0,,,6.5,,,0.0,-6.5,,,,2.0,2.0,0.0,0.0,0.0,0.0,0.0,0.0,0.0,0.0,0.0,0.0,0.0,0.0,,0.0,0.0,1.0,1.0,20.0,0,0,0,0,0,0,2023-10-21,2023,1,0,0,0,0,0,0,0,0,0,0,0,0,0,0,0,0,0,0,0,0,0,0,0,0,1,0,0,0,0,0,0.0,0.0,0.0,0.0,0.0,0.0,0.0,0.0,0.0,0.0,0.0,0.0,0.0,8.080546965824498,2672.81814712972,12562.910992858366
,10/21/23,Sat,0.833333333,8:00p,Louisiana,Georgia St.,25K,25.0,Georgia St.,20.0,17.0,0.0,0.0,1,0.0,0.0,0.0,0.0,0.0,0.0,0.0,1.0,0.0,0.0,0.0,0.0,,,0.0,,,3.5,,,0.0,-3.5,,,,3.0,3.0,0.0,0.0,0.0,0.0,0.0,0.0,0.0,0.0,0.0,0.0,0.0,0.0,,0.0,0.0,0.0,0.0,20.0,0,0,0,0,0,0,2023-10-21,2023,1,0,0,0,0,0,0,0,0,0,0,0,0,0,0,0,0,0,0,0,0,0,0,0,0,0,0,0,0,0,0,0.0,0.0,0.0,0.0,0.0,0.0,0.0,0.0,0.0,0.0,0.0,0.0,0.0,3.258096538021482,45.1622670389572,15190.566872949128
,10/21/23,Sat,0.875,9:00p,San Diego St.,Nevada,47K,47.0,Nevada,6.0,0.0,0.0,0.0,0,0.0,0.0,0.0,0.0,0.0,0.0,0.0,0.0,1.0,0.0,0.0,0.0,,,0.0,,,11.5,,,0.0,-11.5,,,,6.0,6.0,0.0,0.0,0.0,0.0,0.0,0.0,0.0,0.0,0.0,0.0,0.0,0.0,,0.0,0.0,0.0,0.0,21.0,0,0,0,0,0,0,2023-10-21,2023,1,0,0,0,0,0,0,0,0,0,0,0,0,0,0,0,0,0,0,0,0,0,0,0,0,0,0,0,0,0,0,0.0,0.0,0.0,0.0,0.0,0.0,0.0,0.0,0.0,0.0,0.0,0.0,0.0,3.871201010907891,98.29640828997233,2717.980414168677
,10/21/23,Sat,0.9375,10:30p,Stanford,UCLA,852K,852.0,UCLA,42.0,7.0,1.0,0.0,0,0.0,0.0,0.0,0.0,0.0,0.0,0.0,0.0,0.0,0.0,0.0,0.0,,,0.0,,,17.0,,,0.0,17.0,,,,35.0,35.0,0.0,0.0,0.0,0.0,0.0,0.0,0.0,0.0,0.0,0.0,0.0,0.0,,0.0,0.0,0.0,1.0,22.5,0,0,0,0,0,1,2023-10-21,2023,1,0,0,0,0,0,0,0,0,0,0,0,0,0,0,0,0,0,0,0,0,0,0,0,0,0,0,0,0,0,0,0.0,0.0,0.0,0.0,0.0,0.0,0.0,0.0,0.0,0.0,0.0,0.0,0.0,6.748759547491679,1217.9187509431056,751.2171636006707
,10/21/23,Sat,0.9375,10:30p,Washington,Arizona St.,1.08M,1080.0,Washington,15.0,7.0,0.0,1.0,0,0.0,1.0,0.0,0.0,0.0,0.0,0.0,0.0,0.0,0.0,0.0,0.0,,,0.0,,,27.5,,,0.0,-27.5,,,,8.0,8.0,0.0,0.0,0.0,0.0,0.0,0.0,0.0,0.0,0.0,0.0,0.0,0.0,,1.0,0.0,0.0,0.0,22.5,0,0,0,0,0,1,2023-10-21,2023,1,0,0,0,0,0,0,0,0,0,0,0,0,0,0,0,0,0,0,0,0,0,0,0,0,0,0,0,0,0,0,0.0,0.0,0.0,0.0,0.0,0.0,0.0,0.0,0.0,0.0,0.0,0.0,0.0,6.985641817639208,751.2171636006707,1217.9187509431056
,10/24/23,Tue,0.8125,7:30p,Western Kentucky,Liberty,136K,136.0,Liberty,42.0,29.0,0.0,0.0,0,0.0,0.0,0.0,0.0,0.0,0.0,0.0,1.0,0.0,0.0,0.0,0.0,,,0.0,,,4.0,,,0.0,4.0,,,,13.0,13.0,0.0,0.0,0.0,0.0,0.0,0.0,0.0,0.0,0.0,0.0,0.0,0.0,,0.0,0.0,0.0,0.0,19.5,0,1,0,0,0,0,2023-10-24,2023,1,0,0,0,0,0,0,0,0,0,0,0,0,0,0,0,0,0,0,0,0,0,0,0,0,0,0,0,0,0,0,0.0,0.0,0.0,0.0,0.0,0.0,0.0,0.0,0.0,0.0,0.0,0.0,0.0,4.919980925828125,101.92291131157698,0.0
,10/25/23,Wed,0.833333333,8:00p,Sam Houston,UTEP,332K,332.0,UTEP,37.0,34.0,0.0,0.0,0,0.0,0.0,1.0,0.0,0.0,0.0,0.0,0.0,0.0,0.0,0.0,0.0,,,0.0,,,3.0,,,0.0,-3.0,,,,3.0,3.0,0.0,0.0,0.0,0.0,0.0,0.0,0.0,0.0,0.0,0.0,0.0,0.0,,0.0,0.0,0.0,0.0,20.0,0,1,0,0,0,0,2023-10-25,2023,1,0,0,0,0,0,0,0,0,0,0,0,0,0,0,0,0,0,0,0,0,0,0,0,0,0,0,0,0,0,0,0.0,0.0,0.0,0.0,0.0,0.0,0.0,0.0,0.0,0.0,0.0,0.0,0.0,5.808142489980444,302.11399153295616,0.0
,10/26/23,Thu,0.8125,7:30p,Georgia Southern,Georgia St.,242K,242.0,Georgia Southern,44.0,27.0,0.0,0.0,0,0.0,0.0,1.0,0.0,0.0,0.0,0.0,0.0,0.0,0.0,0.0,0.0,,,0.0,,,1.5,,,0.0,-1.5,,,,17.0,17.0,0.0,0.0,0.0,0.0,0.0,0.0,0.0,0.0,0.0,0.0,0.0,0.0,,0.0,0.0,0.0,0.0,19.5,0,1,0,0,0,0,2023-10-26,2023,1,0,0,0,0,0,0,0,0,0,0,0,0,0,0,0,0,0,0,0,0,0,0,0,0,0,0,0,0,0,0,0.0,0.0,0.0,0.0,0.0,0.0,0.0,0.0,0.0,0.0,0.0,0.0,0.0,5.493061443340548,225.49723766934784,1536.5279605732128
,10/26/23,Thu,0.8125,7:30p,Virginia Tech,Syracuse,782K,782.0,Virginia Tech,38.0,10.0,0.0,0.0,0,0.0,0.0,0.0,0.0,0.0,0.0,0.0,0.0,0.0,0.0,0.0,0.0,,,0.0,,,2.5,,,0.0,-2.5,,,,28.0,28.0,0.0,0.0,0.0,0.0,1.0,1.0,0.0,0.0,0.0,0.0,2.0,0.0,,0.0,0.0,0.0,0.0,19.5,0,1,0,0,0,0,2023-10-26,2023,1,0,0,0,0,0,0,0,0,0,0,0,0,0,0,0,0,0,0,0,0,0,0,0,0,0,0,0,0,0,0,0.0,0.0,0.0,0.0,0.0,0.0,0.0,0.0,0.0,0.0,0.0,0.0,0.0,6.663132695990803,1536.5279605732128,225.49723766934784
,10/27/23,Fri,0.8125,7:30p,Charlotte,FAU,329K,329.0,FAU,38.0,16.0,0.0,0.0,0,0.0,0.0,1.0,0.0,0.0,0.0,0.0,0.0,0.0,0.0,0.0,0.0,,,0.0,,,4.0,,,0.0,4.0,,,,22.0,22.0,0.0,0.0,0.0,0.0,0.0,0.0,0.0,0.0,0.0,0.0,0.0,0.0,,0.0,0.0,0.0,0.0,19.5,0,0,1,0,0,0,2023-10-27,2023,1,0,0,0,0,0,0,0,0,0,0,0,0,0,0,0,0,0,0,0,0,0,0,0,0,0,0,0,0,0,0,0.0,1.0,0.0,0.0,0.0,0.0,0.0,0.0,0.0,0.0,0.0,0.0,0.0,5.799092654460526,297.2511531843485,0.0
,10/28/23,Sat,0.5,12:00p,Wake Forest,Florida St.,2.09M,2090.0,Florida St.,41.0,16.0,0.0,1.0,2,0.0,0.0,0.0,0.0,0.0,1.0,0.0,0.0,0.0,0.0,0.0,0.0,,,0.0,,,20.5,,,0.0,20.5,,,,25.0,25.0,0.0,0.0,0.0,0.0,1.0,1.0,0.0,0.0,0.0,0.0,2.0,0.0,,1.0,0.0,0.0,0.0,12.0,0,0,0,1,0,0,2023-10-28,2023,1,0,0,0,0,0,0,0,0,0,0,0,0,0,0,0,0,0,0,0,0,0,0,0,0,0,0,0,0,0,0,0.0,0.0,0.0,0.0,0.0,0.0,0.0,0.0,0.0,0.0,0.0,0.0,0.0,7.645397699428633,2422.4366277782506,10730.150627967869
,10/28/23,Sat,0.5,12:00p,Kansas,Oklahoma,3.6M,3600.0,Kansas,38.0,33.0,0.0,1.0,2,1.0,0.0,0.0,0.0,0.0,0.0,0.0,0.0,0.0,0.0,0.0,0.0,,,0.0,,,9.0,,,0.0,9.0,,,,5.0,5.0,0.0,0.0,0.0,0.0,0.0,0.0,1.0,1.0,2.0,0.0,0.0,0.0,,0.0,1.0,0.0,0.0,12.0,0,0,0,1,0,0,2023-10-28,2023,1,0,0,0,0,0,0,0,0,0,0,0,0,0,0,0,0,0,0,0,0,0,0,0,0,0,0,0,0,0,0,0.0,0.0,0.0,0.0,0.0,0.0,0.0,0.0,0.0,0.0,0.0,0.0,0.0,8.188966863648876,3563.8525377752476,9588.734717970872
,10/28/23,Sat,0.5,12:00p,Kansas St.,Houston,371K,371.0,Kansas St.,41.0,0.0,0.0,0.0,3,0.0,0.0,1.0,0.0,0.0,0.0,0.0,0.0,0.0,0.0,0.0,0.0,,,0.0,,,17.5,,,0.0,-17.5,,,,41.0,41.0,0.0,0.0,0.0,0.0,0.0,0.0,1.0,1.0,2.0,0.0,0.0,0.0,,0.0,0.0,0.0,0.0,12.0,0,0,0,1,0,0,2023-10-28,2023,1,0,0,0,0,0,0,0,0,0,0,0,0,0,0,0,0,0,0,0,0,0,0,0,0,0,0,0,0,0,0,0.0,0.0,0.0,0.0,0.0,0.0,0.0,0.0,0.0,0.0,0.0,0.0,0.0,5.918893854273146,463.6949523040884,12688.892303442033
,10/28/23,Sat,0.5,12:00p,UCF,West Virginia,409K,409.0,West Virginia,41.0,28.0,0.0,0.0,3,0.0,1.0,0.0,0.0,0.0,0.0,0.0,0.0,0.0,0.0,0.0,0.0,,,0.0,,,7.0,,,0.0,-7.0,,,,13.0,13.0,0.0,0.0,0.0,0.0,0.0,0.0,1.0,1.0,2.0,0.0,0.0,0.0,,0.0,0.0,0.0,0.0,12.0,0,0,0,1,0,0,2023-10-28,2023,1,0,0,0,0,0,0,0,0,0,0,0,0,0,0,0,0,0,0,0,0,0,0,0,0,0,0,0,0,0,0,0.0,0.0,0.0,0.0,0.0,0.0,0.0,0.0,0.0,0.0,0.0,0.0,0.0,6.016157159698354,459.79726257853497,12692.789993167586
,10/28/23,Sat,0.5,12:00p,Penn St.,Indiana,3.4M,3400.0,Penn St.,33.0,24.0,0.0,1.0,2,0.0,0.0,0.0,0.0,1.0,0.0,0.0,0.0,0.0,0.0,0.0,0.0,,,0.0,,,32.0,,,0.0,-32.0,,,,9.0,9.0,0.0,0.0,1.0,1.0,0.0,0.0,0.0,0.0,0.0,0.0,0.0,2.0,,0.0,1.0,0.0,0.0,12.0,0,0,0,1,0,0,2023-10-28,2023,1,0,0,0,0,0,0,0,0,0,0,0,0,0,0,0,0,0,0,0,0,0,0,0,0,0,0,0,0,0,0,0.0,0.0,0.0,0.0,0.0,0.0,0.0,0.0,0.0,0.0,0.0,0.0,0.0,8.131824785007195,3129.3509515204796,10023.23630422564
,10/28/23,Sat,0.5,12:00p,Northwestern,Maryland,270K,270.0,Northwestern,33.0,27.0,0.0,0.0,3,0.0,0.0,0.0,0.0,0.0,0.0,0.0,0.0,0.0,0.0,1.0,0.0,,,0.0,,,13.5,,,0.0,13.5,,,,6.0,6.0,0.0,0.0,1.0,1.0,0.0,0.0,0.0,0.0,0.0,0.0,0.0,2.0,,0.0,0.0,0.0,0.0,12.0,0,0,0,1,0,0,2023-10-28,2023,1,0,0,0,0,0,0,0,0,0,0,0,0,0,0,0,0,0,0,0,0,0,0,0,0,0,0,0,0,0,0,0.0,0.0,0.0,0.0,0.0,0.0,0.0,0.0,0.0,0.0,0.0,0.0,0.0,5.602118820879701,338.3082355204506,12814.27902022567
,10/28/23,Sat,0.5,12:00p,Texas A&M,South Carolina,1.9M,1900.0,Texas A&M,30.0,17.0,0.0,0.0,2,0.0,0.0,0.0,0.0,0.0,0.0,0.0,0.0,0.0,0.0,0.0,0.0,,,0.0,,,14.5,,,0.0,-14.5,,,,13.0,13.0,1.0,1.0,0.0,0.0,0.0,0.0,0.0,0.0,0.0,2.0,0.0,0.0,,0.0,0.0,0.0,0.0,12.0,0,0,0,1,0,0,2023-10-28,2023,1,0,0,0,0,0,0,0,0,0,0,0,0,0,0,0,0,0,0,0,0,0,0,0,0,0,0,0,0,0,0,0.0,0.0,0.0,0.0,0.0,0.0,0.0,0.0,0.0,0.0,0.0,0.0,0.0,7.550135342488429,1937.6665767739662,11214.920678972154
,10/28/23,Sat,0.5,12:00p,SMU,Tulsa,33K,33.0,SMU,69.0,10.0,0.0,0.0,2,0.0,0.0,0.0,0.0,0.0,0.0,0.0,1.0,0.0,0.0,0.0,0.0,,,0.0,,,20.5,,,0.0,-20.5,,,,59.0,59.0,0.0,0.0,0.0,0.0,0.0,0.0,0.0,0.0,0.0,0.0,0.0,0.0,,0.0,0.0,0.0,0.0,12.0,0,0,0,1,0,0,2023-10-28,2023,1,0,0,0,0,0,0,0,0,0,0,0,0,0,0,0,0,0,0,0,0,0,0,0,0,0,0,0,0,0,0,0.0,0.0,0.0,0.0,0.0,0.0,0.0,0.0,0.0,0.0,0.0,0.0,0.0,3.5263605246161616,62.98125439972131,13089.606001346401
,10/28/23,Sat,0.541666667,1:00p,North Carolina St.,Clemson,642K,642.0,North Carolina St.,24.0,17.0,0.0,0.0,3,0.0,0.0,0.0,0.0,0.0,0.0,1.0,0.0,0.0,0.0,0.0,0.0,,,0.0,,,10.0,,,0.0,10.0,,,,7.0,7.0,0.0,0.0,0.0,0.0,1.0,1.0,0.0,0.0,0.0,0.0,2.0,0.0,,0.0,0.0,0.0,0.0,13.0,0,0,0,1,0,0,2023-10-28,2023,1,0,0,0,0,0,0,0,0,0,0,0,0,0,0,0,0,0,0,0,0,0,0,0,0,0,0,0,0,0,0,0.0,0.0,0.0,0.0,0.0,0.0,0.0,0.0,0.0,0.0,0.0,0.0,0.0,6.466144724237619,774.4988570953811,12378.08839865074
,10/28/23,Sat,0.645833333,3:30p,Utah,Oregon,2.81M,2810.0,Oregon,35.0,6.0,1.0,1.0,2,1.0,0.0,0.0,0.0,0.0,0.0,0.0,0.0,0.0,0.0,0.0,0.0,,,0.0,,,6.5,,,0.0,6.5,,,,29.0,29.0,0.0,0.0,0.0,0.0,0.0,0.0,0.0,0.0,0.0,0.0,0.0,0.0,,0.0,1.0,1.0,0.0,15.5,0,0,0,0,1,0,2023-10-28,2023,1,0,0,0,0,0,0,0,0,0,0,0,0,0,0,0,0,0,0,0,0,0,0,0,0,1,0,0,0,0,0,0.0,0.0,0.0,0.0,0.0,0.0,0.0,0.0,0.0,0.0,0.0,0.0,0.0,7.941295570906532,3086.102915093672,15235.45632764519
,10/28/23,Sat,0.645833333,3:30p,Nebraska,Purdue,1.02M,1020.0,Nebraska,31.0,14.0,0.0,0.0,3,0.0,1.0,0.0,0.0,0.0,0.0,0.0,0.0,0.0,0.0,0.0,0.0,,,0.0,,,2.5,,,0.0,-2.5,,,,17.0,17.0,0.0,0.0,1.0,1.0,0.0,0.0,0.0,0.0,0.0,0.0,0.0,2.0,,0.0,0.0,0.0,0.0,15.5,0,0,0,0,1,0,2023-10-28,2023,1,0,0,0,0,0,0,0,0,0,0,0,0,0,0,0,0,0,0,0,0,0,0,0,0,0,0,0,0,0,0,0.0,0.0,0.0,0.0,0.0,0.0,0.0,0.0,0.0,0.0,0.0,0.0,0.0,6.928537818164665,867.8005189595129,17453.758723779352
,10/28/23,Sat,0.645833333,3:30p,Notre Dame,Pittsburgh,1.89M,1890.0,Notre Dame,58.0,7.0,1.0,0.0,2,0.0,0.0,0.0,1.0,0.0,0.0,0.0,0.0,0.0,0.0,0.0,0.0,,,0.0,,,20.5,,,0.0,-20.5,,,,51.0,51.0,0.0,0.0,0.0,0.0,0.0,1.0,0.0,0.0,0.0,0.0,1.0,0.0,,0.0,0.0,1.0,0.0,15.5,0,0,0,0,1,0,2023-10-28,2023,1,0,0,0,0,0,0,0,0,0,0,0,0,0,0,0,0,0,0,0,0,0,0,0,0,0,0,0,0,0,0,0.0,0.0,0.0,0.0,0.0,0.0,0.0,0.0,0.0,0.0,0.0,0.0,0.0,7.544861068658458,2397.9246994128166,15923.634543326049
,10/28/23,Sat,0.645833333,3:30p,Louisville,Duke,928K,928.0,Louisville,23.0,0.0,2.0,0.0,2,0.0,0.0,0.0,0.0,0.0,0.0,0.0,0.0,0.0,0.0,0.0,0.0,,,0.0,,,4.5,,,0.0,-4.5,,,,23.0,23.0,0.0,0.0,0.0,0.0,1.0,1.0,0.0,0.0,0.0,0.0,2.0,0.0,,0.0,0.0,0.0,2.0,15.5,0,0,0,0,1,0,2023-10-28,2023,1,0,0,0,0,0,0,0,0,0,0,0,0,0,0,0,0,0,0,0,0,0,0,0,0,1,0,0,1,0,0,0.0,0.0,0.0,0.0,0.0,0.0,0.0,0.0,0.0,0.0,0.0,0.0,0.0,6.834108738813838,1332.2060389974888,16989.353203741375
,10/28/23,Sat,0.645833333,3:30p,Texas,BYU,2.38M,2380.0,Texas,35.0,6.0,0.0,1.0,2,0.0,0.0,0.0,0.0,0.0,1.0,0.0,0.0,0.0,0.0,0.0,0.0,,,0.0,,,18.5,,,0.0,-18.5,,,,29.0,29.0,0.0,0.0,0.0,0.0,0.0,0.0,1.0,1.0,2.0,0.0,0.0,0.0,,0.0,1.0,0.0,0.0,15.5,0,0,0,0,1,0,2023-10-28,2023,1,0,0,0,0,0,0,0,0,0,0,0,0,0,0,0,0,0,0,0,0,0,0,0,0,0,0,0,0,0,0,0.0,0.0,0.0,0.0,0.0,0.0,0.0,0.0,0.0,0.0,0.0,0.0,0.0,7.7752758464868625,3918.260412279396,14403.298830459467
,10/28/23,Sat,0.645833333,3:30p,Florida,Georgia,5.95M,5950.0,Georgia,43.0,20.0,0.0,1.0,2,0.0,0.0,0.0,0.0,1.0,0.0,0.0,0.0,0.0,0.0,0.0,0.0,,,0.0,,,14.5,,,0.0,14.5,,,,23.0,23.0,1.0,1.0,0.0,0.0,0.0,0.0,0.0,0.0,0.0,2.0,0.0,0.0,,1.0,0.0,0.0,0.0,15.5,0,0,0,0,1,0,2023-10-28,2023,1,0,0,0,0,1,0,0,0,0,0,0,0,0,0,0,0,0,0,0,0,0,0,0,0,0,0,0,0,0,0,0.0,0.0,0.0,0.0,0.0,0.0,0.0,0.0,0.0,0.0,0.0,0.0,0.0,8.691314551644853,5893.336694817109,12428.222547921754
,10/28/23,Sat,0.645833333,3:30p,Minnesota,Michigan St.,783K,783.0,Minnesota,27.0,12.0,0.0,0.0,3,0.0,0.0,0.0,0.0,0.0,0.0,0.0,0.0,0.0,0.0,1.0,0.0,,,0.0,,,7.0,,,0.0,-7.0,,,,15.0,15.0,0.0,0.0,1.0,1.0,0.0,0.0,0.0,0.0,0.0,0.0,0.0,2.0,,0.0,0.0,0.0,0.0,15.5,0,0,0,0,1,0,2023-10-28,2023,1,0,0,0,0,0,0,0,0,0,0,0,0,0,0,0,0,0,0,0,0,0,0,0,0,0,0,0,0,0,0,0.0,0.0,0.0,0.0,0.0,0.0,0.0,0.0,0.0,0.0,0.0,0.0,0.0,6.664409020350408,627.8094042791148,17693.74983845975
,10/28/23,Sat,0.666666667,4:00p,Rice,Tulane,215K,215.0,Tulane,30.0,28.0,1.0,0.0,3,0.0,0.0,1.0,0.0,0.0,0.0,0.0,0.0,0.0,0.0,0.0,0.0,,,0.0,,,10.5,,,0.0,10.5,,,,2.0,2.0,0.0,0.0,0.0,0.0,0.0,0.0,0.0,0.0,0.0,0.0,0.0,0.0,,0.0,0.0,0.0,1.0,16.0,0,0,0,0,1,0,2023-10-28,2023,1,0,0,0,0,0,0,0,0,0,0,0,0,0,0,0,0,0,0,0,0,0,0,0,0,0,0,0,0,0,0,0.0,0.0,0.0,0.0,0.0,0.0,0.0,0.0,0.0,0.0,0.0,0.0,0.0,5.375278407684165,198.11855889975365,18123.44068383911
,10/28/23,Sat,0.729166667,5:30p,Boise St.,Wyoming,169K,169.0,Boise St.,32.0,7.0,0.0,0.0,0,0.0,0.0,0.0,0.0,0.0,0.0,0.0,0.0,1.0,0.0,0.0,0.0,,,0.0,,,5.0,,,0.0,-5.0,,,,25.0,25.0,0.0,0.0,0.0,0.0,0.0,0.0,0.0,0.0,0.0,0.0,0.0,0.0,,0.0,0.0,0.0,0.0,17.5,0,0,0,0,1,0,2023-10-28,2023,1,0,0,0,0,0,0,0,0,0,0,0,0,0,0,0,0,0,0,0,0,0,0,0,0,0,0,0,0,0,0,0.0,0.0,0.0,0.0,0.0,0.0,0.0,0.0,0.0,0.0,0.0,0.0,0.0,5.135798437050262,188.56111456397983,90.40972805980117
,10/28/23,Sat,0.75,6:00p,Coastal Carolina,Marshall,60K,60.0,Coastal Carolina,34.0,6.0,0.0,0.0,0,0.0,0.0,0.0,0.0,0.0,0.0,0.0,0.0,0.0,1.0,0.0,0.0,,,0.0,,,4.0,,,0.0,4.0,,,,28.0,28.0,0.0,0.0,0.0,0.0,0.0,0.0,0.0,0.0,0.0,0.0,0.0,0.0,,0.0,0.0,0.0,0.0,18.0,0,0,0,0,1,0,2023-10-28,2023,1,0,0,0,0,0,0,0,0,0,0,0,0,0,0,0,0,0,0,0,0,0,0,0,0,0,0,0,0,0,0,0.0,0.0,0.0,0.0,0.0,0.0,0.0,0.0,0.0,0.0,0.0,0.0,0.0,4.110873864173311,90.40972805980117,3621.672676213365
,10/28/23,Sat,0.791666667,7:00p,Stanford,Washington,700K,700.0,Washington,42.0,33.0,0.0,1.0,1,0.0,1.0,0.0,0.0,0.0,0.0,0.0,0.0,0.0,0.0,0.0,0.0,,,0.0,,,26.5,,,0.0,26.5,,,,9.0,9.0,0.0,0.0,0.0,0.0,0.0,0.0,0.0,0.0,0.0,0.0,0.0,0.0,,1.0,0.0,0.0,0.0,19.0,0,0,0,0,0,0,2023-10-28,2023,1,0,0,0,0,0,0,0,0,0,0,0,0,0,0,0,0,0,0,0,0,0,0,0,0,0,0,0,0,0,0,0.0,0.0,0.0,0.0,0.0,0.0,0.0,0.0,0.0,0.0,0.0,0.0,0.0,6.55250788703459,667.4335023322028,13215.455098065173
,10/28/23,Sat,0.791666667,7:00p,Kentucky,Tennessee,2.51M,2510.0,Tennessee,33.0,27.0,1.0,0.0,0,0.0,0.0,0.0,0.0,0.0,0.0,0.0,0.0,0.0,0.0,0.0,0.0,,,0.0,,,3.5,,,0.0,3.5,,,,6.0,6.0,1.0,1.0,0.0,0.0,0.0,0.0,0.0,0.0,0.0,2.0,0.0,0.0,,0.0,0.0,0.0,1.0,19.0,0,0,0,0,0,0,2023-10-28,2023,1,0,0,0,0,0,0,0,0,0,0,0,0,0,0,0,0,0,0,0,0,0,0,0,0,0,0,0,0,0,0,0.0,0.0,0.0,0.0,0.0,0.0,0.0,0.0,0.0,0.0,0.0,0.0,0.0,7.828436359157585,2765.6780593171825,11117.210541080194
,10/28/23,Sat,0.8125,7:30p,Wisconsin,Ohio St.,4.87M,4870.0,Ohio St.,24.0,10.0,0.0,1.0,0,0.0,0.0,0.0,1.0,0.0,0.0,0.0,0.0,0.0,0.0,0.0,0.0,,,0.0,,,14.5,,,0.0,14.5,,,,14.0,14.0,0.0,0.0,1.0,1.0,0.0,0.0,0.0,0.0,0.0,0.0,0.0,2.0,,1.0,0.0,0.0,0.0,19.5,0,0,0,0,0,0,2023-10-28,2023,1,0,0,0,0,0,0,0,0,0,0,0,0,0,0,0,0,0,0,0,0,0,0,0,0,0,0,0,0,0,0,0.0,0.0,0.0,0.0,0.0,0.0,0.0,0.0,0.0,0.0,0.0,0.0,0.0,8.491054533806542,5392.319746340815,8400.15912599676
,10/28/23,Sat,0.8125,7:30p,UCLA,Colorado,4.66M,4660.0,UCLA,28.0,16.0,1.0,0.0,0,0.0,0.0,0.0,0.0,0.0,1.0,0.0,0.0,0.0,0.0,0.0,0.0,,,0.0,,,17.0,,,0.0,-17.0,,,,12.0,12.0,0.0,0.0,0.0,0.0,0.0,0.0,0.0,0.0,0.0,0.0,0.0,0.0,,0.0,0.0,0.0,1.0,19.5,0,0,0,0,0,0,2023-10-28,2023,1,1,0,0,0,0,0,0,0,0,0,0,0,0,0,0,0,0,0,0,0,0,0,0,0,0,0,0,0,0,0,0.0,0.0,0.0,0.0,0.0,0.0,0.0,0.0,0.0,0.0,0.0,0.0,0.0,8.446985296372741,4434.163185757958,9358.315686579617
,10/28/23,Sat,0.833333333,8:00p,James Madison,Old Dominion,59K,59.0,James Madison,30.0,27.0,1.0,0.0,0,0.0,0.0,0.0,0.0,0.0,0.0,0.0,1.0,0.0,0.0,0.0,0.0,,,0.0,,,20.5,,,0.0,-20.5,,,,3.0,3.0,0.0,0.0,0.0,0.0,0.0,0.0,0.0,0.0,0.0,0.0,0.0,0.0,,0.0,0.0,0.0,1.0,20.0,0,0,0,0,0,0,2023-10-28,2023,1,0,0,0,0,0,0,0,0,0,0,0,0,0,0,0,0,0,0,0,0,0,0,0,0,0,0,0,0,0,0,0.0,0.0,0.0,0.0,0.0,0.0,0.0,0.0,0.0,0.0,0.0,0.0,0.0,4.0943445622221,67.55683494567049,13724.922037391905
,10/28/23,Sat,0.833333333,8:00p,Oklahoma St.,Cincinnati,412K,412.0,Oklahoma St.,45.0,13.0,0.0,0.0,1,0.0,0.0,1.0,0.0,0.0,0.0,0.0,0.0,0.0,0.0,0.0,0.0,,,0.0,,,7.5,,,0.0,-7.5,,,,32.0,32.0,0.0,0.0,0.0,0.0,0.0,0.0,1.0,1.0,2.0,0.0,0.0,0.0,,0.0,0.0,0.0,0.0,20.0,0,0,0,0,0,0,2023-10-28,2023,1,0,0,0,0,0,0,0,0,0,0,0,0,0,0,0,0,0,0,0,0,0,0,0,0,0,0,0,0,0,0,0.0,0.0,0.0,0.0,0.0,0.0,0.0,0.0,0.0,0.0,0.0,0.0,0.0,6.023447592961033,465.327543643747,13327.151328693828
,10/28/23,Sat,0.9375,10:30p,Arizona,Oregon St.,1.4M,1400.0,Arizona,27.0,24.0,1.0,0.0,0,0.0,0.0,0.0,0.0,0.0,0.0,0.0,0.0,0.0,0.0,0.0,0.0,,,0.0,,,3.5,,,0.0,3.5,,,,3.0,3.0,0.0,0.0,0.0,0.0,0.0,0.0,0.0,0.0,0.0,0.0,0.0,0.0,,0.0,0.0,1.0,0.0,22.5,0,0,0,0,0,1,2023-10-28,2023,1,0,0,0,0,0,0,0,0,0,0,0,0,0,0,0,0,0,0,0,0,0,0,0,0,0,0,0,0,0,0,0.0,0.0,0.0,0.0,0.0,0.0,0.0,0.0,0.0,0.0,0.0,0.0,0.0,7.244941546337007,1180.1235516991444,226.81037003521942
,10/28/23,Sat,0.9375,10:30p,Fresno St.,UNLV,260K,260.0,Fresno St.,31.0,24.0,0.0,0.0,0,0.0,1.0,0.0,0.0,0.0,0.0,0.0,0.0,0.0,0.0,0.0,0.0,,,0.0,,,7.5,,,0.0,-7.5,,,,7.0,7.0,0.0,0.0,0.0,0.0,0.0,0.0,0.0,0.0,0.0,0.0,0.0,0.0,,0.0,0.0,0.0,0.0,22.5,0,0,0,0,0,1,2023-10-28,2023,1,0,0,0,0,0,0,0,0,0,0,0,0,0,0,0,0,0,0,0,0,0,0,0,0,0,0,0,0,0,0,0.0,0.0,0.0,0.0,0.0,0.0,0.0,0.0,0.0,0.0,0.0,0.0,0.0,5.564520407322694,226.81037003521942,1180.1235516991444
,10/31/23,Tue,0.791666667,7:00p,Central Michigan,Northern Illinois,124K,124.0,Central Michigan,37.0,31.0,0.0,0.0,0,0.0,0.0,0.0,0.0,0.0,0.0,0.0,1.0,0.0,0.0,0.0,0.0,,,0.0,,,3.0,,,0.0,3.0,,,,6.0,6.0,0.0,0.0,0.0,0.0,0.0,0.0,0.0,0.0,0.0,0.0,0.0,0.0,,0.0,0.0,0.0,0.0,19.0,0,1,0,0,0,0,2023-10-31,2023,1,0,0,0,0,0,0,0,0,0,0,0,0,0,0,0,0,0,0,0,0,0,0,0,0,0,0,0,0,0,0,0.0,0.0,0.0,0.0,0.0,0.0,0.0,0.0,0.0,0.0,0.0,0.0,0.0,4.8283137373023015,97.3676600434949,309.7148126291229
,10/31/23,Tue,0.8125,7:30p,Toledo,Buffalo,324K,324.0,Toledo,31.0,13.0,0.0,0.0,0,0.0,0.0,1.0,0.0,0.0,0.0,0.0,0.0,0.0,0.0,0.0,0.0,,,0.0,,,14.0,,,0.0,-14.0,,,,18.0,18.0,0.0,0.0,0.0,0.0,0.0,0.0,0.0,0.0,0.0,0.0,0.0,0.0,,0.0,0.0,0.0,0.0,19.5,0,1,0,0,0,0,2023-10-31,2023,1,0,0,0,0,0,0,0,0,0,0,0,0,0,0,0,0,0,0,0,0,0,0,0,0,0,0,0,0,0,0,0.0,0.0,0.0,0.0,0.0,0.0,0.0,0.0,0.0,0.0,0.0,0.0,0.0,5.783825182329737,309.7148126291229,97.3676600434949
,11/1/23,Wed,0.791666667,7:00p,Bowling Green,Ball St.,341K,341.0,Bowling Green,24.0,21.0,0.0,0.0,0,0.0,0.0,1.0,0.0,0.0,0.0,0.0,0.0,0.0,0.0,0.0,0.0,,,0.0,,,6.5,,,0.0,-6.5,,,,3.0,3.0,0.0,0.0,0.0,0.0,0.0,0.0,0.0,0.0,0.0,0.0,0.0,0.0,,0.0,0.0,0.0,0.0,19.0,0,1,0,0,0,0,2023-11-01,2023,1,0,0,0,0,0,0,0,0,0,0,0,0,0,0,0,0,0,0,0,0,0,0,0,0,0,0,0,0,0,0,0.0,0.0,0.0,0.0,0.0,0.0,0.0,0.0,0.0,0.0,0.0,0.0,0.0,5.834810737062605,367.80909648836723,83.62492981269214
,11/1/23,Wed,0.8125,7:30p,Akron,Kent St.,61K,61.0,Akron,31.0,27.0,0.0,0.0,0,0.0,0.0,0.0,0.0,0.0,0.0,0.0,1.0,0.0,0.0,0.0,0.0,,,0.0,,,4.0,,,0.0,-4.0,,,,4.0,4.0,0.0,0.0,0.0,0.0,0.0,0.0,0.0,0.0,0.0,0.0,0.0,0.0,,0.0,0.0,0.0,0.0,19.5,0,1,0,0,0,0,2023-11-01,2023,1,0,0,0,0,0,0,0,0,0,0,0,0,0,0,0,0,0,0,0,0,0,0,0,0,0,0,0,0,0,0,0.0,0.0,0.0,0.0,0.0,0.0,0.0,0.0,0.0,0.0,0.0,0.0,0.0,4.127134385045092,83.62492981269214,367.80909648836723
,11/2/23,Thu,0.791666667,7:00p,Texas Tech,TCU,616K,616.0,Texas Tech,35.0,28.0,0.0,0.0,0,0.0,1.0,0.0,0.0,0.0,0.0,0.0,0.0,0.0,0.0,0.0,0.0,,,0.0,,,2.5,,,0.0,-2.5,,,,7.0,7.0,0.0,0.0,0.0,0.0,0.0,0.0,1.0,1.0,2.0,0.0,0.0,0.0,,0.0,0.0,0.0,0.0,19.0,0,1,0,0,0,0,2023-11-02,2023,1,0,0,0,0,0,0,0,0,0,0,0,0,0,0,0,0,0,0,0,0,0,0,0,0,0,0,0,0,0,0,0.0,0.0,0.0,0.0,0.0,0.0,0.0,0.0,0.0,0.0,0.0,0.0,0.0,6.424869023905388,675.3580096427022,1122.9951830685854
,11/2/23,Thu,0.8125,7:30p,Duke,Wake Forest,814K,814.0,Duke,24.0,21.0,0.0,0.0,0,0.0,0.0,0.0,0.0,0.0,0.0,0.0,0.0,0.0,0.0,0.0,0.0,,,0.0,,,6.5,,,0.0,-6.5,,,,3.0,3.0,0.0,0.0,0.0,0.0,1.0,1.0,0.0,0.0,0.0,0.0,2.0,0.0,,0.0,0.0,0.0,0.0,19.5,0,1,0,0,0,0,2023-11-02,2023,1,0,0,0,0,0,0,0,0,0,0,0,0,0,0,0,0,0,0,0,0,0,0,0,0,0,0,0,0,0,0,0.0,0.0,0.0,0.0,0.0,0.0,0.0,0.0,0.0,0.0,0.0,0.0,0.0,6.703188113240863,862.9382264925813,935.4149662187064
,11/2/23,Thu,0.8125,7:30p,Troy,South Alabama,223K,223.0,Troy,28.0,10.0,0.0,0.0,0,0.0,0.0,1.0,0.0,0.0,0.0,0.0,0.0,0.0,0.0,0.0,0.0,,,0.0,,,5.5,,,0.0,-5.5,,,,18.0,18.0,0.0,0.0,0.0,0.0,0.0,0.0,0.0,0.0,0.0,0.0,0.0,0.0,,0.0,0.0,0.0,0.0,19.5,0,1,0,0,0,0,2023-11-02,2023,1,0,0,0,0,0,0,0,0,0,0,0,0,0,0,0,0,0,0,0,0,0,0,0,0,0,0,0,0,0,0,0.0,0.0,0.0,0.0,0.0,0.0,0.0,0.0,0.0,0.0,0.0,0.0,0.0,5.4116460518550396,260.05695657600415,1538.2962361352834
,11/3/23,Fri,0.8125,7:30p,Syracuse,Boston College,1.1M,1100.0,Boston College,17.0,10.0,0.0,0.0,0,0.0,0.0,1.0,0.0,0.0,0.0,0.0,0.0,0.0,0.0,0.0,0.0,,,0.0,,,3.0,,,0.0,-3.0,,,,7.0,7.0,0.0,0.0,0.0,0.0,1.0,1.0,0.0,0.0,0.0,0.0,2.0,0.0,,0.0,0.0,0.0,0.0,19.5,0,0,1,0,0,0,2023-11-03,2023,1,0,0,0,0,0,0,0,0,0,0,0,0,0,0,0,0,0,0,0,0,0,0,0,0,0,0,0,0,0,0,0.0,1.0,0.0,0.0,0.0,0.0,0.0,0.0,0.0,0.0,0.0,0.0,0.0,7.00397413672268,992.4966151069052,0.0
,11/4/23,Sat,0.5,12:00p,Texas,Kansas St.,2.95M,2950.0,Texas,33.0,30.0,1.0,1.0,1,1.0,0.0,0.0,0.0,0.0,0.0,0.0,0.0,0.0,0.0,0.0,0.0,,,0.0,,,4.0,,,0.0,-4.0,,,,3.0,3.0,0.0,0.0,0.0,0.0,0.0,0.0,1.0,1.0,2.0,0.0,0.0,0.0,,0.0,1.0,0.0,1.0,12.0,0,0,0,1,0,0,2023-11-04,2023,1,0,0,0,0,0,0,0,0,0,0,0,0,0,0,0,0,0,0,0,0,0,0,0,0,1,0,0,0,1,0,0.0,0.0,0.0,0.0,0.0,0.0,0.0,0.0,0.0,0.0,0.0,0.0,0.0,7.989899374942939,5571.817543673026,13941.109365668586
,11/4/23,Sat,0.5,12:00p,South Carolina,Jacksonville St.,79K,79.0,South Carolina,38.0,28.0,0.0,0.0,1,0.0,0.0,0.0,0.0,0.0,0.0,0.0,1.0,0.0,0.0,0.0,0.0,,,0.0,,,15.5,,,0.0,-15.5,,,,10.0,10.0,1.0,0.0,0.0,0.0,0.0,0.0,0.0,0.0,0.0,1.0,0.0,0.0,,0.0,0.0,0.0,0.0,12.0,0,0,0,1,0,0,2023-11-04,2023,1,0,0,0,0,0,0,0,0,0,0,0,0,0,0,0,0,0,0,0,0,0,0,0,0,0,0,0,0,0,0,0.0,0.0,0.0,0.0,0.0,0.0,0.0,0.0,0.0,0.0,0.0,0.0,0.0,4.382026634673881,123.25540773010466,19389.67150161151
,11/4/23,Sat,0.5,12:00p,Indiana,Wisconsin,491K,491.0,Indiana,20.0,14.0,0.0,0.0,2,0.0,0.0,0.0,0.0,0.0,0.0,0.0,0.0,0.0,0.0,1.0,0.0,,,0.0,,,9.5,,,0.0,9.5,,,,6.0,6.0,0.0,0.0,1.0,1.0,0.0,0.0,0.0,0.0,0.0,0.0,0.0,2.0,,0.0,0.0,0.0,0.0,12.0,0,0,0,1,0,0,2023-11-04,2023,1,0,0,0,0,0,0,0,0,0,0,0,0,0,0,0,0,0,0,0,0,0,0,0,0,0,0,0,0,0,0,0.0,0.0,0.0,0.0,0.0,0.0,0.0,0.0,0.0,0.0,0.0,0.0,0.0,6.198478716492308,613.4206890975565,18899.506220244057
,11/4/23,Sat,0.5,12:00p,Clemson,Notre Dame,3.24M,3240.0,Clemson,31.0,23.0,1.0,0.0,1,0.0,0.0,0.0,0.0,0.0,1.0,0.0,0.0,0.0,0.0,0.0,0.0,,,0.0,,,3.0,,,0.0,3.0,,,,8.0,8.0,0.0,0.0,0.0,0.0,1.0,0.0,0.0,0.0,0.0,0.0,1.0,0.0,,0.0,0.0,1.0,0.0,12.0,0,0,0,1,0,0,2023-11-04,2023,1,0,0,0,0,0,0,0,0,0,0,0,0,0,0,0,0,0,0,0,0,0,0,0,0,0,0,0,0,0,0,0.0,0.0,0.0,0.0,0.0,0.0,0.0,0.0,0.0,0.0,0.0,0.0,0.0,8.083637203141548,4550.0919497773075,14962.834959564305
,11/4/23,Sat,0.5,12:00p,Michigan St.,Nebraska,900K,900.0,Michigan St.,20.0,17.0,0.0,0.0,2,0.0,1.0,0.0,0.0,0.0,0.0,0.0,0.0,0.0,0.0,0.0,0.0,,,0.0,,,3.0,,,0.0,3.0,,,,3.0,3.0,0.0,0.0,1.0,1.0,0.0,0.0,0.0,0.0,0.0,0.0,0.0,2.0,,0.0,0.0,0.0,0.0,12.0,0,0,0,1,0,0,2023-11-04,2023,1,0,0,0,0,0,0,0,0,0,0,0,0,0,0,0,0,0,0,0,0,0,0,0,0,0,0,0,0,0,0,0.0,0.0,0.0,0.0,0.0,0.0,0.0,0.0,0.0,0.0,0.0,0.0,0.0,6.803505257608338,1170.4867093287405,18342.440200012872
,11/4/23,Sat,0.5,12:00p,Rutgers,Ohio St.,3.96M,3960.0,Ohio St.,35.0,16.0,0.0,1.0,1,0.0,0.0,0.0,0.0,1.0,0.0,0.0,0.0,0.0,0.0,0.0,0.0,,,0.0,,,19.0,,,0.0,19.0,,,,19.0,19.0,0.0,0.0,1.0,1.0,0.0,0.0,0.0,0.0,0.0,0.0,0.0,2.0,,1.0,0.0,0.0,0.0,12.0,0,0,0,1,0,0,2023-11-04,2023,1,0,0,0,0,0,0,0,0,0,0,0,0,0,0,0,0,0,0,0,0,0,0,0,0,0,0,0,0,0,0,0.0,0.0,0.0,0.0,0.0,0.0,0.0,0.0,0.0,0.0,0.0,0.0,0.0,8.284251797621916,3693.0684838548605,15819.858425486753
,11/4/23,Sat,0.5,12:00p,Florida,Arkansas,1.14M,1140.0,Arkansas,39.0,36.0,0.0,0.0,2,0.0,0.0,1.0,0.0,0.0,0.0,0.0,0.0,0.0,0.0,0.0,0.0,,,0.0,,,4.5,,,0.0,-4.5,,,,3.0,3.0,1.0,1.0,0.0,0.0,0.0,0.0,0.0,0.0,0.0,2.0,0.0,0.0,,0.0,0.0,0.0,0.0,12.0,0,0,0,1,0,0,2023-11-04,2023,1,0,0,0,0,0,0,0,0,0,0,0,0,0,0,0,0,0,0,0,0,0,0,0,0,0,0,0,0,0,0,0.0,0.0,0.0,0.0,0.0,0.0,0.0,0.0,0.0,0.0,0.0,0.0,0.0,7.039660349862076,1166.76146115336,18346.16544818825
,11/4/23,Sat,0.5,12:00p,Mississippi,Texas A&M,1.83M,1830.0,Mississippi,38.0,35.0,1.0,0.0,1,0.0,0.0,0.0,0.0,0.0,0.0,0.0,0.0,0.0,0.0,0.0,0.0,,,0.0,,,3.0,,,0.0,-3.0,,,,3.0,3.0,1.0,1.0,0.0,0.0,0.0,0.0,0.0,0.0,0.0,2.0,0.0,0.0,,0.0,0.0,1.0,0.0,12.0,0,0,0,1,0,0,2023-11-04,2023,1,0,0,0,0,0,0,0,0,0,0,0,0,0,0,0,0,0,0,0,0,0,0,0,0,0,0,0,0,0,0,0.0,0.0,0.0,0.0,0.0,0.0,0.0,0.0,0.0,0.0,0.0,0.0,0.0,7.5126175446745105,2149.0174231857573,17363.909486155855
,11/4/23,Sat,0.5,12:00p,Virginia,Georgia Tech,262K,262.0,Georgia Tech,45.0,17.0,0.0,0.0,2,0.0,0.0,0.0,0.0,0.0,0.0,1.0,0.0,0.0,0.0,0.0,0.0,,,0.0,,,2.0,,,0.0,-2.0,,,,28.0,28.0,0.0,0.0,0.0,0.0,1.0,1.0,0.0,0.0,0.0,0.0,2.0,0.0,,0.0,0.0,0.0,0.0,12.0,0,0,0,1,0,0,2023-11-04,2023,1,0,0,0,0,0,0,0,0,0,0,0,0,0,0,0,0,0,0,0,0,0,0,0,0,0,0,0,0,0,0,0.0,0.0,0.0,0.0,0.0,0.0,0.0,0.0,0.0,0.0,0.0,0.0,0.0,5.572154032177765,475.0072415408999,19037.919667800714
,11/4/23,Sat,0.645833333,3:30p,Georgia St.,James Madison,276K,276.0,James Madison,42.0,14.0,1.0,0.0,4,0.0,0.0,1.0,0.0,0.0,0.0,0.0,0.0,0.0,0.0,0.0,0.0,,,0.0,,,6.0,,,0.0,6.0,,,,28.0,28.0,0.0,0.0,0.0,0.0,0.0,0.0,0.0,0.0,0.0,0.0,0.0,0.0,,0.0,0.0,0.0,1.0,15.5,0,0,0,0,1,0,2023-11-04,2023,1,0,0,0,0,0,0,0,0,0,0,0,0,0,0,0,0,0,0,0,0,0,0,0,0,0,0,0,0,0,0,0.0,0.0,0.0,0.0,0.0,0.0,0.0,0.0,0.0,0.0,0.0,0.0,0.0,5.6240175061873385,225.83042979201642,15169.794414886639
,11/4/23,Sat,0.645833333,3:30p,Oklahoma St.,Oklahoma,3.76M,3760.0,Oklahoma St.,27.0,24.0,0.0,1.0,3,0.0,0.0,0.0,0.0,0.0,1.0,0.0,0.0,0.0,0.0,0.0,0.0,,,0.0,,,6.0,,,0.0,6.0,,,,3.0,3.0,0.0,0.0,0.0,0.0,0.0,0.0,1.0,1.0,2.0,0.0,0.0,0.0,,0.0,1.0,0.0,0.0,15.5,0,0,0,0,1,0,2023-11-04,2023,1,0,0,0,0,0,0,0,0,0,0,0,0,0,0,0,0,0,0,0,0,0,0,0,0,0,0,0,0,0,0,0.0,0.0,0.0,0.0,0.0,0.0,0.0,0.0,0.0,0.0,0.0,0.0,0.0,8.232440158470336,3557.158172522613,11838.466672156042
,11/4/23,Sat,0.645833333,3:30p,Maryland,Penn St.,2.39M,2390.0,Penn St.,51.0,15.0,0.0,1.0,3,1.0,0.0,0.0,0.0,0.0,0.0,0.0,0.0,0.0,0.0,0.0,0.0,,,0.0,,,8.5,,,0.0,8.5,,,,36.0,36.0,0.0,0.0,1.0,1.0,0.0,0.0,0.0,0.0,0.0,0.0,0.0,2.0,,0.0,1.0,0.0,0.0,15.5,0,0,0,0,1,0,2023-11-04,2023,1,0,0,0,0,0,0,0,0,0,0,0,0,0,0,0,0,0,0,0,0,0,0,0,0,0,0,0,0,0,0,0.0,0.0,0.0,0.0,0.0,0.0,0.0,0.0,0.0,0.0,0.0,0.0,0.0,7.779466967458324,3095.924949454269,12299.699895224387
,11/4/23,Sat,0.645833333,3:30p,Pittsburgh,Florida St.,1.76M,1760.0,Florida St.,24.0,7.0,0.0,1.0,3,0.0,0.0,0.0,0.0,0.0,0.0,0.0,0.0,0.0,0.0,0.0,0.0,,,0.0,,,21.5,,,0.0,21.5,,,,17.0,17.0,0.0,0.0,0.0,0.0,1.0,1.0,0.0,0.0,0.0,0.0,2.0,0.0,,1.0,0.0,0.0,0.0,15.5,0,0,0,0,1,0,2023-11-04,2023,1,0,0,0,0,0,0,0,0,0,0,0,0,0,0,0,0,0,0,0,0,0,0,0,0,0,0,0,0,0,0,0.0,0.0,0.0,0.0,0.0,0.0,0.0,0.0,0.0,0.0,0.0,0.0,0.0,7.473637108496206,2255.5514297088325,13140.073414969822
,11/4/23,Sat,0.645833333,3:30p,Cincinnati,UCF,264K,264.0,UCF,28.0,26.0,0.0,0.0,4,0.0,1.0,0.0,0.0,0.0,0.0,0.0,0.0,0.0,0.0,0.0,0.0,,,0.0,,,3.5,,,0.0,3.5,,,,2.0,2.0,0.0,0.0,0.0,0.0,0.0,0.0,1.0,1.0,2.0,0.0,0.0,0.0,,0.0,0.0,0.0,0.0,15.5,0,0,0,0,1,0,2023-11-04,2023,1,0,0,0,0,0,0,0,0,0,0,0,0,0,0,0,0,0,0,0,0,0,0,0,0,0,0,0,0,0,0,0.0,0.0,0.0,0.0,0.0,0.0,0.0,0.0,0.0,0.0,0.0,0.0,0.0,5.579729825986222,348.3743610531193,15047.250483625536
,11/4/23,Sat,0.645833333,3:30p,Minnesota,Illinois,499K,499.0,Illinois,27.0,26.0,0.0,0.0,4,0.0,0.0,0.0,0.0,0.0,0.0,0.0,0.0,0.0,0.0,1.0,0.0,,,0.0,,,1.5,,,0.0,-1.5,,,,1.0,1.0,0.0,0.0,1.0,1.0,0.0,0.0,0.0,0.0,0.0,0.0,0.0,2.0,,0.0,0.0,0.0,0.0,15.5,0,0,0,0,1,0,2023-11-04,2023,1,0,0,0,0,0,0,0,0,0,0,0,0,0,0,0,0,0,0,0,0,0,0,0,0,0,0,0,0,0,0,0.0,0.0,0.0,0.0,0.0,0.0,0.0,0.0,0.0,0.0,0.0,0.0,0.0,6.214608098422191,459.76608475577893,14935.858759922878
,11/4/23,Sat,0.645833333,3:30p,East Carolina,Tulane,76K,76.0,Tulane,13.0,10.0,1.0,0.0,3,0.0,0.0,0.0,0.0,0.0,0.0,0.0,1.0,0.0,0.0,0.0,0.0,,,0.0,,,17.0,,,0.0,17.0,,,,3.0,3.0,0.0,0.0,0.0,0.0,0.0,0.0,0.0,0.0,0.0,0.0,0.0,0.0,,0.0,0.0,0.0,1.0,15.5,0,0,0,0,1,0,2023-11-04,2023,1,0,0,0,0,0,0,0,0,0,0,0,0,0,0,0,0,0,0,0,0,0,0,0,0,0,0,0,0,0,0,0.0,0.0,0.0,0.0,0.0,0.0,0.0,0.0,0.0,0.0,0.0,0.0,0.0,4.343805421853684,82.72058423975244,15312.904260438903
,11/4/23,Sat,0.645833333,3:30p,Georgia,Missouri,7M,7000.0,Georgia,30.0,21.0,1.0,1.0,3,0.0,0.0,0.0,0.0,1.0,0.0,0.0,0.0,0.0,0.0,0.0,0.0,,,0.0,,,15.0,,,0.0,-15.0,,,,9.0,9.0,1.0,1.0,0.0,0.0,0.0,0.0,0.0,0.0,0.0,2.0,0.0,0.0,,1.0,0.0,1.0,0.0,15.5,0,0,0,0,1,0,2023-11-04,2023,1,0,0,0,0,0,0,0,0,0,0,0,0,0,0,0,0,0,0,0,0,0,0,0,0,1,1,0,0,0,0,0.0,0.0,0.0,0.0,0.0,0.0,0.0,0.0,0.0,0.0,0.0,0.0,0.0,8.853808274977197,5370.298833152274,10025.326011526382
,11/4/23,Sat,0.75,6:00p,Appalachian St.,Marshall,78K,78.0,Appalachian St.,31.0,9.0,0.0,0.0,0,0.0,0.0,0.0,0.0,0.0,0.0,0.0,0.0,0.0,1.0,0.0,0.0,,,0.0,,,3.5,,,0.0,-3.5,,,,22.0,22.0,0.0,0.0,0.0,0.0,0.0,0.0,0.0,0.0,0.0,0.0,0.0,0.0,,0.0,0.0,0.0,0.0,18.0,0,0,0,0,1,0,2023-11-04,2023,1,0,0,0,0,0,0,0,0,0,0,0,0,0,0,0,0,0,0,0,0,0,0,0,0,0,0,0,0,0,0,0.0,0.0,0.0,0.0,0.0,0.0,0.0,0.0,0.0,0.0,0.0,0.0,0.0,4.3694478524670215,124.0021540118196,3590.6830338681652
,11/4/23,Sat,0.791666667,7:00p,San Diego St.,Utah St.,95K,95.0,Utah St.,32.0,24.0,0.0,0.0,3,0.0,1.0,0.0,0.0,0.0,0.0,0.0,0.0,0.0,0.0,0.0,0.0,,,0.0,,,2.5,,,0.0,2.5,,,,8.0,8.0,0.0,0.0,0.0,0.0,0.0,0.0,0.0,0.0,0.0,0.0,0.0,0.0,,0.0,0.0,0.0,0.0,19.0,0,0,0,0,0,0,2023-11-04,2023,1,0,0,0,0,0,0,0,0,0,0,0,0,0,0,0,0,0,0,0,0,0,0,0,0,0,0,0,0,0,0,0.0,0.0,0.0,0.0,0.0,0.0,0.0,0.0,0.0,0.0,0.0,0.0,0.0,4.564348191467836,191.44939657276268,21912.327451261343
,11/4/23,Sat,0.791666667,7:00p,West Virginia,BYU,1.26M,1260.0,West Virginia,37.0,7.0,0.0,0.0,2,1.0,0.0,0.0,0.0,0.0,0.0,0.0,0.0,0.0,0.0,0.0,0.0,,,0.0,,,13.0,,,0.0,-13.0,,,,30.0,30.0,0.0,0.0,0.0,0.0,0.0,0.0,1.0,1.0,2.0,0.0,0.0,0.0,,0.0,0.0,0.0,0.0,19.0,0,0,0,0,0,0,2023-11-04,2023,1,0,0,0,0,0,0,0,0,0,0,0,0,0,0,0,0,0,0,0,0,0,0,0,0,0,0,0,0,0,0,0.0,0.0,0.0,0.0,0.0,0.0,0.0,0.0,0.0,0.0,0.0,0.0,0.0,7.13966033596492,1719.462663703443,20384.314184130664
,11/4/23,Sat,0.791666667,7:00p,Iowa St.,Kansas,1.27M,1270.0,Kansas,28.0,21.0,1.0,0.0,2,0.0,0.0,0.0,0.0,0.0,0.0,0.0,0.0,0.0,0.0,0.0,0.0,,,0.0,,,2.5,,,0.0,-2.5,,,,7.0,7.0,0.0,0.0,0.0,0.0,0.0,0.0,1.0,1.0,2.0,0.0,0.0,0.0,,0.0,0.0,0.0,1.0,19.0,0,0,0,0,0,0,2023-11-04,2023,1,0,0,0,0,0,0,0,0,0,0,0,0,0,0,0,0,0,0,0,0,0,0,0,0,0,0,0,0,0,0,0.0,0.0,0.0,0.0,0.0,0.0,0.0,0.0,0.0,0.0,0.0,0.0,0.0,7.147559271189454,1679.7709735919595,20424.005874242146
,11/4/23,Sat,0.8125,7:30p,USC,Washington,4.45M,4450.0,Washington,52.0,42.0,1.0,1.0,2,0.0,0.0,0.0,0.0,0.0,1.0,0.0,0.0,0.0,0.0,0.0,0.0,,,0.0,,,3.0,,,0.0,3.0,,,,10.0,10.0,0.0,0.0,0.0,0.0,0.0,0.0,0.0,0.0,0.0,0.0,0.0,0.0,,1.0,0.0,0.0,1.0,19.5,0,0,0,0,0,0,2023-11-04,2023,1,0,0,0,0,0,0,0,0,0,0,0,0,0,0,0,0,0,0,0,0,0,0,0,0,1,0,0,0,0,0,0.0,0.0,0.0,0.0,0.0,0.0,0.0,0.0,0.0,0.0,0.0,0.0,0.0,8.400884069015854,4642.109483079454,17337.66521074283
,11/4/23,Sat,0.8125,7:30p,Rice,SMU,29K,29.0,SMU,36.0,31.0,0.0,0.0,2,0.0,0.0,0.0,0.0,0.0,0.0,0.0,1.0,0.0,0.0,0.0,0.0,,,0.0,,,12.0,,,0.0,12.0,,,,5.0,5.0,0.0,0.0,0.0,0.0,0.0,0.0,0.0,0.0,0.0,0.0,0.0,0.0,,0.0,0.0,0.0,0.0,19.5,0,0,0,0,0,0,2023-11-04,2023,1,0,0,0,0,0,0,0,0,0,0,0,0,0,0,0,0,0,0,0,0,0,0,0,0,0,0,0,0,0,0,0.0,0.0,0.0,0.0,0.0,0.0,0.0,0.0,0.0,0.0,0.0,0.0,0.0,3.4011973816621555,46.00561128176667,21933.76908254052
,11/4/23,Sat,0.8125,7:30p,Michigan,Purdue,2.6M,2600.0,Michigan,41.0,13.0,0.0,1.0,2,0.0,0.0,0.0,1.0,0.0,0.0,0.0,0.0,0.0,0.0,0.0,0.0,,,0.0,,,32.5,,,0.0,-32.5,,,,28.0,28.0,0.0,0.0,1.0,1.0,0.0,0.0,0.0,0.0,0.0,0.0,0.0,2.0,,1.0,0.0,0.0,0.0,19.5,0,0,0,0,0,0,2023-11-04,2023,1,0,0,0,0,0,0,0,0,0,0,0,0,0,0,0,0,0,0,0,0,0,0,0,0,0,0,0,0,0,0,0.0,0.0,0.0,0.0,0.0,0.0,0.0,0.0,0.0,0.0,0.0,0.0,0.0,7.8636512654486515,3463.634889280704,18516.139804541584
,11/4/23,Sat,0.833333333,8:00p,Alabama,LSU,8.82M,8820.0,Alabama,42.0,28.0,1.0,1.0,2,0.0,0.0,0.0,0.0,1.0,0.0,0.0,0.0,0.0,0.0,0.0,0.0,,,0.0,,,3.0,,,0.0,-3.0,,,,14.0,14.0,1.0,1.0,0.0,0.0,0.0,0.0,0.0,0.0,0.0,2.0,0.0,0.0,,0.0,1.0,1.0,0.0,20.0,0,0,0,0,0,0,2023-11-04,2023,1,0,0,0,0,0,0,0,0,0,0,0,0,0,0,0,0,0,0,0,0,0,0,0,1,1,1,0,0,0,0,0.0,0.0,0.0,0.0,0.0,0.0,0.0,0.0,0.0,0.0,0.0,0.0,0.0,9.084890521258767,10237.341676312197,11742.43301751009
,11/4/23,Sat,0.916666667,10:00p,Colorado,Oregon St.,2.77M,2770.0,Oregon St.,26.0,19.0,1.0,0.0,0,0.0,0.0,0.0,0.0,0.0,0.0,0.0,0.0,0.0,0.0,0.0,0.0,,,0.0,,,13.5,,,0.0,13.5,,,,7.0,7.0,0.0,0.0,0.0,0.0,0.0,0.0,0.0,0.0,0.0,0.0,0.0,0.0,,0.0,0.0,0.0,1.0,22.0,0,0,0,0,0,1,2023-11-04,2023,1,1,0,0,0,0,0,0,0,0,0,0,0,0,0,0,0,0,0,0,0,0,0,0,0,0,0,0,0,0,0,0.0,0.0,0.0,0.0,0.0,0.0,0.0,0.0,0.0,0.0,0.0,0.0,0.0,7.9269635448629785,2935.9703783049326,567.901626336558
,11/4/23,Sat,0.9375,10:30p,Arizona,UCLA,522K,522.0,Arizona,27.0,10.0,1.0,0.0,0,0.0,1.0,0.0,0.0,0.0,0.0,0.0,0.0,0.0,0.0,0.0,0.0,,,0.0,,,2.5,,,0.0,2.5,,,,17.0,17.0,0.0,0.0,0.0,0.0,0.0,0.0,0.0,0.0,0.0,0.0,0.0,0.0,,0.0,0.0,0.0,1.0,22.5,0,0,0,0,0,1,2023-11-04,2023,1,0,0,0,0,0,0,0,0,0,0,0,0,0,0,0,0,0,0,0,0,0,0,0,0,0,0,0,0,0,0,0.0,0.0,0.0,0.0,0.0,0.0,0.0,0.0,0.0,0.0,0.0,0.0,0.0,6.259581464064923,567.901626336558,2935.9703783049326
,11/7/23,Tue,0.791666667,7:00p,Western Michigan,Central Michigan,139K,139.0,Western Michigan,38.0,28.0,0.0,0.0,0,0.0,0.0,0.0,0.0,0.0,0.0,0.0,1.0,0.0,0.0,0.0,0.0,,,0.0,,,3.5,,,0.0,-3.5,,,,10.0,10.0,0.0,0.0,0.0,0.0,0.0,0.0,0.0,0.0,0.0,0.0,0.0,0.0,,0.0,0.0,0.0,0.0,19.0,0,1,0,0,0,0,2023-11-07,2023,1,0,0,0,0,0,0,0,0,0,0,0,0,0,0,0,0,0,0,0,0,0,0,0,0,0,0,0,0,0,0,0.0,0.0,0.0,0.0,0.0,0.0,0.0,0.0,0.0,0.0,0.0,0.0,0.0,4.941642422609304,98.75867215973034,407.30025165775714
,11/7/23,Tue,0.8125,7:30p,Buffalo,Ohio,368K,368.0,Ohio,20.0,10.0,0.0,0.0,0,0.0,0.0,1.0,0.0,0.0,0.0,0.0,0.0,0.0,0.0,0.0,0.0,,,0.0,,,7.0,,,0.0,7.0,,,,10.0,10.0,0.0,0.0,0.0,0.0,0.0,0.0,0.0,0.0,0.0,0.0,0.0,0.0,,0.0,0.0,0.0,0.0,19.5,0,1,0,0,0,0,2023-11-07,2023,1,0,0,0,0,0,0,0,0,0,0,0,0,0,0,0,0,0,0,0,0,0,0,0,0,0,0,0,0,0,0,0.0,0.0,0.0,0.0,0.0,0.0,0.0,0.0,0.0,0.0,0.0,0.0,0.0,5.910796644040527,407.30025165775714,98.75867215973034
,11/8/23,Wed,0.791666667,7:00p,Miami Ohio,Akron,82K,82.0,Miami Ohio,19.0,0.0,0.0,0.0,0,0.0,0.0,0.0,0.0,0.0,0.0,0.0,1.0,0.0,0.0,0.0,0.0,,,0.0,,,17.0,,,0.0,-17.0,,,,19.0,19.0,0.0,0.0,0.0,0.0,0.0,0.0,0.0,0.0,0.0,0.0,0.0,0.0,,0.0,0.0,0.0,0.0,19.0,0,1,0,0,0,0,2023-11-08,2023,1,0,0,0,0,0,0,0,0,0,0,0,0,0,0,0,0,0,0,0,0,0,0,0,0,0,0,0,0,0,0,0.0,0.0,0.0,0.0,0.0,0.0,0.0,0.0,0.0,0.0,0.0,0.0,0.0,4.418840607796598,84.24497268888256,249.4473845145105
,11/8/23,Wed,0.8125,7:30p,Toledo,Eastern Michigan,238K,238.0,Toledo,49.0,23.0,0.0,0.0,0,0.0,0.0,1.0,0.0,0.0,0.0,0.0,0.0,0.0,0.0,0.0,0.0,,,0.0,,,18.5,,,0.0,-18.5,,,,26.0,26.0,0.0,0.0,0.0,0.0,0.0,0.0,0.0,0.0,0.0,0.0,0.0,0.0,,0.0,0.0,0.0,0.0,19.5,0,1,0,0,0,0,2023-11-08,2023,1,0,0,0,0,0,0,0,0,0,0,0,0,0,0,0,0,0,0,0,0,0,0,0,0,0,0,0,0,0,0,0.0,0.0,0.0,0.0,0.0,0.0,0.0,0.0,0.0,0.0,0.0,0.0,0.0,5.476463551931511,249.4473845145105,84.24497268888256
,11/9/23,Thu,0.8125,7:30p,Louisville,Virginia,1.29M,1290.0,Louisville,31.0,24.0,1.0,0.0,0,0.0,0.0,0.0,0.0,0.0,0.0,0.0,0.0,0.0,0.0,0.0,0.0,,,0.0,,,19.5,,,0.0,-19.5,,,,7.0,7.0,0.0,0.0,0.0,0.0,1.0,1.0,0.0,0.0,0.0,0.0,2.0,0.0,,0.0,0.0,1.0,0.0,19.5,0,1,0,0,0,0,2023-11-09,2023,1,0,0,0,0,0,0,0,0,0,0,0,0,0,0,0,0,0,0,0,0,0,0,0,0,0,0,0,0,0,0,0.0,0.0,0.0,0.0,0.0,0.0,0.0,0.0,0.0,0.0,0.0,0.0,0.0,7.1631723908466425,1445.2216906380943,58.374071451386484
,11/9/23,Thu,0.8125,7:30p,Louisiana,Southern Miss,83K,83.0,Southern Miss,34.0,31.0,0.0,0.0,0,0.0,0.0,0.0,0.0,0.0,0.0,0.0,1.0,0.0,0.0,0.0,0.0,,,0.0,,,12.0,,,0.0,-12.0,,,,3.0,3.0,0.0,0.0,0.0,0.0,0.0,0.0,0.0,0.0,0.0,0.0,0.0,0.0,,0.0,0.0,0.0,0.0,19.5,0,1,0,0,0,0,2023-11-09,2023,1,0,0,0,0,0,0,0,0,0,0,0,0,0,0,0,0,0,0,0,0,0,0,0,0,0,0,0,0,0,0,0.0,0.0,0.0,0.0,0.0,0.0,0.0,0.0,0.0,0.0,0.0,0.0,0.0,4.430816798843313,58.374071451386484,1445.2216906380943
,11/10/23,Fri,0.875,9:00p,SMU,North Texas,618K,618.0,SMU,45.0,21.0,0.0,0.0,0,0.0,0.0,1.0,0.0,0.0,0.0,0.0,0.0,0.0,0.0,0.0,0.0,,,0.0,,,15.5,,,0.0,-15.5,,,,24.0,24.0,0.0,0.0,0.0,0.0,0.0,0.0,0.0,0.0,0.0,0.0,0.0,0.0,,0.0,0.0,0.0,0.0,21.0,0,0,1,0,0,0,2023-11-10,2023,1,0,0,0,0,0,0,0,0,0,0,0,0,0,0,0,0,0,0,0,0,0,0,0,0,0,0,0,0,0,0,0.0,1.0,0.0,0.0,0.0,0.0,0.0,0.0,0.0,0.0,0.0,0.0,0.0,6.428105272684596,439.9512543110756,0.0
,11/10/23,Fri,0.958333333,11:00p,UNLV,Wyoming,214K,214.0,UNLV,34.0,14.0,0.0,0.0,0,0.0,1.0,0.0,0.0,0.0,0.0,0.0,0.0,0.0,0.0,0.0,0.0,,,0.0,,,2.5,,,0.0,-2.5,,,,20.0,20.0,0.0,0.0,0.0,0.0,0.0,0.0,0.0,0.0,0.0,0.0,0.0,0.0,,0.0,0.0,0.0,0.0,23.0,0,0,1,0,0,0,2023-11-10,2023,1,0,0,0,0,0,0,0,0,0,0,0,0,0,0,0,0,0,0,0,0,0,0,0,0,0,0,0,0,0,0,0.0,0.0,1.0,0.0,0.0,0.0,0.0,0.0,0.0,0.0,0.0,0.0,0.0,5.3706380281276624,362.8685662424801,0.0
,11/11/23,Sat,0.5,12:00p,Kansas,Texas Tech,780K,780.0,Texas Tech,16.0,13.0,1.0,0.0,2,0.0,1.0,0.0,0.0,0.0,0.0,0.0,0.0,0.0,0.0,0.0,0.0,,,0.0,,,3.5,,,0.0,-3.5,,,,3.0,3.0,0.0,0.0,0.0,0.0,0.0,0.0,1.0,1.0,2.0,0.0,0.0,0.0,,0.0,0.0,0.0,1.0,12.0,0,0,0,1,0,0,2023-11-11,2023,1,0,0,0,0,0,0,0,0,0,0,0,0,0,0,0,0,0,0,0,0,0,0,0,0,0,0,0,0,0,0,0.0,0.0,0.0,0.0,0.0,0.0,0.0,0.0,0.0,0.0,0.0,0.0,0.0,6.660575149839686,659.6176298803111,16629.647874456467
,11/11/23,Sat,0.5,12:00p,Clemson,Georgia Tech,1.62M,1620.0,Clemson,42.0,21.0,0.0,0.0,1,0.0,0.0,0.0,0.0,0.0,1.0,0.0,0.0,0.0,0.0,0.0,0.0,,,0.0,,,15.5,,,0.0,-15.5,,,,21.0,21.0,0.0,0.0,0.0,0.0,1.0,1.0,0.0,0.0,0.0,0.0,2.0,0.0,,0.0,0.0,0.0,0.0,12.0,0,0,0,1,0,0,2023-11-11,2023,1,0,0,0,0,0,0,0,0,0,0,0,0,0,0,0,0,0,0,0,0,0,0,0,0,0,0,0,0,0,0,0.0,0.0,0.0,0.0,0.0,0.0,0.0,0.0,0.0,0.0,0.0,0.0,0.0,7.390798521735676,2059.1364720165648,15230.129032320216
,11/11/23,Sat,0.5,12:00p,Illinois,Indiana,368K,368.0,Illinois,48.0,45.0,0.0,0.0,2,0.0,0.0,0.0,0.0,0.0,0.0,0.0,0.0,0.0,0.0,1.0,0.0,,,0.0,,,5.5,,,0.0,-5.5,,,,3.0,3.0,0.0,0.0,1.0,1.0,0.0,0.0,0.0,0.0,0.0,0.0,0.0,2.0,,0.0,0.0,0.0,0.0,12.0,0,0,0,1,0,0,2023-11-11,2023,1,0,0,0,0,0,0,0,0,0,0,0,0,0,0,0,0,0,0,0,0,0,0,0,0,0,0,0,0,0,0,0.0,0.0,0.0,0.0,0.0,0.0,0.0,0.0,0.0,0.0,0.0,0.0,0.0,5.910796644040527,443.5194390872066,16845.746065249572
,11/11/23,Sat,0.5,12:00p,Penn St.,Michigan,9.16M,9160.0,Michigan,24.0,15.0,0.0,2.0,1,1.0,0.0,0.0,0.0,0.0,0.0,0.0,0.0,0.0,0.0,0.0,0.0,,,0.0,,,6.5,,,0.0,6.5,,,,9.0,9.0,0.0,0.0,1.0,1.0,0.0,0.0,0.0,0.0,0.0,0.0,0.0,2.0,,1.0,1.0,0.0,0.0,12.0,0,0,0,1,0,0,2023-11-11,2023,1,0,0,0,0,0,0,0,0,0,0,0,0,0,0,0,0,0,0,0,0,0,0,0,0,1,0,1,0,0,0,0.0,0.0,0.0,0.0,0.0,0.0,0.0,0.0,0.0,0.0,0.0,0.0,0.0,9.122710622015209,9795.550927184779,7493.714577151999
,11/11/23,Sat,0.5,12:00p,Tulane,Tulsa,169K,169.0,Tulane,24.0,22.0,1.0,0.0,2,0.0,0.0,1.0,0.0,0.0,0.0,0.0,0.0,0.0,0.0,0.0,0.0,,,0.0,,,22.5,,,0.0,-22.5,,,,2.0,2.0,0.0,0.0,0.0,0.0,0.0,0.0,0.0,0.0,0.0,0.0,0.0,0.0,,0.0,0.0,0.0,1.0,12.0,0,0,0,1,0,0,2023-11-11,2023,1,0,0,0,0,0,0,0,0,0,0,0,0,0,0,0,0,0,0,0,0,0,0,0,0,0,0,0,0,0,0,0.0,0.0,0.0,0.0,0.0,0.0,0.0,0.0,0.0,0.0,0.0,0.0,0.0,5.135798437050262,270.58180521050707,17018.68369912627
,11/11/23,Sat,0.5,12:00p,Kentucky,Alabama,2.76M,2760.0,Alabama,49.0,21.0,0.0,1.0,1,0.0,0.0,0.0,0.0,0.0,0.0,0.0,0.0,0.0,0.0,0.0,0.0,,,0.0,,,10.0,,,0.0,10.0,,,,28.0,28.0,1.0,1.0,0.0,0.0,0.0,0.0,0.0,0.0,0.0,2.0,0.0,0.0,,0.0,1.0,0.0,0.0,12.0,0,0,0,1,0,0,2023-11-11,2023,1,0,0,0,0,0,0,0,0,0,0,0,0,0,0,0,0,0,0,0,0,0,0,0,0,0,0,0,0,0,0,0.0,0.0,0.0,0.0,0.0,0.0,0.0,0.0,0.0,0.0,0.0,0.0,0.0,7.923348211930154,4060.85923095741,13228.406273379369
,11/11/23,Sat,0.583333333,2:00p,Wake Forest,North Carolina St.,289K,289.0,North Carolina St.,26.0,6.0,0.0,0.0,0,0.0,0.0,0.0,0.0,0.0,0.0,1.0,0.0,0.0,0.0,0.0,0.0,,,0.0,,,2.5,,,0.0,2.5,,,,20.0,20.0,0.0,0.0,0.0,0.0,1.0,1.0,0.0,0.0,0.0,0.0,2.0,0.0,,0.0,0.0,0.0,0.0,14.0,0,0,0,0,0,0,2023-11-11,2023,1,0,0,0,0,0,0,0,0,0,0,0,0,0,0,0,0,0,0,0,0,0,0,0,0,0,0,0,0,0,0,0.0,0.0,0.0,0.0,0.0,0.0,0.0,0.0,0.0,0.0,0.0,0.0,0.0,5.66988092298052,401.7664360840577,0.0
,11/11/23,Sat,0.645833333,3:30p,Missouri,Tennessee,3.62M,3620.0,Missouri,36.0,7.0,2.0,0.0,1,0.0,0.0,0.0,0.0,1.0,0.0,0.0,0.0,0.0,0.0,0.0,0.0,,,0.0,,,1.0,,,0.0,1.0,,,,29.0,29.0,1.0,1.0,0.0,0.0,0.0,0.0,0.0,0.0,0.0,2.0,0.0,0.0,,0.0,0.0,1.0,1.0,15.5,0,0,0,0,1,0,2023-11-11,2023,1,0,0,0,0,0,0,0,0,0,0,0,0,0,0,0,0,0,0,0,0,0,0,0,0,1,1,0,0,0,0,0.0,0.0,0.0,0.0,0.0,0.0,0.0,0.0,0.0,0.0,0.0,0.0,0.0,8.19450550976564,4433.8020955677375,10098.190929389271
,11/11/23,Sat,0.645833333,3:30p,Washington,Utah,5.17M,5170.0,Washington,35.0,28.0,1.0,1.0,1,1.0,0.0,0.0,0.0,0.0,0.0,0.0,0.0,0.0,0.0,0.0,0.0,,,0.0,,,10.5,,,0.0,-10.5,,,,7.0,7.0,0.0,0.0,0.0,0.0,0.0,0.0,0.0,0.0,0.0,0.0,0.0,0.0,,1.0,0.0,1.0,0.0,15.5,0,0,0,0,1,0,2023-11-11,2023,1,0,0,0,0,0,0,0,0,0,0,0,0,0,0,0,0,0,0,0,0,0,0,0,0,1,0,0,0,0,0,0.0,0.0,0.0,0.0,0.0,0.0,0.0,0.0,0.0,0.0,0.0,0.0,0.0,8.550821372396221,2805.291851218645,11726.701173738362
,11/11/23,Sat,0.645833333,3:30p,UCF,Oklahoma St.,1.21M,1210.0,UCF,45.0,3.0,1.0,0.0,1,0.0,0.0,0.0,0.0,0.0,0.0,0.0,0.0,0.0,0.0,0.0,0.0,,,0.0,,,2.5,,,0.0,2.5,,,,42.0,42.0,0.0,0.0,0.0,0.0,0.0,0.0,1.0,1.0,2.0,0.0,0.0,0.0,,0.0,0.0,1.0,0.0,15.5,0,0,0,0,1,0,2023-11-11,2023,1,0,0,0,0,0,0,0,0,0,0,0,0,0,0,0,0,0,0,0,0,0,0,0,0,0,0,0,0,0,0,0.0,0.0,0.0,0.0,0.0,0.0,0.0,0.0,0.0,0.0,0.0,0.0,0.0,7.099201743553092,1140.051806341849,13391.941218615159
,11/11/23,Sat,0.645833333,3:30p,Iowa,Rutgers,714K,714.0,Iowa,22.0,0.0,0.0,0.0,2,0.0,0.0,0.0,0.0,0.0,0.0,0.0,0.0,0.0,0.0,1.0,0.0,,,0.0,,,2.5,,,0.0,-2.5,,,,22.0,22.0,0.0,0.0,1.0,1.0,0.0,0.0,0.0,0.0,0.0,0.0,0.0,2.0,,0.0,0.0,0.0,0.0,15.5,0,0,0,0,1,0,2023-11-11,2023,1,0,0,0,0,0,0,0,0,0,0,0,0,0,0,0,0,0,0,0,0,0,0,0,0,0,0,0,0,0,0,0.0,0.0,0.0,0.0,0.0,0.0,0.0,0.0,0.0,0.0,0.0,0.0,0.0,6.5722825426940075,525.7012024273429,14006.291822529665
,11/11/23,Sat,0.645833333,3:30p,Florida St.,Miami,4.14M,4140.0,Florida St.,27.0,20.0,0.0,1.0,1,0.0,0.0,0.0,0.0,0.0,1.0,0.0,0.0,0.0,0.0,0.0,0.0,,,0.0,,,14.0,,,0.0,-14.0,,,,7.0,7.0,0.0,0.0,0.0,0.0,1.0,1.0,0.0,0.0,0.0,0.0,2.0,0.0,,1.0,0.0,0.0,0.0,15.5,0,0,0,0,1,0,2023-11-11,2023,1,0,0,0,0,0,0,0,0,0,0,0,0,0,1,0,0,0,0,0,0,0,0,0,0,0,0,0,0,0,0,0.0,0.0,0.0,0.0,0.0,0.0,0.0,0.0,0.0,0.0,0.0,0.0,0.0,8.328692583545568,3409.1228112490758,11122.870213707933
,11/11/23,Sat,0.645833333,3:30p,Wisconsin,Northwestern,612K,612.0,Northwestern,24.0,10.0,0.0,0.0,2,0.0,1.0,0.0,0.0,0.0,0.0,0.0,0.0,0.0,0.0,0.0,0.0,,,0.0,,,12.0,,,0.0,-12.0,,,,14.0,14.0,0.0,0.0,1.0,1.0,0.0,0.0,0.0,0.0,0.0,0.0,0.0,2.0,,0.0,0.0,0.0,0.0,15.5,0,0,0,0,1,0,2023-11-11,2023,1,0,0,0,0,0,0,0,0,0,0,0,0,0,0,0,0,0,0,0,0,0,0,0,0,0,0,0,0,0,0,0.0,0.0,0.0,0.0,0.0,0.0,0.0,0.0,0.0,0.0,0.0,0.0,0.0,6.418364935936212,566.5738333952264,13965.419191561781
,11/11/23,Sat,0.645833333,3:30p,Purdue,Minnesota,1.17M,1170.0,Purdue,49.0,30.0,0.0,0.0,1,0.0,0.0,0.0,1.0,0.0,0.0,0.0,0.0,0.0,0.0,0.0,0.0,,,0.0,,,13.5,,,0.0,0.0,,,,19.0,19.0,0.0,0.0,1.0,1.0,0.0,0.0,0.0,0.0,0.0,0.0,0.0,2.0,,0.0,0.0,0.0,0.0,15.5,0,0,0,0,1,0,2023-11-11,2023,1,0,0,0,0,0,0,0,0,0,0,0,0,0,0,0,0,0,0,0,0,0,0,0,0,0,0,0,0,0,0,0.0,0.0,0.0,0.0,0.0,0.0,0.0,0.0,0.0,0.0,0.0,0.0,0.0,7.065613363597717,1232.314186812004,13299.678838145004
,11/11/23,Sat,0.666666667,4:00p,California,Washington St.,263K,263.0,California,42.0,39.0,0.0,0.0,2,0.0,0.0,1.0,0.0,0.0,0.0,0.0,0.0,0.0,0.0,0.0,0.0,,,0.0,,,1.5,,,0.0,-1.5,,,,3.0,3.0,0.0,0.0,0.0,0.0,0.0,0.0,0.0,0.0,0.0,0.0,0.0,0.0,,0.0,0.0,0.0,0.0,16.0,0,0,0,0,1,0,2023-11-11,2023,1,0,0,0,0,0,0,0,0,0,0,0,0,0,0,0,0,0,0,0,0,0,0,0,0,0,0,0,0,0,0,0.0,0.0,0.0,0.0,0.0,0.0,0.0,0.0,0.0,0.0,0.0,0.0,0.0,5.575949103146316,419.13523794512656,14112.85778701188
,11/11/23,Sat,0.791666667,7:00p,Oklahoma,West Virginia,2.39M,2390.0,Oklahoma,59.0,20.0,1.0,0.0,2,1.0,0.0,0.0,0.0,0.0,0.0,0.0,0.0,0.0,0.0,0.0,0.0,,,0.0,,,12.0,,,0.0,-12.0,,,,39.0,39.0,0.0,0.0,0.0,0.0,0.0,0.0,1.0,1.0,2.0,0.0,0.0,0.0,,0.0,0.0,0.0,1.0,19.0,0,0,0,0,0,0,2023-11-11,2023,1,0,0,0,0,0,0,0,0,0,0,0,0,0,0,0,0,0,0,0,0,0,0,0,0,0,0,0,0,0,0,0.0,0.0,0.0,0.0,0.0,0.0,0.0,0.0,0.0,0.0,0.0,0.0,0.0,7.779466967458324,3245.36661649071,14885.806071469255
,11/11/23,Sat,0.791666667,7:00p,Georgia,Mississippi,4.83M,4830.0,Georgia,52.0,17.0,0.0,2.0,2,0.0,0.0,0.0,0.0,0.0,0.0,0.0,0.0,0.0,0.0,0.0,0.0,,,0.0,,,13.0,,,0.0,-13.0,,,,35.0,35.0,1.0,1.0,0.0,0.0,0.0,0.0,0.0,0.0,0.0,2.0,0.0,0.0,,1.0,1.0,0.0,0.0,19.0,0,0,0,0,0,0,2023-11-11,2023,1,0,0,0,0,0,0,0,0,0,0,0,0,0,0,0,0,0,0,0,0,0,0,0,0,1,1,0,0,0,0,0.0,0.0,0.0,0.0,0.0,0.0,0.0,0.0,0.0,0.0,0.0,0.0,0.0,8.482808764554406,4362.273780796485,13768.89890716348
,11/11/23,Sat,0.791666667,7:00p,Marshall,Georgia Southern,84K,84.0,Marshall,38.0,33.0,0.0,0.0,3,0.0,0.0,0.0,0.0,0.0,0.0,0.0,0.0,0.0,1.0,0.0,0.0,,,0.0,,,1.5,,,0.0,1.5,,,,5.0,5.0,0.0,0.0,0.0,0.0,0.0,0.0,0.0,0.0,0.0,0.0,0.0,0.0,,0.0,0.0,0.0,0.0,19.0,0,0,0,0,0,0,2023-11-11,2023,1,0,0,0,0,0,0,0,0,0,0,0,0,0,0,0,0,0,0,0,0,0,0,0,0,0,0,0,0,0,0,0.0,0.0,0.0,0.0,0.0,0.0,0.0,0.0,0.0,0.0,0.0,0.0,0.0,4.442651256490317,77.77966026633874,18053.393027693623
,11/11/23,Sat,0.791666667,7:00p,Houston,Cincinnati,176K,176.0,Cincinnati,24.0,14.0,0.0,0.0,3,0.0,1.0,0.0,0.0,0.0,0.0,0.0,0.0,0.0,0.0,0.0,0.0,,,0.0,,,2.5,,,0.0,-2.5,,,,10.0,10.0,0.0,0.0,0.0,0.0,0.0,0.0,1.0,1.0,2.0,0.0,0.0,0.0,,0.0,0.0,0.0,0.0,19.0,0,0,0,0,0,0,2023-11-11,2023,1,0,0,0,0,0,0,0,0,0,0,0,0,0,0,0,0,0,0,0,0,0,0,0,0,0,0,0,0,0,0,0.0,0.0,0.0,0.0,0.0,0.0,0.0,0.0,0.0,0.0,0.0,0.0,0.0,5.176149732573829,316.23687916644224,17814.935808793518
,11/11/23,Sat,0.8125,7:30p,TCU,Texas,2.82M,2820.0,Texas,29.0,26.0,0.0,1.0,2,0.0,0.0,0.0,0.0,0.0,1.0,0.0,0.0,0.0,0.0,0.0,0.0,,,0.0,,,6.0,,,0.0,6.0,,,,3.0,3.0,0.0,0.0,0.0,0.0,0.0,0.0,1.0,1.0,2.0,0.0,0.0,0.0,,0.0,1.0,0.0,0.0,19.5,0,0,0,0,0,0,2023-11-11,2023,1,0,0,0,0,0,0,0,0,0,0,0,0,0,0,0,0,0,0,0,0,0,0,0,0,0,0,0,0,0,0,0.0,0.0,0.0,0.0,0.0,0.0,0.0,0.0,0.0,0.0,0.0,0.0,0.0,7.944846711001996,4039.772710781687,14091.399977178278
,11/11/23,Sat,0.8125,7:30p,Ohio St.,Michigan St.,3.57M,3570.0,Ohio St.,38.0,3.0,0.0,1.0,2,0.0,0.0,0.0,1.0,0.0,0.0,0.0,0.0,0.0,0.0,0.0,0.0,,,0.0,,,30.5,,,0.0,-30.5,,,,35.0,35.0,0.0,0.0,1.0,1.0,0.0,0.0,0.0,0.0,0.0,0.0,0.0,2.0,,1.0,0.0,0.0,0.0,19.5,0,0,0,0,0,0,2023-11-11,2023,1,0,0,0,0,0,0,0,0,0,0,0,0,0,0,0,0,0,0,0,0,0,0,0,0,0,0,0,0,0,0,0.0,0.0,0.0,0.0,0.0,0.0,0.0,0.0,0.0,0.0,0.0,0.0,0.0,8.18060094759445,5139.27053847185,12991.902149488114
,11/11/23,Sat,0.8125,7:30p,UTSA,Rice,22K,22.0,UTSA,34.0,14.0,0.0,0.0,2,0.0,0.0,0.0,0.0,0.0,0.0,0.0,1.0,0.0,0.0,0.0,0.0,,,0.0,,,13.0,,,0.0,-13.0,,,,20.0,20.0,0.0,0.0,0.0,0.0,0.0,0.0,0.0,0.0,0.0,0.0,0.0,0.0,,0.0,0.0,0.0,0.0,19.5,0,0,0,0,0,0,2023-11-11,2023,1,0,0,0,0,0,0,0,0,0,0,0,0,0,0,0,0,0,0,0,0,0,0,0,0,0,0,0,0,0,0,0.0,0.0,0.0,0.0,0.0,0.0,0.0,0.0,0.0,0.0,0.0,0.0,0.0,3.1354942159291497,38.18541071968283,18092.98727724028
,11/11/23,Sat,0.8125,7:30p,Texas A&M,Mississippi St.,409K,409.0,Texas A&M,51.0,10.0,0.0,0.0,3,0.0,0.0,1.0,0.0,0.0,0.0,0.0,0.0,0.0,0.0,0.0,0.0,,,0.0,,,18.5,,,0.0,-18.5,,,,41.0,41.0,1.0,1.0,0.0,0.0,0.0,0.0,0.0,0.0,0.0,2.0,0.0,0.0,,0.0,0.0,0.0,0.0,19.5,0,0,0,0,0,0,2023-11-11,2023,1,0,0,0,0,0,0,0,0,0,0,0,0,0,0,0,0,0,0,0,0,0,0,0,0,0,0,0,0,0,0,0.0,0.0,0.0,0.0,0.0,0.0,0.0,0.0,0.0,0.0,0.0,0.0,0.0,6.016157159698354,912.2870912667695,17218.88559669319
,11/11/23,Sat,0.916666667,10:00p,Boise St.,New Mexico,164K,164.0,Boise St.,42.0,14.0,0.0,0.0,1,0.0,1.0,0.0,0.0,0.0,0.0,0.0,0.0,0.0,0.0,0.0,0.0,,,0.0,,,26.5,,,0.0,-26.5,,,,28.0,28.0,0.0,0.0,0.0,0.0,0.0,0.0,0.0,0.0,0.0,0.0,0.0,0.0,,0.0,0.0,0.0,0.0,22.0,0,0,0,0,0,1,2023-11-11,2023,1,0,0,0,0,0,0,0,0,0,0,0,0,0,0,0,0,0,0,0,0,0,0,0,0,0,0,0,0,0,0,0.0,0.0,0.0,0.0,0.0,0.0,0.0,0.0,0.0,0.0,0.0,0.0,0.0,5.10594547390058,271.89050141774356,5211.0388927854965
,11/11/23,Sat,0.9375,10:30p,BYU,Iowa St.,943K,943.0,Iowa St.,45.0,13.0,0.0,0.0,0,0.0,0.0,0.0,0.0,0.0,0.0,0.0,0.0,0.0,0.0,0.0,0.0,,,0.0,,,7.0,,,0.0,7.0,,,,32.0,32.0,0.0,0.0,0.0,0.0,0.0,0.0,1.0,1.0,2.0,0.0,0.0,0.0,,0.0,0.0,0.0,0.0,22.5,0,0,0,0,0,1,2023-11-11,2023,1,0,0,0,0,0,0,0,0,0,0,0,0,0,0,0,0,0,0,0,0,0,0,0,0,0,0,0,0,0,0,0.0,0.0,0.0,0.0,0.0,0.0,0.0,0.0,0.0,0.0,0.0,0.0,0.0,6.8501261661455,1332.8314118945057,4150.097982308735
,11/11/23,Sat,0.9375,10:30p,Oregon,USC,3.01M,3010.0,Oregon,36.0,27.0,0.0,1.0,0,1.0,0.0,0.0,0.0,0.0,0.0,0.0,0.0,0.0,0.0,0.0,0.0,,,0.0,,,12.5,,,0.0,-12.5,,,,9.0,9.0,0.0,0.0,0.0,0.0,0.0,0.0,0.0,0.0,0.0,0.0,0.0,0.0,,0.0,1.0,0.0,0.0,22.5,0,0,0,0,0,1,2023-11-11,2023,1,0,0,0,0,0,0,0,0,0,0,0,0,0,0,0,0,0,0,0,0,0,0,0,0,0,0,0,0,0,0,0.0,0.0,0.0,0.0,0.0,0.0,0.0,0.0,0.0,0.0,0.0,0.0,0.0,8.010027528481734,3878.2074808909906,1604.7219133122492
,11/14/23,Tue,0.791666667,7:00p,Bowling Green,Toledo,403K,403.0,Toledo,32.0,31.0,0.0,0.0,0,0.0,0.0,1.0,0.0,0.0,0.0,0.0,0.0,0.0,0.0,0.0,0.0,,,0.0,,,10.0,,,0.0,10.0,,,,1.0,1.0,0.0,0.0,0.0,0.0,0.0,0.0,0.0,0.0,0.0,0.0,0.0,0.0,,0.0,0.0,0.0,0.0,19.0,0,1,0,0,0,0,2023-11-14,2023,1,0,0,0,0,0,0,0,0,0,0,0,0,0,0,0,0,0,0,0,0,0,0,0,0,0,0,0,0,0,0,0.0,0.0,0.0,0.0,0.0,0.0,0.0,0.0,0.0,0.0,0.0,0.0,0.0,6.0014148779611505,297.2243262080977,118.65565057926337
,11/14/23,Tue,0.791666667,7:00p,Northern Illinois,Western Michigan,47K,47.0,Northern Illinois,24.0,0.0,0.0,0.0,0,0.0,0.0,0.0,0.0,0.0,0.0,0.0,1.0,0.0,0.0,0.0,0.0,,,0.0,,,3.0,,,0.0,-3.0,,,,24.0,24.0,0.0,0.0,0.0,0.0,0.0,0.0,0.0,0.0,0.0,0.0,0.0,0.0,,0.0,0.0,0.0,0.0,19.0,0,1,0,0,0,0,2023-11-14,2023,1,0,0,0,0,0,0,0,0,0,0,0,0,0,0,0,0,0,0,0,0,0,0,0,0,0,0,0,0,0,0,0.0,0.0,0.0,0.0,0.0,0.0,0.0,0.0,0.0,0.0,0.0,0.0,0.0,3.871201010907891,118.65565057926337,297.2243262080977
,11/15/23,Wed,0.791666667,7:00p,Miami Ohio,Buffalo,385K,385.0,Miami Ohio,23.0,10.0,0.0,0.0,0,0.0,0.0,1.0,0.0,0.0,0.0,0.0,0.0,0.0,0.0,0.0,0.0,,,0.0,,,8.5,,,0.0,-8.5,,,,13.0,13.0,0.0,0.0,0.0,0.0,0.0,0.0,0.0,0.0,0.0,0.0,0.0,0.0,,0.0,0.0,0.0,0.0,19.0,0,1,0,0,0,0,2023-11-15,2023,1,0,0,0,0,0,0,0,0,0,0,0,0,0,0,0,0,0,0,0,0,0,0,0,0,0,0,0,0,0,0,0.0,0.0,0.0,0.0,0.0,0.0,0.0,0.0,0.0,0.0,0.0,0.0,0.0,5.955837369464831,380.8443367961126,92.37495343868017
,11/15/23,Wed,0.791666667,7:00p,Ohio,Central Michigan,90K,90.0,Ohio,34.0,20.0,0.0,0.0,0,0.0,0.0,0.0,0.0,0.0,0.0,0.0,1.0,0.0,0.0,0.0,0.0,,,0.0,,,8.5,,,0.0,-8.5,,,,14.0,14.0,0.0,0.0,0.0,0.0,0.0,0.0,0.0,0.0,0.0,0.0,0.0,0.0,,0.0,0.0,0.0,0.0,19.0,0,1,0,0,0,0,2023-11-15,2023,1,0,0,0,0,0,0,0,0,0,0,0,0,0,0,0,0,0,0,0,0,0,0,0,0,0,0,0,0,0,0,0.0,0.0,0.0,0.0,0.0,0.0,0.0,0.0,0.0,0.0,0.0,0.0,0.0,4.51085950651685,92.37495343868017,380.8443367961126
,11/16/23,Thu,0.791666667,7:00p,Pittsburgh,Boston College,1.03M,1030.0,Pittsburgh,24.0,16.0,0.0,0.0,0,0.0,0.0,0.0,0.0,0.0,0.0,0.0,0.0,0.0,0.0,0.0,0.0,,,0.0,,,1.0,,,0.0,-1.0,,,,8.0,8.0,0.0,0.0,0.0,0.0,1.0,1.0,0.0,0.0,0.0,0.0,2.0,0.0,,0.0,0.0,0.0,0.0,19.0,0,1,0,0,0,0,2023-11-16,2023,1,0,0,0,0,0,0,0,0,0,0,0,0,0,0,0,0,0,0,0,0,0,0,0,0,0,0,0,0,0,0,0.0,0.0,0.0,0.0,0.0,0.0,0.0,0.0,0.0,0.0,0.0,0.0,0.0,6.93828448401696,1053.5334371116694,0.0
,11/17/23,Fri,0.875,9:00p,UTSA,South Florida,429K,429.0,UTSA,49.0,21.0,0.0,0.0,0,0.0,0.0,1.0,0.0,0.0,0.0,0.0,0.0,0.0,0.0,0.0,0.0,,,0.0,,,15.5,,,0.0,-15.5,,,,28.0,28.0,0.0,0.0,0.0,0.0,0.0,0.0,0.0,0.0,0.0,0.0,0.0,0.0,,0.0,0.0,0.0,0.0,21.0,0,0,1,0,0,0,2023-11-17,2023,1,0,0,0,0,0,0,0,0,0,0,0,0,0,0,0,0,0,0,0,0,0,0,0,0,0,0,0,0,0,0,0.0,1.0,0.0,0.0,0.0,0.0,0.0,0.0,0.0,0.0,0.0,0.0,0.0,6.063785208687608,510.3654643160762,0.0
,11/17/23,Fri,0.9375,10:30p,Washington St.,Colorado,727K,727.0,Washington St.,56.0,14.0,0.0,0.0,0,0.0,1.0,0.0,0.0,0.0,0.0,0.0,0.0,0.0,0.0,0.0,0.0,,,0.0,,,5.5,,,0.0,-5.5,,,,42.0,42.0,0.0,0.0,0.0,0.0,0.0,0.0,0.0,0.0,0.0,0.0,0.0,0.0,,0.0,0.0,0.0,0.0,22.5,0,0,1,0,0,0,2023-11-17,2023,1,1,0,0,0,0,0,0,0,0,0,0,0,0,0,0,0,0,0,0,0,0,0,0,0,0,0,0,0,0,0,0.0,0.0,1.0,0.0,0.0,0.0,0.0,0.0,0.0,0.0,0.0,0.0,0.0,6.590301048196686,1340.6155364719355,0.0
,11/18/23,Sat,0.5,12:00p,Maryland,Michigan,5.43M,5430.0,Michigan,31.0,24.0,0.0,1.0,1,1.0,0.0,0.0,0.0,0.0,0.0,0.0,0.0,0.0,0.0,0.0,0.0,,,0.0,,,21.0,,,0.0,21.0,,,,7.0,7.0,0.0,0.0,1.0,1.0,0.0,0.0,0.0,0.0,0.0,0.0,0.0,2.0,,1.0,0.0,0.0,0.0,12.0,0,0,0,1,0,0,2023-11-18,2023,1,0,0,0,0,0,0,0,0,0,0,0,0,0,0,0,0,0,0,0,0,0,0,0,0,0,0,0,0,0,0,0.0,0.0,0.0,0.0,0.0,0.0,0.0,0.0,0.0,0.0,0.0,0.0,0.0,8.599878558034845,3673.2697959830853,5460.340758228709
,11/18/23,Sat,0.5,12:00p,BYU,Oklahoma,2.17M,2170.0,Oklahoma,31.0,24.0,1.0,0.0,1,0.0,0.0,0.0,0.0,0.0,0.0,0.0,0.0,0.0,0.0,0.0,0.0,,,0.0,,,24.0,,,0.0,24.0,,,,7.0,7.0,0.0,0.0,0.0,0.0,0.0,0.0,1.0,1.0,2.0,0.0,0.0,0.0,,0.0,0.0,1.0,0.0,12.0,0,0,0,1,0,0,2023-11-18,2023,1,0,0,0,0,0,0,0,0,0,0,0,0,0,0,0,0,0,0,0,0,0,0,0,0,0,0,0,0,0,0,0.0,0.0,0.0,0.0,0.0,0.0,0.0,0.0,0.0,0.0,0.0,0.0,0.0,7.682943169878292,1889.3072188395788,7244.303335372215
,11/18/23,Sat,0.5,12:00p,Miami,Louisville,2.89M,2890.0,Louisville,38.0,31.0,0.0,1.0,1,0.0,0.0,0.0,0.0,0.0,1.0,0.0,0.0,0.0,0.0,0.0,0.0,,,0.0,,,1.5,,,0.0,1.5,,,,7.0,7.0,0.0,0.0,0.0,0.0,1.0,1.0,0.0,0.0,0.0,0.0,2.0,0.0,,0.0,1.0,0.0,0.0,12.0,0,0,0,1,0,0,2023-11-18,2023,1,0,0,0,0,0,0,0,0,0,0,0,0,0,0,0,0,0,0,0,0,0,0,0,0,0,0,0,0,0,0,0.0,0.0,0.0,0.0,0.0,0.0,0.0,0.0,0.0,0.0,0.0,0.0,0.0,7.969357742016346,2587.3690594346176,6546.241494777176
,11/18/23,Sat,0.5,12:00p,Penn St.,Rutgers,765K,765.0,Penn St.,27.0,6.0,1.0,0.0,2,0.0,1.0,0.0,0.0,0.0,0.0,0.0,0.0,0.0,0.0,0.0,0.0,,,0.0,,,19.5,,,0.0,-19.5,,,,21.0,21.0,0.0,0.0,1.0,1.0,0.0,0.0,0.0,0.0,0.0,0.0,0.0,2.0,,0.0,0.0,1.0,0.0,12.0,0,0,0,1,0,0,2023-11-18,2023,1,0,0,0,0,0,0,0,0,0,0,0,0,0,0,0,0,0,0,0,0,0,0,0,0,0,0,0,0,0,0,0.0,0.0,0.0,0.0,0.0,0.0,0.0,0.0,0.0,0.0,0.0,0.0,0.0,6.641182169740591,753.2772488027117,8380.333305409082
,11/18/23,Sat,0.5,12:00p,Memphis,SMU,276K,276.0,SMU,38.0,34.0,0.0,0.0,2,0.0,0.0,1.0,0.0,0.0,0.0,0.0,0.0,0.0,0.0,0.0,0.0,,,0.0,,,7.5,,,0.0,7.5,,,,4.0,4.0,0.0,0.0,0.0,0.0,0.0,0.0,0.0,0.0,0.0,0.0,0.0,0.0,,0.0,0.0,0.0,0.0,12.0,0,0,0,1,0,0,2023-11-18,2023,1,0,0,0,0,0,0,0,0,0,0,0,0,0,0,0,0,0,0,0,0,0,0,0,0,0,0,0,0,0,0,0.0,0.0,0.0,0.0,0.0,0.0,0.0,0.0,0.0,0.0,0.0,0.0,0.0,5.6240175061873385,230.3872311518004,8903.223323059992
,11/18/23,Sat,0.625,3:00p,Virginia,Duke,307K,307.0,Virginia,30.0,27.0,0.0,0.0,2,0.0,0.0,0.0,0.0,0.0,0.0,1.0,0.0,0.0,0.0,0.0,0.0,,,0.0,,,4.0,,,0.0,4.0,,,,3.0,3.0,0.0,0.0,0.0,0.0,1.0,1.0,0.0,0.0,0.0,0.0,2.0,0.0,,0.0,0.0,0.0,0.0,15.0,0,0,0,0,1,0,2023-11-18,2023,1,0,0,0,0,0,0,0,0,0,0,0,0,0,0,0,0,0,0,0,0,0,0,0,0,0,0,0,0,0,0,0.0,0.0,0.0,0.0,0.0,0.0,0.0,0.0,0.0,0.0,0.0,0.0,0.0,5.730099782973574,441.27962026731603,19197.06598026552
,11/18/23,Sat,0.645833333,3:30p,Troy,Louisiana,33K,33.0,Troy,31.0,24.0,0.0,0.0,2,0.0,0.0,0.0,0.0,0.0,0.0,0.0,0.0,0.0,1.0,0.0,0.0,,,0.0,,,14.5,,,0.0,-14.5,,,,7.0,7.0,0.0,0.0,0.0,0.0,0.0,0.0,0.0,0.0,0.0,0.0,0.0,0.0,,0.0,0.0,0.0,0.0,15.5,0,0,0,0,1,0,2023-11-18,2023,1,0,0,0,0,0,0,0,0,0,0,0,0,0,0,0,0,0,0,0,0,0,0,0,0,0,0,0,0,0,0,0.0,0.0,0.0,0.0,0.0,0.0,0.0,0.0,0.0,0.0,0.0,0.0,0.0,3.5263605246161616,56.493972591453065,19581.851627941385
,11/18/23,Sat,0.645833333,3:30p,USC,UCLA,2.65M,2650.0,UCLA,38.0,20.0,0.0,0.0,1,0.0,0.0,0.0,0.0,0.0,1.0,0.0,0.0,0.0,0.0,0.0,0.0,,,0.0,,,6.0,,,0.0,-6.0,,,,18.0,18.0,0.0,0.0,0.0,0.0,0.0,0.0,0.0,0.0,0.0,0.0,0.0,0.0,,0.0,0.0,0.0,0.0,15.5,0,0,0,0,1,0,2023-11-18,2023,1,0,0,0,0,0,0,0,0,0,0,0,0,0,0,0,0,1,0,0,0,0,0,0,0,0,0,0,0,0,0,0.0,0.0,0.0,0.0,0.0,0.0,0.0,0.0,0.0,0.0,0.0,0.0,0.0,7.8826922062890254,2329.8945557676093,17308.45104476523
,11/18/23,Sat,0.645833333,3:30p,Tennessee,Georgia,5.73M,5730.0,Georgia,38.0,10.0,1.0,1.0,1,0.0,0.0,0.0,0.0,1.0,0.0,0.0,0.0,0.0,0.0,0.0,0.0,,,0.0,,,10.0,,,0.0,10.0,,,,28.0,28.0,1.0,1.0,0.0,0.0,0.0,0.0,0.0,0.0,0.0,2.0,0.0,0.0,,1.0,0.0,0.0,1.0,15.5,0,0,0,0,1,0,2023-11-18,2023,1,0,0,0,0,0,0,0,0,0,0,0,0,0,0,0,0,0,0,0,0,0,0,0,0,1,1,0,0,0,0,0.0,0.0,0.0,0.0,0.0,0.0,0.0,0.0,0.0,0.0,0.0,0.0,0.0,8.653645314551737,7337.209909200925,12301.135691331912
,11/18/23,Sat,0.645833333,3:30p,Notre Dame,Wake Forest,1.48M,1480.0,Notre Dame,45.0,7.0,1.0,0.0,1,0.0,0.0,0.0,1.0,0.0,0.0,0.0,0.0,0.0,0.0,0.0,0.0,,,0.0,,,25.0,,,0.0,-25.0,,,,38.0,38.0,0.0,0.0,0.0,0.0,0.0,1.0,0.0,0.0,0.0,0.0,1.0,0.0,,0.0,0.0,0.0,1.0,15.5,0,0,0,0,1,0,2023-11-18,2023,1,0,0,0,0,0,0,0,0,0,0,0,0,0,0,0,0,0,0,0,0,0,0,0,0,0,0,0,0,0,0,0.0,0.0,0.0,0.0,0.0,0.0,0.0,0.0,0.0,0.0,0.0,0.0,0.0,7.300472814267799,1656.305663710594,17982.039936822242
,11/18/23,Sat,0.645833333,3:30p,Iowa,Illinois,847K,847.0,Iowa,15.0,13.0,0.0,0.0,2,0.0,1.0,0.0,0.0,0.0,0.0,0.0,0.0,0.0,0.0,0.0,0.0,,,0.0,,,3.5,,,0.0,-3.5,,,,2.0,2.0,0.0,0.0,1.0,1.0,0.0,0.0,0.0,0.0,0.0,0.0,0.0,2.0,,0.0,0.0,0.0,0.0,15.5,0,0,0,0,1,0,2023-11-18,2023,1,0,0,0,0,0,0,0,0,0,0,0,0,0,0,0,0,0,0,0,0,0,0,0,0,0,0,0,0,0,0,0.0,0.0,0.0,0.0,0.0,0.0,0.0,0.0,0.0,0.0,0.0,0.0,0.0,6.742880635791903,633.7288317409359,19004.6167687919
,11/18/23,Sat,0.645833333,3:30p,Clemson,North Carolina,1.76M,1760.0,Clemson,31.0,20.0,1.0,0.0,1,0.0,0.0,0.0,0.0,0.0,0.0,0.0,0.0,0.0,0.0,0.0,0.0,,,0.0,,,7.5,,,0.0,-7.5,,,,11.0,11.0,0.0,0.0,0.0,0.0,1.0,1.0,0.0,0.0,0.0,0.0,2.0,0.0,,0.0,0.0,0.0,1.0,15.5,0,0,0,0,1,0,2023-11-18,2023,1,0,0,0,0,0,0,0,0,0,0,0,0,0,0,0,0,0,0,0,0,0,0,0,0,0,0,0,0,0,0,0.0,0.0,0.0,0.0,0.0,0.0,0.0,0.0,0.0,0.0,0.0,0.0,0.0,7.473637108496206,2110.163332808309,17528.182267724525
,11/18/23,Sat,0.666666667,4:00p,Ohio St.,Minnesota,2.02M,2020.0,Ohio St.,37.0,3.0,0.0,1.0,2,0.0,0.0,0.0,0.0,0.0,0.0,0.0,0.0,0.0,0.0,1.0,0.0,,,0.0,,,28.0,,,0.0,-28.0,,,,34.0,34.0,0.0,0.0,1.0,1.0,0.0,0.0,0.0,0.0,0.0,0.0,0.0,2.0,,1.0,0.0,0.0,0.0,16.0,0,0,0,0,1,0,2023-11-18,2023,1,0,0,0,0,0,0,0,0,0,0,0,0,0,0,0,0,0,0,0,0,0,0,0,0,0,0,0,0,0,1,0.0,0.0,0.0,0.0,0.0,0.0,0.0,0.0,0.0,0.0,0.0,0.0,0.0,7.611347717403621,2130.896367658129,17721.38153613388
,11/18/23,Sat,0.666666667,4:00p,Arizona St.,Oregon,1.9M,1900.0,Oregon,49.0,13.0,0.0,1.0,1,1.0,0.0,0.0,0.0,0.0,0.0,0.0,0.0,0.0,0.0,0.0,0.0,,,0.0,,,22.0,,,0.0,22.0,,,,36.0,36.0,0.0,0.0,0.0,0.0,0.0,0.0,0.0,0.0,0.0,0.0,0.0,0.0,,0.0,1.0,0.0,0.0,16.0,0,0,0,0,1,0,2023-11-18,2023,1,0,0,0,0,0,0,0,0,0,0,0,0,0,0,0,0,0,0,0,0,0,0,0,0,0,0,0,0,0,0,0.0,0.0,0.0,0.0,0.0,0.0,0.0,0.0,0.0,0.0,0.0,0.0,0.0,7.550135342488429,2389.007471225352,17463.270432566653
,11/18/23,Sat,0.645833333,3:30p,Houston,Oklahoma St.,704K,704.0,Oklahoma St.,43.0,30.0,1.0,0.0,2,0.0,0.0,1.0,0.0,0.0,0.0,0.0,0.0,0.0,0.0,0.0,0.0,,,0.0,,,7.5,,,0.0,7.5,,,,13.0,13.0,0.0,0.0,0.0,0.0,0.0,0.0,1.0,1.0,2.0,0.0,0.0,0.0,,0.0,0.0,0.0,1.0,15.5,0,0,0,0,1,0,2023-11-18,2023,1,0,0,0,0,0,0,0,0,0,0,0,0,0,0,0,0,0,0,0,0,0,0,0,0,0,0,0,0,0,0,0.0,0.0,0.0,0.0,0.0,0.0,0.0,0.0,0.0,0.0,0.0,0.0,0.0,6.558197802812269,553.3658755622142,19084.97972497062
,11/18/23,Sat,0.708333333,5:00p,Texas Tech,UCF,270K,270.0,Texas Tech,24.0,23.0,0.0,0.0,1,0.0,0.0,0.0,0.0,0.0,0.0,0.0,0.0,1.0,0.0,0.0,0.0,,,0.0,,,3.0,,,0.0,-3.0,,,,1.0,1.0,0.0,0.0,0.0,0.0,0.0,0.0,1.0,1.0,2.0,0.0,0.0,0.0,,0.0,0.0,0.0,0.0,17.0,0,0,0,0,1,0,2023-11-18,2023,1,0,0,0,0,0,0,0,0,0,0,0,0,0,0,0,0,0,0,0,0,0,0,0,0,0,0,0,0,0,0,0.0,0.0,0.0,0.0,0.0,0.0,0.0,0.0,0.0,0.0,0.0,0.0,0.0,5.602118820879701,213.9323032591724,4519.9038388834815
,11/18/23,Sat,0.770833333,6:30p,Florida St.,North Alabama,1.33M,1330.0,Florida St.,58.0,13.0,0.0,1.0,1,0.0,0.0,0.0,0.0,0.0,0.0,1.0,0.0,0.0,0.0,0.0,0.0,,,0.0,,,48.5,,,0.0,,,,,45.0,45.0,0.0,0.0,0.0,0.0,1.0,0.0,0.0,0.0,0.0,0.0,1.0,0.0,,1.0,0.0,0.0,0.0,18.5,0,0,0,0,0,0,2023-11-18,2023,1,0,0,0,0,0,0,0,0,0,0,0,0,0,0,0,0,0,0,0,0,0,0,0,0,0,0,0,0,0,0,0.0,0.0,0.0,0.0,0.0,0.0,0.0,0.0,0.0,0.0,0.0,0.0,0.0,7.193685818395112,700.3206704191243,10788.580041540221
,11/18/23,Sat,0.791666667,7:00p,Kansas,Kansas St.,869K,869.0,Kansas St.,31.0,27.0,1.0,0.0,2,0.0,1.0,0.0,0.0,0.0,0.0,0.0,0.0,0.0,0.0,0.0,0.0,,,0.0,,,8.0,,,0.0,8.0,,,,4.0,4.0,0.0,0.0,0.0,0.0,0.0,0.0,1.0,1.0,2.0,0.0,0.0,0.0,,0.0,0.0,0.0,1.0,19.0,0,0,0,0,0,0,2023-11-18,2023,1,0,0,0,0,0,0,0,0,0,0,0,0,0,0,0,0,0,0,0,1,0,0,0,0,0,0,0,0,0,0,0.0,0.0,0.0,0.0,0.0,0.0,0.0,0.0,0.0,0.0,0.0,0.0,0.0,6.76849321164863,687.0791671751999,15565.333277591411
,11/18/23,Sat,0.8125,7:30p,Arkansas,FIU,173K,173.0,Arkansas,44.0,20.0,0.0,0.0,1,0.0,0.0,0.0,0.0,0.0,0.0,0.0,1.0,0.0,0.0,0.0,0.0,,,0.0,,,32.0,,,0.0,-32.0,,,,24.0,24.0,1.0,0.0,0.0,0.0,0.0,0.0,0.0,0.0,0.0,1.0,0.0,0.0,,0.0,0.0,0.0,0.0,19.5,0,0,0,0,0,0,2023-11-18,2023,1,0,0,0,0,0,0,0,0,0,0,0,0,0,0,0,0,0,0,0,0,0,0,0,0,0,0,0,0,0,0,0.0,0.0,0.0,0.0,0.0,0.0,0.0,0.0,0.0,0.0,0.0,0.0,0.0,5.159055299214529,125.22496050556546,16127.187484261047
,11/18/23,Sat,0.8125,7:30p,Oregon St.,Washington,4.73M,4730.0,Washington,22.0,20.0,0.0,2.0,1,0.0,0.0,0.0,0.0,0.0,1.0,0.0,0.0,0.0,0.0,0.0,0.0,,,0.0,,,1.0,,,0.0,1.0,,,,2.0,2.0,0.0,0.0,0.0,0.0,0.0,0.0,0.0,0.0,0.0,0.0,0.0,0.0,,1.0,1.0,0.0,0.0,19.5,0,0,0,0,0,0,2023-11-18,2023,1,0,0,0,0,0,0,0,0,0,0,0,0,0,0,0,0,0,0,0,0,0,0,0,0,1,0,0,0,0,0,0.0,0.0,0.0,0.0,0.0,0.0,0.0,0.0,0.0,0.0,0.0,0.0,0.0,8.461891875631148,3969.082721314088,12283.329723452525
,11/18/23,Sat,0.8125,7:30p,Missouri,Florida,2.27M,2270.0,Missouri,33.0,31.0,1.0,0.0,1,0.0,0.0,0.0,0.0,0.0,0.0,0.0,0.0,0.0,0.0,0.0,0.0,,,0.0,,,10.5,,,0.0,-10.5,,,,2.0,2.0,1.0,1.0,0.0,0.0,0.0,0.0,0.0,0.0,0.0,2.0,0.0,0.0,,0.0,0.0,1.0,0.0,19.5,0,0,0,0,0,0,2023-11-18,2023,1,0,0,0,0,0,0,0,0,0,0,0,0,0,0,0,0,0,0,0,0,0,0,0,0,0,0,0,0,0,0,0.0,0.0,0.0,0.0,0.0,0.0,0.0,0.0,0.0,0.0,0.0,0.0,0.0,7.7279755421055585,2800.0097529778122,13452.402691788802
,11/18/23,Sat,0.8125,7:30p,Wisconsin,Nebraska,2.45M,2450.0,Wisconsin,24.0,17.0,0.0,0.0,1,0.0,0.0,0.0,1.0,0.0,0.0,0.0,0.0,0.0,0.0,0.0,0.0,,,0.0,,,5.0,,,0.0,-5.0,,,,7.0,7.0,0.0,0.0,1.0,1.0,0.0,0.0,0.0,0.0,0.0,0.0,0.0,2.0,,0.0,0.0,0.0,0.0,19.5,0,0,0,0,0,0,2023-11-18,2023,1,0,0,0,0,0,0,0,0,0,0,0,0,0,0,0,0,0,0,0,0,0,0,0,0,0,0,0,0,0,0,0.0,0.0,0.0,0.0,0.0,0.0,0.0,0.0,0.0,0.0,0.0,0.0,0.0,7.804251383528112,3207.1834395675555,13045.229005199059
,11/18/23,Sat,0.833333333,8:00p,Iowa St.,Texas,2.47M,2470.0,Texas,26.0,16.0,0.0,1.0,1,1.0,0.0,0.0,0.0,0.0,0.0,0.0,0.0,0.0,0.0,0.0,0.0,,,0.0,,,8.0,,,0.0,8.0,,,,10.0,10.0,0.0,0.0,0.0,0.0,0.0,0.0,1.0,1.0,2.0,0.0,0.0,0.0,,0.0,1.0,0.0,0.0,20.0,0,0,0,0,0,0,2023-11-18,2023,1,0,0,0,0,0,0,0,0,0,0,0,0,0,0,0,0,0,0,0,0,0,0,0,0,0,0,0,0,0,0,0.0,0.0,0.0,0.0,0.0,0.0,0.0,0.0,0.0,0.0,0.0,0.0,0.0,7.81237820598861,4153.30856138814,11398.783212959348
,11/18/23,Sat,0.833333333,8:00p,LSU,Georgia St.,741K,741.0,LSU,56.0,14.0,1.0,0.0,2,0.0,0.0,1.0,0.0,0.0,0.0,0.0,0.0,0.0,0.0,0.0,0.0,,,0.0,,,30.5,,,0.0,-30.5,,,,42.0,42.0,1.0,0.0,0.0,0.0,0.0,0.0,0.0,0.0,0.0,1.0,0.0,0.0,,0.0,0.0,1.0,0.0,20.0,0,0,0,0,0,0,2023-11-18,2023,1,0,0,0,0,0,0,0,0,0,0,0,0,0,0,0,0,0,0,0,0,0,0,0,0,0,0,0,0,0,0,0.0,0.0,0.0,0.0,0.0,0.0,0.0,0.0,0.0,0.0,0.0,0.0,0.0,6.60934924316738,610.2031714191269,14941.88860292836
,11/18/23,Sat,0.9375,10:30p,Fresno St.,New Mexico,255K,255.0,New Mexico,25.0,17.0,0.0,0.0,0,0.0,1.0,0.0,0.0,0.0,0.0,0.0,0.0,0.0,0.0,0.0,0.0,,,0.0,,,24.0,,,0.0,-24.0,,,,8.0,8.0,0.0,0.0,0.0,0.0,0.0,0.0,0.0,0.0,0.0,0.0,0.0,0.0,,0.0,0.0,0.0,0.0,22.5,0,0,0,0,0,1,2023-11-18,2023,1,0,0,0,0,0,0,0,0,0,0,0,0,0,0,0,0,0,0,0,0,0,0,0,0,0,0,0,0,0,0,0.0,0.0,0.0,0.0,0.0,0.0,0.0,0.0,0.0,0.0,0.0,0.0,0.0,5.545177444479562,174.52335282020258,0.0
,11/21/23,Tue,0.791666667,7:00p,Western Michigan,Bowling Green,116K,116.0,Bowling Green,34.0,10.0,0.0,0.0,0,0.0,0.0,0.0,0.0,0.0,0.0,0.0,1.0,0.0,0.0,0.0,0.0,,,0.0,,,2.0,,,0.0,2.0,,,,24.0,24.0,0.0,0.0,0.0,0.0,0.0,0.0,0.0,0.0,0.0,0.0,0.0,0.0,,0.0,0.0,0.0,0.0,19.0,0,1,0,0,0,0,2023-11-21,2023,1,0,0,0,0,0,0,0,0,0,0,0,0,0,0,0,0,0,0,0,0,0,0,0,0,0,0,0,0,0,0,0.0,0.0,0.0,0.0,0.0,0.0,0.0,0.0,0.0,0.0,0.0,0.0,0.0,4.762173934797756,111.75745698875102,341.42799204657223
,11/21/23,Tue,0.8125,7:30p,Buffalo,Eastern Michigan,384K,384.0,Eastern Michigan,24.0,11.0,0.0,0.0,0,0.0,0.0,1.0,0.0,0.0,0.0,0.0,0.0,0.0,0.0,0.0,0.0,,,0.0,,,6.5,,,0.0,-6.5,,,,13.0,13.0,0.0,0.0,0.0,0.0,0.0,0.0,0.0,0.0,0.0,0.0,0.0,0.0,,0.0,0.0,0.0,0.0,19.5,0,1,0,0,0,0,2023-11-21,2023,1,0,0,0,0,0,0,0,0,0,0,0,0,0,0,0,0,0,0,0,0,0,0,0,0,0,0,0,0,0,0,0.0,0.0,0.0,0.0,0.0,0.0,0.0,0.0,0.0,0.0,0.0,0.0,0.0,5.953243334287785,341.42799204657223,111.75745698875102
,11/23/23,Thu,0.8125,7:30p,Mississippi St.,Mississippi,2.29M,2290.0,Mississippi,17.0,7.0,1.0,0.0,0,0.0,0.0,0.0,0.0,0.0,0.0,0.0,0.0,0.0,0.0,0.0,0.0,,,0.0,,,11.0,,,0.0,11.0,,,,10.0,10.0,1.0,1.0,0.0,0.0,0.0,0.0,0.0,0.0,0.0,2.0,0.0,0.0,,0.0,0.0,1.0,0.0,19.5,0,1,0,0,0,0,2023-11-23,2023,1,0,0,0,0,0,0,0,0,0,0,1,0,0,0,0,0,0,0,0,0,0,0,0,0,0,0,0,0,0,0,0.0,0.0,0.0,0.0,0.0,0.0,0.0,0.0,0.0,0.0,0.0,0.0,0.0,7.736743682453495,2342.7649312520075,0.0
,11/24/23,Fri,0.5,12:00p,Oklahoma,TCU,2.22M,2220.0,Oklahoma,69.0,45.0,1.0,0.0,0,1.0,0.0,0.0,0.0,0.0,0.0,0.0,0.0,0.0,0.0,0.0,0.0,,,0.0,,,12.5,,,0.0,-12.5,,,,24.0,24.0,0.0,0.0,0.0,0.0,0.0,0.0,1.0,1.0,2.0,0.0,0.0,0.0,,0.0,0.0,1.0,0.0,12.0,0,0,1,0,0,0,2023-11-24,2023,1,0,0,0,0,0,0,0,0,0,0,0,0,0,0,0,0,0,0,0,0,0,0,0,0,0,0,0,0,0,0,1.0,0.0,0.0,0.0,0.0,0.0,0.0,0.0,0.0,0.0,0.0,0.0,0.0,7.7057128238944275,3006.5729702665153,8566.24613800078
,11/24/23,Fri,0.5,12:00p,Nebraska,Iowa,4.39M,4390.0,Iowa,13.0,10.0,1.0,0.0,0,0.0,0.0,0.0,0.0,1.0,0.0,0.0,0.0,0.0,0.0,0.0,0.0,,,0.0,,,1.0,,,0.0,1.0,,,,3.0,3.0,0.0,0.0,1.0,1.0,0.0,0.0,0.0,0.0,0.0,0.0,0.0,2.0,,0.0,0.0,0.0,1.0,12.0,0,0,1,0,0,0,2023-11-24,2023,1,0,0,0,0,0,0,0,0,0,0,0,0,0,0,0,0,0,0,0,0,0,0,0,0,0,0,0,0,0,0,0.0,0.0,0.0,0.0,1.0,0.0,0.0,0.0,0.0,0.0,0.0,0.0,0.0,8.387312270561717,5947.370299455452,5625.448808811844
,11/24/23,Fri,0.5,12:00p,Boston College,Miami,1.43M,1430.0,Miami,45.0,20.0,0.0,0.0,0,0.0,0.0,0.0,0.0,0.0,1.0,0.0,0.0,0.0,0.0,0.0,0.0,,,0.0,,,9.0,,,0.0,9.0,,,,25.0,25.0,0.0,0.0,0.0,0.0,1.0,1.0,0.0,0.0,0.0,0.0,2.0,0.0,,0.0,0.0,0.0,0.0,12.0,0,0,1,0,0,0,2023-11-24,2023,1,0,0,0,0,0,0,0,0,0,0,0,0,0,0,0,0,0,0,0,0,0,0,0,0,0,0,0,0,0,0,0.0,0.0,0.0,0.0,0.0,1.0,0.0,0.0,0.0,0.0,0.0,0.0,0.0,7.266128779556451,1958.611354365414,9614.207753901883
,11/24/23,Fri,0.5,12:00p,Central Michigan,Toledo,74K,74.0,Toledo,32.0,17.0,1.0,0.0,0,0.0,0.0,0.0,0.0,0.0,0.0,0.0,1.0,0.0,0.0,0.0,0.0,,,0.0,,,12.5,,,0.0,12.5,,,,15.0,15.0,0.0,0.0,0.0,0.0,0.0,0.0,0.0,0.0,0.0,0.0,0.0,0.0,,0.0,0.0,0.0,1.0,12.0,0,0,1,0,0,0,2023-11-24,2023,1,0,0,0,0,0,0,0,0,0,0,0,0,0,0,0,0,0,0,0,0,0,0,0,0,0,0,0,0,0,0,0.0,0.0,0.0,0.0,0.0,0.0,0.0,1.0,0.0,0.0,0.0,0.0,0.0,4.31748811353631,111.6473261447709,11461.171782122525
,11/24/23,Fri,0.5,12:00p,Temple,Memphis,394K,394.0,Memphis,45.0,21.0,0.0,0.0,0,0.0,0.0,0.0,0.0,0.0,0.0,0.0,0.0,0.0,0.0,0.0,0.0,,,0.0,,,11.0,,,0.0,11.0,,,,24.0,24.0,0.0,0.0,0.0,0.0,0.0,0.0,0.0,0.0,0.0,0.0,0.0,0.0,,0.0,0.0,0.0,0.0,12.0,0,0,1,0,0,0,2023-11-24,2023,1,0,0,0,0,0,0,0,0,0,0,0,0,0,0,0,0,0,0,0,0,0,0,0,0,0,0,0,0,0,0,0.0,0.0,0.0,0.0,0.0,0.0,0.0,0.0,0.0,0.0,0.0,0.0,1.0,5.978885764901122,548.6171580351435,11024.201950232153
,11/24/23,Fri,0.645833333,3:30p,Tulane,UTSA,1.72M,1720.0,Tulane,29.0,16.0,1.0,0.0,0,0.0,0.0,0.0,0.0,0.0,1.0,0.0,0.0,0.0,0.0,0.0,0.0,,,0.0,,,2.5,,,0.0,-2.5,,,,13.0,13.0,0.0,0.0,0.0,0.0,0.0,0.0,0.0,0.0,0.0,0.0,0.0,0.0,,0.0,0.0,0.0,1.0,15.5,0,0,1,0,0,0,2023-11-24,2023,1,0,0,0,0,0,0,0,0,0,0,0,0,0,0,0,0,0,0,0,0,0,0,0,0,0,0,0,0,0,0,0.0,0.0,0.0,0.0,0.0,1.0,0.0,0.0,0.0,0.0,0.0,0.0,0.0,7.450660796211539,1012.6009955105443,4416.645664350589
,11/24/23,Fri,0.666666667,4:00p,Arkansas,Missouri,4.09M,4090.0,Missouri,48.0,14.0,0.0,1.0,0,0.0,0.0,0.0,0.0,1.0,0.0,0.0,0.0,0.0,0.0,0.0,0.0,,,0.0,,,7.0,,,0.0,7.0,,,,34.0,34.0,1.0,1.0,0.0,0.0,0.0,0.0,0.0,0.0,0.0,2.0,0.0,0.0,,0.0,1.0,0.0,0.0,16.0,0,0,1,0,0,0,2023-11-24,2023,1,0,0,0,0,0,0,0,0,0,0,0,0,0,0,0,0,0,0,0,0,0,0,0,0,0,0,0,0,0,0,0.0,0.0,0.0,0.0,1.0,0.0,0.0,0.0,0.0,0.0,0.0,0.0,0.0,8.316544717929398,3987.375299992326,1441.8713598688075
,11/24/23,Fri,0.666666667,4:00p,Boise St.,Air Force,409K,409.0,Boise St.,27.0,19.0,0.0,0.0,1,0.0,1.0,0.0,0.0,0.0,0.0,0.0,0.0,0.0,0.0,0.0,0.0,,,0.0,,,6.5,,,0.0,-6.5,,,,8.0,8.0,0.0,0.0,0.0,0.0,0.0,0.0,0.0,0.0,0.0,0.0,0.0,0.0,,0.0,0.0,0.0,0.0,16.0,0,0,1,0,0,0,2023-11-24,2023,1,0,0,0,0,0,0,0,0,0,0,0,0,0,0,0,0,0,0,0,0,0,0,0,0,0,0,0,0,0,0,0.0,0.0,1.0,0.0,0.0,0.0,0.0,0.0,0.0,0.0,0.0,0.0,0.0,6.016157159698354,429.2703643582633,4999.97629550287
,11/24/23,Fri,0.8125,7:30p,Michigan St.,Penn St.,3.38M,3380.0,Penn St.,42.0,0.0,1.0,0.0,1,0.0,0.0,0.0,1.0,0.0,0.0,0.0,0.0,0.0,0.0,0.0,0.0,,,0.0,,,20.0,,,0.0,20.0,,,,42.0,42.0,0.0,0.0,1.0,1.0,0.0,0.0,0.0,0.0,0.0,0.0,0.0,2.0,,0.0,0.0,1.0,0.0,19.5,0,0,1,0,0,0,2023-11-24,2023,1,0,0,0,0,0,0,0,0,0,0,0,0,0,0,0,0,0,0,0,0,0,0,0,0,0,0,0,0,0,0,0.0,0.0,0.0,1.0,0.0,0.0,0.0,0.0,0.0,0.0,0.0,0.0,0.0,8.125926802707886,3823.299819930915,9537.718026308838
,11/24/23,Fri,0.8125,7:30p,Texas,Texas Tech,3.77M,3770.0,Texas,57.0,7.0,0.0,1.0,1,0.0,0.0,0.0,0.0,0.0,1.0,0.0,0.0,0.0,0.0,0.0,0.0,,,0.0,,,13.5,,,0.0,-13.5,,,,50.0,50.0,0.0,0.0,0.0,0.0,0.0,0.0,1.0,1.0,2.0,0.0,0.0,0.0,,0.0,1.0,0.0,0.0,19.5,0,0,1,0,0,0,2023-11-24,2023,1,0,0,0,0,0,0,0,0,0,0,0,0,0,0,0,0,0,0,0,0,0,0,0,0,0,0,0,0,0,0,0.0,0.0,0.0,0.0,0.0,1.0,0.0,0.0,0.0,0.0,0.0,0.0,0.0,8.235095497258357,5734.526207193849,7626.491639045904
,11/24/23,Fri,0.854166667,8:30p,Oregon,Oregon St.,4.12M,4120.0,Oregon,31.0,7.0,1.0,1.0,1,1.0,0.0,0.0,0.0,0.0,0.0,0.0,0.0,0.0,0.0,0.0,0.0,,,0.0,,,14.0,,,0.0,-14.0,,,,24.0,24.0,0.0,0.0,0.0,0.0,0.0,0.0,0.0,0.0,0.0,0.0,0.0,0.0,,0.0,1.0,1.0,0.0,20.5,0,0,1,0,0,0,2023-11-24,2023,1,0,0,0,0,0,0,0,0,0,0,0,0,0,0,0,1,0,0,0,0,0,0,0,0,1,0,0,0,0,0,1.0,0.0,0.0,0.0,0.0,0.0,0.0,0.0,0.0,0.0,0.0,0.0,0.0,8.323851131338817,3803.191819114989,9557.826027124764
,11/25/23,Sat,0.5,12:00p,Purdue,Indiana,246K,246.0,Purdue,35.0,31.0,0.0,0.0,2,0.0,0.0,0.0,0.0,0.0,0.0,0.0,0.0,0.0,0.0,1.0,0.0,,,0.0,,,2.5,,,0.0,-2.5,,,,4.0,4.0,0.0,0.0,1.0,1.0,0.0,0.0,0.0,0.0,0.0,0.0,0.0,2.0,,0.0,0.0,0.0,0.0,12.0,0,0,0,1,0,0,2023-11-25,2023,1,0,0,0,0,0,0,0,0,0,0,0,0,0,0,0,0,0,0,0,0,0,0,0,0,0,0,0,0,0,0,0.0,0.0,0.0,0.0,0.0,0.0,0.0,0.0,0.0,0.0,0.0,0.0,0.0,5.5093883366279774,448.6797143677009,24982.408570620908
,11/25/23,Sat,0.5,12:00p,Louisville,Kentucky,1.57M,1570.0,Kentucky,38.0,31.0,0.0,1.0,1,0.0,0.0,0.0,0.0,0.0,1.0,0.0,0.0,0.0,0.0,0.0,0.0,,,0.0,,,7.0,,,0.0,-7.0,,,,7.0,7.0,0.0,1.0,0.0,0.0,1.0,0.0,0.0,0.0,0.0,1.0,1.0,0.0,,0.0,1.0,0.0,0.0,12.0,0,0,0,1,0,0,2023-11-25,2023,1,0,0,0,0,0,0,0,0,0,0,0,0,0,0,0,0,0,1,0,0,0,0,0,0,0,0,0,0,0,0,0.0,0.0,0.0,0.0,0.0,0.0,0.0,0.0,0.0,0.0,0.0,0.0,0.0,7.359467638255621,2516.7845883001246,22914.303696688483
,11/25/23,Sat,0.5,12:00p,LSU,Texas A&M,2M,2000.0,LSU,42.0,30.0,1.0,0.0,1,0.0,0.0,0.0,0.0,0.0,0.0,0.0,0.0,0.0,0.0,0.0,0.0,,,0.0,,,10.5,,,0.0,-10.5,,,,12.0,12.0,1.0,1.0,0.0,0.0,0.0,0.0,0.0,0.0,0.0,2.0,0.0,0.0,,0.0,0.0,1.0,0.0,12.0,0,0,0,1,0,0,2023-11-25,2023,1,0,0,0,0,0,0,0,0,0,0,0,0,0,0,0,0,0,0,0,0,0,0,0,0,0,0,0,0,0,0,0.0,0.0,0.0,0.0,0.0,0.0,0.0,0.0,0.0,0.0,0.0,0.0,0.0,7.601402334583733,3104.681871070392,22326.406413918216
,11/25/23,Sat,0.5,12:00p,Southern Miss,Troy,31K,31.0,Troy,35.0,17.0,0.0,0.0,1,0.0,0.0,0.0,0.0,0.0,0.0,0.0,1.0,0.0,0.0,0.0,0.0,,,0.0,,,16.5,,,0.0,16.5,,,,18.0,18.0,0.0,0.0,0.0,0.0,0.0,0.0,0.0,0.0,0.0,0.0,0.0,0.0,,0.0,0.0,0.0,0.0,12.0,0,0,0,1,0,0,2023-11-25,2023,1,0,0,0,0,0,0,0,0,0,0,0,0,0,0,0,0,0,0,0,0,0,0,0,0,0,0,0,0,0,0,0.0,0.0,0.0,0.0,0.0,0.0,0.0,0.0,0.0,0.0,0.0,0.0,0.0,3.4657359027997265,34.01351276164797,25397.07477222696
,11/25/23,Sat,0.5,12:00p,UCF,Houston,185K,185.0,UCF,27.0,13.0,0.0,0.0,2,0.0,1.0,0.0,0.0,0.0,0.0,0.0,0.0,0.0,0.0,0.0,0.0,,,0.0,,,13.5,,,0.0,-13.5,,,,14.0,14.0,0.0,0.0,0.0,0.0,0.0,0.0,1.0,1.0,2.0,0.0,0.0,0.0,,0.0,0.0,0.0,0.0,12.0,0,0,0,1,0,0,2023-11-25,2023,1,0,0,0,0,0,0,0,0,0,0,0,0,0,0,0,0,0,0,0,0,0,0,0,0,0,0,0,0,0,0,0.0,0.0,0.0,0.0,0.0,0.0,0.0,0.0,0.0,0.0,0.0,0.0,0.0,5.225746673713202,310.2834787919192,25120.804806196687
,11/25/23,Sat,0.5,12:00p,SMU,Navy,76K,76.0,SMU,59.0,14.0,0.0,0.0,2,0.0,0.0,1.0,0.0,0.0,0.0,0.0,0.0,0.0,0.0,0.0,0.0,,,0.0,,,20.0,,,0.0,-20.0,,,,45.0,45.0,0.0,0.0,0.0,0.0,0.0,0.0,0.0,0.0,0.0,0.0,0.0,0.0,,0.0,0.0,0.0,0.0,12.0,0,0,0,1,0,0,2023-11-25,2023,1,0,0,0,0,0,0,0,0,0,0,0,0,0,0,0,0,0,0,0,0,0,0,0,0,0,0,0,0,0,0,0.0,0.0,0.0,0.0,0.0,0.0,0.0,0.0,0.0,0.0,0.0,0.0,0.0,4.343805421853684,311.13315709024903,25119.95512789836
,11/25/23,Sat,0.583333333,2:00p,Syracuse,Wake Forest,248K,248.0,Syracuse,35.0,31.0,0.0,0.0,0,0.0,0.0,0.0,0.0,0.0,0.0,1.0,0.0,0.0,0.0,0.0,0.0,,,0.0,,,3.0,,,0.0,-3.0,,,,4.0,4.0,0.0,0.0,0.0,0.0,1.0,1.0,0.0,0.0,0.0,0.0,2.0,0.0,,0.0,0.0,0.0,0.0,14.0,0,0,0,0,0,0,2023-11-25,2023,1,0,0,0,0,0,0,0,0,0,0,0,0,0,0,0,0,0,0,0,0,0,0,0,0,0,0,0,0,0,0,0.0,0.0,0.0,0.0,0.0,0.0,0.0,0.0,0.0,0.0,0.0,0.0,0.0,5.517452896464707,373.1450032503634,0.0
,11/25/23,Sat,0.645833333,3:30p,Arizona St.,Arizona,740K,740.0,Arizona,59.0,23.0,1.0,0.0,1,0.0,0.0,0.0,0.0,0.0,0.0,0.0,0.0,0.0,0.0,0.0,0.0,,,0.0,,,12.5,,,0.0,12.5,,,,36.0,36.0,0.0,0.0,0.0,0.0,0.0,0.0,0.0,0.0,0.0,0.0,0.0,0.0,,0.0,0.0,0.0,1.0,15.5,0,0,0,0,1,0,2023-11-25,2023,1,0,0,0,0,0,0,0,0,0,0,0,0,1,0,0,0,0,0,0,0,0,0,0,0,0,0,0,0,0,0,0.0,0.0,0.0,0.0,0.0,0.0,0.0,0.0,0.0,0.0,0.0,0.0,0.0,6.608000625296087,948.1929245699912,16298.03904601474
,11/25/23,Sat,0.645833333,3:30p,Auburn,Alabama,9.09M,9090.0,Alabama,27.0,24.0,0.0,1.0,1,0.0,0.0,0.0,0.0,1.0,0.0,0.0,0.0,0.0,0.0,0.0,0.0,,,0.0,,,14.5,,,0.0,14.5,,,,3.0,3.0,1.0,1.0,0.0,0.0,0.0,0.0,0.0,0.0,0.0,2.0,0.0,0.0,,0.0,1.0,0.0,0.0,15.5,0,0,0,0,1,0,2023-11-25,2023,1,0,0,0,1,0,0,0,0,0,0,0,0,0,0,0,0,0,0,0,0,0,0,0,0,0,0,0,0,0,0,0.0,0.0,0.0,0.0,0.0,0.0,0.0,0.0,0.0,0.0,0.0,0.0,0.0,9.115040192121858,9052.997332004445,8193.234638580283
,11/25/23,Sat,0.645833333,3:30p,Minnesota,Wisconsin,1.23M,1230.0,Wisconsin,28.0,14.0,0.0,0.0,2,0.0,1.0,0.0,0.0,0.0,0.0,0.0,0.0,0.0,0.0,0.0,0.0,,,0.0,,,1.5,,,0.0,1.5,,,,14.0,14.0,0.0,0.0,1.0,1.0,0.0,0.0,0.0,0.0,0.0,0.0,0.0,2.0,,0.0,0.0,0.0,0.0,15.5,0,0,0,0,1,0,2023-11-25,2023,1,0,0,0,0,0,0,0,0,0,0,0,0,0,0,0,0,0,0,0,0,1,0,0,0,0,0,0,0,0,0,0.0,0.0,0.0,0.0,0.0,0.0,0.0,0.0,0.0,0.0,0.0,0.0,0.0,7.115582126184454,958.836471670649,16287.39549891408
,11/25/23,Sat,0.645833333,3:30p,Appalachian St.,Georgia Southern,53K,53.0,Appalachian St.,55.0,27.0,0.0,0.0,1,0.0,0.0,0.0,0.0,0.0,0.0,0.0,1.0,0.0,0.0,0.0,0.0,,,0.0,,,7.5,,,0.0,-7.5,,,,28.0,28.0,0.0,0.0,0.0,0.0,0.0,0.0,0.0,0.0,0.0,0.0,0.0,0.0,,0.0,0.0,0.0,0.0,15.5,0,0,0,0,1,0,2023-11-25,2023,1,0,0,0,0,0,0,0,0,0,0,0,0,0,0,0,0,0,0,0,0,0,0,0,0,0,0,0,0,0,0,0.0,0.0,0.0,0.0,0.0,0.0,0.0,0.0,0.0,0.0,0.0,0.0,0.0,3.9889840465642745,68.6124600299864,17177.61951055474
,11/25/23,Sat,0.645833333,3:30p,Coastal Carolina,James Madison,139K,139.0,James Madison,56.0,14.0,1.0,0.0,2,0.0,0.0,1.0,0.0,0.0,0.0,0.0,0.0,0.0,0.0,0.0,0.0,,,0.0,,,9.5,,,0.0,9.5,,,,42.0,42.0,0.0,0.0,0.0,0.0,0.0,0.0,0.0,0.0,0.0,0.0,0.0,0.0,,0.0,0.0,0.0,1.0,15.5,0,0,0,0,1,0,2023-11-25,2023,1,0,0,0,0,0,0,0,0,0,0,0,0,0,0,0,0,0,0,0,0,0,0,0,0,0,0,0,0,0,0,0.0,0.0,0.0,0.0,0.0,0.0,0.0,0.0,0.0,0.0,0.0,0.0,0.0,4.941642422609304,258.99136060688704,16987.24060997784
,11/25/23,Sat,0.645833333,3:30p,Oklahoma St.,BYU,2.39M,2390.0,Oklahoma St.,40.0,34.0,1.0,0.0,1,0.0,0.0,0.0,0.0,0.0,1.0,0.0,0.0,0.0,0.0,0.0,0.0,,,0.0,,,17.5,,,0.0,-17.5,,,,6.0,6.0,0.0,0.0,0.0,0.0,0.0,0.0,1.0,1.0,2.0,0.0,0.0,0.0,,0.0,0.0,0.0,1.0,15.5,0,0,0,0,1,0,2023-11-25,2023,1,0,0,0,0,0,0,0,0,0,0,0,0,0,0,0,0,0,0,0,0,0,0,0,0,0,0,0,0,0,0,0.0,0.0,0.0,0.0,0.0,0.0,0.0,0.0,0.0,0.0,0.0,0.0,0.0,7.779466967458324,1987.7728458503452,15258.459124734381
,11/25/23,Sat,0.666666667,4:00p,Washington,Washington St.,5.85M,5850.0,Washington,24.0,21.0,0.0,1.0,1,1.0,0.0,0.0,0.0,0.0,0.0,0.0,0.0,0.0,0.0,0.0,0.0,,,0.0,,,16.0,,,0.0,-16.0,,,,3.0,3.0,0.0,0.0,0.0,0.0,0.0,0.0,0.0,0.0,0.0,0.0,0.0,0.0,,1.0,0.0,0.0,0.0,16.0,0,0,0,0,1,0,2023-11-25,2023,1,0,0,0,0,0,0,0,0,0,0,0,0,0,0,0,0,0,0,1,0,0,0,0,0,0,0,0,0,0,0,0.0,0.0,0.0,0.0,0.0,0.0,0.0,0.0,0.0,0.0,0.0,0.0,0.0,8.674367865788236,3970.8285758524244,13275.403394732304
,11/25/23,Sat,0.791666667,7:00p,Florida,Florida St.,5.07M,5070.0,Florida St.,24.0,15.0,0.0,1.0,1,0.0,0.0,0.0,0.0,0.0,0.0,0.0,0.0,0.0,0.0,0.0,0.0,,,0.0,,,6.0,,,0.0,6.0,,,,9.0,9.0,1.0,0.0,0.0,0.0,0.0,1.0,0.0,0.0,0.0,1.0,1.0,0.0,,1.0,0.0,0.0,0.0,19.0,0,0,0,0,0,0,2023-11-25,2023,1,0,0,0,0,0,0,0,0,0,0,0,0,0,0,0,0,0,0,0,0,0,0,0,0,0,0,0,0,0,0,0.0,0.0,0.0,0.0,0.0,0.0,0.0,0.0,0.0,0.0,0.0,0.0,0.0,8.531293315795018,4155.571907918741,7301.017359924355
,11/25/23,Sat,0.791666667,7:00p,Baylor,West Virginia,691K,691.0,West Virginia,34.0,31.0,0.0,0.0,2,0.0,1.0,0.0,0.0,0.0,0.0,0.0,0.0,0.0,0.0,0.0,0.0,,,0.0,,,6.5,,,0.0,6.5,,,,3.0,3.0,0.0,0.0,0.0,0.0,0.0,0.0,1.0,1.0,2.0,0.0,0.0,0.0,,0.0,0.0,0.0,0.0,19.0,0,0,0,0,0,0,2023-11-25,2023,1,0,0,0,0,0,0,0,0,0,0,0,0,0,0,0,0,0,0,0,0,0,0,0,0,0,0,0,0,0,0,0.0,0.0,0.0,0.0,0.0,0.0,0.0,0.0,0.0,0.0,0.0,0.0,0.0,6.539585955617669,486.87141758869586,10969.7178502544
,11/25/23,Sat,0.791666667,7:00p,Texas St.,South Alabama,79K,79.0,Texas St.,52.0,44.0,0.0,0.0,2,0.0,0.0,0.0,0.0,0.0,0.0,0.0,0.0,0.0,1.0,0.0,0.0,,,0.0,,,5.0,,,0.0,5.0,,,,8.0,8.0,0.0,0.0,0.0,0.0,0.0,0.0,0.0,0.0,0.0,0.0,0.0,0.0,,0.0,0.0,0.0,0.0,19.0,0,0,0,0,0,0,2023-11-25,2023,1,0,0,0,0,0,0,0,0,0,0,0,0,0,0,0,0,0,0,0,0,0,0,0,0,0,0,0,0,0,0,0.0,0.0,0.0,0.0,0.0,0.0,0.0,0.0,0.0,0.0,0.0,0.0,0.0,4.382026634673881,88.32471349289098,11368.264554350206
,11/25/23,Sat,0.8125,7:30p,Georgia Tech,Georgia,5.33M,5330.0,Georgia,31.0,23.0,0.0,1.0,1,0.0,0.0,0.0,0.0,0.0,1.0,0.0,0.0,0.0,0.0,0.0,0.0,,,0.0,,,23.0,,,0.0,23.0,,,,8.0,8.0,0.0,1.0,0.0,0.0,1.0,0.0,0.0,0.0,0.0,1.0,1.0,0.0,,1.0,0.0,0.0,0.0,19.5,0,0,0,0,0,0,2023-11-25,2023,1,0,0,0,0,0,0,0,0,0,0,0,0,0,0,0,0,0,0,0,0,0,0,0,0,0,0,0,0,0,0,0.0,0.0,0.0,0.0,0.0,0.0,0.0,0.0,0.0,0.0,0.0,0.0,0.0,8.581294116822761,3853.1472673833255,7603.4420004597705
,11/25/23,Sat,0.8125,7:30p,Cincinnati,Kansas,374K,374.0,Kansas,49.0,16.0,0.0,0.0,2,0.0,0.0,1.0,0.0,0.0,0.0,0.0,0.0,0.0,0.0,0.0,0.0,,,0.0,,,6.0,,,0.0,6.0,,,,33.0,33.0,0.0,0.0,0.0,0.0,0.0,0.0,1.0,1.0,2.0,0.0,0.0,0.0,,0.0,0.0,0.0,0.0,19.5,0,0,0,0,0,0,2023-11-25,2023,1,0,0,0,0,0,0,0,0,0,0,0,0,0,0,0,0,0,0,0,0,0,0,0,0,0,0,0,0,0,0,0.0,0.0,0.0,0.0,0.0,0.0,0.0,0.0,0.0,0.0,0.0,0.0,0.0,5.926926025970411,526.5809663460191,10930.008301497077
,11/26/23,Sun,0.8125,7:30p,South Florida,Charlotte,17K,17.0,South Florida,48.0,14.0,0.0,0.0,0,0.0,0.0,0.0,0.0,0.0,0.0,0.0,1.0,0.0,0.0,0.0,0.0,,,1.0,,,5.5,,,0.0,-5.5,,,,34.0,34.0,0.0,0.0,0.0,0.0,0.0,0.0,0.0,0.0,0.0,0.0,0.0,0.0,,0.0,0.0,0.0,0.0,19.5,0,0,0,0,0,0,2023-11-26,2023,1,0,0,0,0,0,0,0,0,0,0,0,0,0,0,0,0,0,0,0,0,0,0,0,0,0,0,0,0,0,0,0.0,0.0,0.0,0.0,0.0,0.0,0.0,0.0,0.0,0.0,0.0,0.0,0.0,2.8903717578961645,66.3793077954077,0.0
,11/25/23,Sat,0.833333333,8:00p,Kansas St.,Iowa St.,3.29M,3290.0,Iowa St.,42.0,35.0,1.0,0.0,1,1.0,0.0,0.0,0.0,0.0,0.0,0.0,0.0,0.0,0.0,0.0,0.0,,,0.0,,,11.5,,,0.0,-11.5,,,,7.0,7.0,0.0,0.0,0.0,0.0,0.0,0.0,1.0,1.0,2.0,0.0,0.0,0.0,,0.0,0.0,0.0,1.0,20.0,0,0,0,0,0,0,2023-11-25,2023,1,0,0,0,0,0,0,0,0,0,0,0,0,0,0,0,0,0,0,0,0,0,0,0,0,0,0,0,0,0,0,0.0,0.0,0.0,0.0,0.0,0.0,0.0,0.0,0.0,0.0,0.0,0.0,0.0,8.098946748943339,2346.0929951134235,9110.496272729672
,11/25/23,Sat,0.9375,10:30p,UCLA,California,1.66M,1660.0,California,33.0,7.0,0.0,0.0,0,0.0,0.0,0.0,0.0,0.0,0.0,0.0,0.0,0.0,0.0,0.0,0.0,,,0.0,,,10.0,,,0.0,-10.0,,,,26.0,26.0,0.0,0.0,0.0,0.0,0.0,0.0,0.0,0.0,0.0,0.0,0.0,0.0,,0.0,0.0,0.0,0.0,22.5,0,0,0,0,0,1,2023-11-25,2023,1,0,0,0,0,0,0,0,0,0,0,0,0,0,0,0,0,0,0,0,0,0,0,0,0,0,0,0,0,0,0,0.0,0.0,0.0,0.0,0.0,0.0,0.0,0.0,0.0,0.0,0.0,0.0,0.0,7.415175109613295,931.1741478954001,211.69556309801214
,11/25/23,Sat,0.9375,10:30p,San Diego St.,Fresno St.,198K,198.0,San Diego St.,33.0,18.0,0.0,0.0,0,0.0,1.0,0.0,0.0,0.0,0.0,0.0,0.0,0.0,0.0,0.0,0.0,,,0.0,,,5.5,,,0.0,5.5,,,,15.0,15.0,0.0,0.0,0.0,0.0,0.0,0.0,0.0,0.0,0.0,0.0,0.0,0.0,,0.0,0.0,0.0,0.0,22.5,0,0,0,0,0,1,2023-11-25,2023,1,0,0,0,0,0,0,0,0,0,0,0,0,0,0,0,0,0,0,0,0,0,0,0,0,0,0,0,0,0,0,0.0,0.0,0.0,0.0,0.0,0.0,0.0,0.0,0.0,0.0,0.0,0.0,0.0,5.293304824724492,211.69556309801214,931.1741478954001
,12/1/23,Fri,0.833333333,8:00p,Washington,Oregon,9.25M,9250.0,Washington,34.0,31.0,0.0,2.0,0,0.0,0.0,0.0,0.0,0.0,1.0,0.0,0.0,0.0,0.0,0.0,0.0,,,0.0,,,9.0,,,1.0,9.0,,,,3.0,3.0,0.0,0.0,0.0,0.0,0.0,0.0,0.0,0.0,0.0,0.0,0.0,0.0,,2.0,0.0,0.0,0.0,20.0,0,0,1,0,0,0,2023-12-01,2023,1,0,0,0,0,0,0,0,1,0,0,0,0,0,0,0,0,0,0,0,0,0,0,0,0,1,0,0,0,0,0,0.0,0.0,0.0,0.0,0.0,1.0,0.0,0.0,0.0,0.0,0.0,0.0,0.0,9.132486932771318,11370.034027358006,0.0
,12/2/23,Sat,0.5,12:00p,Texas,Oklahoma St.,7.89M,7890.0,Texas,49.0,21.0,1.0,1.0,0,0.0,0.0,0.0,0.0,0.0,1.0,0.0,0.0,0.0,0.0,0.0,0.0,,,0.0,,,14.0,,,1.0,-14.0,,,,28.0,28.0,0.0,0.0,0.0,0.0,0.0,0.0,1.0,1.0,2.0,0.0,0.0,0.0,,0.0,1.0,0.0,1.0,12.0,0,0,0,1,0,0,2023-12-02,2023,1,0,0,0,0,0,0,0,0,0,0,0,0,0,0,0,0,0,0,0,0,0,0,0,0,1,0,0,0,1,0,0.0,0.0,0.0,0.0,0.0,0.0,0.0,0.0,0.0,0.0,0.0,0.0,0.0,8.973478148521036,8480.286169919731,764.5278014137247
,12/2/23,Sat,0.5,12:00p,Toledo,Miami Ohio,1.29M,1290.0,Miami Ohio,23.0,14.0,1.0,0.0,0,0.0,0.0,0.0,0.0,0.0,0.0,0.0,0.0,0.0,0.0,0.0,0.0,,,0.0,,,8.5,,,1.0,-8.5,,,,9.0,9.0,0.0,0.0,0.0,0.0,0.0,0.0,0.0,0.0,0.0,0.0,0.0,0.0,,0.0,0.0,0.0,0.0,12.0,0,0,0,1,0,0,2023-12-02,2023,1,0,0,0,0,0,0,0,0,0,0,0,0,0,0,0,0,0,0,0,0,0,0,0,0,0,0,0,0,0,0,0.0,0.0,0.0,0.0,0.0,0.0,0.0,0.0,0.0,0.0,0.0,0.0,0.0,7.1631723908466425,764.5278014137247,8480.286169919731
,12/2/23,Sat,0.666666667,4:00p,UNLV,Boise St.,1.26M,1260.0,Boise St.,44.0,20.0,0.0,0.0,0,1.0,0.0,0.0,0.0,0.0,0.0,0.0,0.0,0.0,0.0,0.0,0.0,,,0.0,,,2.5,,,1.0,2.5,,,,24.0,24.0,0.0,0.0,0.0,0.0,0.0,0.0,0.0,0.0,0.0,0.0,0.0,0.0,,0.0,0.0,0.0,0.0,16.0,0,0,0,0,1,0,2023-12-02,2023,1,0,0,0,0,0,0,0,0,0,0,0,0,0,0,0,0,0,0,0,0,0,0,0,0,0,0,0,0,0,0,0.0,0.0,0.0,0.0,0.0,0.0,0.0,0.0,0.0,0.0,0.0,0.0,0.0,7.13966033596492,1661.9176014880604,20635.051558273888
,12/2/23,Sat,0.666666667,4:00p,Alabama,Georgia,17.52M,17520.0,Alabama,27.0,24.0,0.0,2.0,0,0.0,0.0,0.0,0.0,1.0,0.0,0.0,0.0,0.0,0.0,0.0,0.0,,,0.0,,,5.0,,,1.0,5.0,,,,3.0,3.0,1.0,1.0,0.0,0.0,0.0,0.0,0.0,0.0,0.0,2.0,0.0,0.0,,1.0,1.0,0.0,0.0,16.0,0,0,0,0,1,0,2023-12-02,2023,1,0,0,0,0,0,0,0,0,0,0,0,0,0,0,0,0,0,0,0,0,0,0,0,0,1,1,0,0,0,0,0.0,0.0,0.0,0.0,0.0,0.0,0.0,0.0,0.0,0.0,0.0,0.0,0.0,9.771155440487087,18238.440044086103,4058.5291156758485
,12/2/23,Sat,0.666666667,4:00p,Troy,Appalachian St.,372K,372.0,Troy,49.0,23.0,0.0,0.0,0,0.0,0.0,0.0,0.0,0.0,0.0,0.0,0.0,0.0,0.0,0.0,0.0,,,0.0,,,6.5,,,1.0,-6.5,,,,26.0,26.0,0.0,0.0,0.0,0.0,0.0,0.0,0.0,0.0,0.0,0.0,0.0,0.0,,0.0,0.0,0.0,0.0,16.0,0,0,0,0,1,0,2023-12-02,2023,1,0,0,0,0,0,0,0,0,0,0,0,0,0,0,0,0,0,0,0,0,0,0,0,0,0,0,0,0,0,0,0.0,0.0,0.0,0.0,0.0,0.0,0.0,0.0,0.0,0.0,0.0,0.0,0.0,5.921578419643816,639.7084981394629,21657.260661622488
,12/2/23,Sat,0.666666667,4:00p,Tulane,SMU,1.88M,1880.0,SMU,26.0,14.0,2.0,0.0,0,0.0,0.0,0.0,0.0,0.0,1.0,0.0,0.0,0.0,0.0,0.0,0.0,,,0.0,,,4.0,,,1.0,-4.0,,,,12.0,12.0,0.0,0.0,0.0,0.0,0.0,0.0,0.0,0.0,0.0,0.0,0.0,0.0,,0.0,0.0,0.0,2.0,16.0,0,0,0,0,1,0,2023-12-02,2023,1,0,0,0,0,0,0,0,0,0,0,0,0,0,0,0,0,0,0,0,0,0,0,0,0,1,0,0,0,0,0,0.0,0.0,0.0,0.0,0.0,0.0,0.0,0.0,0.0,0.0,0.0,0.0,0.0,7.53955882930103,1756.9030160483253,20540.066143713626
,12/2/23,Sat,0.833333333,8:00p,Iowa,Michigan,10.02M,10020.0,Michigan,26.0,0.0,1.0,1.0,1,1.0,0.0,0.0,0.0,0.0,0.0,0.0,0.0,0.0,0.0,0.0,0.0,,,0.0,,,23.5,,,1.0,23.5,,,,26.0,26.0,0.0,0.0,1.0,1.0,0.0,0.0,0.0,0.0,0.0,0.0,0.0,2.0,,1.0,0.0,0.0,1.0,20.0,0,0,0,0,0,0,2023-12-02,2023,1,0,0,0,0,0,0,0,0,0,0,0,0,0,0,0,0,0,0,0,0,0,0,0,0,1,0,1,0,0,0,0.0,0.0,0.0,0.0,0.0,0.0,0.0,0.0,0.0,0.0,0.0,0.0,0.0,9.212438170058329,11360.2843212672,6887.127286931373
,12/2/23,Sat,0.833333333,8:00p,Florida St.,Louisville,7.03M,7030.0,Florida St.,16.0,6.0,1.0,1.0,1,0.0,0.0,0.0,0.0,0.0,1.0,0.0,0.0,0.0,0.0,0.0,0.0,,,0.0,,,3.5,,,1.0,-3.5,,,,10.0,10.0,0.0,0.0,0.0,0.0,1.0,1.0,0.0,0.0,0.0,0.0,2.0,0.0,,1.0,0.0,1.0,0.0,20.0,0,0,0,0,0,0,2023-12-02,2023,1,0,0,0,0,0,0,0,0,0,0,0,0,0,0,0,0,0,0,0,0,0,0,0,0,1,0,0,1,0,0,0.0,0.0,0.0,0.0,0.0,0.0,0.0,0.0,0.0,0.0,0.0,0.0,0.0,8.858084222199162,6887.127286931373,11360.2843212672
,12/9/23,Sat,0.625,3:00p,Army,Navy,7.18M,7180.0,Army,17.0,11.0,0.0,0.0,0,0.0,0.0,0.0,0.0,1.0,0.0,0.0,0.0,0.0,0.0,0.0,0.0,,,0.0,,,2.0,,,0.0,-2.0,,,,6.0,6.0,0.0,0.0,0.0,0.0,0.0,0.0,0.0,0.0,0.0,0.0,0.0,0.0,,0.0,0.0,0.0,0.0,15.0,0,0,0,0,1,0,2023-12-09,2023,1,0,0,0,0,0,0,0,0,0,0,0,0,0,0,0,0,0,0,0,0,0,1,0,0,0,0,0,0,0,0,0.0,0.0,0.0,0.0,0.0,0.0,0.0,0.0,0.0,0.0,0.0,0.0,0.0,8.879193928110318,7737.699804119421,0.0
2022,8/27/22,Sat,0.520833333,12:30p,Northwestern,Nebraska,4.42M,4420.0,Northwestern,31.0,28.0,0.0,0.0,0,1.0,0.0,0.0,0.0,0.0,0.0,0.0,0.0,0.0,0.0,0.0,0.0,Big Ten,Big Ten,0.0,,,12.5,,,0.0,12.5,,,,3.0,,,,,,,,,,0.0,0.0,0.0,2.0,,,,,,12.5,0,0,0,1,0,0,2022-08-27,2022,1,0,0,0,0,0,0,0,0,0,0,0,0,0,0,0,0,0,0,0,0,0,0,0,0,0,0,0,0,0,0,0.0,0.0,0.0,0.0,0.0,0.0,0.0,0.0,0.0,0.0,0.0,0.0,0.0,8.394121193826242,2330.8509910495723,0.0
,8/27/22,Sat,0.666666667,4:00p,Illinois,Wyoming,512K,512.0,Illinois,38.0,6.0,0.0,0.0,0,0.0,0.0,0.0,0.0,0.0,0.0,0.0,0.0,0.0,0.0,1.0,0.0,Big Ten,Mountain West,0.0,,,14.0,,,0.0,-14.0,,,,32.0,,,,,,,,,,0.0,0.0,0.0,1.0,,,,,,16.0,0,0,0,0,1,0,2022-08-27,2022,1,0,0,0,0,0,0,0,0,0,0,0,0,0,0,0,0,0,0,0,0,0,0,0,0,0,0,0,0,0,0,0.0,0.0,0.0,0.0,0.0,0.0,0.0,0.0,0.0,0.0,0.0,0.0,0.0,6.240275845170769,343.7546713049873,175.2841532733246
,8/27/22,Sat,0.666666667,4:00p,Utah St.,Connecticut,517K,517.0,Utah St.,31.0,20.0,0.0,0.0,0,0.0,1.0,0.0,0.0,0.0,0.0,0.0,0.0,0.0,0.0,0.0,0.0,Mountain West,FBS Independents,0.0,,,24.0,,,0.0,-24.0,,,,11.0,,,,,,,,,,0.0,0.0,0.0,0.0,,,,,,16.0,0,0,0,0,1,0,2022-08-27,2022,1,0,0,0,0,0,0,0,0,0,0,0,0,0,0,0,0,0,0,0,0,0,0,0,0,0,0,0,0,0,0,0.0,0.0,0.0,0.0,0.0,0.0,0.0,0.0,0.0,0.0,0.0,0.0,0.0,6.249975242259483,175.2841532733246,343.7546713049873
,8/27/22,Sat,0.916666667,10:00p,New Mexico St.,Nevada,304K,304.0,Nevada,23.0,12.0,0.0,0.0,0,0.0,0.0,1.0,0.0,0.0,0.0,0.0,0.0,0.0,0.0,0.0,0.0,FBS Independents,Mountain West,0.0,,,7.0,,,0.0,7.0,,,,11.0,,,,,,,,,,0.0,0.0,0.0,0.0,,,,,,22.0,0,0,0,0,0,1,2022-08-27,2022,1,0,0,0,0,0,0,0,0,0,0,0,0,0,0,0,0,0,0,0,0,0,0,0,0,0,0,0,0,0,0,0.0,0.0,0.0,0.0,0.0,0.0,0.0,0.0,0.0,0.0,0.0,0.0,0.0,5.720311776607412,249.54615178722804,0.0
,9/1/22,Thu,0.791666667,7:00p,Oklahoma St.,Central Michigan,402K,402.0,Oklahoma St.,58.0,44.0,1.0,0.0,1,0.0,1.0,0.0,0.0,0.0,0.0,0.0,0.0,0.0,0.0,0.0,0.0,Big 12,Mid-American,0.0,,,20.5,,,0.0,-20.5,,,,14.0,,,,,,,,,,1.0,0.0,0.0,0.0,,,,,,19.0,0,1,0,0,0,0,2022-09-01,2022,1,0,0,0,0,0,0,0,0,0,0,0,0,0,0,0,0,0,0,0,0,0,0,0,0,0,0,0,0,0,0,0.0,0.0,0.0,0.0,0.0,0.0,0.0,0.0,0.0,0.0,0.0,0.0,0.0,5.998936561946683,473.92953264658576,7221.611801278457
,9/1/22,Thu,0.791666667,7:00p,Pittsburgh,West Virginia,3.15M,3150.0,Pittsburgh,38.0,31.0,1.0,0.0,0,0.0,0.0,0.0,0.0,0.0,0.0,0.0,0.0,0.0,0.0,0.0,0.0,ACC,Big 12,0.0,,,7.5,,,0.0,-7.5,,,,7.0,,,,,,,,,,1.0,0.0,1.0,0.0,,,,,,19.0,0,1,0,0,0,0,2022-09-01,2022,1,0,0,0,0,0,0,0,0,0,0,0,0,0,0,0,0,0,0,0,0,0,0,0,0,0,0,0,0,0,0,0.0,0.0,0.0,0.0,0.0,0.0,0.0,0.0,0.0,0.0,0.0,0.0,0.0,8.055475141757274,2119.580980112362,5575.960353812681
,9/1/22,Thu,0.833333333,8:00p,Missouri,Louisiana Tech,122K,122.0,Missouri,52.0,24.0,0.0,0.0,0,0.0,0.0,0.0,0.0,0.0,0.0,0.0,1.0,0.0,0.0,0.0,0.0,SEC,Conference USA,0.0,,,20.5,,,0.0,-20.5,,,,28.0,,,,,,,,,,0.0,1.0,0.0,0.0,,,,,,20.0,0,1,0,0,0,0,2022-09-01,2022,1,0,0,0,0,0,0,0,0,0,0,0,0,0,0,0,0,0,0,0,0,0,0,0,0,0,0,0,0,0,0,0.0,0.0,0.0,0.0,0.0,0.0,0.0,0.0,0.0,0.0,0.0,0.0,0.0,4.812184355372417,163.23765628118247,7874.32148572798
,9/1/22,Thu,0.833333333,8:00p,Purdue,Penn St.,3.51M,3510.0,Penn St.,35.0,31.0,0.0,1.0,0,1.0,0.0,0.0,0.0,0.0,0.0,0.0,0.0,0.0,0.0,0.0,0.0,Big Ten,Big Ten,0.0,,,3.5,,,0.0,3.5,,,,4.0,,,,,,,,,,0.0,0.0,0.0,2.0,,,,,,20.0,0,1,0,0,0,0,2022-09-01,2022,1,0,0,0,0,0,0,0,0,0,0,0,0,0,0,0,0,0,0,0,0,0,0,0,0,0,0,0,0,0,0,0.0,0.0,0.0,0.0,0.0,0.0,0.0,0.0,0.0,0.0,0.0,0.0,0.0,8.163656176168432,4938.793164884913,3098.7659771242497
,9/1/22,Thu,0.875,9:00p,Minnesota,New Mexico St.,241K,241.0,Minnesota,38.0,0.0,0.0,0.0,1,0.0,0.0,0.0,0.0,0.0,0.0,0.0,0.0,0.0,0.0,1.0,0.0,Big Ten,FBS Independents,0.0,,,36.0,,,0.0,-36.0,,,,38.0,,,,,,,,,,0.0,0.0,0.0,1.0,,,,,,21.0,0,1,0,0,0,0,2022-09-01,2022,1,0,0,0,0,0,0,0,0,0,0,0,0,0,0,0,0,0,0,0,0,0,0,0,0,0,0,0,0,0,0,0.0,0.0,0.0,0.0,0.0,0.0,0.0,0.0,0.0,0.0,0.0,0.0,0.0,5.488937726156687,342.0178080841195,5102.030821166095
,9/1/22,Thu,0.9375,10:30p,Fresno St.,Cal Poly,167K,167.0,Fresno St.,35.0,7.0,1.0,0.0,0,0.0,1.0,0.0,0.0,0.0,0.0,0.0,0.0,0.0,0.0,0.0,0.0,Mountain West,Big Sky,0.0,,,42.5,,,0.0,-42.5,,,,28.0,,,,,,,,,,0.0,0.0,0.0,0.0,,,,,,22.5,0,1,0,0,0,0,2022-09-01,2022,1,0,0,0,0,0,0,0,0,0,0,0,0,0,0,0,0,0,0,0,0,0,0,0,0,0,0,0,0,0,0,0.0,0.0,0.0,0.0,0.0,0.0,0.0,0.0,0.0,0.0,0.0,0.0,0.0,5.123963979403259,301.05480695211605,0.0
,9/2/22,Fri,0.791666667,7:00p,Michigan St.,Western Michigan,1.35M,1350.0,Michigan St.,35.0,13.0,1.0,0.0,0,0.0,0.0,1.0,0.0,0.0,0.0,0.0,0.0,0.0,0.0,0.0,0.0,Big Ten,Mid-American,0.0,,,21.5,,,0.0,-21.5,,,,22.0,,,,,,,,,,0.0,0.0,0.0,1.0,,,,,,19.0,0,0,1,0,0,0,2022-09-02,2022,1,0,0,0,0,0,0,0,0,0,0,0,0,0,0,0,0,0,0,0,0,0,0,0,0,0,0,0,0,0,0,0.0,1.0,0.0,0.0,0.0,0.0,0.0,0.0,0.0,0.0,0.0,0.0,0.0,7.208600337960199,1870.662683711008,882.640800758267
,9/2/22,Fri,0.791666667,7:00p,Old Dominion,Virginia Tech,334K,334.0,Old Dominion,20.0,17.0,0.0,0.0,0,0.0,0.0,0.0,0.0,0.0,0.0,0.0,1.0,0.0,0.0,0.0,0.0,Sun Belt,ACC,0.0,,,6.0,,,0.0,6.0,,,,3.0,,,,,,,,,,0.0,0.0,1.0,0.0,,,,,,19.0,0,0,1,0,0,0,2022-09-02,2022,1,0,0,0,0,0,0,0,0,0,0,0,0,0,0,0,0,0,0,0,0,0,0,0,0,0,0,0,0,0,0,0.0,0.0,0.0,0.0,0.0,0.0,0.0,1.0,0.0,0.0,0.0,0.0,0.0,5.814130531825066,180.43465053825847,2572.8688339310165
,9/2/22,Fri,0.833333333,8:00p,Indiana,Illinois,965K,965.0,Indiana,23.0,20.0,0.0,0.0,0,0.0,1.0,0.0,0.0,0.0,0.0,0.0,0.0,0.0,0.0,0.0,0.0,Big Ten,Big Ten,0.0,,,1.0,,,0.0,-1.0,,,,3.0,,,,,,,,,,0.0,0.0,0.0,2.0,,,,,,20.0,0,0,1,0,0,0,2022-09-02,2022,1,0,0,0,0,0,0,0,0,0,0,0,0,0,0,0,0,0,0,0,0,0,0,0,0,0,0,0,0,0,0,0.0,0.0,1.0,0.0,0.0,0.0,0.0,0.0,0.0,0.0,0.0,0.0,0.0,6.873163834212518,702.2061502200086,2051.0973342492666
,9/2/22,Fri,0.9375,10:30p,Colorado,TCU,1.25M,1250.0,TCU,38.0,13.0,0.0,1.0,0,0.0,0.0,0.0,0.0,0.0,0.0,0.0,0.0,0.0,0.0,0.0,0.0,Pac-12,Big 12,0.0,,,13.5,,,0.0,13.5,,,,25.0,,,,,,,,,,1.0,0.0,0.0,0.0,,,,,,22.5,0,0,1,0,0,0,2022-09-02,2022,1,0,0,0,0,0,0,0,0,0,0,0,0,0,0,0,0,0,0,0,0,0,0,0,0,0,0,0,0,0,0,0.0,0.0,0.0,0.0,0.0,0.0,0.0,0.0,0.0,0.0,0.0,0.0,1.0,7.1316985104669115,2348.755719604247,0.0
,9/3/22,Sat,0.5,12:00p,Iowa,South Dakota State,1.01M,1010.0,Iowa,7.0,3.0,0.0,0.0,1,0.0,1.0,0.0,0.0,0.0,0.0,0.0,0.0,0.0,0.0,0.0,0.0,Big Ten,MVFC,0.0,,,10.5,,,0.0,-10.5,,,,4.0,,,,,,,,,,0.0,0.0,0.0,1.0,,,,,,12.0,0,0,0,1,0,0,2022-09-03,2022,1,0,0,0,0,0,0,0,0,0,0,0,0,0,0,0,0,0,0,0,0,0,0,0,0,0,0,0,0,0,0,0.0,0.0,0.0,0.0,0.0,0.0,0.0,0.0,0.0,0.0,0.0,0.0,0.0,6.918695219020472,368.1893200437975,5222.418817600672
,9/3/22,Sat,0.5,12:00p,Appalachian St.,North Carolina,520K,520.0,North Carolina,63.0,61.0,0.0,0.0,0,0.0,0.0,0.0,0.0,0.0,0.0,0.0,1.0,0.0,0.0,0.0,0.0,Sun Belt,ACC,0.0,,,3.0,,,0.0,-3.0,,,,2.0,,,,,,,,,,0.0,0.0,1.0,0.0,,,,,,12.0,0,0,0,1,0,0,2022-09-03,2022,1,0,0,0,0,0,0,0,0,0,0,0,0,0,0,0,0,0,0,0,0,0,0,0,0,0,0,0,0,0,0,0.0,0.0,0.0,0.0,0.0,0.0,0.0,0.0,0.0,0.0,0.0,0.0,0.0,6.255750041753367,145.49904322042144,5445.109094424049
,9/3/22,Sat,0.5,12:00p,Maryland,Buffalo,181K,181.0,Maryland,31.0,10.0,0.0,0.0,1,0.0,0.0,0.0,0.0,0.0,0.0,0.0,0.0,0.0,0.0,1.0,0.0,Big Ten,Mid-American,0.0,,,24.0,,,0.0,-24.0,,,,21.0,,,,,,,,,,0.0,0.0,0.0,1.0,,,,,,12.0,0,0,0,1,0,0,2022-09-03,2022,1,0,0,0,0,0,0,0,0,0,0,0,0,0,0,0,0,0,0,0,0,0,0,0,0,0,0,0,0,0,0,0.0,0.0,0.0,0.0,0.0,0.0,0.0,0.0,0.0,0.0,0.0,0.0,0.0,5.204006687076795,272.6204293744401,5317.9877082700295
,9/3/22,Sat,0.5,12:00p,Michigan,Colorado St.,3.93M,3930.0,Michigan,51.0,7.0,0.0,1.0,0,0.0,0.0,0.0,0.0,0.0,1.0,0.0,0.0,0.0,0.0,0.0,0.0,Big Ten,Mountain West,0.0,,,31.0,,,0.0,-31.0,,,,44.0,,,,,,,,,,0.0,0.0,0.0,1.0,,,,,,12.0,0,0,0,1,0,0,2022-09-03,2022,1,0,0,0,0,0,0,0,0,0,0,0,0,0,0,0,0,0,0,0,0,0,0,0,0,0,0,0,0,0,0,0.0,0.0,0.0,0.0,0.0,0.0,0.0,0.0,0.0,0.0,0.0,0.0,0.0,8.27664912542186,3881.735207389777,1708.872930254693
,9/3/22,Sat,0.5,12:00p,East Carolina,North Carolina St.,2.03M,2030.0,North Carolina St.,21.0,20.0,1.0,0.0,0,0.0,0.0,0.0,0.0,0.0,0.0,0.0,0.0,0.0,0.0,0.0,0.0,American Athletic,ACC,0.0,,,12.5,,,0.0,12.5,,,,1.0,,,,,,,,,,0.0,0.0,1.0,0.0,,,,,,12.0,0,0,0,1,0,0,2022-09-03,2022,1,0,0,0,0,0,0,0,0,0,0,0,0,0,0,0,0,0,0,0,0,0,0,0,0,0,0,0,0,0,0,0.0,0.0,0.0,0.0,0.0,0.0,0.0,0.0,0.0,0.0,0.0,0.0,0.0,7.616283561580385,922.5641376160339,4668.044000028436
,9/3/22,Sat,0.645833333,3:30p,Wyoming,Tulsa,361K,361.0,Wyoming,40.0,37.0,0.0,0.0,2,0.0,1.0,0.0,0.0,0.0,0.0,0.0,0.0,0.0,0.0,0.0,0.0,Mountain West,American Athletic,0.0,,,6.5,,,0.0,6.5,,,,3.0,,,,,,,,,,0.0,0.0,0.0,0.0,,,,,,15.5,0,0,0,0,1,0,2022-09-03,2022,1,0,0,0,0,0,0,0,0,0,0,0,0,0,0,0,0,0,0,0,0,0,0,0,0,0,0,0,0,0,0,0.0,0.0,0.0,0.0,0.0,0.0,0.0,0.0,0.0,0.0,0.0,0.0,0.0,5.8916442118257715,234.522438803093,11526.611340720257
,9/3/22,Sat,0.645833333,3:30p,Nebraska,North Dakota,889K,889.0,Nebraska,38.0,17.0,0.0,0.0,2,0.0,0.0,0.0,0.0,0.0,0.0,0.0,0.0,0.0,0.0,1.0,0.0,Big Ten,MVFC,0.0,,,28.5,,,0.0,-28.5,,,,21.0,,,,,,,,,,0.0,0.0,0.0,1.0,,,,,,15.5,0,0,0,0,1,0,2022-09-03,2022,1,0,0,0,0,0,0,0,0,0,0,0,0,0,0,0,0,0,0,0,0,0,0,0,0,0,0,0,0,0,0,0.0,0.0,0.0,0.0,0.0,0.0,0.0,0.0,0.0,0.0,0.0,0.0,0.0,6.7912214627261855,473.0216875969947,11288.112091926356
,9/3/22,Sat,0.645833333,3:30p,Arkansas,Cincinnati,2.9M,2900.0,Arkansas,31.0,24.0,2.0,0.0,1,0.0,0.0,0.0,0.0,0.0,0.0,0.0,0.0,0.0,0.0,0.0,0.0,SEC,American Athletic,0.0,,,6.5,,,0.0,-6.5,,,,7.0,,,,,,,,,,0.0,1.0,0.0,0.0,,,,,,15.5,0,0,0,0,1,0,2022-09-03,2022,1,0,0,0,0,0,0,0,0,0,0,0,0,0,0,0,0,0,0,0,0,0,0,0,0,1,0,0,0,0,0,0.0,0.0,0.0,0.0,0.0,0.0,0.0,0.0,0.0,0.0,0.0,0.0,0.0,7.972810784121404,1730.1230561210468,10031.010723402303
,9/3/22,Sat,0.645833333,3:30p,San Diego St.,Arizona,921K,921.0,Arizona,38.0,20.0,0.0,0.0,1,0.0,0.0,0.0,0.0,1.0,0.0,0.0,0.0,0.0,0.0,0.0,0.0,Mountain West,Pac-12,0.0,,,6.5,,,0.0,-6.5,,,,18.0,,,,,,,,,,0.0,0.0,0.0,0.0,,,,,,15.5,0,0,0,0,1,0,2022-09-03,2022,1,0,0,0,0,0,0,0,0,0,0,0,0,0,0,0,0,0,0,0,0,0,0,0,0,0,0,0,0,0,0,0.0,0.0,0.0,0.0,0.0,0.0,0.0,0.0,0.0,0.0,0.0,0.0,0.0,6.826545223556594,777.6184374302229,10983.515342093127
,9/3/22,Sat,0.645833333,3:30p,Georgia,Oregon,6.2M,6200.0,Georgia,49.0,3.0,1.0,1.0,1,0.0,0.0,0.0,0.0,0.0,1.0,0.0,0.0,0.0,0.0,0.0,0.0,SEC,Pac-12,0.0,,,16.0,,,0.0,-16.0,,,,46.0,,,,,,,,,,0.0,1.0,0.0,0.0,,,,,,15.5,0,0,0,0,1,0,2022-09-03,2022,1,0,0,0,0,0,0,0,0,0,0,0,0,0,0,0,0,0,0,0,0,0,0,0,0,1,0,0,0,0,0,0.0,0.0,0.0,0.0,0.0,0.0,0.0,0.0,0.0,0.0,0.0,0.0,0.0,8.732465848349879,6574.2006828689955,5186.933096654354
,9/3/22,Sat,0.645833333,3:30p,Oklahoma,UTEP,1.22M,1220.0,Oklahoma,45.0,13.0,0.0,1.0,1,1.0,0.0,0.0,0.0,0.0,0.0,0.0,0.0,0.0,0.0,0.0,0.0,Big 12,Conference USA,0.0,,,31.0,,,0.0,-31.0,,,,32.0,,,,,,,,,,1.0,0.0,0.0,0.0,,,,,,15.5,0,0,0,0,1,0,2022-09-03,2022,1,0,0,0,0,0,0,0,0,0,0,0,0,0,0,0,0,0,0,0,0,0,0,0,0,0,0,0,0,0,0,0.0,0.0,0.0,0.0,0.0,0.0,0.0,0.0,0.0,0.0,0.0,0.0,0.0,7.107425474110705,1971.647476702997,9789.486302820353
,9/3/22,Sat,0.8125,7:30p,Wisconsin,Illinois State,498K,498.0,Wisconsin,38.0,0.0,1.0,0.0,2,0.0,1.0,0.0,0.0,0.0,0.0,0.0,0.0,0.0,0.0,0.0,0.0,Big Ten,MVFC,0.0,,,36.5,,,0.0,-36.5,,,,38.0,,,,,,,,,,0.0,0.0,0.0,1.0,,,,,,19.5,0,0,0,0,0,0,2022-09-03,2022,1,0,0,0,0,0,0,0,0,0,0,0,0,0,0,0,0,0,0,0,0,0,0,0,0,0,0,0,0,0,0,0.0,0.0,0.0,0.0,0.0,0.0,0.0,0.0,0.0,0.0,0.0,0.0,0.0,6.212606095751519,472.1233530410779,14519.912491959818
,9/3/22,Sat,0.791666667,7:00p,Florida,Utah,2.95M,2950.0,Florida,29.0,26.0,0.0,1.0,1,0.0,0.0,0.0,0.0,0.0,0.0,0.0,0.0,0.0,0.0,0.0,0.0,SEC,Pac-12,0.0,,,2.5,,,0.0,2.5,,,,3.0,,,,,,,,,,0.0,1.0,0.0,0.0,,,,,,19.0,0,0,0,0,0,0,2022-09-03,2022,1,0,0,0,0,0,0,0,0,0,0,0,0,0,0,0,0,0,0,0,0,0,0,0,0,0,0,0,0,0,0,0.0,0.0,0.0,0.0,0.0,0.0,0.0,0.0,0.0,0.0,0.0,0.0,0.0,7.989899374942939,2425.316605344945,12566.719239655951
,9/3/22,Sat,0.8125,7:30p,Ohio St.,Notre Dame,10.53M,10530.0,Ohio St.,21.0,10.0,0.0,2.0,1,0.0,0.0,0.0,0.0,0.0,1.0,0.0,0.0,0.0,0.0,0.0,0.0,Big Ten,FBS Independents,0.0,,,17.0,,,0.0,-17.0,,,,11.0,,,,,,,,,,0.0,0.0,0.0,1.0,,,,,,19.5,0,0,0,0,0,0,2022-09-03,2022,1,0,0,0,0,0,0,0,0,0,0,0,0,0,0,0,0,0,0,0,0,0,0,0,0,1,0,0,0,0,0,0.0,0.0,0.0,0.0,0.0,0.0,0.0,0.0,0.0,0.0,0.0,0.0,0.0,9.262078567380597,12094.595886614874,2897.4399583860227
,9/3/22,Sat,0.9375,10:30p,Washington,Kent St.,319K,319.0,Washington,45.0,20.0,0.0,1.0,0,0.0,1.0,0.0,0.0,0.0,0.0,0.0,0.0,0.0,0.0,0.0,0.0,Pac-12,Mid-American,0.0,,,23.5,,,0.0,-23.5,,,,25.0,,,,,,,,,,0.0,0.0,0.0,0.0,,,,,,22.5,0,0,0,0,0,1,2022-09-03,2022,1,0,0,0,0,0,0,0,0,0,0,0,0,0,0,0,0,0,0,0,0,0,0,0,0,0,0,0,0,0,0,0.0,0.0,0.0,0.0,0.0,0.0,0.0,0.0,0.0,0.0,0.0,0.0,0.0,5.768320995793772,549.4385362601616,1401.0850116379372
,9/3/22,Sat,0.9375,10:30p,Oregon St.,Boise St.,1.25M,1250.0,Oregon St.,34.0,17.0,1.0,0.0,0,0.0,0.0,0.0,0.0,0.0,0.0,0.0,0.0,0.0,0.0,0.0,0.0,Pac-12,Mountain West,0.0,,,1.5,,,0.0,-1.5,,,,17.0,,,,,,,,,,0.0,0.0,0.0,0.0,,,,,,22.5,0,0,0,0,0,1,2022-09-03,2022,1,0,0,0,0,0,0,0,0,0,0,0,0,0,0,0,0,0,0,0,0,0,0,0,0,0,0,0,0,0,0,0.0,0.0,0.0,0.0,0.0,0.0,0.0,0.0,0.0,0.0,0.0,0.0,0.0,7.1316985104669115,1401.0850116379372,549.4385362601616
,9/4/22,Sun,0.8125,7:30p,Florida St.,LSU,7.55M,7550.0,Florida St.,24.0,23.0,2.0,0.0,0,0.0,0.0,0.0,0.0,0.0,1.0,0.0,0.0,0.0,0.0,0.0,0.0,ACC,SEC,1.0,,,1.5,,,0.0,,,,,1.0,,,,,,,,,,0.0,1.0,1.0,0.0,,,,,,19.5,0,0,0,0,0,0,2022-09-04,2022,1,0,0,0,0,0,0,0,0,0,0,0,0,0,0,0,0,0,0,0,0,0,0,0,0,1,0,0,0,0,0,0.0,0.0,0.0,0.0,0.0,0.0,0.0,0.0,0.0,0.0,0.0,0.0,0.0,8.929435283803425,9349.583055177947,0.0
,9/5/22,Mon,0.791666667,7:00p,Georgia Tech,Clemson,4.86M,4860.0,Clemson,41.0,10.0,0.0,1.0,0,0.0,0.0,0.0,0.0,0.0,0.0,0.0,0.0,0.0,0.0,0.0,0.0,ACC,ACC,0.0,,,24.5,,,0.0,24.5,,,,31.0,,,,,,,,,,0.0,0.0,2.0,0.0,,,,,,19.0,1,0,0,0,0,0,2022-09-05,2022,1,0,0,0,0,0,0,0,0,0,0,0,0,0,0,0,0,0,0,0,0,0,0,0,0,0,0,0,0,0,0,0.0,0.0,0.0,0.0,0.0,0.0,0.0,0.0,0.0,0.0,0.0,0.0,0.0,8.488999457045455,5857.38176114993,0.0
,9/9/22,Fri,0.8125,7:30p,UCF,Louisville,1.85M,1850.0,Louisville,20.0,14.0,0.0,0.0,0,0.0,0.0,1.0,0.0,0.0,0.0,0.0,0.0,0.0,0.0,0.0,0.0,American Athletic,ACC,0.0,,,5.5,,,0.0,-5.5,,,,6.0,,,,,,,,,,0.0,0.0,1.0,0.0,,,,,,19.5,0,0,1,0,0,0,2022-09-09,2022,1,0,0,0,0,0,0,0,0,0,0,0,0,0,0,0,0,0,0,0,0,0,0,0,0,0,0,0,0,0,0,0.0,1.0,0.0,0.0,0.0,0.0,0.0,0.0,0.0,0.0,0.0,0.0,0.0,7.523481312573497,1141.1178787456915,0.0
,9/10/22,Sat,0.5,12:00p,Arkansas,South Carolina,1.52M,1520.0,Arkansas,44.0,30.0,1.0,0.0,0,0.0,0.0,0.0,0.0,0.0,0.0,0.0,0.0,0.0,0.0,0.0,0.0,SEC,SEC,0.0,,,8.5,,,0.0,-8.5,,,,14.0,,,,,,,,,,0.0,2.0,0.0,0.0,,,,,,12.0,0,0,0,1,0,0,2022-09-10,2022,1,0,0,0,0,0,0,0,0,0,0,0,0,0,0,0,0,0,0,0,0,0,0,0,0,0,0,0,0,0,0,0.0,0.0,0.0,0.0,0.0,0.0,0.0,0.0,0.0,0.0,0.0,0.0,0.0,7.327123292259293,2059.0844938588766,9897.65280084289
,9/10/22,Sat,0.5,12:00p,Kansas St.,Missouri,490K,490.0,Kansas St.,40.0,12.0,0.0,0.0,1,0.0,0.0,1.0,0.0,0.0,0.0,0.0,0.0,0.0,0.0,0.0,0.0,Big 12,SEC,0.0,,,7.5,,,0.0,-7.5,,,,28.0,,,,,,,,,,1.0,1.0,0.0,0.0,,,,,,12.0,0,0,0,1,0,0,2022-09-10,2022,1,0,0,0,0,0,0,0,0,0,0,0,0,0,0,0,0,0,0,0,0,0,0,0,0,0,0,0,0,0,0,0.0,0.0,0.0,0.0,0.0,0.0,0.0,0.0,0.0,0.0,0.0,0.0,0.0,6.19644412779452,720.3518505407883,11236.385444160976
,9/10/22,Sat,0.5,12:00p,Northwestern,Duke,160K,160.0,Duke,31.0,23.0,0.0,0.0,1,0.0,1.0,0.0,0.0,0.0,0.0,0.0,0.0,0.0,0.0,0.0,0.0,Big Ten,ACC,0.0,,,10.0,,,0.0,-10.0,,,,8.0,,,,,,,,,,0.0,0.0,1.0,1.0,,,,,,12.0,0,0,0,1,0,0,2022-09-10,2022,1,0,0,0,0,0,0,0,0,0,0,0,0,0,0,0,0,0,0,0,0,0,0,0,0,0,0,0,0,0,0,0.0,0.0,0.0,0.0,0.0,0.0,0.0,0.0,0.0,0.0,0.0,0.0,0.0,5.081404364984463,343.2715619983554,11613.465732703411
,9/10/22,Sat,0.5,12:00p,Texas,Alabama,10.6M,10600.0,Alabama,20.0,19.0,0.0,1.0,0,1.0,0.0,0.0,0.0,0.0,0.0,0.0,0.0,0.0,0.0,0.0,0.0,Big 12,SEC,0.0,,,21.0,,,0.0,21.0,,,,1.0,,,,,,,,,,1.0,1.0,0.0,0.0,,,,,,12.0,0,0,0,1,0,0,2022-09-10,2022,1,0,0,0,0,0,0,0,0,0,0,0,0,0,0,0,0,0,0,0,0,0,0,0,0,0,0,0,0,0,0,0.0,0.0,0.0,0.0,0.0,0.0,0.0,0.0,0.0,0.0,0.0,0.0,0.0,9.268703615273097,7168.034625860154,4788.702668841612
,9/10/22,Sat,0.5,12:00p,Penn St.,Ohio,1.55M,1550.0,Penn St.,46.0,10.0,0.0,0.0,0,0.0,0.0,0.0,0.0,0.0,1.0,0.0,0.0,0.0,0.0,0.0,0.0,Big Ten,Mid-American,0.0,,,28.0,,,0.0,-28.0,,,,36.0,,,,,,,,,,0.0,0.0,0.0,1.0,,,,,,12.0,0,0,0,1,0,0,2022-09-10,2022,1,0,0,0,0,0,0,0,0,0,0,0,0,0,0,0,0,0,0,0,0,0,0,0,0,0,0,0,0,0,0,0.0,0.0,0.0,0.0,0.0,0.0,0.0,0.0,0.0,0.0,0.0,0.0,0.0,7.346655163176539,1665.9947624435908,10290.742532258175
,9/10/22,Sat,0.604166667,2:30p,Notre Dame,Marshall,2.48M,2480.0,Marshall,26.0,21.0,0.0,1.0,0,0.0,0.0,0.0,1.0,0.0,0.0,0.0,0.0,0.0,0.0,0.0,0.0,FBS Independents,Sun Belt,0.0,,,20.5,,,0.0,-20.5,,,,5.0,,,,,,,,,,0.0,0.0,0.0,0.0,,,,,,14.5,0,0,0,0,1,0,2022-09-10,2022,1,0,0,0,0,0,0,0,0,0,0,0,0,0,0,0,0,0,0,0,0,0,0,0,0,0,0,0,0,0,0,0.0,0.0,0.0,0.0,0.0,0.0,0.0,0.0,0.0,0.0,0.0,0.0,0.0,7.816416983691801,1755.2596300569178,9083.027654545584
,9/10/22,Sat,0.645833333,3:30p,Wisconsin,Washington St.,3.92M,3920.0,Washington St.,17.0,14.0,1.0,0.0,0,1.0,0.0,0.0,0.0,0.0,0.0,0.0,0.0,0.0,0.0,0.0,0.0,Big Ten,Pac-12,0.0,,,17.5,,,0.0,-17.5,,,,3.0,,,,,,,,,,0.0,0.0,0.0,1.0,,,,,,15.5,0,0,0,0,1,0,2022-09-10,2022,1,0,0,0,0,0,0,0,0,0,0,0,0,0,0,0,0,0,0,0,0,0,0,0,0,0,0,0,0,0,0,0.0,0.0,0.0,0.0,0.0,0.0,0.0,0.0,0.0,0.0,0.0,0.0,0.0,8.27410200229233,2270.382062726672,8567.90522187583
,9/10/22,Sat,0.645833333,3:30p,Air Force,Colorado,808K,808.0,Air Force,41.0,10.0,0.0,0.0,0,0.0,0.0,0.0,0.0,1.0,0.0,0.0,0.0,0.0,0.0,0.0,0.0,Mountain West,Pac-12,0.0,,,17.5,,,0.0,-17.5,,,,31.0,,,,,,,,,,0.0,0.0,0.0,0.0,,,,,,15.5,0,0,0,0,1,0,2022-09-10,2022,1,0,0,0,0,0,0,0,0,0,0,0,0,0,0,0,0,0,0,0,0,0,0,0,0,0,0,0,0,0,0,0.0,0.0,0.0,0.0,0.0,0.0,0.0,0.0,0.0,0.0,0.0,0.0,0.0,6.695798917058491,807.9260719381126,10030.361212664391
,9/10/22,Sat,0.645833333,3:30p,Texas A&M,Appalachian St.,1.77M,1770.0,Appalachian St.,17.0,14.0,0.0,1.0,1,0.0,0.0,1.0,0.0,0.0,0.0,0.0,0.0,0.0,0.0,0.0,0.0,SEC,Sun Belt,0.0,,,18.0,,,0.0,-18.0,,,,3.0,,,,,,,,,,0.0,1.0,0.0,0.0,,,,,,15.5,0,0,0,0,1,0,2022-09-10,2022,1,0,0,0,0,0,0,0,0,0,0,0,0,0,0,0,0,0,0,0,0,0,0,0,0,0,0,0,0,0,0,0.0,0.0,0.0,0.0,0.0,0.0,0.0,0.0,0.0,0.0,0.0,0.0,0.0,7.479299637782834,1044.3195537572876,9793.967730845214
,9/10/22,Sat,0.645833333,3:30p,Pittsburgh,Tennessee,4.46M,4460.0,Tennessee,34.0,27.0,2.0,0.0,0,0.0,0.0,0.0,0.0,0.0,1.0,0.0,0.0,0.0,0.0,0.0,0.0,ACC,SEC,0.0,,,6.0,,,0.0,6.0,,,,7.0,,,,,,,,,,0.0,1.0,1.0,0.0,,,,,,15.5,0,0,0,0,1,0,2022-09-10,2022,1,0,0,0,0,0,0,0,0,0,0,0,0,0,0,0,0,0,0,0,0,0,0,0,0,1,0,0,0,0,0,0.0,0.0,0.0,0.0,0.0,0.0,0.0,0.0,0.0,0.0,0.0,0.0,0.0,8.403128235128264,4332.0383696356985,6506.2489149668045
,9/10/22,Sat,0.645833333,3:30p,Illinois,Virginia,159K,159.0,Illinois,24.0,3.0,0.0,0.0,0,0.0,0.0,0.0,0.0,0.0,0.0,0.0,1.0,0.0,0.0,0.0,0.0,Big Ten,ACC,0.0,,,4.0,,,0.0,-4.0,,,,21.0,,,,,,,,,,0.0,0.0,1.0,1.0,,,,,,15.5,0,0,0,0,1,0,2022-09-10,2022,1,0,0,0,0,0,0,0,0,0,0,0,0,0,0,0,0,0,0,0,0,0,0,0,0,0,0,0,0,0,0,0.0,0.0,0.0,0.0,0.0,0.0,0.0,0.0,0.0,0.0,0.0,0.0,0.0,5.075173815233827,139.35715980917757,10698.930124793325
,9/10/22,Sat,0.645833333,3:30p,Texas Tech,Houston,633K,633.0,Texas Tech,33.0,30.0,1.0,0.0,1,0.0,1.0,0.0,0.0,0.0,0.0,0.0,0.0,0.0,0.0,0.0,0.0,Big 12,American Athletic,0.0,,,4.0,,,0.0,-4.0,,,,3.0,,,,,,,,,,1.0,0.0,0.0,0.0,,,,,,15.5,0,0,0,0,1,0,2022-09-10,2022,1,0,0,0,0,0,0,0,0,0,0,0,0,0,0,0,0,0,0,0,0,0,0,0,0,0,0,0,0,0,0,0.0,0.0,0.0,0.0,0.0,0.0,0.0,0.0,0.0,0.0,0.0,0.0,0.0,6.452048954437226,489.00443667863675,10349.282847923867
,9/10/22,Sat,0.791666667,7:00p,Florida,Kentucky,4.33M,4330.0,Kentucky,26.0,16.0,2.0,0.0,0,0.0,0.0,0.0,0.0,0.0,0.0,0.0,0.0,0.0,0.0,0.0,0.0,SEC,SEC,0.0,,,6.0,,,0.0,-6.0,,,,10.0,,,,,,,,,,0.0,2.0,0.0,0.0,,,,,,19.0,0,0,0,0,0,0,2022-09-10,2022,1,0,0,0,0,0,0,0,0,0,0,0,0,0,0,0,0,0,0,0,0,0,0,0,0,1,1,0,0,0,0,0.0,0.0,0.0,0.0,0.0,0.0,0.0,0.0,0.0,0.0,0.0,0.0,0.0,8.373553741214627,3668.3291649961407,3938.9927809604374
,9/10/22,Sat,0.8125,7:30p,Auburn,San Jose St.,364K,364.0,Auburn,24.0,16.0,0.0,0.0,0,0.0,0.0,0.0,0.0,0.0,0.0,0.0,1.0,0.0,0.0,0.0,0.0,SEC,Mountain West,0.0,,,24.0,,,0.0,-24.0,,,,8.0,,,,,,,,,,0.0,1.0,0.0,0.0,,,,,,19.5,0,0,0,0,0,0,2022-09-10,2022,1,0,0,0,0,0,0,0,0,0,0,0,0,0,0,0,0,0,0,0,0,0,0,0,0,0,0,0,0,0,0,0.0,0.0,0.0,0.0,0.0,0.0,0.0,0.0,0.0,0.0,0.0,0.0,0.0,5.8998973535824915,172.5697690027176,7434.75217695386
,9/10/22,Sat,0.8125,7:30p,Oklahoma St.,Arizona St.,1.02M,1020.0,Oklahoma St.,34.0,17.0,1.0,0.0,1,0.0,0.0,1.0,0.0,0.0,0.0,0.0,0.0,0.0,0.0,0.0,0.0,Big 12,Pac-12,0.0,,,11.5,,,0.0,-11.5,,,,17.0,,,,,,,,,,1.0,0.0,0.0,0.0,,,,,,19.5,0,0,0,0,0,0,2022-09-10,2022,1,0,0,0,0,0,0,0,0,0,0,0,0,0,0,0,0,0,0,0,0,0,0,0,0,0,0,0,0,0,0,0.0,0.0,0.0,0.0,0.0,0.0,0.0,0.0,0.0,0.0,0.0,0.0,0.0,6.928537818164665,617.6919868965474,6989.62995906003
,9/10/22,Sat,0.8125,7:30p,Stanford,USC,2.96M,2960.0,USC,41.0,28.0,0.0,1.0,0,0.0,0.0,0.0,0.0,0.0,1.0,0.0,0.0,0.0,0.0,0.0,0.0,Pac-12,Pac-12,0.0,,,9.5,,,0.0,9.5,,,,13.0,,,,,,,,,,0.0,0.0,0.0,0.0,,,,,,19.5,0,0,0,0,0,0,2022-09-10,2022,1,0,0,0,0,0,0,0,0,0,0,0,0,0,0,0,0,0,0,0,0,0,0,0,0,0,0,0,0,0,0,0.0,0.0,0.0,0.0,0.0,0.0,0.0,0.0,0.0,0.0,0.0,0.0,0.0,7.993282328101591,2713.698718482142,4893.623227474435
,9/10/22,Sat,0.8125,7:30p,Nebraska,Georgia Southern,1.24M,1240.0,Georgia Southern,45.0,42.0,0.0,0.0,1,0.0,1.0,0.0,0.0,0.0,0.0,0.0,0.0,0.0,0.0,0.0,0.0,Big Ten,Sun Belt,0.0,,,23.5,,,0.0,-23.5,,,,3.0,,,,,,,,,,0.0,0.0,0.0,1.0,,,,,,19.5,0,0,0,0,0,0,2022-09-10,2022,1,0,0,0,0,0,0,0,0,0,0,0,0,0,0,0,0,0,0,0,0,0,0,0,0,0,0,0,0,0,0,0.0,0.0,0.0,0.0,0.0,0.0,0.0,0.0,0.0,0.0,0.0,0.0,0.0,7.123672785204607,435.0323065790302,7172.289639377547
,9/10/22,Sat,0.9375,10:30p,BYU,Baylor,2.37M,2370.0,BYU,26.0,20.0,1.0,1.0,0,0.0,0.0,0.0,0.0,0.0,0.0,0.0,0.0,0.0,0.0,0.0,0.0,FBS Independents,Big 12,0.0,,,2.5,,,0.0,-2.5,,,,6.0,,,,,,,,,,1.0,0.0,0.0,0.0,,,,,,22.5,0,0,0,0,0,1,2022-09-10,2022,1,0,0,0,0,0,0,0,0,0,0,0,0,0,0,0,0,0,0,0,0,0,0,0,0,1,0,0,0,0,0,0.0,0.0,0.0,0.0,0.0,0.0,0.0,0.0,0.0,0.0,0.0,0.0,0.0,7.771067086065406,2095.403545074355,500.3884731662003
,9/10/22,Sat,0.958333333,11:00p,Arizona,Mississippi St.,471K,471.0,Mississippi St.,39.0,17.0,0.0,0.0,1,0.0,1.0,0.0,0.0,0.0,0.0,0.0,0.0,0.0,0.0,0.0,0.0,Pac-12,SEC,0.0,,,12.5,,,0.0,12.5,,,,22.0,,,,,,,,,,0.0,1.0,0.0,0.0,,,,,,23.0,0,0,0,0,0,1,2022-09-10,2022,1,0,0,0,0,0,0,0,0,0,0,0,0,0,0,0,0,0,0,0,0,0,0,0,0,0,0,0,0,0,0,0.0,0.0,0.0,0.0,0.0,0.0,0.0,0.0,0.0,0.0,0.0,0.0,0.0,6.156978985585555,500.3884731662003,2095.403545074355
,9/16/22,Fri,0.8125,7:30p,Louisville,Florida St.,2.75M,2750.0,Florida St.,35.0,31.0,0.0,0.0,0,0.0,0.0,0.0,0.0,0.0,0.0,0.0,0.0,0.0,0.0,0.0,0.0,ACC,ACC,0.0,,,2.5,,,0.0,2.5,,,,4.0,,,,,,,,,,0.0,0.0,2.0,0.0,,,,,,19.5,0,0,1,0,0,0,2022-09-16,2022,1,0,0,0,0,0,0,0,0,0,0,0,0,0,0,0,0,0,0,0,0,0,0,0,0,0,0,0,0,0,0,0.0,0.0,0.0,0.0,0.0,0.0,0.0,0.0,0.0,0.0,0.0,0.0,1.0,7.919719760924575,2164.0956439735924,0.0
,9/17/22,Sat,0.5,12:00p,Nebraska,Oklahoma,3.41M,3410.0,Oklahoma,49.0,14.0,0.0,1.0,2,1.0,0.0,0.0,0.0,0.0,0.0,0.0,0.0,0.0,0.0,0.0,0.0,Big Ten,Big 12,0.0,,,10.5,,,0.0,10.5,,,,35.0,,,,,,,,,,1.0,0.0,0.0,1.0,,,,,,12.0,0,0,0,1,0,0,2022-09-17,2022,1,0,0,0,0,0,0,0,0,0,0,0,0,0,0,0,0,0,0,0,0,0,0,0,0,0,0,0,0,0,0,0.0,0.0,0.0,0.0,0.0,0.0,0.0,0.0,0.0,0.0,0.0,0.0,0.0,8.134760782418645,6011.306906248461,6807.235214066769
,9/17/22,Sat,0.5,12:00p,South Carolina,Georgia,3M,3000.0,Georgia,48.0,7.0,0.0,1.0,2,0.0,0.0,0.0,0.0,0.0,0.0,0.0,0.0,0.0,0.0,0.0,0.0,SEC,SEC,0.0,,,25.5,,,0.0,25.5,,,,41.0,,,,,,,,,,0.0,2.0,0.0,0.0,,,,,,12.0,0,0,0,1,0,0,2022-09-17,2022,1,0,0,0,0,0,0,0,0,0,0,0,0,0,0,0,0,0,0,0,0,0,0,0,0,0,0,0,0,0,0,0.0,0.0,0.0,0.0,0.0,0.0,0.0,0.0,0.0,0.0,0.0,0.0,0.0,8.006700845440367,3367.4947655363067,9451.047354778922
,9/17/22,Sat,0.5,12:00p,Baylor,Texas St.,221K,221.0,Baylor,42.0,7.0,1.0,0.0,3,0.0,1.0,0.0,0.0,0.0,0.0,0.0,0.0,0.0,0.0,0.0,0.0,Big 12,Sun Belt,0.0,,,30.0,,,0.0,-30.0,,,,35.0,,,,,,,,,,1.0,0.0,0.0,0.0,,,,,,12.0,0,0,0,1,0,0,2022-09-17,2022,1,0,0,0,0,0,0,0,0,0,0,0,0,0,0,0,0,0,0,0,0,0,0,0,0,0,0,0,0,0,0,0.0,0.0,0.0,0.0,0.0,0.0,0.0,0.0,0.0,0.0,0.0,0.0,0.0,5.402677381872279,253.5641517089668,12564.977968606265
,9/17/22,Sat,0.5,12:00p,Miami Ohio,Cincinnati,185K,185.0,Cincinnati,38.0,17.0,0.0,0.0,2,0.0,0.0,0.0,0.0,0.0,0.0,0.0,1.0,0.0,0.0,0.0,0.0,Mid-American,American Athletic,0.0,,,24.0,,,0.0,24.0,,,,21.0,,,,,,,,,,0.0,0.0,0.0,0.0,,,,,,12.0,0,0,0,1,0,0,2022-09-17,2022,1,0,0,0,0,0,0,0,0,0,0,0,0,0,0,0,0,0,0,0,0,0,0,0,0,0,0,0,0,0,0,0.0,0.0,0.0,0.0,0.0,0.0,0.0,0.0,0.0,0.0,0.0,0.0,0.0,5.225746673713202,81.35998695181779,12737.18213336341
,9/17/22,Sat,0.5,12:00p,Michigan,Connecticut,2.03M,2030.0,Michigan,59.0,0.0,0.0,1.0,2,0.0,0.0,0.0,0.0,0.0,1.0,0.0,0.0,0.0,0.0,0.0,0.0,Big Ten,FBS Independents,0.0,,,47.5,,,0.0,-47.5,,,,59.0,,,,,,,,,,0.0,0.0,0.0,1.0,,,,,,12.0,0,0,0,1,0,0,2022-09-17,2022,1,0,0,0,0,0,0,0,0,0,0,0,0,0,0,0,0,0,0,0,0,0,0,0,0,0,0,0,0,0,0,0.0,0.0,0.0,0.0,0.0,0.0,0.0,0.0,0.0,0.0,0.0,0.0,0.0,7.616283561580385,2574.6482947044187,10243.893825610812
,9/17/22,Sat,0.5,12:00p,Syracuse,Purdue,1.21M,1210.0,Syracuse,32.0,29.0,0.0,0.0,3,0.0,0.0,1.0,0.0,0.0,0.0,0.0,0.0,0.0,0.0,0.0,0.0,ACC,Big Ten,0.0,,,1.5,,,0.0,-1.5,,,,3.0,,,,,,,,,,0.0,0.0,1.0,1.0,,,,,,12.0,0,0,0,1,0,0,2022-09-17,2022,1,0,0,0,0,0,0,0,0,0,0,0,0,0,0,0,0,0,0,0,0,0,0,0,0,0,0,0,0,0,0,0.0,0.0,0.0,0.0,0.0,0.0,0.0,0.0,0.0,0.0,0.0,0.0,0.0,7.099201743553092,530.168015165259,12288.374105149971
,9/17/22,Sat,0.604166667,2:30p,Notre Dame,California,2.91M,2910.0,Notre Dame,24.0,17.0,0.0,0.0,0,0.0,0.0,0.0,1.0,0.0,0.0,0.0,0.0,0.0,0.0,0.0,0.0,FBS Independents,Pac-12,0.0,,,13.5,,,0.0,-13.5,,,,7.0,,,,,,,,,,0.0,0.0,0.0,0.0,,,,,,14.5,0,0,0,0,1,0,2022-09-17,2022,1,0,0,0,0,0,0,0,0,0,0,0,0,0,0,0,0,0,0,0,0,0,0,0,0,0,0,0,0,0,0,0.0,0.0,0.0,0.0,0.0,0.0,0.0,0.0,0.0,0.0,0.0,0.0,0.0,7.976251943745623,1593.4266435045074,10481.933668059039
,9/17/22,Sat,0.645833333,3:30p,Minnesota,Colorado,690K,690.0,Minnesota,49.0,7.0,0.0,0.0,0,0.0,0.0,1.0,0.0,0.0,0.0,0.0,0.0,0.0,0.0,0.0,0.0,Big Ten,Pac-12,0.0,,,28.0,,,0.0,-28.0,,,,42.0,,,,,,,,,,0.0,0.0,0.0,1.0,,,,,,15.5,0,0,0,0,1,0,2022-09-17,2022,1,0,0,0,0,0,0,0,0,0,0,0,0,0,0,0,0,0,0,0,0,0,0,0,0,0,0,0,0,0,0,0.0,0.0,0.0,0.0,0.0,0.0,0.0,0.0,0.0,0.0,0.0,0.0,0.0,6.53813982376767,521.0378411320133,11961.981628940759
,9/17/22,Sat,0.645833333,3:30p,Georgia Tech,Mississippi,1.39M,1390.0,Mississippi,42.0,0.0,1.0,0.0,0,0.0,0.0,0.0,0.0,0.0,1.0,0.0,0.0,0.0,0.0,0.0,0.0,ACC,SEC,0.0,,,17.0,,,0.0,17.0,,,,42.0,,,,,,,,,,0.0,1.0,1.0,0.0,,,,,,15.5,0,0,0,0,1,0,2022-09-17,2022,1,0,0,0,0,0,0,0,0,0,0,0,0,0,0,0,0,0,0,0,0,0,0,0,0,0,0,0,0,0,0,0.0,0.0,0.0,0.0,0.0,0.0,0.0,0.0,0.0,0.0,0.0,0.0,0.0,7.237778191923443,2141.496126650259,10341.523343422514
,9/17/22,Sat,0.645833333,3:30p,Auburn,Penn St.,4.05M,4050.0,Penn St.,41.0,12.0,1.0,0.0,0,0.0,0.0,0.0,0.0,1.0,0.0,0.0,0.0,0.0,0.0,0.0,0.0,SEC,Big Ten,0.0,,,2.5,,,0.0,2.5,,,,29.0,,,,,,,,,,0.0,1.0,0.0,1.0,,,,,,15.5,0,0,0,0,1,0,2022-09-17,2022,1,0,0,0,0,0,0,0,0,0,0,0,0,0,0,0,0,0,0,0,0,0,0,0,0,0,0,0,0,0,0,0.0,0.0,0.0,0.0,0.0,0.0,0.0,0.0,0.0,0.0,0.0,0.0,0.0,8.30671904320269,4380.448485874748,8102.570984198025
,9/17/22,Sat,0.645833333,3:30p,Wisconsin,New Mexico St.,426K,426.0,Wisconsin,66.0,7.0,0.0,0.0,0,0.0,0.0,0.0,0.0,0.0,0.0,0.0,0.0,0.0,0.0,1.0,0.0,Big Ten,FBS Independents,0.0,,,37.5,,,0.0,-37.5,,,,59.0,,,,,,,,,,0.0,0.0,0.0,1.0,,,,,,15.5,0,0,0,0,1,0,2022-09-17,2022,1,0,0,0,0,0,0,0,0,0,0,0,0,0,0,0,0,0,0,0,0,0,0,0,0,0,0,0,0,0,0,0.0,0.0,0.0,0.0,0.0,0.0,0.0,0.0,0.0,0.0,0.0,0.0,0.0,6.056784013228625,341.0342367494367,12141.985233323338
,9/17/22,Sat,0.645833333,3:30p,Oregon,BYU,2.58M,2580.0,Oregon,41.0,20.0,2.0,0.0,0,1.0,0.0,0.0,0.0,0.0,0.0,0.0,0.0,0.0,0.0,0.0,0.0,Pac-12,FBS Independents,0.0,,,3.5,,,0.0,-3.5,,,,21.0,,,,,,,,,,0.0,0.0,0.0,0.0,,,,,,15.5,0,0,0,0,1,0,2022-09-17,2022,1,0,0,0,0,0,0,0,0,0,0,0,0,0,0,0,0,0,0,0,0,0,0,0,0,1,0,0,0,0,0,0.0,0.0,0.0,0.0,0.0,0.0,0.0,0.0,0.0,0.0,0.0,0.0,0.0,7.855932199718614,3097.9169776525805,9385.102492420192
,9/17/22,Sat,0.666666667,4:00p,Boise St.,UT Martin,214K,214.0,Boise St.,30.0,7.0,0.0,0.0,0,0.0,1.0,0.0,0.0,0.0,0.0,0.0,0.0,0.0,0.0,0.0,0.0,Mountain West,OVC,0.0,,,24.5,,,0.0,-24.5,,,,23.0,,,,,,,,,,0.0,0.0,0.0,0.0,,,,,,16.0,0,0,0,0,1,0,2022-09-17,2022,1,0,0,0,0,0,0,0,0,0,0,0,0,0,0,0,0,0,0,0,0,0,0,0,0,0,0,0,0,0,0,0.0,0.0,0.0,0.0,0.0,0.0,0.0,0.0,0.0,0.0,0.0,0.0,0.0,5.3706380281276624,276.8471221276348,10710.645270754789
,9/17/22,Sat,0.666666667,4:00p,Houston,Kansas,225K,225.0,Kansas,48.0,30.0,0.0,0.0,0,0.0,0.0,0.0,0.0,0.0,0.0,0.0,1.0,0.0,0.0,0.0,0.0,American Athletic,Big 12,0.0,,,8.5,,,0.0,-8.5,,,,18.0,,,,,,,,,,1.0,0.0,0.0,0.0,,,,,,16.0,0,0,0,0,1,0,2022-09-17,2022,1,0,0,0,0,0,0,0,0,0,0,0,0,0,0,0,0,0,0,0,0,0,0,0,0,0,0,0,0,0,0,0.0,0.0,0.0,0.0,0.0,0.0,0.0,0.0,0.0,0.0,0.0,0.0,0.0,5.420534999272286,130.81203638159258,10856.68035650083
,9/17/22,Sat,0.708333333,5:00p,Bowling Green,Marshall,169K,169.0,Bowling Green,34.0,31.0,0.0,0.0,0,0.0,0.0,0.0,0.0,0.0,0.0,0.0,0.0,0.0,1.0,0.0,0.0,Mid-American,Sun Belt,0.0,,,17.0,,,0.0,17.0,,,,3.0,,,,,,,,,,0.0,0.0,0.0,0.0,,,,,,17.0,0,0,0,0,1,0,2022-09-17,2022,1,0,0,0,0,0,0,0,0,0,0,0,0,0,0,0,0,0,0,0,0,0,0,0,0,0,0,0,0,0,0,0.0,0.0,0.0,0.0,0.0,0.0,0.0,0.0,0.0,0.0,0.0,0.0,0.0,5.135798437050262,97.89956631415839,407.6591585092274
,9/17/22,Sat,0.791666667,7:00p,LSU,Mississippi St.,3.06M,3060.0,LSU,31.0,16.0,0.0,0.0,0,0.0,0.0,0.0,0.0,0.0,0.0,0.0,0.0,0.0,0.0,0.0,0.0,SEC,SEC,0.0,,,3.0,,,0.0,3.0,,,,15.0,,,,,,,,,,0.0,2.0,0.0,0.0,,,,,,19.0,0,0,0,0,0,0,2022-09-17,2022,1,0,0,0,0,0,0,0,0,0,0,0,0,0,0,0,0,0,0,0,0,0,0,0,0,0,0,0,0,0,0,0.0,0.0,0.0,0.0,0.0,0.0,0.0,0.0,0.0,0.0,0.0,0.0,0.0,8.026496938945412,1954.7246501247068,7358.975054622279
,9/17/22,Sat,0.791666667,7:00p,North Carolina St.,Texas Tech,747K,747.0,North Carolina St.,27.0,14.0,1.0,0.0,1,0.0,0.0,1.0,0.0,0.0,0.0,0.0,0.0,0.0,0.0,0.0,0.0,ACC,Big 12,0.0,,,10.5,,,0.0,-10.5,,,,13.0,,,,,,,,,,1.0,0.0,1.0,0.0,,,,,,19.0,0,0,0,0,0,0,2022-09-17,2022,1,0,0,0,0,0,0,0,0,0,0,0,0,0,0,0,0,0,0,0,0,0,0,0,0,0,0,0,0,0,0,0.0,0.0,0.0,0.0,0.0,0.0,0.0,0.0,0.0,0.0,0.0,0.0,0.0,6.617402977974478,753.7916689105134,8559.90803583647
,9/17/22,Sat,0.791666667,7:00p,Ohio St.,Toledo,3.05M,3050.0,Ohio St.,77.0,21.0,0.0,1.0,0,1.0,0.0,0.0,0.0,0.0,0.0,0.0,0.0,0.0,0.0,0.0,0.0,Big Ten,Mid-American,0.0,,,31.0,,,0.0,-31.0,,,,56.0,,,,,,,,,,0.0,0.0,0.0,1.0,,,,,,19.0,0,0,0,0,0,0,2022-09-17,2022,1,0,0,0,0,0,0,0,0,0,0,0,0,0,0,0,0,0,0,0,0,0,0,0,0,0,0,0,0,0,0,0.0,0.0,0.0,0.0,0.0,0.0,0.0,0.0,0.0,0.0,0.0,0.0,0.0,8.02322468471667,2447.9244811701706,6865.775223576815
,9/17/22,Sat,0.8125,7:30p,Iowa,Nevada,348K,348.0,Iowa,27.0,0.0,0.0,0.0,1,0.0,0.0,0.0,0.0,0.0,0.0,0.0,0.0,0.0,0.0,1.0,0.0,Big Ten,Mountain West,0.0,,,24.0,,,0.0,-24.0,,,,27.0,,,,,,,,,,0.0,0.0,0.0,1.0,,,,,,19.5,0,0,0,0,0,0,2022-09-17,2022,1,0,0,0,0,0,0,0,0,0,0,0,0,0,0,0,0,0,0,0,0,0,0,0,0,0,0,0,0,0,0,0.0,0.0,0.0,0.0,0.0,0.0,0.0,0.0,0.0,0.0,0.0,0.0,0.0,5.855071922202427,396.6741131748403,8917.025591572146
,9/17/22,Sat,0.8125,7:30p,Western Michigan,Pittsburgh,195K,195.0,Pittsburgh,34.0,13.0,1.0,0.0,0,0.0,0.0,0.0,0.0,0.0,0.0,0.0,1.0,0.0,0.0,0.0,0.0,Mid-American,ACC,0.0,,,10.0,,,0.0,10.0,,,,21.0,,,,,,,,,,0.0,0.0,1.0,0.0,,,,,,19.5,0,0,0,0,0,0,2022-09-17,2022,1,0,0,0,0,0,0,0,0,0,0,0,0,0,0,0,0,0,0,0,0,0,0,0,0,0,0,0,0,0,0,0.0,0.0,0.0,0.0,0.0,0.0,0.0,0.0,0.0,0.0,0.0,0.0,0.0,5.278114659230517,146.7880574875394,9166.911647259447
,9/17/22,Sat,0.8125,7:30p,Maryland,SMU,257K,257.0,Maryland,34.0,27.0,0.0,0.0,1,0.0,1.0,0.0,0.0,0.0,0.0,0.0,0.0,0.0,0.0,0.0,0.0,Big Ten,American Athletic,0.0,,,2.5,,,0.0,-2.5,,,,7.0,,,,,,,,,,0.0,0.0,0.0,1.0,,,,,,19.5,0,0,0,0,0,0,2022-09-17,2022,1,0,0,0,0,0,0,0,0,0,0,0,0,0,0,0,0,0,0,0,0,0,0,0,0,0,0,0,0,0,0,0.0,0.0,0.0,0.0,0.0,0.0,0.0,0.0,0.0,0.0,0.0,0.0,0.0,5.552959584921617,279.17478271605705,9034.524922030929
,9/17/22,Sat,0.8125,7:30p,Washington,Michigan St.,2.79M,2790.0,Washington,39.0,28.0,1.0,0.0,0,0.0,0.0,0.0,0.0,0.0,1.0,0.0,0.0,0.0,0.0,0.0,0.0,Pac-12,Big Ten,0.0,,,3.5,,,0.0,-3.5,,,,11.0,,,,,,,,,,0.0,0.0,0.0,1.0,,,,,,19.5,0,0,0,0,0,0,2022-09-17,2022,1,0,0,0,0,0,0,0,0,0,0,0,0,0,0,0,0,0,0,0,0,0,0,0,0,0,0,0,0,0,0,0.0,0.0,0.0,0.0,0.0,0.0,0.0,0.0,0.0,0.0,0.0,0.0,0.0,7.934155233536322,3334.621951163157,5979.077753583829
,9/17/22,Sat,0.875,9:00p,Texas A&M,Miami,3.4M,3400.0,Texas A&M,17.0,9.0,2.0,0.0,0,0.0,0.0,0.0,0.0,0.0,0.0,0.0,0.0,0.0,0.0,0.0,0.0,SEC,ACC,0.0,,,6.5,,,0.0,-6.5,,,,8.0,,,,,,,,,,0.0,1.0,1.0,0.0,,,,,,21.0,0,0,0,0,0,0,2022-09-17,2022,1,0,0,0,0,0,0,0,0,0,0,0,0,0,0,0,0,0,0,0,0,0,0,0,0,1,0,0,0,0,0,0.0,0.0,0.0,0.0,0.0,0.0,0.0,0.0,0.0,0.0,0.0,0.0,0.0,8.131824785007195,2960.4477649847126,415.48210156037055
,9/17/22,Sat,0.916666667,10:00p,Utah,San Diego St.,326K,326.0,Utah,35.0,7.0,1.0,0.0,1,0.0,0.0,1.0,0.0,0.0,0.0,0.0,0.0,0.0,0.0,0.0,0.0,Pac-12,Mountain West,0.0,,,22.5,,,0.0,-22.5,,,,28.0,,,,,,,,,,0.0,0.0,0.0,0.0,,,,,,22.0,0,0,0,0,0,1,2022-09-17,2022,1,0,0,0,0,0,0,0,0,0,0,0,0,0,0,0,0,0,0,0,0,0,0,0,0,0,0,0,0,0,0,0.0,0.0,0.0,0.0,0.0,0.0,0.0,0.0,0.0,0.0,0.0,0.0,0.0,5.7899601708972535,415.48210156037055,5302.206343248772
,9/17/22,Sat,0.9375,10:30p,USC,Fresno St.,1.62M,1620.0,USC,45.0,17.0,0.0,1.0,0,1.0,0.0,0.0,0.0,0.0,0.0,0.0,0.0,0.0,0.0,0.0,0.0,Pac-12,Mountain West,0.0,,,11.5,,,0.0,-11.5,,,,28.0,,,,,,,,,,0.0,0.0,0.0,0.0,,,,,,22.5,0,0,0,0,0,1,2022-09-17,2022,1,0,0,0,0,0,0,0,0,0,0,0,0,0,0,0,0,0,0,0,0,0,0,0,0,0,0,0,0,0,0,0.0,0.0,0.0,0.0,0.0,0.0,0.0,0.0,0.0,0.0,0.0,0.0,0.0,7.390798521735676,2067.4844235082355,689.7562563161944
,9/17/22,Sat,0.958333333,11:00p,Arizona,North Dakota State,335K,335.0,Arizona,31.0,28.0,0.0,0.0,1,0.0,1.0,0.0,0.0,0.0,0.0,0.0,0.0,0.0,0.0,0.0,0.0,Pac-12,MVFC,0.0,,,3.0,,,0.0,3.0,,,,3.0,,,,,,,,,,0.0,0.0,0.0,0.0,,,,,,23.0,0,0,0,0,0,1,2022-09-17,2022,1,0,0,0,0,0,0,0,0,0,0,0,0,0,0,0,0,0,0,0,0,0,0,0,0,0,0,0,0,0,0,0.0,0.0,0.0,0.0,0.0,0.0,0.0,0.0,0.0,0.0,0.0,0.0,0.0,5.817111159963204,274.2741547558239,2482.966525068606
,9/22/22,Thu,0.8125,7:30p,Georgia St.,Coastal Carolina,224K,224.0,Coastal Carolina,41.0,24.0,0.0,0.0,0,0.0,0.0,1.0,0.0,0.0,0.0,0.0,0.0,0.0,0.0,0.0,0.0,Sun Belt,Sun Belt,0.0,,,2.5,,,0.0,2.5,,,,17.0,,,,,,,,,,0.0,0.0,0.0,0.0,,,,,,19.5,0,1,0,0,0,0,2022-09-22,2022,1,0,0,0,0,0,0,0,0,0,0,0,0,0,0,0,0,0,0,0,0,0,0,0,0,0,0,0,0,0,0,0.0,0.0,0.0,0.0,0.0,0.0,0.0,0.0,0.0,0.0,0.0,0.0,0.0,5.41610040220442,264.69503002845585,2258.745709213629
,9/22/22,Thu,0.8125,7:30p,Virginia Tech,West Virginia,1.6M,1600.0,West Virginia,33.0,10.0,0.0,0.0,0,0.0,0.0,0.0,0.0,0.0,0.0,0.0,0.0,0.0,0.0,0.0,0.0,ACC,Big 12,0.0,,,2.0,,,0.0,2.0,,,,23.0,,,,,,,,,,1.0,0.0,1.0,0.0,,,,,,19.5,0,1,0,0,0,0,2022-09-22,2022,1,0,0,0,0,0,0,0,0,0,0,0,0,0,0,0,0,0,0,0,0,0,0,0,0,0,0,0,0,0,0,0.0,0.0,0.0,0.0,0.0,0.0,0.0,0.0,0.0,0.0,0.0,0.0,0.0,7.3783837129967145,1893.94992891277,629.4908103293149
,9/22/22,Thu,0.854166667,8:30p,Illinois,Chattanooga,176K,176.0,Illinois,31.0,0.0,0.0,0.0,0,0.0,0.0,0.0,0.0,0.0,0.0,0.0,0.0,0.0,0.0,1.0,0.0,Big Ten,Southern,0.0,,,20.0,,,0.0,-20.0,,,,31.0,,,,,,,,,,0.0,0.0,0.0,1.0,,,,,,20.5,0,1,0,0,0,0,2022-09-22,2022,1,0,0,0,0,0,0,0,0,0,0,0,0,0,0,0,0,0,0,0,0,0,0,0,0,0,0,0,0,0,0,0.0,0.0,0.0,0.0,0.0,0.0,0.0,0.0,0.0,0.0,0.0,0.0,0.0,5.176149732573829,364.79578030085906,2158.644958941226
,9/23/22,Fri,0.791666667,7:00p,Syracuse,Virginia,1.79M,1790.0,Syracuse,22.0,20.0,0.0,0.0,0,0.0,0.0,0.0,0.0,0.0,0.0,0.0,0.0,0.0,0.0,0.0,0.0,ACC,ACC,0.0,,,9.5,,,0.0,-9.5,,,,2.0,,,,,,,,,,0.0,0.0,2.0,0.0,,,,,,19.0,0,0,1,0,0,0,2022-09-23,2022,1,0,0,0,0,0,0,0,0,0,0,0,0,0,0,0,0,0,0,0,0,0,0,0,0,0,0,0,0,0,0,0.0,0.0,0.0,0.0,0.0,0.0,0.0,0.0,0.0,0.0,0.0,0.0,1.0,7.490529402060711,1357.9081009244208,270.5130390406731
,9/23/22,Fri,0.833333333,8:00p,Air Force,Nevada,312K,312.0,Air Force,48.0,20.0,0.0,0.0,0,0.0,1.0,0.0,0.0,0.0,0.0,0.0,0.0,0.0,0.0,0.0,0.0,Mountain West,Mountain West,0.0,,,24.0,,,0.0,-24.0,,,,28.0,,,,,,,,,,0.0,0.0,0.0,0.0,,,,,,20.0,0,0,1,0,0,0,2022-09-23,2022,1,0,0,0,0,0,0,0,0,0,0,0,0,0,0,0,0,0,0,0,0,0,0,0,0,0,0,0,0,0,0,0.0,0.0,1.0,0.0,0.0,0.0,0.0,0.0,0.0,0.0,0.0,0.0,0.0,5.746203190540153,270.5130390406731,1357.9081009244208
,9/24/22,Sat,0.5,12:00p,Kansas,Duke,441K,441.0,Kansas,35.0,27.0,0.0,0.0,2,0.0,1.0,0.0,0.0,0.0,0.0,0.0,0.0,0.0,0.0,0.0,0.0,Big 12,ACC,0.0,,,7.0,,,0.0,-7.0,,,,8.0,,,,,,,,,,1.0,0.0,1.0,0.0,,,,,,12.0,0,0,0,1,0,0,2022-09-24,2022,1,0,0,0,0,0,0,0,0,0,0,0,0,0,0,0,0,0,0,0,0,0,0,0,0,0,0,0,0,0,0,0.0,0.0,0.0,0.0,0.0,0.0,0.0,0.0,0.0,0.0,0.0,0.0,0.0,6.091309882077698,425.12586208623895,9871.834922206584
,9/24/22,Sat,0.5,12:00p,Iowa St.,Baylor,762K,762.0,Baylor,31.0,24.0,1.0,0.0,2,0.0,0.0,1.0,0.0,0.0,0.0,0.0,0.0,0.0,0.0,0.0,0.0,Big 12,Big 12,0.0,,,2.5,,,0.0,-2.5,,,,7.0,,,,,,,,,,2.0,0.0,0.0,0.0,,,,,,12.0,0,0,0,1,0,0,2022-09-24,2022,1,0,0,0,0,0,0,0,0,0,0,0,0,0,0,0,0,0,0,0,0,0,0,0,0,0,0,0,0,0,0,0.0,0.0,0.0,0.0,0.0,0.0,0.0,0.0,0.0,0.0,0.0,0.0,0.0,6.637258031284457,743.6207835981322,9553.340000694692
,9/24/22,Sat,0.5,12:00p,Auburn,Missouri,2.07M,2070.0,Auburn,17.0,14.0,0.0,0.0,1,0.0,0.0,0.0,0.0,0.0,0.0,0.0,0.0,0.0,0.0,0.0,0.0,SEC,SEC,0.0,,,7.5,,,0.0,-7.5,,,,3.0,,,,,,,,,,0.0,2.0,0.0,0.0,,,,,,12.0,0,0,0,1,0,0,2022-09-24,2022,1,0,0,0,0,0,0,0,0,0,0,0,0,0,0,0,0,0,0,0,0,0,0,0,0,0,0,0,0,0,0,0.0,0.0,0.0,0.0,0.0,0.0,0.0,0.0,0.0,0.0,0.0,0.0,0.0,7.635786861395585,1850.755285057008,8446.205499235817
,9/24/22,Sat,0.5,12:00p,Penn St.,Central Michigan,628K,628.0,Penn St.,33.0,14.0,1.0,0.0,2,0.0,0.0,0.0,0.0,0.0,0.0,0.0,0.0,0.0,0.0,1.0,0.0,Big Ten,Mid-American,0.0,,,28.0,,,0.0,-28.0,,,,19.0,,,,,,,,,,0.0,0.0,0.0,1.0,,,,,,12.0,0,0,0,1,0,0,2022-09-24,2022,1,0,0,0,0,0,0,0,0,0,0,0,0,0,0,0,0,0,0,0,0,0,0,0,0,0,0,0,0,0,0,0.0,0.0,0.0,0.0,0.0,0.0,0.0,0.0,0.0,0.0,0.0,0.0,0.0,6.444131256700441,512.1643839500341,9784.79640034279
,9/24/22,Sat,0.5,12:00p,Wake Forest,Clemson,3.18M,3180.0,Clemson,51.0,45.0,1.0,1.0,1,0.0,0.0,0.0,0.0,0.0,1.0,0.0,0.0,0.0,0.0,0.0,0.0,ACC,ACC,0.0,,,7.5,,,0.0,7.5,,,,6.0,,,,,,,,,,0.0,0.0,2.0,0.0,,,,,,12.0,0,0,0,1,0,0,2022-09-24,2022,1,0,0,0,0,0,0,0,0,0,0,0,0,0,0,0,0,0,0,0,0,0,0,0,0,1,0,0,1,0,0,0.0,0.0,0.0,0.0,0.0,0.0,0.0,0.0,0.0,0.0,0.0,0.0,0.0,8.064950891749143,3056.1065522821623,7240.854232010662
,9/24/22,Sat,0.5,12:00p,Michigan,Maryland,4.38M,4380.0,Michigan,34.0,27.0,0.0,1.0,1,1.0,0.0,0.0,0.0,0.0,0.0,0.0,0.0,0.0,0.0,0.0,0.0,Big Ten,Big Ten,0.0,,,17.0,,,0.0,-17.0,,,,7.0,,,,,,,,,,0.0,0.0,0.0,2.0,,,,,,12.0,0,0,0,1,0,0,2022-09-24,2022,1,0,0,0,0,0,0,0,0,0,0,0,0,0,0,0,0,0,0,0,0,0,0,0,0,0,0,0,0,0,0,0.0,0.0,0.0,0.0,0.0,0.0,0.0,0.0,0.0,0.0,0.0,0.0,0.0,8.385032287813898,3709.1879173192483,6587.772866973575
,9/24/22,Sat,0.645833333,3:30p,San Diego St.,Toledo,145K,145.0,San Diego St.,17.0,14.0,0.0,0.0,0,0.0,1.0,0.0,0.0,0.0,0.0,0.0,0.0,0.0,0.0,0.0,0.0,Mountain West,Mid-American,0.0,,,3.0,,,0.0,3.0,,,,3.0,,,,,,,,,,0.0,0.0,0.0,0.0,,,,,,15.5,0,0,0,0,1,0,2022-09-24,2022,1,0,0,0,0,0,0,0,0,0,0,0,0,0,0,0,0,0,0,0,0,0,0,0,0,0,0,0,0,0,0,0.0,0.0,0.0,0.0,0.0,0.0,0.0,0.0,0.0,0.0,0.0,0.0,0.0,4.983606621708336,160.19607317188053,13963.677118371272
,9/24/22,Sat,0.645833333,3:30p,Tennessee,Florida,5.57M,5570.0,Tennessee,38.0,33.0,2.0,0.0,0,0.0,0.0,0.0,0.0,1.0,0.0,0.0,0.0,0.0,0.0,0.0,0.0,SEC,SEC,0.0,,,11.0,,,0.0,-11.0,,,,5.0,,,,,,,,,,0.0,2.0,0.0,0.0,,,,,,15.5,0,0,0,0,1,0,2022-09-24,2022,1,0,0,0,0,0,0,1,0,0,0,0,0,0,0,0,0,0,0,0,0,0,0,0,0,1,1,0,0,0,0,0.0,0.0,0.0,0.0,0.0,0.0,0.0,0.0,0.0,0.0,0.0,0.0,0.0,8.625329850020815,5559.047093824725,8564.826097718425
,9/24/22,Sat,0.645833333,3:30p,Texas Tech,Texas,2.28M,2280.0,Texas Tech,37.0,34.0,1.0,0.0,0,0.0,0.0,0.0,0.0,0.0,0.0,0.0,0.0,0.0,0.0,0.0,0.0,Big 12,Big 12,0.0,,,7.0,,,0.0,7.0,,,,3.0,,,,,,,,,,2.0,0.0,0.0,0.0,,,,,,15.5,0,0,0,0,1,0,2022-09-24,2022,1,0,0,0,0,0,0,0,0,0,0,0,0,0,0,0,0,0,0,0,0,0,0,0,0,0,0,0,0,0,0,0.0,0.0,0.0,0.0,0.0,0.0,0.0,0.0,0.0,0.0,0.0,0.0,0.0,7.732369222284388,2203.8271779454985,11920.046013597652
,9/24/22,Sat,0.645833333,3:30p,North Carolina,Notre Dame,3.46M,3460.0,Notre Dame,45.0,32.0,0.0,0.0,0,0.0,0.0,0.0,0.0,0.0,1.0,0.0,0.0,0.0,0.0,0.0,0.0,ACC,FBS Independents,0.0,,,2.5,,,0.0,-2.5,,,,13.0,,,,,,,,,,0.0,0.0,1.0,0.0,,,,,,15.5,0,0,0,0,1,0,2022-09-24,2022,1,0,0,0,0,0,0,0,0,0,0,0,0,0,0,0,0,0,0,0,0,0,0,0,0,0,0,0,0,0,0,0.0,0.0,0.0,0.0,0.0,0.0,0.0,0.0,0.0,0.0,0.0,0.0,0.0,8.149312843635345,2913.642495008413,11210.23069653474
,9/24/22,Sat,0.645833333,3:30p,Michigan St.,Minnesota,1.11M,1110.0,Minnesota,34.0,7.0,0.0,0.0,0,0.0,0.0,0.0,0.0,0.0,0.0,0.0,0.0,0.0,0.0,1.0,0.0,Big Ten,Big Ten,0.0,,,3.0,,,0.0,3.0,,,,27.0,,,,,,,,,,0.0,0.0,0.0,2.0,,,,,,15.5,0,0,0,0,1,0,2022-09-24,2022,1,0,0,0,0,0,0,0,0,0,0,0,0,0,0,0,0,0,0,0,0,0,0,0,0,0,0,0,0,0,0,0.0,0.0,0.0,0.0,0.0,0.0,0.0,0.0,0.0,0.0,0.0,0.0,0.0,7.01301578963963,633.9482766221,13489.92491492105
,9/24/22,Sat,0.645833333,3:30p,Cincinnati,Indiana,482K,482.0,Cincinnati,45.0,24.0,0.0,0.0,0,0.0,0.0,1.0,0.0,0.0,0.0,0.0,0.0,0.0,0.0,0.0,0.0,American Athletic,Big Ten,0.0,,,16.5,,,0.0,-16.5,,,,21.0,,,,,,,,,,0.0,0.0,0.0,1.0,,,,,,15.5,0,0,0,0,1,0,2022-09-24,2022,1,0,0,0,0,0,0,0,0,0,0,0,0,0,0,0,0,0,0,0,0,0,0,0,0,0,0,0,0,0,0,0.0,0.0,0.0,0.0,0.0,0.0,0.0,0.0,0.0,0.0,0.0,0.0,0.0,6.180016653652572,471.1677003835362,13652.705491159615
,9/24/22,Sat,0.666666667,4:00p,Washington St.,Oregon,2.27M,2270.0,Oregon,44.0,41.0,1.0,0.0,0,1.0,0.0,0.0,0.0,0.0,0.0,0.0,0.0,0.0,0.0,0.0,0.0,Pac-12,Pac-12,0.0,,,6.5,,,0.0,6.5,,,,3.0,,,,,,,,,,0.0,0.0,0.0,0.0,,,,,,16.0,0,0,0,0,1,0,2022-09-24,2022,1,0,0,0,0,0,0,0,0,0,0,0,0,0,0,0,0,0,0,0,0,0,0,0,0,0,0,0,0,0,0,0.0,0.0,0.0,0.0,0.0,0.0,0.0,0.0,0.0,0.0,0.0,0.0,0.0,7.7279755421055585,2059.8494529322516,12064.0237386109
,9/24/22,Sat,0.666666667,4:00p,UCF,Georgia Tech,107K,107.0,UCF,27.0,10.0,0.0,0.0,0,0.0,0.0,0.0,0.0,0.0,0.0,0.0,1.0,0.0,0.0,0.0,0.0,American Athletic,ACC,0.0,,,21.0,,,0.0,-21.0,,,,17.0,,,,,,,,,,0.0,0.0,1.0,0.0,,,,,,16.0,0,0,0,0,1,0,2022-09-24,2022,1,0,0,0,0,0,0,0,0,0,0,0,0,0,0,0,0,0,0,0,0,0,0,0,0,0,0,0,0,0,0,0.0,0.0,0.0,0.0,0.0,0.0,0.0,0.0,0.0,0.0,0.0,0.0,0.0,4.68213122712422,122.19492165474637,14001.678269888405
,9/24/22,Sat,0.791666667,7:00p,Texas A&M,Arkansas,3.5M,3500.0,Texas A&M,23.0,21.0,1.0,1.0,2,0.0,0.0,0.0,0.0,0.0,0.0,0.0,0.0,0.0,0.0,0.0,0.0,SEC,SEC,0.0,,,1.5,,,0.0,-1.5,,,,2.0,,,,,,,,,,0.0,2.0,0.0,0.0,,,,,,19.0,0,0,0,0,0,0,2022-09-24,2022,1,0,0,0,0,0,0,0,0,0,0,0,0,0,0,0,0,0,0,0,0,0,0,0,0,1,1,0,0,0,0,0.0,0.0,0.0,0.0,0.0,0.0,0.0,0.0,0.0,0.0,0.0,0.0,0.0,8.160803920954665,3437.6439923431785,12061.047433211941
,9/24/22,Sat,0.791666667,7:00p,Kentucky,Northern Illinois,555K,555.0,Kentucky,31.0,23.0,0.0,1.0,3,0.0,0.0,1.0,0.0,0.0,0.0,0.0,0.0,0.0,0.0,0.0,0.0,SEC,Mid-American,0.0,,,26.5,,,0.0,-26.5,,,,8.0,,,,,,,,,,0.0,1.0,0.0,0.0,,,,,,19.0,0,0,0,0,0,0,2022-09-24,2022,1,0,0,0,0,0,0,0,0,0,0,0,0,0,0,0,0,0,0,0,0,0,0,0,0,0,0,0,0,0,0,0.0,0.0,0.0,0.0,0.0,0.0,0.0,0.0,0.0,0.0,0.0,0.0,0.0,6.320768294250582,774.6397985372907,14724.051627017829
,9/24/22,Sat,0.791666667,7:00p,Rutgers,Iowa,739K,739.0,Iowa,27.0,10.0,0.0,0.0,3,0.0,1.0,0.0,0.0,0.0,0.0,0.0,0.0,0.0,0.0,0.0,0.0,Big Ten,Big Ten,0.0,,,7.5,,,0.0,7.5,,,,17.0,,,,,,,,,,0.0,0.0,0.0,2.0,,,,,,19.0,0,0,0,0,0,0,2022-09-24,2022,1,0,0,0,0,0,0,0,0,0,0,0,0,0,0,0,0,0,0,0,0,0,0,0,0,0,0,0,0,0,0,0.0,0.0,0.0,0.0,0.0,0.0,0.0,0.0,0.0,0.0,0.0,0.0,0.0,6.606650186198215,540.3541051760486,14958.33732037907
,9/24/22,Sat,0.8125,7:30p,Ohio St.,Wisconsin,4.59M,4590.0,Ohio St.,52.0,21.0,0.0,1.0,2,0.0,0.0,0.0,0.0,0.0,1.0,0.0,0.0,0.0,0.0,0.0,0.0,Big Ten,Big Ten,0.0,,,18.5,,,0.0,-18.5,,,,31.0,,,,,,,,,,0.0,0.0,0.0,2.0,,,,,,19.5,0,0,0,0,0,0,2022-09-24,2022,1,0,0,0,0,0,0,0,0,0,0,0,0,0,0,0,0,0,0,0,0,0,0,0,0,0,0,0,0,0,0,0.0,0.0,0.0,0.0,0.0,0.0,0.0,0.0,0.0,0.0,0.0,0.0,0.0,8.431853144249223,7039.546553454002,8459.144872101118
,9/24/22,Sat,0.8125,7:30p,South Carolina,Charlotte,177K,177.0,South Carolina,56.0,20.0,0.0,0.0,2,0.0,0.0,0.0,0.0,0.0,0.0,0.0,1.0,0.0,0.0,0.0,0.0,SEC,Conference USA,0.0,,,23.5,,,0.0,-23.5,,,,36.0,,,,,,,,,,0.0,1.0,0.0,0.0,,,,,,19.5,0,0,0,0,0,0,2022-09-24,2022,1,0,0,0,0,0,0,0,0,0,0,0,0,0,0,0,0,0,0,0,0,0,0,0,0,0,0,0,0,0,0,0.0,0.0,0.0,0.0,0.0,0.0,0.0,0.0,0.0,0.0,0.0,0.0,0.0,5.181783550292085,93.08332793718733,15405.608097617933
,9/24/22,Sat,0.833333333,8:00p,Oklahoma,Kansas St.,3.37M,3370.0,Kansas St.,41.0,34.0,0.0,1.0,2,1.0,0.0,0.0,0.0,0.0,0.0,0.0,0.0,0.0,0.0,0.0,0.0,Big 12,Big 12,0.0,,,13.5,,,0.0,-13.5,,,,7.0,,,,,,,,,,2.0,0.0,0.0,0.0,,,,,,20.0,0,0,0,0,0,0,2022-09-24,2022,1,0,0,0,0,0,0,0,0,0,0,0,0,0,0,0,0,0,0,0,0,0,0,0,0,0,0,0,0,0,0,0.0,0.0,0.0,0.0,0.0,0.0,0.0,0.0,0.0,0.0,0.0,0.0,0.0,8.12296471523406,3613.423648107413,11885.267777447707
,9/24/22,Sat,0.9375,10:30p,BYU,Wyoming,609K,609.0,BYU,38.0,24.0,1.0,0.0,0,0.0,0.0,1.0,0.0,0.0,0.0,0.0,0.0,0.0,0.0,0.0,0.0,FBS Independents,Mountain West,0.0,,,21.5,,,0.0,-21.5,,,,14.0,,,,,,,,,,0.0,0.0,0.0,0.0,,,,,,22.5,0,0,0,0,0,1,2022-09-24,2022,1,0,0,0,0,0,0,0,0,0,0,0,0,0,0,0,0,0,0,0,0,0,0,0,0,0,0,0,0,0,0,0.0,0.0,0.0,0.0,0.0,0.0,0.0,0.0,0.0,0.0,0.0,0.0,0.0,6.413458957167357,615.7566091059482,1737.3976559776709
,9/24/22,Sat,0.9375,10:30p,Arizona St.,Utah,1.21M,1210.0,Utah,34.0,13.0,1.0,0.0,0,0.0,0.0,0.0,0.0,0.0,0.0,0.0,0.0,0.0,0.0,0.0,0.0,Pac-12,Pac-12,0.0,,,16.5,,,0.0,16.5,,,,21.0,,,,,,,,,,0.0,0.0,0.0,0.0,,,,,,22.5,0,0,0,0,0,1,2022-09-24,2022,1,0,0,0,0,0,0,0,0,0,0,0,0,0,0,0,0,0,0,0,0,0,0,0,0,0,0,0,0,0,0,0.0,0.0,0.0,0.0,0.0,0.0,0.0,0.0,0.0,0.0,0.0,0.0,0.0,7.099201743553092,1097.7345959277309,1255.4196691558882
,9/24/22,Sat,0.9375,10:30p,Washington,Stanford,532K,532.0,Washington,40.0,22.0,1.0,0.0,0,0.0,1.0,0.0,0.0,0.0,0.0,0.0,0.0,0.0,0.0,0.0,0.0,Pac-12,Pac-12,0.0,,,14.0,,,0.0,-14.0,,,,18.0,,,,,,,,,,0.0,0.0,0.0,0.0,,,,,,22.5,0,0,0,0,0,1,2022-09-24,2022,1,0,0,0,0,0,0,0,0,0,0,0,0,0,0,0,0,0,0,0,0,0,0,0,0,0,0,0,0,0,0,0.0,0.0,0.0,0.0,0.0,0.0,0.0,0.0,0.0,0.0,0.0,0.0,0.0,6.278521424165844,639.66306004994,1713.491205033679
,9/29/22,Thu,0.833333333,8:00p,BYU,Utah St.,1.26M,1260.0,BYU,38.0,26.0,1.0,0.0,0,0.0,0.0,0.0,0.0,0.0,0.0,0.0,0.0,0.0,0.0,0.0,0.0,FBS Independents,Mountain West,0.0,,,26.0,,,0.0,-26.0,,,,12.0,,,,,,,,,,0.0,0.0,0.0,0.0,,,,,,20.0,0,1,0,0,0,0,2022-09-29,2022,1,0,0,0,0,0,0,0,0,0,0,0,0,0,0,0,0,0,0,0,0,0,0,0,0,0,0,0,0,0,0,0.0,0.0,0.0,0.0,0.0,0.0,0.0,0.0,0.0,0.0,0.0,0.0,0.0,7.13966033596492,1166.1962239141658,0.0
,9/30/22,Fri,0.791666667,7:00p,Houston,Tulane,1.22M,1220.0,Tulane,27.0,24.0,0.0,0.0,0,0.0,0.0,0.0,0.0,0.0,0.0,0.0,0.0,0.0,0.0,0.0,0.0,American Athletic,American Athletic,0.0,,,5.5,,,0.0,-5.5,,,,3.0,,,,,,,,,,0.0,0.0,0.0,0.0,,,,,,19.0,0,0,1,0,0,0,2022-09-30,2022,1,0,0,0,0,0,0,0,0,0,0,0,0,0,0,0,0,0,0,0,0,0,0,0,0,0,0,0,0,0,0,0.0,0.0,0.0,0.0,0.0,0.0,0.0,0.0,0.0,0.0,0.0,0.0,1.0,7.107425474110705,778.1302676816274,442.7769679884443
,9/30/22,Fri,0.833333333,8:00p,Boise St.,San Diego St.,407K,407.0,Boise St.,35.0,13.0,0.0,0.0,0,0.0,1.0,0.0,0.0,0.0,0.0,0.0,0.0,0.0,0.0,0.0,0.0,Mountain West,Mountain West,0.0,,,6.0,,,0.0,-6.0,,,,22.0,,,,,,,,,,0.0,0.0,0.0,0.0,,,,,,20.0,0,0,1,0,0,0,2022-09-30,2022,1,0,0,0,0,0,0,0,0,0,0,0,0,0,0,0,0,0,0,0,0,0,0,0,0,0,0,0,0,0,0,0.0,0.0,1.0,0.0,0.0,0.0,0.0,0.0,0.0,0.0,0.0,0.0,0.0,6.0112671744041615,442.7769679884443,778.1302676816274
,9/30/22,Fri,0.9375,10:30p,UCLA,Washington,1.7M,1700.0,UCLA,40.0,32.0,1.0,0.0,0,0.0,0.0,0.0,0.0,0.0,0.0,0.0,0.0,0.0,0.0,0.0,0.0,Pac-12,Pac-12,0.0,,,2.5,,,0.0,2.5,,,,8.0,,,,,,,,,,0.0,0.0,0.0,0.0,,,,,,22.5,0,0,1,0,0,0,2022-09-30,2022,1,0,0,0,0,0,0,0,0,0,0,0,0,0,0,0,0,0,0,0,0,0,0,0,0,0,0,0,0,0,0,0.0,0.0,0.0,0.0,0.0,0.0,0.0,0.0,0.0,0.0,0.0,0.0,1.0,7.438971592395862,2320.056749454223,0.0
,10/1/22,Sat,0.5,12:00p,TCU,Oklahoma,2.47M,2470.0,TCU,55.0,24.0,1.0,0.0,1,0.0,0.0,0.0,0.0,0.0,1.0,0.0,0.0,0.0,0.0,0.0,0.0,Big 12,Big 12,0.0,,,5.0,,,0.0,5.0,,,,31.0,,,,,,,,,,2.0,0.0,0.0,0.0,,,,,,12.0,0,0,0,1,0,0,2022-10-01,2022,1,0,0,0,0,0,0,0,0,0,0,0,0,0,0,0,0,0,0,0,0,0,0,0,0,0,0,0,0,0,0,0.0,0.0,0.0,0.0,0.0,0.0,0.0,0.0,0.0,0.0,0.0,0.0,0.0,7.81237820598861,3079.068315945004,10506.171398429244
,10/1/22,Sat,0.5,12:00p,Wisconsin,Illinois,573K,573.0,Illinois,34.0,10.0,0.0,0.0,2,0.0,0.0,0.0,0.0,0.0,0.0,0.0,0.0,0.0,0.0,1.0,0.0,Big Ten,Big Ten,0.0,,,6.5,,,0.0,-6.5,,,,24.0,,,,,,,,,,0.0,0.0,0.0,2.0,,,,,,12.0,0,0,0,1,0,0,2022-10-01,2022,1,0,0,0,0,0,0,0,0,0,0,0,0,0,0,0,0,0,0,0,0,0,0,0,0,0,0,0,0,0,0,0.0,0.0,0.0,0.0,0.0,0.0,0.0,0.0,0.0,0.0,0.0,0.0,0.0,6.352629396319567,617.3706199253489,12967.869094448899
,10/1/22,Sat,0.5,12:00p,Minnesota,Purdue,829K,829.0,Purdue,20.0,10.0,1.0,0.0,2,0.0,0.0,1.0,0.0,0.0,0.0,0.0,0.0,0.0,0.0,0.0,0.0,Big Ten,Big Ten,0.0,,,9.5,,,0.0,-9.5,,,,10.0,,,,,,,,,,0.0,0.0,0.0,2.0,,,,,,12.0,0,0,0,1,0,0,2022-10-01,2022,1,0,0,0,0,0,0,0,0,0,0,0,0,0,0,0,0,0,0,0,0,0,0,0,0,0,0,0,0,0,0,0.0,0.0,0.0,0.0,0.0,0.0,0.0,0.0,0.0,0.0,0.0,0.0,0.0,6.721425700790643,720.309035374891,12864.930678999357
,10/1/22,Sat,0.5,12:00p,Iowa,Michigan,4.2M,4200.0,Michigan,27.0,14.0,0.0,1.0,1,1.0,0.0,0.0,0.0,0.0,0.0,0.0,0.0,0.0,0.0,0.0,0.0,Big Ten,Big Ten,0.0,,,10.5,,,0.0,10.5,,,,13.0,,,,,,,,,,0.0,0.0,0.0,2.0,,,,,,12.0,0,0,0,1,0,0,2022-10-01,2022,1,0,0,0,0,0,0,0,0,0,0,0,0,0,0,0,0,0,0,0,0,0,0,0,0,0,0,0,0,0,0,0.0,0.0,0.0,0.0,0.0,0.0,0.0,0.0,0.0,0.0,0.0,0.0,0.0,8.343077871169383,5755.003366591618,7830.236347782629
,10/1/22,Sat,0.5,12:00p,Air Force,Navy,1.13M,1130.0,Air Force,13.0,10.0,0.0,0.0,1,0.0,0.0,0.0,0.0,1.0,0.0,0.0,0.0,0.0,0.0,0.0,0.0,Mountain West,American Athletic,0.0,,,14.0,,,0.0,-14.0,,,,3.0,,,,,,,,,,0.0,0.0,0.0,0.0,,,,,,12.0,0,0,0,1,0,0,2022-10-01,2022,1,0,0,0,0,0,0,0,0,0,0,0,0,0,0,0,0,0,0,0,0,0,0,0,0,0,0,0,0,0,0,0.0,0.0,0.0,0.0,0.0,0.0,0.0,0.0,0.0,0.0,0.0,0.0,0.0,7.030857476116121,720.3724011845879,12864.86731318966
,10/1/22,Sat,0.5,12:00p,Mississippi,Kentucky,2.79M,2790.0,Mississippi,22.0,19.0,1.0,1.0,1,0.0,0.0,0.0,0.0,0.0,0.0,0.0,0.0,0.0,0.0,0.0,0.0,SEC,SEC,0.0,,,6.5,,,0.0,-6.5,,,,3.0,,,,,,,,,,0.0,2.0,0.0,0.0,,,,,,12.0,0,0,0,1,0,0,2022-10-01,2022,1,0,0,0,0,0,0,0,0,0,0,0,0,0,0,0,0,0,0,0,0,0,0,0,0,1,1,0,0,0,0,0.0,0.0,0.0,0.0,0.0,0.0,0.0,0.0,0.0,0.0,0.0,0.0,0.0,7.934155233536322,2693.115975352797,10892.12373902145
,10/1/22,Sat,0.645833333,3:30p,Maryland,Michigan St.,904K,904.0,Maryland,27.0,13.0,0.0,0.0,2,0.0,1.0,0.0,0.0,0.0,0.0,0.0,0.0,0.0,0.0,0.0,0.0,Big Ten,Big Ten,0.0,,,7.5,,,0.0,-7.5,,,,14.0,,,,,,,,,,0.0,0.0,0.0,2.0,,,,,,15.5,0,0,0,0,1,0,2022-10-01,2022,1,0,0,0,0,0,0,0,0,0,0,0,0,0,0,0,0,0,0,0,0,0,0,0,0,0,0,0,0,0,0,0.0,0.0,0.0,0.0,0.0,0.0,0.0,0.0,0.0,0.0,0.0,0.0,0.0,6.807934943699926,568.695278638546,16333.767653672974
,10/1/22,Sat,0.645833333,3:30p,Florida St.,Wake Forest,2.48M,2480.0,Wake Forest,31.0,21.0,2.0,0.0,1,0.0,0.0,0.0,0.0,0.0,1.0,0.0,0.0,0.0,0.0,0.0,0.0,ACC,ACC,0.0,,,6.0,,,0.0,-6.0,,,,10.0,,,,,,,,,,0.0,0.0,2.0,0.0,,,,,,15.5,0,0,0,0,1,0,2022-10-01,2022,1,0,0,0,0,0,0,0,0,0,0,0,0,0,0,0,0,0,0,0,0,0,0,0,0,1,0,0,1,0,0,0.0,0.0,0.0,0.0,0.0,0.0,0.0,0.0,0.0,0.0,0.0,0.0,0.0,7.816416983691801,2782.4256572833497,14120.037275028171
,10/1/22,Sat,0.645833333,3:30p,Ohio St.,Rutgers,1.79M,1790.0,Ohio St.,49.0,10.0,0.0,1.0,2,0.0,0.0,0.0,0.0,0.0,0.0,0.0,0.0,0.0,0.0,1.0,0.0,Big Ten,Big Ten,0.0,,,40.5,,,0.0,,,,,39.0,,,,,,,,,,0.0,0.0,0.0,2.0,,,,,,15.5,0,0,0,0,1,0,2022-10-01,2022,1,0,0,0,0,0,0,0,0,0,0,0,0,0,0,0,0,0,0,0,0,0,0,0,0,0,0,0,0,0,1,0.0,0.0,0.0,0.0,0.0,0.0,0.0,0.0,0.0,0.0,0.0,0.0,0.0,7.490529402060711,1756.6234556482923,15145.83947666323
,10/1/22,Sat,0.645833333,3:30p,Arkansas,Alabama,5.83M,5830.0,Alabama,49.0,26.0,1.0,1.0,1,0.0,0.0,0.0,0.0,1.0,0.0,0.0,0.0,0.0,0.0,0.0,0.0,SEC,SEC,0.0,,,17.0,,,0.0,17.0,,,,23.0,,,,,,,,,,0.0,2.0,0.0,0.0,,,,,,15.5,0,0,0,0,1,0,2022-10-01,2022,1,0,0,0,0,0,0,0,0,0,0,0,0,0,0,0,0,0,0,0,0,0,0,0,0,1,1,0,0,0,0,0.0,0.0,0.0,0.0,0.0,0.0,0.0,0.0,0.0,0.0,0.0,0.0,0.0,8.670943791222156,6481.401687805144,10421.061244506374
,10/1/22,Sat,0.645833333,3:30p,Kansas,Iowa St.,865K,865.0,Kansas,14.0,11.0,0.0,0.0,2,0.0,0.0,1.0,0.0,0.0,0.0,0.0,0.0,0.0,0.0,0.0,0.0,Big 12,Big 12,0.0,,,3.5,,,0.0,3.5,,,,3.0,,,,,,,,,,2.0,0.0,0.0,0.0,,,,,,15.5,0,0,0,0,1,0,2022-10-01,2022,1,0,0,0,0,0,0,0,0,0,0,0,0,0,0,0,0,0,0,0,0,0,0,0,0,0,0,0,0,0,0,0.0,0.0,0.0,0.0,0.0,0.0,0.0,0.0,0.0,0.0,0.0,0.0,0.0,6.763884908562435,707.5868830038028,16194.876049307717
,10/1/22,Sat,0.645833333,3:30p,Penn St.,Northwestern,1.62M,1620.0,Penn St.,17.0,7.0,1.0,0.0,1,0.0,0.0,0.0,0.0,0.0,0.0,0.0,0.0,0.0,0.0,0.0,0.0,Big Ten,Big Ten,0.0,,,25.5,,,0.0,-25.5,,,,10.0,,,,,,,,,,0.0,0.0,0.0,2.0,,,,,,15.5,0,0,0,0,1,0,2022-10-01,2022,1,0,0,0,0,0,0,0,0,0,0,0,0,0,0,0,0,0,0,0,0,0,0,0,0,0,0,0,0,0,0,0.0,0.0,0.0,0.0,0.0,0.0,0.0,0.0,0.0,0.0,0.0,0.0,0.0,7.390798521735676,1746.0272905024733,15156.435641809047
,10/1/22,Sat,0.645833333,3:30p,Baylor,Oklahoma St.,2.41M,2410.0,Oklahoma St.,36.0,25.0,1.0,1.0,1,1.0,0.0,0.0,0.0,0.0,0.0,0.0,0.0,0.0,0.0,0.0,0.0,Big 12,Big 12,0.0,,,2.5,,,0.0,-2.5,,,,11.0,,,,,,,,,,2.0,0.0,0.0,0.0,,,,,,15.5,0,0,0,0,1,0,2022-10-01,2022,1,0,0,0,0,0,0,0,0,0,0,0,0,0,0,0,0,0,0,0,0,0,0,0,0,1,0,0,0,1,0,0.0,0.0,0.0,0.0,0.0,0.0,0.0,0.0,0.0,0.0,0.0,0.0,0.0,7.787796878181171,2859.7026794299118,14042.76025288161
,10/1/22,Sat,0.791666667,7:00p,Auburn,LSU,2.79M,2790.0,LSU,21.0,17.0,0.0,0.0,0,0.0,0.0,0.0,0.0,0.0,0.0,0.0,0.0,0.0,0.0,0.0,0.0,SEC,SEC,0.0,,,8.0,,,0.0,8.0,,,,4.0,,,,,,,,,,0.0,2.0,0.0,0.0,,,,,,19.0,0,0,0,0,0,0,2022-10-01,2022,1,0,0,0,0,0,0,0,0,0,0,0,0,0,0,0,0,0,0,0,0,0,0,0,0,0,0,0,0,0,0,0.0,0.0,0.0,0.0,0.0,0.0,0.0,0.0,0.0,0.0,0.0,0.0,0.0,7.934155233536322,2602.923668504379,7097.644139049468
,10/1/22,Sat,0.8125,7:30p,Clemson,North Carolina St.,4.98M,4980.0,Clemson,30.0,20.0,0.0,2.0,0,0.0,0.0,0.0,0.0,0.0,1.0,0.0,0.0,0.0,0.0,0.0,0.0,ACC,ACC,0.0,,,6.5,,,0.0,-6.5,,,,10.0,,,,,,,,,,0.0,0.0,2.0,0.0,,,,,,19.5,0,0,0,0,0,0,2022-10-01,2022,1,0,0,0,0,0,0,0,0,0,0,0,0,0,0,0,0,0,0,0,0,0,0,0,0,1,0,0,1,0,0,0.0,0.0,0.0,0.0,0.0,0.0,0.0,0.0,0.0,0.0,0.0,0.0,0.0,8.513385953073284,5403.355195975333,4297.212611578514
,10/1/22,Sat,0.8125,7:30p,Texas,West Virginia,1.19M,1190.0,Texas,38.0,20.0,0.0,0.0,1,0.0,1.0,0.0,0.0,0.0,0.0,0.0,0.0,0.0,0.0,0.0,0.0,Big 12,Big 12,0.0,,,7.5,,,0.0,-7.5,,,,18.0,,,,,,,,,,2.0,0.0,0.0,0.0,,,,,,19.5,0,0,0,0,0,0,2022-10-01,2022,1,0,0,0,0,0,0,0,0,0,0,0,0,0,0,0,0,0,0,0,0,0,0,0,0,0,0,0,0,0,0,0.0,0.0,0.0,0.0,0.0,0.0,0.0,0.0,0.0,0.0,0.0,0.0,0.0,7.0825485693553,860.91297364622,8839.654833907627
,10/1/22,Sat,0.8125,7:30p,Nebraska,Indiana,1.14M,1140.0,Nebraska,35.0,21.0,0.0,0.0,1,0.0,0.0,0.0,0.0,0.0,0.0,0.0,0.0,0.0,0.0,1.0,0.0,Big Ten,Big Ten,0.0,,,6.5,,,0.0,-6.5,,,,14.0,,,,,,,,,,0.0,0.0,0.0,2.0,,,,,,19.5,0,0,0,0,0,0,2022-10-01,2022,1,0,0,0,0,0,0,0,0,0,0,0,0,0,0,0,0,0,0,0,0,0,0,0,0,0,0,0,0,0,0,0.0,0.0,0.0,0.0,0.0,0.0,0.0,0.0,0.0,0.0,0.0,0.0,0.0,7.039660349862076,833.3759694279153,8867.191838125931
,10/1/22,Sat,0.9375,10:30p,USC,Arizona St.,1.92M,1920.0,USC,42.0,25.0,0.0,1.0,0,0.0,0.0,0.0,0.0,0.0,0.0,0.0,0.0,0.0,0.0,0.0,0.0,Pac-12,Pac-12,0.0,,,24.5,,,0.0,-24.5,,,,17.0,,,,,,,,,,0.0,0.0,0.0,0.0,,,,,,22.5,0,0,0,0,0,1,2022-10-01,2022,1,0,0,0,0,0,0,0,0,0,0,0,0,0,0,0,0,0,0,0,0,0,0,0,0,0,0,0,0,0,0,0.0,0.0,0.0,0.0,0.0,0.0,0.0,0.0,0.0,0.0,0.0,0.0,0.0,7.560601162768557,1885.69552426097,690.9710625516258
,10/1/22,Sat,0.958333333,11:00p,Oregon,Stanford,672K,672.0,Oregon,45.0,27.0,1.0,0.0,1,0.0,1.0,0.0,0.0,0.0,0.0,0.0,0.0,0.0,0.0,0.0,0.0,Pac-12,Pac-12,0.0,,,17.5,,,0.0,-17.5,,,,18.0,,,,,,,,,,0.0,0.0,0.0,0.0,,,,,,23.0,0,0,0,0,0,1,2022-10-01,2022,1,0,0,0,0,0,0,0,0,0,0,0,0,0,0,0,0,0,0,0,0,0,0,0,0,0,0,0,0,0,0,0.0,0.0,0.0,0.0,0.0,0.0,0.0,0.0,0.0,0.0,0.0,0.0,0.0,6.511745329644728,690.9710625516258,1885.69552426097
,10/5/22,Wed,0.791666667,7:00p,UCF,SMU,866K,866.0,UCF,41.0,19.0,0.0,0.0,0,0.0,0.0,1.0,0.0,0.0,0.0,0.0,0.0,0.0,0.0,0.0,0.0,American Athletic,American Athletic,0.0,,,3.0,,,0.0,-3.0,,,,22.0,,,,,,,,,,0.0,0.0,0.0,0.0,,,,,,19.0,0,1,0,0,0,0,2022-10-05,2022,1,0,0,0,0,0,0,0,0,0,0,0,0,0,0,0,0,0,0,0,0,0,0,0,0,0,0,0,0,0,0,0.0,0.0,0.0,0.0,0.0,0.0,0.0,0.0,0.0,0.0,0.0,0.0,0.0,6.7650389767805414,465.309904266711,0.0
,10/7/22,Fri,0.791666667,7:00p,Rutgers,Nebraska,1.15M,1150.0,Nebraska,14.0,13.0,0.0,0.0,0,0.0,1.0,0.0,0.0,0.0,0.0,0.0,0.0,0.0,0.0,0.0,0.0,Big Ten,Big Ten,0.0,,,3.0,,,0.0,3.0,,,,1.0,,,,,,,,,,0.0,0.0,0.0,2.0,,,,,,19.0,0,0,1,0,0,0,2022-10-07,2022,1,0,0,0,0,0,0,0,0,0,0,0,0,0,0,0,0,0,0,0,0,0,0,0,0,0,0,0,0,0,0,0.0,0.0,1.0,0.0,0.0,0.0,0.0,0.0,0.0,0.0,0.0,0.0,0.0,7.048386408721883,1096.078229556714,721.209036719447
,10/7/22,Fri,0.8125,7:30p,Memphis,Houston,699K,699.0,Houston,33.0,32.0,0.0,0.0,0,0.0,0.0,1.0,0.0,0.0,0.0,0.0,0.0,0.0,0.0,0.0,0.0,American Athletic,American Athletic,0.0,,,1.5,,,0.0,-1.5,,,,1.0,,,,,,,,,,0.0,0.0,0.0,0.0,,,,,,19.5,0,0,1,0,0,0,2022-10-07,2022,1,0,0,0,0,0,0,0,0,0,0,0,0,0,0,0,0,0,0,0,0,0,0,0,0,0,0,0,0,0,0,0.0,1.0,0.0,0.0,0.0,0.0,0.0,0.0,0.0,0.0,0.0,0.0,0.0,6.551080335043404,721.209036719447,1096.078229556714
,10/7/22,Fri,0.9375,10:30p,Nevada,Colorado St.,433K,433.0,Colorado St.,17.0,14.0,0.0,0.0,0,0.0,1.0,0.0,0.0,0.0,0.0,0.0,0.0,0.0,0.0,0.0,0.0,Mountain West,Mountain West,0.0,,,3.5,,,0.0,-3.5,,,,3.0,,,,,,,,,,0.0,0.0,0.0,0.0,,,,,,22.5,0,0,1,0,0,0,2022-10-07,2022,1,0,0,0,0,0,0,0,0,0,0,0,0,0,0,0,0,0,0,0,0,0,0,0,0,0,0,0,0,0,0,0.0,0.0,1.0,0.0,0.0,0.0,0.0,0.0,0.0,0.0,0.0,0.0,0.0,6.073044534100405,411.83400880597145,0.0
,10/8/22,Sat,0.5,12:00p,Indiana,Michigan,4.01M,4010.0,Michigan,31.0,10.0,0.0,1.0,1,1.0,0.0,0.0,0.0,0.0,0.0,0.0,0.0,0.0,0.0,0.0,0.0,Big Ten,Big Ten,0.0,,,23.5,,,0.0,23.5,,,,21.0,,,,,,,,,,0.0,0.0,0.0,2.0,,,,,,12.0,0,0,0,1,0,0,2022-10-08,2022,1,0,0,0,0,0,0,0,0,0,0,0,0,0,0,0,0,0,0,0,0,0,0,0,0,0,0,0,0,0,0,0.0,0.0,0.0,0.0,0.0,0.0,0.0,0.0,0.0,0.0,0.0,0.0,0.0,8.296795865770052,4137.681966987751,10566.339412320378
,10/8/22,Sat,0.5,12:00p,LSU,Tennessee,2.96M,2960.0,Tennessee,40.0,13.0,1.0,1.0,1,0.0,0.0,0.0,0.0,0.0,0.0,0.0,0.0,0.0,0.0,0.0,0.0,SEC,SEC,0.0,,,2.5,,,0.0,2.5,,,,27.0,,,,,,,,,,0.0,2.0,0.0,0.0,,,,,,12.0,0,0,0,1,0,0,2022-10-08,2022,1,0,0,0,0,0,0,0,0,0,0,0,0,0,0,0,0,0,0,0,0,0,0,0,0,1,1,0,0,0,0,0.0,0.0,0.0,0.0,0.0,0.0,0.0,0.0,0.0,0.0,0.0,0.0,0.0,7.993282328101591,5117.415919222849,9586.60546008528
,10/8/22,Sat,0.5,12:00p,Kansas,TCU,1.31M,1310.0,TCU,38.0,31.0,2.0,0.0,2,0.0,1.0,0.0,0.0,0.0,0.0,0.0,0.0,0.0,0.0,0.0,0.0,Big 12,Big 12,0.0,,,7.0,,,0.0,7.0,,,,7.0,,,,,,,,,,2.0,0.0,0.0,0.0,,,,,,12.0,0,0,0,1,0,0,2022-10-08,2022,1,0,0,0,0,0,0,0,0,0,0,0,0,0,0,0,0,0,0,0,0,0,0,0,0,1,0,0,0,1,0,0.0,0.0,0.0,0.0,0.0,0.0,0.0,0.0,0.0,0.0,0.0,0.0,0.0,7.1785454837637,916.9037862538943,13787.117593054234
,10/8/22,Sat,0.5,12:00p,Florida,Missouri,488K,488.0,Florida,24.0,17.0,0.0,0.0,1,0.0,0.0,0.0,0.0,0.0,0.0,0.0,1.0,0.0,0.0,0.0,0.0,SEC,SEC,0.0,,,10.5,,,0.0,-10.5,,,,7.0,,,,,,,,,,0.0,2.0,0.0,0.0,,,,,,12.0,0,0,0,1,0,0,2022-10-08,2022,1,0,0,0,0,0,0,0,0,0,0,0,0,0,0,0,0,0,0,0,0,0,0,0,0,0,0,0,0,0,0,0.0,0.0,0.0,0.0,0.0,0.0,0.0,0.0,0.0,0.0,0.0,0.0,0.0,6.192362489474872,312.90871469722543,14391.112664610902
,10/8/22,Sat,0.5,12:00p,Maryland,Purdue,400K,400.0,Purdue,31.0,29.0,0.0,0.0,2,0.0,0.0,0.0,0.0,0.0,0.0,0.0,0.0,0.0,0.0,1.0,0.0,Big Ten,Big Ten,0.0,,,3.0,,,0.0,-3.0,,,,2.0,,,,,,,,,,0.0,0.0,0.0,2.0,,,,,,12.0,0,0,0,1,0,0,2022-10-08,2022,1,0,0,0,0,0,0,0,0,0,0,0,0,0,0,0,0,0,0,0,0,0,0,0,0,0,0,0,0,0,0,0.0,0.0,0.0,0.0,0.0,0.0,0.0,0.0,0.0,0.0,0.0,0.0,0.0,5.993961427306569,395.4236580447436,14308.597721263384
,10/8/22,Sat,0.5,12:00p,Oklahoma,Texas,3.36M,3360.0,Texas,49.0,0.0,0.0,0.0,1,0.0,0.0,0.0,0.0,0.0,1.0,0.0,0.0,0.0,0.0,0.0,0.0,Big 12,Big 12,0.0,,,7.5,,,0.0,7.5,,,,49.0,,,,,,,,,,2.0,0.0,0.0,0.0,,,,,,12.0,0,0,0,1,0,0,2022-10-08,2022,1,0,0,1,0,0,0,0,0,0,0,0,0,0,0,0,0,0,0,0,0,0,0,0,0,0,0,0,0,0,0,0.0,0.0,0.0,0.0,0.0,0.0,0.0,0.0,0.0,0.0,0.0,0.0,0.0,8.119993827725105,3823.687334101666,10880.334045206462
,10/8/22,Sat,0.645833333,3:30p,UCLA,Utah,2.65M,2650.0,UCLA,42.0,32.0,2.0,0.0,1,1.0,0.0,0.0,0.0,0.0,0.0,0.0,0.0,0.0,0.0,0.0,0.0,Pac-12,Pac-12,0.0,,,3.0,,,0.0,3.0,,,,10.0,,,,,,,,,,0.0,0.0,0.0,0.0,,,,,,15.5,0,0,0,0,1,0,2022-10-08,2022,1,0,0,0,0,0,0,0,0,0,0,0,0,0,0,0,0,0,0,0,0,0,0,0,0,1,0,0,0,0,0,0.0,0.0,0.0,0.0,0.0,0.0,0.0,0.0,0.0,0.0,0.0,0.0,0.0,7.8826922062890254,2062.0370893376944,13417.041776348902
,10/8/22,Sat,0.645833333,3:30p,Oklahoma St.,Texas Tech,1.63M,1630.0,Oklahoma St.,41.0,31.0,0.0,1.0,2,0.0,1.0,0.0,0.0,0.0,0.0,0.0,0.0,0.0,0.0,0.0,0.0,Big 12,Big 12,0.0,,,11.5,,,0.0,-11.5,,,,10.0,,,,,,,,,,2.0,0.0,0.0,0.0,,,,,,15.5,0,0,0,0,1,0,2022-10-08,2022,1,0,0,0,0,0,0,0,0,0,0,0,0,0,0,0,0,0,0,0,0,0,0,0,0,0,0,0,0,0,0,0.0,0.0,0.0,0.0,0.0,0.0,0.0,0.0,0.0,0.0,0.0,0.0,0.0,7.396948602621014,695.2444680287254,14783.834397657873
,10/8/22,Sat,0.645833333,3:30p,Georgia,Auburn,4.24M,4240.0,Georgia,42.0,10.0,0.0,1.0,1,0.0,0.0,0.0,0.0,1.0,0.0,0.0,0.0,0.0,0.0,0.0,0.0,SEC,SEC,0.0,,,28.0,,,0.0,-28.0,,,,32.0,,,,,,,,,,0.0,2.0,0.0,0.0,,,,,,15.5,0,0,0,0,1,0,2022-10-08,2022,1,0,0,0,0,0,0,0,0,0,0,0,0,0,0,0,0,0,0,0,0,0,0,0,0,0,0,0,0,0,0,0.0,0.0,0.0,0.0,0.0,0.0,0.0,0.0,0.0,0.0,0.0,0.0,0.0,8.352554369474591,5380.378397691158,10098.70046799544
,10/8/22,Sat,0.645833333,3:30p,Northwestern,Wisconsin,572K,572.0,Wisconsin,42.0,7.0,0.0,0.0,2,0.0,0.0,0.0,0.0,0.0,0.0,0.0,0.0,0.0,0.0,1.0,0.0,Big Ten,Big Ten,0.0,,,10.0,,,0.0,10.0,,,,35.0,,,,,,,,,,0.0,0.0,0.0,2.0,,,,,,15.5,0,0,0,0,1,0,2022-10-08,2022,1,0,0,0,0,0,0,0,0,0,0,0,0,0,0,0,0,0,0,0,0,0,0,0,0,0,0,0,0,0,0,0.0,0.0,0.0,0.0,0.0,0.0,0.0,0.0,0.0,0.0,0.0,0.0,0.0,6.35088571671474,550.577181693468,14928.50168399313
,10/8/22,Sat,0.708333333,5:00p,Miami,North Carolina,1.25M,1250.0,North Carolina,27.0,24.0,0.0,0.0,1,0.0,0.0,1.0,0.0,0.0,0.0,0.0,0.0,0.0,0.0,0.0,0.0,ACC,ACC,0.0,,,4.0,,,0.0,-4.0,,,,3.0,,,,,,,,,,0.0,0.0,2.0,0.0,,,,,,17.0,0,0,0,0,1,0,2022-10-08,2022,1,0,0,0,0,0,0,0,0,0,0,0,0,0,0,0,0,0,0,0,0,0,0,0,0,0,0,0,0,0,0,0.0,0.0,0.0,0.0,0.0,0.0,0.0,0.0,0.0,0.0,0.0,0.0,0.0,7.1316985104669115,758.1210369757717,6790.841728935552
,10/8/22,Sat,0.666666667,4:00p,Michigan St.,Ohio St.,4.44M,4440.0,Ohio St.,49.0,20.0,0.0,1.0,1,0.0,0.0,0.0,0.0,0.0,1.0,0.0,0.0,0.0,0.0,0.0,0.0,Big Ten,Big Ten,0.0,,,27.0,,,0.0,27.0,,,,29.0,,,,,,,,,,0.0,0.0,0.0,2.0,,,,,,16.0,0,0,0,0,1,0,2022-10-08,2022,1,0,0,0,0,0,0,0,0,0,0,0,0,0,0,0,0,0,0,0,0,0,0,0,0,0,0,0,0,0,0,0.0,0.0,0.0,0.0,0.0,0.0,0.0,0.0,0.0,0.0,0.0,0.0,0.0,8.398634855292102,6790.841728935552,9446.358173726818
,10/8/22,Sat,0.791666667,7:00p,Utah St.,Air Force,433K,433.0,Utah St.,34.0,27.0,0.0,0.0,3,0.0,1.0,0.0,0.0,0.0,0.0,0.0,0.0,0.0,0.0,0.0,0.0,Mountain West,Mountain West,0.0,,,11.5,,,0.0,11.5,,,,7.0,,,,,,,,,,0.0,0.0,0.0,0.0,,,,,,19.0,0,0,0,0,0,0,2022-10-08,2022,1,0,0,0,0,0,0,0,0,0,0,0,0,0,0,0,0,0,0,0,0,0,0,0,0,0,0,0,0,0,0,0.0,0.0,0.0,0.0,0.0,0.0,0.0,0.0,0.0,0.0,0.0,0.0,0.0,6.073044534100405,181.8107751846183,14821.115803141129
,10/8/22,Sat,0.791666667,7:00p,Arkansas St.,James Madison,103K,103.0,James Madison,42.0,20.0,0.0,0.0,3,0.0,0.0,0.0,0.0,0.0,0.0,0.0,0.0,0.0,1.0,0.0,0.0,Sun Belt,Sun Belt,0.0,,,11.5,,,0.0,11.5,,,,22.0,,,,,,,,,,0.0,0.0,0.0,0.0,,,,,,19.0,0,0,0,0,0,0,2022-10-08,2022,1,0,0,0,0,0,0,0,0,0,0,0,0,0,0,0,0,0,0,0,0,0,0,0,0,0,0,0,0,0,0,0.0,0.0,0.0,0.0,0.0,0.0,0.0,0.0,0.0,0.0,0.0,0.0,0.0,4.6443908991413725,62.27180264850521,14940.654775677242
,10/8/22,Sat,0.8125,7:30p,Notre Dame,BYU,2.53M,2530.0,Notre Dame,28.0,20.0,1.0,0.0,2,0.0,0.0,0.0,1.0,0.0,0.0,0.0,0.0,0.0,0.0,0.0,0.0,FBS Independents,FBS Independents,0.0,,,3.5,,,0.0,-3.5,,,,8.0,,,,,,,,,,0.0,0.0,0.0,0.0,,,,,,19.5,0,0,0,0,0,0,2022-10-08,2022,1,0,0,0,0,0,0,0,0,0,0,0,0,0,0,0,0,0,0,0,0,0,0,0,0,0,0,0,0,0,0,0.0,0.0,0.0,0.0,0.0,0.0,0.0,0.0,0.0,0.0,0.0,0.0,0.0,7.836369760545124,2558.941896444692,12443.984681881055
,10/8/22,Sat,0.8125,7:30p,Boston College,Clemson,1.93M,1930.0,Clemson,31.0,3.0,0.0,1.0,2,0.0,0.0,0.0,0.0,0.0,1.0,0.0,0.0,0.0,0.0,0.0,0.0,ACC,ACC,0.0,,,21.0,,,0.0,21.0,,,,28.0,,,,,,,,,,0.0,0.0,2.0,0.0,,,,,,19.5,0,0,0,0,0,0,2022-10-08,2022,1,0,0,0,0,0,0,0,0,0,0,0,0,0,0,0,0,0,0,0,0,0,0,0,0,0,0,0,0,0,0,0.0,0.0,0.0,0.0,0.0,0.0,0.0,0.0,0.0,0.0,0.0,0.0,0.0,7.565793282428515,2449.6804079715216,12553.246170354225
,10/8/22,Sat,0.8125,7:30p,Iowa St.,Kansas St.,373K,373.0,Kansas St.,10.0,9.0,1.0,0.0,2,0.0,0.0,0.0,0.0,0.0,0.0,0.0,1.0,0.0,0.0,0.0,0.0,Big 12,Big 12,0.0,,,1.0,,,0.0,1.0,,,,1.0,,,,,,,,,,2.0,0.0,0.0,0.0,,,,,,19.5,0,0,0,0,0,0,2022-10-08,2022,1,0,0,0,0,0,0,0,0,0,0,0,0,0,0,0,0,0,0,0,0,0,0,0,0,0,0,0,0,0,0,0.0,0.0,0.0,0.0,0.0,0.0,0.0,0.0,0.0,0.0,0.0,0.0,0.0,5.924255797414532,248.15362453419914,14754.772953791547
,10/8/22,Sat,0.8125,7:30p,USC,Washington St.,1.84M,1840.0,USC,30.0,14.0,0.0,1.0,2,1.0,0.0,0.0,0.0,0.0,0.0,0.0,0.0,0.0,0.0,0.0,0.0,Pac-12,Pac-12,0.0,,,12.5,,,0.0,-12.5,,,,16.0,,,,,,,,,,0.0,0.0,0.0,0.0,,,,,,19.5,0,0,0,0,0,0,2022-10-08,2022,1,0,0,0,0,0,0,0,0,0,0,0,0,0,0,0,0,0,0,0,0,0,0,0,0,0,0,0,0,0,0,0.0,0.0,0.0,0.0,0.0,0.0,0.0,0.0,0.0,0.0,0.0,0.0,0.0,7.518064181233078,2479.409604797258,12523.516973528489
,10/8/22,Sat,0.8125,7:30p,Illinois,Iowa,855K,855.0,Illinois,9.0,6.0,0.0,0.0,3,0.0,0.0,0.0,0.0,0.0,0.0,0.0,0.0,0.0,0.0,1.0,0.0,Big Ten,Big Ten,0.0,,,3.5,,,0.0,-3.5,,,,3.0,,,,,,,,,,0.0,0.0,0.0,2.0,,,,,,19.5,0,0,0,0,0,0,2022-10-08,2022,1,0,0,0,0,0,0,0,0,0,0,0,0,0,0,0,0,0,0,0,0,0,0,0,0,0,0,0,0,0,0,0.0,0.0,0.0,0.0,0.0,0.0,0.0,0.0,0.0,0.0,0.0,0.0,0.0,6.752270376141742,616.6274347908894,14386.299143534858
,10/8/22,Sat,0.833333333,8:00p,Alabama,Texas A&M,7.15M,7150.0,Alabama,24.0,20.0,0.0,1.0,2,0.0,0.0,0.0,0.0,1.0,0.0,0.0,0.0,0.0,0.0,0.0,0.0,SEC,SEC,0.0,,,24.0,,,0.0,-24.0,,,,4.0,,,,,,,,,,0.0,2.0,0.0,0.0,,,,,,20.0,0,0,0,0,0,0,2022-10-08,2022,1,0,0,0,0,0,0,0,0,0,0,0,0,0,0,0,0,0,0,0,0,0,0,0,0,0,0,0,0,0,0,0.0,0.0,0.0,0.0,0.0,0.0,0.0,0.0,0.0,0.0,0.0,0.0,0.0,8.875007486048396,6406.031031954063,8596.895546371685
,10/8/22,Sat,0.916666667,10:00p,Boise St.,Fresno St.,375K,375.0,Boise St.,40.0,20.0,0.0,0.0,0,0.0,1.0,0.0,0.0,0.0,0.0,0.0,0.0,0.0,0.0,0.0,0.0,Mountain West,Mountain West,0.0,,,10.5,,,0.0,-10.5,,,,20.0,,,,,,,,,,0.0,0.0,0.0,0.0,,,,,,22.0,0,0,0,0,0,1,2022-10-08,2022,1,0,0,0,0,0,0,0,0,0,0,0,0,0,0,0,0,0,0,0,0,0,0,0,0,0,0,0,0,0,0,0.0,0.0,0.0,0.0,0.0,0.0,0.0,0.0,0.0,0.0,0.0,0.0,0.0,5.929589143389895,346.17111388073636,909.6319406866643
,10/8/22,Sat,0.958333333,11:00p,Stanford,Oregon St.,1.08M,1080.0,Oregon St.,28.0,27.0,0.0,0.0,0,0.0,0.0,0.0,0.0,0.0,0.0,0.0,0.0,0.0,0.0,0.0,0.0,Pac-12,Pac-12,0.0,,,4.5,,,0.0,4.5,,,,1.0,,,,,,,,,,0.0,0.0,0.0,0.0,,,,,,23.0,0,0,0,0,0,1,2022-10-08,2022,1,0,0,0,0,0,0,0,0,0,0,0,0,0,0,0,0,0,0,0,0,0,0,0,0,0,0,0,0,0,0,0.0,0.0,0.0,0.0,0.0,0.0,0.0,0.0,0.0,0.0,0.0,0.0,0.0,6.985641817639208,909.6319406866643,346.17111388073636
,10/12/22,Wed,0.8125,7:30p,Marshall,Louisiana,496K,496.0,Louisiana,23.0,13.0,0.0,0.0,0,0.0,0.0,1.0,0.0,0.0,0.0,0.0,0.0,0.0,0.0,0.0,0.0,Sun Belt,Sun Belt,0.0,,,10.5,,,0.0,-10.5,,,,10.0,,,,,,,,,,0.0,0.0,0.0,0.0,,,,,,19.5,0,1,0,0,0,0,2022-10-12,2022,1,0,0,0,0,0,0,0,0,0,0,0,0,0,0,0,0,0,0,0,0,0,0,0,0,0,0,0,0,0,0,0.0,0.0,0.0,0.0,0.0,0.0,0.0,0.0,0.0,0.0,0.0,0.0,0.0,6.208590026096629,259.0637315081713,0.0
,10/13/22,Thu,0.791666667,7:00p,UCF,Temple,603K,603.0,UCF,70.0,13.0,0.0,0.0,0,0.0,0.0,0.0,0.0,0.0,0.0,0.0,0.0,0.0,0.0,0.0,0.0,American Athletic,American Athletic,0.0,,,23.5,,,0.0,-23.5,,,,57.0,,,,,,,,,,0.0,0.0,0.0,0.0,,,,,,19.0,0,1,0,0,0,0,2022-10-13,2022,1,0,0,0,0,0,0,0,0,0,0,0,0,0,0,0,0,0,0,0,0,0,0,0,0,0,0,0,0,0,0,0.0,0.0,0.0,0.0,0.0,0.0,0.0,0.0,0.0,0.0,0.0,0.0,0.0,6.403574197934815,668.3705773282384,676.3498825828383
,10/13/22,Thu,0.791666667,7:00p,West Virginia,Baylor,1.15M,1150.0,West Virginia,43.0,40.0,0.0,0.0,0,0.0,1.0,0.0,0.0,0.0,0.0,0.0,0.0,0.0,0.0,0.0,0.0,Big 12,Big 12,0.0,,,3.0,,,0.0,3.0,,,,3.0,,,,,,,,,,2.0,0.0,0.0,0.0,,,,,,19.0,0,1,0,0,0,0,2022-10-13,2022,1,0,0,0,0,0,0,0,0,0,0,0,0,0,0,0,0,0,0,0,0,0,0,0,0,0,0,0,0,0,0,0.0,0.0,0.0,0.0,0.0,0.0,0.0,0.0,0.0,0.0,0.0,0.0,0.0,7.048386408721883,676.3498825828383,668.3705773282384
,10/14/22,Fri,0.8125,7:30p,SMU,Navy,959K,959.0,SMU,40.0,34.0,0.0,0.0,0,0.0,0.0,0.0,0.0,0.0,0.0,0.0,0.0,0.0,0.0,0.0,0.0,American Athletic,American Athletic,0.0,,,12.5,,,0.0,-12.5,,,,6.0,,,,,,,,,,0.0,0.0,0.0,0.0,,,,,,19.5,0,0,1,0,0,0,2022-10-14,2022,1,0,0,0,0,0,0,0,0,0,0,0,0,0,0,0,0,0,0,0,0,0,0,0,0,0,0,0,0,0,0,0.0,0.0,0.0,0.0,0.0,0.0,0.0,0.0,0.0,0.0,0.0,0.0,1.0,6.866933284461882,923.2393856783303,0.0
,10/15/22,Sat,0.5,12:00p,Oklahoma,Kansas,1.21M,1210.0,Oklahoma,52.0,42.0,1.0,0.0,2,0.0,0.0,1.0,0.0,0.0,0.0,0.0,0.0,0.0,0.0,0.0,0.0,Big 12,Big 12,0.0,,,10.5,,,0.0,-10.5,,,,10.0,,,,,,,,,,2.0,0.0,0.0,0.0,,,,,,12.0,0,0,0,1,0,0,2022-10-15,2022,1,0,0,0,0,0,0,0,0,0,0,0,0,0,0,0,0,0,0,0,0,0,0,0,0,0,0,0,0,0,0,0.0,0.0,0.0,0.0,0.0,0.0,0.0,0.0,0.0,0.0,0.0,0.0,0.0,7.099201743553092,1141.6322807202268,16602.34531451683
,10/15/22,Sat,0.5,12:00p,Illinois,Minnesota,619K,619.0,Illinois,26.0,14.0,1.0,0.0,2,0.0,0.0,0.0,0.0,0.0,0.0,0.0,0.0,0.0,0.0,1.0,0.0,Big Ten,Big Ten,0.0,,,4.5,,,0.0,4.5,,,,12.0,,,,,,,,,,0.0,0.0,0.0,2.0,,,,,,12.0,0,0,0,1,0,0,2022-10-15,2022,1,0,0,0,0,0,0,0,0,0,0,0,0,0,0,0,0,0,0,0,0,0,0,0,0,0,0,0,0,0,0,0.0,0.0,0.0,0.0,0.0,0.0,0.0,0.0,0.0,0.0,0.0,0.0,0.0,6.429719478039138,574.7369856801822,17169.240609556873
,10/15/22,Sat,0.5,12:00p,Mississippi,Auburn,2.06M,2060.0,Mississippi,48.0,34.0,0.0,1.0,1,0.0,0.0,0.0,0.0,0.0,0.0,0.0,0.0,0.0,0.0,0.0,0.0,SEC,SEC,0.0,,,15.5,,,0.0,-15.5,,,,14.0,,,,,,,,,,0.0,2.0,0.0,0.0,,,,,,12.0,0,0,0,1,0,0,2022-10-15,2022,1,0,0,0,0,0,0,0,0,0,0,0,0,0,0,0,0,0,0,0,0,0,0,0,0,0,0,0,0,0,0,0.0,0.0,0.0,0.0,0.0,0.0,0.0,0.0,0.0,0.0,0.0,0.0,0.0,7.630946580890459,2581.749892617347,15162.22770261971
,10/15/22,Sat,0.5,12:00p,Texas,Iowa St.,2.35M,2350.0,Texas,24.0,21.0,1.0,0.0,1,0.0,0.0,0.0,0.0,0.0,1.0,0.0,0.0,0.0,0.0,0.0,0.0,Big 12,Big 12,0.0,,,15.5,,,0.0,-15.5,,,,3.0,,,,,,,,,,2.0,0.0,0.0,0.0,,,,,,12.0,0,0,0,1,0,0,2022-10-15,2022,1,0,0,0,0,0,0,0,0,0,0,0,0,0,0,0,0,0,0,0,0,0,0,0,0,0,0,0,0,0,0,0.0,0.0,0.0,0.0,0.0,0.0,0.0,0.0,0.0,0.0,0.0,0.0,0.0,7.762596048540069,3662.2150161257573,14081.762579111299
,10/15/22,Sat,0.5,12:00p,Michigan,Penn St.,6.45M,6450.0,Michigan,41.0,17.0,0.0,2.0,1,1.0,0.0,0.0,0.0,0.0,0.0,0.0,0.0,0.0,0.0,0.0,0.0,Big Ten,Big Ten,0.0,,,7.0,,,0.0,-7.0,,,,24.0,,,,,,,,,,0.0,0.0,0.0,2.0,,,,,,12.0,0,0,0,1,0,0,2022-10-15,2022,1,0,0,0,0,0,0,0,0,0,0,0,0,0,0,0,0,0,0,0,0,0,0,0,0,1,0,1,0,0,0,0.0,0.0,0.0,0.0,0.0,0.0,0.0,0.0,0.0,0.0,0.0,0.0,0.0,8.771990436532242,9783.643420093544,7960.334175143513
,10/15/22,Sat,0.645833333,3:30p,TCU,Oklahoma St.,2.14M,2140.0,TCU,43.0,40.0,1.0,1.0,1,0.0,0.0,0.0,0.0,0.0,1.0,0.0,0.0,0.0,0.0,0.0,0.0,Big 12,Big 12,0.0,,,5.0,,,0.0,-5.0,,,,3.0,,,,,,,,,,2.0,0.0,0.0,0.0,,,,,,15.5,0,0,0,0,1,0,2022-10-15,2022,1,0,0,0,0,0,0,0,0,0,0,0,0,0,0,0,0,0,0,0,0,0,0,0,0,1,0,0,0,1,0,0.0,0.0,0.0,0.0,0.0,0.0,0.0,0.0,0.0,0.0,0.0,0.0,0.0,7.669028288589683,3468.8546016023324,15322.963440762578
,10/15/22,Sat,0.645833333,3:30p,BYU,Arkansas,1.06M,1060.0,Arkansas,52.0,35.0,0.0,0.0,1,0.0,0.0,0.0,0.0,0.0,0.0,0.0,0.0,0.0,0.0,0.0,0.0,FBS Independents,SEC,0.0,,,1.0,,,0.0,-1.0,,,,17.0,,,,,,,,,,0.0,1.0,0.0,0.0,,,,,,15.5,0,0,0,0,1,0,2022-10-15,2022,1,0,0,0,0,0,0,0,0,0,0,0,0,0,0,0,0,0,0,0,0,0,0,0,0,0,0,0,0,0,0,0.0,0.0,0.0,0.0,0.0,0.0,0.0,0.0,0.0,0.0,0.0,0.0,0.0,6.966967138613983,1269.3555486807313,17522.46249368418
,10/15/22,Sat,0.645833333,3:30p,Indiana,Maryland,392K,392.0,Maryland,38.0,33.0,0.0,0.0,2,0.0,0.0,1.0,0.0,0.0,0.0,0.0,0.0,0.0,0.0,0.0,0.0,Big Ten,Big Ten,0.0,,,11.0,,,0.0,11.0,,,,5.0,,,,,,,,,,0.0,0.0,0.0,2.0,,,,,,15.5,0,0,0,0,1,0,2022-10-15,2022,1,0,0,0,0,0,0,0,0,0,0,0,0,0,0,0,0,0,0,0,0,0,0,0,0,0,0,0,0,0,0,0.0,0.0,0.0,0.0,0.0,0.0,0.0,0.0,0.0,0.0,0.0,0.0,0.0,5.973809611869261,498.18292191049784,18293.63512045441
,10/15/22,Sat,0.645833333,3:30p,Tennessee,Alabama,11.56M,11560.0,Tennessee,52.0,49.0,0.0,2.0,1,0.0,0.0,0.0,0.0,1.0,0.0,0.0,0.0,0.0,0.0,0.0,0.0,SEC,SEC,0.0,,,9.0,,,0.0,9.0,,,,3.0,,,,,,,,,,0.0,2.0,0.0,0.0,,,,,,15.5,0,0,0,0,1,0,2022-10-15,2022,1,0,0,0,0,0,0,0,0,0,0,0,0,0,0,0,0,0,0,0,0,0,0,0,0,1,1,0,0,0,0,0.0,0.0,0.0,0.0,0.0,0.0,0.0,0.0,0.0,0.0,0.0,0.0,0.0,9.355392643675321,10674.498408271094,8117.319634093816
,10/15/22,Sat,0.666666667,4:00p,Michigan St.,Wisconsin,2.45M,2450.0,Michigan St.,34.0,28.0,0.0,0.0,1,1.0,0.0,0.0,0.0,0.0,0.0,0.0,0.0,0.0,0.0,0.0,0.0,Big Ten,Big Ten,0.0,,,7.0,,,0.0,7.0,,,,6.0,,,,,,,,,,0.0,0.0,0.0,2.0,,,,,,16.0,0,0,0,0,1,0,2022-10-15,2022,1,0,0,0,0,0,0,0,0,0,0,0,0,0,0,0,0,0,0,0,0,0,0,0,0,0,0,0,0,0,0,0.0,0.0,0.0,0.0,0.0,0.0,0.0,0.0,0.0,0.0,0.0,0.0,0.0,7.804251383528112,2880.926561900254,15910.891480464656
,10/15/22,Sat,0.791666667,7:00p,Florida,LSU,2.46M,2460.0,LSU,45.0,35.0,0.0,0.0,1,0.0,0.0,0.0,0.0,0.0,0.0,0.0,0.0,0.0,0.0,0.0,0.0,SEC,SEC,0.0,,,2.0,,,0.0,-2.0,,,,10.0,,,,,,,,,,0.0,2.0,0.0,0.0,,,,,,19.0,0,0,0,0,0,0,2022-10-15,2022,1,0,0,0,0,0,0,0,0,0,0,0,0,0,0,0,0,0,0,0,0,0,0,0,0,0,0,0,0,0,0,0.0,0.0,0.0,0.0,0.0,0.0,0.0,0.0,0.0,0.0,0.0,0.0,0.0,7.8083230503910555,3051.1460676039874,10878.456756052652
,10/15/22,Sat,0.8125,7:30p,Florida St.,Clemson,3.38M,3380.0,Clemson,34.0,28.0,0.0,1.0,1,0.0,0.0,0.0,0.0,0.0,1.0,0.0,0.0,0.0,0.0,0.0,0.0,ACC,ACC,0.0,,,4.5,,,0.0,4.5,,,,6.0,,,,,,,,,,0.0,0.0,2.0,0.0,,,,,,19.5,0,0,0,0,0,0,2022-10-15,2022,1,0,0,0,0,0,0,0,0,0,0,0,0,0,0,0,0,0,0,0,0,0,0,0,0,0,0,0,0,0,0,0.0,0.0,0.0,0.0,0.0,0.0,0.0,0.0,0.0,0.0,0.0,0.0,0.0,8.125926802707886,5212.112946739559,8717.48987691708
,10/15/22,Sat,0.8125,7:30p,Purdue,Nebraska,943K,943.0,Purdue,43.0,37.0,0.0,0.0,2,0.0,0.0,0.0,0.0,0.0,0.0,0.0,0.0,0.0,0.0,1.0,0.0,Big Ten,Big Ten,0.0,,,14.0,,,0.0,-14.0,,,,6.0,,,,,,,,,,0.0,0.0,0.0,2.0,,,,,,19.5,0,0,0,0,0,0,2022-10-15,2022,1,0,0,0,0,0,0,0,0,0,0,0,0,0,0,0,0,0,0,0,0,0,0,0,0,0,0,0,0,0,0,0.0,0.0,0.0,0.0,0.0,0.0,0.0,0.0,0.0,0.0,0.0,0.0,0.0,6.8501261661455,821.0876275186283,13108.51519613801
,10/15/22,Sat,0.8125,7:30p,Notre Dame,Stanford,2.15M,2150.0,Stanford,16.0,14.0,0.0,0.0,1,0.0,0.0,0.0,1.0,0.0,0.0,0.0,0.0,0.0,0.0,0.0,0.0,FBS Independents,Pac-12,0.0,,,16.5,,,0.0,-16.5,,,,2.0,,,,,,,,,,0.0,0.0,0.0,0.0,,,,,,19.5,0,0,0,0,0,0,2022-10-15,2022,1,0,0,0,0,0,0,0,0,0,0,0,0,0,0,0,0,0,0,0,0,0,0,0,0,0,0,0,0,0,0,0.0,0.0,0.0,0.0,0.0,0.0,0.0,0.0,0.0,0.0,0.0,0.0,0.0,7.67368812926773,1647.9419532720708,12281.660870384569
,10/15/22,Sat,0.833333333,8:00p,Utah,USC,2.74M,2740.0,Utah,43.0,42.0,1.0,1.0,1,1.0,0.0,0.0,0.0,0.0,0.0,0.0,0.0,0.0,0.0,0.0,0.0,Pac-12,Pac-12,0.0,,,3.5,,,0.0,-3.5,,,,1.0,,,,,,,,,,0.0,0.0,0.0,0.0,,,,,,20.0,0,0,0,0,0,0,2022-10-15,2022,1,0,0,0,0,0,0,0,0,0,0,0,0,0,0,0,0,0,0,0,0,0,0,0,0,1,0,0,0,0,0,0.0,0.0,0.0,0.0,0.0,0.0,0.0,0.0,0.0,0.0,0.0,0.0,0.0,7.916078096302786,3197.3142285223926,10732.288595134247
,10/19/22,Wed,0.8125,7:30p,Appalachian St.,Georgia St.,439K,439.0,Appalachian St.,42.0,17.0,0.0,0.0,0,0.0,0.0,1.0,0.0,0.0,0.0,0.0,0.0,0.0,0.0,0.0,0.0,Sun Belt,Sun Belt,0.0,,,9.5,,,0.0,-9.5,,,,25.0,,,,,,,,,,0.0,0.0,0.0,0.0,,,,,,19.5,0,1,0,0,0,0,2022-10-19,2022,1,0,0,0,0,0,0,0,0,0,0,0,0,0,0,0,0,0,0,0,0,0,0,0,0,0,0,0,0,0,0,0.0,0.0,0.0,0.0,0.0,0.0,0.0,0.0,0.0,0.0,0.0,0.0,0.0,6.0867747269123065,356.48075347677883,0.0
,10/20/22,Thu,0.8125,7:30p,Georgia Tech,Virginia,891K,891.0,Virginia,16.0,9.0,0.0,0.0,0,0.0,0.0,0.0,0.0,0.0,0.0,0.0,0.0,0.0,0.0,0.0,0.0,ACC,ACC,0.0,,,1.5,,,0.0,,,,,7.0,,,,,,,,,,0.0,0.0,2.0,0.0,,,,,,19.5,0,1,0,0,0,0,2022-10-20,2022,1,0,0,0,0,0,0,0,0,0,0,0,0,0,0,0,0,0,0,0,0,0,0,0,0,0,0,0,0,0,0,0.0,0.0,0.0,0.0,0.0,0.0,0.0,0.0,0.0,0.0,0.0,0.0,0.0,6.79346613258001,1237.8941815877765,0.0
,10/21/22,Fri,0.8125,7:30p,Temple,Tulsa,502K,502.0,Tulsa,27.0,16.0,0.0,0.0,0,0.0,0.0,1.0,0.0,0.0,0.0,0.0,0.0,0.0,0.0,0.0,0.0,American Athletic,American Athletic,0.0,,,13.5,,,0.0,13.5,,,,11.0,,,,,,,,,,0.0,0.0,0.0,0.0,,,,,,19.5,0,0,1,0,0,0,2022-10-21,2022,1,0,0,0,0,0,0,0,0,0,0,0,0,0,0,0,0,0,0,0,0,0,0,0,0,0,0,0,0,0,0,0.0,1.0,0.0,0.0,0.0,0.0,0.0,0.0,0.0,0.0,0.0,0.0,0.0,6.220590170099739,510.4482171590474,0.0
,10/22/22,Sat,0.5,12:00p,Baylor,Kansas,744K,744.0,Baylor,35.0,23.0,0.0,0.0,2,0.0,0.0,1.0,0.0,0.0,0.0,0.0,0.0,0.0,0.0,0.0,0.0,Big 12,Big 12,0.0,,,10.5,,,0.0,-10.5,,,,12.0,,,,,,,,,,2.0,0.0,0.0,0.0,,,,,,12.0,0,0,0,1,0,0,2022-10-22,2022,1,0,0,0,0,0,0,0,0,0,0,0,0,0,0,0,0,0,0,0,0,0,0,0,0,0,0,0,0,0,0,0.0,0.0,0.0,0.0,0.0,0.0,0.0,0.0,0.0,0.0,0.0,0.0,0.0,6.61338421837956,540.698260595515,11064.10381269555
,10/22/22,Sat,0.5,12:00p,Clemson,Syracuse,4.75M,4750.0,Clemson,27.0,21.0,1.0,1.0,1,0.0,0.0,0.0,0.0,0.0,1.0,0.0,0.0,0.0,0.0,0.0,0.0,ACC,ACC,0.0,,,14.0,,,0.0,-14.0,,,,6.0,,,,,,,,,,0.0,0.0,2.0,0.0,,,,,,12.0,0,0,0,1,0,0,2022-10-22,2022,1,0,0,0,0,0,0,0,0,0,0,0,0,0,0,0,0,0,0,0,0,0,0,0,0,1,0,0,1,0,0,0.0,0.0,0.0,0.0,0.0,0.0,0.0,0.0,0.0,0.0,0.0,0.0,0.0,8.46611040118692,4046.5260931858047,7558.275980105261
,10/22/22,Sat,0.5,12:00p,Ohio St.,Iowa,4.38M,4380.0,Ohio St.,54.0,10.0,0.0,1.0,1,1.0,0.0,0.0,0.0,0.0,0.0,0.0,0.0,0.0,0.0,0.0,0.0,Big Ten,Big Ten,0.0,,,29.5,,,0.0,-29.5,,,,44.0,,,,,,,,,,0.0,0.0,0.0,2.0,,,,,,12.0,0,0,0,1,0,0,2022-10-22,2022,1,0,0,0,0,0,0,0,0,0,0,0,0,0,0,0,0,0,0,0,0,0,0,0,0,0,0,0,0,0,0,0.0,0.0,0.0,0.0,0.0,0.0,0.0,0.0,0.0,0.0,0.0,0.0,0.0,8.385032287813898,5888.179395273636,5716.622678017428
,10/22/22,Sat,0.5,12:00p,Rutgers,Indiana,238K,238.0,Rutgers,24.0,17.0,0.0,0.0,2,0.0,0.0,0.0,0.0,0.0,0.0,0.0,0.0,0.0,0.0,1.0,0.0,Big Ten,Big Ten,0.0,,,3.0,,,0.0,-3.0,,,,7.0,,,,,,,,,,0.0,0.0,0.0,2.0,,,,,,12.0,0,0,0,1,0,0,2022-10-22,2022,1,0,0,0,0,0,0,0,0,0,0,0,0,0,0,0,0,0,0,0,0,0,0,0,0,0,0,0,0,0,0,0.0,0.0,0.0,0.0,0.0,0.0,0.0,0.0,0.0,0.0,0.0,0.0,0.0,5.476463551931511,381.84246602364306,11222.959607267421
,10/22/22,Sat,0.5,12:00p,SMU,Cincinnati,682K,682.0,Cincinnati,29.0,27.0,1.0,0.0,1,0.0,0.0,0.0,0.0,0.0,0.0,0.0,0.0,0.0,0.0,0.0,0.0,American Athletic,American Athletic,0.0,,,3.5,,,0.0,3.5,,,,2.0,,,,,,,,,,0.0,0.0,0.0,0.0,,,,,,12.0,0,0,0,1,0,0,2022-10-22,2022,1,0,0,0,0,0,0,0,0,0,0,0,0,0,0,0,0,0,0,0,0,0,0,0,0,0,0,0,0,0,0,0.0,0.0,0.0,0.0,0.0,0.0,0.0,0.0,0.0,0.0,0.0,0.0,0.0,6.52649485957079,747.5558582124659,10857.2462150786
,10/22/22,Sat,0.625,3:00p,Texas Tech,West Virginia,542K,542.0,Texas Tech,48.0,10.0,0.0,0.0,2,0.0,1.0,0.0,0.0,0.0,0.0,0.0,0.0,0.0,0.0,0.0,0.0,Big 12,Big 12,0.0,,,5.0,,,0.0,-5.0,,,,38.0,,,,,,,,,,2.0,0.0,0.0,0.0,,,,,,15.0,0,0,0,0,1,0,2022-10-22,2022,1,0,0,0,0,0,0,0,0,0,0,0,0,0,0,0,0,0,0,0,0,0,0,0,0,0,0,0,0,0,0,0.0,0.0,0.0,0.0,0.0,0.0,0.0,0.0,0.0,0.0,0.0,0.0,0.0,6.297109319933935,553.7611659112632,14955.652535629331
,10/22/22,Sat,0.645833333,3:30p,Tulane,Memphis,168K,168.0,Tulane,38.0,28.0,1.0,0.0,2,0.0,0.0,1.0,0.0,0.0,0.0,0.0,0.0,0.0,0.0,0.0,0.0,American Athletic,American Athletic,0.0,,,7.0,,,0.0,-7.0,,,,10.0,,,,,,,,,,0.0,0.0,0.0,0.0,,,,,,15.5,0,0,0,0,1,0,2022-10-22,2022,1,0,0,0,0,0,0,0,0,0,0,0,0,0,0,0,0,0,0,0,0,0,0,0,0,0,0,0,0,0,0,0.0,0.0,0.0,0.0,0.0,0.0,0.0,0.0,0.0,0.0,0.0,0.0,0.0,5.1298987149230735,274.4125359062635,15235.001165634332
,10/22/22,Sat,0.645833333,3:30p,Maryland,Northwestern,252K,252.0,Maryland,31.0,24.0,0.0,0.0,2,0.0,0.0,0.0,0.0,0.0,0.0,0.0,0.0,0.0,0.0,1.0,0.0,Big Ten,Big Ten,0.0,,,14.5,,,0.0,-14.5,,,,7.0,,,,,,,,,,0.0,0.0,0.0,2.0,,,,,,15.5,0,0,0,0,1,0,2022-10-22,2022,1,0,0,0,0,0,0,0,0,0,0,0,0,0,0,0,0,0,0,0,0,0,0,0,0,0,0,0,0,0,0,0.0,0.0,0.0,0.0,0.0,0.0,0.0,0.0,0.0,0.0,0.0,0.0,0.0,5.53338948872752,344.37261914774274,15165.041082392852
,10/22/22,Sat,0.645833333,3:30p,Oregon,UCLA,3.34M,3340.0,Oregon,45.0,30.0,0.0,2.0,1,1.0,0.0,0.0,0.0,0.0,0.0,0.0,0.0,0.0,0.0,0.0,0.0,Pac-12,Pac-12,0.0,,,7.0,,,0.0,-7.0,,,,15.0,,,,,,,,,,0.0,0.0,0.0,0.0,,,,,,15.5,0,0,0,0,1,0,2022-10-22,2022,1,0,0,0,0,0,0,0,0,0,0,0,0,0,0,0,0,0,0,0,0,0,0,0,0,1,0,0,0,0,0,0.0,0.0,0.0,0.0,0.0,0.0,0.0,0.0,0.0,0.0,0.0,0.0,0.0,8.114025442356757,4155.3573688474835,11354.056332693111
,10/22/22,Sat,0.645833333,3:30p,Oklahoma St.,Texas,4.46M,4460.0,Oklahoma St.,41.0,34.0,2.0,0.0,1,0.0,0.0,0.0,0.0,0.0,1.0,0.0,0.0,0.0,0.0,0.0,0.0,Big 12,Big 12,0.0,,,6.5,,,0.0,6.5,,,,7.0,,,,,,,,,,2.0,0.0,0.0,0.0,,,,,,15.5,0,0,0,0,1,0,2022-10-22,2022,1,0,0,0,0,0,0,0,0,0,0,0,0,0,0,0,0,0,0,0,0,0,0,0,0,1,0,0,0,1,0,0.0,0.0,0.0,0.0,0.0,0.0,0.0,0.0,0.0,0.0,0.0,0.0,0.0,8.403128235128264,4628.2092823648945,10881.204419175698
,10/22/22,Sat,0.645833333,3:30p,Wisconsin,Purdue,1.01M,1010.0,Wisconsin,35.0,24.0,0.0,0.0,1,0.0,0.0,0.0,0.0,0.0,0.0,0.0,0.0,0.0,0.0,0.0,0.0,Big Ten,Big Ten,0.0,,,1.5,,,0.0,-1.5,,,,11.0,,,,,,,,,,0.0,0.0,0.0,2.0,,,,,,15.5,0,0,0,0,1,0,2022-10-22,2022,1,0,0,0,0,0,0,0,0,0,0,0,0,0,0,0,0,0,0,0,0,0,0,0,0,0,0,0,0,0,0,0.0,0.0,0.0,0.0,0.0,0.0,0.0,0.0,0.0,0.0,0.0,0.0,0.0,6.918695219020472,1481.8426343738713,14027.571067166722
,10/22/22,Sat,0.645833333,3:30p,LSU,Mississippi,3.86M,3860.0,LSU,45.0,20.0,0.0,1.0,1,0.0,0.0,0.0,0.0,1.0,0.0,0.0,0.0,0.0,0.0,0.0,0.0,SEC,SEC,0.0,,,0.0,,,0.0,0.0,,,,25.0,,,,,,,,,,0.0,2.0,0.0,0.0,,,,,,15.5,0,0,0,0,1,0,2022-10-22,2022,1,0,0,0,0,0,0,0,0,0,0,0,0,0,0,0,0,0,0,0,0,0,0,0,0,0,0,0,0,0,0,0.0,0.0,0.0,0.0,0.0,0.0,0.0,0.0,0.0,0.0,0.0,0.0,0.0,8.258681496264236,4071.458094989075,11437.955606551519
,10/22/22,Sat,0.791666667,7:00p,Alabama,Mississippi St.,3.59M,3590.0,Alabama,30.0,6.0,1.0,1.0,0,0.0,0.0,0.0,0.0,0.0,0.0,0.0,0.0,0.0,0.0,0.0,0.0,SEC,SEC,0.0,,,21.0,,,0.0,-21.0,,,,24.0,,,,,,,,,,0.0,2.0,0.0,0.0,,,,,,19.0,0,0,0,0,0,0,2022-10-22,2022,1,0,0,0,0,0,0,0,0,0,0,0,0,0,0,0,0,0,0,0,0,0,0,0,0,1,1,0,0,0,0,0.0,0.0,0.0,0.0,0.0,0.0,0.0,0.0,0.0,0.0,0.0,0.0,0.0,8.186185994226083,4449.337824856647,4428.226487068419
,10/22/22,Sat,0.8125,7:30p,Penn St.,Minnesota,3.54M,3540.0,Penn St.,45.0,17.0,1.0,0.0,0,0.0,0.0,0.0,0.0,0.0,1.0,0.0,0.0,0.0,0.0,0.0,0.0,Big Ten,Big Ten,0.0,,,5.0,,,0.0,,,,,28.0,,,,,,,,,,0.0,0.0,0.0,2.0,,,,,,19.5,0,0,0,0,0,0,2022-10-22,2022,1,0,0,0,0,0,0,0,0,0,0,0,0,0,0,0,0,0,0,0,0,0,0,0,0,0,0,0,0,0,0,0.0,0.0,0.0,0.0,0.0,0.0,0.0,0.0,0.0,0.0,0.0,0.0,0.0,8.172164452111904,3302.5299176246795,5575.034394300386
,10/22/22,Sat,0.833333333,8:00p,TCU,Kansas St.,1.53M,1530.0,TCU,38.0,28.0,1.0,1.0,1,0.0,1.0,0.0,0.0,0.0,0.0,0.0,0.0,0.0,0.0,0.0,0.0,Big 12,Big 12,0.0,,,3.5,,,0.0,-3.5,,,,10.0,,,,,,,,,,2.0,0.0,0.0,0.0,,,,,,20.0,0,0,0,0,0,0,2022-10-22,2022,1,0,0,0,0,0,0,0,0,0,0,0,0,0,0,0,0,0,0,0,0,0,0,0,0,1,0,0,0,1,0,0.0,0.0,0.0,0.0,0.0,0.0,0.0,0.0,0.0,0.0,0.0,0.0,0.0,7.333676395657684,1125.69656944374,7751.867742481327
,10/22/22,Sat,0.916666667,10:00p,Wyoming,Utah St.,109K,109.0,Wyoming,28.0,14.0,0.0,0.0,0,0.0,0.0,0.0,0.0,0.0,0.0,0.0,0.0,1.0,0.0,0.0,0.0,Mountain West,Mountain West,0.0,,,5.5,,,0.0,-5.5,,,,14.0,,,,,,,,,,0.0,0.0,0.0,0.0,,,,,,22.0,0,0,0,0,0,1,2022-10-22,2022,1,0,0,0,0,0,0,0,0,0,0,0,0,0,0,0,0,0,0,0,0,0,0,0,0,0,0,0,0,0,0,0.0,0.0,0.0,0.0,0.0,0.0,0.0,0.0,0.0,0.0,0.0,0.0,0.0,4.700480365792417,132.29771920304904,1093.027545480103
,10/22/22,Sat,0.9375,10:30p,California,Washington,1.32M,1320.0,Washington,28.0,21.0,0.0,0.0,0,0.0,0.0,0.0,0.0,0.0,0.0,0.0,0.0,0.0,0.0,0.0,0.0,Pac-12,Pac-12,0.0,,,7.5,,,0.0,7.5,,,,7.0,,,,,,,,,,0.0,0.0,0.0,0.0,,,,,,22.5,0,0,0,0,0,1,2022-10-22,2022,1,0,0,0,0,0,0,0,0,0,0,0,0,0,0,0,0,0,0,0,0,0,0,0,0,0,0,0,0,0,0,0.0,0.0,0.0,0.0,0.0,0.0,0.0,0.0,0.0,0.0,0.0,0.0,0.0,7.186144304522325,1093.027545480103,132.29771920304904
,10/27/22,Thu,0.8125,7:30p,Southern Miss,Louisiana,190K,190.0,Southern Miss,39.0,24.0,0.0,0.0,0,0.0,0.0,1.0,0.0,0.0,0.0,0.0,0.0,0.0,0.0,0.0,0.0,Sun Belt,Sun Belt,0.0,,,2.5,,,0.0,2.5,,,,15.0,,,,,,,,,,0.0,0.0,0.0,0.0,,,,,,19.5,0,1,0,0,0,0,2022-10-27,2022,1,0,0,0,0,0,0,0,0,0,0,0,0,0,0,0,0,0,0,0,0,0,0,0,0,0,0,0,0,0,0,0.0,0.0,0.0,0.0,0.0,0.0,0.0,0.0,0.0,0.0,0.0,0.0,0.0,5.25227342804663,221.21384209608806,2067.097593395352
,10/27/22,Thu,0.8125,7:30p,North Carolina St.,Virginia Tech,1.23M,1230.0,North Carolina St.,22.0,21.0,1.0,0.0,0,0.0,0.0,0.0,0.0,0.0,0.0,0.0,0.0,0.0,0.0,0.0,0.0,ACC,ACC,0.0,,,13.5,,,0.0,-13.5,,,,1.0,,,,,,,,,,0.0,0.0,2.0,0.0,,,,,,19.5,0,1,0,0,0,0,2022-10-27,2022,1,0,0,0,0,0,0,0,0,0,0,0,0,0,0,0,0,0,0,0,0,0,0,0,0,0,0,0,0,0,0,0.0,0.0,0.0,0.0,0.0,0.0,0.0,0.0,0.0,0.0,0.0,0.0,0.0,7.115582126184454,2067.097593395352,221.21384209608806
,10/27/22,Thu,0.916666667,10:00p,Washington St.,Utah,470K,470.0,Utah,21.0,17.0,1.0,0.0,0,0.0,1.0,0.0,0.0,0.0,0.0,0.0,0.0,0.0,0.0,0.0,0.0,Pac-12,Pac-12,0.0,,,7.0,,,0.0,7.0,,,,4.0,,,,,,,,,,0.0,0.0,0.0,0.0,,,,,,22.0,0,1,0,0,0,0,2022-10-27,2022,1,0,0,0,0,0,0,0,0,0,0,0,0,0,0,0,0,0,0,0,0,0,0,0,0,0,0,0,0,0,0,0.0,0.0,0.0,0.0,0.0,0.0,0.0,0.0,0.0,0.0,0.0,0.0,0.0,6.154858094016418,617.5941990800933,0.0
,10/28/22,Fri,0.833333333,8:00p,BYU,East Carolina,823K,823.0,East Carolina,27.0,24.0,0.0,0.0,0,0.0,0.0,1.0,0.0,0.0,0.0,0.0,0.0,0.0,0.0,0.0,0.0,FBS Independents,American Athletic,0.0,,,3.5,,,0.0,-3.5,,,,3.0,,,,,,,,,,0.0,0.0,0.0,0.0,,,,,,20.0,0,0,1,0,0,0,2022-10-28,2022,1,0,0,0,0,0,0,0,0,0,0,0,0,0,0,0,0,0,0,0,0,0,0,0,0,0,0,0,0,0,0,0.0,1.0,0.0,0.0,0.0,0.0,0.0,0.0,0.0,0.0,0.0,0.0,0.0,6.714170529909472,1053.5918307335608,0.0
,10/29/22,Sat,0.5,12:00p,Houston,South Florida,131K,131.0,Houston,42.0,27.0,0.0,0.0,2,0.0,0.0,1.0,0.0,0.0,0.0,0.0,0.0,0.0,0.0,0.0,0.0,American Athletic,American Athletic,0.0,,,17.5,,,0.0,-17.5,,,,15.0,,,,,,,,,,0.0,0.0,0.0,0.0,,,,,,12.0,0,0,0,1,0,0,2022-10-29,2022,1,0,0,0,0,0,0,0,0,0,0,0,0,0,0,0,0,0,0,0,0,0,0,0,0,0,0,0,0,0,0,0.0,0.0,0.0,0.0,0.0,0.0,0.0,0.0,0.0,0.0,0.0,0.0,0.0,4.882801922586371,276.3370727736774,13837.359971104415
,10/29/22,Sat,0.5,12:00p,Penn St.,Ohio St.,8.27M,8270.0,Ohio St.,44.0,31.0,1.0,1.0,1,1.0,0.0,0.0,0.0,0.0,0.0,0.0,0.0,0.0,0.0,0.0,0.0,Big Ten,Big Ten,0.0,,,15.5,,,0.0,15.5,,,,13.0,,,,,,,,,,0.0,0.0,0.0,2.0,,,,,,12.0,0,0,0,1,0,0,2022-10-29,2022,1,0,0,0,0,0,0,0,0,0,0,0,0,0,0,0,0,0,0,0,0,0,0,1,0,1,0,1,0,0,0,0.0,0.0,0.0,0.0,0.0,0.0,0.0,0.0,0.0,0.0,0.0,0.0,0.0,9.020510699691906,8202.963871055801,5910.733172822291
,10/29/22,Sat,0.5,12:00p,Syracuse,Notre Dame,2.34M,2340.0,Notre Dame,41.0,24.0,1.0,0.0,1,0.0,0.0,0.0,0.0,0.0,1.0,0.0,0.0,0.0,0.0,0.0,0.0,ACC,FBS Independents,0.0,,,1.0,,,0.0,1.0,,,,17.0,,,,,,,,,,0.0,0.0,1.0,0.0,,,,,,12.0,0,0,0,1,0,0,2022-10-29,2022,1,0,0,0,0,0,0,0,0,0,0,0,0,0,0,0,0,0,0,0,0,0,0,0,0,0,0,0,0,0,0,0.0,0.0,0.0,0.0,0.0,0.0,0.0,0.0,0.0,0.0,0.0,0.0,0.0,7.75833346749091,3051.4072064816623,11062.28983739643
,10/29/22,Sat,0.5,12:00p,Iowa St.,Oklahoma,711K,711.0,Oklahoma,27.0,13.0,0.0,0.0,2,0.0,1.0,0.0,0.0,0.0,0.0,0.0,0.0,0.0,0.0,0.0,0.0,Big 12,Big 12,0.0,,,1.5,,,0.0,1.5,,,,14.0,,,,,,,,,,2.0,0.0,0.0,0.0,,,,,,12.0,0,0,0,1,0,0,2022-10-29,2022,1,0,0,0,0,0,0,0,0,0,0,0,0,0,0,0,0,0,0,0,0,0,0,0,0,0,0,0,0,0,0,0.0,0.0,0.0,0.0,0.0,0.0,0.0,0.0,0.0,0.0,0.0,0.0,0.0,6.568077911411976,780.3763648943627,13333.320678983731
,10/29/22,Sat,0.5,12:00p,West Virginia,TCU,1.51M,1510.0,TCU,41.0,31.0,0.0,1.0,1,0.0,0.0,0.0,0.0,0.0,0.0,0.0,0.0,0.0,0.0,0.0,0.0,Big 12,Big 12,0.0,,,7.0,,,0.0,7.0,,,,10.0,,,,,,,,,,2.0,0.0,0.0,0.0,,,,,,12.0,0,0,0,1,0,0,2022-10-29,2022,1,0,0,0,0,0,0,0,0,0,0,0,0,0,0,0,0,0,0,0,0,0,0,0,0,0,0,0,0,0,0,0.0,0.0,0.0,0.0,0.0,0.0,0.0,0.0,0.0,0.0,0.0,0.0,0.0,7.32052696227274,1802.6125286725883,12311.084515205504
,10/29/22,Sat,0.604166667,2:30p,Minnesota,Rutgers,302K,302.0,Minnesota,31.0,0.0,0.0,0.0,2,0.0,0.0,0.0,0.0,0.0,0.0,0.0,0.0,0.0,0.0,1.0,0.0,Big Ten,Big Ten,0.0,,,14.0,,,0.0,-14.0,,,,31.0,,,,,,,,,,0.0,0.0,0.0,2.0,,,,,,14.5,0,0,0,0,1,0,2022-10-29,2022,1,0,0,0,0,0,0,0,0,0,0,0,0,0,0,0,0,0,0,0,0,0,0,0,0,0,0,0,0,0,0,0.0,0.0,0.0,0.0,0.0,0.0,0.0,0.0,0.0,0.0,0.0,0.0,0.0,5.713732805509369,381.6462208584776,15435.502476406733
,10/29/22,Sat,0.645833333,3:30p,California,Oregon,738K,738.0,Oregon,42.0,24.0,0.0,1.0,2,0.0,1.0,0.0,0.0,0.0,0.0,0.0,0.0,0.0,0.0,0.0,0.0,Pac-12,Pac-12,0.0,,,16.5,,,0.0,16.5,,,,18.0,,,,,,,,,,0.0,0.0,0.0,0.0,,,,,,15.5,0,0,0,0,1,0,2022-10-29,2022,1,0,0,0,0,0,0,0,0,0,0,0,0,0,0,0,0,0,0,0,0,0,0,0,0,0,0,0,0,0,0,0.0,0.0,0.0,0.0,0.0,0.0,0.0,0.0,0.0,0.0,0.0,0.0,0.0,6.6052979209482015,715.1547511165415,15101.993946148668
,10/29/22,Sat,0.645833333,3:30p,UCF,Cincinnati,1.06M,1060.0,UCF,25.0,21.0,1.0,0.0,1,0.0,0.0,0.0,0.0,0.0,0.0,0.0,0.0,0.0,0.0,0.0,0.0,American Athletic,American Athletic,0.0,,,1.5,,,0.0,-1.5,,,,4.0,,,,,,,,,,0.0,0.0,0.0,0.0,,,,,,15.5,0,0,0,0,1,0,2022-10-29,2022,1,0,0,0,0,0,0,0,0,0,0,0,0,0,0,0,0,0,0,0,0,0,0,0,0,0,0,0,0,0,0,0.0,0.0,0.0,0.0,0.0,0.0,0.0,0.0,0.0,0.0,0.0,0.0,0.0,6.966967138613983,1006.5351574345015,14810.613539830709
,10/29/22,Sat,0.645833333,3:30p,Iowa,Northwestern,483K,483.0,Iowa,33.0,13.0,0.0,0.0,2,0.0,0.0,1.0,0.0,0.0,0.0,0.0,0.0,0.0,0.0,0.0,0.0,Big Ten,Big Ten,0.0,,,11.5,,,0.0,-11.5,,,,20.0,,,,,,,,,,0.0,0.0,0.0,2.0,,,,,,15.5,0,0,0,0,1,0,2022-10-29,2022,1,0,0,0,0,0,0,0,0,0,0,0,0,0,0,0,0,0,0,0,0,0,0,0,0,0,0,0,0,0,0,0.0,0.0,0.0,0.0,0.0,0.0,0.0,0.0,0.0,0.0,0.0,0.0,0.0,6.182084906716632,669.230245136644,15147.918452128566
,10/29/22,Sat,0.645833333,3:30p,Kansas St.,Oklahoma St.,3.38M,3380.0,Kansas St.,48.0,0.0,1.0,1.0,1,1.0,0.0,0.0,0.0,0.0,0.0,0.0,0.0,0.0,0.0,0.0,0.0,Big 12,Big 12,0.0,,,2.5,,,0.0,-2.5,,,,48.0,,,,,,,,,,2.0,0.0,0.0,0.0,,,,,,15.5,0,0,0,0,1,0,2022-10-29,2022,1,0,0,0,0,0,0,0,0,0,0,0,0,0,0,0,0,0,0,0,0,0,0,0,0,1,0,0,0,1,0,0.0,0.0,0.0,0.0,0.0,0.0,0.0,0.0,0.0,0.0,0.0,0.0,0.0,8.125926802707886,3429.3952591324346,12387.753438132775
,10/29/22,Sat,0.645833333,3:30p,Georgia,Florida,5.62M,5620.0,Georgia,42.0,20.0,0.0,1.0,1,0.0,0.0,0.0,0.0,1.0,0.0,0.0,0.0,0.0,0.0,0.0,0.0,SEC,SEC,0.0,,,23.0,,,0.0,-23.0,,,,22.0,,,,,,,,,,0.0,2.0,0.0,0.0,,,,,,15.5,0,0,0,0,1,0,2022-10-29,2022,1,0,0,0,0,1,0,0,0,0,0,0,0,0,0,0,0,0,0,0,0,0,0,0,0,0,0,0,0,0,0,0.0,0.0,0.0,0.0,0.0,0.0,0.0,0.0,0.0,0.0,0.0,0.0,0.0,8.634264863002075,5772.726544488885,10044.422152776326
,10/29/22,Sat,0.645833333,3:30p,Nebraska,Illinois,2.49M,2490.0,Illinois,26.0,9.0,1.0,0.0,1,0.0,0.0,0.0,0.0,0.0,1.0,0.0,0.0,0.0,0.0,0.0,0.0,Big Ten,Big Ten,0.0,,,7.5,,,0.0,7.5,,,,17.0,,,,,,,,,,0.0,0.0,0.0,2.0,,,,,,15.5,0,0,0,0,1,0,2022-10-29,2022,1,0,0,0,0,0,0,0,0,0,0,0,0,0,0,0,0,0,0,0,0,0,0,0,0,0,0,0,0,0,0,0.0,0.0,0.0,0.0,0.0,0.0,0.0,0.0,0.0,0.0,0.0,0.0,0.0,7.820439515262181,3842.460519097726,11974.688178167486
,10/29/22,Sat,0.791666667,7:00p,Boise St.,Colorado St.,269K,269.0,Boise St.,49.0,10.0,0.0,0.0,2,0.0,1.0,0.0,0.0,0.0,0.0,0.0,0.0,0.0,0.0,0.0,0.0,Mountain West,Mountain West,0.0,,,25.0,,,0.0,-25.0,,,,39.0,,,,,,,,,,0.0,0.0,0.0,0.0,,,,,,19.0,0,0,0,0,0,0,2022-10-29,2022,1,0,0,0,0,0,0,0,0,0,0,0,0,0,0,0,0,0,0,0,0,0,0,0,0,0,0,0,0,0,0,0.0,0.0,0.0,0.0,0.0,0.0,0.0,0.0,0.0,0.0,0.0,0.0,0.0,5.598421958998375,402.9564932626292,10950.231490633909
,10/29/22,Sat,0.791666667,7:00p,Tennessee,Kentucky,4.04M,4040.0,Tennessee,44.0,6.0,1.0,1.0,1,0.0,0.0,0.0,0.0,0.0,0.0,0.0,0.0,0.0,0.0,0.0,0.0,SEC,SEC,0.0,,,10.5,,,0.0,-10.5,,,,38.0,,,,,,,,,,0.0,2.0,0.0,0.0,,,,,,19.0,0,0,0,0,0,0,2022-10-29,2022,1,0,0,0,0,0,0,0,0,0,0,0,0,0,0,0,0,0,0,0,0,0,0,0,0,1,1,0,0,0,0,0.0,0.0,0.0,0.0,0.0,0.0,0.0,0.0,0.0,0.0,0.0,0.0,0.0,8.304247465078474,3964.8406946000355,7388.347289296501
,10/29/22,Sat,0.8125,7:30p,Michigan,Michigan St.,5.58M,5580.0,Michigan,29.0,7.0,0.0,1.0,1,0.0,0.0,0.0,0.0,0.0,1.0,0.0,0.0,0.0,0.0,0.0,0.0,Big Ten,Big Ten,0.0,,,22.5,,,0.0,-22.5,,,,22.0,,,,,,,,,,0.0,0.0,0.0,2.0,,,,,,19.5,0,0,0,0,0,0,2022-10-29,2022,1,0,0,0,0,0,0,0,0,0,0,0,0,0,0,0,0,0,0,0,0,0,0,0,0,0,0,0,0,0,0,0.0,0.0,0.0,0.0,0.0,0.0,0.0,0.0,0.0,0.0,0.0,0.0,0.0,8.627123250788433,6446.731204449641,4906.456779446896
,10/29/22,Sat,0.8125,7:30p,Texas Tech,Baylor,572K,572.0,Baylor,45.0,17.0,0.0,0.0,2,0.0,0.0,1.0,0.0,0.0,0.0,0.0,0.0,0.0,0.0,0.0,0.0,Big 12,Big 12,0.0,,,1.5,,,0.0,-1.5,,,,28.0,,,,,,,,,,2.0,0.0,0.0,0.0,,,,,,19.5,0,0,0,0,0,0,2022-10-29,2022,1,0,0,0,0,0,0,0,0,0,0,0,0,0,0,0,0,0,0,0,0,0,0,0,0,0,0,0,0,0,0,0.0,0.0,0.0,0.0,0.0,0.0,0.0,0.0,0.0,0.0,0.0,0.0,0.0,6.35088571671474,538.6595915842311,10814.528392312306
,10/29/22,Sat,0.9375,10:30p,Fresno St.,San Diego St.,219K,219.0,Fresno St.,32.0,28.0,0.0,0.0,0,0.0,1.0,0.0,0.0,0.0,0.0,0.0,0.0,0.0,0.0,0.0,0.0,Mountain West,Mountain West,0.0,,,10.5,,,0.0,-10.5,,,,4.0,,,,,,,,,,0.0,0.0,0.0,0.0,,,,,,22.5,0,0,0,0,0,1,2022-10-29,2022,1,0,0,0,0,0,0,0,0,0,0,0,0,0,0,0,0,0,0,0,0,0,0,0,0,0,0,0,0,0,0,0.0,0.0,0.0,0.0,0.0,0.0,0.0,0.0,0.0,0.0,0.0,0.0,0.0,5.393627546352362,209.13621559012844,1219.4010592755637
,10/29/22,Sat,0.9375,10:30p,UCLA,Stanford,1.26M,1260.0,UCLA,38.0,13.0,1.0,0.0,0,0.0,0.0,0.0,0.0,0.0,0.0,0.0,0.0,0.0,0.0,0.0,0.0,Pac-12,Pac-12,0.0,,,16.5,,,0.0,-16.5,,,,25.0,,,,,,,,,,0.0,0.0,0.0,0.0,,,,,,22.5,0,0,0,0,0,1,2022-10-29,2022,1,0,0,0,0,0,0,0,0,0,0,0,0,0,0,0,0,0,0,0,0,0,0,0,0,0,0,0,0,0,0,0.0,0.0,0.0,0.0,0.0,0.0,0.0,0.0,0.0,0.0,0.0,0.0,0.0,7.13966033596492,1219.4010592755637,209.13621559012844
,11/1/22,Tue,0.8125,7:30p,Ohio,Buffalo,276K,276.0,Ohio,45.0,24.0,0.0,0.0,0,0.0,0.0,1.0,0.0,0.0,0.0,0.0,0.0,0.0,0.0,0.0,0.0,Mid-American,Mid-American,0.0,,,2.5,,,0.0,2.5,,,,21.0,,,,,,,,,,0.0,0.0,0.0,0.0,,,,,,19.5,0,1,0,0,0,0,2022-11-01,2022,1,0,0,0,0,0,0,0,0,0,0,0,0,0,0,0,0,0,0,0,0,0,0,0,0,0,0,0,0,0,0,0.0,0.0,0.0,0.0,0.0,0.0,0.0,0.0,0.0,0.0,0.0,0.0,0.0,5.6240175061873385,411.78349762999164,0.0
,11/2/22,Wed,0.791666667,7:00p,Bowling Green,Western Michigan,361K,361.0,Bowling Green,13.0,9.0,0.0,0.0,0,0.0,0.0,1.0,0.0,0.0,0.0,0.0,0.0,0.0,0.0,0.0,0.0,Mid-American,Mid-American,0.0,,,5.0,,,0.0,-5.0,,,,4.0,,,,,,,,,,0.0,0.0,0.0,0.0,,,,,,19.0,0,1,0,0,0,0,2022-11-02,2022,1,0,0,0,0,0,0,0,0,0,0,0,0,0,0,0,0,0,0,0,0,0,0,0,0,0,0,0,0,0,0,0.0,0.0,0.0,0.0,0.0,0.0,0.0,0.0,0.0,0.0,0.0,0.0,0.0,5.8916442118257715,410.830376376531,0.0
,11/3/22,Thu,0.8125,7:30p,Coastal Carolina,Appalachian St.,743K,743.0,Coastal Carolina,35.0,28.0,0.0,0.0,0,0.0,0.0,0.0,0.0,0.0,0.0,0.0,0.0,0.0,0.0,0.0,0.0,Sun Belt,Sun Belt,0.0,,,3.0,,,0.0,3.0,,,,7.0,,,,,,,,,,0.0,0.0,0.0,0.0,,,,,,19.5,0,1,0,0,0,0,2022-11-03,2022,1,0,0,0,0,0,0,0,0,0,0,0,0,0,0,0,0,0,0,0,0,0,0,0,0,0,0,0,0,0,0,0.0,0.0,0.0,0.0,0.0,0.0,0.0,0.0,0.0,0.0,0.0,0.0,0.0,6.612041034833092,767.313375467848,0.0
,11/4/22,Fri,0.791666667,7:00p,Boston College,Duke,787K,787.0,Duke,38.0,31.0,0.0,0.0,0,0.0,0.0,1.0,0.0,0.0,0.0,0.0,0.0,0.0,0.0,0.0,0.0,ACC,ACC,0.0,,,11.5,,,0.0,11.5,,,,7.0,,,,,,,,,,0.0,0.0,2.0,0.0,,,,,,19.0,0,0,1,0,0,0,2022-11-04,2022,1,0,0,0,0,0,0,0,0,0,0,0,0,0,0,0,0,0,0,0,0,0,0,0,0,0,0,0,0,0,0,0.0,1.0,0.0,0.0,0.0,0.0,0.0,0.0,0.0,0.0,0.0,0.0,0.0,6.669498089857879,894.410302616403,0.0
,11/4/22,Fri,0.9375,10:30p,Washington,Oregon St.,1.13M,1130.0,Washington,24.0,21.0,1.0,0.0,0,0.0,0.0,1.0,0.0,0.0,0.0,0.0,0.0,0.0,0.0,0.0,0.0,Pac-12,Pac-12,0.0,,,4.5,,,0.0,-4.5,,,,3.0,,,,,,,,,,0.0,0.0,0.0,0.0,,,,,,22.5,0,0,1,0,0,0,2022-11-04,2022,1,0,0,0,0,0,0,0,0,0,0,0,0,0,0,0,0,0,0,0,0,0,0,0,0,0,0,0,0,0,0,0.0,1.0,0.0,0.0,0.0,0.0,0.0,0.0,0.0,0.0,0.0,0.0,0.0,7.030857476116121,1925.6686791464113,0.0
,11/5/22,Sat,0.479166667,11:30a,Army,Air Force,1.23M,1230.0,Air Force,13.0,7.0,0.0,0.0,1,0.0,0.0,0.0,0.0,1.0,0.0,0.0,0.0,0.0,0.0,0.0,0.0,FBS Independents,Mountain West,0.0,,,7.0,,,0.0,7.0,,,,6.0,,,,,,,,,,0.0,0.0,0.0,0.0,,,,,,11.5,0,0,0,1,0,0,2022-11-05,2022,1,0,0,0,0,0,0,0,0,0,0,0,0,0,0,0,0,0,0,0,0,0,0,0,0,0,0,0,0,0,0,0.0,0.0,0.0,0.0,0.0,0.0,0.0,0.0,0.0,0.0,0.0,0.0,0.0,7.115582126184454,871.8045546862652,11253.743940299822
,11/5/22,Sat,0.5,12:00p,Purdue,Iowa,582K,582.0,Iowa,24.0,3.0,0.0,0.0,2,0.0,1.0,0.0,0.0,0.0,0.0,0.0,0.0,0.0,0.0,0.0,0.0,Big Ten,Big Ten,0.0,,,3.5,,,0.0,-3.5,,,,21.0,,,,,,,,,,0.0,0.0,0.0,2.0,,,,,,12.0,0,0,0,1,0,0,2022-11-05,2022,1,0,0,0,0,0,0,0,0,0,0,0,0,0,0,0,0,0,0,0,0,0,0,0,0,0,0,0,0,0,0,0.0,0.0,0.0,0.0,0.0,0.0,0.0,0.0,0.0,0.0,0.0,0.0,0.0,6.368187186350492,623.7135644047471,11501.83493058134
,11/5/22,Sat,0.5,12:00p,Nebraska,Minnesota,1.07M,1070.0,Minnesota,20.0,13.0,0.0,0.0,2,0.0,0.0,1.0,0.0,0.0,0.0,0.0,0.0,0.0,0.0,0.0,0.0,Big Ten,Big Ten,0.0,,,14.5,,,0.0,14.5,,,,7.0,,,,,,,,,,0.0,0.0,0.0,2.0,,,,,,12.0,0,0,0,1,0,0,2022-11-05,2022,1,0,0,0,0,0,0,0,0,0,0,0,0,0,0,0,0,0,0,0,0,0,0,0,0,0,0,0,0,0,0,0.0,0.0,0.0,0.0,0.0,0.0,0.0,0.0,0.0,0.0,0.0,0.0,0.0,6.976348070447749,1011.6945264375097,11113.853968548578
,11/5/22,Sat,0.5,12:00p,TCU,Texas Tech,2.51M,2510.0,TCU,34.0,24.0,0.0,1.0,1,1.0,0.0,0.0,0.0,0.0,0.0,0.0,0.0,0.0,0.0,0.0,0.0,Big 12,Big 12,0.0,,,8.5,,,0.0,-8.5,,,,10.0,,,,,,,,,,2.0,0.0,0.0,0.0,,,,,,12.0,0,0,0,1,0,0,2022-11-05,2022,1,0,0,0,0,0,0,0,0,0,0,0,0,0,0,0,0,0,0,0,0,0,0,0,0,0,0,0,0,0,0,0.0,0.0,0.0,0.0,0.0,0.0,0.0,0.0,0.0,0.0,0.0,0.0,0.0,7.828436359157585,2297.7463010495185,9827.80219393657
,11/5/22,Sat,0.5,12:00p,Wisconsin,Maryland,576K,576.0,Wisconsin,23.0,10.0,0.0,0.0,2,0.0,0.0,0.0,0.0,0.0,0.0,0.0,0.0,0.0,0.0,1.0,0.0,Big Ten,Big Ten,0.0,,,5.0,,,0.0,-5.0,,,,13.0,,,,,,,,,,0.0,0.0,0.0,2.0,,,,,,12.0,0,0,0,1,0,0,2022-11-05,2022,1,0,0,0,0,0,0,0,0,0,0,0,0,0,0,0,0,0,0,0,0,0,0,0,0,0,0,0,0,0,0,0.0,0.0,0.0,0.0,0.0,0.0,0.0,0.0,0.0,0.0,0.0,0.0,0.0,6.3578422665081,547.2265310369532,11578.321963949136
,11/5/22,Sat,0.5,12:00p,Texas A&M,Florida,2.73M,2730.0,Florida,41.0,24.0,0.0,0.0,1,0.0,0.0,0.0,0.0,0.0,0.0,0.0,0.0,0.0,0.0,0.0,0.0,SEC,SEC,0.0,,,1.5,,,0.0,-1.5,,,,17.0,,,,,,,,,,0.0,2.0,0.0,0.0,,,,,,12.0,0,0,0,1,0,0,2022-11-05,2022,1,0,0,0,0,0,0,0,0,0,0,0,0,0,0,0,0,0,0,0,0,0,0,0,0,0,0,0,0,0,0,0.0,0.0,0.0,0.0,0.0,0.0,0.0,0.0,0.0,0.0,0.0,0.0,0.0,7.912423121473705,2641.426832757579,9484.12166222851
,11/5/22,Sat,0.5,12:00p,Northwestern,Ohio St.,4.76M,4760.0,Ohio St.,21.0,7.0,0.0,1.0,1,0.0,0.0,0.0,0.0,0.0,1.0,0.0,0.0,0.0,0.0,0.0,0.0,Big Ten,Big Ten,0.0,,,37.5,,,0.0,37.5,,,,14.0,,,,,,,,,,0.0,0.0,0.0,2.0,,,,,,12.0,0,0,0,1,0,0,2022-11-05,2022,1,0,0,0,0,0,0,0,0,0,0,0,0,0,0,0,0,0,0,0,0,0,0,0,0,0,0,0,0,0,0,0.0,0.0,0.0,0.0,0.0,0.0,0.0,0.0,0.0,0.0,0.0,0.0,0.0,8.46821300919452,4131.936184613515,7993.612310372573
,11/5/22,Sat,0.645833333,3:30p,Kansas,Oklahoma St.,734K,734.0,Kansas,37.0,16.0,1.0,0.0,2,0.0,1.0,0.0,0.0,0.0,0.0,0.0,0.0,0.0,0.0,0.0,0.0,Big 12,Big 12,0.0,,,3.0,,,0.0,-3.0,,,,21.0,,,,,,,,,,2.0,0.0,0.0,0.0,,,,,,15.5,0,0,0,0,1,0,2022-11-05,2022,1,0,0,0,0,0,0,0,0,0,0,0,0,0,0,0,0,0,0,0,0,0,0,0,0,0,0,0,0,0,0,0.0,0.0,0.0,0.0,0.0,0.0,0.0,0.0,0.0,0.0,0.0,0.0,0.0,6.5998704992128365,629.5985720011272,14864.905154012646
,11/5/22,Sat,0.645833333,3:30p,Indiana,Penn St.,2.23M,2230.0,Penn St.,45.0,14.0,1.0,0.0,1,0.0,0.0,0.0,0.0,0.0,1.0,0.0,0.0,0.0,0.0,0.0,0.0,Big Ten,Big Ten,0.0,,,13.5,,,0.0,13.5,,,,31.0,,,,,,,,,,0.0,0.0,0.0,2.0,,,,,,15.5,0,0,0,0,1,0,2022-11-05,2022,1,0,0,0,0,0,0,0,0,0,0,0,0,0,0,0,0,0,0,0,0,0,0,0,0,0,0,0,0,0,0,0.0,0.0,0.0,0.0,0.0,0.0,0.0,0.0,0.0,0.0,0.0,0.0,0.0,7.7102051944325325,3195.730059294815,12298.773666718957
,11/5/22,Sat,0.645833333,3:30p,Illinois,Michigan St.,928K,928.0,Michigan St.,23.0,15.0,1.0,0.0,2,0.0,0.0,0.0,0.0,0.0,0.0,0.0,0.0,0.0,0.0,1.0,0.0,Big Ten,Big Ten,0.0,,,16.0,,,0.0,-16.0,,,,8.0,,,,,,,,,,0.0,0.0,0.0,2.0,,,,,,15.5,0,0,0,0,1,0,2022-11-05,2022,1,0,0,0,0,0,0,0,0,0,0,0,0,0,0,0,0,0,0,0,0,0,0,0,0,0,0,0,0,0,0,0.0,0.0,0.0,0.0,0.0,0.0,0.0,0.0,0.0,0.0,0.0,0.0,0.0,6.834108738813838,783.7650219470244,14710.738704066749
,11/5/22,Sat,0.645833333,3:30p,Memphis,UCF,321K,321.0,UCF,35.0,28.0,1.0,0.0,2,0.0,0.0,1.0,0.0,0.0,0.0,0.0,0.0,0.0,0.0,0.0,0.0,American Athletic,American Athletic,0.0,,,3.0,,,0.0,3.0,,,,7.0,,,,,,,,,,0.0,0.0,0.0,0.0,,,,,,15.5,0,0,0,0,1,0,2022-11-05,2022,1,0,0,0,0,0,0,0,0,0,0,0,0,0,0,0,0,0,0,0,0,0,0,0,0,0,0,0,0,0,0,0.0,0.0,0.0,0.0,0.0,0.0,0.0,0.0,0.0,0.0,0.0,0.0,0.0,5.7745515455444085,401.01371574322184,15093.49001027055
,11/5/22,Sat,0.645833333,3:30p,Colorado,Oregon,962K,962.0,Oregon,49.0,10.0,0.0,1.0,1,0.0,0.0,0.0,0.0,0.0,0.0,0.0,0.0,0.0,0.0,0.0,0.0,Pac-12,Pac-12,0.0,,,31.0,,,0.0,31.0,,,,39.0,,,,,,,,,,0.0,0.0,0.0,0.0,,,,,,15.5,0,0,0,0,1,0,2022-11-05,2022,1,0,0,0,0,0,0,0,0,0,0,0,0,0,0,0,0,0,0,0,0,0,0,0,0,0,0,0,0,0,0,0.0,0.0,0.0,0.0,0.0,0.0,0.0,0.0,0.0,0.0,0.0,0.0,0.0,6.870053411798126,1771.2031038891378,13723.300622124636
,11/5/22,Sat,0.645833333,3:30p,Georgia,Tennessee,13.06M,13060.0,Georgia,27.0,13.0,0.0,2.0,1,0.0,0.0,0.0,0.0,1.0,0.0,0.0,0.0,0.0,0.0,0.0,0.0,SEC,SEC,0.0,,,10.0,,,0.0,-10.0,,,,14.0,,,,,,,,,,0.0,2.0,0.0,0.0,,,,,,15.5,0,0,0,0,1,0,2022-11-05,2022,1,0,0,0,0,0,0,0,0,0,0,0,0,0,0,0,0,0,0,0,0,0,0,0,0,1,1,0,0,0,0,0.0,0.0,0.0,0.0,0.0,0.0,0.0,0.0,0.0,0.0,0.0,0.0,0.0,9.47738596957752,8713.193253138446,6781.310472875326
,11/5/22,Sat,0.791666667,7:00p,Boise St.,BYU,281K,281.0,BYU,31.0,28.0,0.0,0.0,2,0.0,0.0,0.0,0.0,0.0,0.0,0.0,0.0,1.0,0.0,0.0,0.0,Mountain West,FBS Independents,0.0,,,9.5,,,0.0,-9.5,,,,3.0,,,,,,,,,,0.0,0.0,0.0,0.0,,,,,,19.0,0,0,0,0,0,0,2022-11-05,2022,1,0,0,0,0,0,0,0,0,0,0,0,0,0,0,0,0,0,0,0,0,0,0,0,0,0,0,0,0,0,0,0.0,0.0,0.0,0.0,0.0,0.0,0.0,0.0,0.0,0.0,0.0,0.0,0.0,5.641907070938114,244.6362763010776,16842.597822298787
,11/5/22,Sat,0.791666667,7:00p,LSU,Alabama,7.58M,7580.0,LSU,32.0,31.0,1.0,1.0,1,0.0,0.0,0.0,0.0,0.0,0.0,0.0,0.0,0.0,0.0,0.0,0.0,SEC,SEC,0.0,,,13.5,,,0.0,13.5,,,,1.0,,,,,,,,,,0.0,2.0,0.0,0.0,,,,,,19.0,0,0,0,0,0,0,2022-11-05,2022,1,0,0,0,0,0,0,0,0,0,0,0,0,0,0,0,0,0,0,0,0,0,0,0,1,1,1,0,0,0,0,0.0,0.0,0.0,0.0,0.0,0.0,0.0,0.0,0.0,0.0,0.0,0.0,0.0,8.933400396056303,7242.38787892336,9844.846219676507
,11/5/22,Sat,0.791666667,7:00p,Kansas St.,Texas,1.25M,1250.0,Texas,34.0,27.0,1.0,0.0,2,0.0,1.0,0.0,0.0,0.0,0.0,0.0,0.0,0.0,0.0,0.0,0.0,Big 12,Big 12,0.0,,,3.0,,,0.0,3.0,,,,7.0,,,,,,,,,,2.0,0.0,0.0,0.0,,,,,,19.0,0,0,0,0,0,0,2022-11-05,2022,1,0,0,0,0,0,0,0,0,0,0,0,0,0,0,0,0,0,0,0,0,0,0,0,0,0,0,0,0,0,0,0.0,0.0,0.0,0.0,0.0,0.0,0.0,0.0,0.0,0.0,0.0,0.0,0.0,7.1316985104669115,1052.400988175718,16034.833110424148
,11/5/22,Sat,0.8125,7:30p,Miami,Florida St.,1.5M,1500.0,Florida St.,45.0,3.0,0.0,0.0,1,0.0,0.0,0.0,0.0,0.0,1.0,0.0,0.0,0.0,0.0,0.0,0.0,ACC,ACC,0.0,,,6.5,,,0.0,6.5,,,,42.0,,,,,,,,,,0.0,0.0,2.0,0.0,,,,,,19.5,0,0,0,0,0,0,2022-11-05,2022,1,0,0,0,0,0,0,0,0,0,0,0,0,0,1,0,0,0,0,0,0,0,0,0,0,0,0,0,0,0,0,0.0,0.0,0.0,0.0,0.0,0.0,0.0,0.0,0.0,0.0,0.0,0.0,0.0,7.313886831633462,2289.3723346801644,14797.8617639197
,11/5/22,Sat,0.8125,7:30p,Mississippi St.,Auburn,512K,512.0,Mississippi St.,39.0,33.0,0.0,0.0,2,0.0,0.0,1.0,0.0,0.0,0.0,0.0,0.0,0.0,0.0,0.0,0.0,SEC,SEC,0.0,,,12.5,,,0.0,-12.5,,,,6.0,,,,,,,,,,0.0,2.0,0.0,0.0,,,,,,19.5,0,0,0,0,0,0,2022-11-05,2022,1,0,0,0,0,0,0,0,0,0,0,0,0,0,0,0,0,0,0,0,0,0,0,0,0,0,0,0,0,0,0,0.0,0.0,0.0,0.0,0.0,0.0,0.0,0.0,0.0,0.0,0.0,0.0,0.0,6.240275845170769,965.3941172609909,16121.839981338875
,11/5/22,Sat,0.8125,7:30p,Rutgers,Michigan,1.29M,1290.0,Michigan,52.0,17.0,0.0,1.0,2,0.0,0.0,0.0,0.0,0.0,0.0,0.0,0.0,0.0,0.0,1.0,0.0,Big Ten,Big Ten,0.0,,,26.5,,,0.0,26.5,,,,35.0,,,,,,,,,,0.0,0.0,0.0,2.0,,,,,,19.5,0,0,0,0,0,0,2022-11-05,2022,1,0,0,0,0,0,0,0,0,0,0,0,0,0,0,0,0,0,0,0,0,0,0,0,0,0,0,0,0,0,0,0.0,0.0,0.0,0.0,0.0,0.0,0.0,0.0,0.0,0.0,0.0,0.0,0.0,7.1631723908466425,1089.7801363833842,15997.453962216481
,11/5/22,Sat,0.8125,7:30p,Notre Dame,Clemson,3.22M,3220.0,Notre Dame,35.0,14.0,0.0,1.0,1,0.0,0.0,0.0,1.0,0.0,0.0,0.0,0.0,0.0,0.0,0.0,0.0,FBS Independents,ACC,0.0,,,3.5,,,0.0,3.5,,,,21.0,,,,,,,,,,0.0,0.0,1.0,0.0,,,,,,19.5,0,0,0,0,0,0,2022-11-05,2022,1,0,0,0,0,0,0,0,0,0,0,0,0,0,0,0,0,0,0,0,0,0,0,0,0,0,0,0,0,0,0,0.0,0.0,0.0,0.0,0.0,0.0,0.0,0.0,0.0,0.0,0.0,0.0,0.0,8.0774471493312,4203.26236687517,12883.971731724694
,11/5/22,Sat,0.9375,10:30p,USC,California,2.04M,2040.0,USC,41.0,35.0,0.0,1.0,0,0.0,0.0,0.0,0.0,0.0,0.0,0.0,0.0,0.0,0.0,0.0,0.0,Pac-12,Pac-12,0.0,,,21.0,,,0.0,-21.0,,,,6.0,,,,,,,,,,0.0,0.0,0.0,0.0,,,,,,22.5,0,0,0,0,0,1,2022-11-05,2022,1,0,0,0,0,0,0,0,0,0,0,0,0,0,0,0,0,0,0,0,0,0,0,0,0,0,0,0,0,0,0,0.0,0.0,0.0,0.0,0.0,0.0,0.0,0.0,0.0,0.0,0.0,0.0,0.0,7.621195162809845,1797.3392778137522,670.25312325441
,11/5/22,Sat,0.9375,10:30p,Arizona St.,UCLA,490K,490.0,UCLA,50.0,36.0,0.0,1.0,1,0.0,1.0,0.0,0.0,0.0,0.0,0.0,0.0,0.0,0.0,0.0,0.0,Pac-12,Pac-12,0.0,,,11.0,,,0.0,11.0,,,,14.0,,,,,,,,,,0.0,0.0,0.0,0.0,,,,,,22.5,0,0,0,0,0,1,2022-11-05,2022,1,0,0,0,0,0,0,0,0,0,0,0,0,0,0,0,0,0,0,0,0,0,0,0,0,0,0,0,0,0,0,0.0,0.0,0.0,0.0,0.0,0.0,0.0,0.0,0.0,0.0,0.0,0.0,0.0,6.19644412779452,670.25312325441,1797.3392778137522
,11/8/22,Tue,0.8125,7:30p,Miami Ohio,Ohio,258K,258.0,Ohio,37.0,21.0,0.0,0.0,0,0.0,0.0,1.0,0.0,0.0,0.0,0.0,0.0,0.0,0.0,0.0,0.0,Mid-American,Mid-American,0.0,,,2.5,,,0.0,2.5,,,,16.0,,,,,,,,,,0.0,0.0,0.0,0.0,,,,,,19.5,0,1,0,0,0,0,2022-11-08,2022,1,0,0,0,0,0,0,0,0,0,0,0,0,0,0,0,0,0,0,0,0,0,0,0,0,0,0,0,0,0,0,0.0,0.0,0.0,0.0,0.0,0.0,0.0,0.0,0.0,0.0,0.0,0.0,0.0,5.556828061699537,375.8387526623299,524.2727502971909
,11/8/22,Tue,0.833333333,8:00p,Toledo,Ball St.,482K,482.0,Toledo,28.0,21.0,0.0,0.0,0,0.0,0.0,0.0,0.0,0.0,0.0,0.0,0.0,0.0,0.0,0.0,0.0,Mid-American,Mid-American,0.0,,,13.5,,,0.0,-13.5,,,,7.0,,,,,,,,,,0.0,0.0,0.0,0.0,,,,,,20.0,0,1,0,0,0,0,2022-11-08,2022,1,0,0,0,0,0,0,0,0,0,0,0,0,0,0,0,0,0,0,0,0,0,0,0,0,0,0,0,0,0,0,0.0,0.0,0.0,0.0,0.0,0.0,0.0,0.0,0.0,0.0,0.0,0.0,0.0,6.180016653652572,524.2727502971909,375.8387526623299
,11/9/22,Wed,0.791666667,7:00p,Central Michigan,Buffalo,350K,350.0,Central Michigan,31.0,27.0,0.0,0.0,0,0.0,0.0,1.0,0.0,0.0,0.0,0.0,0.0,0.0,0.0,0.0,0.0,Mid-American,Mid-American,0.0,,,2.5,,,0.0,-2.5,,,,4.0,,,,,,,,,,0.0,0.0,0.0,0.0,,,,,,19.0,0,1,0,0,0,0,2022-11-09,2022,1,0,0,0,0,0,0,0,0,0,0,0,0,0,0,0,0,0,0,0,0,0,0,0,0,0,0,0,0,0,0,0.0,0.0,0.0,0.0,0.0,0.0,0.0,0.0,0.0,0.0,0.0,0.0,0.0,5.860786223465865,356.8894789001025,0.0
,11/10/22,Thu,0.8125,7:30p,Memphis,Tulsa,574K,574.0,Memphis,26.0,10.0,0.0,0.0,0,0.0,0.0,0.0,0.0,0.0,0.0,0.0,0.0,0.0,0.0,0.0,0.0,American Athletic,American Athletic,0.0,,,6.5,,,0.0,-6.5,,,,16.0,,,,,,,,,,0.0,0.0,0.0,0.0,,,,,,19.5,0,1,0,0,0,0,2022-11-10,2022,1,0,0,0,0,0,0,0,0,0,0,0,0,0,0,0,0,0,0,0,0,0,0,0,0,0,0,0,0,0,0,0.0,0.0,0.0,0.0,0.0,0.0,0.0,0.0,0.0,0.0,0.0,0.0,0.0,6.354370040797351,581.034700047918,226.42802053614366
,11/10/22,Thu,0.8125,7:30p,Louisiana,Georgia Southern,254K,254.0,Louisiana,36.0,17.0,0.0,0.0,0,0.0,0.0,1.0,0.0,0.0,0.0,0.0,0.0,0.0,0.0,0.0,0.0,Sun Belt,Sun Belt,0.0,,,3.5,,,0.0,-3.5,,,,19.0,,,,,,,,,,0.0,0.0,0.0,0.0,,,,,,19.5,0,1,0,0,0,0,2022-11-10,2022,1,0,0,0,0,0,0,0,0,0,0,0,0,0,0,0,0,0,0,0,0,0,0,0,0,0,0,0,0,0,0,0.0,0.0,0.0,0.0,0.0,0.0,0.0,0.0,0.0,0.0,0.0,0.0,0.0,5.541263545158426,226.42802053614366,581.034700047918
,11/11/22,Fri,0.833333333,8:00p,Cincinnati,East Carolina,803K,803.0,Cincinnati,27.0,25.0,0.0,0.0,0,0.0,0.0,1.0,0.0,0.0,0.0,0.0,0.0,0.0,0.0,0.0,0.0,American Athletic,American Athletic,0.0,,,4.5,,,0.0,-4.5,,,,2.0,,,,,,,,,,0.0,0.0,0.0,0.0,,,,,,20.0,0,0,1,0,0,0,2022-11-11,2022,1,0,0,0,0,0,0,0,0,0,0,0,0,0,0,0,0,0,0,0,0,0,0,0,0,0,0,0,0,0,0,0.0,1.0,0.0,0.0,0.0,0.0,0.0,0.0,0.0,0.0,0.0,0.0,0.0,6.6895992691789665,879.3703727754123,0.0
,11/11/22,Fri,0.895833333,9:30p,USC,Colorado,525K,525.0,USC,55.0,17.0,0.0,1.0,0,0.0,1.0,0.0,0.0,0.0,0.0,0.0,0.0,0.0,0.0,0.0,0.0,Pac-12,Pac-12,0.0,,,34.5,,,0.0,-34.5,,,,38.0,,,,,,,,,,0.0,0.0,0.0,0.0,,,,,,21.5,0,0,1,0,0,0,2022-11-11,2022,1,0,0,0,0,0,0,0,0,0,0,0,0,0,0,0,0,0,0,0,0,0,0,0,0,0,0,0,0,0,0,0.0,0.0,1.0,0.0,0.0,0.0,0.0,0.0,0.0,0.0,0.0,0.0,0.0,6.26530121273771,1190.6488350108007,0.0
,11/12/22,Sat,0.5,12:00p,Ohio St.,Indiana,3.34M,3340.0,Ohio St.,56.0,14.0,0.0,1.0,2,1.0,0.0,0.0,0.0,0.0,0.0,0.0,0.0,0.0,0.0,0.0,0.0,Big Ten,Big Ten,0.0,,,40.5,,,0.0,-40.5,,,,42.0,,,,,,,,,,0.0,0.0,0.0,2.0,,,,,,12.0,0,0,0,1,0,0,2022-11-12,2022,1,0,0,0,0,0,0,0,0,0,0,0,0,0,0,0,0,0,0,0,0,0,0,0,0,0,0,0,0,0,0,0.0,0.0,0.0,0.0,0.0,0.0,0.0,0.0,0.0,0.0,0.0,0.0,0.0,8.114025442356757,4254.079111845235,11803.311001477621
,11/12/22,Sat,0.5,12:00p,Michigan St.,Rutgers,591K,591.0,Michigan St.,27.0,21.0,0.0,0.0,3,0.0,0.0,0.0,0.0,0.0,0.0,0.0,0.0,0.0,0.0,1.0,0.0,Big Ten,Big Ten,0.0,,,10.0,,,0.0,-10.0,,,,6.0,,,,,,,,,,0.0,0.0,0.0,2.0,,,,,,12.0,0,0,0,1,0,0,2022-11-12,2022,1,0,0,0,0,0,0,0,0,0,0,0,0,0,0,0,0,0,0,0,0,0,0,0,0,0,0,0,0,0,0,0.0,0.0,0.0,0.0,0.0,0.0,0.0,0.0,0.0,0.0,0.0,0.0,0.0,6.3835066348840055,519.0490374542289,15538.341075868626
,11/12/22,Sat,0.5,12:00p,Navy,Notre Dame,2.07M,2070.0,Notre Dame,35.0,32.0,1.0,0.0,2,0.0,0.0,0.0,0.0,0.0,1.0,0.0,0.0,0.0,0.0,0.0,0.0,American Athletic,FBS Independents,0.0,,,17.0,,,0.0,17.0,,,,3.0,,,,,,,,,,0.0,0.0,0.0,0.0,,,,,,12.0,0,0,0,1,0,0,2022-11-12,2022,1,0,0,0,0,0,0,0,0,0,0,0,0,0,0,0,0,0,0,0,0,0,0,0,0,0,0,0,0,0,0,0.0,0.0,0.0,0.0,0.0,0.0,0.0,0.0,0.0,0.0,0.0,0.0,0.0,7.635786861395585,2712.5855912706497,13344.804522052204
,11/12/22,Sat,0.5,12:00p,West Virginia,Oklahoma,956K,956.0,West Virginia,23.0,20.0,0.0,0.0,3,0.0,1.0,0.0,0.0,0.0,0.0,0.0,0.0,0.0,0.0,0.0,0.0,Big 12,Big 12,0.0,,,8.5,,,0.0,8.5,,,,3.0,,,,,,,,,,2.0,0.0,0.0,0.0,,,,,,12.0,0,0,0,1,0,0,2022-11-12,2022,1,0,0,0,0,0,0,0,0,0,0,0,0,0,0,0,0,0,0,0,0,0,0,0,0,0,0,0,0,0,0,0.0,0.0,0.0,0.0,0.0,0.0,0.0,0.0,0.0,0.0,0.0,0.0,0.0,6.863803391452954,775.4522214836097,15281.937891839247
,11/12/22,Sat,0.5,12:00p,Tennessee,Missouri,3.01M,3010.0,Tennessee,66.0,24.0,0.0,1.0,2,0.0,0.0,0.0,0.0,1.0,0.0,0.0,0.0,0.0,0.0,0.0,0.0,SEC,SEC,0.0,,,19.5,,,0.0,-19.5,,,,42.0,,,,,,,,,,0.0,2.0,0.0,0.0,,,,,,12.0,0,0,0,1,0,0,2022-11-12,2022,1,0,0,0,0,0,0,0,0,0,0,0,0,0,0,0,0,0,0,0,0,0,0,0,0,0,0,0,0,0,0,0.0,0.0,0.0,0.0,0.0,0.0,0.0,0.0,0.0,0.0,0.0,0.0,0.0,8.010027528481734,4017.27572850443,12040.114384818426
,11/12/22,Sat,0.5,12:00p,Illinois,Purdue,835K,835.0,Purdue,31.0,24.0,1.0,0.0,3,0.0,0.0,1.0,0.0,0.0,0.0,0.0,0.0,0.0,0.0,0.0,0.0,Big Ten,Big Ten,0.0,,,5.5,,,0.0,,,,,7.0,,,,,,,,,,0.0,0.0,0.0,2.0,,,,,,12.0,0,0,0,1,0,0,2022-11-12,2022,1,0,0,0,0,0,0,0,0,0,0,0,0,0,0,0,0,0,0,0,0,0,0,0,0,0,0,0,0,0,0,0.0,0.0,0.0,0.0,0.0,0.0,0.0,0.0,0.0,0.0,0.0,0.0,0.0,6.728628613084702,722.3325490066364,15335.05756431622
,11/12/22,Sat,0.5,12:00p,Arkansas,LSU,3.57M,3570.0,LSU,13.0,10.0,0.0,1.0,2,0.0,0.0,0.0,0.0,0.0,0.0,0.0,0.0,0.0,0.0,0.0,0.0,SEC,SEC,0.0,,,3.5,,,0.0,3.5,,,,3.0,,,,,,,,,,0.0,2.0,0.0,0.0,,,,,,12.0,0,0,0,1,0,0,2022-11-12,2022,1,0,0,0,0,0,0,0,0,0,0,0,0,0,0,0,0,0,0,0,0,0,0,0,0,0,0,0,0,0,0,0.0,0.0,0.0,0.0,0.0,0.0,0.0,0.0,0.0,0.0,0.0,0.0,0.0,8.18060094759445,3056.6158737580654,13000.774239564791
,11/12/22,Sat,0.645833333,3:30p,Iowa,Wisconsin,1.09M,1090.0,Iowa,24.0,10.0,0.0,0.0,2,0.0,1.0,0.0,0.0,0.0,0.0,0.0,0.0,0.0,0.0,0.0,0.0,Big Ten,Big Ten,0.0,,,1.5,,,0.0,1.5,,,,14.0,,,,,,,,,,0.0,0.0,0.0,2.0,,,,,,15.5,0,0,0,0,1,0,2022-11-12,2022,1,0,0,0,0,0,0,0,0,0,0,0,0,0,0,0,0,0,0,0,0,0,0,0,0,0,0,0,0,0,0,0.0,0.0,0.0,0.0,0.0,0.0,0.0,0.0,0.0,0.0,0.0,0.0,0.0,6.994849985833071,889.3818023183114,19839.243626476313
,11/12/22,Sat,0.645833333,3:30p,Oklahoma St.,Iowa St.,272K,272.0,Oklahoma St.,20.0,14.0,0.0,0.0,1,0.0,0.0,0.0,0.0,0.0,0.0,0.0,1.0,0.0,0.0,0.0,0.0,Big 12,Big 12,0.0,,,2.5,,,0.0,2.5,,,,6.0,,,,,,,,,,2.0,0.0,0.0,0.0,,,,,,15.5,0,0,0,0,1,0,2022-11-12,2022,1,0,0,0,0,0,0,0,0,0,0,0,0,0,0,0,0,0,0,0,0,0,0,0,0,0,0,0,0,0,0,0.0,0.0,0.0,0.0,0.0,0.0,0.0,0.0,0.0,0.0,0.0,0.0,0.0,5.60947179518496,169.88658596490984,20558.738842829716
,11/12/22,Sat,0.645833333,3:30p,Mississippi,Alabama,8.71M,8710.0,Alabama,30.0,24.0,1.0,1.0,1,0.0,0.0,0.0,0.0,1.0,0.0,0.0,0.0,0.0,0.0,0.0,0.0,SEC,SEC,0.0,,,11.0,,,0.0,11.0,,,,6.0,,,,,,,,,,0.0,2.0,0.0,0.0,,,,,,15.5,0,0,0,0,1,0,2022-11-12,2022,1,0,0,0,0,0,0,0,0,0,0,0,0,0,0,0,0,0,0,0,0,0,0,0,0,1,1,0,0,0,0,0.0,0.0,0.0,0.0,0.0,0.0,0.0,0.0,0.0,0.0,0.0,0.0,0.0,9.072341873818893,6177.810854060355,14550.814574734268
,11/12/22,Sat,0.645833333,3:30p,Michigan,Nebraska,3.88M,3880.0,Michigan,34.0,3.0,0.0,1.0,1,0.0,0.0,0.0,0.0,0.0,1.0,0.0,0.0,0.0,0.0,0.0,0.0,Big Ten,Big Ten,0.0,,,30.5,,,0.0,-30.5,,,,31.0,,,,,,,,,,0.0,0.0,0.0,2.0,,,,,,15.5,0,0,0,0,1,0,2022-11-12,2022,1,0,0,0,0,0,0,0,0,0,0,0,0,0,0,0,0,0,0,0,0,0,0,0,0,0,0,0,0,0,0,0.0,0.0,0.0,0.0,0.0,0.0,0.0,0.0,0.0,0.0,0.0,0.0,0.0,8.263848131368906,8330.226227692716,12398.399201101907
,11/12/22,Sat,0.645833333,3:30p,Penn St.,Maryland,1.88M,1880.0,Penn St.,30.0,0.0,1.0,0.0,1,1.0,0.0,0.0,0.0,0.0,0.0,0.0,0.0,0.0,0.0,0.0,0.0,Big Ten,Big Ten,0.0,,,10.5,,,0.0,-10.5,,,,30.0,,,,,,,,,,0.0,0.0,0.0,2.0,,,,,,15.5,0,0,0,0,1,0,2022-11-12,2022,1,0,0,0,0,0,0,0,0,0,0,0,0,0,0,0,0,0,0,0,0,0,0,0,0,0,0,0,0,0,0,0.0,0.0,0.0,0.0,0.0,0.0,0.0,0.0,0.0,0.0,0.0,0.0,0.0,7.53955882930103,2594.3646442615295,18134.260784533093
,11/12/22,Sat,0.645833333,3:30p,Tulane,UCF,368K,368.0,UCF,38.0,31.0,2.0,0.0,2,0.0,0.0,1.0,0.0,0.0,0.0,0.0,0.0,0.0,0.0,0.0,0.0,American Athletic,American Athletic,0.0,,,1.0,,,0.0,-1.0,,,,7.0,,,,,,,,,,0.0,0.0,0.0,0.0,,,,,,15.5,0,0,0,0,1,0,2022-11-12,2022,1,0,0,0,0,0,0,0,0,0,0,0,0,0,0,0,0,0,0,0,0,0,0,0,0,1,0,0,0,0,0,0.0,0.0,0.0,0.0,0.0,0.0,0.0,0.0,0.0,0.0,0.0,0.0,0.0,5.910796644040527,505.41048109761215,20223.21494769701
,11/12/22,Sat,0.645833333,3:30p,Clemson,Louisville,1.35M,1350.0,Clemson,31.0,16.0,1.0,0.0,1,0.0,0.0,0.0,0.0,0.0,0.0,0.0,0.0,0.0,0.0,0.0,0.0,ACC,ACC,0.0,,,7.0,,,0.0,-7.0,,,,15.0,,,,,,,,,,0.0,0.0,2.0,0.0,,,,,,15.5,0,0,0,0,1,0,2022-11-12,2022,1,0,0,0,0,0,0,0,0,0,0,0,0,0,0,0,0,0,0,0,0,0,0,0,0,0,0,0,0,0,0,0.0,0.0,0.0,0.0,0.0,0.0,0.0,0.0,0.0,0.0,0.0,0.0,0.0,7.208600337960199,1671.2807264215726,19057.34470237305
,11/12/22,Sat,0.645833333,3:30p,Minnesota,Northwestern,331K,331.0,Minnesota,31.0,3.0,0.0,0.0,2,0.0,0.0,0.0,0.0,0.0,0.0,0.0,0.0,0.0,0.0,1.0,0.0,Big Ten,Big Ten,0.0,,,17.0,,,0.0,-17.0,,,,28.0,,,,,,,,,,0.0,0.0,0.0,2.0,,,,,,15.5,0,0,0,0,1,0,2022-11-12,2022,1,0,0,0,0,0,0,0,0,0,0,0,0,0,0,0,0,0,0,0,0,0,0,0,0,0,0,0,0,0,0,0.0,0.0,0.0,0.0,0.0,0.0,0.0,0.0,0.0,0.0,0.0,0.0,0.0,5.805134968916488,390.26410697761895,20338.361321817007
,11/12/22,Sat,0.791666667,7:00p,Oregon,Washington,3.63M,3630.0,Washington,37.0,34.0,1.0,1.0,2,1.0,0.0,0.0,0.0,0.0,0.0,0.0,0.0,0.0,0.0,0.0,0.0,Pac-12,Pac-12,0.0,,,12.0,,,0.0,-12.0,,,,3.0,,,,,,,,,,0.0,0.0,0.0,0.0,,,,,,19.0,0,0,0,0,0,0,2022-11-12,2022,1,0,0,0,0,0,0,0,1,0,0,0,0,0,0,0,0,0,0,0,0,0,0,0,0,1,0,0,0,0,0,0.0,0.0,0.0,0.0,0.0,0.0,0.0,0.0,0.0,0.0,0.0,0.0,0.0,8.197263371414335,3831.084496453987,9943.567993127363
,11/12/22,Sat,0.791666667,7:00p,Baylor,Kansas St.,528K,528.0,Kansas St.,31.0,3.0,1.0,0.0,3,0.0,1.0,0.0,0.0,0.0,0.0,0.0,0.0,0.0,0.0,0.0,0.0,Big 12,Big 12,0.0,,,2.5,,,0.0,-2.5,,,,28.0,,,,,,,,,,2.0,0.0,0.0,0.0,,,,,,19.0,0,0,0,0,0,0,2022-11-12,2022,1,0,0,0,0,0,0,0,0,0,0,0,0,0,0,0,0,0,0,0,0,0,0,0,0,0,0,0,0,0,0,0.0,0.0,0.0,0.0,0.0,0.0,0.0,0.0,0.0,0.0,0.0,0.0,0.0,6.270988431858299,594.4399966741773,13180.21249290717
,11/12/22,Sat,0.791666667,7:00p,Mississippi St.,Georgia,3.34M,3340.0,Georgia,45.0,19.0,0.0,1.0,2,0.0,0.0,0.0,0.0,0.0,0.0,0.0,0.0,0.0,0.0,0.0,0.0,SEC,SEC,0.0,,,16.5,,,0.0,16.5,,,,26.0,,,,,,,,,,0.0,2.0,0.0,0.0,,,,,,19.0,0,0,0,0,0,0,2022-11-12,2022,1,0,0,0,0,0,0,0,0,0,0,0,0,0,0,0,0,0,0,0,0,0,0,0,0,0,0,0,0,0,0,0.0,0.0,0.0,0.0,0.0,0.0,0.0,0.0,0.0,0.0,0.0,0.0,0.0,8.114025442356757,2997.52478580949,10777.127703771857
,11/12/22,Sat,0.8125,7:30p,Texas,TCU,5.03M,5030.0,TCU,17.0,10.0,1.0,1.0,2,0.0,0.0,0.0,0.0,0.0,1.0,0.0,0.0,0.0,0.0,0.0,0.0,Big 12,Big 12,0.0,,,7.5,,,0.0,-7.5,,,,7.0,,,,,,,,,,2.0,0.0,0.0,0.0,,,,,,19.5,0,0,0,0,0,0,2022-11-12,2022,1,0,0,0,0,0,0,0,0,0,0,0,0,0,0,0,0,0,0,0,0,0,0,0,0,1,0,0,0,1,0,0.0,0.0,0.0,0.0,0.0,0.0,0.0,0.0,0.0,0.0,0.0,0.0,0.0,8.523374050491318,5772.343538315046,8002.308951266301
,11/12/22,Sat,0.8125,7:30p,Wake Forest,North Carolina,610K,610.0,North Carolina,36.0,34.0,1.0,0.0,3,0.0,0.0,1.0,0.0,0.0,0.0,0.0,0.0,0.0,0.0,0.0,0.0,ACC,ACC,0.0,,,4.5,,,0.0,-4.5,,,,2.0,,,,,,,,,,0.0,0.0,2.0,0.0,,,,,,19.5,0,0,0,0,0,0,2022-11-12,2022,1,0,0,0,0,0,0,0,0,0,0,0,0,0,0,0,0,0,0,0,0,0,0,0,0,0,0,0,0,0,0,0.0,0.0,0.0,0.0,0.0,0.0,0.0,0.0,0.0,0.0,0.0,0.0,0.0,6.415096959171596,579.2596723286471,13195.392817252701
,11/12/22,Sat,0.9375,10:30p,Utah,Stanford,1.04M,1040.0,Utah,42.0,7.0,1.0,0.0,0,0.0,0.0,0.0,0.0,0.0,0.0,0.0,0.0,0.0,0.0,0.0,0.0,Pac-12,Pac-12,0.0,,,24.0,,,0.0,-24.0,,,,35.0,,,,,,,,,,0.0,0.0,0.0,0.0,,,,,,22.5,0,0,0,0,0,1,2022-11-12,2022,1,0,0,0,0,0,0,0,0,0,0,0,0,0,0,0,0,0,0,0,0,0,0,0,0,0,0,0,0,0,0,0.0,0.0,0.0,0.0,0.0,0.0,0.0,0.0,0.0,0.0,0.0,0.0,0.0,6.947937068614969,1054.734078194601,2317.2715475062473
,11/12/22,Sat,0.9375,10:30p,San Diego St.,San Jose St.,146K,146.0,San Diego St.,43.0,27.0,0.0,0.0,1,0.0,1.0,0.0,0.0,0.0,0.0,0.0,0.0,0.0,0.0,0.0,0.0,Mountain West,Mountain West,0.0,,,2.0,,,0.0,2.0,,,,16.0,,,,,,,,,,0.0,0.0,0.0,0.0,,,,,,22.5,0,0,0,0,0,1,2022-11-12,2022,1,0,0,0,0,0,0,0,0,0,0,0,0,0,0,0,0,0,0,0,0,0,0,0,0,0,0,0,0,0,0,0.0,0.0,0.0,0.0,0.0,0.0,0.0,0.0,0.0,0.0,0.0,0.0,0.0,4.990432586778736,249.41833833024265,3122.5872873706057
,11/12/22,Sat,0.9375,10:30p,UCLA,Arizona,1.86M,1860.0,Arizona,34.0,28.0,0.0,1.0,0,1.0,0.0,0.0,0.0,0.0,0.0,0.0,0.0,0.0,0.0,0.0,0.0,Pac-12,Pac-12,0.0,,,20.0,,,0.0,-20.0,,,,6.0,,,,,,,,,,0.0,0.0,0.0,0.0,,,,,,22.5,0,0,0,0,0,1,2022-11-12,2022,1,0,0,0,0,0,0,0,0,0,0,0,0,0,0,0,0,0,0,0,0,0,0,0,0,0,0,0,0,0,0,0.0,0.0,0.0,0.0,0.0,0.0,0.0,0.0,0.0,0.0,0.0,0.0,0.0,7.528869256642251,2067.853209176005,1304.1524165248436
,11/15/22,Tue,0.791666667,7:00p,Ball St.,Ohio,250K,250.0,Ohio,32.0,18.0,0.0,0.0,0,0.0,0.0,1.0,0.0,0.0,0.0,0.0,0.0,0.0,0.0,0.0,0.0,Mid-American,Mid-American,0.0,,,3.5,,,0.0,3.5,,,,14.0,,,,,,,,,,0.0,0.0,0.0,0.0,,,,,,19.0,0,1,0,0,0,0,2022-11-15,2022,1,0,0,0,0,0,0,0,0,0,0,0,0,0,0,0,0,0,0,0,0,0,0,0,0,0,0,0,0,0,0,0.0,0.0,0.0,0.0,0.0,0.0,0.0,0.0,0.0,0.0,0.0,0.0,0.0,5.5254529391317835,379.1496414351495,0.0
,11/16/22,Wed,0.75,6:00p,Kent St.,Eastern Michigan,399K,399.0,Eastern Michigan,31.0,24.0,0.0,0.0,0,0.0,0.0,1.0,0.0,0.0,0.0,0.0,0.0,0.0,0.0,0.0,0.0,Mid-American,Mid-American,0.0,,,7.5,,,0.0,-7.5,,,,7.0,,,,,,,,,,0.0,0.0,0.0,0.0,,,,,,18.0,0,1,0,0,0,0,2022-11-16,2022,1,0,0,0,0,0,0,0,0,0,0,0,0,0,0,0,0,0,0,0,0,0,0,0,0,0,0,0,0,0,0,0.0,0.0,0.0,0.0,0.0,0.0,0.0,0.0,0.0,0.0,0.0,0.0,0.0,5.991464547107982,298.973355810534,0.0
,11/16/22,Wed,0.833333333,8:00p,Central Michigan,Western Michigan,179K,179.0,Western Michigan,12.0,10.0,0.0,0.0,0,0.0,0.0,0.0,0.0,0.0,0.0,0.0,1.0,0.0,0.0,0.0,0.0,Mid-American,Mid-American,0.0,,,10.0,,,0.0,-10.0,,,,2.0,,,,,,,,,,0.0,0.0,0.0,0.0,,,,,,20.0,0,1,0,0,0,0,2022-11-16,2022,1,0,0,0,0,0,0,0,0,0,0,0,0,0,0,0,0,0,0,0,0,0,0,0,0,0,0,0,0,0,0,0.0,0.0,0.0,0.0,0.0,0.0,0.0,0.0,0.0,0.0,0.0,0.0,0.0,5.19295685089021,97.20933631868118,0.0
,11/17/22,Thu,0.8125,7:30p,Tulane,SMU,767K,767.0,Tulane,59.0,24.0,1.0,0.0,0,0.0,0.0,0.0,0.0,0.0,0.0,0.0,0.0,0.0,0.0,0.0,0.0,American Athletic,American Athletic,0.0,,,3.5,,,0.0,-3.5,,,,35.0,,,,,,,,,,0.0,0.0,0.0,0.0,,,,,,19.5,0,1,0,0,0,0,2022-11-17,2022,1,0,0,0,0,0,0,0,0,0,0,0,0,0,0,0,0,0,0,0,0,0,0,0,0,0,0,0,0,0,0,0.0,0.0,0.0,0.0,0.0,0.0,0.0,0.0,0.0,0.0,0.0,0.0,0.0,6.643789733147672,755.8365422550108,0.0
,11/18/22,Fri,0.875,9:00p,Tulsa,South Florida,510K,510.0,Tulsa,48.0,42.0,0.0,0.0,0,0.0,0.0,1.0,0.0,0.0,0.0,0.0,0.0,0.0,0.0,0.0,0.0,American Athletic,American Athletic,0.0,,,13.5,,,0.0,-13.5,,,,6.0,,,,,,,,,,0.0,0.0,0.0,0.0,,,,,,21.0,0,0,1,0,0,0,2022-11-18,2022,1,0,0,0,0,0,0,0,0,0,0,0,0,0,0,0,0,0,0,0,0,0,0,0,0,0,0,0,0,0,0,0.0,1.0,0.0,0.0,0.0,0.0,0.0,0.0,0.0,0.0,0.0,0.0,0.0,6.236369590203704,598.6415053716036,225.95931788717212
,11/18/22,Fri,0.916666667,10:00p,New Mexico,San Diego St.,210K,210.0,San Diego St.,34.0,10.0,0.0,0.0,0,0.0,1.0,0.0,0.0,0.0,0.0,0.0,0.0,0.0,0.0,0.0,0.0,Mountain West,Mountain West,0.0,,,14.5,,,0.0,14.5,,,,24.0,,,,,,,,,,0.0,0.0,0.0,0.0,,,,,,22.0,0,0,1,0,0,0,2022-11-18,2022,1,0,0,0,0,0,0,0,0,0,0,0,0,0,0,0,0,0,0,0,0,0,0,0,0,0,0,0,0,0,0,0.0,0.0,1.0,0.0,0.0,0.0,0.0,0.0,0.0,0.0,0.0,0.0,0.0,5.351858133476067,225.95931788717212,598.6415053716036
,11/19/22,Sat,0.458333333,11:00a,UCF,Navy,610K,610.0,Navy,17.0,14.0,1.0,0.0,2,0.0,0.0,1.0,0.0,0.0,0.0,0.0,0.0,0.0,0.0,0.0,0.0,American Athletic,American Athletic,0.0,,,15.5,,,0.0,-15.5,,,,3.0,,,,,,,,,,0.0,0.0,0.0,0.0,,,,,,11.0,0,0,0,1,0,0,2022-11-19,2022,1,0,0,0,0,0,0,0,0,0,0,0,0,0,0,0,0,0,0,0,0,0,0,0,0,0,0,0,0,0,0,0.0,0.0,0.0,0.0,0.0,0.0,0.0,0.0,0.0,0.0,0.0,0.0,0.0,6.415096959171596,530.7311418940732,10242.355894353903
,11/19/22,Sat,0.5,12:00p,Michigan St.,Indiana,369K,369.0,Indiana,39.0,31.0,0.0,0.0,2,0.0,0.0,0.0,0.0,0.0,0.0,0.0,0.0,0.0,0.0,1.0,0.0,Big Ten,Big Ten,0.0,,,12.0,,,0.0,-12.0,,,,8.0,,,,,,,,,,0.0,0.0,0.0,2.0,,,,,,12.0,0,0,0,1,0,0,2022-11-19,2022,1,0,0,0,0,0,0,0,0,0,0,0,0,0,0,0,0,0,0,0,0,0,0,0,0,0,0,0,0,0,0,0.0,0.0,0.0,0.0,0.0,0.0,0.0,0.0,0.0,0.0,0.0,0.0,0.0,5.91350300563827,604.1531473722532,10168.933888875721
,11/19/22,Sat,0.5,12:00p,Nebraska,Wisconsin,1.63M,1630.0,Wisconsin,15.0,14.0,0.0,0.0,1,0.0,0.0,0.0,0.0,0.0,0.0,0.0,0.0,0.0,0.0,0.0,0.0,Big Ten,Big Ten,0.0,,,10.0,,,0.0,10.0,,,,1.0,,,,,,,,,,0.0,0.0,0.0,2.0,,,,,,12.0,0,0,0,1,0,0,2022-11-19,2022,1,0,0,0,0,0,0,0,0,0,0,0,0,0,0,0,0,0,0,0,0,0,0,0,0,0,0,0,0,0,0,0.0,0.0,0.0,0.0,0.0,0.0,0.0,0.0,0.0,0.0,0.0,0.0,0.0,7.396948602621014,2598.582962301436,8174.5040739465385
,11/19/22,Sat,0.5,12:00p,Baylor,TCU,4.35M,4350.0,TCU,29.0,28.0,0.0,1.0,1,1.0,0.0,0.0,0.0,0.0,0.0,0.0,0.0,0.0,0.0,0.0,0.0,Big 12,Big 12,0.0,,,2.0,,,0.0,2.0,,,,1.0,,,,,,,,,,2.0,0.0,0.0,0.0,,,,,,12.0,0,0,0,1,0,0,2022-11-19,2022,1,0,0,0,0,0,0,0,0,0,0,0,0,0,0,0,0,0,0,0,0,0,0,0,0,0,0,0,0,0,0,0.0,0.0,0.0,0.0,0.0,0.0,0.0,0.0,0.0,0.0,0.0,0.0,0.0,8.37816098272068,2047.270316170833,8725.816720077142
,11/19/22,Sat,0.5,12:00p,Purdue,Northwestern,209K,209.0,Purdue,17.0,9.0,0.0,0.0,2,0.0,1.0,0.0,0.0,0.0,0.0,0.0,0.0,0.0,0.0,0.0,0.0,Big Ten,Big Ten,0.0,,,17.5,,,0.0,-17.5,,,,8.0,,,,,,,,,,0.0,0.0,0.0,2.0,,,,,,12.0,0,0,0,1,0,0,2022-11-19,2022,1,0,0,0,0,0,0,0,0,0,0,0,0,0,0,0,0,0,0,0,0,0,0,0,0,0,0,0,0,0,0,0.0,0.0,0.0,0.0,0.0,0.0,0.0,0.0,0.0,0.0,0.0,0.0,0.0,5.3471075307174685,393.9632447348274,10379.123791513146
,11/19/22,Sat,0.5,12:00p,Michigan,Illinois,5.47M,5470.0,Michigan,19.0,17.0,0.0,1.0,1,0.0,0.0,0.0,0.0,0.0,1.0,0.0,0.0,0.0,0.0,0.0,0.0,Big Ten,Big Ten,0.0,,,17.0,,,0.0,-17.0,,,,2.0,,,,,,,,,,0.0,0.0,0.0,2.0,,,,,,12.0,0,0,0,1,0,0,2022-11-19,2022,1,0,0,0,0,0,0,0,0,0,0,0,0,0,0,0,0,0,0,0,0,0,0,0,0,0,0,0,0,0,0,0.0,0.0,0.0,0.0,0.0,0.0,0.0,0.0,0.0,0.0,0.0,0.0,0.0,8.607216694063826,4598.386223774552,6174.700812473423
,11/19/22,Sat,0.604166667,2:30p,Arizona St.,Oregon St.,484K,484.0,Oregon St.,31.0,7.0,1.0,0.0,3,0.0,0.0,1.0,0.0,0.0,0.0,0.0,0.0,0.0,0.0,0.0,0.0,Pac-12,Pac-12,0.0,,,7.5,,,0.0,7.5,,,,24.0,,,,,,,,,,0.0,0.0,0.0,0.0,,,,,,14.5,0,0,0,0,1,0,2022-11-19,2022,1,0,0,0,0,0,0,0,0,0,0,0,0,0,0,0,0,0,0,0,0,0,0,0,0,0,0,0,0,0,0,0.0,0.0,0.0,0.0,0.0,0.0,0.0,0.0,0.0,0.0,0.0,0.0,0.0,6.184148890937483,582.7444472513222,14707.094009103297
,11/19/22,Sat,0.604166667,2:30p,Notre Dame,Boston College,1.27M,1270.0,Notre Dame,44.0,0.0,1.0,0.0,2,0.0,0.0,0.0,1.0,0.0,0.0,0.0,0.0,0.0,0.0,0.0,0.0,FBS Independents,ACC,0.0,,,20.0,,,0.0,-20.0,,,,44.0,,,,,,,,,,0.0,0.0,1.0,0.0,,,,,,14.5,0,0,0,0,1,0,2022-11-19,2022,1,0,0,0,0,0,0,0,0,0,0,0,0,0,0,0,0,0,0,0,0,0,0,0,0,0,0,0,0,0,0,0.0,0.0,0.0,0.0,0.0,0.0,0.0,0.0,0.0,0.0,0.0,0.0,0.0,7.147559271189454,1745.457191045858,13544.38126530876
,11/19/22,Sat,0.645833333,3:30p,Maryland,Ohio St.,6.6M,6600.0,Ohio St.,43.0,30.0,0.0,1.0,2,0.0,0.0,0.0,0.0,0.0,1.0,0.0,0.0,0.0,0.0,0.0,0.0,Big Ten,Big Ten,0.0,,,26.0,,,0.0,26.0,,,,13.0,,,,,,,,,,0.0,0.0,0.0,2.0,,,,,,15.5,0,0,0,0,1,0,2022-11-19,2022,1,0,0,0,0,0,0,0,0,0,0,0,0,0,0,0,0,0,0,0,0,0,0,0,0,0,0,0,0,0,0,0.0,0.0,0.0,0.0,0.0,0.0,0.0,0.0,0.0,0.0,0.0,0.0,0.0,8.79497643168877,4344.250878899204,12994.790111473383
,11/19/22,Sat,0.645833333,3:30p,Kansas,Texas,940K,940.0,Texas,55.0,14.0,0.0,0.0,3,0.0,1.0,0.0,0.0,0.0,0.0,0.0,0.0,0.0,0.0,0.0,0.0,Big 12,Big 12,0.0,,,9.0,,,0.0,9.0,,,,41.0,,,,,,,,,,2.0,0.0,0.0,0.0,,,,,,15.5,0,0,0,0,1,0,2022-11-19,2022,1,0,0,0,0,0,0,0,0,0,0,0,0,0,0,0,0,0,0,0,0,0,0,0,0,0,0,0,0,0,0,0.0,0.0,0.0,0.0,0.0,0.0,0.0,0.0,0.0,0.0,0.0,0.0,0.0,6.846943139585379,803.5022502721665,16535.53874010042
,11/19/22,Sat,0.645833333,3:30p,Rutgers,Penn St.,856K,856.0,Penn St.,55.0,10.0,1.0,0.0,3,0.0,0.0,0.0,0.0,0.0,0.0,0.0,0.0,0.0,0.0,1.0,0.0,Big Ten,Big Ten,0.0,,,18.5,,,0.0,18.5,,,,45.0,,,,,,,,,,0.0,0.0,0.0,2.0,,,,,,15.5,0,0,0,0,1,0,2022-11-19,2022,1,0,0,0,0,0,0,0,0,0,0,0,0,0,0,0,0,0,0,0,0,0,0,0,0,0,0,0,0,0,0,0.0,0.0,0.0,0.0,0.0,0.0,0.0,0.0,0.0,0.0,0.0,0.0,0.0,6.75343791859778,745.1309271190752,16593.910063253512
,11/19/22,Sat,0.645833333,3:30p,Clemson,Miami,1.14M,1140.0,Clemson,40.0,10.0,0.0,1.0,2,0.0,0.0,0.0,0.0,0.0,0.0,0.0,0.0,0.0,0.0,0.0,0.0,ACC,ACC,0.0,,,19.0,,,0.0,-19.0,,,,30.0,,,,,,,,,,0.0,0.0,2.0,0.0,,,,,,15.5,0,0,0,0,1,0,2022-11-19,2022,1,0,0,0,0,0,0,0,0,0,0,0,0,0,0,0,0,0,0,0,0,0,0,0,0,0,0,0,0,0,0,0.0,0.0,0.0,0.0,0.0,0.0,0.0,0.0,0.0,0.0,0.0,0.0,0.0,7.039660349862076,2536.8276901027766,14802.21330026981
,11/19/22,Sat,0.645833333,3:30p,Kentucky,Georgia,4.48M,4480.0,Georgia,16.0,6.0,0.0,1.0,2,0.0,0.0,0.0,0.0,1.0,0.0,0.0,0.0,0.0,0.0,0.0,0.0,SEC,SEC,0.0,,,22.5,,,0.0,22.5,,,,10.0,,,,,,,,,,0.0,2.0,0.0,0.0,,,,,,15.5,0,0,0,0,1,0,2022-11-19,2022,1,0,0,0,0,0,0,0,0,0,0,0,0,0,0,0,0,0,0,0,0,0,0,0,0,0,0,0,0,0,0,0.0,0.0,0.0,0.0,0.0,0.0,0.0,0.0,0.0,0.0,0.0,0.0,0.0,8.407601514786142,4531.925071664216,12807.11591870837
,11/19/22,Sat,0.666666667,4:00p,Minnesota,Iowa,2.5M,2500.0,Iowa,13.0,10.0,0.0,0.0,2,1.0,0.0,0.0,0.0,0.0,0.0,0.0,0.0,0.0,0.0,0.0,0.0,Big Ten,Big Ten,0.0,,,2.0,,,0.0,-2.0,,,,3.0,,,,,,,,,,0.0,0.0,0.0,2.0,,,,,,16.0,0,0,0,0,1,0,2022-11-19,2022,1,0,0,0,0,0,0,0,0,0,0,0,0,0,0,0,0,0,0,0,0,0,0,0,0,0,0,0,0,0,0,0.0,0.0,0.0,0.0,0.0,0.0,0.0,0.0,0.0,0.0,0.0,0.0,0.0,7.824445930877619,2049.202534017968,12961.636818057439
,11/19/22,Sat,0.729166667,5:30p,North Carolina,Georgia Tech,732K,732.0,Georgia Tech,21.0,17.0,1.0,0.0,0,0.0,0.0,1.0,0.0,0.0,0.0,0.0,0.0,0.0,0.0,0.0,0.0,ACC,ACC,0.0,,,21.0,,,0.0,-21.0,,,,4.0,,,,,,,,,,0.0,0.0,2.0,0.0,,,,,,17.5,0,0,0,0,1,0,2022-11-19,2022,1,0,0,0,0,0,0,0,0,0,0,0,0,0,0,0,0,0,0,0,0,0,0,0,0,0,0,0,0,0,0,0.0,0.0,0.0,0.0,0.0,0.0,0.0,0.0,0.0,0.0,0.0,0.0,0.0,6.597145701886651,748.1442937570281,0.0
,11/19/22,Sat,0.791666667,7:00p,Iowa St.,Texas Tech,545K,545.0,Texas Tech,14.0,10.0,0.0,0.0,2,0.0,1.0,0.0,0.0,0.0,0.0,0.0,0.0,0.0,0.0,0.0,0.0,Big 12,Big 12,0.0,,,3.5,,,0.0,-3.5,,,,4.0,,,,,,,,,,2.0,0.0,0.0,0.0,,,,,,19.0,0,0,0,0,0,0,2022-11-19,2022,1,0,0,0,0,0,0,0,0,0,0,0,0,0,0,0,0,0,0,0,0,0,0,0,0,0,0,0,0,0,0,0.0,0.0,0.0,0.0,0.0,0.0,0.0,0.0,0.0,0.0,0.0,0.0,0.0,6.302618975744905,553.2628174592174,10642.990446524449
,11/19/22,Sat,0.791666667,7:00p,South Carolina,Tennessee,4.87M,4870.0,South Carolina,63.0,38.0,0.0,1.0,1,0.0,0.0,0.0,0.0,0.0,0.0,0.0,0.0,0.0,0.0,0.0,0.0,SEC,SEC,0.0,,,22.5,,,0.0,22.5,,,,25.0,,,,,,,,,,0.0,2.0,0.0,0.0,,,,,,19.0,0,0,0,0,0,0,2022-11-19,2022,1,0,0,0,0,0,0,0,0,0,0,0,0,0,0,0,0,0,0,0,0,0,0,0,0,0,0,0,0,0,0,0.0,0.0,0.0,0.0,0.0,0.0,0.0,0.0,0.0,0.0,0.0,0.0,0.0,8.491054533806542,3300.2959911171383,7895.957272866528
,11/19/22,Sat,0.8125,7:30p,Missouri,New Mexico St.,63K,63.0,Missouri,45.0,14.0,0.0,0.0,1,0.0,0.0,0.0,0.0,0.0,0.0,0.0,1.0,0.0,0.0,0.0,0.0,SEC,FBS Independents,0.0,,,29.0,,,0.0,-29.0,,,,31.0,,,,,,,,,,0.0,1.0,0.0,0.0,,,,,,19.5,0,0,0,0,0,0,2022-11-19,2022,1,0,0,0,0,0,0,0,0,0,0,0,0,0,0,0,0,0,0,0,0,0,0,0,0,0,0,0,0,0,0,0.0,0.0,0.0,0.0,0.0,0.0,0.0,0.0,0.0,0.0,0.0,0.0,0.0,4.1588830833596715,102.26588322214235,11093.987380761524
,11/19/22,Sat,0.8125,7:30p,Oklahoma,Oklahoma St.,3.06M,3060.0,Oklahoma,28.0,13.0,1.0,0.0,1,0.0,0.0,0.0,0.0,0.0,1.0,0.0,0.0,0.0,0.0,0.0,0.0,Big 12,Big 12,0.0,,,7.0,,,0.0,-7.0,,,,15.0,,,,,,,,,,2.0,0.0,0.0,0.0,,,,,,19.5,0,0,0,0,0,0,2022-11-19,2022,1,0,0,0,0,0,0,0,0,0,0,0,0,0,0,0,0,0,0,0,0,0,0,0,0,0,0,0,0,0,0,0.0,0.0,0.0,0.0,0.0,0.0,0.0,0.0,0.0,0.0,0.0,0.0,0.0,8.026496938945412,3006.567500770268,8189.685763213398
,11/19/22,Sat,0.833333333,8:00p,UCLA,USC,4.53M,4530.0,USC,48.0,45.0,1.0,1.0,1,1.0,0.0,0.0,0.0,0.0,0.0,0.0,0.0,0.0,0.0,0.0,0.0,Pac-12,Pac-12,0.0,,,2.5,,,0.0,2.5,,,,3.0,,,,,,,,,,0.0,0.0,0.0,0.0,,,,,,20.0,0,0,0,0,0,0,2022-11-19,2022,1,0,0,0,0,0,0,0,0,0,0,0,0,0,0,0,0,1,0,0,0,0,0,0,0,1,0,0,0,0,0,0.0,0.0,0.0,0.0,0.0,0.0,0.0,0.0,0.0,0.0,0.0,0.0,0.0,8.418697944667139,4233.8610714149,7827.048712091708
,11/19/22,Sat,0.875,9:00p,LSU,UAB,848K,848.0,LSU,41.0,10.0,0.0,1.0,1,0.0,0.0,1.0,0.0,0.0,0.0,0.0,0.0,0.0,0.0,0.0,0.0,SEC,Conference USA,0.0,,,15.0,,,0.0,-15.0,,,,31.0,,,,,,,,,,0.0,1.0,0.0,0.0,,,,,,21.0,0,0,0,0,0,0,2022-11-19,2022,1,0,0,0,0,0,0,0,0,0,0,0,0,0,0,0,0,0,0,0,0,0,0,0,0,0,0,0,0,0,0,0.0,0.0,0.0,0.0,0.0,0.0,0.0,0.0,0.0,0.0,0.0,0.0,0.0,6.744059186311348,864.6565195229409,4495.571395285766
,11/19/22,Sat,0.916666667,10:00p,Utah St.,San Jose St.,128K,128.0,Utah St.,35.0,31.0,0.0,0.0,1,0.0,1.0,0.0,0.0,0.0,0.0,0.0,0.0,0.0,0.0,0.0,0.0,Mountain West,Mountain West,0.0,,,1.0,,,0.0,-1.0,,,,4.0,,,,,,,,,,0.0,0.0,0.0,0.0,,,,,,22.0,0,0,0,0,0,1,2022-11-19,2022,1,0,0,0,0,0,0,0,0,0,0,0,0,0,0,0,0,0,0,0,0,0,0,0,0,0,0,0,0,0,0,0.0,0.0,0.0,0.0,0.0,0.0,0.0,0.0,0.0,0.0,0.0,0.0,0.0,4.859812404361672,261.7103238708659,3294.5193726942507
,11/19/22,Sat,0.9375,10:30p,Oregon,Utah,2.54M,2540.0,Oregon,20.0,17.0,1.0,1.0,0,0.0,0.0,0.0,0.0,0.0,0.0,0.0,0.0,0.0,0.0,0.0,0.0,Pac-12,Pac-12,0.0,,,1.0,,,0.0,-1.0,,,,3.0,,,,,,,,,,0.0,0.0,0.0,0.0,,,,,,22.5,0,0,0,0,0,1,2022-11-19,2022,1,0,0,0,0,0,0,0,0,0,0,0,0,0,0,0,0,0,0,0,0,0,0,0,0,1,0,0,0,0,0,0.0,0.0,0.0,0.0,0.0,0.0,0.0,0.0,0.0,0.0,0.0,0.0,0.0,7.840312983320164,2429.86285317131,261.7103238708659
,11/22/22,Tue,0.791666667,7:00p,Ohio,Bowling Green,229K,229.0,Ohio,38.0,14.0,0.0,0.0,0,0.0,0.0,0.0,0.0,0.0,0.0,0.0,1.0,0.0,0.0,0.0,0.0,Mid-American,Mid-American,0.0,,,5.5,,,0.0,-5.5,,,,24.0,,,,,,,,,,0.0,0.0,0.0,0.0,,,,,,19.0,0,1,0,0,0,0,2022-11-22,2022,1,0,0,0,0,0,0,0,0,0,0,0,0,0,0,0,0,0,0,0,0,0,0,0,0,0,0,0,0,0,0,0.0,0.0,0.0,0.0,0.0,0.0,0.0,0.0,0.0,0.0,0.0,0.0,0.0,5.438079308923196,104.91564492462075,0.0
,11/24/22,Thu,0.791666667,7:00p,Mississippi,Mississippi St.,2.23M,2230.0,Mississippi St.,24.0,22.0,1.0,0.0,0,0.0,0.0,0.0,0.0,0.0,0.0,0.0,0.0,0.0,0.0,0.0,0.0,SEC,SEC,0.0,,,2.5,,,0.0,-2.5,,,,2.0,,,,,,,,,,0.0,2.0,0.0,0.0,,,,,,19.0,0,1,0,0,0,0,2022-11-24,2022,1,0,0,0,0,0,0,0,0,0,0,1,0,0,0,0,0,0,0,0,0,0,0,0,0,0,0,0,0,0,0,0.0,0.0,0.0,0.0,0.0,0.0,0.0,0.0,0.0,0.0,0.0,0.0,0.0,7.7102051944325325,2391.712552166385,0.0
,11/25/22,Fri,0.5,12:00p,Cincinnati,Tulane,1.72M,1720.0,Tulane,27.0,24.0,2.0,0.0,0,0.0,0.0,0.0,0.0,0.0,1.0,0.0,0.0,0.0,0.0,0.0,0.0,American Athletic,American Athletic,0.0,,,1.0,,,0.0,1.0,,,,3.0,,,,,,,,,,0.0,0.0,0.0,0.0,,,,,,12.0,0,0,1,0,0,0,2022-11-25,2022,1,0,0,0,0,0,0,0,0,0,0,0,0,0,0,0,0,0,0,0,0,0,0,0,0,1,0,0,0,0,0,0.0,0.0,0.0,0.0,0.0,1.0,0.0,0.0,0.0,0.0,0.0,0.0,0.0,7.450660796211539,1991.787782443431,4195.534128899988
,11/25/22,Fri,0.5,12:00p,Boise St.,Utah St.,1.44M,1440.0,Boise St.,42.0,23.0,0.0,0.0,0,0.0,0.0,0.0,0.0,1.0,0.0,0.0,0.0,0.0,0.0,0.0,0.0,Mountain West,Mountain West,0.0,,,16.5,,,0.0,-16.5,,,,19.0,,,,,,,,,,0.0,0.0,0.0,0.0,,,,,,12.0,0,0,1,0,0,0,2022-11-25,2022,1,0,0,0,0,0,0,0,0,0,0,0,0,0,0,0,0,0,0,0,0,0,0,0,0,0,0,0,0,0,0,0.0,0.0,0.0,0.0,1.0,0.0,0.0,0.0,0.0,0.0,0.0,0.0,0.0,7.273092595999522,1204.5318105576307,4982.790100785788
,11/25/22,Fri,0.5,12:00p,Texas,Baylor,2.69M,2690.0,Texas,38.0,27.0,1.0,0.0,0,0.0,0.0,0.0,0.0,0.0,0.0,0.0,0.0,0.0,0.0,0.0,0.0,Big 12,Big 12,0.0,,,10.0,,,0.0,-10.0,,,,11.0,,,,,,,,,,2.0,0.0,0.0,0.0,,,,,,12.0,0,0,1,0,0,0,2022-11-25,2022,1,0,0,0,0,0,0,0,0,0,0,0,0,0,0,0,0,0,0,0,0,0,0,0,0,0,0,0,0,0,0,0.0,0.0,0.0,0.0,0.0,0.0,0.0,0.0,0.0,0.0,0.0,0.0,1.0,7.897668150726906,2991.0023183423573,3196.3195930010615
,11/25/22,Fri,0.625,3:00p,Arizona,Arizona St.,567K,567.0,Arizona,38.0,35.0,0.0,0.0,0,0.0,1.0,0.0,0.0,0.0,0.0,0.0,0.0,0.0,0.0,0.0,0.0,Pac-12,Pac-12,0.0,,,4.0,,,0.0,-4.0,,,,3.0,,,,,,,,,,0.0,0.0,0.0,0.0,,,,,,15.0,0,0,1,0,0,0,2022-11-25,2022,1,0,0,0,0,0,0,0,0,0,0,0,0,1,0,0,0,0,0,0,0,0,0,0,0,0,0,0,0,0,0,0.0,0.0,1.0,0.0,0.0,0.0,0.0,0.0,0.0,0.0,0.0,0.0,0.0,6.342121418721152,499.66746726544864,7615.168448457371
,11/25/22,Fri,0.645833333,3:30p,Missouri,Arkansas,3.27M,3270.0,Missouri,29.0,27.0,0.0,0.0,0,0.0,0.0,0.0,0.0,1.0,0.0,0.0,0.0,0.0,0.0,0.0,0.0,SEC,SEC,0.0,,,3.5,,,0.0,3.5,,,,2.0,,,,,,,,,,0.0,2.0,0.0,0.0,,,,,,15.5,0,0,1,0,0,0,2022-11-25,2022,1,0,0,0,0,0,0,0,0,0,0,0,0,0,0,0,0,0,0,0,0,0,0,0,0,0,0,0,0,0,0,0.0,0.0,0.0,0.0,1.0,0.0,0.0,0.0,0.0,0.0,0.0,0.0,0.0,8.092851027538384,2635.5071750316633,7116.622156207526
,11/25/22,Fri,0.645833333,3:30p,North Carolina,North Carolina St.,3.61M,3610.0,North Carolina St.,30.0,27.0,1.0,0.0,0,0.0,0.0,0.0,0.0,0.0,1.0,0.0,0.0,0.0,0.0,0.0,0.0,ACC,ACC,0.0,,,6.5,,,0.0,-6.5,,,,3.0,,,,,,,,,,0.0,0.0,2.0,0.0,,,,,,15.5,0,0,1,0,0,0,2022-11-25,2022,1,0,0,0,0,0,0,0,0,0,0,0,0,0,0,0,0,0,0,0,0,0,0,0,0,0,0,0,0,0,0,0.0,0.0,0.0,0.0,0.0,1.0,0.0,0.0,0.0,0.0,0.0,0.0,0.0,8.191740021277457,3379.466956391433,6372.662374847756
,11/25/22,Fri,0.666666667,4:00p,Iowa,Nebraska,1.47M,1470.0,Nebraska,24.0,17.0,0.0,0.0,0,0.0,0.0,0.0,0.0,0.0,0.0,0.0,0.0,0.0,0.0,1.0,0.0,Big Ten,Big Ten,0.0,,,10.5,,,0.0,-10.5,,,,7.0,,,,,,,,,,0.0,0.0,0.0,2.0,,,,,,16.0,0,0,1,0,0,0,2022-11-25,2022,1,0,0,0,0,0,0,0,0,0,0,0,0,0,0,0,0,0,0,0,0,0,0,0,0,0,0,0,0,0,0,0.0,0.0,0.0,0.0,0.0,0.0,0.0,0.0,0.0,0.0,1.0,0.0,0.0,7.293697720601438,1600.194317034275,8151.935014204914
,11/25/22,Fri,0.6875,4:30p,California,UCLA,3.27M,3270.0,UCLA,35.0,28.0,1.0,0.0,0,1.0,0.0,0.0,0.0,0.0,0.0,0.0,0.0,0.0,0.0,0.0,0.0,Pac-12,Pac-12,0.0,,,11.5,,,0.0,11.5,,,,7.0,,,,,,,,,,0.0,0.0,0.0,0.0,,,,,,16.5,0,0,1,0,0,0,2022-11-25,2022,1,0,0,0,0,0,0,0,0,0,0,0,0,0,0,0,0,0,0,0,0,0,0,0,0,0,0,0,0,0,0,1.0,0.0,0.0,0.0,0.0,0.0,0.0,0.0,0.0,0.0,0.0,0.0,0.0,8.092851027538384,1637.2934155163694,7615.168448457371
,11/25/22,Fri,0.8125,7:30p,Florida St.,Florida,6.71M,6710.0,Florida St.,45.0,38.0,1.0,0.0,0,0.0,0.0,0.0,0.0,0.0,1.0,0.0,0.0,0.0,0.0,0.0,0.0,ACC,SEC,0.0,,,10.0,,,0.0,-10.0,,,,7.0,,,,,,,,,,0.0,1.0,1.0,0.0,,,,,,19.5,0,0,1,0,0,0,2022-11-25,2022,1,0,0,0,0,0,0,0,0,0,0,0,0,0,0,0,0,0,0,0,0,0,0,0,0,0,0,0,0,0,0,0.0,0.0,0.0,0.0,0.0,1.0,0.0,0.0,0.0,0.0,0.0,0.0,0.0,8.811503250158239,7667.05489447936,0.0
,11/25/22,Fri,0.916666667,10:00p,Fresno St.,Wyoming,260K,260.0,Fresno St.,30.0,0.0,0.0,0.0,0,0.0,1.0,0.0,0.0,0.0,0.0,0.0,0.0,0.0,0.0,0.0,0.0,Mountain West,Mountain West,0.0,,,14.0,,,0.0,-14.0,,,,30.0,,,,,,,,,,0.0,0.0,0.0,0.0,,,,,,22.0,0,0,1,0,0,0,2022-11-25,2022,1,0,0,0,0,0,0,0,0,0,0,0,0,0,0,0,0,0,0,0,0,0,0,0,0,0,0,0,0,0,0,0.0,0.0,1.0,0.0,0.0,0.0,0.0,0.0,0.0,0.0,0.0,0.0,0.0,5.564520407322694,346.1108831693103,0.0
,11/26/22,Sat,0.5,12:00p,Clemson,South Carolina,2.32M,2320.0,South Carolina,31.0,30.0,0.0,1.0,2,0.0,0.0,0.0,0.0,0.0,1.0,0.0,0.0,0.0,0.0,0.0,0.0,ACC,SEC,0.0,,,14.0,,,0.0,-14.0,,,,1.0,,,,,,,,,,0.0,1.0,1.0,0.0,,,,,,12.0,0,0,0,1,0,0,2022-11-26,2022,1,0,0,0,0,0,0,0,0,0,0,0,1,0,0,0,0,0,0,0,0,0,0,0,0,0,0,0,0,0,0,0.0,0.0,0.0,0.0,0.0,0.0,0.0,0.0,0.0,0.0,0.0,0.0,0.0,7.749753406274437,3475.781902180757,21700.52747276362
,11/26/22,Sat,0.5,12:00p,Ohio St.,Michigan,17.14M,17140.0,Michigan,45.0,23.0,0.0,2.0,2,1.0,0.0,0.0,0.0,0.0,0.0,0.0,0.0,0.0,0.0,0.0,0.0,Big Ten,Big Ten,0.0,,,9.0,,,0.0,-9.0,,,,22.0,,,,,,,,,,0.0,0.0,0.0,2.0,,,,,,12.0,0,0,0,1,0,0,2022-11-26,2022,1,0,1,0,0,0,0,0,0,0,0,0,0,0,0,0,0,0,0,0,0,0,0,0,0,1,0,1,0,0,0,0.0,0.0,0.0,0.0,0.0,0.0,0.0,0.0,0.0,0.0,0.0,0.0,0.0,9.749228533507058,18434.467040956963,6741.842333987413
,11/26/22,Sat,0.5,12:00p,Maryland,Rutgers,97K,97.0,Maryland,37.0,0.0,0.0,0.0,3,0.0,0.0,0.0,0.0,0.0,0.0,0.0,0.0,0.0,0.0,1.0,0.0,Big Ten,Big Ten,0.0,,,14.5,,,0.0,-14.5,,,,37.0,,,,,,,,,,0.0,0.0,0.0,2.0,,,,,,12.0,0,0,0,1,0,0,2022-11-26,2022,1,0,0,0,0,0,0,0,0,0,0,0,0,0,0,0,0,0,0,0,0,0,0,0,0,0,0,0,0,0,0,0.0,0.0,0.0,0.0,0.0,0.0,0.0,0.0,0.0,0.0,0.0,0.0,0.0,4.584967478670572,327.63396459738425,24848.67541034699
,11/26/22,Sat,0.5,12:00p,Georgia,Georgia Tech,2.06M,2060.0,Georgia,37.0,14.0,0.0,1.0,2,0.0,0.0,0.0,0.0,0.0,0.0,0.0,0.0,0.0,0.0,0.0,0.0,SEC,ACC,0.0,,,36.5,,,0.0,-36.5,,,,23.0,,,,,,,,,,0.0,1.0,1.0,0.0,,,,,,12.0,0,0,0,1,0,0,2022-11-26,2022,1,0,0,0,0,0,0,0,0,0,0,0,0,0,0,0,0,0,0,0,0,0,0,0,0,0,0,0,0,0,0,0.0,0.0,0.0,0.0,0.0,0.0,0.0,0.0,0.0,0.0,0.0,0.0,0.0,7.630946580890459,2319.8134825882667,22856.49589235611
,11/26/22,Sat,0.5,12:00p,Oklahoma St.,West Virginia,694K,694.0,West Virginia,24.0,19.0,0.0,0.0,3,0.0,0.0,1.0,0.0,0.0,0.0,0.0,0.0,0.0,0.0,0.0,0.0,Big 12,Big 12,0.0,,,5.5,,,0.0,-5.5,,,,5.0,,,,,,,,,,2.0,0.0,0.0,0.0,,,,,,12.0,0,0,0,1,0,0,2022-11-26,2022,1,0,0,0,0,0,0,0,0,0,0,0,0,0,0,0,0,0,0,0,0,0,0,0,0,0,0,0,0,0,0,0.0,0.0,0.0,0.0,0.0,0.0,0.0,0.0,0.0,0.0,0.0,0.0,0.0,6.543911845564792,618.6129846210065,24557.69639032337
,11/26/22,Sat,0.645833333,3:30p,Alabama,Auburn,6.27M,6270.0,Alabama,49.0,27.0,0.0,1.0,2,0.0,0.0,0.0,0.0,1.0,0.0,0.0,0.0,0.0,0.0,0.0,0.0,SEC,SEC,0.0,,,22.0,,,0.0,-22.0,,,,22.0,,,,,,,,,,0.0,2.0,0.0,0.0,,,,,,15.5,0,0,0,0,1,0,2022-11-26,2022,1,0,0,0,1,0,0,0,0,0,0,0,0,0,0,0,0,0,0,0,0,0,0,0,0,0,0,0,0,0,0,0.0,0.0,0.0,0.0,0.0,0.0,0.0,0.0,0.0,0.0,0.0,0.0,0.0,8.74369111054302,8889.321757938986,10233.3589436056
,11/26/22,Sat,0.645833333,3:30p,Wisconsin,Minnesota,1.71M,1710.0,Minnesota,23.0,16.0,0.0,0.0,2,0.0,0.0,0.0,0.0,0.0,0.0,0.0,0.0,0.0,0.0,0.0,0.0,Big Ten,Big Ten,0.0,,,3.0,,,0.0,-3.0,,,,7.0,,,,,,,,,,0.0,0.0,0.0,2.0,,,,,,15.5,0,0,0,0,1,0,2022-11-26,2022,1,0,0,0,0,0,0,0,0,0,0,0,0,0,0,0,0,0,0,0,0,1,0,0,0,0,0,0,0,0,0,0.0,0.0,0.0,0.0,0.0,0.0,0.0,0.0,0.0,0.0,0.0,0.0,0.0,7.444833273892193,2137.7419764788788,16984.938725065706
,11/26/22,Sat,0.645833333,3:30p,SMU,Memphis,213K,213.0,SMU,34.0,31.0,0.0,0.0,3,0.0,0.0,1.0,0.0,0.0,0.0,0.0,0.0,0.0,0.0,0.0,0.0,American Athletic,American Athletic,0.0,,,4.5,,,0.0,-4.5,,,,3.0,,,,,,,,,,0.0,0.0,0.0,0.0,,,,,,15.5,0,0,0,0,1,0,2022-11-26,2022,1,0,0,0,0,0,0,0,0,0,0,0,0,0,0,0,0,0,0,0,0,0,0,0,0,0,0,0,0,0,0,0.0,0.0,0.0,0.0,0.0,0.0,0.0,0.0,0.0,0.0,0.0,0.0,0.0,5.365976015021851,236.81022889126027,18885.870472653325
,11/26/22,Sat,0.645833333,3:30p,Oregon St.,Oregon,3.56M,3560.0,Oregon St.,38.0,34.0,1.0,1.0,2,0.0,0.0,0.0,0.0,0.0,1.0,0.0,0.0,0.0,0.0,0.0,0.0,Pac-12,Pac-12,0.0,,,1.0,,,0.0,-1.0,,,,4.0,,,,,,,,,,0.0,0.0,0.0,0.0,,,,,,15.5,0,0,0,0,1,0,2022-11-26,2022,1,0,0,0,0,0,0,0,0,0,0,0,0,0,0,0,1,0,0,0,0,0,0,0,0,1,0,0,0,0,0,0.0,0.0,0.0,0.0,0.0,0.0,0.0,0.0,0.0,0.0,0.0,0.0,0.0,8.177796683277778,4027.9040253188955,15094.776676225689
,11/26/22,Sat,0.666666667,4:00p,Penn St.,Michigan St.,1.99M,1990.0,Penn St.,35.0,16.0,1.0,0.0,3,0.0,1.0,0.0,0.0,0.0,0.0,0.0,0.0,0.0,0.0,0.0,0.0,Big Ten,Big Ten,0.0,,,19.0,,,0.0,-19.0,,,,19.0,,,,,,,,,,0.0,0.0,0.0,2.0,,,,,,16.0,0,0,0,0,1,0,2022-11-26,2022,1,0,0,0,0,0,0,0,0,0,0,0,0,0,0,0,0,0,0,0,0,0,0,0,0,0,0,0,0,0,0,0.0,0.0,0.0,0.0,0.0,0.0,0.0,0.0,0.0,0.0,0.0,0.0,0.0,7.596392304064196,1244.5919369168594,17878.088764627726
,11/26/22,Sat,0.666666667,4:00p,TCU,Iowa St.,4.34M,4340.0,TCU,62.0,14.0,0.0,1.0,2,1.0,0.0,0.0,0.0,0.0,0.0,0.0,0.0,0.0,0.0,0.0,0.0,Big 12,Big 12,0.0,,,9.5,,,0.0,-9.5,,,,48.0,,,,,,,,,,2.0,0.0,0.0,0.0,,,,,,16.0,0,0,0,0,1,0,2022-11-26,2022,1,0,0,0,0,0,0,0,0,0,0,0,0,0,0,0,0,0,0,0,0,0,0,0,0,0,0,0,0,0,0,0.0,0.0,0.0,0.0,0.0,0.0,0.0,0.0,0.0,0.0,0.0,0.0,0.0,8.375860015299594,2586.310775999706,16536.36992554488
,11/26/22,Sat,0.791666667,7:00p,Texas A&M,LSU,3.92M,3920.0,Texas A&M,38.0,23.0,0.0,1.0,1,0.0,0.0,0.0,0.0,0.0,0.0,0.0,0.0,0.0,0.0,0.0,0.0,SEC,SEC,0.0,,,10.0,,,0.0,10.0,,,,15.0,,,,,,,,,,0.0,2.0,0.0,0.0,,,,,,19.0,0,0,0,0,0,0,2022-11-26,2022,1,0,0,0,0,0,0,0,0,0,0,0,0,0,0,0,0,0,0,0,0,0,0,0,0,0,0,0,0,0,0,0.0,0.0,0.0,0.0,0.0,0.0,0.0,0.0,0.0,0.0,0.0,0.0,0.0,8.27410200229233,3789.9631879502667,10826.625383017556
,11/26/22,Sat,0.791666667,7:00p,South Florida,UCF,329K,329.0,UCF,46.0,39.0,1.0,0.0,2,0.0,0.0,1.0,0.0,0.0,0.0,0.0,0.0,0.0,0.0,0.0,0.0,American Athletic,American Athletic,0.0,,,20.0,,,0.0,20.0,,,,7.0,,,,,,,,,,0.0,0.0,0.0,0.0,,,,,,19.0,0,0,0,0,0,0,2022-11-26,2022,1,0,0,0,0,0,0,0,0,0,0,0,0,0,0,0,0,0,0,0,0,0,0,0,0,0,0,0,0,0,0,0.0,0.0,0.0,0.0,0.0,0.0,0.0,0.0,0.0,0.0,0.0,0.0,0.0,5.799092654460526,402.6023025930315,14213.98626837479
,11/26/22,Sat,0.8125,7:30p,Texas Tech,Oklahoma,1.21M,1210.0,Texas Tech,51.0,48.0,0.0,0.0,2,0.0,1.0,0.0,0.0,0.0,0.0,0.0,0.0,0.0,0.0,0.0,0.0,Big 12,Big 12,0.0,,,1.5,,,0.0,1.5,,,,3.0,,,,,,,,,,2.0,0.0,0.0,0.0,,,,,,19.5,0,0,0,0,0,0,2022-11-26,2022,1,0,0,0,0,0,0,0,0,0,0,0,0,0,0,0,0,0,0,0,0,0,0,0,0,0,0,0,0,0,0,0.0,0.0,0.0,0.0,0.0,0.0,0.0,0.0,0.0,0.0,0.0,0.0,0.0,7.099201743553092,724.5773428061938,13892.01122816163
,11/26/22,Sat,0.8125,7:30p,USC,Notre Dame,6.68M,6680.0,USC,38.0,27.0,1.0,1.0,1,0.0,0.0,0.0,0.0,0.0,1.0,0.0,0.0,0.0,0.0,0.0,0.0,Pac-12,FBS Independents,0.0,,,4.5,,,0.0,-4.5,,,,11.0,,,,,,,,,,0.0,0.0,0.0,0.0,,,,,,19.5,0,0,0,0,0,0,2022-11-26,2022,1,0,0,0,0,0,1,0,0,0,0,0,0,0,0,0,0,0,0,0,0,0,0,0,0,1,0,0,0,0,0,0.0,0.0,0.0,0.0,0.0,0.0,0.0,0.0,0.0,0.0,0.0,0.0,0.0,8.807022955925477,7522.388983498357,7094.199587469465
,11/26/22,Sat,0.833333333,8:00p,Kansas St.,Kansas,2.32M,2320.0,Kansas St.,47.0,27.0,1.0,0.0,1,1.0,0.0,0.0,0.0,0.0,0.0,0.0,0.0,0.0,0.0,0.0,0.0,Big 12,Big 12,0.0,,,12.0,,,0.0,-12.0,,,,20.0,,,,,,,,,,2.0,0.0,0.0,0.0,,,,,,20.0,0,0,0,0,0,0,2022-11-26,2022,1,0,0,0,0,0,0,0,0,0,0,0,0,0,0,0,0,0,0,0,1,0,0,0,0,0,0,0,0,0,0,0.0,0.0,0.0,0.0,0.0,0.0,0.0,0.0,0.0,0.0,0.0,0.0,0.0,7.749753406274437,2177.0567541199725,12439.53181684785
,11/26/22,Sat,0.9375,10:30p,Washington St.,Washington,2.38M,2380.0,Washington,51.0,33.0,1.0,0.0,0,0.0,0.0,0.0,0.0,0.0,0.0,0.0,0.0,0.0,0.0,0.0,0.0,Pac-12,Pac-12,0.0,,,2.5,,,0.0,2.5,,,,18.0,,,,,,,,,,0.0,0.0,0.0,0.0,,,,,,22.5,0,0,0,0,0,1,2022-11-26,2022,1,0,0,0,0,0,0,0,0,0,0,0,0,0,0,0,0,0,0,1,0,0,0,0,0,0,0,0,0,0,0,0.0,0.0,0.0,0.0,0.0,0.0,0.0,0.0,0.0,0.0,0.0,0.0,0.0,7.7752758464868625,2684.4672511956283,453.0000734940051
,11/26/22,Sat,0.958333333,11:00p,Stanford,BYU,453K,453.0,BYU,35.0,26.0,0.0,0.0,0,0.0,1.0,0.0,0.0,0.0,0.0,0.0,0.0,0.0,0.0,0.0,0.0,Pac-12,FBS Independents,0.0,,,6.5,,,0.0,6.5,,,,9.0,,,,,,,,,,0.0,0.0,0.0,0.0,,,,,,23.0,0,0,0,0,0,1,2022-11-26,2022,1,0,0,0,0,0,0,0,0,0,0,0,0,0,0,0,0,0,0,0,0,0,0,0,0,0,0,0,0,0,0,0.0,0.0,0.0,0.0,0.0,0.0,0.0,0.0,0.0,0.0,0.0,0.0,0.0,6.118097198041348,453.0000734940051,2684.4672511956283
,12/2/22,Fri,0.833333333,8:00p,USC,Utah,5.97M,5970.0,Utah,47.0,24.0,1.0,1.0,0,1.0,0.0,0.0,0.0,0.0,0.0,0.0,0.0,0.0,0.0,0.0,0.0,Pac-12,Pac-12,0.0,,,2.5,,,1.0,-2.5,,,,23.0,,,,,,,,,,0.0,0.0,0.0,0.0,,,,,,20.0,0,0,1,0,0,0,2022-12-02,2022,1,0,0,0,0,0,0,0,0,0,0,0,0,0,0,0,0,0,0,0,0,0,0,0,0,1,0,0,0,0,0,1.0,0.0,0.0,0.0,0.0,0.0,0.0,0.0,0.0,0.0,0.0,0.0,0.0,8.694669696546992,5449.858812874854,0.0
,12/3/22,Sat,0.5,12:00p,TCU,Kansas St.,9.41M,9410.0,Kansas St.,31.0,28.0,1.0,1.0,0,0.0,0.0,0.0,0.0,0.0,1.0,0.0,0.0,0.0,0.0,0.0,0.0,Big 12,Big 12,0.0,,,1.0,,,1.0,1.0,,,,3.0,,,,,,,,,,2.0,0.0,0.0,0.0,,,,,,12.0,0,0,0,1,0,0,2022-12-03,2022,1,0,0,0,0,0,0,0,0,0,0,0,0,0,0,0,0,0,0,0,0,0,0,0,0,1,0,0,0,1,0,0.0,0.0,0.0,0.0,0.0,0.0,0.0,0.0,0.0,0.0,0.0,0.0,0.0,9.149634496858788,6196.105668898933,641.7767069182581
,12/3/22,Sat,0.5,12:00p,Ohio,Toledo,721K,721.0,Toledo,17.0,7.0,0.0,0.0,0,0.0,0.0,0.0,0.0,0.0,0.0,0.0,0.0,0.0,0.0,0.0,0.0,Mid-American,Mid-American,0.0,,,3.5,,,1.0,3.5,,,,10.0,,,,,,,,,,0.0,0.0,0.0,0.0,,,,,,12.0,0,0,0,1,0,0,2022-12-03,2022,1,0,0,0,0,0,0,0,0,0,0,0,0,0,0,0,0,0,0,0,0,0,0,0,0,0,0,0,0,0,0,0.0,0.0,0.0,0.0,0.0,0.0,0.0,0.0,0.0,0.0,0.0,0.0,0.0,6.582025138892826,641.7767069182581,6196.105668898933
,12/3/22,Sat,0.645833333,3:30p,Troy,Coastal Carolina,332K,332.0,Troy,45.0,26.0,0.0,0.0,0,0.0,0.0,0.0,0.0,0.0,0.0,0.0,0.0,0.0,0.0,0.0,0.0,Sun Belt,Sun Belt,0.0,,,6.5,,,1.0,-6.5,,,,19.0,,,,,,,,,,0.0,0.0,0.0,0.0,,,,,,15.5,0,0,0,0,1,0,2022-12-03,2022,1,0,0,0,0,0,0,0,0,0,0,0,0,0,0,0,0,0,0,0,0,0,0,0,0,0,0,0,0,0,0,0.0,0.0,0.0,0.0,0.0,0.0,0.0,0.0,0.0,0.0,0.0,0.0,0.0,5.808142489980444,466.97787532448086,15676.182411489623
,12/3/22,Sat,0.645833333,3:30p,Tulane,UCF,2.7M,2700.0,Tulane,45.0,28.0,2.0,0.0,0,0.0,0.0,0.0,0.0,0.0,1.0,0.0,0.0,0.0,0.0,0.0,0.0,American Athletic,American Athletic,0.0,,,3.5,,,1.0,-3.5,,,,17.0,,,,,,,,,,0.0,0.0,0.0,0.0,,,,,,15.5,0,0,0,0,1,0,2022-12-03,2022,1,0,0,0,0,0,0,0,0,0,0,0,0,0,0,0,0,0,0,0,0,0,0,0,0,1,0,0,0,0,0,0.0,0.0,0.0,0.0,0.0,0.0,0.0,0.0,0.0,0.0,0.0,0.0,0.0,7.901377353792616,2309.807510920197,13833.352775893905
,12/3/22,Sat,0.666666667,4:00p,Boise St.,Fresno St.,1.94M,1940.0,Fresno St.,28.0,16.0,0.0,0.0,0,1.0,0.0,0.0,0.0,0.0,0.0,0.0,0.0,0.0,0.0,0.0,0.0,Mountain West,Mountain West,0.0,,,3.0,,,1.0,-3.0,,,,12.0,,,,,,,,,,0.0,0.0,0.0,0.0,,,,,,16.0,0,0,0,0,1,0,2022-12-03,2022,1,0,0,0,0,0,0,0,0,0,0,0,0,0,0,0,0,0,0,0,0,0,0,0,0,0,0,0,0,0,0,0.0,0.0,0.0,0.0,0.0,0.0,0.0,0.0,0.0,0.0,0.0,0.0,0.0,7.57095858316901,1628.1593890666102,14515.000897747492
,12/3/22,Sat,0.666666667,4:00p,Georgia,LSU,10.89M,10890.0,Georgia,50.0,30.0,1.0,1.0,0,0.0,0.0,0.0,0.0,1.0,0.0,0.0,0.0,0.0,0.0,0.0,0.0,SEC,SEC,0.0,,,17.5,,,1.0,-17.5,,,,20.0,,,,,,,,,,0.0,2.0,0.0,0.0,,,,,,16.0,0,0,0,0,1,0,2022-12-03,2022,1,0,0,0,0,0,0,0,0,0,0,0,0,0,0,0,0,0,0,0,0,0,0,0,0,1,1,0,0,0,0,0.0,0.0,0.0,0.0,0.0,0.0,0.0,0.0,0.0,0.0,0.0,0.0,0.0,9.295692039075686,11738.215511502814,4404.944775311288
,12/3/22,Sat,0.833333333,8:00p,North Carolina,Clemson,3.47M,3470.0,Clemson,39.0,10.0,1.0,1.0,1,0.0,0.0,0.0,0.0,0.0,1.0,0.0,0.0,0.0,0.0,0.0,0.0,ACC,ACC,0.0,,,7.5,,,1.0,7.5,,,,29.0,,,,,,,,,,0.0,0.0,2.0,0.0,,,,,,20.0,0,0,0,0,0,0,2022-12-03,2022,1,0,0,0,0,0,0,0,0,0,0,0,0,0,0,0,0,0,0,0,0,0,0,0,0,1,0,0,1,0,0,0.0,0.0,0.0,0.0,0.0,0.0,0.0,0.0,0.0,0.0,0.0,0.0,0.0,8.152198015861787,8167.005320983319,6960.554434153067
,12/3/22,Sat,0.833333333,8:00p,Michigan,Purdue,10.7M,10700.0,Michigan,43.0,22.0,0.0,1.0,1,1.0,0.0,0.0,0.0,0.0,0.0,0.0,0.0,0.0,0.0,0.0,0.0,Big Ten,Big Ten,0.0,,,16.0,,,1.0,-16.0,,,,21.0,,,,,,,,,,0.0,0.0,0.0,2.0,,,,,,20.0,0,0,0,0,0,0,2022-12-03,2022,1,0,0,0,0,0,0,0,0,0,0,0,0,0,0,0,0,0,0,0,0,0,0,0,0,0,0,0,0,0,0,0.0,0.0,0.0,0.0,0.0,0.0,0.0,0.0,0.0,0.0,0.0,0.0,0.0,9.278092474027002,6960.554434153067,8167.005320983319
,12/10/22,Sat,0.625,3:00p,Army,Navy,6.94M,6940.0,Army,20.0,17.0,0.0,0.0,0,0.0,0.0,0.0,0.0,1.0,0.0,0.0,0.0,0.0,0.0,0.0,0.0,FBS Independents,American Athletic,0.0,,,2.5,,,0.0,2.5,,,,3.0,,,,,,,,,,0.0,0.0,0.0,0.0,,,,,,15.0,0,0,0,0,1,0,2022-12-10,2022,1,0,0,0,0,0,0,0,0,0,0,0,0,0,0,0,0,0,0,0,0,0,1,0,0,0,0,0,0,0,0,0.0,0.0,0.0,0.0,0.0,0.0,0.0,0.0,0.0,0.0,0.0,0.0,0.0,8.845201135339584,7728.293828286893,0.0
2021,8/28/21,Sat,0.541666667,1:00p,Illinois,Nebraska,3.217M,3217.0,Illinois,30.0,22.0,0.0,0.0,0,1.0,0.0,0.0,0.0,0.0,0.0,0.0,0.0,0.0,0.0,0.0,0.0,Big Ten,Big Ten,0.0,,,6.5,,,0.0,6.5,,,,8.0,,,,,,,,,,,,,,,,,,,13.0,0,0,0,1,0,0,2021-08-28,2021,1,0,0,0,0,0,0,0,0,0,0,0,0,0,0,0,0,0,0,0,0,0,0,0,0,0,0,0,0,0,0,0.0,0.0,0.0,0.0,0.0,0.0,0.0,0.0,0.0,0.0,0.0,0.0,0.0,8.076515327552329,2683.2186331819985,0.0
,8/28/21,Sat,0.645833333,3:30p,UCLA,Hawaii,976K,976.0,UCLA,44.0,10.0,0.0,0.0,0,0.0,0.0,0.0,0.0,0.0,0.0,0.0,0.0,0.0,0.0,0.0,0.0,Pac-12,Mountain West,0.0,,,17.5,,,0.0,-17.5,,,,34.0,,,,,,,,,,,,,,,,,,,15.5,0,0,0,0,1,0,2021-08-28,2021,1,0,0,0,0,0,0,0,0,0,0,0,0,0,0,0,0,0,0,0,0,0,0,0,0,0,0,0,0,0,0,0.0,0.0,0.0,0.0,0.0,0.0,0.0,0.0,0.0,0.0,0.0,0.0,0.0,6.884486652042782,724.0127311370292,0.0
,9/1/21,Wed,0.8125,7:30p,Jacksonville St.,UAB,841K,841.0,UAB,31.0,0.0,0.0,0.0,0,0.0,0.0,0.0,0.0,0.0,0.0,0.0,0.0,0.0,0.0,0.0,0.0,Other,Conference USA,0.0,,,16.5,,,0.0,16.5,,,,31.0,,,,,,,,,,,,,,,,,,,19.5,0,1,0,0,0,0,2021-09-01,2021,1,0,0,0,0,0,0,0,0,0,0,0,0,0,0,0,0,0,0,0,0,0,0,0,0,0,0,0,0,0,0,0.0,0.0,0.0,0.0,0.0,0.0,0.0,0.0,0.0,0.0,0.0,0.0,0.0,6.7357800142423265,546.9716473564283,0.0
,9/2/21,Thu,0.895833333,9:30p,UCF,Boise St.,841K,841.0,UCF,36.0,31.0,0.0,0.0,0,0.0,0.0,0.0,0.0,0.0,0.0,0.0,0.0,0.0,0.0,0.0,0.0,American Athletic,Mountain West,0.0,,,6.5,,,0.0,-6.5,,,,5.0,,,,,,,,,,,,,,,,,,,21.5,0,1,0,0,0,0,2021-09-02,2021,1,0,0,0,0,0,0,0,0,0,0,0,0,0,0,0,0,0,0,0,0,0,0,0,0,0,0,0,0,0,0,0.0,0.0,0.0,0.0,0.0,0.0,0.0,0.0,0.0,0.0,0.0,0.0,0.0,6.7357800142423265,1302.8415348433161,0.0
,9/2/21,Thu,0.8125,7:30p,Appalachian St.,East Carolina,245K,245.0,Appalachian St.,33.0,19.0,0.0,0.0,0,0.0,0.0,0.0,0.0,0.0,0.0,0.0,1.0,0.0,0.0,0.0,0.0,Sun Belt,American Athletic,0.0,,,9.0,,,0.0,-9.0,,,,14.0,,,,,,,,,,,,,,,,,,,19.5,0,1,0,0,0,0,2021-09-02,2021,1,0,0,0,0,0,0,0,0,0,0,0,0,0,0,0,0,0,0,0,0,0,0,0,0,0,0,0,0,0,0,0.0,0.0,0.0,0.0,0.0,0.0,0.0,0.0,0.0,0.0,0.0,0.0,0.0,5.5053315359323625,127.59231883194933,6455.519562054671
,9/2/21,Thu,0.833333333,8:00p,Minnesota,Ohio St.,6.295M,6295.0,Ohio St.,45.0,31.0,0.0,1.0,0,1.0,0.0,0.0,0.0,0.0,0.0,0.0,0.0,0.0,0.0,0.0,0.0,Big Ten,Big Ten,0.0,,,14.0,,,0.0,14.0,,,,14.0,,,,,,,,,,,,,,,,,,,20.0,0,1,0,0,0,0,2021-09-02,2021,1,0,0,0,0,0,0,0,0,0,0,0,0,0,0,0,0,0,0,0,0,0,0,0,0,0,0,0,0,0,0,0.0,0.0,0.0,0.0,0.0,0.0,0.0,0.0,0.0,0.0,0.0,0.0,0.0,8.74766979009724,6455.519562054671,127.59231883194933
,9/3/21,Fri,0.75,6:00p,Virginia Tech,North Carolina,2.579M,2579.0,Virginia Tech,17.0,10.0,0.0,1.0,0,0.0,0.0,0.0,0.0,0.0,0.0,0.0,0.0,0.0,0.0,0.0,0.0,ACC,ACC,0.0,,,5.5,,,0.0,5.5,,,,7.0,,,,,,,,,,,,,,,,,,,18.0,0,0,1,0,0,0,2021-09-03,2021,1,0,0,0,0,0,0,0,0,0,0,0,0,0,0,0,0,0,0,0,0,0,0,0,0,0,0,0,0,0,0,0.0,0.0,0.0,0.0,0.0,0.0,0.0,0.0,0.0,0.0,0.0,0.0,1.0,7.855544677915663,3159.2718817033583,0.0
,9/3/21,Fri,0.875,9:00p,Colorado St.,South Dakota State,199K,199.0,South Dakota State,42.0,23.0,0.0,0.0,1,0.0,1.0,0.0,0.0,0.0,0.0,0.0,0.0,0.0,0.0,0.0,0.0,Mountain West,Other,0.0,,,2.5,,,0.0,-2.5,,,,19.0,,,,,,,,,,,,,,,,,,,21.0,0,0,1,0,0,0,2021-09-03,2021,1,0,0,0,0,0,0,0,0,0,0,0,0,0,0,0,0,0,0,0,0,0,0,0,0,0,0,0,0,0,0,0.0,0.0,1.0,0.0,0.0,0.0,0.0,0.0,0.0,0.0,0.0,0.0,0.0,5.298317366548036,368.1672731588089,3054.315841022612
,9/3/21,Fri,0.875,9:00p,Northwestern,Michigan St.,2.101M,2101.0,Michigan St.,38.0,21.0,0.0,1.0,0,0.0,0.0,0.0,0.0,0.0,0.0,0.0,0.0,0.0,0.0,0.0,0.0,Big Ten,Big Ten,0.0,,,3.0,,,0.0,-3.0,,,,17.0,,,,,,,,,,,,,,,,,,,21.0,0,0,1,0,0,0,2021-09-03,2021,1,0,0,0,0,0,0,0,0,0,0,0,0,0,0,0,0,0,0,0,0,0,0,0,0,0,0,0,0,0,0,0.0,0.0,0.0,0.0,0.0,0.0,0.0,0.0,0.0,0.0,0.0,0.0,1.0,7.650644551436897,3054.315841022612,368.1672731588089
,9/4/21,Sat,0.5,12:00p,Oklahoma,Tulane,2.526M,2526.0,Oklahoma,40.0,35.0,0.0,1.0,1,0.0,0.0,0.0,0.0,0.0,1.0,0.0,0.0,0.0,0.0,0.0,0.0,Big 12,American Athletic,0.0,,,31.0,,,0.0,-31.0,,,,5.0,,,,,,,,,,,,,,,,,,,12.0,0,0,0,1,0,0,2021-09-04,2021,1,0,0,0,0,0,0,0,0,0,0,0,0,0,0,0,0,0,0,0,0,0,0,0,0,0,0,0,0,0,0,0.0,0.0,0.0,0.0,0.0,0.0,0.0,0.0,0.0,0.0,0.0,0.0,0.0,7.834788107388194,2065.606343036906,7861.65576795476
,9/4/21,Sat,0.5,12:00p,Kansas St.,Stanford,312K,312.0,Kansas St.,24.0,7.0,0.0,0.0,2,0.0,1.0,0.0,0.0,0.0,0.0,0.0,0.0,0.0,0.0,0.0,0.0,Big 12,Pac-12,0.0,,,3.0,,,0.0,-3.0,,,,17.0,,,,,,,,,,,,,,,,,,,12.0,0,0,0,1,0,0,2021-09-04,2021,1,0,0,0,0,0,0,0,0,0,0,0,0,0,0,0,0,0,0,0,0,0,0,0,0,0,0,0,0,0,0,0.0,0.0,0.0,0.0,0.0,0.0,0.0,0.0,0.0,0.0,0.0,0.0,0.0,5.746203190540153,431.03179660486654,9496.2303143868
,9/4/21,Sat,0.5,12:00p,Michigan,Western Michigan,1.623M,1623.0,Michigan,47.0,14.0,0.0,1.0,1,0.0,0.0,0.0,0.0,0.0,0.0,0.0,0.0,0.0,0.0,0.0,0.0,Big Ten,Mid-American,0.0,,,16.5,,,0.0,-16.5,,,,33.0,,,,,,,,,,,,,,,,,,,12.0,0,0,0,1,0,0,2021-09-04,2021,1,0,0,0,0,0,0,0,0,0,0,0,0,0,0,0,0,0,0,0,0,0,0,0,0,0,0,0,0,0,0,0.0,0.0,0.0,0.0,0.0,0.0,0.0,0.0,0.0,0.0,0.0,0.0,0.0,7.392647520721623,2201.2393721515564,7726.022738840109
,9/4/21,Sat,0.5,12:00p,Wisconsin,Penn St.,5.409M,5409.0,Penn St.,16.0,10.0,2.0,0.0,1,1.0,0.0,0.0,0.0,0.0,0.0,0.0,0.0,0.0,0.0,0.0,0.0,Big Ten,Big Ten,0.0,,,5.5,,,0.0,-5.5,,,,6.0,,,,,,,,,,,,,,,,,,,12.0,0,0,0,1,0,0,2021-09-04,2021,1,0,0,0,0,0,0,0,0,0,0,0,0,0,0,0,0,0,0,0,0,0,0,0,0,1,0,0,0,0,0,0.0,0.0,0.0,0.0,0.0,0.0,0.0,0.0,0.0,0.0,0.0,0.0,0.0,8.596004371840527,5229.384599198337,4697.877511793329
,9/4/21,Sat,0.645833333,3:30p,Miami,Alabama,5.674M,5674.0,Alabama,44.0,13.0,1.0,1.0,0,0.0,0.0,0.0,0.0,0.0,1.0,0.0,0.0,0.0,0.0,0.0,0.0,ACC,SEC,0.0,,,19.5,,,0.0,19.5,,,,31.0,,,,,,,,,,,,,,,,,,,15.5,0,0,0,0,1,0,2021-09-04,2021,1,0,0,0,0,0,0,0,0,0,0,0,0,0,0,0,0,0,0,0,0,0,0,0,0,1,0,0,0,0,0,0.0,0.0,0.0,0.0,0.0,0.0,0.0,0.0,0.0,0.0,0.0,0.0,0.0,8.643825842349603,7577.003422196346,4313.623380582192
,9/4/21,Sat,0.645833333,3:30p,Maryland,West Virginia,1.350M,1350.0,Maryland,30.0,24.0,0.0,0.0,0,0.0,0.0,0.0,0.0,0.0,0.0,0.0,0.0,0.0,0.0,0.0,0.0,Big Ten,Big 12,0.0,,,2.5,,,0.0,2.5,,,,6.0,,,,,,,,,,,,,,,,,,,15.5,0,0,0,0,1,0,2021-09-04,2021,1,0,0,0,0,0,0,0,0,0,0,0,0,0,0,0,0,0,0,0,0,0,0,0,0,0,0,0,0,0,0,0.0,0.0,0.0,0.0,0.0,0.0,0.0,0.0,0.0,0.0,0.0,0.0,0.0,7.208600337960199,1070.2379586953155,10820.388844083222
,9/4/21,Sat,0.645833333,3:30p,Iowa,Indiana,554K,554.0,Iowa,34.0,6.0,2.0,0.0,1,0.0,0.0,0.0,0.0,0.0,0.0,0.0,0.0,0.0,0.0,1.0,0.0,Big Ten,Big Ten,0.0,,,3.5,,,0.0,-3.5,,,,28.0,,,,,,,,,,,,,,,,,,,15.5,0,0,0,0,1,0,2021-09-04,2021,1,0,0,0,0,0,0,0,0,0,0,0,0,0,0,0,0,0,0,0,0,0,0,0,0,1,0,0,0,0,0,0.0,0.0,0.0,0.0,0.0,0.0,0.0,0.0,0.0,0.0,0.0,0.0,0.0,6.318968113746434,1012.7043081023431,10877.922494676193
,9/4/21,Sat,0.666666667,4:00p,Mississippi St.,Louisiana Tech,228K,228.0,Mississippi St.,35.0,34.0,0.0,0.0,0,0.0,0.0,0.0,0.0,0.0,0.0,0.0,1.0,0.0,0.0,0.0,0.0,SEC,Conference USA,0.0,,,20.5,,,0.0,-20.5,,,,1.0,,,,,,,,,,,,,,,,,,,16.0,0,0,0,0,1,0,2021-09-04,2021,1,0,0,0,0,0,0,0,0,0,0,0,0,0,0,0,0,0,0,0,0,0,0,0,0,0,0,0,0,0,0,0.0,0.0,0.0,0.0,0.0,0.0,0.0,0.0,0.0,0.0,0.0,0.0,0.0,5.43372200355424,110.9568335486025,11779.669969229935
,9/4/21,Sat,0.666666667,4:00p,Texas,Louisiana,2.879M,2879.0,Texas,38.0,18.0,2.0,0.0,0,1.0,0.0,0.0,0.0,0.0,0.0,0.0,0.0,0.0,0.0,0.0,0.0,Big 12,Sun Belt,0.0,,,8.5,,,0.0,-8.5,,,,20.0,,,,,,,,,,,,,,,,,,,16.0,0,0,0,0,1,0,2021-09-04,2021,1,0,0,0,0,0,0,0,0,0,0,0,0,0,0,0,0,0,0,0,0,0,0,0,0,1,0,0,0,0,0,0.0,0.0,0.0,0.0,0.0,0.0,0.0,0.0,0.0,0.0,0.0,0.0,0.0,7.965545573129992,2119.724280235931,9770.902522542607
,9/4/21,Sat,0.791666667,7:00p,Purdue,Oregon St.,439K,439.0,Purdue,30.0,21.0,0.0,0.0,1,0.0,1.0,0.0,0.0,0.0,0.0,0.0,0.0,0.0,0.0,0.0,0.0,Big Ten,Pac-12,0.0,,,7.0,,,0.0,-7.0,,,,9.0,,,,,,,,,,,,,,,,,,,19.0,0,0,0,0,0,0,2021-09-04,2021,1,0,0,0,0,0,0,0,0,0,0,0,0,0,0,0,0,0,0,0,0,0,0,0,0,0,0,0,0,0,0,0.0,0.0,0.0,0.0,0.0,0.0,0.0,0.0,0.0,0.0,0.0,0.0,0.0,6.0867747269123065,425.3354824746023,10774.644997010106
,9/4/21,Sat,0.791666667,7:00p,Houston,Texas Tech,831K,831.0,Texas Tech,38.0,21.0,1.0,0.0,0,0.0,0.0,0.0,0.0,0.0,0.0,0.0,0.0,0.0,0.0,0.0,0.0,American Athletic,Big 12,0.0,,,2.5,,,0.0,-2.5,,,,17.0,,,,,,,,,,,,,,,,,,,19.0,0,0,0,0,0,0,2021-09-04,2021,1,0,0,0,0,0,0,0,0,0,0,0,0,0,0,0,0,0,0,0,0,0,0,0,0,0,0,0,0,0,0,0.0,0.0,0.0,0.0,0.0,0.0,0.0,0.0,0.0,0.0,0.0,0.0,0.0,6.723832440821209,1105.0037003843693,10094.976779100338
,9/4/21,Sat,0.8125,7:30p,Illinois,UTSA,211K,211.0,UTSA,37.0,30.0,0.0,0.0,1,0.0,0.0,0.0,0.0,0.0,0.0,0.0,0.0,0.0,0.0,1.0,0.0,Big Ten,Conference USA,0.0,,,4.5,,,0.0,-4.5,,,,7.0,,,,,,,,,,,,,,,,,,,19.5,0,0,0,0,0,0,2021-09-04,2021,1,0,0,0,0,0,0,0,0,0,0,0,0,0,0,0,0,0,0,0,0,0,0,0,0,0,0,0,0,0,0,0.0,0.0,0.0,0.0,0.0,0.0,0.0,0.0,0.0,0.0,0.0,0.0,0.0,5.356586274672012,253.11541927989705,10946.865060204811
,9/4/21,Sat,0.8125,7:30p,Clemson,Georgia,8.863M,8863.0,Georgia,10.0,3.0,0.0,2.0,0,0.0,0.0,0.0,0.0,0.0,1.0,0.0,0.0,0.0,0.0,0.0,0.0,ACC,SEC,0.0,,,2.5,,,0.0,-2.5,,,,7.0,,,,,,,,,,,,,,,,,,,19.5,0,0,0,0,0,0,2021-09-04,2021,1,0,0,0,0,0,0,0,0,0,0,0,0,0,0,0,0,0,0,0,0,0,0,0,0,1,0,0,0,0,0,0.0,0.0,0.0,0.0,0.0,0.0,0.0,0.0,0.0,0.0,0.0,0.0,0.0,9.089753408987065,9208.600932548403,1991.3795469363054
,9/4/21,Sat,0.833333333,8:00p,Texas A&M,Kent St.,285K,285.0,Texas A&M,41.0,10.0,0.0,1.0,0,0.0,0.0,0.0,0.0,0.0,0.0,0.0,1.0,0.0,0.0,0.0,0.0,SEC,Mid-American,0.0,,,29.5,,,0.0,-29.5,,,,31.0,,,,,,,,,,,,,,,,,,,20.0,0,0,0,0,0,0,2021-09-04,2021,1,0,0,0,0,0,0,0,0,0,0,0,0,0,0,0,0,0,0,0,0,0,0,0,0,0,0,0,0,0,0,0.0,0.0,0.0,0.0,0.0,0.0,0.0,0.0,0.0,0.0,0.0,0.0,0.0,5.655991810819852,207.92494479743678,10992.055534687272
,9/5/21,Sun,0.833333333,8:00p,UCLA,LSU,3.219M,3219.0,UCLA,38.0,27.0,1.0,0.0,0,1.0,0.0,0.0,0.0,0.0,0.0,0.0,0.0,0.0,0.0,0.0,0.0,Pac-12,SEC,1.0,,,2.0,,,0.0,2.0,,,,11.0,,,,,,,,,,,,,,,,,,,20.0,0,0,0,0,0,0,2021-09-05,2021,1,0,0,0,0,0,0,0,0,0,0,0,0,0,0,0,0,0,0,0,0,0,0,0,0,0,0,0,0,0,0,0.0,0.0,0.0,0.0,0.0,0.0,0.0,0.0,0.0,0.0,0.0,0.0,0.0,8.077136638538454,4360.60138447779,8139.725251994299
,9/4/21,Sat,0.9375,10:30p,California,Nevada,255K,255.0,Nevada,22.0,17.0,0.0,0.0,0,0.0,1.0,0.0,0.0,0.0,0.0,0.0,0.0,0.0,0.0,0.0,0.0,Pac-12,Mountain West,0.0,,,3.0,,,0.0,-3.0,,,,5.0,,,,,,,,,,,,,,,,,,,22.5,0,0,0,0,0,1,2021-09-04,2021,1,0,0,0,0,0,0,0,0,0,0,0,0,0,0,0,0,0,0,0,0,0,0,0,0,0,0,0,0,0,0,0.0,0.0,0.0,0.0,0.0,0.0,0.0,0.0,0.0,0.0,0.0,0.0,0.0,5.545177444479562,294.9027015157417,1289.7440243568597
,9/4/21,Sat,0.9375,10:30p,Arizona,BYU,933K,933.0,BYU,24.0,16.0,1.0,0.0,0,0.0,0.0,0.0,0.0,0.0,0.0,0.0,0.0,0.0,0.0,0.0,0.0,Pac-12,FBS Independents,0.0,,,13.5,,,0.0,13.5,,,,8.0,,,,,,,,,,,,,,,,,,,22.5,0,0,0,0,0,1,2021-09-04,2021,1,0,0,0,0,0,0,0,0,0,0,0,0,0,0,0,0,0,0,0,0,0,0,0,0,0,0,0,0,0,0,0.0,0.0,0.0,0.0,0.0,0.0,0.0,0.0,0.0,0.0,0.0,0.0,0.0,6.839476438228843,1289.7440243568597,294.9027015157417
,9/5/21,Sun,0.8125,7:30p,Florida St.,Notre Dame,7.751M,7751.0,Notre Dame,41.0,38.0,0.0,1.0,0,0.0,0.0,0.0,0.0,0.0,1.0,0.0,0.0,0.0,0.0,0.0,0.0,ACC,FBS Independents,1.0,,,7.5,,,0.0,7.5,,,,3.0,,,,,,,,,,,,,,,,,,,19.5,0,0,0,0,0,0,2021-09-05,2021,1,0,0,0,0,0,0,0,0,0,0,0,0,0,0,0,0,0,0,0,0,0,0,0,0,0,0,0,0,0,0,0.0,0.0,0.0,0.0,0.0,0.0,0.0,0.0,0.0,0.0,0.0,0.0,0.0,8.955706153570603,8139.725251994299,4360.60138447779
,9/6/21,Mon,0.833333333,8:00p,Mississippi,Louisville,3.078M,3078.0,Mississippi,43.0,24.0,1.0,0.0,0,0.0,0.0,0.0,0.0,0.0,0.0,0.0,0.0,0.0,0.0,0.0,0.0,SEC,ACC,0.0,,,9.0,,,0.0,-9.0,,,,19.0,,,,,,,,,,,,,,,,,,,20.0,1,0,0,0,0,0,2021-09-06,2021,1,0,0,0,0,0,0,0,0,0,0,0,0,0,0,0,0,0,0,0,0,0,0,0,0,0,0,0,0,0,0,0.0,0.0,0.0,0.0,0.0,0.0,0.0,0.0,0.0,0.0,0.0,0.0,0.0,8.0323601479245,3870.764386439661,0.0
,9/10/21,Fri,0.8125,7:30p,Coastal Carolina,Kansas,1.299M,1299.0,Coastal Carolina,49.0,22.0,1.0,0.0,0,0.0,0.0,1.0,0.0,0.0,0.0,0.0,0.0,0.0,0.0,0.0,0.0,Sun Belt,Big 12,0.0,,,27.0,,,0.0,-27.0,,,,27.0,,,,,,,,,,,,,,,,,,,19.5,0,0,1,0,0,0,2021-09-10,2021,1,0,0,0,0,0,0,0,0,0,0,0,0,0,0,0,0,0,0,0,0,0,0,0,0,0,0,0,0,0,0,0.0,1.0,0.0,0.0,0.0,0.0,0.0,0.0,0.0,0.0,0.0,0.0,0.0,7.170119543449628,1196.5570780122866,0.0
,9/10/21,Fri,0.895833333,9:30p,Boise St.,UTEP,347K,347.0,Boise St.,54.0,13.0,0.0,0.0,0,0.0,1.0,0.0,0.0,0.0,0.0,0.0,0.0,0.0,0.0,0.0,0.0,Mountain West,Conference USA,0.0,,,25.0,,,0.0,-25.0,,,,41.0,,,,,,,,,,,,,,,,,,,21.5,0,0,1,0,0,0,2021-09-10,2021,1,0,0,0,0,0,0,0,0,0,0,0,0,0,0,0,0,0,0,0,0,0,0,0,0,0,0,0,0,0,0,0.0,0.0,1.0,0.0,0.0,0.0,0.0,0.0,0.0,0.0,0.0,0.0,0.0,5.8522024797744745,421.83006857858993,0.0
,9/11/21,Sat,0.5,12:00p,East Carolina,South Carolina,585K,585.0,South Carolina,20.0,17.0,0.0,0.0,1,0.0,0.0,1.0,0.0,0.0,0.0,0.0,0.0,0.0,0.0,0.0,0.0,American Athletic,SEC,0.0,,,2.5,,,0.0,2.5,,,,3.0,,,,,,,,,,,,,,,,,,,12.0,0,0,0,1,0,0,2021-09-11,2021,1,0,0,0,0,0,0,0,0,0,0,0,0,0,0,0,0,0,0,0,0,0,0,0,0,0,0,0,0,0,0,0.0,0.0,0.0,0.0,0.0,0.0,0.0,0.0,0.0,0.0,0.0,0.0,0.0,6.373319789577012,530.7829630799037,11306.548364024002
,9/11/21,Sat,0.5,12:00p,Ohio St.,Oregon,7.73M,7730.0,Oregon,35.0,28.0,1.0,1.0,0,1.0,0.0,0.0,0.0,0.0,0.0,0.0,0.0,0.0,0.0,0.0,0.0,Big Ten,Pac-12,0.0,,,15.0,,,0.0,-15.0,,,,7.0,,,,,,,,,,,,,,,,,,,12.0,0,0,0,1,0,0,2021-09-11,2021,1,0,0,0,0,0,0,0,0,0,0,0,0,0,0,0,0,0,0,0,0,0,0,0,0,1,0,0,0,0,0,0.0,0.0,0.0,0.0,0.0,0.0,0.0,0.0,0.0,0.0,0.0,0.0,0.0,8.952993499320474,7168.453030817747,4668.878296286158
,9/11/21,Sat,0.5,12:00p,Oklahoma St.,Tulsa,321K,321.0,Oklahoma St.,28.0,23.0,0.0,0.0,1,0.0,1.0,0.0,0.0,0.0,0.0,0.0,0.0,0.0,0.0,0.0,0.0,Big 12,American Athletic,0.0,,,12.0,,,0.0,-12.0,,,,5.0,,,,,,,,,,,,,,,,,,,12.0,0,0,0,1,0,0,2021-09-11,2021,1,0,0,0,0,0,0,0,0,0,0,0,0,0,0,0,0,0,0,0,0,0,0,0,0,0,0,0,0,0,0,0.0,0.0,0.0,0.0,0.0,0.0,0.0,0.0,0.0,0.0,0.0,0.0,0.0,5.7745515455444085,280.8416174567941,11556.48970964711
,9/11/21,Sat,0.5,12:00p,Tennessee,Pittsburgh,1.739M,1739.0,Pittsburgh,41.0,34.0,0.0,0.0,0,0.0,0.0,0.0,0.0,0.0,0.0,0.0,0.0,0.0,0.0,0.0,0.0,SEC,ACC,0.0,,,3.5,,,0.0,3.5,,,,7.0,,,,,,,,,,,,,,,,,,,12.0,0,0,0,1,0,0,2021-09-11,2021,1,0,0,0,0,0,0,0,0,0,0,0,0,0,0,0,0,0,0,0,0,0,0,0,0,0,0,0,0,0,0,0.0,0.0,0.0,0.0,0.0,0.0,0.0,0.0,0.0,0.0,0.0,0.0,0.0,7.461640392208575,1652.5550781484326,10184.776248955472
,9/11/21,Sat,0.541666667,1:00p,South Florida,Florida,1.597M,1597.0,Florida,42.0,20.0,1.0,0.0,0,0.0,0.0,0.0,0.0,0.0,1.0,0.0,0.0,0.0,0.0,0.0,0.0,American Athletic,SEC,0.0,,,28.5,,,0.0,28.5,,,,22.0,,,,,,,,,,,,,,,,,,,13.0,0,0,0,1,0,0,2021-09-11,2021,1,0,0,0,0,0,0,0,0,0,0,0,0,0,0,0,0,0,0,0,0,0,0,0,0,0,0,0,0,0,0,0.0,0.0,0.0,0.0,0.0,0.0,0.0,0.0,0.0,0.0,0.0,0.0,0.0,7.37650812632622,2204.6986376010273,9632.632689502876
,9/11/21,Sat,0.645833333,3:30p,Penn St.,Ball St.,881K,881.0,Penn St.,44.0,13.0,1.0,0.0,2,0.0,1.0,0.0,0.0,0.0,0.0,0.0,0.0,0.0,0.0,0.0,0.0,Big Ten,Mid-American,0.0,,,22.5,,,0.0,-22.5,,,,31.0,,,,,,,,,,,,,,,,,,,15.5,0,0,0,0,1,0,2021-09-11,2021,1,0,0,0,0,0,0,0,0,0,0,0,0,0,0,0,0,0,0,0,0,0,0,0,0,0,0,0,0,0,0,0.0,0.0,0.0,0.0,0.0,0.0,0.0,0.0,0.0,0.0,0.0,0.0,0.0,6.782192056006791,599.739087344668,11775.822358912561
,9/11/21,Sat,0.645833333,3:30p,Colorado,Texas A&M,4.502M,4502.0,Texas A&M,10.0,7.0,0.0,1.0,1,1.0,0.0,0.0,0.0,0.0,0.0,0.0,0.0,0.0,0.0,0.0,0.0,Pac-12,SEC,0.0,,,17.0,,,0.0,17.0,,,,3.0,,,,,,,,,,,,,,,,,,,15.5,0,0,0,0,1,0,2021-09-11,2021,1,0,0,0,0,0,0,0,0,0,0,0,0,0,0,0,0,0,0,0,0,0,0,0,0,0,0,0,0,0,0,0.0,0.0,0.0,0.0,0.0,0.0,0.0,0.0,0.0,0.0,0.0,0.0,0.0,8.412499120301572,3090.902557149456,9284.658889107774
,9/11/21,Sat,0.645833333,3:30p,TCU,California,193K,193.0,TCU,34.0,32.0,0.0,0.0,1,0.0,0.0,0.0,0.0,0.0,0.0,0.0,1.0,0.0,0.0,0.0,0.0,Big 12,Pac-12,0.0,,,11.5,,,0.0,-11.5,,,,2.0,,,,,,,,,,,,,,,,,,,15.5,0,0,0,0,1,0,2021-09-11,2021,1,0,0,0,0,0,0,0,0,0,0,0,0,0,0,0,0,0,0,0,0,0,0,0,0,0,0,0,0,0,0,0.0,0.0,0.0,0.0,0.0,0.0,0.0,0.0,0.0,0.0,0.0,0.0,0.0,5.267858159063328,127.58828597100124,12247.973160286228
,9/11/21,Sat,0.645833333,3:30p,Nebraska,Buffalo,626K,626.0,Nebraska,28.0,3.0,0.0,0.0,2,0.0,0.0,0.0,0.0,0.0,0.0,0.0,0.0,0.0,0.0,1.0,0.0,Big Ten,Mid-American,0.0,,,13.5,,,0.0,-13.5,,,,25.0,,,,,,,,,,,,,,,,,,,15.5,0,0,0,0,1,0,2021-09-11,2021,1,0,0,0,0,0,0,0,0,0,0,0,0,0,0,0,0,0,0,0,0,0,0,0,0,0,0,0,0,0,0,0.0,0.0,0.0,0.0,0.0,0.0,0.0,0.0,0.0,0.0,0.0,0.0,0.0,6.440946540632921,592.8288985247118,11782.732547732518
,9/11/21,Sat,0.645833333,3:30p,Georgia,UAB,1.118M,1118.0,Georgia,56.0,7.0,0.0,1.0,2,0.0,0.0,1.0,0.0,0.0,0.0,0.0,0.0,0.0,0.0,0.0,0.0,SEC,Conference USA,0.0,,,22.5,,,0.0,-22.5,,,,49.0,,,,,,,,,,,,,,,,,,,15.5,0,0,0,0,1,0,2021-09-11,2021,1,0,0,0,0,0,0,0,0,0,0,0,0,0,0,0,0,0,0,0,0,0,0,0,0,0,0,0,0,0,0,0.0,0.0,0.0,0.0,0.0,0.0,0.0,0.0,0.0,0.0,0.0,0.0,0.0,7.020190708311925,876.3315974335864,11499.229848823643
,9/11/21,Sat,0.645833333,3:30p,Navy,Air Force,1.076M,1076.0,Air Force,23.0,3.0,0.0,0.0,1,0.0,0.0,0.0,0.0,1.0,0.0,0.0,0.0,0.0,0.0,0.0,0.0,American Athletic,Mountain West,0.0,,,6.0,,,0.0,6.0,,,,20.0,,,,,,,,,,,,,,,,,,,15.5,0,0,0,0,1,0,2021-09-11,2021,1,0,0,0,0,0,0,0,0,0,0,0,0,0,0,0,0,0,0,0,0,0,0,0,0,0,0,0,0,0,0,0.0,0.0,0.0,0.0,0.0,0.0,0.0,0.0,0.0,0.0,0.0,0.0,0.0,6.981934677156389,749.5172436957369,11626.044202561494
,9/11/21,Sat,0.6875,4:30p,Iowa St.,Iowa,3.89M,3890.0,Iowa,27.0,17.0,0.0,2.0,1,0.0,0.0,0.0,0.0,0.0,1.0,0.0,0.0,0.0,0.0,0.0,0.0,Big 12,Big Ten,0.0,,,4.0,,,0.0,-4.0,,,,10.0,,,,,,,,,,,,,,,,,,,16.5,0,0,0,0,1,0,2021-09-11,2021,1,0,0,0,0,0,0,0,0,0,1,0,0,0,0,0,0,0,0,0,0,0,0,0,0,1,0,0,0,0,0,0.0,0.0,0.0,0.0,0.0,0.0,0.0,0.0,0.0,0.0,0.0,0.0,0.0,8.266421472984554,6338.65377613807,6036.907670119161
,9/11/21,Sat,0.791666667,7:00p,Mississippi St.,North Carolina St.,756K,756.0,Mississippi St.,24.0,10.0,0.0,0.0,0,0.0,0.0,1.0,0.0,0.0,0.0,0.0,0.0,0.0,0.0,0.0,0.0,SEC,ACC,0.0,,,1.5,,,0.0,1.5,,,,14.0,,,,,,,,,,,,,,,,,,,19.0,0,0,0,0,0,0,2021-09-11,2021,1,0,0,0,0,0,0,0,0,0,0,0,0,0,0,0,0,0,0,0,0,0,0,0,0,0,0,0,0,0,0,0.0,0.0,0.0,0.0,0.0,0.0,0.0,0.0,0.0,0.0,0.0,0.0,0.0,6.6293632534374485,656.243812468775,6831.068138874873
,9/11/21,Sat,0.791666667,7:00p,Arkansas,Texas,3.356M,3356.0,Arkansas,40.0,21.0,1.0,0.0,0,0.0,0.0,0.0,0.0,0.0,0.0,0.0,0.0,0.0,0.0,0.0,0.0,SEC,Big 12,0.0,,,6.0,,,0.0,6.0,,,,19.0,,,,,,,,,,,,,,,,,,,19.0,0,0,0,0,0,0,2021-09-11,2021,1,0,0,0,0,0,0,0,0,0,0,0,0,0,0,0,0,0,0,0,0,0,0,0,0,0,0,0,0,0,0,0.0,0.0,0.0,0.0,0.0,0.0,0.0,0.0,0.0,0.0,0.0,0.0,0.0,8.118802996980035,2562.6567975446405,4924.655153799007
,9/11/21,Sat,0.791666667,7:00p,Wisconsin,Eastern Michigan,557K,557.0,Wisconsin,34.0,7.0,1.0,0.0,0,0.0,1.0,0.0,0.0,0.0,0.0,0.0,0.0,0.0,0.0,0.0,0.0,Big Ten,Mid-American,0.0,,,26.0,,,0.0,-26.0,,,,27.0,,,,,,,,,,,,,,,,,,,19.0,0,0,0,0,0,0,2021-09-11,2021,1,0,0,0,0,0,0,0,0,0,0,0,0,0,0,0,0,0,0,0,0,0,0,0,0,0,0,0,0,0,0,0.0,0.0,0.0,0.0,0.0,0.0,0.0,0.0,0.0,0.0,0.0,0.0,0.0,6.324358962381311,476.5634966059313,7010.748454737716
,9/11/21,Sat,0.791666667,7:00p,Miami,Appalachian St.,395K,395.0,Miami,25.0,23.0,1.0,0.0,0,0.0,0.0,0.0,0.0,0.0,0.0,0.0,1.0,0.0,0.0,0.0,0.0,ACC,Sun Belt,0.0,,,7.5,,,0.0,-7.5,,,,2.0,,,,,,,,,,,,,,,,,,,19.0,0,0,0,0,0,0,2021-09-11,2021,1,0,0,0,0,0,0,0,0,0,0,0,0,0,0,0,0,0,0,0,0,0,0,0,0,0,0,0,0,0,0,0.0,0.0,0.0,0.0,0.0,0.0,0.0,0.0,0.0,0.0,0.0,0.0,0.0,5.981414211254481,197.65219685659247,7289.659754487055
,9/11/21,Sat,0.833333333,8:00p,Michigan,Washington,4.748M,4748.0,Michigan,31.0,10.0,0.0,0.0,0,0.0,0.0,0.0,0.0,0.0,1.0,0.0,0.0,0.0,0.0,0.0,0.0,Big Ten,Pac-12,0.0,,,6.5,,,0.0,-6.5,,,,21.0,,,,,,,,,,,,,,,,,,,20.0,0,0,0,0,0,0,2021-09-11,2021,1,0,0,0,0,0,0,0,0,0,0,0,0,0,0,0,0,0,0,0,0,0,0,0,0,0,0,0,0,0,0,0.0,0.0,0.0,0.0,0.0,0.0,0.0,0.0,0.0,0.0,0.0,0.0,0.0,8.465689348549121,3594.195647867708,3893.1163034759397
,9/11/21,Sat,0.9375,10:30p,BYU,Utah,1.503M,1503.0,BYU,26.0,17.0,1.0,0.0,0,0.0,0.0,0.0,0.0,0.0,0.0,0.0,0.0,0.0,0.0,0.0,0.0,FBS Independents,Pac-12,0.0,,,7.0,,,0.0,7.0,,,,9.0,,,,,,,,,,,,,,,,,,,22.5,0,0,0,0,0,1,2021-09-11,2021,1,0,0,0,0,0,0,0,0,1,0,0,0,0,0,0,0,0,0,0,0,0,0,0,0,0,0,0,0,0,0,0.0,0.0,0.0,0.0,0.0,0.0,0.0,0.0,0.0,0.0,0.0,0.0,0.0,7.315883504509785,1458.2788701346437,2803.5535263840457
,9/11/21,Sat,0.9375,10:30p,Arizona St.,UNLV,407K,407.0,Arizona St.,37.0,10.0,1.0,0.0,0,0.0,0.0,1.0,0.0,0.0,0.0,0.0,0.0,0.0,0.0,0.0,0.0,Pac-12,Mountain West,0.0,,,34.5,,,0.0,-34.5,,,,27.0,,,,,,,,,,,,,,,,,,,22.5,0,0,0,0,0,1,2021-09-11,2021,1,0,0,0,0,0,0,0,0,0,0,0,0,0,0,0,0,0,0,0,0,0,0,0,0,0,0,0,0,0,0,0.0,0.0,0.0,0.0,0.0,0.0,0.0,0.0,0.0,0.0,0.0,0.0,0.0,6.0112671744041615,448.740845976866,3813.0915505418234
,9/11/21,Sat,0.979166667,11:30p,USC,Stanford,1.441M,1441.0,Stanford,42.0,28.0,1.0,0.0,0,1.0,0.0,0.0,0.0,0.0,0.0,0.0,0.0,0.0,0.0,0.0,0.0,Pac-12,Pac-12,0.0,,,17.5,,,0.0,-17.5,,,,14.0,,,,,,,,,,,,,,,,,,,23.5,0,0,0,0,0,0,2021-09-11,2021,1,0,0,0,0,0,0,0,0,0,0,0,0,0,0,0,0,0,0,0,0,0,0,0,0,0,0,0,0,0,0,0.0,0.0,0.0,0.0,0.0,0.0,0.0,0.0,0.0,0.0,0.0,0.0,0.0,7.273786317844895,2046.9166891797695,2214.9157073389206
,9/11/21,Sat,0.979166667,11:30p,Oregon St.,Hawaii,204K,204.0,Oregon St.,45.0,27.0,0.0,0.0,0,0.0,1.0,0.0,0.0,0.0,0.0,0.0,0.0,0.0,0.0,0.0,0.0,Pac-12,Mountain West,0.0,,,11.0,,,0.0,-11.0,,,,18.0,,,,,,,,,,,,,,,,,,,23.5,0,0,0,0,0,0,2021-09-11,2021,1,0,0,0,0,0,0,0,0,0,0,0,0,0,0,0,0,0,0,0,0,0,0,0,0,0,0,0,0,0,0,0.0,0.0,0.0,0.0,0.0,0.0,0.0,0.0,0.0,0.0,0.0,0.0,0.0,5.3230099791384085,307.8959912274106,3953.9364052912792
,9/16/21,Thu,0.833333333,8:00p,Louisiana,Ohio,698K,698.0,Louisiana,49.0,14.0,0.0,0.0,0,0.0,0.0,0.0,0.0,0.0,0.0,0.0,0.0,0.0,0.0,0.0,0.0,Sun Belt,Mid-American,0.0,,,19.5,,,0.0,,,,,35.0,,,,,,,,,,,,,,,,,,,20.0,0,1,0,0,0,0,2021-09-16,2021,1,0,0,0,0,0,0,0,0,0,0,0,0,0,0,0,0,0,0,0,0,0,0,0,0,0,0,0,0,0,0,0.0,0.0,0.0,0.0,0.0,0.0,0.0,0.0,0.0,0.0,0.0,0.0,0.0,6.54965074223381,536.8770662399696,0.0
,9/17/21,Fri,0.8125,7:30p,Louisville,UCF,1.881M,1881.0,Louisville,42.0,35.0,0.0,0.0,0,0.0,0.0,0.0,0.0,0.0,0.0,0.0,0.0,0.0,0.0,0.0,0.0,ACC,American Athletic,0.0,,,7.0,,,0.0,7.0,,,,7.0,,,,,,,,,,,,,,,,,,,19.5,0,0,1,0,0,0,2021-09-17,2021,1,0,0,0,0,0,0,0,0,0,0,0,0,0,0,0,0,0,0,0,0,0,0,0,0,0,0,0,0,0,0,0.0,0.0,0.0,0.0,0.0,0.0,0.0,0.0,0.0,0.0,0.0,0.0,1.0,7.540090320145325,1269.0103606199505,0.0
,9/17/21,Fri,0.875,9:00p,Illinois,Maryland,690K,690.0,Maryland,20.0,17.0,0.0,0.0,0,0.0,1.0,0.0,0.0,0.0,0.0,0.0,0.0,0.0,0.0,0.0,0.0,Big Ten,Big Ten,0.0,,,7.0,,,0.0,7.0,,,,3.0,,,,,,,,,,,,,,,,,,,21.0,0,0,1,0,0,0,2021-09-17,2021,1,0,0,0,0,0,0,0,0,0,0,0,0,0,0,0,0,0,0,0,0,0,0,0,0,0,0,0,0,0,0,0.0,0.0,1.0,0.0,0.0,0.0,0.0,0.0,0.0,0.0,0.0,0.0,0.0,6.53813982376767,610.6327340639243,0.0
,9/18/21,Sat,0.5,12:00p,Miami,Michigan St.,2.774M,2774.0,Michigan St.,38.0,17.0,1.0,0.0,1,0.0,0.0,0.0,0.0,0.0,1.0,0.0,0.0,0.0,0.0,0.0,0.0,ACC,Big Ten,0.0,,,7.0,,,0.0,-7.0,,,,21.0,,,,,,,,,,,,,,,,,,,12.0,0,0,0,1,0,0,2021-09-18,2021,1,0,0,0,0,0,0,0,0,0,0,0,0,0,0,0,0,0,0,0,0,0,0,0,0,0,0,0,0,0,0,0.0,0.0,0.0,0.0,0.0,0.0,0.0,0.0,0.0,0.0,0.0,0.0,0.0,7.928406026180535,3336.9570475540886,9023.953734806259
,9/18/21,Sat,0.5,12:00p,Buffalo,Coastal Carolina,285K,285.0,Coastal Carolina,28.0,25.0,1.0,0.0,2,0.0,0.0,1.0,0.0,0.0,0.0,0.0,0.0,0.0,0.0,0.0,0.0,Mid-American,Sun Belt,0.0,,,14.0,,,0.0,14.0,,,,3.0,,,,,,,,,,,,,,,,,,,12.0,0,0,0,1,0,0,2021-09-18,2021,1,0,0,0,0,0,0,0,0,0,0,0,0,0,0,0,0,0,0,0,0,0,0,0,0,0,0,0,0,0,0,0.0,0.0,0.0,0.0,0.0,0.0,0.0,0.0,0.0,0.0,0.0,0.0,0.0,5.655991810819852,318.10610579086045,12042.804676569487
,9/18/21,Sat,0.5,12:00p,Michigan,Northern Illinois,512K,512.0,Michigan,63.0,10.0,1.0,0.0,2,0.0,0.0,0.0,0.0,0.0,0.0,0.0,0.0,0.0,0.0,1.0,0.0,Big Ten,Mid-American,0.0,,,27.5,,,0.0,-27.5,,,,53.0,,,,,,,,,,,,,,,,,,,12.0,0,0,0,1,0,0,2021-09-18,2021,1,0,0,0,0,0,0,0,0,0,0,0,0,0,0,0,0,0,0,0,0,0,0,0,0,0,0,0,0,0,0,0.0,0.0,0.0,0.0,0.0,0.0,0.0,0.0,0.0,0.0,0.0,0.0,0.0,6.240275845170769,768.0045330796194,11592.906249280728
,9/18/21,Sat,0.5,12:00p,Oklahoma,Nebraska,4.21M,4210.0,Oklahoma,23.0,16.0,0.0,1.0,1,1.0,0.0,0.0,0.0,0.0,0.0,0.0,0.0,0.0,0.0,0.0,0.0,Big 12,Big Ten,0.0,,,22.5,,,0.0,-22.5,,,,7.0,,,,,,,,,,,,,,,,,,,12.0,0,0,0,1,0,0,2021-09-18,2021,1,0,0,0,0,0,0,0,0,0,0,0,0,0,0,0,0,0,0,0,0,0,0,0,0,0,0,0,0,0,0,0.0,0.0,0.0,0.0,0.0,0.0,0.0,0.0,0.0,0.0,0.0,0.0,0.0,8.345455428161928,5838.360066100393,6522.550716259955
,9/18/21,Sat,0.5,12:00p,Indiana,Cincinnati,1.681M,1681.0,Cincinnati,38.0,24.0,0.0,1.0,1,0.0,0.0,0.0,0.0,0.0,0.0,0.0,0.0,0.0,0.0,0.0,0.0,Big Ten,American Athletic,0.0,,,4.0,,,0.0,4.0,,,,14.0,,,,,,,,,,,,,,,,,,,12.0,0,0,0,1,0,0,2021-09-18,2021,1,0,0,0,0,0,0,0,0,0,0,0,0,0,0,0,0,0,0,0,0,0,0,0,0,0,0,0,0,0,0,0.0,0.0,0.0,0.0,0.0,0.0,0.0,0.0,0.0,0.0,0.0,0.0,0.0,7.427738840532894,1330.4506037254175,11030.46017863493
,9/18/21,Sat,0.5,12:00p,West Virginia,Virginia Tech,932K,932.0,West Virginia,27.0,21.0,1.0,0.0,2,0.0,1.0,0.0,0.0,0.0,0.0,0.0,0.0,0.0,0.0,0.0,0.0,Big 12,ACC,0.0,,,2.0,,,0.0,-2.0,,,,6.0,,,,,,,,,,,,,,,,,,,12.0,0,0,0,1,0,0,2021-09-18,2021,1,0,0,0,0,0,0,0,0,0,0,0,0,0,0,0,0,0,0,0,0,0,0,0,0,0,0,0,0,0,0,0.0,0.0,0.0,0.0,0.0,0.0,0.0,0.0,0.0,0.0,0.0,0.0,0.0,6.838405200847344,769.0324261099684,11591.87835625038
,9/18/21,Sat,0.604166667,2:30p,Notre Dame,Purdue,2.584M,2584.0,Notre Dame,27.0,13.0,1.0,0.0,1,0.0,0.0,0.0,1.0,0.0,0.0,0.0,0.0,0.0,0.0,0.0,0.0,FBS Independents,Big Ten,0.0,,,7.5,,,0.0,-7.5,,,,14.0,,,,,,,,,,,,,,,,,,,14.5,0,0,0,0,1,0,2021-09-18,2021,1,0,0,0,0,0,0,0,0,0,0,0,0,0,0,0,0,0,0,0,0,0,0,0,0,0,0,0,0,0,0,0.0,0.0,0.0,0.0,0.0,0.0,0.0,0.0,0.0,0.0,0.0,0.0,0.0,7.85748078694253,2500.0003226956837,16837.85641475099
,9/18/21,Sat,0.645833333,3:30p,Washington St.,USC,1.583M,1583.0,USC,45.0,14.0,0.0,0.0,1,1.0,0.0,0.0,0.0,0.0,0.0,0.0,0.0,0.0,0.0,0.0,0.0,Pac-12,Pac-12,0.0,,,7.0,,,0.0,7.0,,,,31.0,,,,,,,,,,,,,,,,,,,15.5,0,0,0,0,1,0,2021-09-18,2021,1,0,0,0,0,0,0,0,0,0,0,0,0,0,0,0,0,0,0,0,0,0,0,0,0,0,0,0,0,0,0,0.0,0.0,0.0,0.0,0.0,0.0,0.0,0.0,0.0,0.0,0.0,0.0,0.0,7.367708572374371,1636.6947362560231,18101.850530352913
,9/18/21,Sat,0.645833333,3:30p,Florida,Alabama,7.863M,7863.0,Alabama,31.0,29.0,1.0,1.0,1,0.0,0.0,0.0,0.0,1.0,0.0,0.0,0.0,0.0,0.0,0.0,0.0,SEC,SEC,0.0,,,14.0,,,0.0,14.0,,,,2.0,,,,,,,,,,,,,,,,,,,15.5,0,0,0,0,1,0,2021-09-18,2021,1,0,0,0,0,0,0,0,0,0,0,0,0,0,0,0,0,0,0,0,0,0,0,0,0,1,0,0,0,0,0,0.0,0.0,0.0,0.0,0.0,0.0,0.0,0.0,0.0,0.0,0.0,0.0,0.0,8.970050661827003,10098.440214418266,9640.10505219067
,9/18/21,Sat,0.645833333,3:30p,Ohio St.,Tulsa,1.831M,1831.0,Ohio St.,41.0,20.0,0.0,1.0,2,0.0,1.0,0.0,0.0,0.0,0.0,0.0,0.0,0.0,0.0,0.0,0.0,Big Ten,American Athletic,0.0,,,24.5,,,0.0,-24.5,,,,21.0,,,,,,,,,,,,,,,,,,,15.5,0,0,0,0,1,0,2021-09-18,2021,1,0,0,0,0,0,0,0,0,0,0,0,0,0,0,0,0,0,0,0,0,0,0,0,0,0,0,0,0,0,0,0.0,0.0,0.0,0.0,0.0,0.0,0.0,0.0,0.0,0.0,0.0,0.0,0.0,7.513163545234075,913.0023876789836,18825.542878929955
,9/18/21,Sat,0.645833333,3:30p,Wake Forest,Florida St.,689K,689.0,Wake Forest,35.0,14.0,0.0,0.0,1,0.0,0.0,0.0,0.0,0.0,0.0,0.0,0.0,0.0,0.0,0.0,0.0,ACC,ACC,0.0,,,4.5,,,0.0,-4.5,,,,21.0,,,,,,,,,,,,,,,,,,,15.5,0,0,0,0,1,0,2021-09-18,2021,1,0,0,0,0,0,0,0,0,0,0,0,0,0,0,0,0,0,0,0,0,0,0,0,0,0,0,0,0,0,0,0.0,0.0,0.0,0.0,0.0,0.0,0.0,0.0,0.0,0.0,0.0,0.0,0.0,6.536691597591305,1075.8502059315867,18662.69506067735
,9/18/21,Sat,0.645833333,3:30p,Clemson,Georgia Tech,2.101M,2101.0,Clemson,14.0,8.0,0.0,1.0,1,0.0,0.0,0.0,0.0,0.0,1.0,0.0,0.0,0.0,0.0,0.0,0.0,ACC,ACC,0.0,,,27.5,,,0.0,-27.5,,,,6.0,,,,,,,,,,,,,,,,,,,15.5,0,0,0,0,1,0,2021-09-18,2021,1,0,0,0,0,0,0,0,0,0,0,0,0,0,0,0,0,0,0,0,0,0,0,0,0,0,0,0,0,0,0,0.0,0.0,0.0,0.0,0.0,0.0,0.0,0.0,0.0,0.0,0.0,0.0,0.0,7.650644551436897,3113.86887046613,16624.676396142808
,9/18/21,Sat,0.666666667,4:00p,Memphis,Mississippi St.,401K,401.0,Memphis,31.0,29.0,0.0,0.0,2,0.0,0.0,1.0,0.0,0.0,0.0,0.0,0.0,0.0,0.0,0.0,0.0,American Athletic,SEC,0.0,,,3.5,,,0.0,3.5,,,,2.0,,,,,,,,,,,,,,,,,,,16.0,0,0,0,0,1,0,2021-09-18,2021,1,0,0,0,0,0,0,0,0,0,0,0,0,0,0,0,0,0,0,0,0,0,0,0,0,0,0,0,0,0,0,0.0,0.0,0.0,0.0,0.0,0.0,0.0,0.0,0.0,0.0,0.0,0.0,0.0,5.996452088619021,400.68852916226285,16837.85641475099
,9/18/21,Sat,0.791666667,7:00p,Georgia,South Carolina,2.548M,2548.0,Georgia,40.0,13.0,0.0,1.0,1,0.0,0.0,0.0,0.0,0.0,0.0,0.0,0.0,0.0,0.0,0.0,0.0,SEC,SEC,0.0,,,31.5,,,0.0,-31.5,,,,27.0,,,,,,,,,,,,,,,,,,,19.0,0,0,0,0,0,0,2021-09-18,2021,1,0,0,0,0,0,0,0,0,0,0,0,0,0,0,0,0,0,0,0,0,0,0,0,0,0,0,0,0,0,0,0.0,0.0,0.0,0.0,0.0,0.0,0.0,0.0,0.0,0.0,0.0,0.0,0.0,7.8434564043761155,3407.306083474038,8100.981534769835
,9/18/21,Sat,0.8125,7:30p,Penn St.,Auburn,7.606M,7606.0,Penn St.,28.0,20.0,1.0,1.0,1,0.0,0.0,0.0,0.0,0.0,1.0,0.0,0.0,0.0,0.0,0.0,0.0,Big Ten,SEC,0.0,,,4.0,,,0.0,-4.0,,,,8.0,,,,,,,,,,,,,,,,,,,19.5,0,0,0,0,0,0,2021-09-18,2021,1,0,0,0,0,0,0,0,0,0,0,0,0,0,0,0,0,0,0,0,0,0,0,0,0,1,0,0,0,0,0,0.0,0.0,0.0,0.0,0.0,0.0,0.0,0.0,0.0,0.0,0.0,0.0,0.0,8.936824154997302,7613.240739799156,3895.046878444718
,9/18/21,Sat,0.833333333,8:00p,Mississippi,Tulane,350K,350.0,Mississippi,61.0,21.0,1.0,0.0,2,0.0,0.0,1.0,0.0,0.0,0.0,0.0,0.0,0.0,0.0,0.0,0.0,SEC,American Athletic,0.0,,,14.0,,,0.0,-14.0,,,,40.0,,,,,,,,,,,,,,,,,,,20.0,0,0,0,0,0,0,2021-09-18,2021,1,0,0,0,0,0,0,0,0,0,0,0,0,0,0,0,0,0,0,0,0,0,0,0,0,0,0,0,0,0,0,0.0,0.0,0.0,0.0,0.0,0.0,0.0,0.0,0.0,0.0,0.0,0.0,0.0,5.860786223465865,487.74079497067976,11487.79484844258
,9/18/21,Sat,0.875,9:00p,Boise St.,Oklahoma St.,596K,596.0,Oklahoma St.,21.0,20.0,0.0,0.0,0,0.0,1.0,0.0,0.0,0.0,0.0,0.0,0.0,0.0,0.0,0.0,0.0,Mountain West,Big 12,0.0,,,3.5,,,0.0,-3.5,,,,1.0,,,,,,,,,,,,,,,,,,,21.0,0,0,0,0,0,0,2021-09-18,2021,1,0,0,0,0,0,0,0,0,0,0,0,0,0,0,0,0,0,0,0,0,0,0,0,0,0,0,0,0,0,0,0.0,0.0,0.0,0.0,0.0,0.0,0.0,0.0,0.0,0.0,0.0,0.0,0.0,6.391917113392602,467.24802516938576,487.74079497067976
,9/18/21,Sat,0.9375,10:30p,BYU,Arizona St.,1.498M,1498.0,BYU,27.0,17.0,2.0,0.0,0,0.0,0.0,0.0,0.0,0.0,0.0,0.0,0.0,0.0,0.0,0.0,0.0,FBS Independents,Pac-12,0.0,,,3.0,,,0.0,3.0,,,,10.0,,,,,,,,,,,,,,,,,,,22.5,0,0,0,0,0,1,2021-09-18,2021,1,0,0,0,0,0,0,0,0,0,0,0,0,0,0,0,0,0,0,0,0,0,0,0,0,1,0,0,0,0,0,0.0,0.0,0.0,0.0,0.0,0.0,0.0,0.0,0.0,0.0,0.0,0.0,0.0,7.312553498102598,1724.926773144771,263.0855690083342
,9/18/21,Sat,0.979166667,11:30p,Hawaii,San Jose St.,259K,259.0,San Jose St.,17.0,13.0,0.0,0.0,0,0.0,1.0,0.0,0.0,0.0,0.0,0.0,0.0,0.0,0.0,0.0,0.0,Mountain West,Mountain West,0.0,,,8.0,,,0.0,8.0,,,,4.0,,,,,,,,,,,,,,,,,,,23.5,0,0,0,0,0,0,2021-09-18,2021,1,0,0,0,0,0,0,0,0,0,0,0,0,0,0,0,0,0,0,0,0,0,0,0,0,0,0,0,0,0,0,0.0,0.0,0.0,0.0,0.0,0.0,0.0,0.0,0.0,0.0,0.0,0.0,0.0,5.560681631015528,263.0855690083342,1724.926773144771
,9/23/21,Thu,0.8125,7:30p,Appalachian St.,Marshall,1.014M,1014.0,Appalachian St.,31.0,30.0,0.0,0.0,0,0.0,0.0,0.0,0.0,0.0,0.0,0.0,0.0,0.0,0.0,0.0,0.0,Sun Belt,Conference USA,0.0,,,7.0,,,0.0,-7.0,,,,1.0,,,,,,,,,,,,,,,,,,,19.5,0,1,0,0,0,0,2021-09-23,2021,1,0,0,0,0,0,0,0,0,0,0,0,0,0,0,0,0,0,0,0,0,0,0,0,0,0,0,0,0,0,0,0.0,0.0,0.0,0.0,0.0,0.0,0.0,0.0,0.0,0.0,0.0,0.0,0.0,6.922643891475888,751.5496190825255,0.0
,9/24/21,Fri,0.791666667,7:00p,Virginia,Wake Forest,1.113M,1113.0,Wake Forest,37.0,17.0,0.0,0.0,0,0.0,0.0,1.0,0.0,0.0,0.0,0.0,0.0,0.0,0.0,0.0,0.0,ACC,ACC,0.0,,,3.5,,,0.0,-3.5,,,,20.0,,,,,,,,,,,,,,,,,,,19.0,0,0,1,0,0,0,2021-09-24,2021,1,0,0,0,0,0,0,0,0,0,0,0,0,0,0,0,0,0,0,0,0,0,0,0,0,0,0,0,0,0,0,0.0,1.0,0.0,0.0,0.0,0.0,0.0,0.0,0.0,0.0,0.0,0.0,0.0,7.01571242048723,917.7171837727268,0.0
,9/25/21,Sat,0.5,12:00p,Boston College,Missouri,404K,404.0,Boston College,41.0,34.0,0.0,0.0,0,0.0,0.0,1.0,0.0,0.0,0.0,0.0,0.0,0.0,0.0,0.0,0.0,ACC,SEC,0.0,,,1.0,,,0.0,-1.0,,,,7.0,,,,,,,,,,,,,,,,,,,12.0,0,0,0,1,0,0,2021-09-25,2021,1,0,0,0,0,0,0,0,0,0,0,0,0,0,0,0,0,0,0,0,0,0,0,0,0,0,0,0,0,0,0,0.0,0.0,0.0,0.0,0.0,0.0,0.0,0.0,0.0,0.0,0.0,0.0,0.0,6.003887067106539,488.90421778974417,11059.733499952634
,9/25/21,Sat,0.5,12:00p,Mississippi St.,LSU,1.791M,1791.0,LSU,28.0,25.0,0.0,0.0,0,0.0,0.0,0.0,0.0,0.0,0.0,0.0,0.0,0.0,0.0,0.0,0.0,SEC,SEC,0.0,,,1.5,,,0.0,1.5,,,,3.0,,,,,,,,,,,,,,,,,,,12.0,0,0,0,1,0,0,2021-09-25,2021,1,0,0,0,0,0,0,0,0,0,0,0,0,0,0,0,0,0,0,0,0,0,0,0,0,0,0,0,0,0,0,0.0,0.0,0.0,0.0,0.0,0.0,0.0,0.0,0.0,0.0,0.0,0.0,0.0,7.491087593534876,1910.8522614831788,9637.7854562592
,9/25/21,Sat,0.5,12:00p,Texas,Texas Tech,1.728M,1728.0,Texas,70.0,35.0,0.0,0.0,0,0.0,0.0,0.0,0.0,0.0,1.0,0.0,0.0,0.0,0.0,0.0,0.0,Big 12,Big 12,0.0,,,9.0,,,0.0,-9.0,,,,35.0,,,,,,,,,,,,,,,,,,,12.0,0,0,0,1,0,0,2021-09-25,2021,1,0,0,0,0,0,0,0,0,0,0,0,0,0,0,0,0,0,0,0,0,0,0,0,0,0,0,0,0,0,0,0.0,0.0,0.0,0.0,0.0,0.0,0.0,0.0,0.0,0.0,0.0,0.0,0.0,7.455298485683291,2618.630649001528,8930.007068740852
,9/25/21,Sat,0.5,12:00p,TCU,SMU,186K,186.0,SMU,42.0,34.0,0.0,0.0,0,0.0,1.0,0.0,0.0,0.0,0.0,0.0,0.0,0.0,0.0,0.0,0.0,Big 12,American Athletic,0.0,,,9.5,,,0.0,-9.5,,,,8.0,,,,,,,,,,,,,,,,,,,12.0,0,0,0,1,0,0,2021-09-25,2021,1,0,0,0,0,0,0,0,0,0,0,0,0,0,0,0,0,0,0,0,0,0,0,0,0,0,0,0,0,0,0,0.0,0.0,0.0,0.0,0.0,0.0,0.0,0.0,0.0,0.0,0.0,0.0,0.0,5.231108616854587,304.41469335040085,11244.223024391978
,9/25/21,Sat,0.5,12:00p,Wisconsin,Notre Dame,5.369M,5369.0,Notre Dame,41.0,13.0,2.0,0.0,0,1.0,0.0,0.0,0.0,0.0,0.0,0.0,0.0,0.0,0.0,0.0,0.0,Big Ten,FBS Independents,0.0,,,6.0,,,0.0,-6.0,,,,28.0,,,,,,,,,,,,,,,,,,,12.0,0,0,0,1,0,0,2021-09-25,2021,1,0,0,0,0,0,0,0,0,0,0,0,0,0,0,0,0,0,0,0,0,0,0,0,0,1,0,0,0,0,0,0.0,0.0,0.0,0.0,0.0,0.0,0.0,0.0,0.0,0.0,0.0,0.0,0.0,8.58858318750291,5290.248261252131,6258.389456490249
,9/25/21,Sat,0.5,12:00p,Utah St.,Boise St.,804K,804.0,Boise St.,27.0,3.0,0.0,0.0,0,0.0,0.0,0.0,0.0,1.0,0.0,0.0,0.0,0.0,0.0,0.0,0.0,Mountain West,Mountain West,0.0,,,9.5,,,0.0,9.5,,,,24.0,,,,,,,,,,,,,,,,,,,12.0,0,0,0,1,0,0,2021-09-25,2021,1,0,0,0,0,0,0,0,0,0,0,0,0,0,0,0,0,0,0,0,0,0,0,0,0,0,0,0,0,0,0,0.0,0.0,0.0,0.0,0.0,0.0,0.0,0.0,0.0,0.0,0.0,0.0,0.0,6.690842277418564,935.5876348653971,10613.050082876984
,9/25/21,Sat,0.645833333,3:30p,North Carolina St.,Clemson,2.185M,2185.0,North Carolina St.,27.0,21.0,0.0,1.0,1,0.0,0.0,0.0,0.0,0.0,0.0,0.0,0.0,0.0,0.0,0.0,0.0,ACC,ACC,0.0,,,10.5,,,0.0,10.5,,,,6.0,,,,,,,,,,,,,,,,,,,15.5,0,0,0,0,1,0,2021-09-25,2021,1,0,0,0,0,0,0,0,0,0,0,0,0,0,0,0,0,0,0,0,0,0,0,0,0,0,0,0,0,0,0,0.0,0.0,0.0,0.0,0.0,0.0,0.0,0.0,0.0,0.0,0.0,0.0,0.0,7.689828668736484,2216.8595069910434,11772.708910907293
,9/25/21,Sat,0.645833333,3:30p,Baylor,Iowa St.,2.012M,2012.0,Baylor,31.0,29.0,1.0,0.0,1,1.0,0.0,0.0,0.0,0.0,0.0,0.0,0.0,0.0,0.0,0.0,0.0,Big 12,Big 12,0.0,,,7.0,,,0.0,7.0,,,,2.0,,,,,,,,,,,,,,,,,,,15.5,0,0,0,0,1,0,2021-09-25,2021,1,0,0,0,0,0,0,0,0,0,0,0,0,0,0,0,0,0,0,0,0,0,0,0,0,0,0,0,0,0,0,0.0,0.0,0.0,0.0,0.0,0.0,0.0,0.0,0.0,0.0,0.0,0.0,0.0,7.607381425639791,1965.767430139032,12023.800987759305
,9/25/21,Sat,0.645833333,3:30p,Michigan,Rutgers,2.806M,2806.0,Michigan,20.0,13.0,1.0,0.0,1,0.0,0.0,0.0,0.0,0.0,1.0,0.0,0.0,0.0,0.0,0.0,0.0,Big Ten,Big Ten,0.0,,,20.5,,,0.0,-20.5,,,,7.0,,,,,,,,,,,,,,,,,,,15.5,0,0,0,0,1,0,2021-09-25,2021,1,0,0,0,0,0,0,0,0,0,0,0,0,0,0,0,0,0,0,0,0,0,0,0,0,0,0,0,0,0,0,0.0,0.0,0.0,0.0,0.0,0.0,0.0,0.0,0.0,0.0,0.0,0.0,0.0,7.939871576361883,3352.4641501746305,10637.104267723706
,9/25/21,Sat,0.645833333,3:30p,Iowa,Colorado St.,513K,513.0,Iowa,24.0,14.0,0.0,1.0,2,0.0,1.0,0.0,0.0,0.0,0.0,0.0,0.0,0.0,0.0,0.0,0.0,Big Ten,Mountain West,0.0,,,23.5,,,0.0,-23.5,,,,10.0,,,,,,,,,,,,,,,,,,,15.5,0,0,0,0,1,0,2021-09-25,2021,1,0,0,0,0,0,0,0,0,0,0,0,0,0,0,0,0,0,0,0,0,0,0,0,0,0,0,0,0,0,0,0.0,0.0,0.0,0.0,0.0,0.0,0.0,0.0,0.0,0.0,0.0,0.0,0.0,6.2422232654551655,804.4620906008294,13185.106327297506
,9/25/21,Sat,0.645833333,3:30p,Arkansas,Texas A&M,4.071M,4071.0,Arkansas,20.0,10.0,1.0,1.0,1,0.0,0.0,0.0,0.0,1.0,0.0,0.0,0.0,0.0,0.0,0.0,0.0,SEC,SEC,0.0,,,4.5,,,0.0,4.5,,,,10.0,,,,,,,,,,,,,,,,,,,15.5,0,0,0,0,1,0,2021-09-25,2021,1,0,0,0,0,0,0,0,0,0,0,0,0,0,0,0,0,0,0,0,0,0,0,0,0,1,0,0,0,0,0,0.0,0.0,0.0,0.0,0.0,0.0,0.0,0.0,0.0,0.0,0.0,0.0,0.0,8.311889558230359,4890.2818088310305,9099.286609067305
,9/25/21,Sat,0.645833333,3:30p,Florida St.,Louisville,643K,643.0,Louisville,31.0,23.0,0.0,0.0,2,0.0,0.0,1.0,0.0,0.0,0.0,0.0,0.0,0.0,0.0,0.0,0.0,ACC,ACC,0.0,,,1.5,,,0.0,-1.5,,,,8.0,,,,,,,,,,,,,,,,,,,15.5,0,0,0,0,1,0,2021-09-25,2021,1,0,0,0,0,0,0,0,0,0,0,0,0,0,0,0,0,0,0,0,0,0,0,0,0,0,0,0,0,0,0,0.0,0.0,0.0,0.0,0.0,0.0,0.0,0.0,0.0,0.0,0.0,0.0,0.0,6.467698726104354,759.7334311617713,13229.834986736565
,9/25/21,Sat,0.791666667,7:00p,South Carolina,Kentucky,941K,941.0,Kentucky,16.0,10.0,0.0,0.0,1,0.0,0.0,1.0,0.0,0.0,0.0,0.0,0.0,0.0,0.0,0.0,0.0,SEC,SEC,0.0,,,4.5,,,0.0,4.5,,,,6.0,,,,,,,,,,,,,,,,,,,19.0,0,0,0,0,0,0,2021-09-25,2021,1,0,0,0,0,0,0,0,0,0,0,0,0,0,0,0,0,0,0,0,0,0,0,0,0,0,0,0,0,0,0,0.0,0.0,0.0,0.0,0.0,0.0,0.0,0.0,0.0,0.0,0.0,0.0,0.0,6.848005274576363,964.5210319567428,10182.287753257233
,9/25/21,Sat,0.791666667,7:00p,Florida,Tennessee,3.282M,3282.0,Florida,38.0,14.0,1.0,0.0,0,0.0,0.0,0.0,0.0,0.0,0.0,0.0,0.0,0.0,0.0,0.0,0.0,SEC,SEC,0.0,,,19.0,,,0.0,-19.0,,,,24.0,,,,,,,,,,,,,,,,,,,19.0,0,0,0,0,0,0,2021-09-25,2021,1,0,0,0,0,0,0,1,0,0,0,0,0,0,0,0,0,0,0,0,0,0,0,0,0,0,0,0,0,0,0,0.0,0.0,0.0,0.0,0.0,0.0,0.0,0.0,0.0,0.0,0.0,0.0,0.0,8.096512917501594,3242.1540538369586,7904.654731377018
,9/25/21,Sat,0.791666667,7:00p,Michigan St.,Nebraska,1.664M,1664.0,Michigan St.,23.0,20.0,1.0,0.0,1,0.0,1.0,0.0,0.0,0.0,0.0,0.0,0.0,0.0,0.0,0.0,0.0,Big Ten,Big Ten,0.0,,,3.5,,,0.0,-3.5,,,,3.0,,,,,,,,,,,,,,,,,,,19.0,0,0,0,0,0,0,2021-09-25,2021,1,0,0,0,0,0,0,0,0,0,0,0,0,0,0,0,0,0,0,0,0,0,0,0,0,0,0,0,0,0,0,0.0,0.0,0.0,0.0,0.0,0.0,0.0,0.0,0.0,0.0,0.0,0.0,0.0,7.417580402414544,1542.253392517369,9604.555392696608
,9/25/21,Sat,0.8125,7:30p,Ohio St.,Akron,1.075M,1075.0,Ohio St.,59.0,7.0,0.0,1.0,1,0.0,0.0,0.0,0.0,0.0,0.0,0.0,0.0,0.0,0.0,1.0,0.0,Big Ten,Mid-American,0.0,,,48.5,,,0.0,-48.5,,,,52.0,,,,,,,,,,,,,,,,,,,19.5,0,0,0,0,0,0,2021-09-25,2021,1,0,0,0,0,0,0,0,0,0,0,0,0,0,0,0,0,0,0,0,0,0,0,0,0,0,0,0,0,0,1,0.0,0.0,0.0,0.0,0.0,0.0,0.0,0.0,0.0,0.0,0.0,0.0,0.0,6.98100574072173,1234.3431197855284,9912.465665428448
,9/25/21,Sat,0.791666667,7:00p,Oklahoma,West Virginia,4.502M,4502.0,Oklahoma,16.0,13.0,0.0,1.0,0,0.0,0.0,0.0,0.0,0.0,1.0,0.0,0.0,0.0,0.0,0.0,0.0,Big 12,Big 12,0.0,,,17.5,,,0.0,-17.5,,,,3.0,,,,,,,,,,,,,,,,,,,19.0,0,0,0,0,0,0,2021-09-25,2021,1,0,0,0,0,0,0,0,0,0,0,0,0,0,0,0,0,0,0,0,0,0,0,0,0,0,0,0,0,0,0,0.0,0.0,0.0,0.0,0.0,0.0,0.0,0.0,0.0,0.0,0.0,0.0,0.0,8.412499120301572,4163.5371871173775,6983.271598096599
,9/25/21,Sat,0.9375,10:30p,BYU,South Florida,491K,491.0,BYU,35.0,27.0,1.0,0.0,1,0.0,0.0,1.0,0.0,0.0,0.0,0.0,0.0,0.0,0.0,0.0,0.0,FBS Independents,American Athletic,0.0,,,23.5,,,0.0,-23.5,,,,8.0,,,,,,,,,,,,,,,,,,,22.5,0,0,0,0,0,1,2021-09-25,2021,1,0,0,0,0,0,0,0,0,0,0,0,0,0,0,0,0,0,0,0,0,0,0,0,0,0,0,0,0,0,0,0.0,0.0,0.0,0.0,0.0,0.0,0.0,0.0,0.0,0.0,0.0,0.0,0.0,6.198478716492308,509.0905806001456,2521.9481386863094
,9/25/21,Sat,0.9375,10:30p,Oregon,Arizona,1.656M,1656.0,Oregon,41.0,19.0,0.0,1.0,0,0.0,0.0,0.0,0.0,0.0,0.0,0.0,0.0,0.0,0.0,0.0,0.0,Pac-12,Pac-12,0.0,,,29.5,,,0.0,-29.5,,,,22.0,,,,,,,,,,,,,,,,,,,22.5,0,0,0,0,0,1,2021-09-25,2021,1,0,0,0,0,0,0,0,0,0,0,0,0,0,0,0,0,0,0,0,0,0,0,0,0,0,0,0,0,0,0,0.0,0.0,0.0,0.0,0.0,0.0,0.0,0.0,0.0,0.0,0.0,0.0,0.0,7.4127640174265625,1796.200186538434,1234.8385327480212
,9/25/21,Sat,0.9375,10:30p,USC,Oregon St.,754K,754.0,Oregon St.,45.0,27.0,0.0,0.0,1,0.0,1.0,0.0,0.0,0.0,0.0,0.0,0.0,0.0,0.0,0.0,0.0,Pac-12,Pac-12,0.0,,,11.0,,,0.0,-11.0,,,,18.0,,,,,,,,,,,,,,,,,,,22.5,0,0,0,0,0,1,2021-09-25,2021,1,0,0,0,0,0,0,0,0,0,0,0,0,0,0,0,0,0,0,0,0,0,0,0,0,0,0,0,0,0,0,0.0,0.0,0.0,0.0,0.0,0.0,0.0,0.0,0.0,0.0,0.0,0.0,0.0,6.626717749249025,583.923874267363,2447.114845019092
,9/25/21,Sat,0.9375,10:30p,Arizona St.,Colorado,170K,170.0,Arizona St.,35.0,13.0,0.0,0.0,0,0.0,0.0,0.0,0.0,0.0,0.0,0.0,1.0,0.0,0.0,0.0,0.0,Pac-12,Pac-12,0.0,,,14.0,,,0.0,-14.0,,,,22.0,,,,,,,,,,,,,,,,,,,22.5,0,0,0,0,0,1,2021-09-25,2021,1,0,0,0,0,0,0,0,0,0,0,0,0,0,0,0,0,0,0,0,0,0,0,0,0,0,0,0,0,0,0,0.0,0.0,0.0,0.0,0.0,0.0,0.0,0.0,0.0,0.0,0.0,0.0,0.0,5.14166355650266,141.8240778805127,2889.2146414059425
,9/30/21,Thu,0.8125,7:30p,Miami,Virginia,1.408M,1408.0,Virginia,30.0,28.0,0.0,0.0,0,0.0,0.0,0.0,0.0,0.0,0.0,0.0,0.0,0.0,0.0,0.0,0.0,ACC,ACC,0.0,,,3.5,,,0.0,-3.5,,,,2.0,,,,,,,,,,,,,,,,,,,19.5,0,1,0,0,0,0,2021-09-30,2021,1,0,0,0,0,0,0,0,0,0,0,0,0,0,0,0,0,0,0,0,0,0,0,0,0,0,0,0,0,0,0,0.0,0.0,0.0,0.0,0.0,0.0,0.0,0.0,0.0,0.0,0.0,0.0,0.0,7.25063551189868,1538.9957735343683,0.0
,10/1/21,Fri,0.8125,7:30p,Tulsa,Houston,548K,548.0,Houston,45.0,10.0,0.0,0.0,0,0.0,0.0,0.0,0.0,0.0,0.0,0.0,0.0,0.0,0.0,0.0,0.0,American Athletic,American Athletic,0.0,,,3.5,,,0.0,-3.5,,,,35.0,,,,,,,,,,,,,,,,,,,19.5,0,0,1,0,0,0,2021-10-01,2021,1,0,0,0,0,0,0,0,0,0,0,0,0,0,0,0,0,0,0,0,0,0,0,0,0,0,0,0,0,0,0,0.0,0.0,0.0,0.0,0.0,0.0,0.0,0.0,0.0,0.0,0.0,0.0,1.0,6.3080984415095305,836.9712467712529,1269.0030756191832
,10/1/21,Fri,0.833333333,8:00p,Maryland,Iowa,1.381M,1381.0,Iowa,51.0,14.0,0.0,1.0,0,0.0,1.0,0.0,0.0,0.0,0.0,0.0,0.0,0.0,0.0,0.0,0.0,Big Ten,Big Ten,0.0,,,3.0,,,0.0,3.0,,,,37.0,,,,,,,,,,,,,,,,,,,20.0,0,0,1,0,0,0,2021-10-01,2021,1,0,0,0,0,0,0,0,0,0,0,0,0,0,0,0,0,0,0,0,0,0,0,0,0,0,0,0,0,0,0,0.0,0.0,1.0,0.0,0.0,0.0,0.0,0.0,0.0,0.0,0.0,0.0,0.0,7.231287004327616,1269.0030756191832,836.9712467712529
,10/2/21,Sat,0.5,12:00p,Wisconsin,Michigan,4.313M,4313.0,Michigan,38.0,17.0,1.0,0.0,0,1.0,0.0,0.0,0.0,0.0,0.0,0.0,0.0,0.0,0.0,0.0,0.0,Big Ten,Big Ten,0.0,,,2.5,,,0.0,-2.5,,,,21.0,,,,,,,,,,,,,,,,,,,12.0,0,0,0,1,0,0,2021-10-02,2021,1,0,0,0,0,0,0,0,0,0,0,0,0,0,0,0,0,0,0,0,0,0,0,0,0,0,0,0,0,0,0,0.0,0.0,0.0,0.0,0.0,0.0,0.0,0.0,0.0,0.0,0.0,0.0,0.0,8.369620826949102,5116.665782830823,7808.119540698052
,10/2/21,Sat,0.5,12:00p,Georgia,Arkansas,3.845M,3845.0,Georgia,37.0,0.0,0.0,2.0,0,0.0,0.0,0.0,0.0,0.0,0.0,0.0,0.0,0.0,0.0,0.0,0.0,SEC,SEC,0.0,,,16.5,,,0.0,-16.5,,,,37.0,,,,,,,,,,,,,,,,,,,12.0,0,0,0,1,0,0,2021-10-02,2021,1,0,0,0,0,0,0,0,0,0,0,0,0,0,0,0,0,0,0,0,0,0,0,0,0,1,0,0,0,0,0,0.0,0.0,0.0,0.0,0.0,0.0,0.0,0.0,0.0,0.0,0.0,0.0,0.0,8.254788926148725,4692.954120222199,8231.831203306676
,10/2/21,Sat,0.5,12:00p,TCU,Texas,2.384M,2384.0,Texas,32.0,27.0,0.0,0.0,0,0.0,0.0,0.0,0.0,0.0,1.0,0.0,0.0,0.0,0.0,0.0,0.0,Big 12,Big 12,0.0,,,4.0,,,0.0,4.0,,,,5.0,,,,,,,,,,,,,,,,,,,12.0,0,0,0,1,0,0,2021-10-02,2021,1,0,0,0,0,0,0,0,0,0,0,0,0,0,0,0,0,0,0,0,0,0,0,0,0,0,0,0,0,0,0,0.0,0.0,0.0,0.0,0.0,0.0,0.0,0.0,0.0,0.0,0.0,0.0,0.0,7.776954403322442,2591.230424699927,10333.554898828948
,10/2/21,Sat,0.5,12:00p,North Carolina,Duke,303K,303.0,North Carolina,38.0,7.0,0.0,0.0,1,0.0,0.0,1.0,0.0,0.0,0.0,0.0,0.0,0.0,0.0,0.0,0.0,ACC,ACC,0.0,,,19.5,,,0.0,-19.5,,,,31.0,,,,,,,,,,,,,,,,,,,12.0,0,0,0,1,0,0,2021-10-02,2021,1,0,0,0,0,0,0,0,0,0,0,0,0,0,0,0,0,0,0,0,0,0,0,0,0,0,0,0,0,0,0,0.0,0.0,0.0,0.0,0.0,0.0,0.0,0.0,0.0,0.0,0.0,0.0,0.0,5.717027701406222,523.9349957759268,12400.850327752949
,10/2/21,Sat,0.604166667,2:30p,Notre Dame,Cincinnati,3.805M,3805.0,Cincinnati,24.0,13.0,0.0,2.0,3,0.0,0.0,0.0,1.0,0.0,0.0,0.0,0.0,0.0,0.0,0.0,0.0,FBS Independents,American Athletic,0.0,,,2.0,,,0.0,2.0,,,,11.0,,,,,,,,,,,,,,,,,,,14.5,0,0,0,0,1,0,2021-10-02,2021,1,0,0,0,0,0,0,0,0,0,0,0,0,0,0,0,0,0,0,0,0,0,0,0,0,1,0,0,0,0,0,0.0,0.0,0.0,0.0,0.0,0.0,0.0,0.0,0.0,0.0,0.0,0.0,0.0,8.244334047856094,3869.8800174165526,15219.813223970257
,10/2/21,Sat,0.645833333,3:30p,Stanford,Oregon,2.641M,2641.0,Stanford,31.0,24.0,0.0,1.0,3,0.0,0.0,0.0,0.0,0.0,1.0,0.0,0.0,0.0,0.0,0.0,0.0,Pac-12,Pac-12,0.0,,,8.5,,,0.0,8.5,,,,7.0,,,,,,,,,,,,,,,,,,,15.5,0,0,0,0,1,0,2021-10-02,2021,1,0,0,0,0,0,0,0,0,0,0,0,0,0,0,0,0,0,0,0,0,0,0,0,0,0,0,0,0,0,0,0.0,0.0,0.0,0.0,0.0,0.0,0.0,0.0,0.0,0.0,0.0,0.0,0.0,7.879291485082271,2644.9211084085496,16444.77213297826
,10/2/21,Sat,0.645833333,3:30p,Kansas St.,Oklahoma,2.616M,2616.0,Oklahoma,37.0,31.0,0.0,1.0,3,1.0,0.0,0.0,0.0,0.0,0.0,0.0,0.0,0.0,0.0,0.0,0.0,Big 12,Big 12,0.0,,,12.5,,,0.0,12.5,,,,6.0,,,,,,,,,,,,,,,,,,,15.5,0,0,0,0,1,0,2021-10-02,2021,1,0,0,0,0,0,0,0,0,0,0,0,0,0,0,0,0,0,0,0,0,0,0,0,0,0,0,0,0,0,0,0.0,0.0,0.0,0.0,0.0,0.0,0.0,0.0,0.0,0.0,0.0,0.0,0.0,7.869783902530146,3600.018214766447,15489.675026620363
,10/2/21,Sat,0.645833333,3:30p,Alabama,Mississippi,4.792M,4792.0,Alabama,42.0,21.0,1.0,1.0,3,0.0,0.0,0.0,0.0,1.0,0.0,0.0,0.0,0.0,0.0,0.0,0.0,SEC,SEC,0.0,,,15.0,,,0.0,-15.0,,,,21.0,,,,,,,,,,,,,,,,,,,15.5,0,0,0,0,1,0,2021-10-02,2021,1,0,0,0,0,0,0,0,0,0,0,0,0,0,0,0,0,0,0,0,0,0,0,0,0,1,0,0,0,0,0,0.0,0.0,0.0,0.0,0.0,0.0,0.0,0.0,0.0,0.0,0.0,0.0,0.0,8.474911799159631,6401.911036139687,12687.782205247124
,10/2/21,Sat,0.645833333,3:30p,Rutgers,Ohio St.,1.19M,1190.0,Ohio St.,52.0,13.0,1.0,0.0,4,0.0,0.0,0.0,0.0,0.0,0.0,0.0,0.0,0.0,0.0,1.0,0.0,Big Ten,Big Ten,0.0,,,15.0,,,0.0,15.0,,,,39.0,,,,,,,,,,,,,,,,,,,15.5,0,0,0,0,1,0,2021-10-02,2021,1,0,0,0,0,0,0,0,0,0,0,0,0,0,0,0,0,0,0,0,0,0,0,0,0,0,0,0,0,0,1,0.0,0.0,0.0,0.0,0.0,0.0,0.0,0.0,0.0,0.0,0.0,0.0,0.0,7.0825485693553,1573.8853026425645,17515.80793874425
,10/2/21,Sat,0.645833333,3:30p,West Virginia,Texas Tech,666K,666.0,Texas Tech,23.0,20.0,0.0,0.0,4,0.0,0.0,1.0,0.0,0.0,0.0,0.0,0.0,0.0,0.0,0.0,0.0,Big 12,Big 12,0.0,,,7.5,,,0.0,-7.5,,,,3.0,,,,,,,,,,,,,,,,,,,15.5,0,0,0,0,1,0,2021-10-02,2021,1,0,0,0,0,0,0,0,0,0,0,0,0,0,0,0,0,0,0,0,0,0,0,0,0,0,0,0,0,0,0,0.0,0.0,0.0,0.0,0.0,0.0,0.0,0.0,0.0,0.0,0.0,0.0,0.0,6.502790045915623,672.3693227041183,18417.323918682694
,10/2/21,Sat,0.645833333,3:30p,Boise St.,Nevada,197K,197.0,Nevada,41.0,31.0,0.0,0.0,4,0.0,1.0,0.0,0.0,0.0,0.0,0.0,0.0,0.0,0.0,0.0,0.0,Mountain West,Mountain West,0.0,,,3.5,,,0.0,-3.5,,,,10.0,,,,,,,,,,,,,,,,,,,15.5,0,0,0,0,1,0,2021-10-02,2021,1,0,0,0,0,0,0,0,0,0,0,0,0,0,0,0,0,0,0,0,0,0,0,0,0,0,0,0,0,0,0,0.0,0.0,0.0,0.0,0.0,0.0,0.0,0.0,0.0,0.0,0.0,0.0,0.0,5.288267030694535,326.70823930889156,18762.98500207792
,10/2/21,Sat,0.75,6:00p,Kentucky,Florida,3.063M,3063.0,Kentucky,20.0,13.0,0.0,1.0,0,0.0,0.0,0.0,0.0,0.0,0.0,0.0,0.0,0.0,0.0,0.0,0.0,SEC,SEC,0.0,,,7.5,,,0.0,7.5,,,,7.0,,,,,,,,,,,,,,,,,,,18.0,0,0,0,0,1,0,2021-10-02,2021,1,0,0,0,0,0,0,0,0,0,0,0,0,0,0,0,0,0,0,0,0,0,0,0,0,0,0,0,0,0,0,0.0,0.0,0.0,0.0,0.0,0.0,0.0,0.0,0.0,0.0,0.0,0.0,0.0,8.027476530860483,3513.063752809024,1366.3040471477711
,10/2/21,Sat,0.791666667,7:00p,Iowa St.,Kansas,262K,262.0,Iowa St.,59.0,7.0,0.0,0.0,2,0.0,1.0,0.0,0.0,0.0,0.0,0.0,0.0,0.0,0.0,0.0,0.0,Big 12,Big 12,0.0,,,34.5,,,0.0,-34.5,,,,52.0,,,,,,,,,,,,,,,,,,,19.0,0,0,0,0,0,0,2021-10-02,2021,1,0,0,0,0,0,0,0,0,0,0,0,0,0,0,0,0,0,0,0,0,0,0,0,0,0,0,0,0,0,0,0.0,0.0,0.0,0.0,0.0,0.0,0.0,0.0,0.0,0.0,0.0,0.0,0.0,5.572154032177765,540.4708106473308,8166.64799206584
,10/2/21,Sat,0.791666667,7:00p,Oklahoma St.,Baylor,995K,995.0,Oklahoma St.,24.0,14.0,2.0,0.0,2,0.0,0.0,1.0,0.0,0.0,0.0,0.0,0.0,0.0,0.0,0.0,0.0,Big 12,Big 12,0.0,,,4.0,,,0.0,-4.0,,,,10.0,,,,,,,,,,,,,,,,,,,19.0,0,0,0,0,0,0,2021-10-02,2021,1,0,0,0,0,0,0,0,0,0,0,0,0,0,0,0,0,0,0,0,0,0,0,0,0,1,0,0,0,0,0,0.0,0.0,0.0,0.0,0.0,0.0,0.0,0.0,0.0,0.0,0.0,0.0,0.0,6.903747257584598,825.8332365004404,7881.285566212731
,10/2/21,Sat,0.8125,7:30p,Penn St.,Indiana,3.996M,3996.0,Penn St.,24.0,0.0,0.0,1.0,0,0.0,0.0,0.0,0.0,0.0,1.0,0.0,0.0,0.0,0.0,0.0,0.0,Big Ten,Big Ten,0.0,,,12.5,,,0.0,-12.5,,,,24.0,,,,,,,,,,,,,,,,,,,19.5,0,0,0,0,0,0,2021-10-02,2021,1,0,0,0,0,0,0,0,0,0,0,0,0,0,0,0,0,0,0,0,0,0,0,0,0,0,0,0,0,0,0,0.0,0.0,0.0,0.0,0.0,0.0,0.0,0.0,0.0,0.0,0.0,0.0,0.0,8.293299358711323,3827.7510027563762,1366.3040471477711
,10/2/21,Sat,0.875,9:00p,LSU,Auburn,3.791M,3791.0,Auburn,24.0,19.0,1.0,0.0,0,0.0,0.0,0.0,0.0,0.0,0.0,0.0,0.0,0.0,0.0,0.0,0.0,SEC,SEC,0.0,,,3.0,,,0.0,-3.0,,,,5.0,,,,,,,,,,,,,,,,,,,21.0,0,0,0,0,0,0,2021-10-02,2021,1,0,0,0,0,0,0,0,0,0,0,0,0,0,0,0,0,0,0,0,0,0,0,0,0,0,0,0,0,0,0,0.0,0.0,0.0,0.0,0.0,0.0,0.0,0.0,0.0,0.0,0.0,0.0,0.0,8.240648863374913,3385.464074786228,0.0
,10/2/21,Sat,0.9375,10:30p,UCLA,Arizona St.,673K,673.0,Arizona St.,42.0,23.0,1.0,0.0,0,0.0,1.0,0.0,0.0,0.0,0.0,0.0,0.0,0.0,0.0,0.0,0.0,Pac-12,Pac-12,0.0,,,3.0,,,0.0,-3.0,,,,19.0,,,,,,,,,,,,,,,,,,,22.5,0,0,0,0,0,1,2021-10-02,2021,1,0,0,0,0,0,0,0,0,0,0,0,0,0,0,0,0,0,0,0,0,0,0,0,0,0,0,0,0,0,0,0.0,0.0,0.0,0.0,0.0,0.0,0.0,0.0,0.0,0.0,0.0,0.0,0.0,6.513230110912307,575.4988512082323,0.0
,10/7/21,Thu,0.8125,7:30p,Tulane,Houston,464K,464.0,Houston,40.0,22.0,0.0,0.0,0,0.0,0.0,0.0,0.0,0.0,0.0,0.0,0.0,0.0,0.0,0.0,0.0,American Athletic,American Athletic,0.0,,,6.5,,,0.0,6.5,,,,18.0,,,,,,,,,,,,,,,,,,,19.5,0,1,0,0,0,0,2021-10-07,2021,1,0,0,0,0,0,0,0,0,0,0,0,0,0,0,0,0,0,0,0,0,0,0,0,0,0,0,0,0,0,0,0.0,0.0,0.0,0.0,0.0,0.0,0.0,0.0,0.0,0.0,0.0,0.0,0.0,6.142037405587356,690.1174412395163,0.0
,10/8/21,Fri,0.791666667,7:00p,Cincinnati,Temple,1.111M,1111.0,Cincinnati,52.0,3.0,0.0,1.0,0,0.0,0.0,0.0,0.0,0.0,0.0,0.0,0.0,0.0,0.0,0.0,0.0,American Athletic,American Athletic,0.0,,,30.0,,,0.0,-30.0,,,,49.0,,,,,,,,,,,,,,,,,,,19.0,0,0,1,0,0,0,2021-10-08,2021,1,0,0,0,0,0,0,0,0,0,0,0,0,0,0,0,0,0,0,0,0,0,0,0,0,0,0,0,0,0,0,0.0,0.0,0.0,0.0,0.0,0.0,0.0,0.0,0.0,0.0,0.0,0.0,1.0,7.013915474810528,1091.2710624058125,0.0
,10/8/21,Fri,0.9375,10:30p,Arizona St.,Stanford,1.134M,1134.0,Arizona St.,28.0,10.0,1.0,0.0,0,0.0,0.0,0.0,0.0,0.0,0.0,0.0,0.0,0.0,0.0,0.0,0.0,Pac-12,Pac-12,0.0,,,13.5,,,0.0,-13.5,,,,18.0,,,,,,,,,,,,,,,,,,,22.5,0,0,1,0,0,0,2021-10-08,2021,1,0,0,0,0,0,0,0,0,0,0,0,0,0,0,0,0,0,0,0,0,0,0,0,0,0,0,0,0,0,0,0.0,0.0,0.0,0.0,0.0,0.0,0.0,0.0,0.0,0.0,0.0,0.0,1.0,7.034387929915503,1568.3471336700252,0.0
,10/9/21,Sat,0.5,12:00p,Tennessee,South Carolina,795K,795.0,Tennessee,45.0,20.0,0.0,0.0,2,0.0,0.0,1.0,0.0,0.0,0.0,0.0,0.0,0.0,0.0,0.0,0.0,SEC,SEC,0.0,,,10.5,,,0.0,-10.5,,,,25.0,,,,,,,,,,,,,,,,,,,12.0,0,0,0,1,0,0,2021-10-09,2021,1,0,0,0,0,0,0,0,0,0,0,0,0,0,0,0,0,0,0,0,0,0,0,0,0,0,0,0,0,0,0,0.0,0.0,0.0,0.0,0.0,0.0,0.0,0.0,0.0,0.0,0.0,0.0,0.0,6.679599185844383,1184.126696819155,14889.206092127233
,10/9/21,Sat,0.5,12:00p,Ohio St.,Maryland,2.788M,2788.0,Ohio St.,66.0,17.0,0.0,1.0,1,1.0,0.0,0.0,0.0,0.0,0.0,0.0,0.0,0.0,0.0,0.0,0.0,Big Ten,Big Ten,0.0,,,21.5,,,0.0,-21.5,,,,49.0,,,,,,,,,,,,,,,,,,,12.0,0,0,0,1,0,0,2021-10-09,2021,1,0,0,0,0,0,0,0,0,0,0,0,0,0,0,0,0,0,0,0,0,0,0,0,0,0,0,0,0,0,0,0.0,0.0,0.0,0.0,0.0,0.0,0.0,0.0,0.0,0.0,0.0,0.0,0.0,7.933438387627489,3931.2763056725285,12142.056483273858
,10/9/21,Sat,0.5,12:00p,Rutgers,Michigan St.,642K,642.0,Michigan St.,31.0,13.0,1.0,0.0,2,0.0,0.0,0.0,0.0,0.0,0.0,0.0,0.0,0.0,0.0,1.0,0.0,Big Ten,Big Ten,0.0,,,4.0,,,0.0,4.0,,,,18.0,,,,,,,,,,,,,,,,,,,12.0,0,0,0,1,0,0,2021-10-09,2021,1,0,0,0,0,0,0,0,0,0,0,0,0,0,0,0,0,0,0,0,0,0,0,0,0,0,0,0,0,0,0,0.0,0.0,0.0,0.0,0.0,0.0,0.0,0.0,0.0,0.0,0.0,0.0,0.0,6.466144724237619,676.7397229952791,15396.593065951109
,10/9/21,Sat,0.5,12:00p,Texas,Oklahoma,5.94M,5940.0,Oklahoma,55.0,48.0,1.0,1.0,1,0.0,0.0,0.0,0.0,0.0,1.0,0.0,0.0,0.0,0.0,0.0,0.0,Big 12,Big 12,0.0,,,4.0,,,0.0,4.0,,,,7.0,,,,,,,,,,,,,,,,,,,12.0,0,0,0,1,0,0,2021-10-09,2021,1,0,0,1,0,0,0,0,0,0,0,0,0,0,0,0,0,0,0,0,0,0,0,0,0,1,0,0,0,0,0,0.0,0.0,0.0,0.0,0.0,0.0,0.0,0.0,0.0,0.0,0.0,0.0,0.0,8.689632748355741,7560.927352567221,8512.405436379167
,10/9/21,Sat,0.5,12:00p,Mississippi,Arkansas,2.23M,2230.0,Mississippi,52.0,51.0,2.0,0.0,1,0.0,0.0,0.0,0.0,0.0,0.0,0.0,0.0,0.0,0.0,0.0,0.0,SEC,SEC,0.0,,,5.0,,,0.0,-5.0,,,,1.0,,,,,,,,,,,,,,,,,,,12.0,0,0,0,1,0,0,2021-10-09,2021,1,0,0,0,0,0,0,0,0,0,0,0,0,0,0,0,0,0,0,0,0,0,0,0,0,1,0,0,0,0,0,0.0,0.0,0.0,0.0,0.0,0.0,0.0,0.0,0.0,0.0,0.0,0.0,0.0,7.7102051944325325,2239.6648769839485,13833.66791196244
,10/9/21,Sat,0.5,12:00p,Baylor,West Virginia,456K,456.0,Baylor,45.0,20.0,0.0,0.0,2,0.0,1.0,0.0,0.0,0.0,0.0,0.0,0.0,0.0,0.0,0.0,0.0,Big 12,Big 12,0.0,,,1.0,,,0.0,-1.0,,,,25.0,,,,,,,,,,,,,,,,,,,12.0,0,0,0,1,0,0,2021-10-09,2021,1,0,0,0,0,0,0,0,0,0,0,0,0,0,0,0,0,0,0,0,0,0,0,0,0,0,0,0,0,0,0,0.0,0.0,0.0,0.0,0.0,0.0,0.0,0.0,0.0,0.0,0.0,0.0,0.0,6.124683390894205,480.5978339082554,15592.734955038133
,10/9/21,Sat,0.645833333,3:30p,Illinois,Wisconsin,416K,416.0,Wisconsin,24.0,0.0,0.0,0.0,3,0.0,0.0,0.0,0.0,0.0,0.0,0.0,0.0,0.0,0.0,1.0,0.0,Big Ten,Big Ten,0.0,,,12.0,,,0.0,12.0,,,,24.0,,,,,,,,,,,,,,,,,,,15.5,0,0,0,0,1,0,2021-10-09,2021,1,0,0,0,0,0,0,0,0,0,0,0,0,0,0,0,0,0,0,0,0,0,0,0,0,0,0,0,0,0,0,0.0,0.0,0.0,0.0,0.0,0.0,0.0,0.0,0.0,0.0,0.0,0.0,0.0,6.0330862217988015,621.5953284437172,19229.366523942168
,10/9/21,Sat,0.645833333,3:30p,Syracuse,Wake Forest,509K,509.0,Wake Forest,40.0,37.0,1.0,0.0,3,0.0,0.0,1.0,0.0,0.0,0.0,0.0,0.0,0.0,0.0,0.0,0.0,ACC,ACC,0.0,,,6.0,,,0.0,6.0,,,,3.0,,,,,,,,,,,,,,,,,,,15.5,0,0,0,0,1,0,2021-10-09,2021,1,0,0,0,0,0,0,0,0,0,0,0,0,0,0,0,0,0,0,0,0,0,0,0,0,0,0,0,0,0,0,0.0,0.0,0.0,0.0,0.0,0.0,0.0,0.0,0.0,0.0,0.0,0.0,0.0,6.234410725718371,475.33006616524153,19375.63178622064
,10/9/21,Sat,0.645833333,3:30p,North Carolina,Florida St.,1.073M,1073.0,Florida St.,35.0,25.0,0.0,0.0,2,0.0,0.0,0.0,0.0,0.0,0.0,0.0,0.0,0.0,0.0,0.0,0.0,ACC,ACC,0.0,,,17.5,,,0.0,-17.5,,,,10.0,,,,,,,,,,,,,,,,,,,15.5,0,0,0,0,1,0,2021-10-09,2021,1,0,0,0,0,0,0,0,0,0,0,0,0,0,0,0,0,0,0,0,0,0,0,0,0,0,0,0,0,0,0,0.0,0.0,0.0,0.0,0.0,0.0,0.0,0.0,0.0,0.0,0.0,0.0,0.0,6.97914527506881,1692.0802848404608,18158.881567545424
,10/9/21,Sat,0.645833333,3:30p,BYU,Boise St.,2.244M,2244.0,Boise St.,26.0,17.0,0.0,1.0,2,0.0,0.0,0.0,0.0,0.0,1.0,0.0,0.0,0.0,0.0,0.0,0.0,FBS Independents,Mountain West,0.0,,,6.0,,,0.0,-6.0,,,,9.0,,,,,,,,,,,,,,,,,,,15.5,0,0,0,0,1,0,2021-10-09,2021,1,0,0,0,0,0,0,0,0,0,0,0,0,0,0,0,0,0,0,0,0,0,0,0,0,0,0,0,0,0,0,0.0,0.0,0.0,0.0,0.0,0.0,0.0,0.0,0.0,0.0,0.0,0.0,0.0,7.716460800176355,2597.1686143515212,17253.793238034363
,10/9/21,Sat,0.645833333,3:30p,Auburn,Georgia,4.581M,4581.0,Georgia,34.0,10.0,1.0,1.0,2,0.0,0.0,0.0,0.0,1.0,0.0,0.0,0.0,0.0,0.0,0.0,0.0,SEC,SEC,0.0,,,14.5,,,0.0,14.5,,,,24.0,,,,,,,,,,,,,,,,,,,15.5,0,0,0,0,1,0,2021-10-09,2021,1,0,0,0,0,0,0,0,0,0,0,0,0,0,0,0,0,0,0,0,0,0,0,0,0,1,0,0,0,0,0,0.0,0.0,0.0,0.0,0.0,0.0,0.0,0.0,0.0,0.0,0.0,0.0,0.0,8.42989086301344,7144.13850558354,12706.823346802345
,10/9/21,Sat,0.666666667,4:00p,Iowa,Penn St.,6.904M,6904.0,Iowa,23.0,20.0,0.0,2.0,2,1.0,0.0,0.0,0.0,0.0,0.0,0.0,0.0,0.0,0.0,0.0,0.0,Big Ten,Big Ten,0.0,,,2.5,,,0.0,-2.5,,,,3.0,,,,,,,,,,,,,,,,,,,16.0,0,0,0,0,1,0,2021-10-09,2021,1,0,0,0,0,0,0,0,0,0,0,0,0,0,0,0,0,0,0,0,0,0,0,0,0,1,0,0,0,0,0,0.0,0.0,0.0,0.0,0.0,0.0,0.0,0.0,0.0,0.0,0.0,0.0,0.0,8.840001065843392,7320.649053001403,12530.312799384481
,10/9/21,Sat,0.791666667,7:00p,Texas Tech,TCU,625K,625.0,TCU,52.0,31.0,0.0,0.0,1,0.0,0.0,0.0,0.0,0.0,0.0,0.0,0.0,0.0,0.0,0.0,0.0,Big 12,Big 12,0.0,,,2.5,,,0.0,2.5,,,,21.0,,,,,,,,,,,,,,,,,,,19.0,0,0,0,0,0,0,2021-10-09,2021,1,0,0,0,0,0,0,0,0,0,0,0,0,0,0,0,0,0,0,0,0,0,0,0,0,0,0,0,0,0,0,0.0,0.0,0.0,0.0,0.0,0.0,0.0,0.0,0.0,0.0,0.0,0.0,0.0,6.439350371100098,1097.1605061187581,17097.483196062814
,10/9/21,Sat,0.8125,7:30p,Nebraska,Michigan,4.629M,4629.0,Michigan,32.0,29.0,0.0,1.0,1,0.0,0.0,0.0,0.0,0.0,1.0,0.0,0.0,0.0,0.0,0.0,0.0,Big Ten,Big Ten,0.0,,,2.5,,,0.0,2.5,,,,3.0,,,,,,,,,,,,,,,,,,,19.5,0,0,0,0,0,0,2021-10-09,2021,1,0,0,0,0,0,0,0,0,0,0,0,0,0,0,0,0,0,0,0,0,0,0,0,0,0,0,0,0,0,0,0.0,0.0,0.0,0.0,0.0,0.0,0.0,0.0,0.0,0.0,0.0,0.0,0.0,8.440312147080279,8972.418925649421,9222.224776532154
,10/9/21,Sat,0.833333333,8:00p,Texas A&M,Alabama,8.334M,8334.0,Texas A&M,41.0,38.0,0.0,1.0,1,0.0,0.0,0.0,0.0,1.0,0.0,0.0,0.0,0.0,0.0,0.0,0.0,SEC,SEC,0.0,,,18.5,,,0.0,18.5,,,,3.0,,,,,,,,,,,,,,,,,,,20.0,0,0,0,0,0,0,2021-10-09,2021,1,0,0,0,0,0,0,0,0,0,0,0,0,0,0,0,0,0,0,0,0,0,0,0,0,0,0,0,0,0,0,0.0,0.0,0.0,0.0,0.0,0.0,0.0,0.0,0.0,0.0,0.0,0.0,0.0,9.028218795184895,6492.318241474631,11702.325460706943
,10/9/21,Sat,0.833333333,8:00p,USC,Utah,1.376M,1376.0,Utah,42.0,26.0,0.0,0.0,1,1.0,0.0,0.0,0.0,0.0,0.0,0.0,0.0,0.0,0.0,0.0,0.0,Pac-12,Pac-12,0.0,,,3.0,,,0.0,-3.0,,,,16.0,,,,,,,,,,,,,,,,,,,20.0,0,0,0,0,0,0,2021-10-09,2021,1,0,0,0,0,0,0,0,0,0,0,0,0,0,0,0,0,0,0,0,0,0,0,0,0,0,0,0,0,0,0,0.0,0.0,0.0,0.0,0.0,0.0,0.0,0.0,0.0,0.0,0.0,0.0,0.0,7.227662498728654,1632.746028938764,16561.89767324281
,10/9/21,Sat,0.9375,10:30p,Nevada,New Mexico St.,799K,799.0,Nevada,55.0,28.0,0.0,0.0,0,0.0,0.0,0.0,0.0,0.0,0.0,0.0,0.0,0.0,0.0,0.0,0.0,Mountain West,FBS Independents,0.0,,,28.5,,,0.0,-28.5,,,,27.0,,,,,,,,,,,,,,,,,,,22.5,0,0,0,0,0,1,2021-10-09,2021,1,0,0,0,0,0,0,0,0,0,0,0,0,0,0,0,0,0,0,0,0,0,0,0,0,0,0,0,0,0,0,0.0,0.0,0.0,0.0,0.0,0.0,0.0,0.0,0.0,0.0,0.0,0.0,0.0,6.684611727667927,433.8153596913569,0.0
,10/12/21,Tue,0.8125,7:30p,Louisiana,Appalachian St.,428K,428.0,Louisiana,41.0,13.0,0.0,0.0,0,0.0,0.0,1.0,0.0,0.0,0.0,0.0,0.0,0.0,0.0,0.0,0.0,Sun Belt,Sun Belt,0.0,,,4.0,,,0.0,4.0,,,,28.0,,,,,,,,,,,,,,,,,,,19.5,0,1,0,0,0,0,2021-10-12,2021,1,0,0,0,0,0,0,0,0,0,0,0,0,0,0,0,0,0,0,0,0,0,0,0,0,0,0,0,0,0,0,0.0,0.0,0.0,0.0,0.0,0.0,0.0,0.0,0.0,0.0,0.0,0.0,0.0,6.061456918928017,364.54302833670005,0.0
,10/14/21,Thu,0.8125,7:30p,Memphis,Navy,514K,514.0,Memphis,35.0,17.0,0.0,0.0,0,0.0,0.0,0.0,0.0,0.0,0.0,0.0,0.0,0.0,0.0,0.0,0.0,American Athletic,American Athletic,0.0,,,11.0,,,0.0,-11.0,,,,18.0,,,,,,,,,,,,,,,,,,,19.5,0,1,0,0,0,0,2021-10-14,2021,1,0,0,0,0,0,0,0,0,0,0,0,0,0,0,0,0,0,0,0,0,0,0,0,0,0,0,0,0,0,0,0.0,0.0,0.0,0.0,0.0,0.0,0.0,0.0,0.0,0.0,0.0,0.0,0.0,6.244166900663736,765.7711589814704,0.0
,10/15/21,Fri,0.791666667,7:00p,Syracuse,Clemson,2.115M,2115.0,Clemson,17.0,14.0,0.0,0.0,0,0.0,0.0,0.0,0.0,0.0,0.0,0.0,0.0,0.0,0.0,0.0,0.0,ACC,ACC,0.0,,,13.5,,,0.0,13.5,,,,3.0,,,,,,,,,,,,,,,,,,,19.0,0,0,1,0,0,0,2021-10-15,2021,1,0,0,0,0,0,0,0,0,0,0,0,0,0,0,0,0,0,0,0,0,0,0,0,0,0,0,0,0,0,0,0.0,0.0,0.0,0.0,0.0,0.0,0.0,0.0,0.0,0.0,0.0,0.0,1.0,7.65728279297819,2090.658487228309,0.0
,10/15/21,Fri,0.9375,10:30p,Oregon,California,1.446M,1446.0,Oregon,24.0,17.0,0.0,1.0,0,0.0,0.0,0.0,0.0,0.0,0.0,0.0,0.0,0.0,0.0,0.0,0.0,Pac-12,Pac-12,0.0,,,13.5,,,0.0,-13.5,,,,7.0,,,,,,,,,,,,,,,,,,,22.5,0,0,1,0,0,0,2021-10-15,2021,1,0,0,0,0,0,0,0,0,0,0,0,0,0,0,0,0,0,0,0,0,0,0,0,0,0,0,0,0,0,0,0.0,0.0,0.0,0.0,0.0,0.0,0.0,0.0,0.0,0.0,0.0,0.0,1.0,7.277247726631484,2512.8577221617234,0.0
,10/16/21,Sat,0.5,12:00p,Cincinnati,UCF,1.374M,1374.0,Cincinnati,56.0,21.0,0.0,1.0,0,0.0,0.0,0.0,0.0,0.0,1.0,0.0,0.0,0.0,0.0,0.0,0.0,American Athletic,American Athletic,0.0,,,21.5,,,0.0,-21.5,,,,35.0,,,,,,,,,,,,,,,,,,,12.0,0,0,0,1,0,0,2021-10-16,2021,1,0,0,0,0,0,0,0,0,0,0,0,0,0,0,0,0,0,0,0,0,0,0,0,0,0,0,0,0,0,0,0.0,0.0,0.0,0.0,0.0,0.0,0.0,0.0,0.0,0.0,0.0,0.0,0.0,7.226209010100671,1746.7441251024181,13083.054395557316
,10/16/21,Sat,0.5,12:00p,LSU,Florida,2.926M,2926.0,LSU,49.0,42.0,1.0,0.0,0,0.0,0.0,0.0,0.0,0.0,0.0,0.0,0.0,0.0,0.0,0.0,0.0,SEC,SEC,0.0,,,12.5,,,0.0,12.5,,,,7.0,,,,,,,,,,,,,,,,,,,12.0,0,0,0,1,0,0,2021-10-16,2021,1,0,0,0,0,0,0,0,0,0,0,0,0,0,0,0,0,0,0,0,0,0,0,0,0,0,0,0,0,0,0,0.0,0.0,0.0,0.0,0.0,0.0,0.0,0.0,0.0,0.0,0.0,0.0,0.0,7.9817332866918855,3722.2090487125947,11107.589471947138
,10/16/21,Sat,0.5,12:00p,Arkansas,Auburn,2.404M,2404.0,Auburn,38.0,23.0,1.0,0.0,0,0.0,0.0,0.0,0.0,1.0,0.0,0.0,0.0,0.0,0.0,0.0,0.0,SEC,SEC,0.0,,,4.5,,,0.0,-4.5,,,,15.0,,,,,,,,,,,,,,,,,,,12.0,0,0,0,1,0,0,2021-10-16,2021,1,0,0,0,0,0,0,0,0,0,0,0,0,0,0,0,0,0,0,0,0,0,0,0,0,0,0,0,0,0,0,0.0,0.0,0.0,0.0,0.0,0.0,0.0,0.0,0.0,0.0,0.0,0.0,0.0,7.785305182539862,3275.4786829342424,11554.31983772549
,10/16/21,Sat,0.5,12:00p,Northwestern,Rutgers,204K,204.0,Northwestern,21.0,7.0,0.0,0.0,1,0.0,0.0,0.0,0.0,0.0,0.0,0.0,0.0,0.0,0.0,1.0,0.0,Big Ten,Big Ten,0.0,,,2.5,,,0.0,2.5,,,,14.0,,,,,,,,,,,,,,,,,,,12.0,0,0,0,1,0,0,2021-10-16,2021,1,0,0,0,0,0,0,0,0,0,0,0,0,0,0,0,0,0,0,0,0,0,0,0,0,0,0,0,0,0,0,0.0,0.0,0.0,0.0,0.0,0.0,0.0,0.0,0.0,0.0,0.0,0.0,0.0,5.3230099791384085,336.68825857512445,14493.11026208461
,10/16/21,Sat,0.5,12:00p,Minnesota,Nebraska,1.062M,1062.0,Minnesota,30.0,23.0,0.0,0.0,1,0.0,0.0,1.0,0.0,0.0,0.0,0.0,0.0,0.0,0.0,0.0,0.0,Big Ten,Big Ten,0.0,,,4.5,,,0.0,4.5,,,,7.0,,,,,,,,,,,,,,,,,,,12.0,0,0,0,1,0,0,2021-10-16,2021,1,0,0,0,0,0,0,0,0,0,0,0,0,0,0,0,0,0,0,0,0,0,0,0,0,0,0,0,0,0,0,0.0,0.0,0.0,0.0,0.0,0.0,0.0,0.0,0.0,0.0,0.0,0.0,0.0,6.968850378341948,1036.6076795055371,13793.190841154195
,10/16/21,Sat,0.5,12:00p,Texas,Oklahoma St.,3.129M,3129.0,Oklahoma St.,32.0,24.0,2.0,0.0,0,1.0,0.0,0.0,0.0,0.0,0.0,0.0,0.0,0.0,0.0,0.0,0.0,Big 12,Big 12,0.0,,,3.5,,,0.0,-3.5,,,,8.0,,,,,,,,,,,,,,,,,,,12.0,0,0,0,1,0,0,2021-10-16,2021,1,0,0,0,0,0,0,0,0,0,0,0,0,0,0,0,0,0,0,0,0,0,0,0,0,1,0,0,0,0,0,0.0,0.0,0.0,0.0,0.0,0.0,0.0,0.0,0.0,0.0,0.0,0.0,0.0,8.048788283534199,3738.8770261257914,11090.921494533943
,10/16/21,Sat,0.5,12:00p,Indiana,Michigan St.,1.276M,1276.0,Michigan St.,20.0,15.0,0.0,1.0,1,0.0,1.0,0.0,0.0,0.0,0.0,0.0,0.0,0.0,0.0,0.0,0.0,Big Ten,Big Ten,0.0,,,3.5,,,0.0,3.5,,,,5.0,,,,,,,,,,,,,,,,,,,12.0,0,0,0,1,0,0,2021-10-16,2021,1,0,0,0,0,0,0,0,0,0,0,0,0,0,0,0,0,0,0,0,0,0,0,0,0,0,0,0,0,0,0,0.0,0.0,0.0,0.0,0.0,0.0,0.0,0.0,0.0,0.0,0.0,0.0,0.0,7.152268856032539,973.1936997040251,13856.604820955708
,10/16/21,Sat,0.645833333,3:30p,Georgia,Kentucky,6.369M,6369.0,Georgia,30.0,13.0,1.0,1.0,1,0.0,0.0,0.0,0.0,1.0,0.0,0.0,0.0,0.0,0.0,0.0,0.0,SEC,SEC,0.0,,,21.5,,,0.0,-21.5,,,,17.0,,,,,,,,,,,,,,,,,,,15.5,0,0,0,0,1,0,2021-10-16,2021,1,0,0,0,0,0,0,0,0,0,0,0,0,0,0,0,0,0,0,0,0,0,0,0,0,1,0,0,0,0,0,0.0,0.0,0.0,0.0,0.0,0.0,0.0,0.0,0.0,0.0,0.0,0.0,0.0,8.759354748566208,5837.319832096676,5201.705214680844
,10/16/21,Sat,0.645833333,3:30p,Iowa,Purdue,3.446M,3446.0,Purdue,24.0,7.0,0.0,1.0,1,0.0,0.0,0.0,0.0,0.0,1.0,0.0,0.0,0.0,0.0,0.0,0.0,Big Ten,Big Ten,0.0,,,11.5,,,0.0,-11.5,,,,17.0,,,,,,,,,,,,,,,,,,,15.5,0,0,0,0,1,0,2021-10-16,2021,1,0,0,0,0,0,0,0,0,0,0,0,0,0,0,0,0,0,0,0,0,0,0,0,0,0,0,0,0,0,0,0.0,0.0,0.0,0.0,0.0,0.0,0.0,0.0,0.0,0.0,0.0,0.0,0.0,8.145259566516865,3336.4022720488197,7702.622774728699
,10/16/21,Sat,0.645833333,3:30p,Virginia Tech,Pittsburgh,640K,640.0,Pittsburgh,28.0,7.0,0.0,0.0,2,0.0,0.0,1.0,0.0,0.0,0.0,0.0,0.0,0.0,0.0,0.0,0.0,ACC,ACC,0.0,,,6.5,,,0.0,6.5,,,,21.0,,,,,,,,,,,,,,,,,,,15.5,0,0,0,0,1,0,2021-10-16,2021,1,0,0,0,0,0,0,0,0,0,0,0,0,0,0,0,0,0,0,0,0,0,0,0,0,0,0,0,0,0,0,0.0,0.0,0.0,0.0,0.0,0.0,0.0,0.0,0.0,0.0,0.0,0.0,0.0,6.46302945692067,638.0801346317271,10400.944912145793
,10/16/21,Sat,0.645833333,3:30p,Baylor,BYU,1.44M,1440.0,Baylor,38.0,24.0,1.0,0.0,1,0.0,0.0,0.0,0.0,0.0,0.0,0.0,0.0,0.0,0.0,0.0,0.0,Big 12,FBS Independents,0.0,,,5.5,,,0.0,-5.5,,,,14.0,,,,,,,,,,,,,,,,,,,15.5,0,0,0,0,1,0,2021-10-16,2021,1,0,0,0,0,0,0,0,0,0,0,0,0,0,0,0,0,0,0,0,0,0,0,0,0,0,0,0,0,0,0,0.0,0.0,0.0,0.0,0.0,0.0,0.0,0.0,0.0,0.0,0.0,0.0,0.0,7.273092595999522,1227.222808000297,9811.802238777223
,10/16/21,Sat,0.791666667,7:00p,Mississippi St.,Alabama,3.526M,3526.0,Alabama,49.0,9.0,0.0,1.0,1,0.0,0.0,0.0,0.0,0.0,0.0,0.0,0.0,0.0,0.0,0.0,0.0,SEC,SEC,0.0,,,17.5,,,0.0,17.5,,,,40.0,,,,,,,,,,,,,,,,,,,19.0,0,0,0,0,0,0,2021-10-16,2021,1,0,0,0,0,0,0,0,0,0,0,0,0,0,0,0,0,0,0,0,0,0,0,0,0,0,0,0,0,0,0,0.0,0.0,0.0,0.0,0.0,0.0,0.0,0.0,0.0,0.0,0.0,0.0,0.0,8.168202930236053,3654.4321993245353,5149.177795719172
,10/16/21,Sat,0.8125,7:30p,Washington St.,Stanford,210K,210.0,Washington St.,34.0,31.0,0.0,0.0,1,0.0,0.0,0.0,0.0,0.0,0.0,0.0,1.0,0.0,0.0,0.0,0.0,Pac-12,Pac-12,0.0,,,1.0,,,0.0,-1.0,,,,3.0,,,,,,,,,,,,,,,,,,,19.5,0,0,0,0,0,0,2021-10-16,2021,1,0,0,0,0,0,0,0,0,0,0,0,0,0,0,0,0,0,0,0,0,0,0,0,0,0,0,0,0,0,0,0.0,0.0,0.0,0.0,0.0,0.0,0.0,0.0,0.0,0.0,0.0,0.0,0.0,5.351858133476067,118.06093677936096,10356.032381765319
,10/16/21,Sat,0.8125,7:30p,Oklahoma,TCU,3.434M,3434.0,Oklahoma,52.0,31.0,0.0,1.0,1,0.0,0.0,0.0,0.0,0.0,1.0,0.0,0.0,0.0,0.0,0.0,0.0,Big 12,Big 12,0.0,,,12.5,,,0.0,-12.5,,,,21.0,,,,,,,,,,,,,,,,,,,19.5,0,0,0,0,0,0,2021-10-16,2021,1,0,0,0,0,0,0,0,0,0,0,0,0,0,0,0,0,0,0,0,0,0,0,0,0,0,0,0,0,0,0,0.0,0.0,0.0,0.0,0.0,0.0,0.0,0.0,0.0,0.0,0.0,0.0,0.0,8.14177220465645,3686.2534624336236,6787.839856111057
,10/16/21,Sat,0.8125,7:30p,Kansas St.,Iowa St.,608K,608.0,Iowa St.,33.0,20.0,0.0,0.0,2,0.0,0.0,1.0,0.0,0.0,0.0,0.0,0.0,0.0,0.0,0.0,0.0,Big 12,Big 12,0.0,,,6.5,,,0.0,6.5,,,,13.0,,,,,,,,,,,,,,,,,,,19.5,0,0,0,0,0,0,2021-10-16,2021,1,0,0,0,0,0,0,0,0,0,0,0,0,0,0,0,0,0,0,0,0,0,0,0,0,0,0,0,0,0,0,0.0,0.0,0.0,0.0,0.0,0.0,0.0,0.0,0.0,0.0,0.0,0.0,0.0,6.411818267709897,705.6529112529178,9768.440407291762
,10/16/21,Sat,0.833333333,8:00p,Wisconsin,Army,639K,639.0,Wisconsin,20.0,14.0,0.0,0.0,2,0.0,0.0,0.0,0.0,0.0,0.0,0.0,0.0,0.0,0.0,1.0,0.0,Big Ten,FBS Independents,0.0,,,14.0,,,0.0,-14.0,,,,6.0,,,,,,,,,,,,,,,,,,,20.0,0,0,0,0,0,0,2021-10-16,2021,1,0,0,0,0,0,0,0,0,0,0,0,0,0,0,0,0,0,0,0,0,0,0,0,0,0,0,0,0,0,0,0.0,0.0,0.0,0.0,0.0,0.0,0.0,0.0,0.0,0.0,0.0,0.0,0.0,6.461468176353717,639.2104852532691,10128.394586226177
,10/16/21,Sat,0.854166667,8:30p,Washington,UCLA,1.532M,1532.0,UCLA,24.0,17.0,0.0,0.0,0,1.0,0.0,0.0,0.0,0.0,0.0,0.0,0.0,0.0,0.0,0.0,0.0,Pac-12,Pac-12,0.0,,,1.5,,,0.0,-1.5,,,,7.0,,,,,,,,,,,,,,,,,,,20.5,0,0,0,0,0,0,2021-10-16,2021,1,0,0,0,0,0,0,0,0,0,0,0,0,0,0,0,0,0,0,0,0,0,0,0,0,0,0,0,0,0,0,0.0,0.0,0.0,0.0,0.0,0.0,0.0,0.0,0.0,0.0,0.0,0.0,0.0,7.334981878871814,1670.4833235009733,5442.689548653937
,10/16/21,Sat,0.875,9:00p,Boise St.,Air Force,289K,289.0,Air Force,24.0,17.0,0.0,0.0,0,0.0,1.0,0.0,0.0,0.0,0.0,0.0,0.0,0.0,0.0,0.0,0.0,Mountain West,Mountain West,0.0,,,3.0,,,0.0,-3.0,,,,7.0,,,,,,,,,,,,,,,,,,,21.0,0,0,0,0,0,0,2021-10-16,2021,1,0,0,0,0,0,0,0,0,0,0,0,0,0,0,0,0,0,0,0,0,0,0,0,0,0,0,0,0,0,0,0.0,0.0,0.0,0.0,0.0,0.0,0.0,0.0,0.0,0.0,0.0,0.0,0.0,5.66988092298052,293.5117529347656,3448.22487106053
,10/16/21,Sat,0.916666667,10:00p,Utah,Arizona St.,1.393M,1393.0,Utah,35.0,21.0,1.0,0.0,0,0.0,0.0,0.0,0.0,0.0,0.0,0.0,0.0,0.0,0.0,0.0,0.0,Pac-12,Pac-12,0.0,,,1.5,,,0.0,-1.5,,,,14.0,,,,,,,,,,,,,,,,,,,22.0,0,0,0,0,0,1,2021-10-16,2021,1,0,0,0,0,0,0,0,0,0,0,0,0,0,0,0,0,0,0,0,0,0,0,0,0,0,0,0,0,0,0,0.0,0.0,0.0,0.0,0.0,0.0,0.0,0.0,0.0,0.0,0.0,0.0,0.0,7.2399325913204695,1138.5310623062876,293.5117529347656
,10/20/21,Wed,0.8125,7:30p,Appalachian St.,Coastal Carolina,804K,804.0,Appalachian St.,30.0,27.0,1.0,0.0,0,0.0,0.0,1.0,0.0,0.0,0.0,0.0,0.0,0.0,0.0,0.0,0.0,Sun Belt,Sun Belt,0.0,,,4.5,,,0.0,4.5,,,,3.0,,,,,,,,,,,,,,,,,,,19.5,0,1,0,0,0,0,2021-10-20,2021,1,0,0,0,0,0,0,0,0,0,0,0,0,0,0,0,0,0,0,0,0,0,0,0,0,0,0,0,0,0,0,0.0,0.0,0.0,0.0,0.0,0.0,0.0,0.0,0.0,0.0,0.0,0.0,0.0,6.690842277418564,536.2822686227901,0.0
,10/21/21,Thu,0.8125,7:30p,SMU,Tulane,392K,392.0,SMU,55.0,26.0,1.0,0.0,0,0.0,0.0,0.0,0.0,0.0,0.0,0.0,0.0,0.0,0.0,0.0,0.0,American Athletic,American Athletic,0.0,,,14.0,,,0.0,-14.0,,,,29.0,,,,,,,,,,,,,,,,,,,19.5,0,1,0,0,0,0,2021-10-21,2021,1,0,0,0,0,0,0,0,0,0,0,0,0,0,0,0,0,0,0,0,0,0,0,0,0,0,0,0,0,0,0,0.0,0.0,0.0,0.0,0.0,0.0,0.0,0.0,0.0,0.0,0.0,0.0,0.0,5.973809611869261,736.7745437800735,0.0
,10/22/21,Fri,0.791666667,7:00p,UCF,Memphis,793K,793.0,UCF,24.0,7.0,0.0,0.0,0,0.0,0.0,1.0,0.0,0.0,0.0,0.0,0.0,0.0,0.0,0.0,0.0,American Athletic,American Athletic,0.0,,,1.0,,,0.0,-1.0,,,,17.0,,,,,,,,,,,,,,,,,,,19.0,0,0,1,0,0,0,2021-10-22,2021,1,0,0,0,0,0,0,0,0,0,0,0,0,0,0,0,0,0,0,0,0,0,0,0,0,0,0,0,0,0,0,0.0,1.0,0.0,0.0,0.0,0.0,0.0,0.0,0.0,0.0,0.0,0.0,0.0,6.677083461247136,802.3248973810485,0.0
,10/22/21,Fri,0.9375,10:30p,Arizona,Washington,660K,660.0,Washington,21.0,16.0,0.0,0.0,0,0.0,0.0,1.0,0.0,0.0,0.0,0.0,0.0,0.0,0.0,0.0,0.0,Pac-12,Pac-12,0.0,,,17.0,,,0.0,17.0,,,,5.0,,,,,,,,,,,,,,,,,,,22.5,0,0,1,0,0,0,2021-10-22,2021,1,0,0,0,0,0,0,0,0,0,0,0,0,0,0,0,0,0,0,0,0,0,0,0,0,0,0,0,0,0,0,0.0,1.0,0.0,0.0,0.0,0.0,0.0,0.0,0.0,0.0,0.0,0.0,0.0,6.493753839851686,1400.4363626371742,0.0
,10/23/21,Sat,0.5,12:00p,Texas Tech,Kansas St.,359K,359.0,Kansas St.,25.0,24.0,0.0,0.0,3,0.0,1.0,0.0,0.0,0.0,0.0,0.0,0.0,0.0,0.0,0.0,0.0,Big 12,Big 12,0.0,,,1.0,,,0.0,1.0,,,,1.0,,,,,,,,,,,,,,,,,,,12.0,0,0,0,1,0,0,2021-10-23,2021,1,0,0,0,0,0,0,0,0,0,0,0,0,0,0,0,0,0,0,0,0,0,0,0,0,0,0,0,0,0,0,0.0,0.0,0.0,0.0,0.0,0.0,0.0,0.0,0.0,0.0,0.0,0.0,0.0,5.886104031450156,515.6671046233539,10171.732744414177
,10/23/21,Sat,0.5,12:00p,Penn St.,Illinois,3.765M,3765.0,Illinois,20.0,18.0,0.0,1.0,2,0.0,0.0,0.0,0.0,0.0,1.0,0.0,0.0,0.0,0.0,0.0,0.0,Big Ten,Big Ten,0.0,,,24.5,,,0.0,-24.5,,,,2.0,,,,,,,,,,,,,,,,,,,12.0,0,0,0,1,0,0,2021-10-23,2021,1,0,0,0,0,0,0,0,0,0,0,0,0,0,0,0,0,0,0,0,0,0,0,0,0,0,0,0,0,0,0,0.0,0.0,0.0,0.0,0.0,0.0,0.0,0.0,0.0,0.0,0.0,0.0,0.0,8.233768709217097,3617.7658322913226,7069.634016746209
,10/23/21,Sat,0.5,12:00p,Michigan,Northwestern,3.235M,3235.0,Michigan,33.0,7.0,0.0,1.0,2,1.0,0.0,0.0,0.0,0.0,0.0,0.0,0.0,0.0,0.0,0.0,0.0,Big Ten,Big Ten,0.0,,,23.5,,,0.0,-23.5,,,,26.0,,,,,,,,,,,,,,,,,,,12.0,0,0,0,1,0,0,2021-10-23,2021,1,0,0,0,0,0,0,0,0,0,0,0,0,0,0,0,0,0,0,0,0,0,0,0,0,0,0,0,0,0,0,0.0,0.0,0.0,0.0,0.0,0.0,0.0,0.0,0.0,0.0,0.0,0.0,0.0,8.082093278178382,3643.951607157699,7043.4482418798325
,10/23/21,Sat,0.5,12:00p,Kansas,Oklahoma,2.645M,2645.0,Oklahoma,35.0,23.0,0.0,1.0,2,0.0,0.0,0.0,0.0,0.0,0.0,0.0,0.0,0.0,0.0,0.0,0.0,Big 12,Big 12,0.0,,,38.5,,,0.0,38.5,,,,12.0,,,,,,,,,,,,,,,,,,,12.0,0,0,0,1,0,0,2021-10-23,2021,1,0,0,0,0,0,0,0,0,0,0,0,0,0,0,0,0,0,0,0,0,0,0,0,0,0,0,0,0,0,0,0.0,0.0,0.0,0.0,0.0,0.0,0.0,0.0,0.0,0.0,0.0,0.0,0.0,7.880804344674901,2319.847446087698,8367.552402949834
,10/23/21,Sat,0.5,12:00p,Navy,Cincinnati,769K,769.0,Cincinnati,27.0,20.0,0.0,1.0,3,0.0,0.0,1.0,0.0,0.0,0.0,0.0,0.0,0.0,0.0,0.0,0.0,American Athletic,American Athletic,0.0,,,28.5,,,0.0,28.5,,,,7.0,,,,,,,,,,,,,,,,,,,12.0,0,0,0,1,0,0,2021-10-23,2021,1,0,0,0,0,0,0,0,0,0,0,0,0,0,0,0,0,0,0,0,0,0,0,0,0,0,0,0,0,0,0,0.0,0.0,0.0,0.0,0.0,0.0,0.0,0.0,0.0,0.0,0.0,0.0,0.0,6.646390514847729,590.1678588774588,10097.231990160073
,10/23/21,Sat,0.625,3:00p,Purdue,Wisconsin,734K,734.0,Wisconsin,30.0,13.0,1.0,0.0,2,0.0,0.0,0.0,0.0,0.0,0.0,0.0,0.0,0.0,0.0,1.0,0.0,Big Ten,Big Ten,0.0,,,3.5,,,0.0,3.5,,,,17.0,,,,,,,,,,,,,,,,,,,15.0,0,0,0,0,1,0,2021-10-23,2021,1,0,0,0,0,0,0,0,0,0,0,0,0,0,0,0,0,0,0,0,0,0,0,0,0,0,0,0,0,0,0,0.0,0.0,0.0,0.0,0.0,0.0,0.0,0.0,0.0,0.0,0.0,0.0,0.0,6.5998704992128365,818.8729881854421,11669.917206249587
,10/23/21,Sat,0.645833333,3:30p,Minnesota,Maryland,533K,533.0,Minnesota,34.0,16.0,0.0,0.0,2,0.0,0.0,1.0,0.0,0.0,0.0,0.0,0.0,0.0,0.0,0.0,0.0,Big Ten,Big Ten,0.0,,,4.0,,,0.0,-4.0,,,,18.0,,,,,,,,,,,,,,,,,,,15.5,0,0,0,0,1,0,2021-10-23,2021,1,0,0,0,0,0,0,0,0,0,0,0,0,0,0,0,0,0,0,0,0,0,0,0,0,0,0,0,0,0,0,0.0,0.0,0.0,0.0,0.0,0.0,0.0,0.0,0.0,0.0,0.0,0.0,0.0,6.280395838960195,509.8120175575974,11978.978176877432
,10/23/21,Sat,0.645833333,3:30p,Mississippi,LSU,3.109M,3109.0,Mississippi,31.0,17.0,1.0,0.0,1,0.0,0.0,0.0,0.0,1.0,0.0,0.0,0.0,0.0,0.0,0.0,0.0,SEC,SEC,0.0,,,9.0,,,0.0,-9.0,,,,14.0,,,,,,,,,,,,,,,,,,,15.5,0,0,0,0,1,0,2021-10-23,2021,1,0,0,0,0,0,0,0,0,0,0,0,0,0,0,0,0,0,0,0,0,0,0,0,0,0,0,0,0,0,0,0.0,0.0,0.0,0.0,0.0,0.0,0.0,0.0,0.0,0.0,0.0,0.0,0.0,8.04237800517328,3354.2470556478997,9134.543138787129
,10/23/21,Sat,0.645833333,3:30p,Washington St.,BYU,466K,466.0,BYU,21.0,19.0,0.0,0.0,2,0.0,1.0,0.0,0.0,0.0,0.0,0.0,0.0,0.0,0.0,0.0,0.0,Pac-12,FBS Independents,0.0,,,3.5,,,0.0,3.5,,,,2.0,,,,,,,,,,,,,,,,,,,15.5,0,0,0,0,1,0,2021-10-23,2021,1,0,0,0,0,0,0,0,0,0,0,0,0,0,0,0,0,0,0,0,0,0,0,0,0,0,0,0,0,0,0,0.0,0.0,0.0,0.0,0.0,0.0,0.0,0.0,0.0,0.0,0.0,0.0,0.0,6.1463292576688975,413.9357125092546,12074.854481925775
,10/23/21,Sat,0.645833333,3:30p,UCLA,Oregon,3.845M,3845.0,Oregon,34.0,31.0,0.0,1.0,1,0.0,0.0,0.0,0.0,0.0,1.0,0.0,0.0,0.0,0.0,0.0,0.0,Pac-12,Pac-12,0.0,,,1.0,,,0.0,-1.0,,,,3.0,,,,,,,,,,,,,,,,,,,15.5,0,0,0,0,1,0,2021-10-23,2021,1,0,0,0,0,0,0,0,0,0,0,0,0,0,0,0,0,0,0,0,0,0,0,0,0,0,0,0,0,0,0,0.0,0.0,0.0,0.0,0.0,0.0,0.0,0.0,0.0,0.0,0.0,0.0,0.0,8.254788926148725,3025.448513977114,9463.341680457914
,10/23/21,Sat,0.645833333,3:30p,Iowa St.,Oklahoma St.,2.659M,2659.0,Iowa St.,24.0,21.0,0.0,1.0,1,1.0,0.0,0.0,0.0,0.0,0.0,0.0,0.0,0.0,0.0,0.0,0.0,Big 12,Big 12,0.0,,,7.0,,,0.0,-7.0,,,,3.0,,,,,,,,,,,,,,,,,,,15.5,0,0,0,0,1,0,2021-10-23,2021,1,0,0,0,0,0,0,0,0,0,0,0,0,0,0,0,0,0,0,0,0,0,0,0,0,0,0,0,0,0,0,0.0,0.0,0.0,0.0,0.0,0.0,0.0,0.0,0.0,0.0,0.0,0.0,0.0,7.886081401775745,2486.8143836838053,10001.975810751224
,10/23/21,Sat,0.645833333,3:30p,Pittsburgh,Clemson,2.162M,2162.0,Pittsburgh,27.0,17.0,1.0,0.0,1,0.0,0.0,0.0,0.0,0.0,0.0,0.0,0.0,0.0,0.0,0.0,0.0,ACC,ACC,0.0,,,3.5,,,0.0,-3.5,,,,10.0,,,,,,,,,,,,,,,,,,,15.5,0,0,0,0,1,0,2021-10-23,2021,1,0,0,0,0,0,0,0,0,0,0,0,0,0,0,0,0,0,0,0,0,0,0,0,0,0,0,0,0,0,0,0.0,0.0,0.0,0.0,0.0,0.0,0.0,0.0,0.0,0.0,0.0,0.0,0.0,7.679251425953058,1879.6595228739152,10609.130671561114
,10/23/21,Sat,0.791666667,7:00p,Fresno St.,Nevada,233K,233.0,Fresno St.,34.0,32.0,0.0,0.0,2,0.0,1.0,0.0,0.0,0.0,0.0,0.0,0.0,0.0,0.0,0.0,0.0,Mountain West,Mountain West,0.0,,,3.5,,,0.0,-3.5,,,,2.0,,,,,,,,,,,,,,,,,,,19.0,0,0,0,0,0,0,2021-10-23,2021,1,0,0,0,0,0,0,0,0,0,0,0,0,0,0,0,0,0,0,0,0,0,0,0,0,0,0,0,0,0,0,0.0,0.0,0.0,0.0,0.0,0.0,0.0,0.0,0.0,0.0,0.0,0.0,0.0,5.455321115357702,209.72443369803077,14916.433329538502
,10/23/21,Sat,0.791666667,7:00p,Alabama,Tennessee,4.679M,4679.0,Alabama,52.0,24.0,0.0,1.0,1,0.0,0.0,0.0,0.0,0.0,0.0,0.0,0.0,0.0,0.0,0.0,0.0,SEC,SEC,0.0,,,25.5,,,0.0,-25.5,,,,28.0,,,,,,,,,,,,,,,,,,,19.0,0,0,0,0,0,0,2021-10-23,2021,1,0,0,0,0,0,0,0,0,0,0,0,0,0,0,0,0,0,0,0,0,0,0,0,0,0,0,0,0,0,0,0.0,0.0,0.0,0.0,0.0,0.0,0.0,0.0,0.0,0.0,0.0,0.0,0.0,8.451053388911692,5135.161416283385,9990.996346953149
,10/23/21,Sat,0.8125,7:30p,Indiana,Ohio St.,3.347M,3347.0,Ohio St.,54.0,7.0,0.0,1.0,1,0.0,0.0,0.0,0.0,0.0,1.0,0.0,0.0,0.0,0.0,0.0,0.0,Big Ten,Big Ten,0.0,,,21.0,,,0.0,21.0,,,,47.0,,,,,,,,,,,,,,,,,,,19.5,0,0,0,0,0,0,2021-10-23,2021,1,0,0,0,0,0,0,0,0,0,0,0,0,0,0,0,0,0,0,0,0,0,0,0,0,0,0,0,0,0,0,0.0,0.0,0.0,0.0,0.0,0.0,0.0,0.0,0.0,0.0,0.0,0.0,0.0,8.116118431609365,5014.338279167765,10111.819484068768
,10/23/21,Sat,0.8125,7:30p,Notre Dame,USC,2.868M,2868.0,Notre Dame,31.0,16.0,1.0,0.0,1,0.0,0.0,0.0,1.0,0.0,0.0,0.0,0.0,0.0,0.0,0.0,0.0,FBS Independents,Pac-12,0.0,,,7.5,,,0.0,-7.5,,,,15.0,,,,,,,,,,,,,,,,,,,19.5,0,0,0,0,0,0,2021-10-23,2021,1,0,0,0,0,0,1,0,0,0,0,0,0,0,0,0,0,0,0,0,0,0,0,0,0,0,0,0,0,0,0,0.0,0.0,0.0,0.0,0.0,0.0,0.0,0.0,0.0,0.0,0.0,0.0,0.0,7.9617188159813645,3712.53497909458,11413.622784141953
,10/23/21,Sat,0.8125,7:30p,TCU,West Virginia,369K,369.0,West Virginia,29.0,17.0,0.0,0.0,1,0.0,0.0,0.0,0.0,0.0,0.0,0.0,1.0,0.0,0.0,0.0,0.0,Big 12,Big 12,0.0,,,4.5,,,0.0,-4.5,,,,12.0,,,,,,,,,,,,,,,,,,,19.5,0,0,0,0,0,0,2021-10-23,2021,1,0,0,0,0,0,0,0,0,0,0,0,0,0,0,0,0,0,0,0,0,0,0,0,0,0,0,0,0,0,0,0.0,0.0,0.0,0.0,0.0,0.0,0.0,0.0,0.0,0.0,0.0,0.0,0.0,5.91350300563827,179.90441322764667,14946.253350008887
,10/23/21,Sat,0.8125,7:30p,Miami,North Carolina St.,675K,675.0,Miami,31.0,30.0,1.0,0.0,2,0.0,0.0,1.0,0.0,0.0,0.0,0.0,0.0,0.0,0.0,0.0,0.0,ACC,ACC,0.0,,,3.5,,,0.0,3.5,,,,1.0,,,,,,,,,,,,,,,,,,,19.5,0,0,0,0,0,0,2021-10-23,2021,1,0,0,0,0,0,0,0,0,0,0,0,0,0,0,0,0,0,0,0,0,0,0,0,0,0,0,0,0,0,0,0.0,0.0,0.0,0.0,0.0,0.0,0.0,0.0,0.0,0.0,0.0,0.0,0.0,6.516193076042964,874.4942417651256,14251.663521471408
,10/28/21,Thu,0.8125,7:30p,Coastal Carolina,Troy,290K,290.0,Coastal Carolina,35.0,28.0,1.0,0.0,0,0.0,0.0,1.0,0.0,0.0,0.0,0.0,0.0,0.0,0.0,0.0,0.0,Sun Belt,Sun Belt,0.0,,,17.0,,,0.0,-17.0,,,,7.0,,,,,,,,,,,,,,,,,,,19.5,0,1,0,0,0,0,2021-10-28,2021,1,0,0,0,0,0,0,0,0,0,0,0,0,0,0,0,0,0,0,0,0,0,0,0,0,0,0,0,0,0,0,0.0,0.0,0.0,0.0,0.0,0.0,0.0,0.0,0.0,0.0,0.0,0.0,0.0,5.673323267171493,275.9885691303239,656.6390091200357
,10/28/21,Thu,0.8125,7:30p,East Carolina,South Florida,395K,395.0,East Carolina,29.0,14.0,0.0,0.0,0,0.0,0.0,0.0,0.0,0.0,0.0,0.0,0.0,0.0,0.0,0.0,0.0,American Athletic,American Athletic,0.0,,,9.5,,,0.0,-9.5,,,,15.0,,,,,,,,,,,,,,,,,,,19.5,0,1,0,0,0,0,2021-10-28,2021,1,0,0,0,0,0,0,0,0,0,0,0,0,0,0,0,0,0,0,0,0,0,0,0,0,0,0,0,0,0,0,0.0,0.0,0.0,0.0,0.0,0.0,0.0,0.0,0.0,0.0,0.0,0.0,0.0,5.981414211254481,656.6390091200357,275.9885691303239
,10/29/21,Fri,0.8125,7:30p,Tulsa,Navy,684K,684.0,Navy,20.0,17.0,0.0,0.0,0,0.0,0.0,1.0,0.0,0.0,0.0,0.0,0.0,0.0,0.0,0.0,0.0,American Athletic,American Athletic,0.0,,,11.0,,,0.0,-11.0,,,,3.0,,,,,,,,,,,,,,,,,,,19.5,0,0,1,0,0,0,2021-10-29,2021,1,0,0,0,0,0,0,0,0,0,0,0,0,0,0,0,0,0,0,0,0,0,0,0,0,0,0,0,0,0,0,0.0,1.0,0.0,0.0,0.0,0.0,0.0,0.0,0.0,0.0,0.0,0.0,0.0,6.529418838262226,806.2976044309054,0.0
,10/30/21,Sat,0.5,12:00p,Michigan St.,Michigan,9.289M,9289.0,Michigan St.,37.0,33.0,0.0,2.0,1,1.0,0.0,0.0,0.0,0.0,0.0,0.0,0.0,0.0,0.0,0.0,0.0,Big Ten,Big Ten,0.0,,,4.0,,,0.0,4.0,,,,4.0,,,,,,,,,,,,,,,,,,,12.0,0,0,0,1,0,0,2021-10-30,2021,1,0,0,0,0,0,0,0,0,0,0,0,0,0,0,0,0,0,0,0,0,0,0,0,0,1,0,0,0,0,0,0.0,0.0,0.0,0.0,0.0,0.0,0.0,0.0,0.0,0.0,0.0,0.0,0.0,9.136693831807884,9153.754202717879,6377.37671934019
,10/30/21,Sat,0.5,12:00p,Wisconsin,Iowa,1.828M,1828.0,Wisconsin,27.0,7.0,0.0,1.0,1,0.0,0.0,0.0,0.0,0.0,0.0,0.0,0.0,0.0,0.0,0.0,0.0,Big Ten,Big Ten,0.0,,,3.0,,,0.0,-3.0,,,,20.0,,,,,,,,,,,,,,,,,,,12.0,0,0,0,1,0,0,2021-10-30,2021,1,0,0,0,0,0,0,0,0,0,0,0,0,0,0,0,0,0,0,0,0,0,0,0,0,0,0,0,0,0,0,0.0,0.0,0.0,0.0,0.0,0.0,0.0,0.0,0.0,0.0,0.0,0.0,0.0,7.511524648390866,2965.1529631962712,12565.977958861798
,10/30/21,Sat,0.5,12:00p,Baylor,Texas,2.395M,2395.0,Baylor,31.0,24.0,1.0,0.0,1,0.0,0.0,0.0,0.0,0.0,1.0,0.0,0.0,0.0,0.0,0.0,0.0,Big 12,Big 12,0.0,,,2.5,,,0.0,-2.5,,,,7.0,,,,,,,,,,,,,,,,,,,12.0,0,0,0,1,0,0,2021-10-30,2021,1,0,0,0,0,0,0,0,0,0,0,0,0,0,0,0,0,0,0,0,0,0,0,0,0,0,0,0,0,0,0,0.0,0.0,0.0,0.0,0.0,0.0,0.0,0.0,0.0,0.0,0.0,0.0,0.0,7.78155595923534,2997.9309580317304,12533.199964026338
,10/30/21,Sat,0.5,12:00p,Tulane,Cincinnati,580K,580.0,Cincinnati,31.0,12.0,0.0,1.0,2,0.0,0.0,1.0,0.0,0.0,0.0,0.0,0.0,0.0,0.0,0.0,0.0,American Athletic,American Athletic,0.0,,,28.0,,,0.0,28.0,,,,19.0,,,,,,,,,,,,,,,,,,,12.0,0,0,0,1,0,0,2021-10-30,2021,1,0,0,0,0,0,0,0,0,0,0,0,0,0,0,0,0,0,0,0,0,0,0,0,0,0,0,0,0,0,0,0.0,0.0,0.0,0.0,0.0,0.0,0.0,0.0,0.0,0.0,0.0,0.0,0.0,6.364750756851911,414.29279811218873,15116.83812394588
,10/30/21,Sat,0.645833333,3:30p,Arizona St.,Washington St.,337K,337.0,Washington St.,34.0,21.0,0.0,0.0,3,0.0,1.0,0.0,0.0,0.0,0.0,0.0,0.0,0.0,0.0,0.0,0.0,Pac-12,Pac-12,0.0,,,16.5,,,0.0,-16.5,,,,13.0,,,,,,,,,,,,,,,,,,,15.5,0,0,0,0,1,0,2021-10-30,2021,1,0,0,0,0,0,0,0,0,0,0,0,0,0,0,0,0,0,0,0,0,0,0,0,0,0,0,0,0,0,0,0.0,0.0,0.0,0.0,0.0,0.0,0.0,0.0,0.0,0.0,0.0,0.0,0.0,5.823045895483019,350.0412739656983,15751.342139910439
,10/30/21,Sat,0.645833333,3:30p,Clemson,Florida St.,1.883M,1883.0,Clemson,30.0,20.0,0.0,0.0,2,0.0,0.0,0.0,0.0,0.0,0.0,0.0,0.0,0.0,0.0,0.0,0.0,ACC,ACC,0.0,,,9.5,,,0.0,-9.5,,,,10.0,,,,,,,,,,,,,,,,,,,15.5,0,0,0,0,1,0,2021-10-30,2021,1,0,0,0,0,0,0,0,0,0,0,0,0,0,0,0,0,0,0,0,0,0,0,0,0,0,0,0,0,0,0,0.0,0.0,0.0,0.0,0.0,0.0,0.0,0.0,0.0,0.0,0.0,0.0,0.0,7.5411524551363085,2142.3154685096847,13959.067945366452
,10/30/21,Sat,0.645833333,3:30p,Oregon,Colorado,2.673M,2673.0,Oregon,52.0,29.0,0.0,1.0,2,1.0,0.0,0.0,0.0,0.0,0.0,0.0,0.0,0.0,0.0,0.0,0.0,Pac-12,Pac-12,0.0,,,24.5,,,0.0,-24.5,,,,23.0,,,,,,,,,,,,,,,,,,,15.5,0,0,0,0,1,0,2021-10-30,2021,1,0,0,0,0,0,0,0,0,0,0,0,0,0,0,0,0,0,0,0,0,0,0,0,0,0,0,0,0,0,0,0.0,0.0,0.0,0.0,0.0,0.0,0.0,0.0,0.0,0.0,0.0,0.0,0.0,7.891330757661889,2572.9367749367484,13528.446638939387
,10/30/21,Sat,0.645833333,3:30p,Nebraska,Purdue,1.295M,1295.0,Purdue,28.0,23.0,0.0,0.0,3,0.0,0.0,1.0,0.0,0.0,0.0,0.0,0.0,0.0,0.0,0.0,0.0,Big Ten,Big Ten,0.0,,,7.5,,,0.0,-7.5,,,,5.0,,,,,,,,,,,,,,,,,,,15.5,0,0,0,0,1,0,2021-10-30,2021,1,0,0,0,0,0,0,0,0,0,0,0,0,0,0,0,0,0,0,0,0,0,0,0,0,0,0,0,0,0,0,0.0,0.0,0.0,0.0,0.0,0.0,0.0,0.0,0.0,0.0,0.0,0.0,0.0,7.16703787691222,1047.282976168892,15054.100437707244
,10/30/21,Sat,0.645833333,3:30p,Northwestern,Minnesota,401K,401.0,Minnesota,41.0,14.0,0.0,0.0,3,0.0,0.0,0.0,0.0,0.0,0.0,0.0,0.0,0.0,0.0,1.0,0.0,Big Ten,Big Ten,0.0,,,7.5,,,0.0,7.5,,,,27.0,,,,,,,,,,,,,,,,,,,15.5,0,0,0,0,1,0,2021-10-30,2021,1,0,0,0,0,0,0,0,0,0,0,0,0,0,0,0,0,0,0,0,0,0,0,0,0,0,0,0,0,0,0,0.0,0.0,0.0,0.0,0.0,0.0,0.0,0.0,0.0,0.0,0.0,0.0,0.0,5.996452088619021,399.3883394560118,15701.995074420125
,10/30/21,Sat,0.645833333,3:30p,Oklahoma,Texas Tech,2.37M,2370.0,Oklahoma,52.0,21.0,0.0,1.0,2,0.0,0.0,0.0,0.0,0.0,1.0,0.0,0.0,0.0,0.0,0.0,0.0,Big 12,Big 12,0.0,,,19.0,,,0.0,-19.0,,,,31.0,,,,,,,,,,,,,,,,,,,15.5,0,0,0,0,1,0,2021-10-30,2021,1,0,0,0,0,0,0,0,0,0,0,0,0,0,0,0,0,0,0,0,0,0,0,0,0,0,0,0,0,0,0,0.0,0.0,0.0,0.0,0.0,0.0,0.0,0.0,0.0,0.0,0.0,0.0,0.0,7.771067086065406,3688.909205511116,12412.47420836502
,10/30/21,Sat,0.645833333,3:30p,Florida,Georgia,6.12M,6120.0,Georgia,34.0,7.0,0.0,1.0,2,0.0,0.0,0.0,0.0,1.0,0.0,0.0,0.0,0.0,0.0,0.0,0.0,SEC,SEC,0.0,,,14.0,,,0.0,14.0,,,,27.0,,,,,,,,,,,,,,,,,,,15.5,0,0,0,0,1,0,2021-10-30,2021,1,0,0,0,0,1,0,0,0,0,0,0,0,0,0,0,0,0,0,0,0,0,0,0,0,0,0,0,0,0,0,0.0,0.0,0.0,0.0,0.0,0.0,0.0,0.0,0.0,0.0,0.0,0.0,0.0,8.71948076085107,5900.509375327985,10200.87403854815
,10/30/21,Sat,0.791666667,7:00p,Auburn,Mississippi,2.525M,2525.0,Auburn,31.0,20.0,1.0,1.0,1,0.0,0.0,0.0,0.0,0.0,0.0,0.0,0.0,0.0,0.0,0.0,0.0,SEC,SEC,0.0,,,3.0,,,0.0,-3.0,,,,11.0,,,,,,,,,,,,,,,,,,,19.0,0,0,0,0,0,0,2021-10-30,2021,1,0,0,0,0,0,0,0,0,0,0,0,0,0,0,0,0,0,0,0,0,0,0,0,0,1,0,0,0,0,0,0.0,0.0,0.0,0.0,0.0,0.0,0.0,0.0,0.0,0.0,0.0,0.0,0.0,7.8343923029104365,3511.057510387352,13341.510518241492
,10/30/21,Sat,0.791666667,7:00p,Oklahoma St.,Kansas,344K,344.0,Oklahoma St.,55.0,3.0,1.0,0.0,2,0.0,1.0,0.0,0.0,0.0,0.0,0.0,0.0,0.0,0.0,0.0,0.0,Big 12,Big 12,0.0,,,29.0,,,0.0,-29.0,,,,52.0,,,,,,,,,,,,,,,,,,,19.0,0,0,0,0,0,0,2021-10-30,2021,1,0,0,0,0,0,0,0,0,0,0,0,0,0,0,0,0,0,0,0,0,0,0,0,0,0,0,0,0,0,0,0.0,0.0,0.0,0.0,0.0,0.0,0.0,0.0,0.0,0.0,0.0,0.0,0.0,5.84354441703136,594.6553969062246,16257.91263172262
,10/30/21,Sat,0.791666667,7:00p,Houston,SMU,332K,332.0,Houston,44.0,37.0,1.0,0.0,2,0.0,0.0,1.0,0.0,0.0,0.0,0.0,0.0,0.0,0.0,0.0,0.0,American Athletic,American Athletic,0.0,,,1.0,,,0.0,1.0,,,,7.0,,,,,,,,,,,,,,,,,,,19.0,0,0,0,0,0,0,2021-10-30,2021,1,0,0,0,0,0,0,0,0,0,0,0,0,0,0,0,0,0,0,0,0,0,0,0,0,0,0,0,0,0,0,0.0,0.0,0.0,0.0,0.0,0.0,0.0,0.0,0.0,0.0,0.0,0.0,0.0,5.808142489980444,392.5629666827104,16460.005061946133
,10/30/21,Sat,0.8125,7:30p,Notre Dame,North Carolina,2.346M,2346.0,Notre Dame,44.0,34.0,1.0,0.0,1,0.0,0.0,0.0,1.0,0.0,0.0,0.0,0.0,0.0,0.0,0.0,0.0,FBS Independents,ACC,0.0,,,3.5,,,0.0,-3.5,,,,10.0,,,,,,,,,,,,,,,,,,,19.5,0,0,0,0,0,0,2021-10-30,2021,1,0,0,0,0,0,0,0,0,0,0,0,0,0,0,0,0,0,0,0,0,0,0,0,0,0,0,0,0,0,0,0.0,0.0,0.0,0.0,0.0,0.0,0.0,0.0,0.0,0.0,0.0,0.0,0.0,7.760893195851024,2850.5565155843847,14002.011513044461
,10/30/21,Sat,0.8125,7:30p,Ohio St.,Penn St.,7.051M,7051.0,Ohio St.,33.0,24.0,1.0,1.0,1,0.0,0.0,0.0,0.0,0.0,1.0,0.0,0.0,0.0,0.0,0.0,0.0,Big Ten,Big Ten,0.0,,,18.5,,,0.0,-18.5,,,,9.0,,,,,,,,,,,,,,,,,,,19.5,0,0,0,0,0,0,2021-10-30,2021,1,0,0,0,0,0,0,0,0,0,0,0,0,0,0,0,0,0,0,0,0,0,0,1,0,1,0,0,0,0,0,0.0,0.0,0.0,0.0,0.0,0.0,0.0,0.0,0.0,0.0,0.0,0.0,0.0,8.861066543517762,9503.735639068173,7348.832389560672
,10/30/21,Sat,0.916666667,10:00p,Utah,UCLA,829K,829.0,Utah,44.0,24.0,0.0,0.0,0,0.0,0.0,0.0,0.0,0.0,0.0,0.0,0.0,0.0,0.0,0.0,0.0,Pac-12,Pac-12,0.0,,,6.5,,,0.0,-6.5,,,,20.0,,,,,,,,,,,,,,,,,,,22.0,0,0,0,0,0,1,2021-10-30,2021,1,0,0,0,0,0,0,0,0,0,0,0,0,0,0,0,0,0,0,0,0,0,0,0,0,0,0,0,0,0,0,0.0,0.0,0.0,0.0,0.0,0.0,0.0,0.0,0.0,0.0,0.0,0.0,0.0,6.721425700790643,962.0790938646769,1259.90477392632
,10/30/21,Sat,0.9375,10:30p,BYU,Virginia,678K,678.0,BYU,66.0,49.0,1.0,0.0,0,0.0,0.0,1.0,0.0,0.0,0.0,0.0,0.0,0.0,0.0,0.0,0.0,FBS Independents,ACC,0.0,,,2.5,,,0.0,-2.5,,,,17.0,,,,,,,,,,,,,,,,,,,22.5,0,0,0,0,0,1,2021-10-30,2021,1,0,0,0,0,0,0,0,0,0,0,0,0,0,0,0,0,0,0,0,0,0,0,0,0,0,0,0,0,0,0,0.0,0.0,0.0,0.0,0.0,0.0,0.0,0.0,0.0,0.0,0.0,0.0,0.0,6.520621127558696,747.9556787010094,1474.0281890899876
,10/30/21,Sat,0.9375,10:30p,Stanford,Washington,402K,402.0,Washington,20.0,13.0,0.0,0.0,0,0.0,1.0,0.0,0.0,0.0,0.0,0.0,0.0,0.0,0.0,0.0,0.0,Pac-12,Pac-12,0.0,,,2.5,,,0.0,-2.5,,,,7.0,,,,,,,,,,,,,,,,,,,22.5,0,0,0,0,0,1,2021-10-30,2021,1,0,0,0,0,0,0,0,0,0,0,0,0,0,0,0,0,0,0,0,0,0,0,0,0,0,0,0,0,0,0,0.0,0.0,0.0,0.0,0.0,0.0,0.0,0.0,0.0,0.0,0.0,0.0,0.0,5.998936561946683,511.94909522531066,1710.0347725656864
,11/2/21,Tue,0.8125,7:30p,Toledo,Eastern Michigan,180K,180.0,Eastern Michigan,52.0,49.0,0.0,0.0,0,0.0,0.0,1.0,0.0,0.0,0.0,0.0,0.0,0.0,0.0,0.0,0.0,Mid-American,Mid-American,0.0,,,9.5,,,0.0,-9.5,,,,3.0,,,,,,,,,,,,,,,,,,,19.5,0,1,0,0,0,0,2021-11-02,2021,1,0,0,0,0,0,0,0,0,0,0,0,0,0,0,0,0,0,0,0,0,0,0,0,0,0,0,0,0,0,0,0.0,0.0,0.0,0.0,0.0,0.0,0.0,0.0,0.0,0.0,0.0,0.0,0.0,5.198497031265826,254.96905485399748,0.0
,11/3/21,Wed,0.791666667,7:00p,Kent St.,Northern Illinois,454K,454.0,Kent St.,52.0,47.0,0.0,0.0,0,0.0,0.0,1.0,0.0,0.0,0.0,0.0,0.0,0.0,0.0,0.0,0.0,Mid-American,Mid-American,0.0,,,3.5,,,0.0,-3.5,,,,5.0,,,,,,,,,,,,,,,,,,,19.0,0,1,0,0,0,0,2021-11-03,2021,1,0,0,0,0,0,0,0,0,0,0,0,0,0,0,0,0,0,0,0,0,0,0,0,0,0,0,0,0,0,0,0.0,0.0,0.0,0.0,0.0,0.0,0.0,0.0,0.0,0.0,0.0,0.0,0.0,6.12029741895095,375.017935856011,0.0
,11/4/21,Thu,0.8125,7:30p,Louisiana,Georgia St.,620K,620.0,Louisiana,21.0,17.0,1.0,0.0,0,0.0,0.0,0.0,0.0,0.0,0.0,0.0,0.0,0.0,0.0,0.0,0.0,Sun Belt,Sun Belt,0.0,,,13.5,,,0.0,-13.5,,,,4.0,,,,,,,,,,,,,,,,,,,19.5,0,1,0,0,0,0,2021-11-04,2021,1,0,0,0,0,0,0,0,0,0,0,0,0,0,0,0,0,0,0,0,0,0,0,0,0,0,0,0,0,0,0,0.0,0.0,0.0,0.0,0.0,0.0,0.0,0.0,0.0,0.0,0.0,0.0,0.0,6.431331081933479,529.1377519326825,0.0
,11/5/21,Fri,0.8125,7:30p,Boston College,Virginia Tech,1.215M,1215.0,Boston College,17.0,3.0,0.0,0.0,0,0.0,0.0,1.0,0.0,0.0,0.0,0.0,0.0,0.0,0.0,0.0,0.0,ACC,ACC,0.0,,,1.0,,,0.0,1.0,,,,14.0,,,,,,,,,,,,,,,,,,,19.5,0,0,1,0,0,0,2021-11-05,2021,1,0,0,0,0,0,0,0,0,0,0,0,0,0,0,0,0,0,0,0,0,0,0,0,0,0,0,0,0,0,0,0.0,1.0,0.0,0.0,0.0,0.0,0.0,0.0,0.0,0.0,0.0,0.0,0.0,7.103322062526113,1202.7730812516036,0.0
,11/5/21,Fri,0.9375,10:30p,Stanford,Utah,452K,452.0,Utah,52.0,7.0,0.0,0.0,0,0.0,1.0,0.0,0.0,0.0,0.0,0.0,0.0,0.0,0.0,0.0,0.0,Pac-12,Pac-12,0.0,,,11.0,,,0.0,11.0,,,,45.0,,,,,,,,,,,,,,,,,,,22.5,0,0,1,0,0,0,2021-11-05,2021,1,0,0,0,0,0,0,0,0,0,0,0,0,0,0,0,0,0,0,0,0,0,0,0,0,0,0,0,0,0,0,0.0,0.0,1.0,0.0,0.0,0.0,0.0,0.0,0.0,0.0,0.0,0.0,0.0,6.115892125483034,505.8567165192167,0.0
,11/6/21,Sat,0.479166667,11:30a,Air Force,Army,1.444M,1444.0,Army,21.0,14.0,0.0,0.0,2,0.0,0.0,0.0,0.0,1.0,0.0,0.0,0.0,0.0,0.0,0.0,0.0,Mountain West,FBS Independents,0.0,,,2.5,,,0.0,-2.5,,,,7.0,,,,,,,,,,,,,,,,,,,11.5,0,0,0,1,0,0,2021-11-06,2021,1,0,0,0,0,0,0,0,0,0,0,0,0,0,0,0,0,0,0,0,0,0,0,0,0,0,0,0,0,0,0,0.0,0.0,0.0,0.0,0.0,0.0,0.0,0.0,0.0,0.0,0.0,0.0,0.0,7.275864600546533,881.4007045596445,14227.046463660648
,11/6/21,Sat,0.5,12:00p,North Carolina,Wake Forest,2.2M,2200.0,North Carolina,58.0,55.0,0.0,1.0,2,0.0,0.0,0.0,0.0,0.0,1.0,0.0,0.0,0.0,0.0,0.0,0.0,ACC,ACC,0.0,,,2.5,,,0.0,-2.5,,,,3.0,,,,,,,,,,,,,,,,,,,12.0,0,0,0,1,0,0,2021-11-06,2021,1,0,0,0,0,0,0,0,0,0,0,0,0,0,0,0,0,0,0,0,0,0,0,0,0,0,0,0,0,0,0,0.0,0.0,0.0,0.0,0.0,0.0,0.0,0.0,0.0,0.0,0.0,0.0,0.0,7.696667081526462,1930.7001988464524,13177.74696937384
,11/6/21,Sat,0.5,12:00p,Minnesota,Illinois,595K,595.0,Illinois,14.0,6.0,0.0,0.0,3,0.0,0.0,1.0,0.0,0.0,0.0,0.0,0.0,0.0,0.0,0.0,0.0,Big Ten,Big Ten,0.0,,,14.5,,,0.0,-14.5,,,,8.0,,,,,,,,,,,,,,,,,,,12.0,0,0,0,1,0,0,2021-11-06,2021,1,0,0,0,0,0,0,0,0,0,0,0,0,0,0,0,0,0,0,0,0,0,0,0,0,0,0,0,0,0,0,0.0,0.0,0.0,0.0,0.0,0.0,0.0,0.0,0.0,0.0,0.0,0.0,0.0,6.39024066706535,551.4521273761542,14556.995040844138
,11/6/21,Sat,0.5,12:00p,Nebraska,Ohio St.,5.328M,5328.0,Ohio St.,26.0,17.0,0.0,1.0,2,1.0,0.0,0.0,0.0,0.0,0.0,0.0,0.0,0.0,0.0,0.0,0.0,Big Ten,Big Ten,0.0,,,14.0,,,0.0,14.0,,,,9.0,,,,,,,,,,,,,,,,,,,12.0,0,0,0,1,0,0,2021-11-06,2021,1,0,0,0,0,0,0,0,0,0,0,0,0,0,0,0,0,0,0,0,0,0,0,0,0,0,0,0,0,0,0,0.0,0.0,0.0,0.0,0.0,0.0,0.0,0.0,0.0,0.0,0.0,0.0,0.0,8.580918882296782,8316.919253735781,6791.527914484513
,11/6/21,Sat,0.5,12:00p,Georgia,Missouri,2.186M,2186.0,Georgia,43.0,6.0,0.0,1.0,2,0.0,0.0,0.0,0.0,0.0,0.0,0.0,0.0,0.0,0.0,0.0,0.0,SEC,SEC,0.0,,,40.0,,,0.0,-40.0,,,,37.0,,,,,,,,,,,,,,,,,,,12.0,0,0,0,1,0,0,2021-11-06,2021,1,0,0,0,0,0,0,0,0,0,0,0,0,0,0,0,0,0,0,0,0,0,0,0,0,0,0,0,0,0,0,0.0,0.0,0.0,0.0,0.0,0.0,0.0,0.0,0.0,0.0,0.0,0.0,0.0,7.690286020676768,2927.0354188693145,12181.411749350978
,11/6/21,Sat,0.5,12:00p,Kansas,Kansas St.,344K,344.0,Kansas St.,35.0,10.0,0.0,0.0,3,0.0,1.0,0.0,0.0,0.0,0.0,0.0,0.0,0.0,0.0,0.0,0.0,Big 12,Big 12,0.0,,,24.0,,,0.0,24.0,,,,25.0,,,,,,,,,,,,,,,,,,,12.0,0,0,0,1,0,0,2021-11-06,2021,1,0,0,0,0,0,0,0,0,0,0,0,0,0,0,0,0,0,0,0,1,0,0,0,0,0,0,0,0,0,0,0.0,0.0,0.0,0.0,0.0,0.0,0.0,0.0,0.0,0.0,0.0,0.0,0.0,5.84354441703136,500.9394648329461,14607.507703387348
,11/6/21,Sat,0.645833333,3:30p,Maryland,Penn St.,936K,936.0,Penn St.,31.0,14.0,1.0,0.0,2,0.0,1.0,0.0,0.0,0.0,0.0,0.0,0.0,0.0,0.0,0.0,0.0,Big Ten,Big Ten,0.0,,,10.0,,,0.0,10.0,,,,17.0,,,,,,,,,,,,,,,,,,,15.5,0,0,0,0,1,0,2021-11-06,2021,1,0,0,0,0,0,0,0,0,0,0,0,0,0,0,0,0,0,0,0,0,0,0,0,0,0,0,0,0,0,0,0.0,0.0,0.0,0.0,0.0,0.0,0.0,0.0,0.0,0.0,0.0,0.0,0.0,6.842683282238422,811.8397079391691,15455.494245506196
,11/6/21,Sat,0.645833333,3:30p,West Virginia,Oklahoma St.,1.14M,1140.0,Oklahoma St.,24.0,3.0,1.0,0.0,1,0.0,0.0,0.0,0.0,0.0,0.0,0.0,0.0,0.0,0.0,0.0,0.0,Big 12,Big 12,0.0,,,3.5,,,0.0,3.5,,,,21.0,,,,,,,,,,,,,,,,,,,15.5,0,0,0,0,1,0,2021-11-06,2021,1,0,0,0,0,0,0,0,0,0,0,0,0,0,0,0,0,0,0,0,0,0,0,0,0,0,0,0,0,0,0,0.0,0.0,0.0,0.0,0.0,0.0,0.0,0.0,0.0,0.0,0.0,0.0,0.0,7.039660349862076,1492.9583491862452,14774.37560425912
,11/6/21,Sat,0.645833333,3:30p,Texas A&M,Auburn,3.759M,3759.0,Texas A&M,20.0,3.0,2.0,0.0,1,0.0,0.0,0.0,0.0,1.0,0.0,0.0,0.0,0.0,0.0,0.0,0.0,SEC,SEC,0.0,,,4.5,,,0.0,-4.5,,,,17.0,,,,,,,,,,,,,,,,,,,15.5,0,0,0,0,1,0,2021-11-06,2021,1,0,0,0,0,0,0,0,0,0,0,0,0,0,0,0,0,0,0,0,0,0,0,0,0,1,0,0,0,0,0,0.0,0.0,0.0,0.0,0.0,0.0,0.0,0.0,0.0,0.0,0.0,0.0,0.0,8.23217423638394,5269.140131726425,10998.193821718942
,11/6/21,Sat,0.645833333,3:30p,Notre Dame,Navy,1.863M,1863.0,Notre Dame,34.0,6.0,0.0,1.0,1,0.0,0.0,0.0,1.0,0.0,0.0,0.0,0.0,0.0,0.0,0.0,0.0,FBS Independents,American Athletic,0.0,,,21.0,,,0.0,-21.0,,,,28.0,,,,,,,,,,,,,,,,,,,15.5,0,0,0,0,1,0,2021-11-06,2021,1,0,0,0,0,0,0,0,0,0,0,0,0,0,0,0,0,0,0,0,0,0,0,0,0,0,0,0,0,0,0,0.0,0.0,0.0,0.0,0.0,0.0,0.0,0.0,0.0,0.0,0.0,0.0,0.0,7.530479995245536,2469.342509542624,13797.991443902742
,11/6/21,Sat,0.645833333,3:30p,TCU,Baylor,1.807M,1807.0,TCU,30.0,28.0,1.0,0.0,1,1.0,0.0,0.0,0.0,0.0,0.0,0.0,0.0,0.0,0.0,0.0,0.0,Big 12,Big 12,0.0,,,7.5,,,0.0,7.5,,,,2.0,,,,,,,,,,,,,,,,,,,15.5,0,0,0,0,1,0,2021-11-06,2021,1,0,0,0,0,0,0,0,0,0,0,0,0,0,0,0,0,0,0,0,0,0,0,0,0,0,0,0,0,0,0,0.0,0.0,0.0,0.0,0.0,0.0,0.0,0.0,0.0,0.0,0.0,0.0,0.0,7.4999765409521215,1735.7635766242547,14531.570376821111
,11/6/21,Sat,0.645833333,3:30p,Cincinnati,Tulsa,796K,796.0,Cincinnati,28.0,20.0,0.0,1.0,2,0.0,0.0,1.0,0.0,0.0,0.0,0.0,0.0,0.0,0.0,0.0,0.0,American Athletic,American Athletic,0.0,,,22.5,,,0.0,-22.5,,,,8.0,,,,,,,,,,,,,,,,,,,15.5,0,0,0,0,1,0,2021-11-06,2021,1,0,0,0,0,0,0,0,0,0,0,0,0,0,0,0,0,0,0,0,0,0,0,0,0,0,0,0,0,0,0,0.0,0.0,0.0,0.0,0.0,0.0,0.0,0.0,0.0,0.0,0.0,0.0,0.0,6.680854678790215,458.6019708855082,15808.731982559859
,11/6/21,Sat,0.645833333,3:30p,Purdue,Michigan St.,4.4M,4400.0,Purdue,40.0,29.0,0.0,1.0,1,0.0,0.0,0.0,0.0,0.0,1.0,0.0,0.0,0.0,0.0,0.0,0.0,Big Ten,Big Ten,0.0,,,2.5,,,0.0,2.5,,,,11.0,,,,,,,,,,,,,,,,,,,15.5,0,0,0,0,1,0,2021-11-06,2021,1,0,0,0,0,0,0,0,0,0,0,0,0,0,0,0,0,0,0,0,0,0,0,0,0,0,0,0,0,0,0,0.0,0.0,0.0,0.0,0.0,0.0,0.0,0.0,0.0,0.0,0.0,0.0,0.0,8.38958706681109,3499.070229496705,12768.263723948661
,11/6/21,Sat,0.645833333,3:30p,Rutgers,Wisconsin,433K,433.0,Wisconsin,52.0,3.0,0.0,0.0,2,0.0,0.0,0.0,0.0,0.0,0.0,0.0,0.0,0.0,0.0,1.0,0.0,Big Ten,Big Ten,0.0,,,13.0,,,0.0,13.0,,,,49.0,,,,,,,,,,,,,,,,,,,15.5,0,0,0,0,1,0,2021-11-06,2021,1,0,0,0,0,0,0,0,0,0,0,0,0,0,0,0,0,0,0,0,0,0,0,0,0,0,0,0,0,0,0,0.0,0.0,0.0,0.0,0.0,0.0,0.0,0.0,0.0,0.0,0.0,0.0,0.0,6.073044534100405,530.617478044435,15736.716475400932
,11/6/21,Sat,0.791666667,7:00p,Northwestern,Iowa,552K,552.0,Iowa,17.0,12.0,1.0,0.0,3,0.0,0.0,0.0,0.0,0.0,0.0,0.0,0.0,0.0,0.0,1.0,0.0,Big Ten,Big Ten,0.0,,,12.0,,,0.0,12.0,,,,5.0,,,,,,,,,,,,,,,,,,,19.0,0,0,0,0,0,0,2021-11-06,2021,1,0,0,0,0,0,0,0,0,0,0,0,0,0,0,0,0,0,0,0,0,0,0,0,0,0,0,0,0,0,0,0.0,0.0,0.0,0.0,0.0,0.0,0.0,0.0,0.0,0.0,0.0,0.0,0.0,6.315358001522335,684.091672083367,15637.392911146677
,11/6/21,Sat,0.791666667,7:00p,Alabama,LSU,5M,5000.0,Alabama,20.0,14.0,0.0,1.0,2,0.0,0.0,0.0,0.0,0.0,0.0,0.0,0.0,0.0,0.0,0.0,0.0,SEC,SEC,0.0,,,29.0,,,0.0,-29.0,,,,6.0,,,,,,,,,,,,,,,,,,,19.0,0,0,0,0,0,0,2021-11-06,2021,1,0,0,0,0,0,0,0,0,0,0,0,0,0,0,0,0,0,0,0,0,0,0,0,1,0,0,0,0,0,0,0.0,0.0,0.0,0.0,0.0,0.0,0.0,0.0,0.0,0.0,0.0,0.0,0.0,8.517393171418904,5679.796381534017,10641.688201696026
,11/6/21,Sat,0.791666667,7:00p,Kentucky,Tennessee,1.478M,1478.0,Tennessee,45.0,42.0,1.0,0.0,3,0.0,0.0,1.0,0.0,0.0,0.0,0.0,0.0,0.0,0.0,0.0,0.0,SEC,SEC,0.0,,,1.0,,,0.0,1.0,,,,3.0,,,,,,,,,,,,,,,,,,,19.0,0,0,0,0,0,0,2021-11-06,2021,1,0,0,0,0,0,0,0,0,0,0,0,0,0,0,0,0,0,0,0,0,0,0,0,0,0,0,0,0,0,0,0.0,0.0,0.0,0.0,0.0,0.0,0.0,0.0,0.0,0.0,0.0,0.0,0.0,7.2991214627108,1519.056879454312,14802.427703775733
,11/6/21,Sat,0.8125,7:30p,Iowa St.,Texas,907K,907.0,Iowa St.,30.0,7.0,0.0,0.0,3,0.0,1.0,0.0,0.0,0.0,0.0,0.0,0.0,0.0,0.0,0.0,0.0,Big 12,Big 12,0.0,,,6.0,,,0.0,-6.0,,,,23.0,,,,,,,,,,,,,,,,,,,19.5,0,0,0,0,0,0,2021-11-06,2021,1,0,0,0,0,0,0,0,0,0,0,0,0,0,0,0,0,0,0,0,0,0,0,0,0,0,0,0,0,0,0,0.0,0.0,0.0,0.0,0.0,0.0,0.0,0.0,0.0,0.0,0.0,0.0,0.0,6.811244378601294,854.865033923622,15466.619549306422
,11/6/21,Sat,0.8125,7:30p,Michigan,Indiana,2.683M,2683.0,Michigan,29.0,7.0,0.0,1.0,2,1.0,0.0,0.0,0.0,0.0,0.0,0.0,0.0,0.0,0.0,0.0,0.0,Big Ten,Big Ten,0.0,,,20.5,,,0.0,-20.5,,,,22.0,,,,,,,,,,,,,,,,,,,19.5,0,0,0,0,0,0,2021-11-06,2021,1,0,0,0,0,0,0,0,0,0,0,0,0,0,0,0,0,0,0,0,0,0,0,0,0,0,0,0,0,0,0,0.0,0.0,0.0,0.0,0.0,0.0,0.0,0.0,0.0,0.0,0.0,0.0,0.0,7.895063498091573,4279.271539457199,12042.213043772847
,11/6/21,Sat,0.8125,7:30p,Washington,Oregon,2.726M,2726.0,Oregon,26.0,16.0,0.0,1.0,2,0.0,0.0,0.0,0.0,0.0,1.0,0.0,0.0,0.0,0.0,0.0,0.0,Pac-12,Pac-12,0.0,,,7.0,,,0.0,7.0,,,,10.0,,,,,,,,,,,,,,,,,,,19.5,0,0,0,0,0,0,2021-11-06,2021,1,0,0,0,0,0,0,0,1,0,0,0,0,0,0,0,0,0,0,0,0,0,0,0,0,0,0,0,0,0,0,0.0,0.0,0.0,0.0,0.0,0.0,0.0,0.0,0.0,0.0,0.0,0.0,0.0,7.910957382845589,3304.403076777527,13017.081506452518
,11/6/21,Sat,0.9375,10:30p,UTEP,UTSA,412K,412.0,UTSA,44.0,23.0,1.0,0.0,0,0.0,0.0,1.0,0.0,0.0,0.0,0.0,0.0,0.0,0.0,0.0,0.0,Conference USA,Conference USA,0.0,,,11.5,,,0.0,11.5,,,,21.0,,,,,,,,,,,,,,,,,,,22.5,0,0,0,0,0,1,2021-11-06,2021,1,0,0,0,0,0,0,0,0,0,0,0,0,0,0,0,0,0,0,0,0,0,0,0,0,0,0,0,0,0,0,0.0,0.0,0.0,0.0,0.0,0.0,0.0,0.0,0.0,0.0,0.0,0.0,0.0,6.023447592961033,276.4053243991546,1517.7498065331083
,11/6/21,Sat,0.9375,10:30p,Arizona St.,USC,1.608M,1608.0,Arizona St.,31.0,16.0,0.0,0.0,0,0.0,0.0,0.0,0.0,0.0,0.0,0.0,0.0,0.0,0.0,0.0,0.0,Pac-12,Pac-12,0.0,,,9.5,,,0.0,-9.5,,,,15.0,,,,,,,,,,,,,,,,,,,22.5,0,0,0,0,0,1,2021-11-06,2021,1,0,0,0,0,0,0,0,0,0,0,0,0,0,0,0,0,0,0,0,0,0,0,0,0,0,0,0,0,0,0,0.0,0.0,0.0,0.0,0.0,0.0,0.0,0.0,0.0,0.0,0.0,0.0,0.0,7.3833681469923835,1281.7355608451194,512.4195700871435
,11/6/21,Sat,0.958333333,11:00p,Hawaii,San Diego St.,226K,226.0,San Diego St.,17.0,10.0,0.0,0.0,0,0.0,1.0,0.0,0.0,0.0,0.0,0.0,0.0,0.0,0.0,0.0,0.0,Mountain West,Mountain West,0.0,,,7.0,,,0.0,7.0,,,,7.0,,,,,,,,,,,,,,,,,,,23.0,0,0,0,0,0,1,2021-11-06,2021,1,0,0,0,0,0,0,0,0,0,0,0,0,0,0,0,0,0,0,0,0,0,0,0,0,0,0,0,0,0,0,0.0,0.0,0.0,0.0,0.0,0.0,0.0,0.0,0.0,0.0,0.0,0.0,0.0,5.424950017481403,236.01424568798882,1558.140885244274
,11/9/21,Tue,0.833333333,8:00p,Eastern Michigan,Ohio,294K,294.0,Ohio,34.0,26.0,0.0,0.0,0,0.0,0.0,1.0,0.0,0.0,0.0,0.0,0.0,0.0,0.0,0.0,0.0,Mid-American,Mid-American,0.0,,,6.0,,,0.0,-6.0,,,,8.0,,,,,,,,,,,,,,,,,,,20.0,0,1,0,0,0,0,2021-11-09,2021,1,0,0,0,0,0,0,0,0,0,0,0,0,0,0,0,0,0,0,0,0,0,0,0,0,0,0,0,0,0,0,0.0,0.0,0.0,0.0,0.0,0.0,0.0,0.0,0.0,0.0,0.0,0.0,0.0,5.68697535633982,332.46231010511053,0.0
,11/10/21,Wed,0.791666667,7:00p,Northern Illinois,Ball St.,470K,470.0,Northern Illinois,30.0,29.0,0.0,0.0,0,0.0,0.0,1.0,0.0,0.0,0.0,0.0,0.0,0.0,0.0,0.0,0.0,Mid-American,Mid-American,0.0,,,2.5,,,0.0,2.5,,,,1.0,,,,,,,,,,,,,,,,,,,19.0,0,1,0,0,0,0,2021-11-10,2021,1,0,0,0,0,0,0,0,0,0,0,0,0,0,0,0,0,0,0,0,0,0,0,0,0,0,0,0,0,0,0,0.0,0.0,0.0,0.0,0.0,0.0,0.0,0.0,0.0,0.0,0.0,0.0,0.0,6.154858094016418,395.2909673014679,84.59955266082282
,11/10/21,Wed,0.833333333,8:00p,Central Michigan,Kent St.,155K,155.0,Central Michigan,54.0,30.0,0.0,0.0,0,0.0,0.0,0.0,0.0,0.0,0.0,0.0,1.0,0.0,0.0,0.0,0.0,Mid-American,Mid-American,0.0,,,2.5,,,0.0,-2.5,,,,24.0,,,,,,,,,,,,,,,,,,,20.0,0,1,0,0,0,0,2021-11-10,2021,1,0,0,0,0,0,0,0,0,0,0,0,0,0,0,0,0,0,0,0,0,0,0,0,0,0,0,0,0,0,0,0.0,0.0,0.0,0.0,0.0,0.0,0.0,0.0,0.0,0.0,0.0,0.0,0.0,5.049856007249537,84.59955266082282,395.2909673014679
,11/11/21,Thu,0.8125,7:30p,Pittsburgh,North Carolina,1.213M,1213.0,Pittsburgh,30.0,23.0,1.0,0.0,0,0.0,0.0,0.0,0.0,0.0,0.0,0.0,0.0,0.0,0.0,0.0,0.0,ACC,ACC,0.0,,,6.5,,,0.0,-6.5,,,,7.0,,,,,,,,,,,,,,,,,,,19.5,0,1,0,0,0,0,2021-11-11,2021,1,0,0,0,0,0,0,0,0,0,0,0,0,0,0,0,0,0,0,0,0,0,0,0,0,0,0,0,0,0,0,0.0,0.0,0.0,0.0,0.0,0.0,0.0,0.0,0.0,0.0,0.0,0.0,0.0,7.101675971619444,2082.71243604599,0.0
,11/12/21,Fri,0.75,6:00p,South Florida,Cincinnati,1.157M,1157.0,Cincinnati,45.0,28.0,0.0,1.0,0,0.0,0.0,1.0,0.0,0.0,0.0,0.0,0.0,0.0,0.0,0.0,0.0,American Athletic,American Athletic,0.0,,,23.5,,,0.0,23.5,,,,17.0,,,,,,,,,,,,,,,,,,,18.0,0,0,1,0,0,0,2021-11-12,2021,1,0,0,0,0,0,0,0,0,0,0,0,0,0,0,0,0,0,0,0,0,0,0,0,0,0,0,0,0,0,0,0.0,1.0,0.0,0.0,0.0,0.0,0.0,0.0,0.0,0.0,0.0,0.0,0.0,7.05444965813294,1164.9187213062016,0.0
,11/12/21,Fri,0.875,9:00p,Boise St.,Wyoming,454K,454.0,Boise St.,23.0,13.0,0.0,0.0,0,0.0,1.0,0.0,0.0,0.0,0.0,0.0,0.0,0.0,0.0,0.0,0.0,Mountain West,Mountain West,0.0,,,13.5,,,0.0,-13.5,,,,10.0,,,,,,,,,,,,,,,,,,,21.0,0,0,1,0,0,0,2021-11-12,2021,1,0,0,0,0,0,0,0,0,0,0,0,0,0,0,0,0,0,0,0,0,0,0,0,0,0,0,0,0,0,0,0.0,0.0,1.0,0.0,0.0,0.0,0.0,0.0,0.0,0.0,0.0,0.0,0.0,6.12029741895095,543.15683610697,0.0
,11/13/21,Sat,0.5,12:00p,Penn St.,Michigan,5.942M,5942.0,Michigan,21.0,17.0,1.0,1.0,1,0.0,0.0,0.0,0.0,0.0,1.0,0.0,0.0,0.0,0.0,0.0,0.0,Big Ten,Big Ten,0.0,,,2.5,,,0.0,2.5,,,,4.0,,,,,,,,,,,,,,,,,,,12.0,0,0,0,1,0,0,2021-11-13,2021,1,0,0,0,0,0,0,0,0,0,0,0,0,0,0,0,0,0,0,0,0,0,0,0,0,1,0,0,0,0,0,0.0,0.0,0.0,0.0,0.0,0.0,0.0,0.0,0.0,0.0,0.0,0.0,0.0,8.68996933536666,9468.001009842823,7901.6173132714675
,11/13/21,Sat,0.5,12:00p,Wisconsin,Northwestern,667K,667.0,Wisconsin,35.0,7.0,1.0,0.0,2,0.0,0.0,1.0,0.0,0.0,0.0,0.0,0.0,0.0,0.0,0.0,0.0,Big Ten,Big Ten,0.0,,,25.5,,,0.0,-25.5,,,,28.0,,,,,,,,,,,,,,,,,,,12.0,0,0,0,1,0,0,2021-11-13,2021,1,0,0,0,0,0,0,0,0,0,0,0,0,0,0,0,0,0,0,0,0,0,0,0,0,0,0,0,0,0,0,0.0,0.0,0.0,0.0,0.0,0.0,0.0,0.0,0.0,0.0,0.0,0.0,0.0,6.504288173536645,843.3776814675664,16526.240641646724
,11/13/21,Sat,0.5,12:00p,Indiana,Rutgers,180K,180.0,Rutgers,38.0,3.0,0.0,0.0,2,0.0,0.0,0.0,0.0,0.0,0.0,0.0,0.0,0.0,0.0,1.0,0.0,Big Ten,Big Ten,0.0,,,6.5,,,0.0,-6.5,,,,35.0,,,,,,,,,,,,,,,,,,,12.0,0,0,0,1,0,0,2021-11-13,2021,1,0,0,0,0,0,0,0,0,0,0,0,0,0,0,0,0,0,0,0,0,0,0,0,0,0,0,0,0,0,0,0.0,0.0,0.0,0.0,0.0,0.0,0.0,0.0,0.0,0.0,0.0,0.0,0.0,5.198497031265826,378.60510763707407,16991.01321547722
,11/13/21,Sat,0.5,12:00p,Auburn,Mississippi St.,1.529M,1529.0,Mississippi St.,43.0,34.0,1.0,0.0,1,0.0,0.0,0.0,0.0,0.0,0.0,0.0,0.0,0.0,0.0,0.0,0.0,SEC,SEC,0.0,,,5.5,,,0.0,-5.5,,,,9.0,,,,,,,,,,,,,,,,,,,12.0,0,0,0,1,0,0,2021-11-13,2021,1,0,0,0,0,0,0,0,0,0,0,0,0,0,0,0,0,0,0,0,0,0,0,0,0,0,0,0,0,0,0,0.0,0.0,0.0,0.0,0.0,0.0,0.0,0.0,0.0,0.0,0.0,0.0,0.0,7.333023014386481,2251.1272290713537,15118.491094042934
,11/13/21,Sat,0.5,12:00p,Baylor,Oklahoma,3.719M,3719.0,Baylor,27.0,14.0,1.0,1.0,1,1.0,0.0,0.0,0.0,0.0,0.0,0.0,0.0,0.0,0.0,0.0,0.0,Big 12,Big 12,0.0,,,4.0,,,0.0,4.0,,,,13.0,,,,,,,,,,,,,,,,,,,12.0,0,0,0,1,0,0,2021-11-13,2021,1,0,0,0,0,0,0,0,0,0,0,0,0,0,0,0,0,0,0,0,0,0,0,0,0,1,0,0,0,0,0,0.0,0.0,0.0,0.0,0.0,0.0,0.0,0.0,0.0,0.0,0.0,0.0,0.0,8.221478947267192,3859.135487685759,13510.48283542853
,11/13/21,Sat,0.5,12:00p,Kansas St.,West Virginia,476K,476.0,Kansas St.,34.0,17.0,0.0,0.0,2,0.0,1.0,0.0,0.0,0.0,0.0,0.0,0.0,0.0,0.0,0.0,0.0,Big 12,Big 12,0.0,,,6.0,,,0.0,-6.0,,,,17.0,,,,,,,,,,,,,,,,,,,12.0,0,0,0,1,0,0,2021-11-13,2021,1,0,0,0,0,0,0,0,0,0,0,0,0,0,0,0,0,0,0,0,0,0,0,0,0,0,0,0,0,0,0,0.0,0.0,0.0,0.0,0.0,0.0,0.0,0.0,0.0,0.0,0.0,0.0,0.0,6.1675164908883415,569.3718074097148,16800.246515704574
,11/13/21,Sat,0.645833333,3:30p,Ohio St.,Purdue,4.739M,4739.0,Ohio St.,59.0,31.0,0.0,1.0,2,0.0,0.0,0.0,0.0,0.0,1.0,0.0,0.0,0.0,0.0,0.0,0.0,Big Ten,Big Ten,0.0,,,19.0,,,0.0,-19.0,,,,28.0,,,,,,,,,,,,,,,,,,,15.5,0,0,0,0,1,0,2021-11-13,2021,1,0,0,0,0,0,0,0,0,0,0,0,0,0,0,0,0,0,0,0,0,0,0,0,0,0,0,0,0,0,0,0.0,0.0,0.0,0.0,0.0,0.0,0.0,0.0,0.0,0.0,0.0,0.0,0.0,8.463792414689122,5024.9095400762035,11505.086662771651
,11/13/21,Sat,0.645833333,3:30p,Florida St.,Miami,1.534M,1534.0,Florida St.,31.0,28.0,0.0,0.0,2,0.0,0.0,0.0,0.0,0.0,0.0,0.0,0.0,0.0,0.0,0.0,0.0,ACC,ACC,0.0,,,2.5,,,0.0,2.5,,,,3.0,,,,,,,,,,,,,,,,,,,15.5,0,0,0,0,1,0,2021-11-13,2021,1,0,0,0,0,0,0,0,0,0,0,0,0,0,1,0,0,0,0,0,0,0,0,0,0,0,0,0,0,0,0,0.0,0.0,0.0,0.0,0.0,0.0,0.0,0.0,0.0,0.0,0.0,0.0,0.0,7.336285660021297,1467.6254155177573,15062.370787330097
,11/13/21,Sat,0.645833333,3:30p,Tennessee,Georgia,5.781M,5781.0,Georgia,41.0,17.0,0.0,1.0,2,0.0,0.0,0.0,0.0,1.0,0.0,0.0,0.0,0.0,0.0,0.0,0.0,SEC,SEC,0.0,,,19.5,,,0.0,19.5,,,,24.0,,,,,,,,,,,,,,,,,,,15.5,0,0,0,0,1,0,2021-11-13,2021,1,0,0,0,0,0,0,0,0,0,0,0,0,0,0,0,0,0,0,0,0,0,0,0,0,0,0,0,0,0,0,0.0,0.0,0.0,0.0,0.0,0.0,0.0,0.0,0.0,0.0,0.0,0.0,0.0,8.662504922576291,5838.764287880682,10691.231914967173
,11/13/21,Sat,0.645833333,3:30p,Iowa,Minnesota,980K,980.0,Iowa,27.0,22.0,1.0,0.0,3,0.0,0.0,0.0,0.0,0.0,0.0,0.0,0.0,0.0,0.0,1.0,0.0,Big Ten,Big Ten,0.0,,,4.0,,,0.0,-4.0,,,,5.0,,,,,,,,,,,,,,,,,,,15.5,0,0,0,0,1,0,2021-11-13,2021,1,0,0,0,0,0,0,0,0,0,0,0,0,0,0,0,0,0,0,0,0,0,0,0,0,0,0,0,0,0,0,0.0,0.0,0.0,0.0,0.0,0.0,0.0,0.0,0.0,0.0,0.0,0.0,0.0,6.8885724595653635,791.9647616561997,15738.031441191655
,11/13/21,Sat,0.645833333,3:30p,Texas Tech,Iowa St.,676K,676.0,Texas Tech,41.0,38.0,0.0,0.0,3,0.0,0.0,1.0,0.0,0.0,0.0,0.0,0.0,0.0,0.0,0.0,0.0,Big 12,Big 12,0.0,,,12.5,,,0.0,12.5,,,,3.0,,,,,,,,,,,,,,,,,,,15.5,0,0,0,0,1,0,2021-11-13,2021,1,0,0,0,0,0,0,0,0,0,0,0,0,0,0,0,0,0,0,0,0,0,0,0,0,0,0,0,0,0,0,0.0,0.0,0.0,0.0,0.0,0.0,0.0,0.0,0.0,0.0,0.0,0.0,0.0,6.517671272912275,657.1718126403831,15872.824390207472
,11/13/21,Sat,0.666666667,4:00p,Michigan St.,Maryland,2.204M,2204.0,Michigan St.,40.0,21.0,0.0,1.0,2,1.0,0.0,0.0,0.0,0.0,0.0,0.0,0.0,0.0,0.0,0.0,0.0,Big Ten,Big Ten,0.0,,,11.5,,,0.0,-11.5,,,,19.0,,,,,,,,,,,,,,,,,,,16.0,0,0,0,0,1,0,2021-11-13,2021,1,0,0,0,0,0,0,0,0,0,0,0,0,0,0,0,0,0,0,0,0,0,0,0,0,0,0,0,0,0,0,0.0,0.0,0.0,0.0,0.0,0.0,0.0,0.0,0.0,0.0,0.0,0.0,0.0,7.6984827878809465,2749.5603850766292,13780.435817771226
,11/13/21,Sat,0.791666667,7:00p,Mississippi,Texas A&M,3.531M,3531.0,Mississippi,29.0,19.0,2.0,0.0,1,0.0,0.0,0.0,0.0,0.0,0.0,0.0,0.0,0.0,0.0,0.0,0.0,SEC,SEC,0.0,,,1.0,,,0.0,1.0,,,,10.0,,,,,,,,,,,,,,,,,,,19.0,0,0,0,0,0,0,2021-11-13,2021,1,0,0,0,0,0,0,0,0,0,0,0,0,0,0,0,0,0,0,0,0,0,0,0,0,1,0,0,0,0,0,0.0,0.0,0.0,0.0,0.0,0.0,0.0,0.0,0.0,0.0,0.0,0.0,0.0,8.16961956172385,2848.8556180885626,6986.7204256019095
,11/13/21,Sat,0.791666667,7:00p,Washington,Arizona St.,538K,538.0,Arizona St.,35.0,30.0,0.0,0.0,2,0.0,1.0,0.0,0.0,0.0,0.0,0.0,0.0,0.0,0.0,0.0,0.0,Pac-12,Pac-12,0.0,,,6.0,,,0.0,6.0,,,,5.0,,,,,,,,,,,,,,,,,,,19.0,0,0,0,0,0,0,2021-11-13,2021,1,0,0,0,0,0,0,0,0,0,0,0,0,0,0,0,0,0,0,0,0,0,0,0,0,0,0,0,0,0,0,0.0,0.0,0.0,0.0,0.0,0.0,0.0,0.0,0.0,0.0,0.0,0.0,0.0,6.289715570908998,469.86839633138146,9365.70764735909
,11/13/21,Sat,0.791666667,7:00p,Vanderbilt,Kentucky,446K,446.0,Kentucky,34.0,17.0,0.0,0.0,2,0.0,0.0,1.0,0.0,0.0,0.0,0.0,0.0,0.0,0.0,0.0,0.0,SEC,SEC,0.0,,,21.5,,,0.0,21.5,,,,17.0,,,,,,,,,,,,,,,,,,,19.0,0,0,0,0,0,0,2021-11-13,2021,1,0,0,0,0,0,0,0,0,0,0,0,0,0,0,0,0,0,0,0,0,0,0,0,0,0,0,0,0,0,0,0.0,0.0,0.0,0.0,0.0,0.0,0.0,0.0,0.0,0.0,0.0,0.0,0.0,6.102558594613569,552.4343945792724,9283.1416491112
,11/13/21,Sat,0.8125,7:30p,Texas,Kansas,487K,487.0,Kansas,57.0,56.0,0.0,0.0,1,0.0,0.0,0.0,0.0,0.0,0.0,0.0,1.0,0.0,0.0,0.0,0.0,Big 12,Big 12,0.0,,,31.0,,,0.0,-31.0,,,,1.0,,,,,,,,,,,,,,,,,,,19.5,0,0,0,0,0,0,2021-11-13,2021,1,0,0,0,0,0,0,0,0,0,0,0,0,0,0,0,0,0,0,0,0,0,0,0,0,0,0,0,0,0,0,0.0,0.0,0.0,0.0,0.0,0.0,0.0,0.0,0.0,0.0,0.0,0.0,0.0,6.1903154058531475,252.805106887572,9582.770936802899
,11/13/21,Sat,0.8125,7:30p,Virginia,Notre Dame,3.278M,3278.0,Notre Dame,28.0,3.0,0.0,1.0,1,0.0,0.0,0.0,0.0,0.0,1.0,0.0,0.0,0.0,0.0,0.0,0.0,ACC,FBS Independents,0.0,,,8.5,,,0.0,8.5,,,,25.0,,,,,,,,,,,,,,,,,,,19.5,0,0,0,0,0,0,2021-11-13,2021,1,0,0,0,0,0,0,0,0,0,0,0,0,0,0,0,0,0,0,0,0,0,0,0,0,0,0,0,0,0,0,0.0,0.0,0.0,0.0,0.0,0.0,0.0,0.0,0.0,0.0,0.0,0.0,0.0,8.095293776844649,3520.953754051203,6314.622289639269
,11/13/21,Sat,0.833333333,8:00p,Oklahoma St.,TCU,1.373M,1373.0,Oklahoma St.,63.0,17.0,0.0,1.0,1,1.0,0.0,0.0,0.0,0.0,0.0,0.0,0.0,0.0,0.0,0.0,0.0,Big 12,Big 12,0.0,,,11.0,,,0.0,-11.0,,,,46.0,,,,,,,,,,,,,,,,,,,20.0,0,0,0,0,0,0,2021-11-13,2021,1,0,0,0,0,0,0,0,0,0,0,0,0,0,0,0,0,0,0,0,0,0,0,0,0,0,0,0,0,0,0,0.0,0.0,0.0,0.0,0.0,0.0,0.0,0.0,0.0,0.0,0.0,0.0,0.0,7.2254814727822945,2190.6587737524806,7644.9172699379915
,11/13/21,Sat,0.9375,10:30p,San Jose St.,Utah St.,144K,144.0,Utah St.,48.0,17.0,0.0,0.0,1,0.0,1.0,0.0,0.0,0.0,0.0,0.0,0.0,0.0,0.0,0.0,0.0,Mountain West,Mountain West,0.0,,,4.5,,,0.0,-4.5,,,,31.0,,,,,,,,,,,,,,,,,,,22.5,0,0,0,0,0,1,2021-11-13,2021,1,0,0,0,0,0,0,0,0,0,0,0,0,0,0,0,0,0,0,0,0,0,0,0,0,0,0,0,0,0,0,0.0,0.0,0.0,0.0,0.0,0.0,0.0,0.0,0.0,0.0,0.0,0.0,0.0,4.976733742420574,259.49147660472005,1868.3015026661658
,11/13/21,Sat,0.9375,10:30p,Oregon,Washington St.,1.991M,1991.0,Oregon,38.0,24.0,0.0,1.0,0,0.0,0.0,0.0,0.0,0.0,0.0,0.0,0.0,0.0,0.0,0.0,0.0,Pac-12,Pac-12,0.0,,,13.5,,,0.0,-13.5,,,,14.0,,,,,,,,,,,,,,,,,,,22.5,0,0,0,0,0,1,2021-11-13,2021,1,0,0,0,0,0,0,0,0,0,0,0,0,0,0,0,0,0,0,0,0,0,0,0,0,0,0,0,0,0,0,0.0,0.0,0.0,0.0,0.0,0.0,0.0,0.0,0.0,0.0,0.0,0.0,0.0,7.596894438144544,1868.3015026661658,259.49147660472005
,11/16/21,Tue,0.8125,7:30p,Eastern Michigan,Western Michigan,428K,428.0,Eastern Michigan,22.0,21.0,0.0,0.0,0,0.0,0.0,1.0,0.0,0.0,0.0,0.0,0.0,0.0,0.0,0.0,0.0,Mid-American,Mid-American,0.0,,,6.0,,,0.0,6.0,,,,1.0,,,,,,,,,,,,,,,,,,,19.5,0,1,0,0,0,0,2021-11-16,2021,1,0,0,0,0,0,0,0,0,0,0,0,0,0,0,0,0,0,0,0,0,0,0,0,0,0,0,0,0,0,0,0.0,0.0,0.0,0.0,0.0,0.0,0.0,0.0,0.0,0.0,0.0,0.0,0.0,6.061456918928017,351.1404950125878,0.0
,11/17/21,Wed,0.791666667,7:00p,Buffalo,Northern Illinois,516K,516.0,Northern Illinois,33.0,27.0,0.0,0.0,0,0.0,0.0,1.0,0.0,0.0,0.0,0.0,0.0,0.0,0.0,0.0,0.0,Mid-American,Mid-American,0.0,,,1.5,,,0.0,1.5,,,,6.0,,,,,,,,,,,,,,,,,,,19.0,0,1,0,0,0,0,2021-11-17,2021,1,0,0,0,0,0,0,0,0,0,0,0,0,0,0,0,0,0,0,0,0,0,0,0,0,0,0,0,0,0,0,0.0,0.0,0.0,0.0,0.0,0.0,0.0,0.0,0.0,0.0,0.0,0.0,0.0,6.248042874508429,429.31412642462533,0.0
,11/18/21,Thu,0.8125,7:30p,Duke,Louisville,466K,466.0,Louisville,62.0,22.0,0.0,0.0,0,0.0,0.0,0.0,0.0,0.0,0.0,0.0,0.0,0.0,0.0,0.0,0.0,ACC,ACC,0.0,,,20.0,,,0.0,20.0,,,,40.0,,,,,,,,,,,,,,,,,,,19.5,0,1,0,0,0,0,2021-11-18,2021,1,0,0,0,0,0,0,0,0,0,0,0,0,0,0,0,0,0,0,0,0,0,0,0,0,0,0,0,0,0,0,0.0,0.0,0.0,0.0,0.0,0.0,0.0,0.0,0.0,0.0,0.0,0.0,0.0,6.1463292576688975,1072.3231853793652,0.0
,11/19/21,Fri,0.875,9:00p,Nevada,Air Force,245K,245.0,Air Force,41.0,39.0,0.0,0.0,0,0.0,1.0,0.0,0.0,0.0,0.0,0.0,0.0,0.0,0.0,0.0,0.0,Mountain West,Mountain West,0.0,,,1.5,,,0.0,1.5,,,,2.0,,,,,,,,,,,,,,,,,,,21.0,0,0,1,0,0,0,2021-11-19,2021,1,0,0,0,0,0,0,0,0,0,0,0,0,0,0,0,0,0,0,0,0,0,0,0,0,0,0,0,0,0,0,0.0,0.0,1.0,0.0,0.0,0.0,0.0,0.0,0.0,0.0,0.0,0.0,0.0,5.5053315359323625,285.73240849179166,908.8315787520647
,11/19/21,Fri,0.875,9:00p,Houston,Memphis,611K,611.0,Houston,31.0,13.0,1.0,0.0,0,0.0,0.0,1.0,0.0,0.0,0.0,0.0,0.0,0.0,0.0,0.0,0.0,American Athletic,American Athletic,0.0,,,9.5,,,0.0,-9.5,,,,18.0,,,,,,,,,,,,,,,,,,,21.0,0,0,1,0,0,0,2021-11-19,2021,1,0,0,0,0,0,0,0,0,0,0,0,0,0,0,0,0,0,0,0,0,0,0,0,0,0,0,0,0,0,0,0.0,1.0,0.0,0.0,0.0,0.0,0.0,0.0,0.0,0.0,0.0,0.0,0.0,6.416732282512326,908.8315787520647,285.73240849179166
,11/20/21,Sat,0.5,12:00p,Ohio St.,Michigan St.,5.287M,5287.0,Ohio St.,56.0,7.0,0.0,2.0,0,0.0,0.0,0.0,0.0,0.0,1.0,0.0,0.0,0.0,0.0,0.0,0.0,Big Ten,Big Ten,0.0,,,19.5,,,0.0,-19.5,,,,49.0,,,,,,,,,,,,,,,,,,,12.0,0,0,0,1,0,0,2021-11-20,2021,1,0,0,0,0,0,0,0,0,0,0,0,0,0,0,0,0,0,0,0,0,0,0,0,0,1,0,0,0,0,0,0.0,0.0,0.0,0.0,0.0,0.0,0.0,0.0,0.0,0.0,0.0,0.0,0.0,8.573195381531523,10341.784838529724,5519.799998477696
,11/20/21,Sat,0.5,12:00p,Clemson,Wake Forest,1.553M,1553.0,Clemson,48.0,27.0,1.0,0.0,0,0.0,0.0,0.0,0.0,0.0,0.0,0.0,0.0,0.0,0.0,0.0,0.0,ACC,ACC,0.0,,,3.5,,,0.0,-3.5,,,,21.0,,,,,,,,,,,,,,,,,,,12.0,0,0,0,1,0,0,2021-11-20,2021,1,0,0,0,0,0,0,0,0,0,0,0,0,0,0,0,0,0,0,0,0,0,0,0,0,0,0,0,0,0,0,0.0,0.0,0.0,0.0,0.0,0.0,0.0,0.0,0.0,0.0,0.0,0.0,0.0,7.348587530927593,1286.369839810017,14575.214997197403
,11/20/21,Sat,0.5,12:00p,Oklahoma,Iowa St.,3.103M,3103.0,Oklahoma,28.0,21.0,1.0,0.0,0,1.0,0.0,0.0,0.0,0.0,0.0,0.0,0.0,0.0,0.0,0.0,0.0,Big 12,Big 12,0.0,,,3.0,,,0.0,-3.0,,,,7.0,,,,,,,,,,,,,,,,,,,12.0,0,0,0,1,0,0,2021-11-20,2021,1,0,0,0,0,0,0,0,0,0,0,0,0,0,0,0,0,0,0,0,0,0,0,0,0,0,0,0,0,0,0,0.0,0.0,0.0,0.0,0.0,0.0,0.0,0.0,0.0,0.0,0.0,0.0,0.0,8.04044688130311,3196.55807861803,12665.02675838939
,11/20/21,Sat,0.5,12:00p,West Virginia,Texas,1.005M,1005.0,West Virginia,31.0,23.0,0.0,0.0,1,0.0,0.0,1.0,0.0,0.0,0.0,0.0,0.0,0.0,0.0,0.0,0.0,Big 12,Big 12,0.0,,,2.5,,,0.0,-2.5,,,,8.0,,,,,,,,,,,,,,,,,,,12.0,0,0,0,1,0,0,2021-11-20,2021,1,0,0,0,0,0,0,0,0,0,0,0,0,0,0,0,0,0,0,0,0,0,0,0,0,0,0,0,0,0,0,0.0,0.0,0.0,0.0,0.0,0.0,0.0,0.0,0.0,0.0,0.0,0.0,0.0,6.913737350659685,1036.872080049649,14824.712756957771
,11/20/21,Sat,0.583333333,2:00p,Iowa,Illinois,677K,677.0,Iowa,33.0,23.0,1.0,0.0,1,0.0,1.0,0.0,0.0,0.0,0.0,0.0,0.0,0.0,0.0,0.0,0.0,Big Ten,Big Ten,0.0,,,12.0,,,0.0,-12.0,,,,10.0,,,,,,,,,,,,,,,,,,,14.0,0,0,0,0,0,0,2021-11-20,2021,1,0,0,0,0,0,0,0,0,0,0,0,0,0,0,0,0,0,0,0,0,0,0,0,0,0,0,0,0,0,0,0.0,0.0,0.0,0.0,0.0,0.0,0.0,0.0,0.0,0.0,0.0,0.0,0.0,6.519147287940395,802.542703236714,2709.7280146864155
,11/20/21,Sat,0.604166667,2:30p,Notre Dame,Georgia Tech,1.455M,1455.0,Notre Dame,55.0,0.0,0.0,1.0,2,0.0,0.0,0.0,1.0,0.0,0.0,0.0,0.0,0.0,0.0,0.0,0.0,FBS Independents,ACC,0.0,,,17.5,,,0.0,-17.5,,,,55.0,,,,,,,,,,,,,,,,,,,14.5,0,0,0,0,1,0,2021-11-20,2021,1,0,0,0,0,0,0,0,0,0,0,0,0,0,0,0,0,0,0,0,0,0,0,0,0,0,0,0,0,0,0,0.0,0.0,0.0,0.0,0.0,0.0,0.0,0.0,0.0,0.0,0.0,0.0,0.0,7.283448228756631,2709.7280146864155,14396.902136624245
,11/20/21,Sat,0.645833333,3:30p,Alabama,Arkansas,5.464M,5464.0,Alabama,42.0,35.0,1.0,1.0,2,0.0,0.0,0.0,0.0,1.0,0.0,0.0,0.0,0.0,0.0,0.0,0.0,SEC,SEC,0.0,,,20.5,,,0.0,-20.5,,,,7.0,,,,,,,,,,,,,,,,,,,15.5,0,0,0,0,1,0,2021-11-20,2021,1,0,0,0,0,0,0,0,0,0,0,0,0,0,0,0,0,0,0,0,0,0,0,0,0,1,0,0,0,0,0,0.0,0.0,0.0,0.0,0.0,0.0,0.0,0.0,0.0,0.0,0.0,0.0,0.0,8.60611940061064,6724.689188434763,11720.38747275681
,11/20/21,Sat,0.645833333,3:30p,Pittsburgh,Virginia,851K,851.0,Pittsburgh,48.0,38.0,1.0,0.0,3,0.0,0.0,1.0,0.0,0.0,0.0,0.0,0.0,0.0,0.0,0.0,0.0,ACC,ACC,0.0,,,13.5,,,0.0,-13.5,,,,10.0,,,,,,,,,,,,,,,,,,,15.5,0,0,0,0,1,0,2021-11-20,2021,1,0,0,0,0,0,0,0,0,0,0,0,0,0,0,0,0,0,0,0,0,0,0,0,0,0,0,0,0,0,0,0.0,0.0,0.0,0.0,0.0,0.0,0.0,0.0,0.0,0.0,0.0,0.0,0.0,6.747586526829315,644.179052989284,17800.89760820229
,11/20/21,Sat,0.645833333,3:30p,Wisconsin,Nebraska,3.534M,3534.0,Wisconsin,35.0,28.0,1.0,0.0,2,0.0,0.0,0.0,0.0,0.0,1.0,0.0,0.0,0.0,0.0,0.0,0.0,Big Ten,Big Ten,0.0,,,10.0,,,0.0,-10.0,,,,7.0,,,,,,,,,,,,,,,,,,,15.5,0,0,0,0,1,0,2021-11-20,2021,1,0,0,0,0,0,0,0,0,0,0,0,0,0,0,0,0,0,0,0,0,0,0,0,0,0,0,0,0,0,0,0.0,0.0,0.0,0.0,0.0,0.0,0.0,0.0,0.0,0.0,0.0,0.0,0.0,8.170468578330674,5333.839303874168,13111.237357317406
,11/20/21,Sat,0.645833333,3:30p,Cincinnati,SMU,938K,938.0,Cincinnati,48.0,14.0,0.0,1.0,2,0.0,0.0,0.0,0.0,0.0,0.0,0.0,0.0,0.0,0.0,0.0,0.0,American Athletic,American Athletic,0.0,,,10.0,,,0.0,-10.0,,,,34.0,,,,,,,,,,,,,,,,,,,15.5,0,0,0,0,1,0,2021-11-20,2021,1,0,0,0,0,0,0,0,0,0,0,0,0,0,0,0,0,0,0,0,0,0,0,0,0,0,0,0,0,0,0,0.0,0.0,0.0,0.0,0.0,0.0,0.0,0.0,0.0,0.0,0.0,0.0,0.0,6.844815479208263,891.6518880893167,17553.42477310226
,11/20/21,Sat,0.666666667,4:00p,USC,UCLA,1.836M,1836.0,UCLA,62.0,33.0,0.0,0.0,1,1.0,0.0,0.0,0.0,0.0,0.0,0.0,0.0,0.0,0.0,0.0,0.0,Pac-12,Pac-12,0.0,,,3.5,,,0.0,3.5,,,,29.0,,,,,,,,,,,,,,,,,,,16.0,0,0,0,0,1,0,2021-11-20,2021,1,0,0,0,0,0,0,0,0,0,0,0,0,0,0,0,0,1,0,0,0,0,0,0,0,0,0,0,0,0,0,0.0,0.0,0.0,0.0,0.0,0.0,0.0,0.0,0.0,0.0,0.0,0.0,0.0,7.515889085215125,2140.989213117628,13594.359433387532
,11/20/21,Sat,0.729166667,5:30p,Kansas St.,Baylor,665K,665.0,Baylor,20.0,10.0,1.0,0.0,0,0.0,1.0,0.0,0.0,0.0,0.0,0.0,0.0,0.0,0.0,0.0,0.0,Big 12,Big 12,0.0,,,2.5,,,0.0,-2.5,,,,10.0,,,,,,,,,,,,,,,,,,,17.5,0,0,0,0,1,0,2021-11-20,2021,1,0,0,0,0,0,0,0,0,0,0,0,0,0,0,0,0,0,0,0,0,0,0,0,0,0,0,0,0,0,0,0.0,0.0,0.0,0.0,0.0,0.0,0.0,0.0,0.0,0.0,0.0,0.0,0.0,6.501289670540389,590.7957147865064,0.0
,11/20/21,Sat,0.791666667,7:00p,South Carolina,Auburn,2.033M,2033.0,South Carolina,21.0,17.0,0.0,0.0,1,0.0,0.0,0.0,0.0,0.0,0.0,0.0,0.0,0.0,0.0,0.0,0.0,SEC,SEC,0.0,,,7.0,,,0.0,7.0,,,,4.0,,,,,,,,,,,,,,,,,,,19.0,0,0,0,0,0,0,2021-11-20,2021,1,0,0,0,0,0,0,0,0,0,0,0,0,0,0,0,0,0,0,0,0,0,0,0,0,0,0,0,0,0,0,0.0,0.0,0.0,0.0,0.0,0.0,0.0,0.0,0.0,0.0,0.0,0.0,0.0,7.617759576608505,2112.905881181519,5847.879465542843
,11/20/21,Sat,0.8125,7:30p,Tennessee,South Alabama,307K,307.0,Tennessee,60.0,14.0,0.0,0.0,1,0.0,0.0,0.0,0.0,0.0,0.0,0.0,1.0,0.0,0.0,0.0,0.0,SEC,Sun Belt,0.0,,,28.5,,,0.0,-28.5,,,,46.0,,,,,,,,,,,,,,,,,,,19.5,0,0,0,0,0,0,2021-11-20,2021,1,0,0,0,0,0,0,0,0,0,0,0,0,0,0,0,0,0,0,0,0,0,0,0,0,0,0,0,0,0,0,0.0,0.0,0.0,0.0,0.0,0.0,0.0,0.0,0.0,0.0,0.0,0.0,0.0,5.730099782973574,172.70806912485833,7788.077277599503
,11/20/21,Sat,0.8125,7:30p,Utah,Oregon,4.818M,4818.0,Utah,38.0,7.0,1.0,1.0,1,0.0,0.0,0.0,0.0,0.0,1.0,0.0,0.0,0.0,0.0,0.0,0.0,Pac-12,Pac-12,0.0,,,3.0,,,0.0,-3.0,,,,31.0,,,,,,,,,,,,,,,,,,,19.5,0,0,0,0,0,0,2021-11-20,2021,1,0,0,0,0,0,0,0,0,0,0,0,0,0,0,0,0,0,0,0,0,0,0,0,0,1,0,0,0,0,0,0.0,0.0,0.0,0.0,0.0,0.0,0.0,0.0,0.0,0.0,0.0,0.0,0.0,8.480321716640333,3428.7979305037175,4531.987416220643
,11/20/21,Sat,0.833333333,8:00p,Texas Tech,Oklahoma St.,1.911M,1911.0,Oklahoma St.,23.0,0.0,0.0,1.0,1,1.0,0.0,0.0,0.0,0.0,0.0,0.0,0.0,0.0,0.0,0.0,0.0,Big 12,Big 12,0.0,,,10.0,,,0.0,10.0,,,,23.0,,,,,,,,,,,,,,,,,,,20.0,0,0,0,0,0,0,2021-11-20,2021,1,0,0,0,0,0,0,0,0,0,0,0,0,0,0,0,0,0,0,0,0,0,0,0,0,0,0,0,0,0,0,0.0,0.0,0.0,0.0,0.0,0.0,0.0,0.0,0.0,0.0,0.0,0.0,0.0,7.555905093611346,2246.3734659142665,6496.606221606255
,11/20/21,Sat,0.875,9:00p,Boise St.,New Mexico,165K,165.0,Boise St.,37.0,0.0,0.0,0.0,1,0.0,1.0,0.0,0.0,0.0,0.0,0.0,0.0,0.0,0.0,0.0,0.0,Mountain West,Mountain West,0.0,,,27.5,,,0.0,-27.5,,,,37.0,,,,,,,,,,,,,,,,,,,21.0,0,0,0,0,0,0,2021-11-20,2021,1,0,0,0,0,0,0,0,0,0,0,0,0,0,0,0,0,0,0,0,0,0,0,0,0,0,0,0,0,0,0,0.0,0.0,0.0,0.0,0.0,0.0,0.0,0.0,0.0,0.0,0.0,0.0,0.0,5.111987788356544,245.67113886138364,2782.8966678490424
,11/20/21,Sat,0.875,9:00p,LSU,Louisiana Monroe,598K,598.0,LSU,27.0,14.0,0.0,0.0,1,0.0,0.0,1.0,0.0,0.0,0.0,0.0,0.0,0.0,0.0,0.0,0.0,SEC,Sun Belt,0.0,,,29.0,,,0.0,-29.0,,,,13.0,,,,,,,,,,,,,,,,,,,21.0,0,0,0,0,0,0,2021-11-20,2021,1,0,0,0,0,0,0,0,0,0,0,0,0,0,0,0,0,0,0,0,0,0,0,0,0,0,0,0,0,0,0,0.0,0.0,0.0,0.0,0.0,0.0,0.0,0.0,0.0,0.0,0.0,0.0,0.0,6.395261598115449,536.5232019347758,2492.04460477565
,11/20/21,Sat,0.9375,10:30p,Oregon St.,Arizona St.,1.114M,1114.0,Oregon St.,24.0,10.0,0.0,0.0,0,0.0,0.0,0.0,0.0,0.0,0.0,0.0,0.0,0.0,0.0,0.0,0.0,Pac-12,Pac-12,0.0,,,3.0,,,0.0,3.0,,,,14.0,,,,,,,,,,,,,,,,,,,22.5,0,0,0,0,0,1,2021-11-20,2021,1,0,0,0,0,0,0,0,0,0,0,0,0,0,0,0,0,0,0,0,0,0,0,0,0,0,0,0,0,0,0,0.0,0.0,0.0,0.0,0.0,0.0,0.0,0.0,0.0,0.0,0.0,0.0,0.0,7.016609683894219,932.9987504857064,0.0
,11/25/21,Thu,0.645833333,3:30p,San Jose St.,Fresno St.,309K,309.0,Fresno St.,40.0,9.0,0.0,0.0,0,0.0,1.0,0.0,0.0,0.0,0.0,0.0,0.0,0.0,0.0,0.0,0.0,Mountain West,Mountain West,0.0,,,7.0,,,0.0,7.0,,,,31.0,,,,,,,,,,,,,,,,,,,15.5,0,1,0,0,0,0,2021-11-25,2021,1,0,0,0,0,0,0,0,0,0,0,0,0,0,0,0,0,0,0,0,0,0,0,0,0,0,0,0,0,0,0,0.0,0.0,0.0,0.0,0.0,0.0,0.0,0.0,0.0,0.0,0.0,0.0,0.0,5.736572297479192,324.63975024217206,0.0
,11/25/21,Thu,0.8125,7:30p,Mississippi St.,Mississippi,2.06M,2060.0,Mississippi,31.0,21.0,0.0,1.0,0,0.0,0.0,0.0,0.0,0.0,0.0,0.0,0.0,0.0,0.0,0.0,0.0,SEC,SEC,0.0,,,2.0,,,0.0,-2.0,,,,10.0,,,,,,,,,,,,,,,,,,,19.5,0,1,0,0,0,0,2021-11-25,2021,1,0,0,0,0,0,0,0,0,0,0,1,0,0,0,0,0,0,0,0,0,0,0,0,0,0,0,0,0,0,0,0.0,0.0,0.0,0.0,0.0,0.0,0.0,0.0,0.0,0.0,0.0,0.0,0.0,7.630946580890459,2843.6990733707535,0.0
,11/26/21,Fri,0.5,12:00p,San Diego St.,Boise St.,1.95M,1950.0,San Diego St.,27.0,16.0,1.0,0.0,0,0.0,0.0,0.0,0.0,1.0,0.0,0.0,0.0,0.0,0.0,0.0,0.0,Mountain West,Mountain West,0.0,,,3.0,,,0.0,3.0,,,,11.0,,,,,,,,,,,,,,,,,,,12.0,0,0,1,0,0,0,2021-11-26,2021,1,0,0,0,0,0,0,0,0,0,0,0,0,0,0,0,0,0,0,0,0,0,0,0,0,0,0,0,0,0,0,0.0,0.0,0.0,0.0,1.0,0.0,0.0,0.0,0.0,0.0,0.0,0.0,0.0,7.576097340623111,1527.985904872723,3017.4891722444763
,11/26/21,Fri,0.5,12:00p,Texas,Kansas St.,2.861M,2861.0,Texas,22.0,17.0,0.0,0.0,0,1.0,0.0,0.0,0.0,0.0,0.0,0.0,0.0,0.0,0.0,0.0,0.0,Big 12,Big 12,0.0,,,2.5,,,0.0,-2.5,,,,5.0,,,,,,,,,,,,,,,,,,,12.0,0,0,1,0,0,0,2021-11-26,2021,1,0,0,0,0,0,0,0,0,0,0,0,0,0,0,0,0,0,0,0,0,0,0,0,0,0,0,0,0,0,0,1.0,0.0,0.0,0.0,0.0,0.0,0.0,0.0,0.0,0.0,0.0,0.0,0.0,7.959275960116396,2782.4041442402304,1763.0709328769692
,11/26/21,Fri,0.541666667,1:00p,New Mexico,Utah St.,139K,139.0,Utah St.,35.0,10.0,0.0,0.0,0,0.0,1.0,0.0,0.0,0.0,0.0,0.0,0.0,0.0,0.0,0.0,0.0,Mountain West,Mountain West,0.0,,,17.0,,,0.0,17.0,,,,25.0,,,,,,,,,,,,,,,,,,,13.0,0,0,1,0,0,0,2021-11-26,2021,1,0,0,0,0,0,0,0,0,0,0,0,0,0,0,0,0,0,0,0,0,0,0,0,0,0,0,0,0,0,0,0.0,0.0,1.0,0.0,0.0,0.0,0.0,0.0,0.0,0.0,0.0,0.0,0.0,4.941642422609304,235.08502800424614,6414.574274798846
,11/26/21,Fri,0.5625,1:30p,Nebraska,Iowa,1.945M,1945.0,Iowa,28.0,21.0,1.0,0.0,0,0.0,0.0,0.0,0.0,0.0,0.0,0.0,0.0,0.0,0.0,1.0,0.0,Big Ten,Big Ten,0.0,,,1.0,,,0.0,-1.0,,,,7.0,,,,,,,,,,,,,,,,,,,13.5,0,0,1,0,0,0,2021-11-26,2021,1,0,0,0,0,0,0,0,0,0,0,0,0,0,0,0,0,0,0,0,0,0,0,0,0,0,0,0,0,0,0,0.0,0.0,0.0,0.0,0.0,0.0,0.0,0.0,0.0,0.0,1.0,0.0,0.0,7.57353126274595,2104.184225685892,235.08502800424614
,11/26/21,Fri,0.645833333,3:30p,East Carolina,Cincinnati,2.392M,2392.0,Cincinnati,35.0,13.0,0.0,1.0,0,0.0,0.0,0.0,0.0,0.0,1.0,0.0,0.0,0.0,0.0,0.0,0.0,American Athletic,American Athletic,0.0,,,14.5,,,0.0,14.5,,,,22.0,,,,,,,,,,,,,,,,,,,15.5,0,0,1,0,0,0,2021-11-26,2021,1,0,0,0,0,0,0,0,0,0,0,0,0,0,0,0,0,0,0,0,0,0,0,0,0,0,0,0,0,0,0,0.0,0.0,0.0,0.0,0.0,1.0,0.0,0.0,0.0,0.0,0.0,0.0,0.0,7.780303087908373,2087.300057885978,6571.638453900987
,11/26/21,Fri,0.645833333,3:30p,Arkansas,Missouri,2.956M,2956.0,Arkansas,34.0,17.0,1.0,0.0,0,0.0,0.0,0.0,0.0,1.0,0.0,0.0,0.0,0.0,0.0,0.0,0.0,SEC,SEC,0.0,,,14.5,,,0.0,-14.5,,,,17.0,,,,,,,,,,,,,,,,,,,15.5,0,0,1,0,0,0,2021-11-26,2021,1,0,0,0,0,0,0,0,0,0,0,0,0,0,0,0,0,0,0,0,0,0,0,0,0,0,0,0,0,0,0,0.0,0.0,0.0,0.0,1.0,0.0,0.0,0.0,0.0,0.0,0.0,0.0,0.0,7.9919305198524775,3296.9848044023443,5361.95370738462
,11/26/21,Fri,0.645833333,3:30p,UCF,South Florida,711K,711.0,UCF,17.0,13.0,0.0,0.0,0,0.0,0.0,0.0,0.0,0.0,0.0,0.0,0.0,0.0,0.0,0.0,0.0,American Athletic,American Athletic,0.0,,,17.0,,,0.0,-17.0,,,,4.0,,,,,,,,,,,,,,,,,,,15.5,0,0,1,0,0,0,2021-11-26,2021,1,0,0,0,0,0,0,0,0,0,0,0,0,0,0,0,0,0,0,0,0,0,0,0,0,0,0,0,0,0,0,0.0,0.0,0.0,0.0,0.0,0.0,0.0,0.0,0.0,0.0,0.0,0.0,1.0,6.568077911411976,895.7205201705641,7763.2179916164005
,11/26/21,Fri,0.666666667,4:00p,Utah,Colorado,1.554M,1554.0,Utah,28.0,13.0,1.0,0.0,0,1.0,0.0,0.0,0.0,0.0,0.0,0.0,0.0,0.0,0.0,0.0,0.0,Pac-12,Pac-12,0.0,,,24.0,,,0.0,-24.0,,,,15.0,,,,,,,,,,,,,,,,,,,16.0,0,0,1,0,0,0,2021-11-26,2021,1,0,0,0,0,0,0,0,0,0,0,0,0,0,0,0,0,0,0,0,0,0,0,0,0,0,0,0,0,0,0,1.0,0.0,0.0,0.0,0.0,0.0,0.0,0.0,0.0,0.0,0.0,0.0,0.0,7.349230824613334,1604.104064295214,7054.83444749175
,11/26/21,Fri,0.6875,4:30p,Iowa St.,TCU,518K,518.0,Iowa St.,48.0,14.0,0.0,0.0,1,0.0,1.0,0.0,0.0,0.0,0.0,0.0,0.0,0.0,0.0,0.0,0.0,Big 12,Big 12,0.0,,,15.5,,,0.0,-15.5,,,,34.0,,,,,,,,,,,,,,,,,,,16.5,0,0,1,0,0,0,2021-11-26,2021,1,0,0,0,0,0,0,0,0,0,0,0,0,0,0,0,0,0,0,0,0,0,0,0,0,0,0,0,0,0,0,0.0,0.0,1.0,0.0,0.0,0.0,0.0,0.0,0.0,0.0,0.0,0.0,0.0,6.251903883165888,774.829065032864,7884.1094467541
,11/26/21,Fri,0.791666667,7:00p,North Carolina St.,North Carolina,2.681M,2681.0,North Carolina St.,34.0,30.0,1.0,0.0,0,0.0,0.0,0.0,0.0,0.0,0.0,0.0,0.0,0.0,0.0,0.0,0.0,ACC,ACC,0.0,,,6.5,,,0.0,-6.5,,,,4.0,,,,,,,,,,,,,,,,,,,19.0,0,0,1,0,0,0,2021-11-26,2021,1,0,0,0,0,0,0,0,0,0,0,0,0,0,0,0,0,0,0,0,0,0,0,0,0,0,0,0,0,0,0,0.0,0.0,0.0,0.0,0.0,0.0,0.0,0.0,0.0,0.0,0.0,0.0,1.0,7.894318063841624,2366.520153738117,1251.9669893034902
,11/26/21,Fri,0.833333333,8:00p,Washington,Washington St.,1.21M,1210.0,Washington St.,40.0,13.0,0.0,0.0,0,0.0,1.0,0.0,0.0,0.0,0.0,0.0,0.0,0.0,0.0,0.0,0.0,Pac-12,Pac-12,0.0,,,1.0,,,0.0,1.0,,,,27.0,,,,,,,,,,,,,,,,,,,20.0,0,0,1,0,0,0,2021-11-26,2021,1,0,0,0,0,0,0,0,0,0,0,0,0,0,0,0,0,0,0,1,0,0,0,0,0,0,0,0,0,0,0,0.0,0.0,1.0,0.0,0.0,0.0,0.0,0.0,0.0,0.0,0.0,0.0,0.0,7.099201743553092,1251.9669893034902,2366.520153738117
,11/27/21,Sat,0.5,12:00p,Florida,Florida St.,1.629M,1629.0,Florida,24.0,21.0,0.0,0.0,1,0.0,0.0,0.0,0.0,0.0,0.0,0.0,0.0,0.0,0.0,0.0,0.0,SEC,ACC,0.0,,,4.0,,,0.0,-4.0,,,,3.0,,,,,,,,,,,,,,,,,,,12.0,0,0,0,1,0,0,2021-11-27,2021,1,0,0,0,0,0,0,0,0,0,0,0,0,0,0,0,0,0,0,0,0,0,0,0,0,0,0,0,0,0,0,0.0,0.0,0.0,0.0,0.0,0.0,0.0,0.0,0.0,0.0,0.0,0.0,0.0,7.396335293800808,2665.507475479672,24230.163094144933
,11/27/21,Sat,0.5,12:00p,Georgia Tech,Georgia,1.947M,1947.0,Georgia,45.0,0.0,0.0,1.0,1,0.0,0.0,0.0,0.0,0.0,1.0,0.0,0.0,0.0,0.0,0.0,0.0,ACC,SEC,0.0,,,35.5,,,0.0,35.5,,,,45.0,,,,,,,,,,,,,,,,,,,12.0,0,0,0,1,0,0,2021-11-27,2021,1,0,0,0,0,0,0,0,0,0,0,0,0,0,0,0,0,0,0,0,0,0,0,0,0,0,0,0,0,0,0,0.0,0.0,0.0,0.0,0.0,0.0,0.0,0.0,0.0,0.0,0.0,0.0,0.0,7.5745584842024805,3640.542445118475,23255.128124506125
,11/27/21,Sat,0.5,12:00p,Baylor,Texas Tech,412K,412.0,Baylor,27.0,24.0,0.0,1.0,2,0.0,1.0,0.0,0.0,0.0,0.0,0.0,0.0,0.0,0.0,0.0,0.0,Big 12,Big 12,0.0,,,14.0,,,0.0,-14.0,,,,3.0,,,,,,,,,,,,,,,,,,,12.0,0,0,0,1,0,0,2021-11-27,2021,1,0,0,0,0,0,0,0,0,0,0,0,0,0,0,0,0,0,0,0,0,0,0,0,0,0,0,0,0,0,0,0.0,0.0,0.0,0.0,0.0,0.0,0.0,0.0,0.0,0.0,0.0,0.0,0.0,6.023447592961033,635.7098020230907,26259.96076760151
,11/27/21,Sat,0.5,12:00p,Rutgers,Maryland,158K,158.0,Maryland,40.0,16.0,0.0,0.0,2,0.0,0.0,0.0,0.0,0.0,0.0,0.0,0.0,0.0,0.0,1.0,0.0,Big Ten,Big Ten,0.0,,,1.5,,,0.0,-1.5,,,,24.0,,,,,,,,,,,,,,,,,,,12.0,0,0,0,1,0,0,2021-11-27,2021,1,0,0,0,0,0,0,0,0,0,0,0,0,0,0,0,0,0,0,0,0,0,0,0,0,0,0,0,0,0,0,0.0,0.0,0.0,0.0,0.0,0.0,0.0,0.0,0.0,0.0,0.0,0.0,0.0,5.0689042022202315,338.1609424134374,26557.509627211166
,11/27/21,Sat,0.5,12:00p,Michigan,Ohio St.,15.893M,15893.0,Michigan,42.0,27.0,0.0,2.0,1,1.0,0.0,0.0,0.0,0.0,0.0,0.0,0.0,0.0,0.0,0.0,0.0,Big Ten,Big Ten,0.0,,,6.5,,,0.0,6.5,,,,15.0,,,,,,,,,,,,,,,,,,,12.0,0,0,0,1,0,0,2021-11-27,2021,1,0,1,0,0,0,0,0,0,0,0,0,0,0,0,0,0,0,0,0,0,0,0,0,0,1,0,0,0,0,0,0.0,0.0,0.0,0.0,0.0,0.0,0.0,0.0,0.0,0.0,0.0,0.0,0.0,9.673696958500125,19255.669427177538,7640.001142447065
,11/27/21,Sat,0.5,12:00p,Boston College,Wake Forest,247K,247.0,Wake Forest,41.0,10.0,1.0,0.0,2,0.0,0.0,1.0,0.0,0.0,0.0,0.0,0.0,0.0,0.0,0.0,0.0,ACC,ACC,0.0,,,6.5,,,0.0,6.5,,,,31.0,,,,,,,,,,,,,,,,,,,12.0,0,0,0,1,0,0,2021-11-27,2021,1,0,0,0,0,0,0,0,0,0,0,0,0,0,0,0,0,0,0,0,0,0,0,0,0,0,0,0,0,0,0,0.0,0.0,0.0,0.0,0.0,0.0,0.0,0.0,0.0,0.0,0.0,0.0,0.0,5.5134287461649825,360.08047741238994,26535.590092212213
,11/27/21,Sat,0.645833333,3:30p,Oregon,Oregon St.,1.337M,1337.0,Oregon,38.0,29.0,1.0,0.0,0,0.0,0.0,0.0,0.0,0.0,0.0,0.0,0.0,0.0,0.0,0.0,0.0,Pac-12,Pac-12,0.0,,,7.5,,,0.0,-7.5,,,,9.0,,,,,,,,,,,,,,,,,,,15.5,0,0,0,0,1,0,2021-11-27,2021,1,0,0,0,0,0,0,0,0,0,0,0,0,0,0,0,1,0,0,0,0,0,0,0,0,0,0,0,0,0,0,0.0,0.0,0.0,0.0,0.0,0.0,0.0,0.0,0.0,0.0,0.0,0.0,0.0,7.198931240688173,1659.7193314030428,18427.618014843618
,11/27/21,Sat,0.645833333,3:30p,Auburn,Alabama,10.369M,10369.0,Alabama,24.0,22.0,0.0,1.0,0,0.0,0.0,0.0,0.0,1.0,0.0,0.0,0.0,0.0,0.0,0.0,0.0,SEC,SEC,0.0,,,20.5,,,0.0,20.5,,,,2.0,,,,,,,,,,,,,,,,,,,15.5,0,0,0,0,1,0,2021-11-27,2021,1,0,0,0,1,0,0,0,0,0,0,0,0,0,0,0,0,0,0,0,0,0,0,0,0,0,0,0,0,0,0,0.0,0.0,0.0,0.0,0.0,0.0,0.0,0.0,0.0,0.0,0.0,0.0,0.0,9.246672301223573,8921.818406912604,11165.518939334055
,11/27/21,Sat,0.645833333,3:30p,Purdue,Indiana,484K,484.0,Purdue,44.0,7.0,0.0,0.0,1,0.0,1.0,0.0,0.0,0.0,0.0,0.0,0.0,0.0,0.0,0.0,0.0,Big Ten,Big Ten,0.0,,,17.5,,,0.0,-17.5,,,,37.0,,,,,,,,,,,,,,,,,,,15.5,0,0,0,0,1,0,2021-11-27,2021,1,0,0,0,0,0,0,0,0,0,0,0,0,0,0,0,0,0,0,0,0,0,0,0,0,0,0,0,0,0,0,0.0,0.0,0.0,0.0,0.0,0.0,0.0,0.0,0.0,0.0,0.0,0.0,0.0,6.184148890937483,456.4705434926303,19630.86680275403
,11/27/21,Sat,0.645833333,3:30p,Michigan St.,Penn St.,3.893M,3893.0,Michigan St.,30.0,27.0,1.0,0.0,0,0.0,0.0,0.0,0.0,0.0,1.0,0.0,0.0,0.0,0.0,0.0,0.0,Big Ten,Big Ten,0.0,,,4.5,,,0.0,4.5,,,,3.0,,,,,,,,,,,,,,,,,,,15.5,0,0,0,0,1,0,2021-11-27,2021,1,0,0,0,0,0,0,0,0,0,0,0,0,0,0,0,0,0,0,0,0,0,0,0,0,0,0,0,0,0,0,0.0,0.0,0.0,0.0,0.0,0.0,0.0,0.0,0.0,0.0,0.0,0.0,0.0,8.267192185932146,4516.4612250424725,15570.876121204186
,11/27/21,Sat,0.645833333,3:30p,Illinois,Northwestern,139K,139.0,Illinois,47.0,14.0,0.0,0.0,1,0.0,0.0,0.0,0.0,0.0,0.0,0.0,0.0,0.0,0.0,1.0,0.0,Big Ten,Big Ten,0.0,,,7.0,,,0.0,-7.0,,,,33.0,,,,,,,,,,,,,,,,,,,15.5,0,0,0,0,1,0,2021-11-27,2021,1,0,0,0,0,0,0,0,0,0,0,0,0,0,0,0,0,0,0,0,0,0,0,0,0,0,0,0,0,0,0,0.0,0.0,0.0,0.0,0.0,0.0,0.0,0.0,0.0,0.0,0.0,0.0,0.0,4.941642422609304,397.1146839113209,19690.222662335338
,11/27/21,Sat,0.666666667,4:00p,SMU,Tulsa,119K,119.0,Tulsa,34.0,31.0,0.0,0.0,1,0.0,0.0,1.0,0.0,0.0,0.0,0.0,0.0,0.0,0.0,0.0,0.0,American Athletic,American Athletic,0.0,,,6.5,,,0.0,-6.5,,,,3.0,,,,,,,,,,,,,,,,,,,16.0,0,0,0,0,1,0,2021-11-27,2021,1,0,0,0,0,0,0,0,0,0,0,0,0,0,0,0,0,0,0,0,0,0,0,0,0,0,0,0,0,0,0,0.0,0.0,0.0,0.0,0.0,0.0,0.0,0.0,0.0,0.0,0.0,0.0,0.0,4.787491742782046,246.22402426686904,19841.113321979792
,11/27/21,Sat,0.666666667,4:00p,Minnesota,Wisconsin,5.049M,5049.0,Minnesota,23.0,13.0,1.0,0.0,0,1.0,0.0,0.0,0.0,0.0,0.0,0.0,0.0,0.0,0.0,0.0,0.0,Big Ten,Big Ten,0.0,,,7.0,,,0.0,7.0,,,,10.0,,,,,,,,,,,,,,,,,,,16.0,0,0,0,0,1,0,2021-11-27,2021,1,0,0,0,0,0,0,0,0,0,0,0,0,0,0,0,0,0,0,0,0,1,0,0,0,0,0,0,0,0,0,0.0,0.0,0.0,0.0,0.0,0.0,0.0,0.0,0.0,0.0,0.0,0.0,0.0,8.527143522269405,3889.5291312177205,16197.80821502894
,11/27/21,Sat,0.791666667,7:00p,Kansas,West Virginia,485K,485.0,West Virginia,34.0,28.0,0.0,0.0,2,0.0,1.0,0.0,0.0,0.0,0.0,0.0,0.0,0.0,0.0,0.0,0.0,Big 12,Big 12,0.0,,,15.5,,,0.0,15.5,,,,6.0,,,,,,,,,,,,,,,,,,,19.0,0,0,0,0,0,0,2021-11-27,2021,1,0,0,0,0,0,0,0,0,0,0,0,0,0,0,0,0,0,0,0,0,0,0,0,0,0,0,0,0,0,0,0.0,0.0,0.0,0.0,0.0,0.0,0.0,0.0,0.0,0.0,0.0,0.0,0.0,6.186208623900494,572.1267276235365,12297.576889204018
,11/27/21,Sat,0.791666667,7:00p,LSU,Texas A&M,2.351M,2351.0,LSU,27.0,24.0,1.0,0.0,1,0.0,0.0,0.0,0.0,0.0,0.0,0.0,0.0,0.0,0.0,0.0,0.0,SEC,SEC,0.0,,,6.5,,,0.0,6.5,,,,3.0,,,,,,,,,,,,,,,,,,,19.0,0,0,0,0,0,0,2021-11-27,2021,1,0,0,0,0,0,0,0,0,0,0,0,0,0,0,0,0,0,0,0,0,0,0,0,0,0,0,0,0,0,0,0.0,0.0,0.0,0.0,0.0,0.0,0.0,0.0,0.0,0.0,0.0,0.0,0.0,7.763021309018518,3218.743331443604,9650.96028538395
,11/27/21,Sat,0.8125,7:30p,Louisville,Kentucky,700K,700.0,Kentucky,52.0,21.0,0.0,0.0,2,0.0,0.0,1.0,0.0,0.0,0.0,0.0,0.0,0.0,0.0,0.0,0.0,ACC,SEC,0.0,,,3.0,,,0.0,-3.0,,,,31.0,,,,,,,,,,,,,,,,,,,19.5,0,0,0,0,0,0,2021-11-27,2021,1,0,0,0,0,0,0,0,0,0,0,0,0,0,0,0,0,0,1,0,0,0,0,0,0,0,0,0,0,0,0,0.0,0.0,0.0,0.0,0.0,0.0,0.0,0.0,0.0,0.0,0.0,0.0,0.0,6.55250788703459,596.3060908854527,12273.397525942102
,11/27/21,Sat,0.8125,7:30p,Oklahoma St.,Oklahoma,6.486M,6486.0,Oklahoma St.,37.0,33.0,0.0,2.0,1,0.0,0.0,0.0,0.0,0.0,1.0,0.0,0.0,0.0,0.0,0.0,0.0,Big 12,Big 12,0.0,,,4.0,,,0.0,-4.0,,,,4.0,,,,,,,,,,,,,,,,,,,19.5,0,0,0,0,0,0,2021-11-27,2021,1,0,0,0,0,0,0,0,0,0,0,0,0,0,0,0,0,0,0,0,0,0,0,0,0,1,0,0,0,0,0,0.0,0.0,0.0,0.0,0.0,0.0,0.0,0.0,0.0,0.0,0.0,0.0,0.0,8.777555453213056,5487.917028522304,7381.786588305251
,11/27/21,Sat,0.833333333,8:00p,Stanford,Notre Dame,2.743M,2743.0,Notre Dame,45.0,14.0,0.0,1.0,1,1.0,0.0,0.0,0.0,0.0,0.0,0.0,0.0,0.0,0.0,0.0,0.0,Pac-12,FBS Independents,0.0,,,21.0,,,0.0,21.0,,,,31.0,,,,,,,,,,,,,,,,,,,20.0,0,0,0,0,0,0,2021-11-27,2021,1,0,0,0,0,0,0,0,0,0,0,0,0,0,0,0,0,0,0,0,0,0,0,0,0,0,0,0,0,0,0,0.0,0.0,0.0,0.0,0.0,0.0,0.0,0.0,0.0,0.0,0.0,0.0,0.0,7.917171988845776,2994.610438352658,9875.093178474897
,11/27/21,Sat,0.9375,10:30p,UCLA,California,386K,386.0,UCLA,42.0,14.0,0.0,0.0,0,0.0,1.0,0.0,0.0,0.0,0.0,0.0,0.0,0.0,0.0,0.0,0.0,Pac-12,Pac-12,0.0,,,6.5,,,0.0,-6.5,,,,28.0,,,,,,,,,,,,,,,,,,,22.5,0,0,0,0,0,1,2021-11-27,2021,1,0,0,0,0,0,0,0,0,0,0,0,0,0,0,0,0,0,0,0,0,0,0,0,0,0,0,0,0,0,0,0.0,0.0,0.0,0.0,0.0,0.0,0.0,0.0,0.0,0.0,0.0,0.0,0.0,5.958424693029782,419.6944000969652,1891.5085788188792
,11/27/21,Sat,0.9375,10:30p,USC,BYU,1.458M,1458.0,BYU,35.0,31.0,1.0,0.0,0,0.0,0.0,0.0,0.0,0.0,0.0,0.0,0.0,0.0,0.0,0.0,0.0,Pac-12,FBS Independents,0.0,,,8.5,,,0.0,8.5,,,,4.0,,,,,,,,,,,,,,,,,,,22.5,0,0,0,0,0,1,2021-11-27,2021,1,0,0,0,0,0,0,0,0,0,0,0,0,0,0,0,0,0,0,0,0,0,0,0,0,0,0,0,0,0,0,0.0,0.0,0.0,0.0,0.0,0.0,0.0,0.0,0.0,0.0,0.0,0.0,0.0,7.285506548522785,1891.5085788188792,419.6944000969652
,12/3/21,Fri,0.833333333,8:00p,Utah,Oregon,4.247M,4247.0,Utah,38.0,10.0,1.0,1.0,0,0.0,0.0,0.0,0.0,0.0,1.0,0.0,0.0,0.0,0.0,0.0,0.0,Pac-12,Pac-12,0.0,,,3.0,,,1.0,-3.0,,,,28.0,,,,,,,,,,,,,,,,,,,20.0,0,0,1,0,0,0,2021-12-03,2021,1,0,0,0,0,0,0,0,0,0,0,0,0,0,0,0,0,0,0,0,0,0,0,0,0,1,0,0,0,0,0,0.0,0.0,0.0,0.0,0.0,1.0,0.0,0.0,0.0,0.0,0.0,0.0,0.0,8.354203562921775,7769.677156698333,0.0
,12/4/21,Sat,0.5,12:00p,Oklahoma St.,Baylor,8.021M,8021.0,Baylor,21.0,16.0,0.0,2.0,0,0.0,0.0,0.0,0.0,0.0,1.0,0.0,0.0,0.0,0.0,0.0,0.0,Big 12,Big 12,0.0,,,7.0,,,1.0,-7.0,,,,5.0,,,,,,,,,,,,,,,,,,,12.0,0,0,0,1,0,0,2021-12-04,2021,1,0,0,0,0,0,0,0,0,0,0,0,0,0,0,0,0,0,0,0,0,0,0,0,0,1,0,0,0,0,0,0.0,0.0,0.0,0.0,0.0,0.0,0.0,0.0,0.0,0.0,0.0,0.0,0.0,8.989943046329998,5177.799444885155,777.9244937643472
,12/4/21,Sat,0.5,12:00p,Northern Illinois,Kent St.,867K,867.0,Northern Illinois,41.0,23.0,0.0,0.0,0,0.0,0.0,0.0,0.0,0.0,0.0,0.0,0.0,0.0,0.0,0.0,0.0,Mid-American,Mid-American,0.0,,,4.0,,,1.0,4.0,,,,18.0,,,,,,,,,,,,,,,,,,,12.0,0,0,0,1,0,0,2021-12-04,2021,1,0,0,0,0,0,0,0,0,0,0,0,0,0,0,0,0,0,0,0,0,0,0,0,0,0,0,0,0,0,0,0.0,0.0,0.0,0.0,0.0,0.0,0.0,0.0,0.0,0.0,0.0,0.0,0.0,6.7661917146603505,777.9244937643472,5177.799444885155
,12/4/21,Sat,0.625,3:00p,San Diego St.,Utah St.,816K,816.0,Utah St.,46.0,13.0,1.0,0.0,1,1.0,0.0,0.0,0.0,0.0,0.0,0.0,0.0,0.0,0.0,0.0,0.0,Mountain West,Mountain West,0.0,,,6.5,,,1.0,-6.5,,,,33.0,,,,,,,,,,,,,,,,,,,15.0,0,0,0,0,1,0,2021-12-04,2021,1,0,0,0,0,0,0,0,0,0,0,0,0,0,0,0,0,0,0,0,0,0,0,0,0,0,0,0,0,0,0,0.0,0.0,0.0,0.0,0.0,0.0,0.0,0.0,0.0,0.0,0.0,0.0,0.0,6.705639094860003,1242.1326576845488,23406.209087008392
,12/4/21,Sat,0.645833333,3:30p,Louisiana,Appalachian St.,440K,440.0,Louisiana,24.0,16.0,1.0,0.0,1,0.0,0.0,0.0,0.0,0.0,0.0,0.0,0.0,0.0,0.0,0.0,0.0,Sun Belt,Sun Belt,0.0,,,2.5,,,1.0,2.5,,,,8.0,,,,,,,,,,,,,,,,,,,15.5,0,0,0,0,1,0,2021-12-04,2021,1,0,0,0,0,0,0,0,0,0,0,0,0,0,0,0,0,0,0,0,0,0,0,0,0,0,0,0,0,0,0,0.0,0.0,0.0,0.0,0.0,0.0,0.0,0.0,0.0,0.0,0.0,0.0,0.0,6.089044875446846,996.3089238895017,23652.03282080344
,12/4/21,Sat,0.666666667,4:00p,Cincinnati,Houston,3.415M,3415.0,Cincinnati,35.0,20.0,1.0,1.0,1,0.0,0.0,0.0,0.0,0.0,1.0,0.0,0.0,0.0,0.0,0.0,0.0,American Athletic,American Athletic,0.0,,,10.5,,,1.0,-10.5,,,,15.0,,,,,,,,,,,,,,,,,,,16.0,0,0,0,0,1,0,2021-12-04,2021,1,0,0,0,0,0,0,0,0,0,0,0,0,0,0,0,0,0,0,0,0,0,0,0,0,1,0,0,0,0,0,0.0,0.0,0.0,0.0,0.0,0.0,0.0,0.0,0.0,0.0,0.0,0.0,0.0,8.13622555490846,3394.565530248193,21253.776214444748
,12/4/21,Sat,0.666666667,4:00p,Alabama,Georgia,15.277M,15277.0,Alabama,41.0,24.0,0.0,2.0,1,0.0,0.0,0.0,0.0,1.0,0.0,0.0,0.0,0.0,0.0,0.0,0.0,SEC,SEC,0.0,,,6.5,,,1.0,6.5,,,,17.0,,,,,,,,,,,,,,,,,,,16.0,0,0,0,0,1,0,2021-12-04,2021,1,0,0,0,0,0,0,0,0,0,0,0,0,0,0,0,0,0,0,0,0,0,0,0,0,1,0,0,0,0,0,0.0,0.0,0.0,0.0,0.0,0.0,0.0,0.0,0.0,0.0,0.0,0.0,0.0,9.634169164101305,19015.334632870698,5633.007111822244
,12/4/21,Sat,0.833333333,8:00p,Iowa,Michigan,11.658M,11658.0,Michigan,42.0,3.0,1.0,1.0,0,1.0,0.0,0.0,0.0,0.0,0.0,0.0,0.0,0.0,0.0,0.0,0.0,Big Ten,Big Ten,0.0,,,12.0,,,1.0,12.0,,,,39.0,,,,,,,,,,,,,,,,,,,20.0,0,0,0,0,0,0,2021-12-04,2021,1,0,0,0,0,0,0,0,0,0,0,0,0,0,0,0,0,0,0,0,0,0,0,0,0,1,0,0,0,0,0,0.0,0.0,0.0,0.0,0.0,0.0,0.0,0.0,0.0,0.0,0.0,0.0,0.0,9.36383369293329,12129.021212989162,3026.3138945152955
,12/4/21,Sat,0.833333333,8:00p,Wake Forest,Pittsburgh,2.661M,2661.0,Pittsburgh,45.0,21.0,2.0,0.0,0,0.0,0.0,0.0,0.0,0.0,1.0,0.0,0.0,0.0,0.0,0.0,0.0,ACC,ACC,0.0,,,3.5,,,1.0,3.5,,,,24.0,,,,,,,,,,,,,,,,,,,20.0,0,0,0,0,0,0,2021-12-04,2021,1,0,0,0,0,0,0,0,0,0,0,0,0,0,0,0,0,0,0,0,0,0,0,0,0,1,0,0,0,0,0,0.0,0.0,0.0,0.0,0.0,0.0,0.0,0.0,0.0,0.0,0.0,0.0,0.0,7.8868329989550565,3026.3138945152955,12129.021212989162
,12/4/21,Sat,0.958333333,11:00p,California,USC,390K,390.0,California,24.0,14.0,0.0,0.0,0,0.0,1.0,0.0,0.0,0.0,0.0,0.0,0.0,0.0,0.0,0.0,0.0,Pac-12,Pac-12,0.0,,,4.5,,,0.0,-4.5,,,,10.0,,,,,,,,,,,,,,,,,,,23.0,0,0,0,0,0,1,2021-12-04,2021,1,0,0,0,0,0,0,0,0,0,0,0,0,0,0,0,0,0,0,0,0,0,0,0,0,0,0,0,0,0,0,0.0,0.0,0.0,0.0,0.0,0.0,0.0,0.0,0.0,0.0,0.0,0.0,0.0,5.968707559985366,547.9566332660195,0.0
,12/11/21,Sat,0.625,3:00p,Army,Navy,7.57M,7570.0,Navy,17.0,13.0,0.0,0.0,0,0.0,0.0,0.0,0.0,1.0,0.0,0.0,0.0,0.0,0.0,0.0,0.0,FBS Independents,American Athletic,0.0,,,7.0,,,0.0,7.0,,,,4.0,,,,,,,,,,,,,,,,,,,15.0,0,0,0,0,1,0,2021-12-11,2021,1,0,0,0,0,0,0,0,0,0,0,0,0,0,0,0,0,0,0,0,0,0,1,0,0,0,0,0,0,0,0,0.0,0.0,0.0,0.0,0.0,0.0,0.0,0.0,0.0,0.0,0.0,0.0,0.0,8.932080438103307,7644.152908659645,0.0
2025,8/23/25,Sat,0.5,12:00p,Kansas St.,Iowa St.,4.47M,4470.0,Iowa St.,24.0,21.0,2.0,0.0,0,0.0,0.0,0.0,0.0,0.0,0.0,0.0,0.0,0.0,0.0,0.0,0.0,Big 12,Big 12,0.0,,,3.5,,,0.0,-3.5,,,,3.0,,,,,,,,,,2.0,0.0,0.0,0.0,,,,,,12.0,0,0,0,1,0,0,2025-08-23,2025,0,0,0,0,0,0,0,0,0,0,0,0,0,0,0,0,0,0,0,0,0,0,0,0,0,1,0,0,0,1,0,0.0,0.0,0.0,0.0,0.0,0.0,0.0,0.0,0.0,0.0,0.0,0.0,0.0,8.405367376233981,2479.386736855756,0.0
,8/28/25,Thu,0.729166667,5:30p,South Florida,Boise St.,2.04M,2040.0,South Florida,34.0,7.0,1.0,0.0,0,0.0,0.0,0.0,0.0,0.0,0.0,0.0,0.0,0.0,0.0,0.0,0.0,American Athletic,Mountain West,0.0,,,8.5,,,0.0,8.5,,,,27.0,,,,,,,,,,0.0,0.0,0.0,0.0,,,,,,17.5,0,1,0,0,0,0,2025-08-28,2025,0,0,0,0,0,0,0,0,0,0,0,0,0,0,0,0,0,0,0,0,0,0,0,0,0,0,0,0,0,0,0,0.0,0.0,0.0,0.0,0.0,0.0,0.0,0.0,0.0,0.0,0.0,0.0,0.0,7.621195162809845,1301.177297425363,0.0
,8/28/25,Thu,0.875,9:00p,Cincinnati,Nebraska,3.33M,3330.0,Nebraska,20.0,17.0,0.0,0.0,0,0.0,0.0,0.0,0.0,0.0,0.0,0.0,0.0,0.0,0.0,0.0,0.0,Big 12,Big Ten,0.0,,,6.5,,,0.0,6.5,,,,3.0,,,,,,,,,,1.0,0.0,0.0,1.0,,,,,,21.0,0,1,0,0,0,0,2025-08-28,2025,0,0,0,0,0,0,0,0,0,0,0,0,0,0,0,0,0,0,0,0,0,0,0,0,0,0,0,0,0,0,0,0.0,0.0,0.0,0.0,0.0,0.0,0.0,0.0,0.0,0.0,0.0,0.0,0.0,8.11102783819368,2383.432298018115,0.0
,8/29/25,Fri,0.791666667,7:00p,Charlotte,Appalachian St.,76K,76.0,Appalachian St.,34.0,11.0,0.0,0.0,0,0.0,0.0,0.0,0.0,0.0,0.0,0.0,1.0,0.0,0.0,0.0,0.0,American Athletic,Sun Belt,0.0,,,8.5,,,0.0,8.5,,,,23.0,,,,,,,,,,0.0,0.0,0.0,0.0,,,,,,19.0,0,0,1,0,0,0,2025-08-29,2025,0,0,0,0,0,0,0,0,0,0,0,0,0,0,0,0,0,0,0,0,0,0,0,0,0,0,0,0,0,0,0,0.0,0.0,0.0,0.0,0.0,0.0,0.0,1.0,0.0,0.0,0.0,0.0,0.0,4.343805421853684,110.79326147549428,3618.9983315348945
,8/29/25,Fri,0.833333333,8:00p,Colorado,Georgia Tech,3.74M,3740.0,Georgia Tech,27.0,20.0,0.0,0.0,0,0.0,0.0,0.0,0.0,0.0,0.0,0.0,0.0,0.0,0.0,0.0,0.0,Big 12,ACC,0.0,,,4.0,,,0.0,4.0,,,,7.0,,,,,,,,,,1.0,0.0,1.0,0.0,,,,,,20.0,0,0,1,0,0,0,2025-08-29,2025,0,1,0,0,0,0,0,0,0,0,0,0,0,0,0,0,0,0,0,0,0,0,0,0,0,0,0,0,0,0,0,0.0,0.0,0.0,0.0,0.0,0.0,0.0,0.0,0.0,0.0,0.0,0.0,1.0,8.227108234348146,3618.9983315348945,110.79326147549428
,8/30/25,Sat,0.5,12:00p,Ohio St.,Texas,16.62M,16620.0,Ohio St.,14.0,7.0,0.0,2.0,0,1.0,0.0,0.0,0.0,0.0,0.0,0.0,0.0,0.0,0.0,0.0,0.0,Big Ten,SEC,0.0,,,3.0,,,0.0,-3.0,,,,7.0,,,,,,,,,,0.0,1.0,0.0,1.0,,,,,,12.0,0,0,0,1,0,0,2025-08-30,2025,0,0,0,0,0,0,0,0,0,0,0,0,0,0,0,0,0,0,0,0,0,0,0,0,0,1,0,0,0,0,0,0.0,0.0,0.0,0.0,0.0,0.0,0.0,0.0,0.0,0.0,0.0,0.0,0.0,9.71842223507111,12055.618795518585,3938.2896852524377
,8/30/25,Sat,0.5,12:00p,Southern Miss,Mississippi St.,771K,771.0,Mississippi St.,34.0,17.0,0.0,0.0,0,0.0,0.0,0.0,0.0,0.0,0.0,0.0,0.0,0.0,0.0,0.0,0.0,Sun Belt,SEC,0.0,,,11.5,,,0.0,11.5,,,,17.0,,,,,,,,,,0.0,1.0,0.0,0.0,,,,,,12.0,0,0,0,1,0,0,2025-08-30,2025,0,0,0,0,0,0,0,0,0,0,0,0,0,0,0,0,0,0,0,0,0,0,0,0,0,0,0,0,0,0,0,0.0,0.0,0.0,0.0,0.0,0.0,0.0,0.0,0.0,0.0,0.0,0.0,0.0,6.648984550024776,619.4903745689664,15374.418106202056
,8/30/25,Sat,0.5,12:00p,Tennessee,Syracuse,2.59M,2590.0,Tennessee,45.0,26.0,1.0,0.0,0,0.0,0.0,0.0,0.0,0.0,1.0,0.0,0.0,0.0,0.0,0.0,0.0,SEC,ACC,0.0,,,13.5,,,0.0,-13.5,,,,19.0,,,,,,,,,,0.0,1.0,1.0,0.0,,,,,,12.0,0,0,0,1,0,0,2025-08-30,2025,0,0,0,0,0,0,0,0,0,0,0,0,0,0,0,0,0,0,0,0,0,0,0,0,0,0,0,0,0,0,0,0.0,0.0,0.0,0.0,0.0,0.0,0.0,0.0,0.0,0.0,0.0,0.0,0.0,7.85979918056211,3233.4473859915342,12760.461094779488
,8/30/25,Sat,0.5,12:00p,Tulane,Northwestern,75K,75.0,Tulane,23.0,3.0,0.0,0.0,0,0.0,0.0,0.0,0.0,0.0,0.0,0.0,1.0,0.0,0.0,0.0,0.0,American Athletic,Big Ten,0.0,,,6.5,,,0.0,-6.5,,,,20.0,,,,,,,,,,0.0,0.0,0.0,1.0,,,,,,12.0,0,0,0,1,0,0,2025-08-30,2025,0,0,0,0,0,0,0,0,0,0,0,0,0,0,0,0,0,0,0,0,0,0,0,0,0,0,0,0,0,0,0,0.0,0.0,0.0,0.0,0.0,0.0,0.0,0.0,0.0,0.0,0.0,0.0,0.0,4.330733340286331,85.35192469193716,15908.556556079086
,8/30/25,Sat,0.666666667,4:00p,Florida St.,Alabama,10.66M,10660.0,Florida St.,31.0,17.0,0.0,1.0,2,0.0,0.0,0.0,0.0,0.0,1.0,0.0,0.0,0.0,0.0,0.0,0.0,ACC,SEC,0.0,,,13.5,,,0.0,13.5,,,,14.0,,,,,,,,,,0.0,1.0,1.0,0.0,,,,,,16.0,0,0,0,0,1,0,2025-08-30,2025,0,0,0,0,0,0,0,0,0,0,0,0,0,0,0,0,0,0,0,0,0,0,0,0,0,0,0,0,0,0,0,0.0,0.0,0.0,0.0,0.0,0.0,0.0,0.0,0.0,0.0,0.0,0.0,0.0,9.274347501950475,7993.598707067262,3841.7459136240714
,8/30/25,Sat,0.645833333,3:30p,Penn St.,Nevada,2.24M,2240.0,Penn St.,46.0,11.0,0.0,1.0,2,0.0,0.0,0.0,0.0,1.0,0.0,0.0,0.0,0.0,0.0,0.0,0.0,Big Ten,Mountain West,0.0,,,45.5,,,0.0,-45.5,,,,35.0,,,,,,,,,,0.0,0.0,0.0,1.0,,,,,,15.5,0,0,0,0,1,0,2025-08-30,2025,0,0,0,0,0,0,0,0,0,0,0,0,0,0,0,0,0,0,0,0,0,0,0,0,0,0,0,0,0,0,0,0.0,0.0,0.0,0.0,0.0,0.0,0.0,0.0,0.0,0.0,0.0,0.0,0.0,7.714677473800927,2214.9051851040585,9620.439435587276
,8/30/25,Sat,0.645833333,3:30p,Georgia,Marshall,1.67M,1670.0,Georgia,45.0,7.0,0.0,1.0,2,0.0,0.0,0.0,0.0,0.0,0.0,0.0,0.0,0.0,0.0,0.0,0.0,SEC,Sun Belt,0.0,,,39.5,,,0.0,-39.5,,,,38.0,,,,,,,,,,0.0,1.0,0.0,0.0,,,,,,15.5,0,0,0,0,1,0,2025-08-30,2025,0,0,0,0,0,0,0,0,0,0,0,0,0,0,0,0,0,0,0,0,0,0,0,0,0,0,0,0,0,0,0,0.0,0.0,0.0,0.0,0.0,0.0,0.0,0.0,0.0,0.0,0.0,0.0,0.0,7.421177528595393,1626.8407285200128,10208.50389217132
,8/30/25,Sat,0.791666667,7:00p,Texas A&M,UTSA,1.07M,1070.0,Texas A&M,42.0,24.0,1.0,0.0,0,0.0,0.0,0.0,0.0,0.0,0.0,0.0,0.0,0.0,0.0,0.0,0.0,SEC,American Athletic,0.0,,,21.5,,,0.0,-21.5,,,,18.0,,,,,,,,,,0.0,1.0,0.0,0.0,,,,,,19.0,0,0,0,0,0,0,2025-08-30,2025,0,0,0,0,0,0,0,0,0,0,0,0,0,0,0,0,0,0,0,0,0,0,0,0,0,0,0,0,0,0,0,0.0,0.0,0.0,0.0,0.0,0.0,0.0,0.0,0.0,0.0,0.0,0.0,0.0,6.976348070447749,1114.813208769626,9384.72620141914
,8/30/25,Sat,0.8125,7:30p,Clemson,LSU,10.45M,10450.0,LSU,17.0,10.0,0.0,2.0,0,0.0,0.0,0.0,0.0,0.0,1.0,0.0,0.0,0.0,0.0,0.0,0.0,ACC,SEC,0.0,,,3.5,,,0.0,-3.5,,,,7.0,,,,,,,,,,0.0,1.0,1.0,0.0,,,,,,19.5,0,0,0,0,0,0,2025-08-30,2025,0,0,0,0,0,0,0,0,0,0,0,0,0,0,0,0,0,0,0,0,0,0,0,0,0,1,0,0,0,0,0,0.0,0.0,0.0,0.0,0.0,0.0,0.0,0.0,0.0,0.0,0.0,0.0,0.0,9.254452946594503,9384.72620141914,1114.813208769626
,8/30/25,Sat,0.9375,10:30p,Oregon St.,California,565K,565.0,California,34.0,15.0,0.0,0.0,0,0.0,0.0,0.0,0.0,0.0,0.0,0.0,0.0,0.0,0.0,0.0,0.0,Pac-12,ACC,0.0,,,3.0,,,0.0,-3.0,,,,19.0,,,,,,,,,,0.0,0.0,1.0,0.0,,,,,,22.5,0,0,0,0,0,1,2025-08-30,2025,0,0,0,0,0,0,0,0,0,0,0,0,0,0,0,0,0,0,0,0,0,0,0,0,0,0,0,0,0,0,0,0.0,0.0,0.0,0.0,0.0,0.0,0.0,0.0,0.0,0.0,0.0,0.0,0.0,6.338594078203183,935.5038066449971,0.0
,8/31/25,Sun,0.625,3:00p,South Carolina,Virginia Tech,5.43M,5430.0,South Carolina,24.0,11.0,1.0,0.0,0,0.0,0.0,0.0,0.0,0.0,0.0,0.0,0.0,0.0,0.0,0.0,0.0,SEC,ACC,1.0,,,8.5,,,0.0,-8.5,,,,13.0,,,,,,,,,,0.0,1.0,1.0,0.0,,,,,,15.0,0,0,0,0,0,0,2025-08-31,2025,0,0,0,0,0,0,0,0,0,0,0,0,0,0,0,0,0,0,0,0,0,0,0,0,0,0,0,0,0,0,0,0.0,0.0,0.0,0.0,0.0,0.0,0.0,0.0,0.0,0.0,0.0,0.0,0.0,8.599878558034845,2992.9287712624355,0.0
,8/31/25,Sun,0.8125,7:30p,Miami,Notre Dame,10.8M,10800.0,Miami,27.0,24.0,0.0,2.0,0,0.0,0.0,0.0,0.0,0.0,1.0,0.0,0.0,0.0,0.0,0.0,0.0,ACC,FBS Independents,1.0,,,2.5,,,0.0,2.5,,,,3.0,,,,,,,,,,0.0,0.0,1.0,0.0,,,,,,19.5,0,0,0,0,0,0,2025-08-31,2025,0,0,0,0,0,0,0,0,0,0,0,0,0,0,0,0,0,0,0,0,0,0,0,0,0,1,0,0,0,0,0,0.0,0.0,0.0,0.0,0.0,0.0,0.0,0.0,0.0,0.0,0.0,0.0,0.0,9.287394001418473,10593.521019034906,0.0
,9/1/25,Mon,0.833333333,8:00p,North Carolina,TCU,6.07M,6070.0,TCU,48.0,14.0,0.0,0.0,0,0.0,0.0,0.0,0.0,0.0,0.0,0.0,0.0,0.0,0.0,0.0,0.0,ACC,Big 12,0.0,,,3.0,,,0.0,3.0,,,,34.0,,,,,,,,,,1.0,0.0,1.0,0.0,,,,,,20.0,1,0,0,0,0,0,2025-09-01,2025,0,0,0,0,0,0,0,0,0,0,0,0,0,0,0,0,0,0,0,0,0,0,0,0,0,0,0,0,0,0,0,0.0,0.0,0.0,0.0,0.0,0.0,0.0,0.0,0.0,0.0,0.0,0.0,0.0,8.711278615130434,3700.8122867885686,0.0
,9/5/25,Fri,0.791666667,7:00p,Louisville,James Madison,893K,893.0,Louisville,28.0,14.0,0.0,0.0,0,0.0,0.0,1.0,0.0,0.0,0.0,0.0,0.0,0.0,0.0,0.0,0.0,ACC,Sun Belt,0.0,,,15.5,,,0.0,,,,,14.0,,,,,,,,,,0.0,0.0,1.0,0.0,,,,,,19.0,0,0,1,0,0,0,2025-09-05,2025,0,0,0,0,0,0,0,0,0,0,0,0,0,0,0,0,0,0,0,0,0,0,0,0,0,0,0,0,0,0,0,0.0,1.0,0.0,0.0,0.0,0.0,0.0,0.0,0.0,0.0,0.0,0.0,0.0,6.795705775173514,775.7959589695656,0.0
,9/6/25,Sat,0.5,12:00p,Pittsburgh,Central Michigan,125K,125.0,Pittsburgh,45.0,17.0,0.0,0.0,0,0.0,0.0,0.0,0.0,0.0,0.0,0.0,1.0,0.0,0.0,0.0,0.0,ACC,Mid-American,0.0,,,10.5,,,0.0,,,,,28.0,,,,,,,,,,0.0,0.0,1.0,0.0,,,,,,12.0,0,0,0,1,0,0,2025-09-06,2025,0,0,0,0,0,0,0,0,0,0,0,0,0,0,0,0,0,0,0,0,0,0,0,0,0,0,0,0,0,0,0,0.0,0.0,0.0,0.0,0.0,0.0,0.0,0.0,0.0,0.0,0.0,0.0,0.0,4.836281906951478,96.75536182931654,8507.254433602668
,9/6/25,Sat,0.5,12:00p,Duke,Illinois,2.18M,2180.0,Illinois,45.0,19.0,1.0,0.0,0,0.0,0.0,0.0,0.0,0.0,0.0,0.0,0.0,0.0,0.0,0.0,0.0,ACC,Big Ten,0.0,,,2.5,,,0.0,,,,,26.0,,,,,,,,,,0.0,0.0,1.0,1.0,,,,,,12.0,0,0,0,1,0,0,2025-09-06,2025,0,0,0,0,0,0,0,0,0,0,0,0,0,0,0,0,0,0,0,0,0,0,0,0,0,0,0,0,0,0,0,0.0,0.0,0.0,0.0,0.0,0.0,0.0,0.0,0.0,0.0,0.0,0.0,0.0,7.687538766201629,1209.867050331472,7394.142745100512
,9/6/25,Sat,0.5,12:00p,Texas,San Jose St.,3.75M,3750.0,Texas,38.0,7.0,0.0,1.0,0,0.0,0.0,0.0,0.0,0.0,1.0,0.0,0.0,0.0,0.0,0.0,0.0,SEC,Mountain West,0.0,,,36.5,,,0.0,,,,,31.0,,,,,,,,,,0.0,1.0,0.0,0.0,,,,,,12.0,0,0,0,1,0,0,2025-09-06,2025,0,0,0,0,0,0,0,0,0,0,0,0,0,0,0,0,0,0,0,0,0,0,0,0,0,0,0,0,0,0,0,0.0,0.0,0.0,0.0,0.0,0.0,0.0,0.0,0.0,0.0,0.0,0.0,0.0,8.229777750081887,2953.859868793293,5650.149926638691
,9/6/25,Sat,0.5,12:00p,SMU,Baylor,1.13M,1130.0,Baylor,48.0,45.0,1.0,0.0,1,0.0,0.0,0.0,0.0,0.0,0.0,1.0,0.0,0.0,0.0,0.0,0.0,ACC,Big 12,0.0,,,2.5,,,0.0,,,,,3.0,,,,,,,,,,1.0,0.0,1.0,0.0,,,,,,12.0,0,0,0,1,0,0,2025-09-06,2025,0,0,0,0,0,0,0,0,0,0,0,0,0,0,0,0,0,0,0,0,0,0,0,0,0,0,0,0,0,0,0,0.0,0.0,0.0,0.0,0.0,0.0,0.0,0.0,0.0,0.0,0.0,0.0,0.0,7.030857476116121,460.40368639635335,8143.606109035631
,9/6/25,Sat,0.5,12:00p,Iowa St.,Iowa,4.28M,4280.0,Iowa St.,16.0,13.0,1.0,0.0,0,1.0,0.0,0.0,0.0,0.0,0.0,0.0,0.0,0.0,0.0,0.0,0.0,Big 12,Big Ten,0.0,,,1.5,,,0.0,-1.5,,,,3.0,,,,,,,,,,1.0,0.0,0.0,1.0,,,,,,12.0,0,0,0,1,0,0,2025-09-06,2025,0,0,0,0,0,0,0,0,0,0,1,0,0,0,0,0,0,0,0,0,0,0,0,0,0,0,0,0,0,0,0,0.0,0.0,0.0,0.0,0.0,0.0,0.0,0.0,0.0,0.0,0.0,0.0,0.0,8.361941906144946,3342.2534916442023,5261.756303787783
,9/6/25,Sat,0.5,12:00p,North Carolina St.,Virginia,659K,659.0,North Carolina St.,35.0,31.0,0.0,0.0,1,0.0,0.0,1.0,0.0,0.0,0.0,0.0,0.0,0.0,0.0,0.0,0.0,ACC,ACC,0.0,,,2.5,,,0.0,,,,,4.0,,,,,,,,,,0.0,0.0,2.0,0.0,,,,,,12.0,0,0,0,1,0,0,2025-09-06,2025,0,0,0,0,0,0,0,0,0,0,0,0,0,0,0,0,0,0,0,0,0,0,0,0,0,0,0,0,0,0,0,0.0,0.0,0.0,0.0,0.0,0.0,0.0,0.0,0.0,0.0,0.0,0.0,0.0,6.492239835020471,540.8703364373469,8063.139458994638
,9/6/25,Sat,0.645833333,3:30p,Oregon,Oklahoma St.,2.32M,2320.0,Oregon,69.0,3.0,0.0,1.0,0,0.0,0.0,0.0,0.0,1.0,0.0,0.0,0.0,0.0,0.0,0.0,0.0,Big Ten,Big 12,0.0,,,28.5,,,0.0,,,,,66.0,,,,,,,,,,1.0,0.0,0.0,1.0,,,,,,15.5,0,0,0,0,1,0,2025-09-06,2025,0,0,0,0,0,0,0,0,0,0,0,0,0,0,0,0,0,0,0,0,0,0,0,0,0,0,0,0,0,0,0,0.0,0.0,0.0,0.0,0.0,0.0,0.0,0.0,0.0,0.0,0.0,0.0,0.0,7.749753406274437,2616.735662783913,6432.239939427608
,9/6/25,Sat,0.645833333,3:30p,Missouri,Kansas,1.83M,1830.0,Missouri,42.0,31.0,0.0,0.0,1,0.0,0.0,1.0,0.0,0.0,0.0,0.0,0.0,0.0,0.0,0.0,0.0,SEC,Big 12,0.0,,,7.0,,,0.0,-7.0,,,,11.0,,,,,,,,,,1.0,1.0,0.0,0.0,,,,,,15.5,0,0,0,0,1,0,2025-09-06,2025,0,0,0,0,0,0,0,0,0,0,0,0,0,0,0,0,0,0,0,0,0,0,0,0,0,0,0,0,0,0,0,0.0,0.0,0.0,0.0,0.0,0.0,0.0,0.0,0.0,0.0,0.0,0.0,0.0,7.5126175446745105,782.0581540172466,8266.917448194275
,9/6/25,Sat,0.645833333,3:30p,Kentucky,Mississippi,4.78M,4780.0,Mississippi,30.0,23.0,1.0,0.0,0,0.0,0.0,0.0,0.0,0.0,1.0,0.0,0.0,0.0,0.0,0.0,0.0,SEC,SEC,0.0,,,7.5,,,0.0,,,,,7.0,,,,,,,,,,0.0,2.0,0.0,0.0,,,,,,15.5,0,0,0,0,1,0,2025-09-06,2025,0,0,0,0,0,0,0,0,0,0,0,0,0,0,0,0,0,0,0,0,0,0,0,0,0,0,0,0,0,0,0,0.0,0.0,0.0,0.0,0.0,0.0,0.0,0.0,0.0,0.0,0.0,0.0,0.0,8.472405008626103,3122.566921634264,5926.408680577257
,9/6/25,Sat,0.645833333,3:30p,Colorado,Delaware,2.69M,2690.0,Colorado,31.0,7.0,0.0,0.0,0,1.0,0.0,0.0,0.0,0.0,0.0,0.0,0.0,0.0,0.0,0.0,0.0,Big 12,Conference USA,0.0,,,23.5,,,0.0,,,,,24.0,,,,,,,,,,1.0,0.0,0.0,0.0,,,,,,15.5,0,0,0,0,1,0,2025-09-06,2025,0,1,0,0,0,0,0,0,0,0,0,0,0,0,0,0,0,0,0,0,0,0,0,0,0,0,0,0,0,0,0,0.0,0.0,0.0,0.0,0.0,0.0,0.0,0.0,0.0,0.0,0.0,0.0,0.0,7.897668150726906,2032.6118924708094,7016.363709740712
,9/6/25,Sat,0.645833333,3:30p,Oregon St.,Fresno St.,658K,658.0,Fresno St.,36.0,27.0,0.0,0.0,1,0.0,0.0,0.0,0.0,0.0,0.0,1.0,0.0,0.0,0.0,0.0,0.0,Pac-12,Mountain West,0.0,,,1.5,,,0.0,,,,,9.0,,,,,,,,,,0.0,0.0,0.0,0.0,,,,,,15.5,0,0,0,0,1,0,2025-09-06,2025,0,0,0,0,0,0,0,0,0,0,0,0,0,0,0,0,0,0,0,0,0,0,0,0,0,0,0,0,0,0,0,0.0,0.0,0.0,0.0,0.0,0.0,0.0,0.0,0.0,0.0,0.0,0.0,0.0,6.490723534502507,360.9987768283693,8687.976825383152
,9/6/25,Sat,0.666666667,4:00p,Ohio,West Virginia,234K,234.0,Ohio,17.0,10.0,0.0,0.0,0,0.0,0.0,0.0,0.0,0.0,0.0,0.0,1.0,0.0,0.0,0.0,0.0,Mid-American,Big 12,0.0,,,3.5,,,0.0,,,,,7.0,,,,,,,,,,1.0,0.0,0.0,0.0,,,,,,16.0,0,0,0,0,1,0,2025-09-06,2025,0,0,0,0,0,0,0,0,0,0,0,0,0,0,0,0,0,0,0,0,0,0,0,0,0,0,0,0,0,0,0,0.0,0.0,0.0,0.0,0.0,0.0,0.0,0.0,0.0,0.0,0.0,0.0,0.0,5.459585514144159,134.00419447691885,8914.971407734603
,9/6/25,Sat,0.791666667,7:00p,Kansas St.,Army,873K,873.0,Army,24.0,21.0,0.0,0.0,0,0.0,0.0,0.0,0.0,0.0,0.0,0.0,0.0,0.0,0.0,0.0,0.0,Big 12,American Athletic,0.0,,,16.5,,,0.0,,,,,3.0,,,,,,,,,,1.0,0.0,0.0,0.0,,,,,,19.0,0,0,0,0,0,0,2025-09-06,2025,0,0,0,0,0,0,0,0,0,0,0,0,0,0,0,0,0,0,0,0,0,0,0,0,0,0,0,0,0,0,0,0.0,0.0,0.0,0.0,0.0,0.0,0.0,0.0,0.0,0.0,0.0,0.0,0.0,6.773080375655535,1208.368142998129,9246.184959197784
,9/6/25,Sat,0.8125,7:30p,Oklahoma,Michigan,9.67M,9670.0,Oklahoma,24.0,13.0,2.0,0.0,0,0.0,0.0,0.0,0.0,0.0,1.0,0.0,0.0,0.0,0.0,0.0,0.0,SEC,Big Ten,0.0,,,3.0,,,0.0,-3.0,,,,11.0,,,,,,,,,,0.0,1.0,0.0,1.0,,,,,,19.5,0,0,0,0,0,0,2025-09-06,2025,0,0,0,0,0,0,0,0,0,0,0,0,0,0,0,0,0,0,0,0,0,0,0,0,0,1,0,0,0,0,0,0.0,0.0,0.0,0.0,0.0,0.0,0.0,0.0,0.0,0.0,0.0,0.0,0.0,9.176886995716963,8313.607387440235,2140.9457147556777
,9/6/25,Sat,0.8125,7:30p,Auburn,Ball St.,158K,158.0,Auburn,42.0,3.0,0.0,0.0,0,0.0,0.0,0.0,0.0,0.0,0.0,0.0,1.0,0.0,0.0,0.0,0.0,SEC,Mid-American,0.0,,,42.5,,,0.0,,,,,39.0,,,,,,,,,,0.0,1.0,0.0,0.0,,,,,,19.5,0,0,0,0,0,0,2025-09-06,2025,0,0,0,0,0,0,0,0,0,0,0,0,0,0,0,0,0,0,0,0,0,0,0,0,0,0,0,0,0,0,0,0.0,0.0,0.0,0.0,0.0,0.0,0.0,0.0,0.0,0.0,0.0,0.0,0.0,5.0689042022202315,153.60226228253495,10300.95083991338
,9/6/25,Sat,0.8125,7:30p,Mississippi St.,Arizona St.,953K,953.0,Mississippi St.,24.0,20.0,1.0,0.0,0,0.0,0.0,1.0,0.0,0.0,0.0,0.0,0.0,0.0,0.0,0.0,0.0,SEC,Big 12,0.0,,,5.5,,,0.0,,,,,4.0,,,,,,,,,,1.0,1.0,0.0,0.0,,,,,,19.5,0,0,0,0,0,0,2025-09-06,2025,0,0,0,0,0,0,0,0,0,0,0,0,0,0,0,0,0,0,0,0,0,0,0,0,0,0,0,0,0,0,0,0.0,0.0,0.0,0.0,0.0,0.0,0.0,0.0,0.0,0.0,0.0,0.0,0.0,6.860663671448287,778.9753094750137,9675.5777927209
,9/6/25,Sat,0.9375,10:30p,BYU,Stanford,1.21M,1210.0,BYU,27.0,3.0,0.0,0.0,0,0.0,0.0,0.0,0.0,0.0,0.0,0.0,0.0,0.0,0.0,0.0,0.0,Big 12,ACC,0.0,,,20.5,,,0.0,,,,,24.0,,,,,,,,,,1.0,0.0,1.0,0.0,,,,,,22.5,0,0,0,0,0,1,2025-09-06,2025,0,0,0,0,0,0,0,0,0,0,0,0,0,0,0,0,0,0,0,0,0,0,0,0,0,0,0,0,0,0,0,0.0,0.0,0.0,0.0,0.0,0.0,0.0,0.0,0.0,0.0,0.0,0.0,0.0,7.099201743553092,1039.4569204392797,365.0682119305145
,9/6/25,Sat,0.9375,10:30p,Washington St.,San Diego St.,541K,541.0,Washington St.,36.0,13.0,0.0,0.0,0,0.0,0.0,0.0,0.0,0.0,0.0,1.0,0.0,0.0,0.0,0.0,0.0,Pac-12,Mountain West,0.0,,,2.5,,,0.0,,,,,23.0,,,,,,,,,,0.0,0.0,0.0,0.0,,,,,,22.5,0,0,0,0,0,1,2025-09-06,2025,0,0,0,0,0,0,0,0,0,0,0,0,0,0,0,0,0,0,0,0,0,0,0,0,0,0,0,0,0,0,0,0.0,0.0,0.0,0.0,0.0,0.0,0.0,0.0,0.0,0.0,0.0,0.0,0.0,6.295266001439646,365.0682119305145,1039.4569204392797
,9/11/25,Thu,0.8125,7:30p,Wake Forest,North Carolina St.,1.18M,1180.0,North Carolina St.,34.0,24.0,0.0,0.0,0,0.0,0.0,0.0,0.0,0.0,0.0,0.0,0.0,0.0,0.0,0.0,0.0,ACC,ACC,0.0,,,7.5,,,0.0,7.5,,,,10.0,,,,,,,,,,0.0,0.0,2.0,0.0,,,,,,19.5,0,1,0,0,0,0,2025-09-11,2025,0,0,0,0,0,0,0,0,0,0,0,0,0,0,0,0,0,0,0,0,0,0,0,0,0,0,0,0,0,0,0,0.0,0.0,0.0,0.0,0.0,0.0,0.0,0.0,0.0,0.0,0.0,0.0,0.0,7.074116816197362,1067.5954374698053,0.0
,9/12/25,Fri,0.8125,7:30p,Houston,Colorado,2.94M,2940.0,Houston,36.0,20.0,0.0,0.0,0,0.0,0.0,0.0,0.0,0.0,0.0,0.0,0.0,0.0,0.0,0.0,0.0,Big 12,Big 12,0.0,,,4.0,,,0.0,-4.0,,,,16.0,,,,,,,,,,2.0,0.0,0.0,0.0,,,,,,19.5,0,0,1,0,0,0,2025-09-12,2025,0,1,0,0,0,0,0,0,0,0,0,0,0,0,0,0,0,0,0,0,0,0,0,0,0,0,0,0,0,0,0,0.0,0.0,0.0,0.0,0.0,0.0,0.0,0.0,0.0,0.0,0.0,0.0,1.0,7.9865049385539955,3037.4823537057096,0.0
,9/13/25,Sat,0.5,12:00p,Temple,Oklahoma,787K,787.0,Oklahoma,42.0,3.0,1.0,0.0,0,0.0,0.0,1.0,0.0,0.0,0.0,0.0,0.0,0.0,0.0,0.0,0.0,American Athletic,SEC,0.0,,,23.5,,,0.0,23.5,,,,39.0,,,,,,,,,,0.0,1.0,0.0,0.0,,,,,,12.0,0,0,0,1,0,0,2025-09-13,2025,0,0,0,0,0,0,0,0,0,0,0,0,0,0,0,0,0,0,0,0,0,0,0,0,0,0,0,0,0,0,0,0.0,0.0,0.0,0.0,0.0,0.0,0.0,0.0,0.0,0.0,0.0,0.0,0.0,6.669498089857879,595.384202839997,8068.7948710410155
,9/13/25,Sat,0.5,12:00p,Alabama,Wisconsin,4.51M,4510.0,Alabama,38.0,14.0,1.0,0.0,0,0.0,0.0,0.0,0.0,0.0,1.0,0.0,0.0,0.0,0.0,0.0,0.0,SEC,Big Ten,0.0,,,17.5,,,0.0,-17.5,,,,24.0,,,,,,,,,,0.0,1.0,0.0,1.0,,,,,,12.0,0,0,0,1,0,0,2025-09-13,2025,0,0,0,0,0,0,0,0,0,0,0,0,0,0,0,0,0,0,0,0,0,0,0,0,0,0,0,0,0,0,0,0.0,0.0,0.0,0.0,0.0,0.0,0.0,0.0,0.0,0.0,0.0,0.0,0.0,8.414274137408396,6175.432329079242,2488.746744801771
,9/13/25,Sat,0.5,12:00p,Georgia Tech,Clemson,4.76M,4760.0,Georgia Tech,24.0,21.0,1.0,0.0,0,0.0,0.0,0.0,0.0,0.0,0.0,0.0,0.0,0.0,0.0,0.0,0.0,ACC,ACC,0.0,,,3.0,,,0.0,3.0,,,,3.0,,,,,,,,,,0.0,0.0,2.0,0.0,,,,,,12.0,0,0,0,1,0,0,2025-09-13,2025,0,0,0,0,0,0,0,0,0,0,0,0,0,0,0,0,0,0,0,0,0,0,0,0,0,0,0,0,0,0,0,0.0,0.0,0.0,0.0,0.0,0.0,0.0,0.0,0.0,0.0,0.0,0.0,0.0,8.46821300919452,1848.4721229802535,6815.706950900759
,9/13/25,Sat,0.5,12:00p,Troy,Memphis,49K,49.0,Memphis,28.0,7.0,0.0,0.0,0,0.0,0.0,0.0,0.0,0.0,0.0,0.0,1.0,0.0,0.0,0.0,0.0,Sun Belt,American Athletic,0.0,,,4.5,,,0.0,4.5,,,,21.0,,,,,,,,,,0.0,0.0,0.0,0.0,,,,,,12.0,0,0,0,1,0,0,2025-09-13,2025,0,0,0,0,0,0,0,0,0,0,0,0,0,0,0,0,0,0,0,0,0,0,0,0,0,0,0,0,0,0,0,0.0,0.0,0.0,0.0,0.0,0.0,0.0,0.0,0.0,0.0,0.0,0.0,0.0,3.912023005428146,44.89041898152062,8619.288654899492
,9/13/25,Sat,0.645833333,3:30p,Tennessee,Georgia,12.58M,12580.0,Georgia,44.0,41.0,1.0,1.0,0,0.0,0.0,0.0,0.0,0.0,1.0,0.0,0.0,0.0,0.0,0.0,0.0,SEC,SEC,0.0,,,3.5,,,0.0,3.5,,,,3.0,,,,,,,,,,0.0,2.0,0.0,0.0,,,,,,15.5,0,0,0,0,1,0,2025-09-13,2025,0,0,0,0,0,0,0,0,0,0,0,0,0,0,0,0,0,0,0,0,0,0,0,0,0,1,1,0,0,0,0,0.0,0.0,0.0,0.0,0.0,0.0,0.0,0.0,0.0,0.0,0.0,0.0,0.0,9.439943018351132,8985.584876119936,2591.7054516655503
,9/13/25,Sat,0.645833333,3:30p,West Virginia,Pittsburgh,1.89M,1890.0,West Virginia,31.0,24.0,0.0,0.0,0,0.0,0.0,0.0,0.0,0.0,0.0,0.0,0.0,0.0,0.0,0.0,0.0,Big 12,ACC,0.0,,,7.0,,,0.0,7.0,,,,7.0,,,,,,,,,,1.0,0.0,1.0,0.0,,,,,,15.5,0,0,0,0,1,0,2025-09-13,2025,0,0,0,0,0,0,0,0,0,0,0,0,0,0,0,0,0,0,0,0,0,0,0,0,0,0,0,0,0,0,0,0.0,0.0,0.0,0.0,0.0,0.0,0.0,0.0,0.0,0.0,0.0,0.0,0.0,7.544861068658458,1264.3802097706,10312.910118014886
,9/13/25,Sat,0.645833333,3:30p,North Texas,Washington St.,65K,65.0,North Texas,59.0,10.0,0.0,0.0,0,0.0,0.0,0.0,0.0,0.0,0.0,0.0,1.0,0.0,0.0,0.0,0.0,American Athletic,Pac-12,0.0,,,6.5,,,0.0,-6.5,,,,49.0,,,,,,,,,,0.0,0.0,0.0,0.0,,,,,,15.5,0,0,0,0,1,0,2025-09-13,2025,0,0,0,0,0,0,0,0,0,0,0,0,0,0,0,0,0,0,0,0,0,0,0,0,0,0,0,0,0,0,0,0.0,0.0,0.0,0.0,0.0,0.0,0.0,0.0,0.0,0.0,0.0,0.0,0.0,4.189654742026425,65.74328346744286,11511.547044318042
,9/13/25,Sat,0.666666667,4:00p,Arkansas St.,Iowa St.,523K,523.0,Iowa St.,24.0,16.0,1.0,0.0,1,0.0,0.0,1.0,0.0,0.0,0.0,0.0,0.0,0.0,0.0,0.0,0.0,Sun Belt,Big 12,0.0,,,21.0,,,0.0,21.0,,,,8.0,,,,,,,,,,1.0,0.0,0.0,0.0,,,,,,16.0,0,0,0,0,1,0,2025-09-13,2025,0,0,0,0,0,0,0,0,0,0,0,0,0,0,0,0,0,0,0,0,0,0,0,0,0,0,0,0,0,0,0,0.0,0.0,0.0,0.0,0.0,0.0,0.0,0.0,0.0,0.0,0.0,0.0,0.0,6.261491684321042,392.6848727580275,11184.605455027458
,9/13/25,Sat,0.6875,4:30p,Miami,South Florida,720K,720.0,Miami,49.0,12.0,1.0,1.0,1,0.0,0.0,0.0,0.0,0.0,0.0,1.0,0.0,0.0,0.0,0.0,0.0,ACC,American Athletic,0.0,,,17.5,,,0.0,-17.5,,,,37.0,,,,,,,,,,0.0,0.0,1.0,0.0,,,,,,16.5,0,0,0,0,1,0,2025-09-13,2025,0,0,0,0,0,0,0,0,0,0,0,0,0,0,0,0,0,0,0,0,0,0,0,0,0,1,0,0,0,0,0,0.0,0.0,0.0,0.0,0.0,0.0,0.0,0.0,0.0,0.0,0.0,0.0,0.0,6.580639137284949,868.8970856694801,10708.393242116006
,9/13/25,Sat,0.791666667,7:00p,Mississippi,Arkansas,1.44M,1440.0,Mississippi,41.0,35.0,1.0,0.0,1,0.0,0.0,0.0,0.0,0.0,0.0,0.0,0.0,0.0,0.0,0.0,0.0,SEC,SEC,0.0,,,3.5,,,0.0,-3.5,,,,6.0,,,,,,,,,,0.0,2.0,0.0,0.0,,,,,,19.0,0,0,0,0,0,0,2025-09-13,2025,0,0,0,0,0,0,0,0,0,0,0,0,0,0,0,0,0,0,0,0,0,0,0,0,0,0,0,0,0,0,0,0.0,0.0,0.0,0.0,0.0,0.0,0.0,0.0,0.0,0.0,0.0,0.0,0.0,7.273092595999522,1905.6384984950341,14038.351869309432
,9/13/25,Sat,0.833333333,8:00p,Notre Dame,Texas A&M,6.2M,6200.0,Texas A&M,41.0,40.0,1.0,1.0,1,0.0,0.0,0.0,1.0,0.0,0.0,0.0,0.0,0.0,0.0,0.0,0.0,FBS Independents,SEC,0.0,,,6.5,,,0.0,-6.5,,,,1.0,,,,,,,,,,0.0,1.0,0.0,0.0,,,,,,20.0,0,0,0,0,0,0,2025-09-13,2025,0,0,0,0,0,0,0,0,0,0,0,0,0,0,0,0,0,0,0,0,0,0,0,0,0,1,0,0,0,0,0,0.0,0.0,0.0,0.0,0.0,0.0,0.0,0.0,0.0,0.0,0.0,0.0,0.0,8.732465848349879,5915.025549012873,10028.964818791594
,9/13/25,Sat,0.8125,7:30p,LSU,Florida,7.64M,7640.0,LSU,20.0,10.0,0.0,1.0,1,0.0,0.0,0.0,0.0,0.0,1.0,0.0,0.0,0.0,0.0,0.0,0.0,SEC,SEC,0.0,,,4.5,,,0.0,-4.5,,,,10.0,,,,,,,,,,0.0,2.0,0.0,0.0,,,,,,19.5,0,0,0,0,0,0,2025-09-13,2025,0,0,0,0,0,0,0,0,0,0,0,0,0,0,0,0,0,0,0,0,0,0,0,0,0,0,0,0,0,0,0,0.0,0.0,0.0,0.0,0.0,0.0,0.0,0.0,0.0,0.0,0.0,0.0,0.0,8.941283763647567,7686.041068940257,8257.94929886421
,9/13/25,Sat,0.8125,7:30p,Kentucky,Eastern Michigan,111K,111.0,Kentucky,48.0,23.0,0.0,0.0,1,0.0,0.0,0.0,0.0,0.0,0.0,0.0,1.0,0.0,0.0,0.0,0.0,SEC,Mid-American,0.0,,,26.5,,,0.0,-26.5,,,,25.0,,,,,,,,,,0.0,1.0,0.0,0.0,,,,,,19.5,0,0,0,0,0,0,2025-09-13,2025,0,0,0,0,0,0,0,0,0,0,0,0,0,0,0,0,0,0,0,0,0,0,0,0,0,0,0,0,0,0,0,0.0,0.0,0.0,0.0,0.0,0.0,0.0,0.0,0.0,0.0,0.0,0.0,0.0,4.718498871295094,117.09377549007912,15826.896592314388
,9/13/25,Sat,0.833333333,8:00p,Tulane,Duke,150K,150.0,Tulane,34.0,27.0,0.0,0.0,2,0.0,0.0,1.0,0.0,0.0,0.0,0.0,0.0,0.0,0.0,0.0,0.0,American Athletic,ACC,0.0,,,1.5,,,0.0,-1.5,,,,7.0,,,,,,,,,,0.0,0.0,1.0,0.0,,,,,,20.0,0,0,0,0,0,0,2025-09-13,2025,0,0,0,0,0,0,0,0,0,0,0,0,0,0,0,0,0,0,0,0,0,0,0,0,0,0,0,0,0,0,0,0.0,0.0,0.0,0.0,0.0,0.0,0.0,0.0,0.0,0.0,0.0,0.0,0.0,5.017279836814924,320.1914758662236,15623.798891938242
,9/13/25,Sat,0.9375,10:30p,California,Minnesota,958K,958.0,California,27.0,14.0,0.0,0.0,0,0.0,0.0,0.0,0.0,0.0,0.0,0.0,0.0,0.0,0.0,0.0,0.0,ACC,Big Ten,0.0,,,3.0,,,0.0,3.0,,,,13.0,,,,,,,,,,0.0,0.0,1.0,1.0,,,,,,22.5,0,0,0,0,0,1,2025-09-13,2025,0,0,0,0,0,0,0,0,0,0,0,0,0,0,0,0,0,0,0,0,0,0,0,0,0,0,0,0,0,0,0,0.0,0.0,0.0,0.0,0.0,0.0,0.0,0.0,0.0,0.0,0.0,0.0,0.0,6.8658910748834385,1042.5967803636731,0.0
,9/18/25,Thu,0.8125,7:30p,Charlotte,Rice,671K,671.0,Rice,28.0,17.0,0.0,0.0,0,0.0,0.0,0.0,0.0,0.0,0.0,0.0,0.0,0.0,0.0,0.0,0.0,American Athletic,American Athletic,0.0,,,1.5,,,0.0,1.5,,,,11.0,,,,,,,,,,0.0,0.0,0.0,0.0,,,,,,19.5,0,1,0,0,0,0,2025-09-18,2025,0,0,0,0,0,0,0,0,0,0,0,0,0,0,0,0,0,0,0,0,0,0,0,0,0,0,0,0,0,0,0,0.0,0.0,0.0,0.0,0.0,0.0,0.0,0.0,0.0,0.0,0.0,0.0,0.0,6.51025834052315,331.09172945385495,0.0
,9/19/25,Fri,0.8125,7:30p,Oklahoma St.,Tulsa,1.57M,1570.0,Tulsa,19.0,12.0,0.0,0.0,0,0.0,0.0,0.0,0.0,0.0,0.0,0.0,0.0,0.0,0.0,0.0,0.0,Big 12,American Athletic,0.0,,,10.0,,,0.0,-10.0,,,,7.0,,,,,,,,,,1.0,0.0,0.0,0.0,,,,,,19.5,0,0,1,0,0,0,2025-09-19,2025,0,0,0,0,0,0,0,0,0,0,0,0,0,0,0,0,0,0,0,0,0,0,0,0,0,0,0,0,0,0,0,0.0,0.0,0.0,0.0,0.0,0.0,0.0,0.0,0.0,0.0,0.0,0.0,1.0,7.359467638255621,1065.7347824498997,1969.0180852347733
,9/19/25,Fri,0.833333333,8:00p,Rutgers,Iowa,3.01M,3010.0,Iowa,38.0,28.0,0.0,0.0,0,1.0,0.0,0.0,0.0,0.0,0.0,0.0,0.0,0.0,0.0,0.0,0.0,Big Ten,Big Ten,0.0,,,2.5,,,0.0,2.5,,,,10.0,,,,,,,,,,0.0,0.0,0.0,2.0,,,,,,20.0,0,0,1,0,0,0,2025-09-19,2025,0,0,0,0,0,0,0,0,0,0,0,0,0,0,0,0,0,0,0,0,0,0,0,0,0,0,0,0,0,0,0,1.0,0.0,0.0,0.0,0.0,0.0,0.0,0.0,0.0,0.0,0.0,0.0,0.0,8.010027528481734,1969.0180852347733,1065.7347824498997
,9/20/25,Sat,0.5,12:00p,Memphis,Arkansas,2.11M,2110.0,Memphis,32.0,31.0,0.0,0.0,0,0.0,0.0,0.0,0.0,0.0,1.0,0.0,0.0,0.0,0.0,0.0,0.0,American Athletic,SEC,0.0,,,7.0,,,0.0,7.0,,,,1.0,,,,,,,,,,0.0,1.0,0.0,0.0,,,,,,12.0,0,0,0,1,0,0,2025-09-20,2025,0,0,0,0,0,0,0,0,0,0,0,0,0,0,0,0,0,0,0,0,0,0,0,0,0,0,0,0,0,0,0,0.0,0.0,0.0,0.0,0.0,0.0,0.0,0.0,0.0,0.0,0.0,0.0,0.0,7.65491704784832,1247.877135203992,4383.646069189952
,9/20/25,Sat,0.5,12:00p,Clemson,Syracuse,3.39M,3390.0,Syracuse,34.0,21.0,0.0,0.0,0,0.0,0.0,0.0,0.0,0.0,0.0,0.0,0.0,0.0,0.0,0.0,0.0,ACC,ACC,0.0,,,17.5,,,0.0,-17.5,,,,13.0,,,,,,,,,,0.0,0.0,2.0,0.0,,,,,,12.0,0,0,0,1,0,0,2025-09-20,2025,0,0,0,0,0,0,0,0,0,0,0,0,0,0,0,0,0,0,0,0,0,0,0,0,0,0,0,0,0,0,0,0.0,0.0,0.0,0.0,0.0,0.0,0.0,0.0,0.0,0.0,0.0,0.0,0.0,8.128880142125638,1380.9737685552946,4250.5494358386495
,9/20/25,Sat,0.5,12:00p,Miami Ohio,UNLV,74K,74.0,UNLV,41.0,38.0,0.0,0.0,0,0.0,0.0,0.0,0.0,0.0,0.0,0.0,1.0,0.0,0.0,0.0,0.0,Mid-American,Mountain West,0.0,,,2.5,,,0.0,2.5,,,,3.0,,,,,,,,,,0.0,0.0,0.0,0.0,,,,,,12.0,0,0,0,1,0,0,2025-09-20,2025,0,0,0,0,0,0,0,0,0,0,0,0,0,0,0,0,0,0,0,0,0,0,0,0,0,0,0,0,0,0,0,0.0,0.0,0.0,0.0,0.0,0.0,0.0,0.0,0.0,0.0,0.0,0.0,0.0,4.31748811353631,71.86564974657297,5559.6575546473705
,9/20/25,Sat,0.5,12:00p,TCU,SMU,662K,662.0,TCU,35.0,24.0,0.0,0.0,0,0.0,0.0,1.0,0.0,0.0,0.0,0.0,0.0,0.0,0.0,0.0,0.0,Big 12,ACC,0.0,,,6.5,,,0.0,-6.5,,,,11.0,,,,,,,,,,1.0,0.0,1.0,0.0,,,,,,12.0,0,0,0,1,0,0,2025-09-20,2025,0,0,0,0,0,0,0,0,0,0,0,0,0,0,0,0,0,0,0,0,0,0,0,0,0,0,0,0,0,0,0,0.0,0.0,0.0,0.0,0.0,0.0,0.0,0.0,0.0,0.0,0.0,0.0,0.0,6.4967749901858625,397.4344653392214,5234.088739054723
,9/20/25,Sat,0.645833333,3:30p,Wisconsin,Maryland,2M,2000.0,Maryland,27.0,10.0,0.0,0.0,0,0.0,0.0,0.0,1.0,0.0,0.0,0.0,0.0,0.0,0.0,0.0,0.0,Big Ten,Big Ten,0.0,,,10.5,,,0.0,-10.5,,,,17.0,,,,,,,,,,0.0,0.0,0.0,2.0,,,,,,15.5,0,0,0,0,1,0,2025-09-20,2025,0,0,0,0,0,0,0,0,0,0,0,0,0,0,0,0,0,0,0,0,0,0,0,0,0,0,0,0,0,0,0,0.0,0.0,0.0,0.0,0.0,0.0,0.0,0.0,0.0,0.0,0.0,0.0,0.0,7.601402334583733,1606.3529006491415,14210.39435029869
,9/20/25,Sat,0.5,12:00p,Utah,Texas Tech,4.04M,4040.0,Texas Tech,34.0,10.0,2.0,0.0,0,1.0,0.0,0.0,0.0,0.0,0.0,0.0,0.0,0.0,0.0,0.0,0.0,Big 12,Big 12,0.0,,,3.5,,,0.0,-3.5,,,,24.0,,,,,,,,,,2.0,0.0,0.0,0.0,,,,,,12.0,0,0,0,1,0,0,2025-09-20,2025,0,0,0,0,0,0,0,0,0,0,0,0,0,0,0,0,0,0,0,0,0,0,0,0,0,1,0,0,0,1,0,0.0,0.0,0.0,0.0,0.0,0.0,0.0,0.0,0.0,0.0,0.0,0.0,0.0,8.304247465078474,2533.372185548863,3098.151018845081
,9/20/25,Sat,0.645833333,3:30p,Oklahoma,Auburn,6.12M,6120.0,Oklahoma,24.0,17.0,2.0,0.0,0,0.0,0.0,0.0,0.0,0.0,1.0,0.0,0.0,0.0,0.0,0.0,0.0,SEC,SEC,0.0,,,6.5,,,0.0,-6.5,,,,7.0,,,,,,,,,,0.0,2.0,0.0,0.0,,,,,,15.5,0,0,0,0,1,0,2025-09-20,2025,0,0,0,0,0,0,0,0,0,0,0,0,0,0,0,0,0,0,0,0,0,0,0,0,0,1,1,0,0,0,0,0.0,0.0,0.0,0.0,0.0,0.0,0.0,0.0,0.0,0.0,0.0,0.0,0.0,8.71948076085107,6154.217194680389,9662.53005626744
,9/20/25,Sat,0.645833333,3:30p,Liberty,James Madison,67K,67.0,James Madison,31.0,13.0,0.0,0.0,0,0.0,0.0,0.0,0.0,0.0,0.0,0.0,1.0,0.0,0.0,0.0,0.0,Conference USA,Sun Belt,0.0,,,7.5,,,0.0,7.5,,,,18.0,,,,,,,,,,0.0,0.0,0.0,0.0,,,,,,15.5,0,0,0,0,1,0,2025-09-20,2025,0,0,0,0,0,0,0,0,0,0,0,0,0,0,0,0,0,0,0,0,0,0,0,0,0,0,0,0,0,0,0,0.0,0.0,0.0,0.0,0.0,0.0,0.0,0.0,0.0,0.0,0.0,0.0,0.0,4.219507705176107,81.40684238845274,15735.340408559377
,9/20/25,Sat,0.645833333,3:30p,Nebraska,Michigan,5.3M,5300.0,Michigan,30.0,27.0,1.0,0.0,0,0.0,0.0,0.0,0.0,1.0,0.0,0.0,0.0,0.0,0.0,0.0,0.0,Big Ten,Big Ten,0.0,,,1.5,,,0.0,1.5,,,,3.0,,,,,,,,,,0.0,0.0,0.0,2.0,,,,,,15.5,0,0,0,0,1,0,2025-09-20,2025,0,0,0,0,0,0,0,0,0,0,0,0,0,0,0,0,0,0,0,0,0,0,0,0,0,0,0,0,0,0,0,0.0,0.0,0.0,0.0,0.0,0.0,0.0,0.0,0.0,0.0,0.0,0.0,0.0,8.575650760987806,7029.239357105042,8787.507893842789
,9/20/25,Sat,0.645833333,3:30p,Mississippi,Tulane,1.05M,1050.0,Mississippi,45.0,10.0,1.0,0.0,0,0.0,0.0,0.0,0.0,0.0,0.0,0.0,0.0,0.0,0.0,0.0,0.0,SEC,American Athletic,0.0,,,12.5,,,0.0,-12.5,,,,35.0,,,,,,,,,,0.0,1.0,0.0,0.0,,,,,,15.5,0,0,0,0,1,0,2025-09-20,2025,0,0,0,0,0,0,0,0,0,0,0,0,0,0,0,0,0,0,0,0,0,0,0,0,0,0,0,0,0,0,0,0.0,0.0,0.0,0.0,0.0,0.0,0.0,0.0,0.0,0.0,0.0,0.0,0.0,6.957497370876951,945.5309561248056,14871.216294823025
,9/20/25,Sat,0.729166667,5:30p,Duke,North Carolina St.,663K,663.0,Duke,45.0,33.0,0.0,0.0,0,0.0,0.0,1.0,0.0,0.0,0.0,0.0,0.0,0.0,0.0,0.0,0.0,ACC,ACC,0.0,,,3.0,,,0.0,-3.0,,,,12.0,,,,,,,,,,0.0,0.0,2.0,0.0,,,,,,17.5,0,0,0,0,1,0,2025-09-20,2025,0,0,0,0,0,0,0,0,0,0,0,0,0,0,0,0,0,0,0,0,0,0,0,0,0,0,0,0,0,0,0,0.0,0.0,0.0,0.0,0.0,0.0,0.0,0.0,0.0,0.0,0.0,0.0,0.0,6.498282149476434,526.1762008405994,0.0
,9/20/25,Sat,0.791666667,7:00p,Missouri,South Carolina,1.85M,1850.0,Missouri,29.0,20.0,1.0,0.0,1,0.0,0.0,0.0,0.0,0.0,0.0,0.0,0.0,0.0,0.0,0.0,0.0,SEC,SEC,0.0,,,10.0,,,0.0,-10.0,,,,9.0,,,,,,,,,,0.0,2.0,0.0,0.0,,,,,,19.0,0,0,0,0,0,0,2025-09-20,2025,0,0,0,0,0,0,0,0,0,0,0,0,0,0,0,0,0,0,0,0,0,0,0,0,0,0,0,0,0,0,0,0.0,0.0,0.0,0.0,0.0,0.0,0.0,0.0,0.0,0.0,0.0,0.0,0.0,7.523481312573497,2251.9904554190716,11112.68821130928
,9/20/25,Sat,0.8125,7:30p,Indiana,Illinois,2.7M,2700.0,Indiana,63.0,10.0,1.0,1.0,1,0.0,0.0,0.0,1.0,0.0,0.0,0.0,0.0,0.0,0.0,0.0,0.0,Big Ten,Big Ten,0.0,,,7.0,,,0.0,-7.0,,,,53.0,,,,,,,,,,0.0,0.0,0.0,2.0,,,,,,19.5,0,0,0,0,0,0,2025-09-20,2025,0,0,0,0,0,0,0,0,0,0,0,0,0,0,0,0,0,0,0,0,0,0,0,0,0,1,0,1,0,0,0,0.0,0.0,0.0,0.0,0.0,0.0,0.0,0.0,0.0,0.0,0.0,0.0,0.0,7.901377353792616,2497.993630365423,10866.685036362927
,9/20/25,Sat,0.8125,7:30p,Miami,Florida,6.46M,6460.0,Miami,26.0,7.0,0.0,1.0,1,0.0,0.0,0.0,0.0,0.0,1.0,0.0,0.0,0.0,0.0,0.0,0.0,ACC,SEC,0.0,,,8.5,,,0.0,-8.5,,,,19.0,,,,,,,,,,0.0,1.0,1.0,0.0,,,,,,19.5,0,0,0,0,0,0,2025-09-20,2025,0,0,0,0,0,0,0,0,0,0,0,0,0,0,0,0,0,0,0,0,0,0,0,0,0,0,0,0,0,0,0,0.0,0.0,0.0,0.0,0.0,0.0,0.0,0.0,0.0,0.0,0.0,0.0,0.0,8.773539383558166,5448.456423708668,7916.222243019684
,9/20/25,Sat,0.833333333,8:00p,Vanderbilt,Georgia St.,52K,52.0,Vanderbilt,70.0,21.0,1.0,0.0,1,0.0,0.0,0.0,0.0,0.0,0.0,0.0,1.0,0.0,0.0,0.0,0.0,SEC,Sun Belt,0.0,,,27.5,,,0.0,-27.5,,,,49.0,,,,,,,,,,0.0,1.0,0.0,0.0,,,,,,20.0,0,0,0,0,0,0,2025-09-20,2025,0,0,0,0,0,0,0,0,0,0,0,0,0,0,0,0,0,0,0,0,0,0,0,0,0,0,0,0,0,0,0,0.0,0.0,0.0,0.0,0.0,0.0,0.0,0.0,0.0,0.0,0.0,0.0,0.0,3.970291913552122,85.13025716559665,13279.548409562754
,9/20/25,Sat,0.8125,7:30p,East Carolina,BYU,623K,623.0,BYU,34.0,13.0,0.0,0.0,2,0.0,0.0,1.0,0.0,0.0,0.0,0.0,0.0,0.0,0.0,0.0,0.0,American Athletic,Big 12,0.0,,,6.5,,,0.0,6.5,,,,21.0,,,,,,,,,,1.0,0.0,0.0,0.0,,,,,,19.5,0,0,0,0,0,0,2025-09-20,2025,0,0,0,0,0,0,0,0,0,0,0,0,0,0,0,0,0,0,0,0,0,0,0,0,0,0,0,0,0,0,0,0.0,0.0,0.0,0.0,0.0,0.0,0.0,0.0,0.0,0.0,0.0,0.0,0.0,6.436150368369428,436.44048504399836,12928.238181684352
,9/20/25,Sat,0.8125,7:30p,Washington St.,Washington,1.65M,1650.0,Washington,59.0,24.0,0.0,0.0,1,0.0,0.0,0.0,0.0,1.0,0.0,0.0,0.0,0.0,0.0,0.0,0.0,Pac-12,Big Ten,0.0,,,21.0,,,0.0,21.0,,,,35.0,,,,,,,,,,0.0,0.0,0.0,1.0,,,,,,19.5,0,0,0,0,0,0,2025-09-20,2025,0,0,0,0,0,0,0,0,0,0,0,0,0,0,0,0,0,0,0,1,0,0,0,0,0,0,0,0,0,0,0,0.0,0.0,0.0,0.0,0.0,0.0,0.0,0.0,0.0,0.0,0.0,0.0,0.0,7.409136443920128,2644.667415025594,10720.011251702757
,9/20/25,Sat,0.9375,10:30p,Colorado,Wyoming,1.34M,1340.0,Colorado,37.0,20.0,0.0,0.0,0,0.0,0.0,0.0,0.0,0.0,0.0,0.0,0.0,0.0,0.0,0.0,0.0,Big 12,Mountain West,0.0,,,12.5,,,0.0,-12.5,,,,17.0,,,,,,,,,,1.0,0.0,0.0,0.0,,,,,,22.5,0,0,0,0,0,1,2025-09-20,2025,0,1,0,0,0,0,0,0,0,0,0,0,0,0,0,0,0,0,0,0,0,0,0,0,0,0,0,0,0,0,0,0.0,0.0,0.0,0.0,0.0,0.0,0.0,0.0,0.0,0.0,0.0,0.0,0.0,7.201170883281678,2087.4997830274524,0.0
,9/25/25,Thu,0.8125,7:30p,East Carolina,Army,891K,891.0,East Carolina,28.0,6.0,0.0,0.0,0,0.0,0.0,0.0,0.0,0.0,0.0,0.0,0.0,0.0,0.0,0.0,0.0,American Athletic,American Athletic,0.0,,,3.5,,,0.0,-3.5,,,,22.0,,,,,,,,,,0.0,0.0,0.0,0.0,,,,,,19.5,0,1,0,0,0,0,2025-09-25,2025,0,0,0,0,0,0,0,0,0,0,0,0,0,0,0,0,0,0,0,0,0,0,0,0,0,0,0,0,0,0,0,0.0,0.0,0.0,0.0,0.0,0.0,0.0,0.0,0.0,0.0,0.0,0.0,0.0,6.79346613258001,1125.9608606816223,0.0
,9/26/25,Fri,0.791666667,7:00p,Virginia,Florida St.,4.39M,4390.0,Virginia,46.0,38.0,0.0,1.0,0,0.0,0.0,0.0,0.0,0.0,0.0,0.0,0.0,0.0,0.0,0.0,0.0,ACC,ACC,0.0,,,7.0,,,0.0,7.0,,,,8.0,,,,,,,,,,0.0,0.0,2.0,0.0,,,,,,19.0,0,0,1,0,0,0,2025-09-26,2025,0,0,0,0,0,0,0,0,0,0,0,0,0,0,0,0,0,0,0,0,0,0,0,0,0,0,0,0,0,0,0,0.0,0.0,0.0,0.0,0.0,0.0,0.0,0.0,0.0,0.0,0.0,0.0,1.0,8.387312270561717,3498.7527585797006,0.0
,9/26/25,Fri,0.9375,10:30p,Oregon St.,Houston,1.55M,1550.0,Houston,27.0,24.0,0.0,0.0,0,0.0,0.0,0.0,0.0,0.0,0.0,0.0,0.0,0.0,0.0,0.0,0.0,Pac-12,Big 12,0.0,,,11.5,,,0.0,11.5,,,,3.0,,,,,,,,,,1.0,0.0,0.0,0.0,,,,,,22.5,0,0,1,0,0,0,2025-09-26,2025,0,0,0,0,0,0,0,0,0,0,0,0,0,0,0,0,0,0,0,0,0,0,0,0,0,0,0,0,0,0,0,0.0,0.0,0.0,0.0,0.0,0.0,0.0,0.0,0.0,0.0,0.0,0.0,1.0,7.346655163176539,1214.6144081323578,0.0
,9/27/25,Sat,0.5,12:00p,Illinois,USC,4.12M,4120.0,Illinois,34.0,32.0,2.0,0.0,0,1.0,0.0,0.0,0.0,0.0,0.0,0.0,0.0,0.0,0.0,0.0,0.0,Big Ten,Big Ten,0.0,,,6.5,,,0.0,6.5,,,,2.0,,,,,,,,,,0.0,0.0,0.0,2.0,,,,,,12.0,0,0,0,1,0,0,2025-09-27,2025,0,0,0,0,0,0,0,0,0,0,0,0,0,0,0,0,0,0,0,0,0,0,0,0,0,1,0,1,0,0,0,0.0,0.0,0.0,0.0,0.0,0.0,0.0,0.0,0.0,0.0,0.0,0.0,0.0,8.323851131338817,3111.72701846765,5543.203385216979
,9/27/25,Sat,0.5,12:00p,Wake Forest,Georgia Tech,1.85M,1850.0,Georgia Tech,30.0,29.0,1.0,0.0,0,0.0,0.0,0.0,0.0,0.0,0.0,0.0,0.0,0.0,0.0,0.0,0.0,ACC,ACC,0.0,,,13.5,,,0.0,13.5,,,,1.0,,,,,,,,,,0.0,0.0,2.0,0.0,,,,,,12.0,0,0,0,1,0,0,2025-09-27,2025,0,0,0,0,0,0,0,0,0,0,0,0,0,0,0,0,0,0,0,0,0,0,0,0,0,0,0,0,0,0,0,0.0,0.0,0.0,0.0,0.0,0.0,0.0,0.0,0.0,0.0,0.0,0.0,0.0,7.523481312573497,893.9341029311154,7760.996300753513
,9/27/25,Sat,0.5,12:00p,North Texas,South Alabama,50K,50.0,North Texas,36.0,22.0,0.0,0.0,0,0.0,0.0,0.0,0.0,0.0,0.0,0.0,1.0,0.0,0.0,0.0,0.0,American Athletic,Sun Belt,0.0,,,13.5,,,0.0,-13.5,,,,14.0,,,,,,,,,,0.0,0.0,0.0,0.0,,,,,,12.0,0,0,0,1,0,0,2025-09-27,2025,0,0,0,0,0,0,0,0,0,0,0,0,0,0,0,0,0,0,0,0,0,0,0,0,0,0,0,0,0,0,0,0.0,0.0,0.0,0.0,0.0,0.0,0.0,0.0,0.0,0.0,0.0,0.0,0.0,3.9318256327243257,53.06773902802222,8601.862664656608
,9/27/25,Sat,0.5,12:00p,Arkansas,Notre Dame,4.26M,4260.0,Notre Dame,56.0,13.0,1.0,0.0,0,0.0,0.0,0.0,0.0,0.0,1.0,0.0,0.0,0.0,0.0,0.0,0.0,SEC,FBS Independents,0.0,,,5.5,,,0.0,5.5,,,,43.0,,,,,,,,,,0.0,1.0,0.0,0.0,,,,,,12.0,0,0,0,1,0,0,2025-09-27,2025,0,0,0,0,0,0,0,0,0,0,0,0,0,0,0,0,0,0,0,0,0,0,0,0,0,0,0,0,0,0,0,0.0,0.0,0.0,0.0,0.0,0.0,0.0,0.0,0.0,0.0,0.0,0.0,0.0,8.357259153499912,4066.550070322384,4588.380333362245
,9/27/25,Sat,0.5,12:00p,Pittsburgh,Louisville,580K,580.0,Louisville,34.0,27.0,0.0,0.0,0,0.0,0.0,1.0,0.0,0.0,0.0,0.0,0.0,0.0,0.0,0.0,0.0,ACC,ACC,0.0,,,3.0,,,0.0,3.0,,,,7.0,,,,,,,,,,0.0,0.0,2.0,0.0,,,,,,12.0,0,0,0,1,0,0,2025-09-27,2025,0,0,0,0,0,0,0,0,0,0,0,0,0,0,0,0,0,0,0,0,0,0,0,0,0,0,0,0,0,0,0,0.0,0.0,0.0,0.0,0.0,0.0,0.0,0.0,0.0,0.0,0.0,0.0,0.0,6.364750756851911,529.6514729354577,8125.278930749171
,9/27/25,Sat,0.645833333,3:30p,Oklahoma St.,Baylor,396K,396.0,Baylor,45.0,27.0,0.0,0.0,3,0.0,0.0,1.0,0.0,0.0,0.0,0.0,0.0,0.0,0.0,0.0,0.0,Big 12,Big 12,0.0,,,21.0,,,0.0,21.0,,,,18.0,,,,,,,,,,2.0,0.0,0.0,0.0,,,,,,15.5,0,0,0,0,1,0,2025-09-27,2025,0,0,0,0,0,0,0,0,0,0,0,0,0,0,0,0,0,0,0,0,0,0,0,0,0,0,0,0,0,0,0,0.0,0.0,0.0,0.0,0.0,0.0,0.0,0.0,0.0,0.0,0.0,0.0,0.0,5.983936280687191,506.07672164678587,15198.784854050968
,9/27/25,Sat,0.645833333,3:30p,Mississippi,LSU,6.69M,6690.0,Mississippi,24.0,19.0,1.0,1.0,2,0.0,0.0,0.0,0.0,0.0,1.0,0.0,0.0,0.0,0.0,0.0,0.0,SEC,SEC,0.0,,,2.5,,,0.0,-2.5,,,,5.0,,,,,,,,,,0.0,2.0,0.0,0.0,,,,,,15.5,0,0,0,0,1,0,2025-09-27,2025,0,0,0,0,0,0,0,0,0,0,0,0,0,0,0,0,0,0,0,0,0,0,0,0,0,1,1,0,0,0,0,0.0,0.0,0.0,0.0,0.0,0.0,0.0,0.0,0.0,0.0,0.0,0.0,0.0,8.808518618782816,5990.045028600666,9714.816547097087
,9/27/25,Sat,0.645833333,3:30p,Texas A&M,Auburn,2.47M,2470.0,Texas A&M,16.0,10.0,0.0,1.0,2,0.0,0.0,0.0,0.0,0.0,0.0,0.0,0.0,0.0,0.0,0.0,0.0,SEC,SEC,0.0,,,6.5,,,0.0,-6.5,,,,6.0,,,,,,,,,,0.0,2.0,0.0,0.0,,,,,,15.5,0,0,0,0,1,0,2025-09-27,2025,0,0,0,0,0,0,0,0,0,0,0,0,0,0,0,0,0,0,0,0,0,0,0,0,0,0,0,0,0,0,0,0.0,0.0,0.0,0.0,0.0,0.0,0.0,0.0,0.0,0.0,0.0,0.0,0.0,7.81237820598861,3731.5605666567717,11973.30100904098
,9/27/25,Sat,0.645833333,3:30p,Washington,Ohio St.,5.23M,5230.0,Ohio St.,24.0,6.0,0.0,1.0,2,0.0,0.0,0.0,0.0,1.0,0.0,0.0,0.0,0.0,0.0,0.0,0.0,Big Ten,Big Ten,0.0,,,9.5,,,0.0,9.5,,,,18.0,,,,,,,,,,0.0,0.0,0.0,2.0,,,,,,15.5,0,0,0,0,1,0,2025-09-27,2025,0,0,0,0,0,0,0,0,0,0,0,0,0,0,0,0,0,0,0,0,0,0,0,0,0,0,0,0,0,0,0,0.0,0.0,0.0,0.0,0.0,0.0,0.0,0.0,0.0,0.0,0.0,0.0,0.0,8.562357743370612,5414.40275813896,10290.458817558792
,9/27/25,Sat,0.666666667,4:00p,Tulsa,Tulane,31K,31.0,Tulane,31.0,14.0,0.0,0.0,2,0.0,0.0,0.0,0.0,0.0,0.0,0.0,1.0,0.0,0.0,0.0,0.0,American Athletic,American Athletic,0.0,,,14.5,,,0.0,14.5,,,,17.0,,,,,,,,,,0.0,0.0,0.0,0.0,,,,,,16.0,0,0,0,0,1,0,2025-09-27,2025,0,0,0,0,0,0,0,0,0,0,0,0,0,0,0,0,0,0,0,0,0,0,0,0,0,0,0,0,0,0,0,0.0,0.0,0.0,0.0,0.0,0.0,0.0,0.0,0.0,0.0,0.0,0.0,0.0,3.4657359027997265,62.77650065456875,15642.085075043184
,9/27/25,Sat,0.791666667,7:00p,FAU,Memphis,151K,151.0,Memphis,55.0,26.0,0.0,0.0,2,0.0,0.0,1.0,0.0,0.0,0.0,0.0,0.0,0.0,0.0,0.0,0.0,American Athletic,American Athletic,0.0,,,14.0,,,0.0,14.0,,,,29.0,,,,,,,,,,0.0,0.0,0.0,0.0,,,,,,19.0,0,0,0,0,0,0,2025-09-27,2025,0,0,0,0,0,0,0,0,0,0,0,0,0,0,0,0,0,0,0,0,0,0,0,0,0,0,0,0,0,0,0,0.0,0.0,0.0,0.0,0.0,0.0,0.0,0.0,0.0,0.0,0.0,0.0,0.0,5.0238805208462765,158.99983537202505,18912.969422270595
,9/27/25,Sat,0.791666667,7:00p,Iowa St.,Arizona,1.15M,1150.0,Iowa St.,39.0,14.0,1.0,0.0,1,0.0,0.0,0.0,0.0,0.0,0.0,0.0,0.0,0.0,0.0,0.0,0.0,Big 12,Big 12,0.0,,,4.0,,,0.0,-4.0,,,,25.0,,,,,,,,,,2.0,0.0,0.0,0.0,,,,,,19.0,0,0,0,0,0,0,2025-09-27,2025,0,0,0,0,0,0,0,0,0,0,0,0,0,0,0,0,0,0,0,0,0,0,0,0,0,0,0,0,0,0,0,0.0,0.0,0.0,0.0,0.0,0.0,0.0,0.0,0.0,0.0,0.0,0.0,0.0,7.048386408721883,1426.1350203145776,17645.834237328043
,9/27/25,Sat,0.8125,7:30p,Georgia,Alabama,10.42M,10420.0,Alabama,24.0,21.0,1.0,1.0,1,0.0,0.0,0.0,0.0,0.0,1.0,0.0,0.0,0.0,0.0,0.0,0.0,SEC,SEC,0.0,,,2.5,,,0.0,-2.5,,,,3.0,,,,,,,,,,0.0,2.0,0.0,0.0,,,,,,19.5,0,0,0,0,0,0,2025-09-27,2025,0,0,0,0,0,0,0,0,0,0,0,0,0,0,0,0,0,0,0,0,0,0,0,0,0,1,1,0,0,0,0,0.0,0.0,0.0,0.0,0.0,0.0,0.0,0.0,0.0,0.0,0.0,0.0,0.0,9.251578279992428,11688.369807963798,7383.599449678821
,9/27/25,Sat,0.8125,7:30p,Penn St.,Oregon,8.5M,8500.0,Oregon,30.0,24.0,0.0,2.0,1,0.0,0.0,0.0,1.0,0.0,0.0,0.0,0.0,0.0,0.0,0.0,0.0,Big Ten,Big Ten,0.0,,,3.5,,,0.0,-3.5,,,,6.0,,,,,,,,,,0.0,0.0,0.0,2.0,,,,,,19.5,0,0,0,0,0,0,2025-09-27,2025,0,0,0,0,0,0,0,0,0,0,0,0,0,0,0,0,0,0,0,0,0,0,0,0,0,1,0,1,0,0,0,0.0,0.0,0.0,0.0,0.0,0.0,0.0,0.0,0.0,0.0,0.0,0.0,0.0,9.04793908261736,5704.263777150063,13367.705480492557
,9/27/25,Sat,0.8125,7:30p,Missouri,Massachusetts,102K,102.0,Missouri,42.0,6.0,1.0,0.0,1,0.0,0.0,0.0,0.0,0.0,0.0,0.0,1.0,0.0,0.0,0.0,0.0,SEC,Mid-American,0.0,,,44.5,,,0.0,-44.5,,,,36.0,,,,,,,,,,0.0,1.0,0.0,0.0,,,,,,19.5,0,0,0,0,0,0,2025-09-27,2025,0,0,0,0,0,0,0,0,0,0,0,0,0,0,0,0,0,0,0,0,0,0,0,0,0,0,0,0,0,0,0,0.0,0.0,0.0,0.0,0.0,0.0,0.0,0.0,0.0,0.0,0.0,0.0,0.0,4.634728988229636,94.20081684215558,18977.768440800464
,9/27/25,Sat,0.9375,10:30p,Colorado,BYU,2.46M,2460.0,BYU,24.0,21.0,1.0,0.0,0,0.0,0.0,0.0,0.0,0.0,0.0,0.0,0.0,0.0,0.0,0.0,0.0,Big 12,Big 12,0.0,,,6.5,,,0.0,6.5,,,,3.0,,,,,,,,,,2.0,0.0,0.0,0.0,,,,,,22.5,0,0,0,0,0,1,2025-09-27,2025,0,1,0,0,0,0,0,0,0,0,0,0,0,0,0,0,0,0,0,0,0,0,0,0,0,0,0,0,0,0,0,0.0,0.0,0.0,0.0,0.0,0.0,0.0,0.0,0.0,0.0,0.0,0.0,0.0,7.8083230503910555,3548.068635738904,0.0
,10/3/25,Fri,0.791666667,7:00p,South Florida,Charlotte,749K,749.0,South Florida,54.0,26.0,0.0,0.0,0,0.0,0.0,1.0,0.0,0.0,0.0,0.0,0.0,0.0,0.0,0.0,0.0,American Athletic,American Athletic,0.0,,,27.5,,,0.0,-27.5,,,,28.0,,,,,,,,,,0.0,0.0,0.0,0.0,,,,,,19.0,0,0,1,0,0,0,2025-10-03,2025,0,0,0,0,0,0,0,0,0,0,0,0,0,0,0,0,0,0,0,0,0,0,0,0,0,0,0,0,0,0,0,0.0,1.0,0.0,0.0,0.0,0.0,0.0,0.0,0.0,0.0,0.0,0.0,0.0,6.620073206530356,447.3223269320708,0.0
,10/3/25,Fri,0.9375,10:30p,BYU,West Virginia,1.41M,1410.0,BYU,38.0,24.0,1.0,0.0,0,0.0,0.0,0.0,0.0,0.0,0.0,0.0,0.0,0.0,0.0,0.0,0.0,Big 12,Big 12,0.0,,,19.5,,,0.0,-19.5,,,,14.0,,,,,,,,,,2.0,0.0,0.0,0.0,,,,,,22.5,0,0,1,0,0,0,2025-10-03,2025,0,0,0,0,0,0,0,0,0,0,0,0,0,0,0,0,0,0,0,0,0,0,0,0,0,0,0,0,0,0,0,0.0,0.0,0.0,0.0,0.0,0.0,0.0,0.0,0.0,0.0,0.0,0.0,1.0,7.252053951852814,2500.012679343908,0.0
,10/4/25,Sat,0.5,12:00p,Navy,Air Force,1.38M,1380.0,Navy,34.0,31.0,0.0,0.0,0,0.0,0.0,0.0,0.0,1.0,0.0,0.0,0.0,0.0,0.0,0.0,0.0,American Athletic,Mountain West,0.0,,,13.5,,,0.0,-13.5,,,,3.0,,,,,,,,,,0.0,0.0,0.0,0.0,,,,,,12.0,0,0,0,1,0,0,2025-10-04,2025,0,0,0,0,0,0,0,0,0,0,0,0,0,0,0,0,0,0,0,0,0,0,0,0,0,0,0,0,0,0,0,0.0,0.0,0.0,0.0,0.0,0.0,0.0,0.0,0.0,0.0,0.0,0.0,0.0,7.2305631534092925,765.2248702996008,12756.584558635293
,10/4/25,Sat,0.5,12:00p,Georgia,Kentucky,3.68M,3680.0,Georgia,35.0,14.0,1.0,0.0,0,0.0,0.0,0.0,0.0,0.0,1.0,0.0,0.0,0.0,0.0,0.0,0.0,SEC,SEC,0.0,,,19.5,,,0.0,-19.5,,,,21.0,,,,,,,,,,0.0,2.0,0.0,0.0,,,,,,12.0,0,0,0,1,0,0,2025-10-04,2025,0,0,0,0,0,0,0,0,0,0,0,0,0,0,0,0,0,0,0,0,0,0,0,0,0,0,0,0,0,0,0,0.0,0.0,0.0,0.0,0.0,0.0,0.0,0.0,0.0,0.0,0.0,0.0,0.0,8.210939733379021,4541.312854759857,8980.496574175038
,10/4/25,Sat,0.5,12:00p,North Carolina,Clemson,1.87M,1870.0,Clemson,38.0,10.0,0.0,0.0,0,0.0,0.0,0.0,0.0,0.0,0.0,0.0,0.0,0.0,0.0,0.0,0.0,ACC,ACC,0.0,,,15.5,,,0.0,15.5,,,,28.0,,,,,,,,,,0.0,0.0,2.0,0.0,,,,,,12.0,0,0,0,1,0,0,2025-10-04,2025,0,0,0,0,0,0,0,0,0,0,0,0,0,0,0,0,0,0,0,0,0,0,0,0,0,0,0,0,0,0,0,0.0,0.0,0.0,0.0,0.0,0.0,0.0,0.0,0.0,0.0,0.0,0.0,0.0,7.534228326274089,1674.6382339330794,11847.171195001816
,10/4/25,Sat,0.5,12:00p,UAB,Army,49K,49.0,Army,31.0,13.0,0.0,0.0,0,0.0,0.0,0.0,0.0,0.0,0.0,0.0,1.0,0.0,0.0,0.0,0.0,American Athletic,American Athletic,0.0,,,6.5,,,0.0,6.5,,,,18.0,,,,,,,,,,0.0,0.0,0.0,0.0,,,,,,12.0,0,0,0,1,0,0,2025-10-04,2025,0,0,0,0,0,0,0,0,0,0,0,0,0,0,0,0,0,0,0,0,0,0,0,0,0,0,0,0,0,0,0,0.0,0.0,0.0,0.0,0.0,0.0,0.0,0.0,0.0,0.0,0.0,0.0,0.0,3.912023005428146,101.14816906703449,13420.66125986786
,10/4/25,Sat,0.5,12:00p,Cincinnati,Iowa St.,1.11M,1110.0,Cincinnati,38.0,30.0,1.0,0.0,0,0.0,0.0,1.0,0.0,0.0,0.0,0.0,0.0,0.0,0.0,0.0,0.0,Big 12,Big 12,0.0,,,1.5,,,0.0,-1.5,,,,8.0,,,,,,,,,,2.0,0.0,0.0,0.0,,,,,,12.0,0,0,0,1,0,0,2025-10-04,2025,0,0,0,0,0,0,0,0,0,0,0,0,0,0,0,0,0,0,0,0,0,0,0,0,0,0,0,0,0,0,0,0.0,0.0,0.0,0.0,0.0,0.0,0.0,0.0,0.0,0.0,0.0,0.0,0.0,7.01301578963963,742.03514261603,12779.774286318865
,10/4/25,Sat,0.5,12:00p,Michigan,Wisconsin,4.63M,4630.0,Michigan,24.0,10.0,1.0,0.0,0,1.0,0.0,0.0,0.0,0.0,0.0,0.0,0.0,0.0,0.0,0.0,0.0,Big Ten,Big Ten,0.0,,,17.5,,,0.0,-17.5,,,,14.0,,,,,,,,,,0.0,0.0,0.0,2.0,,,,,,12.0,0,0,0,1,0,0,2025-10-04,2025,0,0,0,0,0,0,0,0,0,0,0,0,0,0,0,0,0,0,0,0,0,0,0,0,0,0,0,0,0,0,0,0.0,0.0,0.0,0.0,0.0,0.0,0.0,0.0,0.0,0.0,0.0,0.0,0.0,8.440528106480752,5234.115203210952,8287.694225723943
,10/4/25,Sat,0.541666667,1:00p,Virginia Tech,Wake Forest,463K,463.0,Wake Forest,30.0,23.0,0.0,0.0,0,0.0,0.0,0.0,0.0,0.0,0.0,1.0,0.0,0.0,0.0,0.0,0.0,ACC,ACC,0.0,,,4.5,,,0.0,-4.5,,,,7.0,,,,,,,,,,0.0,0.0,2.0,0.0,,,,,,13.0,0,0,0,1,0,0,2025-10-04,2025,0,0,0,0,0,0,0,0,0,0,0,0,0,0,0,0,0,0,0,0,0,0,0,0,0,0,0,0,0,0,0,0.0,0.0,0.0,0.0,0.0,0.0,0.0,0.0,0.0,0.0,0.0,0.0,0.0,6.139884552226255,463.3349550483412,13058.474473886552
,10/4/25,Sat,0.645833333,3:30p,Alabama,Vanderbilt,6.41M,6410.0,Alabama,30.0,14.0,1.0,1.0,2,0.0,0.0,0.0,0.0,0.0,1.0,0.0,0.0,0.0,0.0,0.0,0.0,SEC,SEC,0.0,,,13.5,,,0.0,-13.5,,,,16.0,,,,,,,,,,0.0,2.0,0.0,0.0,,,,,,15.5,0,0,0,0,1,0,2025-10-04,2025,0,0,0,0,0,0,0,0,0,0,0,0,0,0,0,0,0,0,0,0,0,0,0,0,0,1,1,0,0,0,0,0.0,0.0,0.0,0.0,0.0,0.0,0.0,0.0,0.0,0.0,0.0,0.0,0.0,8.765770543987257,5264.221953272957,10005.479489922105
,10/4/25,Sat,0.645833333,3:30p,Florida,Texas,3.98M,3980.0,Florida,29.0,21.0,0.0,1.0,2,0.0,0.0,0.0,0.0,0.0,0.0,0.0,0.0,0.0,0.0,0.0,0.0,SEC,SEC,0.0,,,4.5,,,0.0,4.5,,,,8.0,,,,,,,,,,0.0,2.0,0.0,0.0,,,,,,15.5,0,0,0,0,1,0,2025-10-04,2025,0,0,0,0,0,0,0,0,0,0,0,0,0,0,0,0,0,0,0,0,0,0,0,0,0,0,0,0,0,0,0,0.0,0.0,0.0,0.0,0.0,0.0,0.0,0.0,0.0,0.0,0.0,0.0,0.0,8.289288323000317,4760.68552817337,10509.015915021693
,10/4/25,Sat,0.666666667,4:00p,Louisville,Virginia,603K,603.0,Virginia,30.0,27.0,1.0,0.0,3,0.0,0.0,1.0,0.0,0.0,0.0,0.0,0.0,0.0,0.0,0.0,0.0,ACC,ACC,0.0,,,6.5,,,0.0,-6.5,,,,3.0,,,,,,,,,,0.0,0.0,2.0,0.0,,,,,,16.0,0,0,0,0,1,0,2025-10-04,2025,0,0,0,0,0,0,0,0,0,0,0,0,0,0,0,0,0,0,0,0,0,0,0,0,0,0,0,0,0,0,0,0.0,0.0,0.0,0.0,0.0,0.0,0.0,0.0,0.0,0.0,0.0,0.0,0.0,6.403574197934815,623.4101175009148,14646.29132569415
,10/4/25,Sat,0.645833333,3:30p,UCLA,Penn St.,3.13M,3130.0,UCLA,42.0,37.0,0.0,1.0,2,0.0,0.0,0.0,0.0,1.0,0.0,0.0,0.0,0.0,0.0,0.0,0.0,Big Ten,Big Ten,0.0,,,24.5,,,0.0,24.5,,,,5.0,,,,,,,,,,0.0,0.0,0.0,2.0,,,,,,15.5,0,0,0,0,1,0,2025-10-04,2025,0,0,0,0,0,0,0,0,0,0,0,0,0,0,0,0,0,0,0,0,0,0,0,0,0,0,0,0,0,0,0,0.0,0.0,0.0,0.0,0.0,0.0,0.0,0.0,0.0,0.0,0.0,0.0,0.0,8.049107721326406,3345.7529239917376,11923.948519203326
,10/4/25,Sat,0.666666667,4:00p,Nebraska,Michigan St.,1.5M,1500.0,Nebraska,38.0,27.0,0.0,0.0,3,0.0,1.0,0.0,0.0,0.0,0.0,0.0,0.0,0.0,0.0,0.0,0.0,Big Ten,Big Ten,0.0,,,12.5,,,0.0,-12.5,,,,11.0,,,,,,,,,,0.0,0.0,0.0,2.0,,,,,,16.0,0,0,0,0,1,0,2025-10-04,2025,0,0,0,0,0,0,0,0,0,0,0,0,0,0,0,0,0,0,0,0,0,0,0,0,0,0,0,0,0,0,0,0.0,0.0,0.0,0.0,0.0,0.0,0.0,0.0,0.0,0.0,0.0,0.0,0.0,7.313886831633462,1238.2433992125896,14031.458043982473
,10/4/25,Sat,0.666666667,4:00p,Arkansas St.,Texas St.,22K,22.0,Arkansas St.,31.0,30.0,0.0,0.0,2,0.0,0.0,0.0,0.0,0.0,0.0,0.0,1.0,0.0,0.0,0.0,0.0,Sun Belt,Sun Belt,0.0,,,14.0,,,0.0,14.0,,,,1.0,,,,,,,,,,0.0,0.0,0.0,0.0,,,,,,16.0,0,0,0,0,1,0,2025-10-04,2025,0,0,0,0,0,0,0,0,0,0,0,0,0,0,0,0,0,0,0,0,0,0,0,0,0,0,0,0,0,0,0,0.0,0.0,0.0,0.0,0.0,0.0,0.0,0.0,0.0,0.0,0.0,0.0,0.0,3.1354942159291497,37.3875210434939,15232.313922151568
,10/4/25,Sat,0.791666667,7:00p,Houston,Texas Tech,1.45M,1450.0,Texas Tech,35.0,11.0,1.0,0.0,1,0.0,0.0,0.0,0.0,0.0,0.0,0.0,0.0,0.0,0.0,0.0,0.0,Big 12,Big 12,0.0,,,13.5,,,0.0,13.5,,,,24.0,,,,,,,,,,2.0,0.0,0.0,0.0,,,,,,19.0,0,0,0,0,0,0,2025-10-04,2025,0,0,0,0,0,0,0,0,0,0,0,0,0,0,0,0,0,0,0,0,0,0,0,0,0,0,0,0,0,0,0,0.0,0.0,0.0,0.0,0.0,0.0,0.0,0.0,0.0,0.0,0.0,0.0,0.0,7.280008252884188,1141.4212882841496,12992.6034077587
,10/4/25,Sat,0.833333333,8:00p,TCU,Colorado,2.14M,2140.0,TCU,35.0,21.0,0.0,0.0,1,1.0,0.0,0.0,0.0,0.0,0.0,0.0,0.0,0.0,0.0,0.0,0.0,Big 12,Big 12,0.0,,,13.5,,,0.0,-13.5,,,,14.0,,,,,,,,,,2.0,0.0,0.0,0.0,,,,,,20.0,0,0,0,0,0,0,2025-10-04,2025,0,1,0,0,0,0,0,0,0,0,0,0,0,0,0,0,0,0,0,0,0,0,0,0,0,0,0,0,0,0,0,0.0,0.0,0.0,0.0,0.0,0.0,0.0,0.0,0.0,0.0,0.0,0.0,0.0,7.669028288589683,3494.7731770850287,10639.25151895782
,10/4/25,Sat,0.8125,7:30p,UCF,Kansas,583K,583.0,Kansas,27.0,20.0,0.0,0.0,2,0.0,0.0,1.0,0.0,0.0,0.0,0.0,0.0,0.0,0.0,0.0,0.0,Big 12,Big 12,0.0,,,4.0,,,0.0,4.0,,,,7.0,,,,,,,,,,2.0,0.0,0.0,0.0,,,,,,19.5,0,0,0,0,0,0,2025-10-04,2025,0,0,0,0,0,0,0,0,0,0,0,0,0,0,0,0,0,0,0,0,0,0,0,0,0,0,0,0,0,0,0,0.0,0.0,0.0,0.0,0.0,0.0,0.0,0.0,0.0,0.0,0.0,0.0,0.0,6.369900982828227,580.8885465024118,13553.136149540438
,10/4/25,Sat,0.8125,7:30p,Ohio St.,Minnesota,3.7M,3700.0,Ohio St.,42.0,3.0,0.0,1.0,1,0.0,0.0,0.0,1.0,0.0,0.0,0.0,0.0,0.0,0.0,0.0,0.0,Big Ten,Big Ten,0.0,,,23.5,,,0.0,-23.5,,,,39.0,,,,,,,,,,0.0,0.0,0.0,2.0,,,,,,19.5,0,0,0,0,0,0,2025-10-04,2025,0,0,0,0,0,0,0,0,0,0,0,0,0,0,0,0,0,0,0,0,0,0,0,0,0,0,0,0,0,0,0,0.0,0.0,0.0,0.0,0.0,0.0,0.0,0.0,0.0,0.0,0.0,0.0,0.0,8.216358332386156,4035.5877390566466,10098.436956986203
,10/4/25,Sat,0.8125,7:30p,Florida St.,Miami,6.03M,6030.0,Miami,28.0,22.0,1.0,1.0,1,0.0,0.0,0.0,0.0,0.0,1.0,0.0,0.0,0.0,0.0,0.0,0.0,ACC,ACC,0.0,,,3.5,,,0.0,3.5,,,,6.0,,,,,,,,,,0.0,0.0,2.0,0.0,,,,,,19.5,0,0,0,0,0,0,2025-10-04,2025,0,0,0,0,0,0,0,0,0,0,0,0,0,0,1,0,0,0,0,0,0,0,0,0,0,1,0,0,1,0,0,0.0,0.0,0.0,0.0,0.0,0.0,0.0,0.0,0.0,0.0,0.0,0.0,0.0,8.704668113450987,4817.659320968472,9316.365375074376
,10/4/25,Sat,0.833333333,8:00p,Memphis,Tulsa,41K,41.0,Memphis,45.0,7.0,0.0,0.0,1,0.0,0.0,0.0,0.0,0.0,0.0,0.0,1.0,0.0,0.0,0.0,0.0,American Athletic,American Athletic,0.0,,,21.0,,,0.0,-21.0,,,,38.0,,,,,,,,,,0.0,0.0,0.0,0.0,,,,,,20.0,0,0,0,0,0,0,2025-10-04,2025,0,0,0,0,0,0,0,0,0,0,0,0,0,0,0,0,0,0,0,0,0,0,0,0,0,0,0,0,0,0,0,0.0,0.0,0.0,0.0,0.0,0.0,0.0,0.0,0.0,0.0,0.0,0.0,0.0,3.7376696182833684,63.69462414614178,14070.330071896708
,10/4/25,Sat,0.9375,10:30p,California,Duke,1M,1000.0,Duke,45.0,21.0,0.0,0.0,0,0.0,0.0,0.0,0.0,0.0,0.0,0.0,0.0,0.0,0.0,0.0,0.0,ACC,ACC,0.0,,,3.5,,,0.0,3.5,,,,24.0,,,,,,,,,,0.0,0.0,2.0,0.0,,,,,,22.5,0,0,0,0,0,1,2025-10-04,2025,0,0,0,0,0,0,0,0,0,0,0,0,0,0,0,0,0,0,0,0,0,0,0,0,0,0,0,0,0,0,0,0.0,0.0,0.0,0.0,0.0,0.0,0.0,0.0,0.0,0.0,0.0,0.0,0.0,6.90875477931522,888.572903461153,0.0
,10/8/25,Wed,0.8125,7:30p,Middle Tennessee St.,Missouri State,338K,338.0,Missouri State,22.0,20.0,0.0,0.0,0,0.0,0.0,1.0,0.0,0.0,0.0,0.0,0.0,0.0,0.0,0.0,0.0,Conference USA,Conference USA,0.0,,,3.0,,,0.0,3.0,,,,2.0,,,,,,,,,,0.0,0.0,0.0,0.0,,,,,,19.5,0,1,0,0,0,0,2025-10-08,2025,0,0,0,0,0,0,0,0,0,0,0,0,0,0,0,0,0,0,0,0,0,0,0,0,0,0,0,0,0,0,0,0.0,0.0,0.0,0.0,0.0,0.0,0.0,0.0,0.0,0.0,0.0,0.0,0.0,5.82600010738045,358.62848244788415,0.0
,10/9/25,Thu,0.791666667,7:00p,Kennesaw State,Louisiana Tech,53K,53.0,Kennesaw State,35.0,7.0,0.0,0.0,0,0.0,0.0,0.0,0.0,0.0,0.0,0.0,1.0,0.0,0.0,0.0,0.0,Conference USA,Conference USA,0.0,,,4.5,,,0.0,4.5,,,,28.0,,,,,,,,,,0.0,0.0,0.0,0.0,,,,,,19.0,0,1,0,0,0,0,2025-10-09,2025,0,0,0,0,0,0,0,0,0,0,0,0,0,0,0,0,0,0,0,0,0,0,0,0,0,0,0,0,0,0,0,0.0,0.0,0.0,0.0,0.0,0.0,0.0,0.0,0.0,0.0,0.0,0.0,0.0,3.9889840465642745,90.85163239133001,886.2668603795249
,10/9/25,Thu,0.8125,7:30p,Tulane,East Carolina,576K,576.0,Tulane,26.0,19.0,0.0,0.0,0,0.0,0.0,0.0,0.0,0.0,0.0,0.0,0.0,0.0,0.0,0.0,0.0,American Athletic,American Athletic,0.0,,,7.0,,,0.0,-7.0,,,,7.0,,,,,,,,,,0.0,0.0,0.0,0.0,,,,,,19.5,0,1,0,0,0,0,2025-10-09,2025,0,0,0,0,0,0,0,0,0,0,0,0,0,0,0,0,0,0,0,0,0,0,0,0,0,0,0,0,0,0,0,0.0,0.0,0.0,0.0,0.0,0.0,0.0,0.0,0.0,0.0,0.0,0.0,0.0,6.3578422665081,657.9040548536422,319.21443791721276
,10/9/25,Thu,0.833333333,8:00p,Georgia Southern,Southern Miss,145K,145.0,Southern Miss,38.0,35.0,0.0,0.0,0,0.0,0.0,1.0,0.0,0.0,0.0,0.0,0.0,0.0,0.0,0.0,0.0,Sun Belt,Sun Belt,0.0,,,3.0,,,0.0,3.0,,,,3.0,,,,,,,,,,0.0,0.0,0.0,0.0,,,,,,20.0,0,1,0,0,0,0,2025-10-09,2025,0,0,0,0,0,0,0,0,0,0,0,0,0,0,0,0,0,0,0,0,0,0,0,0,0,0,0,0,0,0,0,0.0,0.0,0.0,0.0,0.0,0.0,0.0,0.0,0.0,0.0,0.0,0.0,0.0,4.983606621708336,228.36280552588275,748.7556872449721
,10/10/25,Fri,0.8125,7:30p,North Texas,South Florida,1.1M,1100.0,South Florida,63.0,36.0,1.0,0.0,0,0.0,0.0,1.0,0.0,0.0,0.0,0.0,0.0,0.0,0.0,0.0,0.0,American Athletic,American Athletic,0.0,,,2.5,,,0.0,-2.5,,,,27.0,,,,,,,,,,0.0,0.0,0.0,0.0,,,,,,19.5,0,0,1,0,0,0,2025-10-10,2025,0,0,0,0,0,0,0,0,0,0,0,0,0,0,0,0,0,0,0,0,0,0,0,0,0,0,0,0,0,0,0,0.0,1.0,0.0,0.0,0.0,0.0,0.0,0.0,0.0,0.0,0.0,0.0,0.0,7.00397413672268,598.4070811711813,0.0
,10/11/25,Sat,0.5,12:00p,Bowling Green,Toledo,27K,27.0,Bowling Green,28.0,23.0,0.0,0.0,1,0.0,0.0,0.0,0.0,0.0,0.0,0.0,1.0,0.0,0.0,0.0,0.0,Mid-American,Mid-American,0.0,,,10.5,,,0.0,10.5,,,,5.0,,,,,,,,,,0.0,0.0,0.0,0.0,,,,,,12.0,0,0,0,1,0,0,2025-10-11,2025,0,0,0,0,0,0,0,0,0,0,0,0,0,0,0,0,0,0,0,0,0,0,0,0,0,0,0,0,0,0,0,0.0,0.0,0.0,0.0,0.0,0.0,0.0,0.0,0.0,0.0,0.0,0.0,0.0,3.332204510175204,60.145300981363185,16464.9944219622
,10/11/25,Sat,0.5,12:00p,Missouri,Alabama,6.99M,6990.0,Alabama,27.0,24.0,1.0,1.0,1,0.0,0.0,0.0,0.0,0.0,1.0,0.0,0.0,0.0,0.0,0.0,0.0,SEC,SEC,0.0,,,3.0,,,0.0,3.0,,,,3.0,,,,,,,,,,0.0,2.0,0.0,0.0,,,,,,12.0,0,0,0,1,0,0,2025-10-11,2025,0,0,0,0,0,0,0,0,0,0,0,0,0,0,0,0,0,0,0,0,0,0,0,0,0,1,1,0,0,0,0,0.0,0.0,0.0,0.0,0.0,0.0,0.0,0.0,0.0,0.0,0.0,0.0,0.0,8.852378886511985,7982.992183119805,8542.147539823756
,10/11/25,Sat,0.5,12:00p,Florida St.,Pittsburgh,2.05M,2050.0,Pittsburgh,34.0,31.0,1.0,0.0,1,0.0,0.0,0.0,0.0,0.0,0.0,0.0,0.0,0.0,0.0,0.0,0.0,ACC,ACC,0.0,,,10.5,,,0.0,-10.5,,,,3.0,,,,,,,,,,0.0,0.0,2.0,0.0,,,,,,12.0,0,0,0,1,0,0,2025-10-11,2025,0,0,0,0,0,0,0,0,0,0,0,0,0,0,0,0,0,0,0,0,0,0,0,0,0,0,0,0,0,0,0,0.0,0.0,0.0,0.0,0.0,0.0,0.0,0.0,0.0,0.0,0.0,0.0,0.0,7.62608275807238,2028.4255344133317,14496.71418853023
,10/11/25,Sat,0.5,12:00p,James Madison,Louisiana,207K,207.0,James Madison,24.0,14.0,0.0,0.0,2,0.0,0.0,1.0,0.0,0.0,0.0,0.0,0.0,0.0,0.0,0.0,0.0,Sun Belt,Sun Belt,0.0,,,18.5,,,0.0,-18.5,,,,10.0,,,,,,,,,,0.0,0.0,0.0,0.0,,,,,,12.0,0,0,0,1,0,0,2025-10-11,2025,0,0,0,0,0,0,0,0,0,0,0,0,0,0,0,0,0,0,0,0,0,0,0,0,0,0,0,0,0,0,0,0.0,0.0,0.0,0.0,0.0,0.0,0.0,0.0,0.0,0.0,0.0,0.0,0.0,5.337538079701318,178.86900024974162,16346.270722693822
,10/11/25,Sat,0.5,12:00p,SMU,Stanford,249K,249.0,SMU,34.0,10.0,0.0,0.0,2,0.0,0.0,0.0,0.0,0.0,0.0,1.0,0.0,0.0,0.0,0.0,0.0,ACC,ACC,0.0,,,19.5,,,0.0,-19.5,,,,24.0,,,,,,,,,,0.0,0.0,2.0,0.0,,,,,,12.0,0,0,0,1,0,0,2025-10-11,2025,0,0,0,0,0,0,0,0,0,0,0,0,0,0,0,0,0,0,0,0,0,0,0,0,0,0,0,0,0,0,0,0.0,0.0,0.0,0.0,0.0,0.0,0.0,0.0,0.0,0.0,0.0,0.0,0.0,5.521460917862246,329.2691363595329,16195.870586584031
,10/11/25,Sat,0.5,12:00p,Illinois,Ohio St.,5.28M,5280.0,Ohio St.,34.0,16.0,1.0,1.0,1,1.0,0.0,0.0,0.0,0.0,0.0,0.0,0.0,0.0,0.0,0.0,0.0,Big Ten,Big Ten,0.0,,,14.5,,,0.0,14.5,,,,18.0,,,,,,,,,,0.0,0.0,0.0,2.0,,,,,,12.0,0,0,0,1,0,0,2025-10-11,2025,0,0,0,0,0,0,0,0,0,0,0,0,0,0,0,0,0,0,0,0,0,0,0,0,0,1,0,1,0,0,0,0.0,0.0,0.0,0.0,0.0,0.0,0.0,0.0,0.0,0.0,0.0,0.0,0.0,8.571870752706934,5945.438567819788,10579.701155123776
,10/11/25,Sat,0.645833333,3:30p,Colorado,Iowa St.,1.44M,1440.0,Colorado,24.0,17.0,1.0,0.0,1,0.0,0.0,0.0,0.0,0.0,0.0,0.0,0.0,0.0,0.0,0.0,0.0,Big 12,Big 12,0.0,,,3.0,,,0.0,3.0,,,,7.0,,,,,,,,,,2.0,0.0,0.0,0.0,,,,,,15.5,0,0,0,0,1,0,2025-10-11,2025,0,1,0,0,0,0,0,0,0,0,0,0,0,0,0,0,0,0,0,0,0,0,0,0,0,0,0,0,0,0,0,0.0,0.0,0.0,0.0,0.0,0.0,0.0,0.0,0.0,0.0,0.0,0.0,0.0,7.273092595999522,3621.8934814729014,11280.283329726492
,10/11/25,Sat,0.645833333,3:30p,Texas,Oklahoma,8.73M,8730.0,Texas,23.0,6.0,0.0,1.0,1,0.0,0.0,0.0,0.0,0.0,1.0,0.0,0.0,0.0,0.0,0.0,0.0,SEC,SEC,0.0,,,2.5,,,0.0,-2.5,,,,17.0,,,,,,,,,,0.0,2.0,0.0,0.0,,,,,,15.5,0,0,0,0,1,0,2025-10-11,2025,0,0,0,1,0,0,0,0,0,0,0,0,0,0,0,0,0,0,0,0,0,0,0,0,0,0,0,0,0,0,0,0.0,0.0,0.0,0.0,0.0,0.0,0.0,0.0,0.0,0.0,0.0,0.0,0.0,9.074635189810808,6393.841372335418,8508.335438863975
,10/11/25,Sat,0.645833333,3:30p,Oregon,Indiana,5.59M,5590.0,Indiana,30.0,20.0,0.0,2.0,1,0.0,0.0,0.0,0.0,1.0,0.0,0.0,0.0,0.0,0.0,0.0,0.0,Big Ten,Big Ten,0.0,,,7.0,,,0.0,-7.0,,,,10.0,,,,,,,,,,0.0,0.0,0.0,2.0,,,,,,15.5,0,0,0,0,1,0,2025-10-11,2025,0,0,0,0,0,0,0,0,0,0,0,0,0,0,0,0,0,0,0,0,0,0,0,0,0,1,0,1,0,0,0,0.0,0.0,0.0,0.0,0.0,0.0,0.0,0.0,0.0,0.0,0.0,0.0,0.0,8.628913441026645,4219.9226979131045,10682.254113286286
,10/11/25,Sat,0.645833333,3:30p,Oregon St.,Wake Forest,257K,257.0,Wake Forest,39.0,14.0,0.0,0.0,2,0.0,0.0,0.0,0.0,0.0,0.0,1.0,0.0,0.0,0.0,0.0,0.0,Pac-12,ACC,0.0,,,1.5,,,0.0,1.5,,,,25.0,,,,,,,,,,0.0,0.0,1.0,0.0,,,,,,15.5,0,0,0,0,1,0,2025-10-11,2025,0,0,0,0,0,0,0,0,0,0,0,0,0,0,0,0,0,0,0,0,0,0,0,0,0,0,0,0,0,0,0,0.0,0.0,0.0,0.0,0.0,0.0,0.0,0.0,0.0,0.0,0.0,0.0,0.0,5.552959584921617,382.0390234556257,14520.137787743766
,10/11/25,Sat,0.666666667,4:00p,Temple,Navy,215K,215.0,Navy,32.0,31.0,0.0,0.0,2,0.0,0.0,1.0,0.0,0.0,0.0,0.0,0.0,0.0,0.0,0.0,0.0,American Athletic,American Athletic,0.0,,,10.0,,,0.0,10.0,,,,1.0,,,,,,,,,,0.0,0.0,0.0,0.0,,,,,,16.0,0,0,0,0,1,0,2025-10-11,2025,0,0,0,0,0,0,0,0,0,0,0,0,0,0,0,0,0,0,0,0,0,0,0,0,0,0,0,0,0,0,0,0.0,0.0,0.0,0.0,0.0,0.0,0.0,0.0,0.0,0.0,0.0,0.0,0.0,5.375278407684165,284.480236022343,14617.696575177048
,10/11/25,Sat,0.791666667,7:00p,Texas A&M,Florida,2.62M,2620.0,Texas A&M,34.0,17.0,0.0,1.0,1,0.0,0.0,0.0,0.0,0.0,0.0,0.0,0.0,0.0,0.0,0.0,0.0,SEC,SEC,0.0,,,7.0,,,0.0,-7.0,,,,17.0,,,,,,,,,,0.0,2.0,0.0,0.0,,,,,,19.0,0,0,0,0,0,0,2025-10-11,2025,0,0,0,0,0,0,0,0,0,0,0,0,0,0,0,0,0,0,0,0,0,0,0,0,0,0,0,0,0,0,0,0.0,0.0,0.0,0.0,0.0,0.0,0.0,0.0,0.0,0.0,0.0,0.0,0.0,7.8713112033234065,4332.070185092824,7645.6505120620495
,10/11/25,Sat,0.8125,7:30p,Auburn,Georgia,6.69M,6690.0,Georgia,20.0,10.0,0.0,1.0,1,0.0,0.0,0.0,0.0,0.0,1.0,0.0,0.0,0.0,0.0,0.0,0.0,SEC,SEC,0.0,,,4.5,,,0.0,4.5,,,,10.0,,,,,,,,,,0.0,2.0,0.0,0.0,,,,,,19.5,0,0,0,0,0,0,2025-10-11,2025,0,0,0,0,0,0,0,0,0,0,0,0,0,0,0,0,0,0,0,0,0,0,0,0,0,0,0,0,0,0,0,0.0,0.0,0.0,0.0,0.0,0.0,0.0,0.0,0.0,0.0,0.0,0.0,0.0,8.808518618782816,6909.7041116464125,5068.0165855084615
,10/11/25,Sat,0.8125,7:30p,UTSA,Rice,20K,20.0,UTSA,61.0,13.0,0.0,0.0,1,0.0,0.0,0.0,0.0,0.0,0.0,0.0,1.0,0.0,0.0,0.0,0.0,American Athletic,American Athletic,0.0,,,8.5,,,0.0,-8.5,,,,48.0,,,,,,,,,,0.0,0.0,0.0,0.0,,,,,,19.5,0,0,0,0,0,0,2025-10-11,2025,0,0,0,0,0,0,0,0,0,0,0,0,0,0,0,0,0,0,0,0,0,0,0,0,0,0,0,0,0,0,0,0.0,0.0,0.0,0.0,0.0,0.0,0.0,0.0,0.0,0.0,0.0,0.0,0.0,3.044522437723423,40.95957912313207,11936.761118031742
,10/11/25,Sat,0.833333333,8:00p,Arizona,BYU,868K,868.0,BYU,33.0,27.0,1.0,0.0,2,0.0,0.0,1.0,0.0,0.0,0.0,0.0,0.0,0.0,0.0,0.0,0.0,Big 12,Big 12,0.0,,,2.5,,,0.0,2.5,,,,6.0,,,,,,,,,,2.0,0.0,0.0,0.0,,,,,,20.0,0,0,0,0,0,0,2025-10-11,2025,0,0,0,0,0,0,0,0,0,0,0,0,0,0,0,0,0,0,0,0,0,0,0,0,0,0,0,0,0,0,0,0.0,0.0,0.0,0.0,0.0,0.0,0.0,0.0,0.0,0.0,0.0,0.0,0.0,6.767343125265392,694.9868212925045,11282.733875862368
,10/11/25,Sat,0.9375,10:30p,Utah,Arizona St.,1.27M,1270.0,Utah,42.0,10.0,1.0,0.0,0,0.0,0.0,0.0,0.0,0.0,0.0,0.0,0.0,0.0,0.0,0.0,0.0,Big 12,Big 12,0.0,,,9.5,,,0.0,-9.5,,,,32.0,,,,,,,,,,2.0,0.0,0.0,0.0,,,,,,22.5,0,0,0,0,0,1,2025-10-11,2025,0,0,0,0,0,0,0,0,0,0,0,0,0,0,0,0,0,0,0,0,0,0,0,0,0,0,0,0,0,0,0,0.0,0.0,0.0,0.0,0.0,0.0,0.0,0.0,0.0,0.0,0.0,0.0,0.0,7.147559271189454,1184.6679143754093,0.0
,10/14/25,Tue,0.8125,7:30p,South Alabama,Arkansas St.,306K,306.0,Arkansas St.,15.0,14.0,0.0,0.0,0,0.0,0.0,1.0,0.0,0.0,0.0,0.0,0.0,0.0,0.0,0.0,0.0,Sun Belt,Sun Belt,0.0,,,8.5,,,0.0,-8.5,,,,1.0,,,,,,,,,,0.0,0.0,0.0,0.0,,,,,,19.5,0,1,0,0,0,0,2025-10-14,2025,0,0,0,0,0,0,0,0,0,0,0,0,0,0,0,0,0,0,0,0,0,0,0,0,0,0,0,0,0,0,0,0.0,0.0,0.0,0.0,0.0,0.0,0.0,0.0,0.0,0.0,0.0,0.0,0.0,5.726847747587197,280.00320308646326,88.96228159917511
,10/14/25,Tue,0.833333333,8:00p,Western Kentucky,FIU,47K,47.0,FIU,25.0,6.0,0.0,0.0,0,0.0,0.0,0.0,0.0,0.0,0.0,0.0,1.0,0.0,0.0,0.0,0.0,Conference USA,Conference USA,0.0,,,10.0,,,0.0,-10.0,,,,19.0,,,,,,,,,,0.0,0.0,0.0,0.0,,,,,,20.0,0,1,0,0,0,0,2025-10-14,2025,0,0,0,0,0,0,0,0,0,0,0,0,0,0,0,0,0,0,0,0,0,0,0,0,0,0,0,0,0,0,0,0.0,0.0,0.0,0.0,0.0,0.0,0.0,0.0,0.0,0.0,0.0,0.0,0.0,3.871201010907891,88.96228159917511,280.00320308646326
,10/15/25,Wed,0.791666667,7:00p,Jacksonville St.,Delaware,580K,580.0,Jacksonville St.,38.0,25.0,0.0,0.0,0,0.0,0.0,0.0,0.0,0.0,0.0,0.0,0.0,0.0,0.0,0.0,0.0,Conference USA,Conference USA,0.0,,,3.0,,,0.0,3.0,,,,13.0,,,,,,,,,,0.0,0.0,0.0,0.0,,,,,,19.0,0,1,0,0,0,0,2025-10-15,2025,0,0,0,0,0,0,0,0,0,0,0,0,0,0,0,0,0,0,0,0,0,0,0,0,0,0,0,0,0,0,0,0.0,0.0,0.0,0.0,0.0,0.0,0.0,0.0,0.0,0.0,0.0,0.0,0.0,6.364750756851911,587.4730387520356,0.0
,10/16/25,Thu,0.8125,7:30p,East Carolina,Tulsa,527K,527.0,East Carolina,41.0,27.0,0.0,0.0,0,0.0,0.0,0.0,0.0,0.0,0.0,0.0,0.0,0.0,0.0,0.0,0.0,American Athletic,American Athletic,0.0,,,16.5,,,0.0,-16.5,,,,14.0,,,,,,,,,,0.0,0.0,0.0,0.0,,,,,,19.5,0,1,0,0,0,0,2025-10-16,2025,0,0,0,0,0,0,0,0,0,0,0,0,0,0,0,0,0,0,0,0,0,0,0,0,0,0,0,0,0,0,0,0.0,0.0,0.0,0.0,0.0,0.0,0.0,0.0,0.0,0.0,0.0,0.0,0.0,6.269096283706261,688.1308335588272,0.0
,10/17/25,Fri,0.791666667,7:00p,Miami,Louisville,3.41M,3410.0,Louisville,24.0,21.0,0.0,1.0,0,0.0,0.0,0.0,0.0,0.0,0.0,0.0,0.0,0.0,0.0,0.0,0.0,ACC,ACC,0.0,,,10.5,,,0.0,-10.5,,,,3.0,,,,,,,,,,0.0,0.0,2.0,0.0,,,,,,19.0,0,0,1,0,0,0,2025-10-17,2025,0,0,0,0,0,0,0,0,0,0,0,0,0,0,0,0,0,0,0,0,0,0,0,0,0,0,0,0,0,0,0,0.0,0.0,0.0,0.0,0.0,0.0,0.0,0.0,0.0,0.0,0.0,0.0,1.0,8.134760782418645,2728.805045998714,4005.4632817418815
,10/17/25,Fri,0.833333333,8:00p,Minnesota,Nebraska,2.66M,2660.0,Minnesota,24.0,6.0,1.0,0.0,0,1.0,0.0,0.0,0.0,0.0,0.0,0.0,0.0,0.0,0.0,0.0,0.0,Big Ten,Big Ten,0.0,,,7.0,,,0.0,7.0,,,,18.0,,,,,,,,,,0.0,0.0,0.0,2.0,,,,,,20.0,0,0,1,0,0,0,2025-10-17,2025,0,0,0,0,0,0,0,0,0,0,0,0,0,0,0,0,0,0,0,0,0,0,0,0,0,0,0,0,0,0,0,1.0,0.0,0.0,0.0,0.0,0.0,0.0,0.0,0.0,0.0,0.0,0.0,0.0,7.886457270977689,4005.4632817418815,2728.805045998714
,10/17/25,Fri,0.9375,10:30p,California,North Carolina,1.58M,1580.0,California,21.0,18.0,0.0,0.0,0,0.0,0.0,0.0,0.0,0.0,0.0,0.0,0.0,0.0,0.0,0.0,0.0,ACC,ACC,0.0,,,7.5,,,0.0,-7.5,,,,3.0,,,,,,,,,,0.0,0.0,2.0,0.0,,,,,,22.5,0,0,1,0,0,0,2025-10-17,2025,0,0,0,0,0,0,0,0,0,0,0,0,0,0,0,0,0,0,0,0,0,0,0,0,0,0,0,0,0,0,0,0.0,0.0,0.0,0.0,0.0,0.0,0.0,0.0,0.0,0.0,0.0,0.0,1.0,7.365812837209472,1619.758953873215,0.0
,10/18/25,Sat,0.5,12:00p,TCU,Baylor,423K,423.0,TCU,42.0,36.0,0.0,0.0,2,0.0,0.0,1.0,0.0,0.0,0.0,0.0,0.0,0.0,0.0,0.0,0.0,Big 12,Big 12,0.0,,,3.5,,,0.0,-3.5,,,,6.0,,,,,,,,,,2.0,0.0,0.0,0.0,,,,,,12.0,0,0,0,1,0,0,2025-10-18,2025,0,0,0,0,0,0,0,0,0,0,0,0,0,0,0,0,0,0,0,0,0,0,0,0,0,0,0,0,0,0,0,0.0,0.0,0.0,0.0,0.0,0.0,0.0,0.0,0.0,0.0,0.0,0.0,0.0,6.049733455231958,541.5158804760866,15140.183652051503
,10/18/25,Sat,0.5,12:00p,Duke,Georgia Tech,1.71M,1710.0,Georgia Tech,27.0,18.0,1.0,0.0,1,0.0,0.0,0.0,0.0,0.0,0.0,0.0,0.0,0.0,0.0,0.0,0.0,ACC,ACC,0.0,,,3.5,,,0.0,-3.5,,,,9.0,,,,,,,,,,0.0,0.0,2.0,0.0,,,,,,12.0,0,0,0,1,0,0,2025-10-18,2025,0,0,0,0,0,0,0,0,0,0,0,0,0,0,0,0,0,0,0,0,0,0,0,0,0,0,0,0,0,0,0,0.0,0.0,0.0,0.0,0.0,0.0,0.0,0.0,0.0,0.0,0.0,0.0,0.0,7.444833273892193,1133.5473646115158,14548.152167916074
,10/18/25,Sat,0.5,12:00p,Michigan,Washington,4.32M,4320.0,Michigan,24.0,7.0,0.0,0.0,1,1.0,0.0,0.0,0.0,0.0,0.0,0.0,0.0,0.0,0.0,0.0,0.0,Big Ten,Big Ten,0.0,,,4.0,,,0.0,-4.0,,,,17.0,,,,,,,,,,0.0,0.0,0.0,2.0,,,,,,12.0,0,0,0,1,0,0,2025-10-18,2025,0,0,0,0,0,0,0,0,0,0,0,0,0,0,0,0,0,0,0,0,0,0,0,0,0,0,0,0,0,0,0,0.0,0.0,0.0,0.0,0.0,0.0,0.0,0.0,0.0,0.0,0.0,0.0,0.0,8.371242135931933,3413.032736400723,12268.666796126867
,10/18/25,Sat,0.5,12:00p,Vanderbilt,LSU,5.94M,5940.0,Vanderbilt,31.0,24.0,1.0,1.0,1,0.0,0.0,0.0,0.0,0.0,1.0,0.0,0.0,0.0,0.0,0.0,0.0,SEC,SEC,0.0,,,1.5,,,0.0,-1.5,,,,7.0,,,,,,,,,,0.0,2.0,0.0,0.0,,,,,,12.0,0,0,0,1,0,0,2025-10-18,2025,0,0,0,0,0,0,0,0,0,0,0,0,0,0,0,0,0,0,0,0,0,0,0,0,0,1,1,0,0,0,0,0.0,0.0,0.0,0.0,0.0,0.0,0.0,0.0,0.0,0.0,0.0,0.0,0.0,8.689632748355741,4185.108682374757,11496.590850152832
,10/18/25,Sat,0.5,12:00p,Tulane,Army,70K,70.0,Tulane,24.0,17.0,0.0,0.0,1,0.0,0.0,0.0,0.0,0.0,0.0,0.0,1.0,0.0,0.0,0.0,0.0,American Athletic,American Athletic,0.0,,,10.0,,,0.0,-10.0,,,,7.0,,,,,,,,,,0.0,0.0,0.0,0.0,,,,,,12.0,0,0,0,1,0,0,2025-10-18,2025,0,0,0,0,0,0,0,0,0,0,0,0,0,0,0,0,0,0,0,0,0,0,0,0,0,0,0,0,0,0,0,0.0,0.0,0.0,0.0,0.0,0.0,0.0,0.0,0.0,0.0,0.0,0.0,0.0,4.2626798770413155,98.60446144642422,15583.095071081165
,10/18/25,Sat,0.645833333,3:30p,James Madison,Old Dominion,37K,37.0,James Madison,63.0,27.0,0.0,0.0,1,0.0,0.0,0.0,0.0,0.0,0.0,0.0,1.0,0.0,0.0,0.0,0.0,Sun Belt,Sun Belt,0.0,,,3.0,,,0.0,-3.0,,,,36.0,,,,,,,,,,0.0,0.0,0.0,0.0,,,,,,15.5,0,0,0,0,1,0,2025-10-18,2025,0,0,0,0,0,0,0,0,0,0,0,0,0,0,0,0,0,0,0,0,0,0,0,0,0,0,0,0,0,0,0,0.0,0.0,0.0,0.0,0.0,0.0,0.0,0.0,0.0,0.0,0.0,0.0,0.0,3.6375861597263857,57.8518017151222,9772.251839957094
,10/18/25,Sat,0.729166667,5:30p,Arkansas,Texas A&M,1.57M,1570.0,Texas A&M,45.0,42.0,0.0,1.0,0,0.0,0.0,0.0,0.0,0.0,0.0,0.0,0.0,0.0,0.0,0.0,0.0,SEC,SEC,0.0,,,7.5,,,0.0,7.5,,,,3.0,,,,,,,,,,0.0,2.0,0.0,0.0,,,,,,17.5,0,0,0,0,1,0,2025-10-18,2025,0,0,0,0,0,0,0,0,0,0,0,0,0,0,0,0,0,0,0,0,0,0,0,0,0,0,0,0,0,0,0,0.0,0.0,0.0,0.0,0.0,0.0,0.0,0.0,0.0,0.0,0.0,0.0,0.0,7.359467638255621,2909.254589975441,1350.1766431698386
,10/18/25,Sat,0.5,12:00p,Wisconsin,Ohio St.,4.03M,4030.0,Ohio St.,34.0,0.0,0.0,1.0,1,0.0,0.0,0.0,0.0,1.0,0.0,0.0,0.0,0.0,0.0,0.0,0.0,Big Ten,Big Ten,0.0,,,24.5,,,0.0,24.5,,,,34.0,,,,,,,,,,0.0,0.0,0.0,2.0,,,,,,12.0,0,0,0,1,0,0,2025-10-18,2025,0,0,0,0,0,0,0,0,0,0,0,0,0,0,0,0,0,0,0,0,0,0,0,0,0,0,0,0,0,0,0,0.0,0.0,0.0,0.0,0.0,0.0,0.0,0.0,0.0,0.0,0.0,0.0,0.0,8.301769763117166,6309.890407218083,9371.809125309506
,10/18/25,Sat,0.645833333,3:30p,Georgia,Mississippi,9.79M,9790.0,Georgia,43.0,35.0,0.0,2.0,1,0.0,0.0,0.0,0.0,0.0,1.0,0.0,0.0,0.0,0.0,0.0,0.0,SEC,SEC,0.0,,,7.5,,,0.0,-7.5,,,,8.0,,,,,,,,,,0.0,2.0,0.0,0.0,,,,,,15.5,0,0,0,0,1,0,2025-10-18,2025,0,0,0,0,0,0,0,0,0,0,0,0,0,0,0,0,0,0,0,0,0,0,0,0,0,1,1,0,0,0,0,0.0,0.0,0.0,0.0,0.0,0.0,0.0,0.0,0.0,0.0,0.0,0.0,0.0,9.189218875354072,7298.158352374301,2531.9452892979143
,10/18/25,Sat,0.666666667,4:00p,UAB,Memphis,246K,246.0,UAB,31.0,24.0,1.0,0.0,2,0.0,0.0,1.0,0.0,0.0,0.0,0.0,0.0,0.0,0.0,0.0,0.0,American Athletic,American Athletic,0.0,,,23.5,,,0.0,23.5,,,,7.0,,,,,,,,,,0.0,0.0,0.0,0.0,,,,,,16.0,0,0,0,0,1,0,2025-10-18,2025,0,0,0,0,0,0,0,0,0,0,0,0,0,0,0,0,0,0,0,0,0,0,0,0,0,0,0,0,0,0,0,0.0,0.0,0.0,0.0,0.0,0.0,0.0,0.0,0.0,0.0,0.0,0.0,0.0,5.5093883366279774,284.4717366146777,9545.631905057537
,10/18/25,Sat,0.666666667,4:00p,Arizona St.,Texas Tech,2.56M,2560.0,Arizona St.,26.0,22.0,0.0,1.0,1,1.0,0.0,0.0,0.0,0.0,0.0,0.0,0.0,0.0,0.0,0.0,0.0,Big 12,Big 12,0.0,,,7.5,,,0.0,7.5,,,,4.0,,,,,,,,,,2.0,0.0,0.0,0.0,,,,,,16.0,0,0,0,0,1,0,2025-10-18,2025,0,0,0,0,0,0,0,0,0,0,0,0,0,0,0,0,0,0,0,0,0,0,0,0,0,0,0,0,0,0,0,0.0,0.0,0.0,0.0,0.0,0.0,0.0,0.0,0.0,0.0,0.0,0.0,0.0,7.848153086199526,2189.6217509681146,7640.481890704101
,10/18/25,Sat,0.770833333,6:30p,Virginia,Washington St.,594K,594.0,Virginia,22.0,20.0,1.0,0.0,2,0.0,0.0,0.0,0.0,0.0,0.0,1.0,0.0,0.0,0.0,0.0,0.0,ACC,Pac-12,0.0,,,16.5,,,0.0,-16.5,,,,2.0,,,,,,,,,,0.0,0.0,1.0,0.0,,,,,,18.5,0,0,0,0,0,0,2025-10-18,2025,0,0,0,0,0,0,0,0,0,0,0,0,0,0,0,0,0,0,0,0,0,0,0,0,0,0,0,0,0,0,0,0.0,0.0,0.0,0.0,0.0,0.0,0.0,0.0,0.0,0.0,0.0,0.0,0.0,6.38856140554563,595.0193585113303,22936.27308381105
,10/18/25,Sat,0.770833333,6:30p,Rutgers,Oregon,530K,530.0,Oregon,56.0,10.0,0.0,1.0,2,0.0,0.0,0.0,0.0,0.0,0.0,0.0,0.0,0.0,0.0,1.0,0.0,Big Ten,Big Ten,0.0,,,17.5,,,0.0,17.5,,,,46.0,,,,,,,,,,0.0,0.0,0.0,2.0,,,,,,18.5,0,0,0,0,0,0,2025-10-18,2025,0,0,0,0,0,0,0,0,0,0,0,0,0,0,0,0,0,0,0,0,0,0,0,0,0,0,0,0,0,0,0,0.0,0.0,0.0,0.0,0.0,0.0,0.0,0.0,0.0,0.0,0.0,0.0,0.0,6.274762021241939,755.1572846585083,22776.13515766387
,10/18/25,Sat,0.791666667,7:00p,UCLA,Maryland,410K,410.0,UCLA,20.0,17.0,0.0,0.0,1,0.0,1.0,0.0,0.0,0.0,0.0,0.0,0.0,0.0,0.0,0.0,0.0,Big Ten,Big Ten,0.0,,,4.0,,,0.0,-4.0,,,,3.0,,,,,,,,,,0.0,0.0,0.0,2.0,,,,,,19.0,0,0,0,0,0,0,2025-10-18,2025,0,0,0,0,0,0,0,0,0,0,0,0,0,0,0,0,0,0,0,0,0,0,0,0,0,0,0,0,0,0,0,0.0,0.0,0.0,0.0,0.0,0.0,0.0,0.0,0.0,0.0,0.0,0.0,0.0,6.018593214496234,429.40952221327217,23697.475377113806
,10/18/25,Sat,0.791666667,7:00p,Kentucky,Texas,2.64M,2640.0,Texas,16.0,13.0,1.0,0.0,0,0.0,0.0,0.0,0.0,0.0,0.0,0.0,0.0,0.0,0.0,0.0,0.0,SEC,SEC,0.0,,,12.5,,,0.0,12.5,,,,3.0,,,,,,,,,,0.0,2.0,0.0,0.0,,,,,,19.0,0,0,0,0,0,0,2025-10-18,2025,0,0,0,0,0,0,0,0,0,0,0,0,0,0,0,0,0,0,0,0,0,0,0,0,0,0,0,0,0,0,0,0.0,0.0,0.0,0.0,0.0,0.0,0.0,0.0,0.0,0.0,0.0,0.0,0.0,7.878912912297133,2846.022612008418,21280.862287318658
,10/18/25,Sat,0.8125,7:30p,Alabama,Tennessee,8.01M,8010.0,Alabama,37.0,20.0,1.0,1.0,0,0.0,0.0,0.0,0.0,0.0,1.0,0.0,0.0,0.0,0.0,0.0,0.0,SEC,SEC,0.0,,,8.5,,,0.0,-8.5,,,,17.0,,,,,,,,,,0.0,2.0,0.0,0.0,,,,,,19.5,0,0,0,0,0,0,2025-10-18,2025,0,0,0,0,0,0,0,0,0,0,0,0,0,0,0,0,0,0,0,0,0,0,0,0,0,1,1,0,0,0,0,0.0,0.0,0.0,0.0,0.0,0.0,0.0,0.0,0.0,0.0,0.0,0.0,0.0,8.988570876215118,10915.6136223459,13211.271276981177
,10/18/25,Sat,0.8125,7:30p,South Florida,FAU,38K,38.0,South Florida,48.0,13.0,1.0,0.0,0,0.0,0.0,0.0,0.0,0.0,0.0,0.0,1.0,0.0,0.0,0.0,0.0,American Athletic,American Athletic,0.0,,,20.5,,,0.0,-20.5,,,,35.0,,,,,,,,,,0.0,0.0,0.0,0.0,,,,,,19.5,0,0,0,0,0,0,2025-10-18,2025,0,0,0,0,0,0,0,0,0,0,0,0,0,0,0,0,0,0,0,0,0,0,0,0,0,0,0,0,0,0,0,0.0,0.0,0.0,0.0,0.0,0.0,0.0,0.0,0.0,0.0,0.0,0.0,0.0,3.6635616461296463,56.47484033038612,24070.410058996687
,10/18/25,Sat,0.8125,7:30p,Notre Dame,USC,4.64M,4640.0,Notre Dame,34.0,24.0,2.0,0.0,0,0.0,0.0,0.0,1.0,0.0,0.0,0.0,0.0,0.0,0.0,0.0,0.0,FBS Independents,Big Ten,0.0,,,10.5,,,0.0,-10.5,,,,10.0,,,,,,,,,,0.0,0.0,0.0,1.0,,,,,,19.5,0,0,0,0,0,0,2025-10-18,2025,0,0,0,0,0,0,1,0,0,0,0,0,0,0,0,0,0,0,0,0,0,0,0,0,0,1,0,0,0,0,0,0.0,0.0,0.0,0.0,0.0,0.0,0.0,0.0,0.0,0.0,0.0,0.0,0.0,8.442685139241176,5024.340612279122,19102.544287047953
,10/18/25,Sat,0.833333333,8:00p,BYU,Utah,1.97M,1970.0,BYU,24.0,21.0,2.0,0.0,0,1.0,0.0,0.0,0.0,0.0,0.0,0.0,0.0,0.0,0.0,0.0,0.0,Big 12,Big 12,0.0,,,4.0,,,0.0,4.0,,,,3.0,,,,,,,,,,2.0,0.0,0.0,0.0,,,,,,20.0,0,0,0,0,0,0,2025-10-18,2025,0,0,0,0,0,0,0,0,0,1,0,0,0,0,0,0,0,0,0,0,0,0,0,0,0,1,0,0,0,1,0,0.0,0.0,0.0,0.0,0.0,0.0,0.0,0.0,0.0,0.0,0.0,0.0,0.0,7.58629630715272,2894.7024758822213,19882.005780275016
,10/18/25,Sat,0.833333333,8:00p,Oklahoma St.,Cincinnati,316K,316.0,Cincinnati,49.0,17.0,1.0,0.0,1,0.0,0.0,1.0,0.0,0.0,0.0,0.0,0.0,0.0,0.0,0.0,0.0,Big 12,Big 12,0.0,,,23.5,,,0.0,23.5,,,,32.0,,,,,,,,,,2.0,0.0,0.0,0.0,,,,,,20.0,0,0,0,0,0,0,2025-10-18,2025,0,0,0,0,0,0,0,0,0,0,0,0,0,0,0,0,0,0,0,0,0,0,0,0,0,0,0,0,0,0,0,0.0,0.0,0.0,0.0,0.0,0.0,0.0,0.0,0.0,0.0,0.0,0.0,0.0,5.75890177387728,610.1445710979175,22166.563685059322
,10/18/25,Sat,0.916666667,10:00p,Oregon St.,Lafayette,304K,304.0,Oregon St.,45.0,13.0,0.0,0.0,0,0.0,0.0,0.0,0.0,0.0,0.0,1.0,0.0,0.0,0.0,0.0,0.0,Pac-12,Other,0.0,,,21.0,,,0.0,-21.0,,,,32.0,,,,,,,,,,0.0,0.0,0.0,0.0,,,,,,22.0,0,0,0,0,0,1,2025-10-18,2025,0,0,0,0,0,0,0,0,0,0,0,0,0,0,0,0,0,0,0,0,0,0,0,0,0,0,0,0,0,0,0,0.0,0.0,0.0,0.0,0.0,0.0,0.0,0.0,0.0,0.0,0.0,0.0,0.0,5.720311776607412,351.52184422106143,1528.973134166033
,10/18/25,Sat,0.958333333,11:00p,Stanford,Florida St.,1.42M,1420.0,Stanford,20.0,13.0,0.0,0.0,0,0.0,0.0,0.0,0.0,0.0,0.0,0.0,0.0,0.0,0.0,0.0,0.0,ACC,ACC,0.0,,,17.5,,,0.0,17.5,,,,7.0,,,,,,,,,,0.0,0.0,2.0,0.0,,,,,,23.0,0,0,0,0,0,1,2025-10-18,2025,0,0,0,0,0,0,0,0,0,0,0,0,0,0,0,0,0,0,0,0,0,0,0,0,0,0,0,0,0,0,0,0.0,0.0,0.0,0.0,0.0,0.0,0.0,0.0,0.0,0.0,0.0,0.0,0.0,7.259116128097101,1528.973134166033,351.52184422106143
,10/21/25,Tue,0.791666667,7:00p,FIU,Kennesaw State,282K,282.0,Kennesaw State,45.0,26.0,0.0,0.0,0,0.0,0.0,1.0,0.0,0.0,0.0,0.0,0.0,0.0,0.0,0.0,0.0,Conference USA,Conference USA,0.0,,,3.0,,,0.0,3.0,,,,19.0,,,,,,,,,,0.0,0.0,0.0,0.0,,,,,,19.0,0,1,0,0,0,0,2025-10-21,2025,0,0,0,0,0,0,0,0,0,0,0,0,0,0,0,0,0,0,0,0,0,0,0,0,0,0,0,0,0,0,0,0.0,0.0,0.0,0.0,0.0,0.0,0.0,0.0,0.0,0.0,0.0,0.0,0.0,5.645446897643238,369.7284579201685,0.0
,10/22/25,Wed,0.8125,7:30p,Delaware,Middle Tennessee St.,417K,417.0,Delaware,31.0,28.0,0.0,0.0,0,0.0,0.0,1.0,0.0,0.0,0.0,0.0,0.0,0.0,0.0,0.0,0.0,Conference USA,Conference USA,0.0,,,8.5,,,0.0,-8.5,,,,3.0,,,,,,,,,,0.0,0.0,0.0,0.0,,,,,,19.5,0,1,0,0,0,0,2025-10-22,2025,0,0,0,0,0,0,0,0,0,0,0,0,0,0,0,0,0,0,0,0,0,0,0,0,0,0,0,0,0,0,0,0.0,0.0,0.0,0.0,0.0,0.0,0.0,0.0,0.0,0.0,0.0,0.0,0.0,6.035481432524756,353.8620723838576,0.0
,10/23/25,Thu,0.8125,7:30p,Georgia St.,South Alabama,400K,400.0,South Alabama,38.0,31.0,0.0,0.0,0,0.0,0.0,1.0,0.0,0.0,0.0,0.0,0.0,0.0,0.0,0.0,0.0,Sun Belt,Sun Belt,0.0,,,6.0,,,0.0,6.0,,,,7.0,,,,,,,,,,0.0,0.0,0.0,0.0,,,,,,19.5,0,1,0,0,0,0,2025-10-23,2025,0,0,0,0,0,0,0,0,0,0,0,0,0,0,0,0,0,0,0,0,0,0,0,0,0,0,0,0,0,0,0,0.0,0.0,0.0,0.0,0.0,0.0,0.0,0.0,0.0,0.0,0.0,0.0,0.0,5.993961427306569,327.8337498771459,0.0
,10/24/25,Fri,0.791666667,7:00p,Charlotte,North Texas,317K,317.0,North Texas,54.0,20.0,0.0,0.0,0,0.0,0.0,1.0,0.0,0.0,0.0,0.0,0.0,0.0,0.0,0.0,0.0,American Athletic,American Athletic,0.0,,,25.5,,,0.0,25.5,,,,34.0,,,,,,,,,,0.0,0.0,0.0,0.0,,,,,,19.0,0,0,1,0,0,0,2025-10-24,2025,0,0,0,0,0,0,0,0,0,0,0,0,0,0,0,0,0,0,0,0,0,0,0,0,0,0,0,0,0,0,0,0.0,1.0,0.0,0.0,0.0,0.0,0.0,0.0,0.0,0.0,0.0,0.0,0.0,5.762051382780177,322.4037050516358,1624.629126130662
,10/24/25,Fri,0.8125,7:30p,Virginia Tech,California,1.11M,1110.0,Virginia Tech,42.0,34.0,0.0,0.0,0,0.0,0.0,0.0,0.0,0.0,0.0,0.0,0.0,0.0,0.0,0.0,0.0,ACC,ACC,0.0,,,6.0,,,0.0,-6.0,,,,8.0,,,,,,,,,,0.0,0.0,2.0,0.0,,,,,,19.5,0,0,1,0,0,0,2025-10-24,2025,0,0,0,0,0,0,0,0,0,0,0,0,0,0,0,0,0,0,0,0,0,0,0,0,0,0,0,0,0,0,0,0.0,0.0,0.0,0.0,0.0,0.0,0.0,0.0,0.0,0.0,0.0,0.0,1.0,7.01301578963963,1624.629126130662,322.4037050516358
,10/25/25,Sat,0.5,12:00p,Memphis,South Florida,392K,392.0,Memphis,34.0,31.0,1.0,0.0,3,0.0,0.0,1.0,0.0,0.0,0.0,0.0,0.0,0.0,0.0,0.0,0.0,American Athletic,American Athletic,0.0,,,3.5,,,0.0,3.5,,,,3.0,,,,,,,,,,0.0,0.0,0.0,0.0,,,,,,12.0,0,0,0,1,0,0,2025-10-25,2025,0,0,0,0,0,0,0,0,0,0,0,0,0,0,0,0,0,0,0,0,0,0,0,0,0,0,0,0,0,0,0,0.0,0.0,0.0,0.0,0.0,0.0,0.0,0.0,0.0,0.0,0.0,0.0,0.0,5.973809611869261,306.57875042601063,9231.148326544184
,10/25/25,Sat,0.5,12:00p,Old Dominion,Appalachian St.,33K,33.0,Old Dominion,24.0,21.0,0.0,0.0,2,0.0,0.0,0.0,0.0,0.0,0.0,0.0,1.0,0.0,0.0,0.0,0.0,Sun Belt,Sun Belt,0.0,,,13.5,,,0.0,-13.5,,,,3.0,,,,,,,,,,0.0,0.0,0.0,0.0,,,,,,12.0,0,0,0,1,0,0,2025-10-25,2025,0,0,0,0,0,0,0,0,0,0,0,0,0,0,0,0,0,0,0,0,0,0,0,0,0,0,0,0,0,0,0,0.0,0.0,0.0,0.0,0.0,0.0,0.0,0.0,0.0,0.0,0.0,0.0,0.0,3.5263605246161616,81.57304085049314,9456.1540361197
,10/25/25,Sat,0.5,12:00p,Indiana,UCLA,3.02M,3020.0,Indiana,56.0,6.0,0.0,1.0,2,1.0,0.0,0.0,0.0,0.0,0.0,0.0,0.0,0.0,0.0,0.0,0.0,Big Ten,Big Ten,0.0,,,26.5,,,0.0,-26.5,,,,50.0,,,,,,,,,,0.0,0.0,0.0,2.0,,,,,,12.0,0,0,0,1,0,0,2025-10-25,2025,0,0,0,0,0,0,0,0,0,0,0,0,0,0,0,0,0,0,0,0,0,0,0,0,0,0,0,0,0,0,0,0.0,0.0,0.0,0.0,0.0,0.0,0.0,0.0,0.0,0.0,0.0,0.0,0.0,8.013343181386672,2190.848376426439,7346.878700543755
,10/25/25,Sat,0.5,12:00p,Oklahoma,Mississippi,6.55M,6550.0,Mississippi,34.0,26.0,1.0,1.0,2,0.0,0.0,0.0,0.0,0.0,1.0,0.0,0.0,0.0,0.0,0.0,0.0,SEC,SEC,0.0,,,5.5,,,0.0,-5.5,,,,8.0,,,,,,,,,,0.0,2.0,0.0,0.0,,,,,,12.0,0,0,0,1,0,0,2025-10-25,2025,0,0,0,0,0,0,0,0,0,0,0,0,0,0,0,0,0,0,0,0,0,0,0,0,0,1,1,0,0,0,0,0.0,0.0,0.0,0.0,0.0,0.0,0.0,0.0,0.0,0.0,0.0,0.0,0.0,8.787372988731876,5270.812535903103,4266.914541067092
,10/25/25,Sat,0.5,12:00p,Georgia Tech,Syracuse,1.27M,1270.0,Georgia Tech,41.0,16.0,0.0,1.0,2,0.0,0.0,0.0,0.0,0.0,0.0,0.0,0.0,0.0,0.0,0.0,0.0,ACC,ACC,0.0,,,17.5,,,0.0,-17.5,,,,25.0,,,,,,,,,,0.0,0.0,2.0,0.0,,,,,,12.0,0,0,0,1,0,0,2025-10-25,2025,0,0,0,0,0,0,0,0,0,0,0,0,0,0,0,0,0,0,0,0,0,0,0,0,0,0,0,0,0,0,0,0.0,0.0,0.0,0.0,0.0,0.0,0.0,0.0,0.0,0.0,0.0,0.0,0.0,7.147559271189454,1414.187573562653,8123.539503407541
,10/25/25,Sat,0.5,12:00p,Wake Forest,SMU,285K,285.0,Wake Forest,13.0,12.0,0.0,0.0,3,0.0,0.0,0.0,0.0,0.0,0.0,1.0,0.0,0.0,0.0,0.0,0.0,ACC,ACC,0.0,,,5.5,,,0.0,5.5,,,,1.0,,,,,,,,,,0.0,0.0,2.0,0.0,,,,,,12.0,0,0,0,1,0,0,2025-10-25,2025,0,0,0,0,0,0,0,0,0,0,0,0,0,0,0,0,0,0,0,0,0,0,0,0,0,0,0,0,0,0,0,0.0,0.0,0.0,0.0,0.0,0.0,0.0,0.0,0.0,0.0,0.0,0.0,0.0,5.655991810819852,273.7267998014961,9264.000277168698
,10/25/25,Sat,0.645833333,3:30p,Washington St.,Toledo,311K,311.0,Washington St.,28.0,7.0,0.0,0.0,2,0.0,0.0,0.0,0.0,0.0,0.0,1.0,0.0,0.0,0.0,0.0,0.0,Pac-12,Mid-American,0.0,,,1.5,,,0.0,1.5,,,,21.0,,,,,,,,,,0.0,0.0,0.0,0.0,,,,,,15.5,0,0,0,0,1,0,2025-10-25,2025,0,0,0,0,0,0,0,0,0,0,0,0,0,0,0,0,0,0,0,0,0,0,0,0,0,0,0,0,0,0,0,0.0,0.0,0.0,0.0,0.0,0.0,0.0,0.0,0.0,0.0,0.0,0.0,0.0,5.7430031878094825,290.6760253378498,14420.291184747613
,10/25/25,Sat,0.645833333,3:30p,Iowa St.,BYU,2.57M,2570.0,BYU,41.0,27.0,1.0,0.0,1,1.0,0.0,0.0,0.0,0.0,0.0,0.0,0.0,0.0,0.0,0.0,0.0,Big 12,Big 12,0.0,,,2.5,,,0.0,-2.5,,,,14.0,,,,,,,,,,2.0,0.0,0.0,0.0,,,,,,15.5,0,0,0,0,1,0,2025-10-25,2025,0,0,0,0,0,0,0,0,0,0,0,0,0,0,0,0,0,0,0,0,0,0,0,0,0,0,0,0,0,0,0,0.0,0.0,0.0,0.0,0.0,0.0,0.0,0.0,0.0,0.0,0.0,0.0,0.0,7.852050207265889,2364.5413327865017,12346.42587729896
,10/25/25,Sat,0.645833333,3:30p,South Carolina,Alabama,7.84M,7840.0,Alabama,29.0,22.0,0.0,1.0,1,0.0,0.0,0.0,0.0,0.0,1.0,0.0,0.0,0.0,0.0,0.0,0.0,SEC,SEC,0.0,,,11.5,,,0.0,11.5,,,,7.0,,,,,,,,,,0.0,2.0,0.0,0.0,,,,,,15.5,0,0,0,0,1,0,2025-10-25,2025,0,0,0,0,0,0,0,0,0,0,0,0,0,0,0,0,0,0,0,0,0,0,0,0,0,0,0,0,0,0,0,0.0,0.0,0.0,0.0,0.0,0.0,0.0,0.0,0.0,0.0,0.0,0.0,0.0,8.967121656230923,7216.79587276595,7494.1713373195125
,10/25/25,Sat,0.645833333,3:30p,Vanderbilt,Missouri,3.07M,3070.0,Vanderbilt,17.0,10.0,1.0,1.0,1,0.0,0.0,0.0,0.0,0.0,0.0,0.0,0.0,0.0,0.0,0.0,0.0,SEC,SEC,0.0,,,3.0,,,0.0,-3.0,,,,7.0,,,,,,,,,,0.0,2.0,0.0,0.0,,,,,,15.5,0,0,0,0,1,0,2025-10-25,2025,0,0,0,0,0,0,0,0,0,0,0,0,0,0,0,0,0,0,0,0,0,0,0,0,0,1,1,0,0,0,0,0.0,0.0,0.0,0.0,0.0,0.0,0.0,0.0,0.0,0.0,0.0,0.0,0.0,8.029758520440822,1981.7120564036884,12729.255153681774
,10/25/25,Sat,0.645833333,3:30p,Iowa,Minnesota,1.6M,1600.0,Iowa,41.0,3.0,0.0,0.0,1,0.0,0.0,0.0,0.0,1.0,0.0,0.0,0.0,0.0,0.0,0.0,0.0,Big Ten,Big Ten,0.0,,,7.5,,,0.0,-7.5,,,,38.0,,,,,,,,,,0.0,0.0,0.0,2.0,,,,,,15.5,0,0,0,0,1,0,2025-10-25,2025,0,0,0,0,0,0,0,0,0,0,0,0,0,0,0,0,0,0,0,0,0,0,0,0,0,0,0,0,0,0,0,0.0,0.0,0.0,0.0,0.0,0.0,0.0,0.0,0.0,0.0,0.0,0.0,0.0,7.3783837129967145,2067.2668539634915,12643.700356121972
,10/25/25,Sat,0.6875,4:30p,Texas Tech,Oklahoma St.,110K,110.0,Texas Tech,42.0,0.0,1.0,0.0,1,0.0,0.0,0.0,0.0,0.0,0.0,0.0,1.0,0.0,0.0,0.0,0.0,Big 12,Big 12,0.0,,,37.5,,,0.0,-37.5,,,,42.0,,,,,,,,,,2.0,0.0,0.0,0.0,,,,,,16.5,0,0,0,0,1,0,2025-10-25,2025,0,0,0,0,0,0,0,0,0,0,0,0,0,0,0,0,0,0,0,0,0,0,0,0,0,0,0,0,0,0,0,0.0,0.0,0.0,0.0,0.0,0.0,0.0,0.0,0.0,0.0,0.0,0.0,0.0,4.709530201312334,192.35210758350257,14518.615102501959
,10/25/25,Sat,0.666666667,4:00p,Cincinnati,Baylor,453K,453.0,Cincinnati,41.0,20.0,1.0,0.0,2,0.0,0.0,1.0,0.0,0.0,0.0,0.0,0.0,0.0,0.0,0.0,0.0,Big 12,Big 12,0.0,,,3.5,,,0.0,-3.5,,,,21.0,,,,,,,,,,2.0,0.0,0.0,0.0,,,,,,16.0,0,0,0,0,1,0,2025-10-25,2025,0,0,0,0,0,0,0,0,0,0,0,0,0,0,0,0,0,0,0,0,0,0,0,0,0,0,0,0,0,0,0,0.0,0.0,0.0,0.0,0.0,0.0,0.0,0.0,0.0,0.0,0.0,0.0,0.0,6.118097198041348,597.6229612444782,14113.344248840984
,10/25/25,Sat,0.791666667,7:00p,Oregon,Wisconsin,1.17M,1170.0,Oregon,21.0,7.0,0.0,1.0,2,0.0,1.0,0.0,0.0,0.0,0.0,0.0,0.0,0.0,0.0,0.0,0.0,Big Ten,Big Ten,0.0,,,31.5,,,0.0,-31.5,,,,14.0,,,,,,,,,,0.0,0.0,0.0,2.0,,,,,,19.0,0,0,0,0,0,0,2025-10-25,2025,0,0,0,0,0,0,0,0,0,0,0,0,0,0,0,0,0,0,0,0,0,0,0,0,0,0,0,0,0,0,0,0.0,0.0,0.0,0.0,0.0,0.0,0.0,0.0,0.0,0.0,0.0,0.0,0.0,7.065613363597717,1231.7970298265561,14534.58050566814
,10/25/25,Sat,0.791666667,7:00p,Miami,Stanford,1.21M,1210.0,Miami,42.0,7.0,0.0,1.0,1,0.0,0.0,0.0,0.0,0.0,0.0,0.0,0.0,0.0,0.0,0.0,0.0,ACC,ACC,0.0,,,28.5,,,0.0,-28.5,,,,35.0,,,,,,,,,,0.0,0.0,2.0,0.0,,,,,,19.0,0,0,0,0,0,0,2025-10-25,2025,0,0,0,0,0,0,0,0,0,0,0,0,0,0,0,0,0,0,0,0,0,0,0,0,0,0,0,0,0,0,0,0.0,0.0,0.0,0.0,0.0,0.0,0.0,0.0,0.0,0.0,0.0,0.0,0.0,7.099201743553092,1633.95184348273,14132.425692011966
,10/25/25,Sat,0.8125,7:30p,Michigan St.,Michigan,3.63M,3630.0,Michigan,31.0,20.0,1.0,0.0,1,0.0,0.0,0.0,1.0,0.0,0.0,0.0,0.0,0.0,0.0,0.0,0.0,Big Ten,Big Ten,0.0,,,13.5,,,0.0,13.5,,,,11.0,,,,,,,,,,0.0,0.0,0.0,2.0,,,,,,19.5,0,0,0,0,0,0,2025-10-25,2025,0,0,0,0,0,0,0,0,0,0,0,0,0,0,0,0,0,0,0,0,0,0,0,0,0,0,0,0,0,0,0,0.0,0.0,0.0,0.0,0.0,0.0,0.0,0.0,0.0,0.0,0.0,0.0,0.0,8.197263371414335,4465.914267293398,11300.463268201298
,10/25/25,Sat,0.8125,7:30p,LSU,Texas A&M,6.76M,6760.0,Texas A&M,49.0,25.0,1.0,1.0,1,0.0,0.0,0.0,0.0,0.0,1.0,0.0,0.0,0.0,0.0,0.0,0.0,SEC,SEC,0.0,,,1.5,,,0.0,1.5,,,,24.0,,,,,,,,,,0.0,2.0,0.0,0.0,,,,,,19.5,0,0,0,0,0,0,2025-10-25,2025,0,0,0,0,0,0,0,0,0,0,0,0,0,0,0,0,0,0,0,0,0,0,0,0,0,1,1,0,0,0,0,0.0,0.0,0.0,0.0,0.0,0.0,0.0,0.0,0.0,0.0,0.0,0.0,0.0,8.818926087090677,7891.304076552527,7875.073458942169
,10/25/25,Sat,0.833333333,8:00p,Arizona St.,Houston,402K,402.0,Houston,24.0,16.0,1.0,0.0,2,0.0,0.0,1.0,0.0,0.0,0.0,0.0,0.0,0.0,0.0,0.0,0.0,Big 12,Big 12,0.0,,,7.0,,,0.0,-7.0,,,,8.0,,,,,,,,,,2.0,0.0,0.0,0.0,,,,,,20.0,0,0,0,0,0,0,2025-10-25,2025,0,0,0,0,0,0,0,0,0,0,0,0,0,0,0,0,0,0,0,0,0,0,0,0,0,0,0,0,0,0,0,0.0,0.0,0.0,0.0,0.0,0.0,0.0,0.0,0.0,0.0,0.0,0.0,0.0,5.998936561946683,543.4103183394857,15222.96721715521
,10/25/25,Sat,0.9375,10:30p,Utah,Colorado,1.29M,1290.0,Utah,53.0,7.0,0.0,0.0,0,0.0,0.0,0.0,0.0,0.0,0.0,0.0,0.0,0.0,0.0,0.0,0.0,Big 12,Big 12,0.0,,,14.0,,,0.0,-14.0,,,,46.0,,,,,,,,,,2.0,0.0,0.0,0.0,,,,,,22.5,0,0,0,0,0,1,2025-10-25,2025,0,1,0,0,0,0,0,0,0,0,0,0,0,0,0,0,0,0,0,0,0,0,0,0,0,0,0,0,0,0,0,0.0,0.0,0.0,0.0,0.0,0.0,0.0,0.0,0.0,0.0,0.0,0.0,0.0,7.1631723908466425,2291.1721089394355,0.0
,10/28/25,Tue,0.833333333,8:00p,Texas St.,James Madison,245K,245.0,James Madison,52.0,20.0,0.0,0.0,0,0.0,0.0,1.0,0.0,0.0,0.0,0.0,0.0,0.0,0.0,0.0,0.0,Sun Belt,Sun Belt,0.0,,,7.0,,,0.0,7.0,,,,32.0,,,,,,,,,,0.0,0.0,0.0,0.0,,,,,,20.0,0,1,0,0,0,0,2025-10-28,2025,0,0,0,0,0,0,0,0,0,0,0,0,0,0,0,0,0,0,0,0,0,0,0,0,0,0,0,0,0,0,0,0.0,0.0,0.0,0.0,0.0,0.0,0.0,0.0,0.0,0.0,0.0,0.0,0.0,5.5053315359323625,243.8080330829839,83.34651506226776
,10/28/25,Tue,0.833333333,8:00p,Kennesaw State,UTEP,50K,50.0,Kennesaw State,33.0,20.0,0.0,0.0,0,0.0,0.0,0.0,0.0,0.0,0.0,0.0,1.0,0.0,0.0,0.0,0.0,Conference USA,Conference USA,0.0,,,12.5,,,0.0,-12.5,,,,13.0,,,,,,,,,,0.0,0.0,0.0,0.0,,,,,,20.0,0,1,0,0,0,0,2025-10-28,2025,0,0,0,0,0,0,0,0,0,0,0,0,0,0,0,0,0,0,0,0,0,0,0,0,0,0,0,0,0,0,0,0.0,0.0,0.0,0.0,0.0,0.0,0.0,0.0,0.0,0.0,0.0,0.0,0.0,3.9318256327243257,83.34651506226776,243.8080330829839
,10/29/25,Wed,0.8125,7:30p,Middle Tennessee St.,Jacksonville St.,303K,303.0,Jacksonville St.,24.0,21.0,0.0,0.0,0,0.0,0.0,1.0,0.0,0.0,0.0,0.0,0.0,0.0,0.0,0.0,0.0,Conference USA,Conference USA,0.0,,,4.0,,,0.0,4.0,,,,3.0,,,,,,,,,,0.0,0.0,0.0,0.0,,,,,,19.5,0,1,0,0,0,0,2025-10-29,2025,0,0,0,0,0,0,0,0,0,0,0,0,0,0,0,0,0,0,0,0,0,0,0,0,0,0,0,0,0,0,0,0.0,0.0,0.0,0.0,0.0,0.0,0.0,0.0,0.0,0.0,0.0,0.0,0.0,5.717027701406222,373.4044849876189,0.0
,10/30/25,Thu,0.8125,7:30p,Coastal Carolina,Marshall,288K,288.0,Coastal Carolina,44.0,27.0,0.0,0.0,0,0.0,0.0,1.0,0.0,0.0,0.0,0.0,0.0,0.0,0.0,0.0,0.0,Sun Belt,Sun Belt,0.0,,,7.0,,,0.0,7.0,,,,17.0,,,,,,,,,,0.0,0.0,0.0,0.0,,,,,,19.5,0,1,0,0,0,0,2025-10-30,2025,0,0,0,0,0,0,0,0,0,0,0,0,0,0,0,0,0,0,0,0,0,0,0,0,0,0,0,0,0,0,0,0.0,0.0,0.0,0.0,0.0,0.0,0.0,0.0,0.0,0.0,0.0,0.0,0.0,5.666426688112432,317.7655114227725,516.1302166143705
,10/30/25,Thu,0.8125,7:30p,UTSA,Tulane,659K,659.0,UTSA,48.0,26.0,0.0,0.0,0,0.0,0.0,0.0,0.0,0.0,0.0,0.0,0.0,0.0,0.0,0.0,0.0,American Athletic,American Athletic,0.0,,,6.0,,,0.0,6.0,,,,22.0,,,,,,,,,,0.0,0.0,0.0,0.0,,,,,,19.5,0,1,0,0,0,0,2025-10-30,2025,0,0,0,0,0,0,0,0,0,0,0,0,0,0,0,0,0,0,0,0,0,0,0,0,0,0,0,0,0,0,0,0.0,0.0,0.0,0.0,0.0,0.0,0.0,0.0,0.0,0.0,0.0,0.0,0.0,6.492239835020471,516.1302166143705,317.7655114227725
,10/31/25,Fri,0.791666667,7:00p,Rice,Memphis,244K,244.0,Memphis,38.0,14.0,1.0,0.0,0,0.0,0.0,1.0,0.0,0.0,0.0,0.0,0.0,0.0,0.0,0.0,0.0,American Athletic,American Athletic,0.0,,,14.0,,,0.0,14.0,,,,24.0,,,,,,,,,,0.0,0.0,0.0,0.0,,,,,,19.0,0,0,1,0,0,0,2025-10-31,2025,0,0,0,0,0,0,0,0,0,0,0,0,0,0,0,0,0,0,0,0,0,0,0,0,0,0,0,0,0,0,0,0.0,1.0,0.0,0.0,0.0,0.0,0.0,0.0,0.0,0.0,0.0,0.0,0.0,5.501258210544727,546.2427931941905,1839.3079170584606
,10/31/25,Fri,0.8125,7:30p,Syracuse,North Carolina,983K,983.0,North Carolina,27.0,10.0,0.0,0.0,0,0.0,0.0,0.0,0.0,0.0,0.0,0.0,0.0,0.0,0.0,0.0,0.0,ACC,ACC,0.0,,,1.5,,,0.0,-1.5,,,,17.0,,,,,,,,,,0.0,0.0,2.0,0.0,,,,,,19.5,0,0,1,0,0,0,2025-10-31,2025,0,0,0,0,0,0,0,0,0,0,0,0,0,0,0,0,0,0,0,0,0,0,0,0,0,0,0,0,0,0,0,0.0,0.0,0.0,0.0,0.0,0.0,0.0,0.0,0.0,0.0,0.0,0.0,1.0,6.891625897052253,1839.3079170584606,546.2427931941905
,11/1/25,Sat,0.5,12:00p,Ohio St.,Penn St.,7.19M,7190.0,Ohio St.,38.0,14.0,0.0,1.0,2,1.0,0.0,0.0,0.0,0.0,0.0,0.0,0.0,0.0,0.0,0.0,0.0,Big Ten,Big Ten,0.0,,,17.5,,,0.0,-17.5,,,,24.0,,,,,,,,,,0.0,0.0,0.0,2.0,,,,,,12.0,0,0,0,1,0,0,2025-11-01,2025,0,0,0,0,0,0,0,0,0,0,0,0,0,0,0,0,0,0,0,0,0,0,0,1,0,0,0,0,0,0,0,0.0,0.0,0.0,0.0,0.0,0.0,0.0,0.0,0.0,0.0,0.0,0.0,0.0,8.880585523102495,6998.0020855003795,6654.574649502582
,11/1/25,Sat,0.5,12:00p,Baylor,UCF,58K,58.0,Baylor,30.0,3.0,0.0,0.0,2,0.0,0.0,0.0,0.0,0.0,0.0,0.0,1.0,0.0,0.0,0.0,0.0,Big 12,Big 12,0.0,,,3.0,,,0.0,-3.0,,,,27.0,,,,,,,,,,2.0,0.0,0.0,0.0,,,,,,12.0,0,0,0,1,0,0,2025-11-01,2025,0,0,0,0,0,0,0,0,0,0,0,0,0,0,0,0,0,0,0,0,0,0,0,0,0,0,0,0,0,0,0,0.0,0.0,0.0,0.0,0.0,0.0,0.0,0.0,0.0,0.0,0.0,0.0,0.0,4.07753744390572,127.51581873379668,13525.060916269165
,11/1/25,Sat,0.5,12:00p,North Texas,Navy,216K,216.0,North Texas,31.0,17.0,0.0,0.0,3,0.0,0.0,1.0,0.0,0.0,0.0,0.0,0.0,0.0,0.0,0.0,0.0,American Athletic,American Athletic,0.0,,,6.5,,,0.0,-6.5,,,,14.0,,,,,,,,,,0.0,0.0,0.0,0.0,,,,,,12.0,0,0,0,1,0,0,2025-11-01,2025,0,0,0,0,0,0,0,0,0,0,0,0,0,0,0,0,0,0,0,0,0,0,0,0,0,0,0,0,0,0,0,0.0,0.0,0.0,0.0,0.0,0.0,0.0,0.0,0.0,0.0,0.0,0.0,0.0,5.37989735354046,236.5151086172976,13416.061626385665
,11/1/25,Sat,0.5,12:00p,SMU,Miami,1.5M,1500.0,SMU,26.0,20.0,0.0,1.0,2,0.0,0.0,0.0,0.0,0.0,0.0,0.0,0.0,0.0,0.0,0.0,0.0,ACC,ACC,0.0,,,8.5,,,0.0,8.5,,,,6.0,,,,,,,,,,0.0,0.0,2.0,0.0,,,,,,12.0,0,0,0,1,0,0,2025-11-01,2025,0,0,0,0,0,0,0,0,0,0,0,0,0,0,0,0,0,0,0,0,0,0,0,0,0,0,0,0,0,0,0,0.0,0.0,0.0,0.0,0.0,0.0,0.0,0.0,0.0,0.0,0.0,0.0,0.0,7.313886831633462,1289.7420624682388,12362.834672534722
,11/1/25,Sat,0.5,12:00p,Texas,Vanderbilt,4.51M,4510.0,Texas,34.0,31.0,1.0,1.0,2,0.0,0.0,0.0,0.0,0.0,1.0,0.0,0.0,0.0,0.0,0.0,0.0,SEC,SEC,0.0,,,3.5,,,0.0,-3.5,,,,3.0,,,,,,,,,,0.0,2.0,0.0,0.0,,,,,,12.0,0,0,0,1,0,0,2025-11-01,2025,0,0,0,0,0,0,0,0,0,0,0,0,0,0,0,0,0,0,0,0,0,0,0,0,0,1,1,0,0,0,0,0.0,0.0,0.0,0.0,0.0,0.0,0.0,0.0,0.0,0.0,0.0,0.0,0.0,8.414274137408396,4063.38286845537,9589.193866547592
,11/1/25,Sat,0.5,12:00p,Air Force,Army,1.03M,1030.0,Army,20.0,17.0,0.0,0.0,2,0.0,0.0,0.0,0.0,1.0,0.0,0.0,0.0,0.0,0.0,0.0,0.0,Mountain West,American Athletic,0.0,,,1.5,,,0.0,1.5,,,,3.0,,,,,,,,,,0.0,0.0,0.0,0.0,,,,,,12.0,0,0,0,1,0,0,2025-11-01,2025,0,0,0,0,0,0,0,0,0,0,0,0,0,0,0,0,0,0,0,0,0,0,0,0,0,0,0,0,0,0,0,0.0,0.0,0.0,0.0,0.0,0.0,0.0,0.0,0.0,0.0,0.0,0.0,0.0,6.93828448401696,937.4187912278792,12715.157943775082
,11/1/25,Sat,0.625,3:00p,Virginia Tech,Louisville,593K,593.0,Louisville,28.0,16.0,1.0,0.0,2,0.0,0.0,0.0,0.0,0.0,0.0,1.0,0.0,0.0,0.0,0.0,0.0,ACC,ACC,0.0,,,10.5,,,0.0,10.5,,,,12.0,,,,,,,,,,0.0,0.0,2.0,0.0,,,,,,15.0,0,0,0,0,1,0,2025-11-01,2025,0,0,0,0,0,0,0,0,0,0,0,0,0,0,0,0,0,0,0,0,0,0,0,0,0,0,0,0,0,0,0,0.0,0.0,0.0,0.0,0.0,0.0,0.0,0.0,0.0,0.0,0.0,0.0,0.0,6.386879319362645,768.7969156484368,13655.78740104499
,11/1/25,Sat,0.645833333,3:30p,Maryland,Indiana,2.89M,2890.0,Indiana,55.0,10.0,0.0,1.0,1,0.0,0.0,0.0,0.0,1.0,0.0,0.0,0.0,0.0,0.0,0.0,0.0,Big Ten,Big Ten,0.0,,,21.0,,,0.0,21.0,,,,45.0,,,,,,,,,,0.0,0.0,0.0,2.0,,,,,,15.5,0,0,0,0,1,0,2025-11-01,2025,0,0,0,0,0,0,0,0,0,0,0,0,0,0,0,0,0,0,0,0,0,0,0,0,0,0,0,0,0,0,0,0.0,0.0,0.0,0.0,0.0,0.0,0.0,0.0,0.0,0.0,0.0,0.0,0.0,7.969357742016346,1986.686000502681,12437.898316190747
,11/1/25,Sat,0.645833333,3:30p,Boston College,Notre Dame,1.73M,1730.0,Notre Dame,25.0,10.0,1.0,0.0,1,0.0,0.0,0.0,0.0,0.0,0.0,0.0,0.0,0.0,0.0,0.0,0.0,ACC,FBS Independents,0.0,,,31.5,,,0.0,31.5,,,,15.0,,,,,,,,,,0.0,0.0,1.0,0.0,,,,,,15.5,0,0,0,0,1,0,2025-11-01,2025,0,0,0,0,0,0,0,0,0,0,0,0,0,0,0,0,0,0,0,0,0,0,0,0,0,0,0,0,0,0,0,0.0,0.0,0.0,0.0,0.0,0.0,0.0,0.0,0.0,0.0,0.0,0.0,0.0,7.456454555176209,1516.3578904739343,12908.226426219493
,11/1/25,Sat,0.645833333,3:30p,Kansas St.,Texas Tech,3.13M,3130.0,Texas Tech,43.0,20.0,1.0,0.0,1,1.0,0.0,0.0,0.0,0.0,0.0,0.0,0.0,0.0,0.0,0.0,0.0,Big 12,Big 12,0.0,,,7.5,,,0.0,7.5,,,,23.0,,,,,,,,,,2.0,0.0,0.0,0.0,,,,,,15.5,0,0,0,0,1,0,2025-11-01,2025,0,0,0,0,0,0,0,0,0,0,0,0,0,0,0,0,0,0,0,0,0,0,0,0,0,0,0,0,0,0,0,0.0,0.0,0.0,0.0,0.0,0.0,0.0,0.0,0.0,0.0,0.0,0.0,0.0,8.049107721326406,2259.1325572207857,12165.45175947264
,11/1/25,Sat,0.645833333,3:30p,Florida,Georgia,7.79M,7790.0,Georgia,24.0,20.0,0.0,1.0,1,0.0,0.0,0.0,0.0,0.0,1.0,0.0,0.0,0.0,0.0,0.0,0.0,SEC,SEC,0.0,,,7.0,,,0.0,7.0,,,,4.0,,,,,,,,,,0.0,2.0,0.0,0.0,,,,,,15.5,0,0,0,0,1,0,2025-11-01,2025,0,0,0,0,0,1,0,0,0,0,0,0,0,0,0,0,0,0,0,0,0,0,0,0,0,0,0,0,0,0,0,0.0,0.0,0.0,0.0,0.0,0.0,0.0,0.0,0.0,0.0,0.0,0.0,0.0,8.960724500330858,7234.91049495485,7189.673821738577
,11/1/25,Sat,0.645833333,3:30p,California,Virginia,326K,326.0,Virginia,31.0,21.0,1.0,0.0,2,0.0,0.0,1.0,0.0,0.0,0.0,0.0,0.0,0.0,0.0,0.0,0.0,ACC,ACC,0.0,,,6.5,,,0.0,6.5,,,,10.0,,,,,,,,,,0.0,0.0,2.0,0.0,,,,,,15.5,0,0,0,0,1,0,2025-11-01,2025,0,0,0,0,0,0,0,0,0,0,0,0,0,0,0,0,0,0,0,0,0,0,0,0,0,0,0,0,0,0,0,0.0,0.0,0.0,0.0,0.0,0.0,0.0,0.0,0.0,0.0,0.0,0.0,0.0,5.7899601708972535,583.5541447747618,13841.030171918665
,11/1/25,Sat,0.666666667,4:00p,Western Michigan,Central Michigan,32K,32.0,Western Michigan,24.0,21.0,0.0,0.0,1,0.0,0.0,0.0,0.0,0.0,0.0,0.0,1.0,0.0,0.0,0.0,0.0,Mid-American,Mid-American,0.0,,,6.0,,,0.0,-6.0,,,,3.0,,,,,,,,,,0.0,0.0,0.0,0.0,,,,,,16.0,0,0,0,0,1,0,2025-11-01,2025,0,0,0,0,0,0,0,0,0,0,0,0,0,0,0,0,0,0,0,0,0,0,0,0,0,0,0,0,0,0,0,0.0,0.0,0.0,0.0,0.0,0.0,0.0,0.0,0.0,0.0,0.0,0.0,0.0,3.4965075614664802,75.14631311797673,14349.43800357545
,11/1/25,Sat,0.791666667,7:00p,Colorado,Arizona,374K,374.0,Arizona,52.0,17.0,0.0,0.0,1,0.0,1.0,0.0,0.0,0.0,0.0,0.0,0.0,0.0,0.0,0.0,0.0,Big 12,Big 12,0.0,,,4.0,,,0.0,4.0,,,,35.0,,,,,,,,,,2.0,0.0,0.0,0.0,,,,,,19.0,0,0,0,0,0,0,2025-11-01,2025,0,1,0,0,0,0,0,0,0,0,0,0,0,0,0,0,0,0,0,0,0,0,0,0,0,0,0,0,0,0,0,0.0,0.0,0.0,0.0,0.0,0.0,0.0,0.0,0.0,0.0,0.0,0.0,0.0,5.926926025970411,967.3895707897746,16357.372614961429
,11/1/25,Sat,0.791666667,7:00p,Mississippi,South Carolina,1.32M,1320.0,Mississippi,30.0,14.0,0.0,1.0,0,0.0,0.0,0.0,0.0,0.0,0.0,0.0,0.0,0.0,0.0,0.0,0.0,SEC,SEC,0.0,,,12.5,,,0.0,-12.5,,,,16.0,,,,,,,,,,0.0,2.0,0.0,0.0,,,,,,19.0,0,0,0,0,0,0,2025-11-01,2025,0,0,0,0,0,0,0,0,0,0,0,0,0,0,0,0,0,0,0,0,0,0,0,0,0,0,0,0,0,0,0,0.0,0.0,0.0,0.0,0.0,0.0,0.0,0.0,0.0,0.0,0.0,0.0,0.0,7.186144304522325,2477.811192937331,14846.95099281387
,11/1/25,Sat,0.791666667,7:00p,Michigan,Purdue,1.61M,1610.0,Michigan,21.0,16.0,1.0,0.0,1,0.0,0.0,0.0,0.0,0.0,0.0,0.0,0.0,0.0,0.0,1.0,0.0,Big Ten,Big Ten,0.0,,,21.0,,,0.0,-21.0,,,,5.0,,,,,,,,,,0.0,0.0,0.0,2.0,,,,,,19.0,0,0,0,0,0,0,2025-11-01,2025,0,0,0,0,0,0,0,0,0,0,0,0,0,0,0,0,0,0,0,0,0,0,0,0,0,0,0,0,0,0,0,0.0,0.0,0.0,0.0,0.0,0.0,0.0,0.0,0.0,0.0,0.0,0.0,0.0,7.384610383176974,1158.0597409778072,16166.702444773395
,11/1/25,Sat,0.8125,7:30p,Oregon St.,Washington St.,823K,823.0,Oregon St.,10.0,7.0,0.0,0.0,0,0.0,0.0,0.0,0.0,1.0,0.0,0.0,0.0,0.0,0.0,0.0,0.0,Pac-12,Pac-12,0.0,,,3.5,,,0.0,3.5,,,,3.0,,,,,,,,,,0.0,0.0,0.0,0.0,,,,,,19.5,0,0,0,0,0,0,2025-11-01,2025,0,0,0,0,0,0,0,0,0,0,0,0,0,0,0,0,0,0,0,0,0,0,0,0,0,0,0,0,0,0,0,0.0,0.0,0.0,0.0,0.0,0.0,0.0,0.0,0.0,0.0,0.0,0.0,0.0,6.714170529909472,1216.6731194791066,16108.089066272094
,11/1/25,Sat,0.8125,7:30p,Nebraska,USC,2.2M,2200.0,USC,21.0,17.0,1.0,0.0,0,0.0,0.0,0.0,1.0,0.0,0.0,0.0,0.0,0.0,0.0,0.0,0.0,Big Ten,Big Ten,0.0,,,4.5,,,0.0,4.5,,,,4.0,,,,,,,,,,0.0,0.0,0.0,2.0,,,,,,19.5,0,0,0,0,0,0,2025-11-01,2025,0,0,0,0,0,0,0,0,0,0,0,0,0,0,0,0,0,0,0,0,0,0,0,0,0,0,0,0,0,0,0,0.0,0.0,0.0,0.0,0.0,0.0,0.0,0.0,0.0,0.0,0.0,0.0,0.0,7.696667081526462,3952.572185004607,13372.190000746594
,11/1/25,Sat,0.8125,7:30p,Tennessee,Oklahoma,4.81M,4810.0,Oklahoma,33.0,27.0,2.0,0.0,0,0.0,0.0,0.0,0.0,0.0,1.0,0.0,0.0,0.0,0.0,0.0,0.0,SEC,SEC,0.0,,,3.0,,,0.0,-3.0,,,,6.0,,,,,,,,,,0.0,2.0,0.0,0.0,,,,,,19.5,0,0,0,0,0,0,2025-11-01,2025,0,0,0,0,0,0,0,0,0,0,0,0,0,0,0,0,0,0,0,0,0,0,0,0,0,1,1,0,0,0,0,0.0,0.0,0.0,0.0,0.0,0.0,0.0,0.0,0.0,0.0,0.0,0.0,0.0,8.478660241699453,6638.487131741948,10686.275054009253
,11/1/25,Sat,0.8125,7:30p,North Carolina St.,Georgia Tech,604K,604.0,North Carolina St.,48.0,36.0,0.0,1.0,1,0.0,0.0,1.0,0.0,0.0,0.0,0.0,0.0,0.0,0.0,0.0,0.0,ACC,ACC,0.0,,,4.5,,,0.0,4.5,,,,12.0,,,,,,,,,,0.0,0.0,2.0,0.0,,,,,,19.5,0,0,0,0,0,0,2025-11-01,2025,0,0,0,0,0,0,0,0,0,0,0,0,0,0,0,0,0,0,0,0,0,0,0,0,0,0,0,0,0,0,0,0.0,0.0,0.0,0.0,0.0,0.0,0.0,0.0,0.0,0.0,0.0,0.0,0.0,6.405228458030842,879.799486777518,16444.962698973683
,11/1/25,Sat,0.833333333,8:00p,Troy,Arkansas St.,9K,9.0,Arkansas St.,23.0,10.0,0.0,0.0,0,0.0,0.0,0.0,0.0,0.0,0.0,0.0,1.0,0.0,0.0,0.0,0.0,Sun Belt,Sun Belt,0.0,,,7.5,,,0.0,-7.5,,,,13.0,,,,,,,,,,0.0,0.0,0.0,0.0,,,,,,20.0,0,0,0,0,0,0,2025-11-01,2025,0,0,0,0,0,0,0,0,0,0,0,0,0,0,0,0,0,0,0,0,0,0,0,0,0,0,0,0,0,0,0,0.0,0.0,0.0,0.0,0.0,0.0,0.0,0.0,0.0,0.0,0.0,0.0,0.0,2.302585092994046,33.9697580431098,17290.792427708093
,11/1/25,Sat,0.9375,10:30p,Utah,Cincinnati,819K,819.0,Utah,45.0,14.0,2.0,0.0,0,0.0,0.0,0.0,0.0,0.0,0.0,0.0,0.0,0.0,0.0,0.0,0.0,Big 12,Big 12,0.0,,,11.5,,,0.0,-11.5,,,,31.0,,,,,,,,,,2.0,0.0,0.0,0.0,,,,,,22.5,0,0,0,0,0,1,2025-11-01,2025,0,0,0,0,0,0,0,0,0,0,0,0,0,0,0,0,0,0,0,0,0,0,0,0,0,1,0,0,0,1,0,0.0,0.0,0.0,0.0,0.0,0.0,0.0,0.0,0.0,0.0,0.0,0.0,0.0,6.709304340258298,1620.685192851456,0.0
,11/4/25,Tue,0.791666667,7:00p,Ohio,Miami Ohio,470K,470.0,Ohio,24.0,20.0,0.0,0.0,0,0.0,0.0,1.0,0.0,0.0,0.0,0.0,0.0,0.0,0.0,0.0,0.0,Mid-American,Mid-American,0.0,,,2.5,,,0.0,-2.5,,,,4.0,,,,,,,,,,0.0,0.0,0.0,0.0,,,,,,19.0,0,1,0,0,0,0,2025-11-04,2025,0,0,0,0,0,0,0,0,0,0,0,0,0,0,0,0,0,0,0,0,0,0,0,0,0,0,0,0,0,0,0,0.0,0.0,0.0,0.0,0.0,0.0,0.0,0.0,0.0,0.0,0.0,0.0,0.0,6.154858094016418,398.7542433293169,0.0
,11/5/25,Wed,0.791666667,7:00p,Toledo,Northern Illinois,301K,301.0,Toledo,42.0,3.0,0.0,0.0,0,0.0,0.0,1.0,0.0,0.0,0.0,0.0,0.0,0.0,0.0,0.0,0.0,Mid-American,Mid-American,0.0,,,14.5,,,0.0,-14.5,,,,39.0,,,,,,,,,,0.0,0.0,0.0,0.0,,,,,,19.0,0,1,0,0,0,0,2025-11-05,2025,0,0,0,0,0,0,0,0,0,0,0,0,0,0,0,0,0,0,0,0,0,0,0,0,0,0,0,0,0,0,0,0.0,0.0,0.0,0.0,0.0,0.0,0.0,0.0,0.0,0.0,0.0,0.0,0.0,5.71042701737487,331.9726208231903,98.1661906519436
,11/5/25,Wed,0.791666667,7:00p,Ball St.,Kent St.,99K,99.0,Ball St.,17.0,13.0,0.0,0.0,0,0.0,0.0,0.0,0.0,0.0,0.0,0.0,1.0,0.0,0.0,0.0,0.0,Mid-American,Mid-American,0.0,,,3.0,,,0.0,-3.0,,,,4.0,,,,,,,,,,0.0,0.0,0.0,0.0,,,,,,19.0,0,1,0,0,0,0,2025-11-05,2025,0,0,0,0,0,0,0,0,0,0,0,0,0,0,0,0,0,0,0,0,0,0,0,0,0,0,0,0,0,0,0,0.0,0.0,0.0,0.0,0.0,0.0,0.0,0.0,0.0,0.0,0.0,0.0,0.0,4.605170185988092,98.1661906519436,331.9726208231903
,11/6/25,Thu,0.8125,7:30p,South Florida,UTSA,586K,586.0,South Florida,55.0,23.0,0.0,0.0,0,0.0,0.0,0.0,0.0,0.0,0.0,0.0,0.0,0.0,0.0,0.0,0.0,American Athletic,American Athletic,0.0,,,14.0,,,0.0,-14.0,,,,32.0,,,,,,,,,,0.0,0.0,0.0,0.0,,,,,,19.5,0,1,0,0,0,0,2025-11-06,2025,0,0,0,0,0,0,0,0,0,0,0,0,0,0,0,0,0,0,0,0,0,0,0,0,0,0,0,0,0,0,0,0.0,0.0,0.0,0.0,0.0,0.0,0.0,0.0,0.0,0.0,0.0,0.0,0.0,6.375024819828097,539.2825893293906,376.3239582887853
,11/6/25,Thu,0.8125,7:30p,Appalachian St.,Georgia Southern,220K,220.0,Georgia Southern,25.0,23.0,0.0,0.0,0,0.0,0.0,1.0,0.0,0.0,0.0,0.0,0.0,0.0,0.0,0.0,0.0,Sun Belt,Sun Belt,0.0,,,4.5,,,0.0,-4.5,,,,2.0,,,,,,,,,,0.0,0.0,0.0,0.0,,,,,,19.5,0,1,0,0,0,0,2025-11-06,2025,0,0,0,0,0,0,0,0,0,0,0,0,0,0,0,0,0,0,0,0,0,0,0,0,0,0,0,0,0,0,0,0.0,0.0,0.0,0.0,0.0,0.0,0.0,0.0,0.0,0.0,0.0,0.0,0.0,5.3981627015177525,376.3239582887853,539.2825893293906
,11/7/25,Fri,0.854166667,8:30p,UCF,Houston,652K,652.0,Houston,30.0,27.0,0.0,0.0,0,0.0,1.0,0.0,0.0,0.0,0.0,0.0,0.0,0.0,0.0,0.0,0.0,Big 12,Big 12,0.0,,,1.5,,,0.0,-1.5,,,,3.0,,,,,,,,,,2.0,0.0,0.0,0.0,,,,,,20.5,0,0,1,0,0,0,2025-11-07,2025,0,0,0,0,0,0,0,0,0,0,0,0,0,0,0,0,0,0,0,0,0,0,0,0,0,0,0,0,0,0,0,0.0,0.0,1.0,0.0,0.0,0.0,0.0,0.0,0.0,0.0,0.0,0.0,0.0,6.481577129276431,513.3184072379472,3205.927836765692
,11/7/25,Fri,0.875,9:00p,Memphis,Tulane,792K,792.0,Tulane,38.0,32.0,1.0,0.0,0,0.0,0.0,0.0,0.0,0.0,0.0,0.0,0.0,0.0,0.0,0.0,0.0,American Athletic,American Athletic,0.0,,,3.0,,,0.0,-3.0,,,,6.0,,,,,,,,,,0.0,0.0,0.0,0.0,,,,,,21.0,0,0,1,0,0,0,2025-11-07,2025,0,0,0,0,0,0,0,0,0,0,0,0,0,0,0,0,0,0,0,0,0,0,0,0,0,0,0,0,0,0,0,0.0,0.0,0.0,0.0,0.0,0.0,0.0,0.0,0.0,0.0,0.0,0.0,1.0,6.675823221634848,839.4704842436236,2879.7757597600157
,11/7/25,Fri,0.875,9:00p,USC,Northwestern,1.911M,1911.0,USC,38.0,17.0,1.0,0.0,0,1.0,0.0,0.0,0.0,0.0,0.0,0.0,0.0,0.0,0.0,0.0,0.0,Big Ten,Big Ten,0.0,,,14.5,,,0.0,-14.5,,,,21.0,,,,,,,,,,0.0,0.0,0.0,2.0,,,,,,21.0,0,0,1,0,0,0,2025-11-07,2025,0,0,0,0,0,0,0,0,0,0,0,0,0,0,0,0,0,0,0,0,0,0,0,0,0,0,0,0,0,0,0,1.0,0.0,0.0,0.0,0.0,0.0,0.0,0.0,0.0,0.0,0.0,0.0,0.0,7.555905093611346,2366.4573525220685,1352.7888914815708
,11/8/25,Sat,0.5,12:00p,Penn St.,Indiana,6.025M,6025.0,Indiana,27.0,24.0,0.0,1.0,2,1.0,0.0,0.0,0.0,0.0,0.0,0.0,0.0,0.0,0.0,0.0,0.0,Big Ten,Big Ten,0.0,,,14.5,,,0.0,14.5,,,,3.0,,,,,,,,,,0.0,0.0,0.0,2.0,,,,,,12.0,0,0,0,1,0,0,2025-11-08,2025,0,0,0,0,0,0,0,0,0,0,0,0,0,0,0,0,0,0,0,0,0,0,0,0,0,0,0,0,0,0,0,0.0,0.0,0.0,0.0,0.0,0.0,0.0,0.0,0.0,0.0,0.0,0.0,0.0,8.703838719690246,3595.2422529245864,10113.33168238258
,11/8/25,Sat,0.5,12:00p,Arkansas St.,Southern Miss,27K,27.0,Southern Miss,27.0,21.0,0.0,0.0,2,0.0,0.0,0.0,0.0,0.0,0.0,0.0,1.0,0.0,0.0,0.0,0.0,Sun Belt,Sun Belt,0.0,,,6.5,,,0.0,6.5,,,,6.0,,,,,,,,,,0.0,0.0,0.0,0.0,,,,,,12.0,0,0,0,1,0,0,2025-11-08,2025,0,0,0,0,0,0,0,0,0,0,0,0,0,0,0,0,0,0,0,0,0,0,0,0,0,0,0,0,0,0,0,0.0,0.0,0.0,0.0,0.0,0.0,0.0,0.0,0.0,0.0,0.0,0.0,0.0,3.332204510175204,37.799019806523525,13670.774915500642
,11/8/25,Sat,0.5,12:00p,Mississippi St.,Georgia,2.324M,2324.0,Georgia,41.0,21.0,0.0,1.0,2,0.0,0.0,0.0,0.0,0.0,0.0,0.0,0.0,0.0,0.0,0.0,0.0,SEC,SEC,0.0,,,9.5,,,0.0,9.5,,,,20.0,,,,,,,,,,0.0,2.0,0.0,0.0,,,,,,12.0,0,0,0,1,0,0,2025-11-08,2025,0,0,0,0,0,0,0,0,0,0,0,0,0,0,0,0,0,0,0,0,0,0,0,0,0,0,0,0,0,0,0,0.0,0.0,0.0,0.0,0.0,0.0,0.0,0.0,0.0,0.0,0.0,0.0,0.0,7.751475318021456,3150.785406032129,10557.78852927504
,11/8/25,Sat,0.5,12:00p,Marshall,James Madison,118K,118.0,James Madison,35.0,23.0,0.0,0.0,3,0.0,0.0,1.0,0.0,0.0,0.0,0.0,0.0,0.0,0.0,0.0,0.0,Sun Belt,Sun Belt,0.0,,,13.5,,,0.0,13.5,,,,12.0,,,,,,,,,,0.0,0.0,0.0,0.0,,,,,,12.0,0,0,0,1,0,0,2025-11-08,2025,0,0,0,0,0,0,0,0,0,0,0,0,0,0,0,0,0,0,0,0,0,0,0,0,0,0,0,0,0,0,0,0.0,0.0,0.0,0.0,0.0,0.0,0.0,0.0,0.0,0.0,0.0,0.0,0.0,4.77912349311153,205.27077166304724,13503.30316364412
,11/8/25,Sat,0.5,12:00p,Texas Tech,BYU,3.976M,3976.0,Texas Tech,29.0,7.0,0.0,2.0,2,0.0,0.0,0.0,0.0,0.0,1.0,0.0,0.0,0.0,0.0,0.0,0.0,Big 12,Big 12,0.0,,,13.5,,,0.0,-13.5,,,,22.0,,,,,,,,,,2.0,0.0,0.0,0.0,,,,,,12.0,0,0,0,1,0,0,2025-11-08,2025,0,0,0,0,0,0,0,0,0,0,0,0,0,0,0,0,0,0,0,0,0,0,0,0,0,1,0,0,0,1,0,0.0,0.0,0.0,0.0,0.0,0.0,0.0,0.0,0.0,0.0,0.0,0.0,0.0,8.28828304520769,4517.790527555655,9190.783407751513
,11/8/25,Sat,0.541666667,1:00p,Purdue,Ohio St.,1.847M,1847.0,Ohio St.,34.0,10.0,0.0,1.0,3,0.0,0.0,0.0,0.0,0.0,0.0,0.0,0.0,0.0,0.0,1.0,0.0,Big Ten,Big Ten,0.0,,,29.5,,,0.0,29.5,,,,24.0,,,,,,,,,,0.0,0.0,0.0,2.0,,,,,,13.0,0,0,0,1,0,0,2025-11-08,2025,0,0,0,0,0,0,0,0,0,0,0,0,0,0,0,0,0,0,0,0,0,0,0,0,0,0,0,0,0,0,1,0.0,0.0,0.0,0.0,0.0,0.0,0.0,0.0,0.0,0.0,0.0,0.0,0.0,7.521859252201629,2201.685957325227,11506.88797798194
,11/8/25,Sat,0.604166667,2:30p,Rutgers,Maryland,261K,261.0,Rutgers,35.0,20.0,0.0,0.0,2,0.0,1.0,0.0,0.0,0.0,0.0,0.0,0.0,0.0,0.0,0.0,0.0,Big Ten,Big Ten,0.0,,,1.5,,,0.0,-1.5,,,,15.0,,,,,,,,,,0.0,0.0,0.0,2.0,,,,,,14.5,0,0,0,0,1,0,2025-11-08,2025,0,0,0,0,0,0,0,0,0,0,0,0,0,0,0,0,0,0,0,0,0,0,0,0,0,0,0,0,0,0,0,0.0,0.0,0.0,0.0,0.0,0.0,0.0,0.0,0.0,0.0,0.0,0.0,0.0,5.568344503761097,378.57424038022566,13392.00244618063
,11/8/25,Sat,0.645833333,3:30p,TCU,Iowa St.,2.419M,2419.0,Iowa St.,20.0,17.0,0.0,0.0,1,1.0,0.0,0.0,0.0,0.0,0.0,0.0,0.0,0.0,0.0,0.0,0.0,Big 12,Big 12,0.0,,,7.5,,,0.0,-7.5,,,,3.0,,,,,,,,,,2.0,0.0,0.0,0.0,,,,,,15.5,0,0,0,0,1,0,2025-11-08,2025,0,0,0,0,0,0,0,0,0,0,0,0,0,0,0,0,0,0,0,0,0,0,0,0,0,0,0,0,0,0,0,0.0,0.0,0.0,0.0,0.0,0.0,0.0,0.0,0.0,0.0,0.0,0.0,0.0,7.791522819150732,1807.077607017444,13509.65942043293
,11/8/25,Sat,0.645833333,3:30p,Iowa,Oregon,5.37M,5370.0,Oregon,18.0,16.0,0.0,1.0,1,0.0,0.0,0.0,0.0,1.0,0.0,0.0,0.0,0.0,0.0,0.0,0.0,Big Ten,Big Ten,0.0,,,4.5,,,0.0,4.5,,,,2.0,,,,,,,,,,0.0,0.0,0.0,2.0,,,,,,15.5,0,0,0,0,1,0,2025-11-08,2025,0,0,0,0,0,0,0,0,0,0,0,0,0,0,0,0,0,0,0,0,0,0,0,0,0,0,0,0,0,0,0,0.0,0.0,0.0,0.0,0.0,0.0,0.0,0.0,0.0,0.0,0.0,0.0,0.0,8.58876938990546,3892.8333234230486,11423.903704027327
,11/8/25,Sat,0.645833333,3:30p,Missouri,Texas A&M,4.871M,4871.0,Texas A&M,38.0,17.0,1.0,1.0,1,0.0,0.0,0.0,0.0,0.0,1.0,0.0,0.0,0.0,0.0,0.0,0.0,SEC,SEC,0.0,,,7.0,,,0.0,7.0,,,,21.0,,,,,,,,,,0.0,2.0,0.0,0.0,,,,,,15.5,0,0,0,0,1,0,2025-11-08,2025,0,0,0,0,0,0,0,0,0,0,0,0,0,0,0,0,0,0,0,0,0,0,0,0,0,1,1,0,0,0,0,0.0,0.0,0.0,0.0,0.0,0.0,0.0,0.0,0.0,0.0,0.0,0.0,0.0,8.491259809389733,5642.478033444546,9674.25899400583
,11/8/25,Sat,0.645833333,3:30p,Arizona,Kansas,480K,480.0,Arizona,24.0,20.0,0.0,0.0,2,0.0,0.0,1.0,0.0,0.0,0.0,0.0,0.0,0.0,0.0,0.0,0.0,Big 12,Big 12,0.0,,,5.5,,,0.0,-5.5,,,,4.0,,,,,,,,,,2.0,0.0,0.0,0.0,,,,,,15.5,0,0,0,0,1,0,2025-11-08,2025,0,0,0,0,0,0,0,0,0,0,0,0,0,0,0,0,0,0,0,0,0,0,0,0,0,0,0,0,0,0,0,0.0,0.0,0.0,0.0,0.0,0.0,0.0,0.0,0.0,0.0,0.0,0.0,0.0,6.175867270105761,571.5994881748036,14745.137539275573
,11/8/25,Sat,0.645833333,3:30p,Miami,Syracuse,1.198M,1198.0,Miami,38.0,10.0,1.0,0.0,1,0.0,0.0,0.0,0.0,0.0,0.0,0.0,0.0,0.0,0.0,0.0,0.0,ACC,ACC,0.0,,,28.5,,,0.0,-28.5,,,,28.0,,,,,,,,,,0.0,0.0,2.0,0.0,,,,,,15.5,0,0,0,0,1,0,2025-11-08,2025,0,0,0,0,0,0,0,0,0,0,0,0,0,0,0,0,0,0,0,0,0,0,0,0,0,0,0,0,0,0,0,0.0,0.0,0.0,0.0,0.0,0.0,0.0,0.0,0.0,0.0,0.0,0.0,0.0,7.089243155027514,1478.0139941207883,13838.723033329587
,11/8/25,Sat,0.6875,4:30p,North Carolina,Stanford,514K,514.0,North Carolina,20.0,15.0,0.0,0.0,2,0.0,0.0,0.0,0.0,0.0,0.0,1.0,0.0,0.0,0.0,0.0,0.0,ACC,ACC,0.0,,,8.5,,,0.0,-8.5,,,,5.0,,,,,,,,,,0.0,0.0,2.0,0.0,,,,,,16.5,0,0,0,0,1,0,2025-11-08,2025,0,0,0,0,0,0,0,0,0,0,0,0,0,0,0,0,0,0,0,0,0,0,0,0,0,0,0,0,0,0,0,0.0,0.0,0.0,0.0,0.0,0.0,0.0,0.0,0.0,0.0,0.0,0.0,0.0,6.244166900663736,583.1056441003764,14355.057142969772
,11/8/25,Sat,0.6875,4:30p,Wisconsin,Washington,1.088M,1088.0,Wisconsin,13.0,10.0,1.0,0.0,2,0.0,0.0,0.0,0.0,0.0,0.0,0.0,0.0,0.0,0.0,1.0,0.0,Big Ten,Big Ten,0.0,,,10.5,,,0.0,10.5,,,,3.0,,,,,,,,,,0.0,0.0,0.0,2.0,,,,,,16.5,0,0,0,0,1,0,2025-11-08,2025,0,0,0,0,0,0,0,0,0,0,0,0,0,0,0,0,0,0,0,0,0,0,0,0,0,0,0,0,0,0,0,0.0,0.0,0.0,0.0,0.0,0.0,0.0,0.0,0.0,0.0,0.0,0.0,0.0,6.9930151229329605,963.054696789143,13975.108090281006
,11/8/25,Sat,0.75,6:00p,San Jose St.,Air Force,203K,203.0,Air Force,26.0,16.0,0.0,0.0,0,0.0,1.0,0.0,0.0,0.0,0.0,0.0,0.0,0.0,0.0,0.0,0.0,Mountain West,Mountain West,0.0,,,6.0,,,0.0,-6.0,,,,10.0,,,,,,,,,,0.0,0.0,0.0,0.0,,,,,,18.0,0,0,0,0,1,0,2025-11-08,2025,0,0,0,0,0,0,0,0,0,0,0,0,0,0,0,0,0,0,0,0,0,0,0,0,0,0,0,0,0,0,0,0.0,0.0,0.0,0.0,0.0,0.0,0.0,0.0,0.0,0.0,0.0,0.0,0.0,5.318119993844216,228.9950990457637,1458.4845621113134
,11/8/25,Sat,0.791666667,7:00p,Virginia,Wake Forest,734K,734.0,Wake Forest,16.0,9.0,1.0,0.0,1,0.0,0.0,0.0,0.0,0.0,0.0,0.0,0.0,0.0,0.0,0.0,0.0,ACC,ACC,0.0,,,7.0,,,0.0,-7.0,,,,7.0,,,,,,,,,,0.0,0.0,2.0,0.0,,,,,,19.0,0,0,0,0,0,0,2025-11-08,2025,0,0,0,0,0,0,0,0,0,0,0,0,0,0,0,0,0,0,0,0,0,0,0,0,0,0,0,0,0,0,0,0.0,0.0,0.0,0.0,0.0,0.0,0.0,0.0,0.0,0.0,0.0,0.0,0.0,6.5998704992128365,893.6683103931991,13249.871654949367
,11/8/25,Sat,0.791666667,7:00p,Louisville,California,450K,450.0,California,29.0,26.0,1.0,0.0,2,0.0,0.0,1.0,0.0,0.0,0.0,0.0,0.0,0.0,0.0,0.0,0.0,ACC,ACC,0.0,,,18.5,,,0.0,-18.5,,,,3.0,,,,,,,,,,0.0,0.0,2.0,0.0,,,,,,19.0,0,0,0,0,0,0,2025-11-08,2025,0,0,0,0,0,0,0,0,0,0,0,0,0,0,0,0,0,0,0,0,0,0,0,0,0,0,0,0,0,0,0,0.0,0.0,0.0,0.0,0.0,0.0,0.0,0.0,0.0,0.0,0.0,0.0,0.0,6.111467339502679,564.8162517181142,13578.723713624453
,11/8/25,Sat,0.8125,7:30p,Notre Dame,Navy,3.192M,3192.0,Notre Dame,49.0,10.0,0.0,1.0,1,0.0,0.0,0.0,1.0,0.0,0.0,0.0,0.0,0.0,0.0,0.0,0.0,FBS Independents,American Athletic,0.0,,,30.5,,,0.0,-30.5,,,,39.0,,,,,,,,,,0.0,0.0,0.0,0.0,,,,,,19.5,0,0,0,0,0,0,2025-11-08,2025,0,0,0,0,0,0,0,0,0,0,0,0,0,0,0,0,0,0,0,0,0,0,0,0,0,0,0,0,0,0,0,0.0,0.0,0.0,0.0,0.0,0.0,0.0,0.0,0.0,0.0,0.0,0.0,0.0,8.068716192714781,2575.8407432531017,11338.7041230437
,11/8/25,Sat,0.8125,7:30p,Alabama,LSU,7.54M,7540.0,Alabama,20.0,9.0,0.0,1.0,1,0.0,0.0,0.0,0.0,0.0,1.0,0.0,0.0,0.0,0.0,0.0,0.0,SEC,SEC,0.0,,,10.0,,,0.0,-10.0,,,,11.0,,,,,,,,,,0.0,2.0,0.0,0.0,,,,,,19.5,0,0,0,0,0,0,2025-11-08,2025,0,0,0,0,0,0,0,0,0,0,0,0,0,0,0,0,0,0,0,0,0,0,0,0,1,0,0,0,0,0,0,0.0,0.0,0.0,0.0,0.0,0.0,0.0,0.0,0.0,0.0,0.0,0.0,0.0,8.928110078202646,9880.219560932388,4034.325305364415
,11/8/25,Sat,0.875,9:00p,UCLA,Nebraska,2.248M,2248.0,Nebraska,28.0,21.0,0.0,0.0,0,1.0,0.0,0.0,0.0,0.0,0.0,0.0,0.0,0.0,0.0,0.0,0.0,Big Ten,Big Ten,0.0,,,1.5,,,0.0,-1.5,,,,7.0,,,,,,,,,,0.0,0.0,0.0,2.0,,,,,,21.0,0,0,0,0,0,0,2025-11-08,2025,0,0,0,0,0,0,0,0,0,0,0,0,0,0,0,0,0,0,0,0,0,0,0,0,0,0,0,0,0,0,0,0.0,0.0,0.0,0.0,0.0,0.0,0.0,0.0,0.0,0.0,0.0,0.0,0.0,7.718240951959316,2871.4883271355566,678.6574552777271
,11/8/25,Sat,0.895833333,9:30p,Colorado St.,UNLV,152K,152.0,UNLV,42.0,10.0,0.0,0.0,0,0.0,1.0,0.0,0.0,0.0,0.0,0.0,0.0,0.0,0.0,0.0,0.0,Mountain West,Mountain West,0.0,,,5.5,,,0.0,5.5,,,,32.0,,,,,,,,,,0.0,0.0,0.0,0.0,,,,,,21.5,0,0,0,0,0,1,2025-11-08,2025,0,0,0,0,0,0,0,0,0,0,0,0,0,0,0,0,0,0,0,0,0,0,0,0,0,0,0,0,0,0,0,0.0,0.0,0.0,0.0,0.0,0.0,0.0,0.0,0.0,0.0,0.0,0.0,0.0,5.030437921392435,321.921275290657,3228.2245071226266
,11/8/25,Sat,0.916666667,10:00p,Oregon St.,Sam Houston,295K,295.0,Sam Houston,21.0,17.0,0.0,0.0,0,0.0,0.0,0.0,0.0,0.0,0.0,1.0,0.0,0.0,0.0,0.0,0.0,Pac-12,Conference USA,0.0,,,21.0,,,0.0,-21.0,,,,4.0,,,,,,,,,,0.0,0.0,0.0,0.0,,,,,,22.0,0,0,0,0,0,1,2025-11-08,2025,0,0,0,0,0,0,0,0,0,0,0,0,0,0,0,0,0,0,0,0,0,0,0,0,0,0,0,0,0,0,0,0.0,0.0,0.0,0.0,0.0,0.0,0.0,0.0,0.0,0.0,0.0,0.0,0.0,5.69035945432406,356.7361799870701,3193.4096024262135
,11/11/25,Tue,0.8125,7:30p,Akron,Kent St.,70K,70.0,Kent St.,42.0,35.0,0.0,0.0,0,0.0,0.0,0.0,0.0,0.0,0.0,0.0,1.0,0.0,0.0,0.0,0.0,Mid-American,Mid-American,0.0,,,7.5,,,0.0,,,,,7.0,,,,,,,,,,0.0,0.0,0.0,0.0,,,,,,19.5,0,1,0,0,0,0,2025-11-11,2025,0,0,0,0,0,0,0,0,0,0,0,0,0,0,0,0,0,0,0,0,0,0,0,0,0,0,0,0,0,0,0,0.0,0.0,0.0,0.0,0.0,0.0,0.0,0.0,0.0,0.0,0.0,0.0,0.0,4.2626798770413155,87.9714536269748,449.86555513141343
,11/11/25,Tue,0.833333333,8:00p,Western Michigan,Ohio,312K,312.0,Western Michigan,17.0,13.0,0.0,0.0,0,0.0,0.0,1.0,0.0,0.0,0.0,0.0,0.0,0.0,0.0,0.0,0.0,Mid-American,Mid-American,0.0,,,1.5,,,0.0,,,,,4.0,,,,,,,,,,0.0,0.0,0.0,0.0,,,,,,20.0,0,1,0,0,0,0,2025-11-11,2025,0,0,0,0,0,0,0,0,0,0,0,0,0,0,0,0,0,0,0,0,0,0,0,0,0,0,0,0,0,0,0,0.0,0.0,0.0,0.0,0.0,0.0,0.0,0.0,0.0,0.0,0.0,0.0,0.0,5.746203190540153,449.86555513141343,87.9714536269748
,11/12/25,Wed,0.791666667,7:00p,Miami Ohio,Toledo,349K,349.0,Toledo,24.0,3.0,0.0,0.0,0,0.0,0.0,1.0,0.0,0.0,0.0,0.0,0.0,0.0,0.0,0.0,0.0,Mid-American,Mid-American,0.0,,,5.5,,,0.0,,,,,21.0,,,,,,,,,,0.0,0.0,0.0,0.0,,,,,,19.0,0,1,0,0,0,0,2025-11-12,2025,0,0,0,0,0,0,0,0,0,0,0,0,0,0,0,0,0,0,0,0,0,0,0,0,0,0,0,0,0,0,0,0.0,0.0,0.0,0.0,0.0,0.0,0.0,0.0,0.0,0.0,0.0,0.0,0.0,5.857933154483459,306.1812731148547,67.80902695915194
,11/12/25,Wed,0.791666667,7:00p,Massachusetts,Northern Illinois,33K,33.0,Northern Illinois,45.0,3.0,0.0,0.0,0,0.0,0.0,0.0,0.0,0.0,0.0,0.0,1.0,0.0,0.0,0.0,0.0,Mid-American,Mid-American,0.0,,,9.5,,,0.0,,,,,42.0,,,,,,,,,,0.0,0.0,0.0,0.0,,,,,,19.0,0,1,0,0,0,0,2025-11-12,2025,0,0,0,0,0,0,0,0,0,0,0,0,0,0,0,0,0,0,0,0,0,0,0,0,0,0,0,0,0,0,0,0.0,0.0,0.0,0.0,0.0,0.0,0.0,0.0,0.0,0.0,0.0,0.0,0.0,3.5263605246161616,67.80902695915194,306.1812731148547
,11/13/25,Thu,0.8125,7:30p,Old Dominion,Troy,508K,508.0,Old Dominion,33.0,0.0,0.0,0.0,0,0.0,0.0,0.0,0.0,0.0,0.0,0.0,0.0,0.0,0.0,0.0,0.0,Sun Belt,Sun Belt,0.0,,,10.5,,,0.0,,,,,33.0,,,,,,,,,,0.0,0.0,0.0,0.0,,,,,,19.5,0,1,0,0,0,0,2025-11-13,2025,0,0,0,0,0,0,0,0,0,0,0,0,0,0,0,0,0,0,0,0,0,0,0,0,0,0,0,0,0,0,0,0.0,0.0,0.0,0.0,0.0,0.0,0.0,0.0,0.0,0.0,0.0,0.0,0.0,6.2324480165505225,418.1644352809894,0.0
,11/14/25,Fri,0.8125,7:30p,Louisville,Clemson,2.564M,2564.0,Clemson,20.0,19.0,1.0,0.0,0,0.0,0.0,0.0,0.0,0.0,0.0,0.0,0.0,0.0,0.0,0.0,0.0,ACC,ACC,0.0,,,1.5,,,0.0,,,,,1.0,,,,,,,,,,0.0,0.0,2.0,0.0,,,,,,19.5,0,0,1,0,0,0,2025-11-14,2025,0,0,0,0,0,0,0,0,0,0,0,0,0,0,0,0,0,0,0,0,0,0,0,0,0,0,0,0,0,0,0,0.0,0.0,0.0,0.0,0.0,0.0,0.0,0.0,0.0,0.0,0.0,0.0,1.0,7.84971375760487,2801.346291262526,0.0
,11/14/25,Fri,0.875,9:00p,Oregon,Minnesota,2.327M,2327.0,Oregon,42.0,13.0,0.0,1.0,0,1.0,0.0,0.0,0.0,0.0,0.0,0.0,0.0,0.0,0.0,0.0,0.0,Big Ten,Big Ten,0.0,,,26.5,,,0.0,,,,,29.0,,,,,,,,,,0.0,0.0,0.0,2.0,,,,,,21.0,0,0,1,0,0,0,2025-11-14,2025,0,0,0,0,0,0,0,0,0,0,0,0,0,0,0,0,0,0,0,0,0,0,0,0,0,0,0,0,0,0,0,1.0,0.0,0.0,0.0,0.0,0.0,0.0,0.0,0.0,0.0,0.0,0.0,0.0,7.752764808851328,3050.300038313372,0.0
,11/15/25,Sat,0.5,12:00p,Indiana,Wisconsin,1.058M,1058.0,Indiana,31.0,7.0,0.0,1.0,2,0.0,0.0,0.0,0.0,0.0,0.0,0.0,0.0,0.0,0.0,1.0,0.0,Big Ten,Big Ten,0.0,,,29.5,,,0.0,,,,,24.0,,,,,,,,,,0.0,0.0,0.0,2.0,,,,,,12.0,0,0,0,1,0,0,2025-11-15,2025,0,0,0,0,0,0,0,0,0,0,0,0,0,0,0,0,0,0,0,0,0,0,0,0,0,0,0,0,0,0,0,0.0,0.0,0.0,0.0,0.0,0.0,0.0,0.0,0.0,0.0,0.0,0.0,0.0,6.9650803456014065,945.916508171518,12631.098942783783
,11/15/25,Sat,0.5,12:00p,Texas A&M,South Carolina,4.281M,4281.0,Texas A&M,31.0,30.0,0.0,1.0,1,0.0,0.0,0.0,0.0,0.0,0.0,0.0,0.0,0.0,0.0,0.0,0.0,SEC,SEC,0.0,,,17.5,,,0.0,,,,,1.0,,,,,,,,,,0.0,2.0,0.0,0.0,,,,,,12.0,0,0,0,1,0,0,2025-11-15,2025,0,0,0,0,0,0,0,0,0,0,0,0,0,0,0,0,0,0,0,0,0,0,0,0,0,0,0,0,0,0,0,0.0,0.0,0.0,0.0,0.0,0.0,0.0,0.0,0.0,0.0,0.0,0.0,0.0,8.362175469149628,3114.1101501932753,10462.905300762026
,11/15/25,Sat,0.5,12:00p,Pittsburgh,Notre Dame,3.957M,3957.0,Notre Dame,37.0,15.0,1.0,1.0,1,0.0,0.0,0.0,0.0,0.0,1.0,0.0,0.0,0.0,0.0,0.0,0.0,ACC,FBS Independents,0.0,,,12.5,,,0.0,,,,,22.0,,,,,,,,,,0.0,0.0,1.0,0.0,,,,,,12.0,0,0,0,1,0,0,2025-11-15,2025,0,0,0,0,0,0,0,0,0,0,0,0,0,0,0,0,0,0,0,0,0,0,0,0,0,1,0,0,0,0,0,0.0,0.0,0.0,0.0,0.0,0.0,0.0,0.0,0.0,0.0,0.0,0.0,0.0,8.28349412616251,5113.691196454938,8463.324254500363
,11/15/25,Sat,0.5,12:00p,Navy,South Florida,463K,463.0,Navy,41.0,38.0,1.0,0.0,2,0.0,0.0,1.0,0.0,0.0,0.0,0.0,0.0,0.0,0.0,0.0,0.0,American Athletic,American Athletic,0.0,,,8.5,,,0.0,,,,,3.0,,,,,,,,,,0.0,0.0,0.0,0.0,,,,,,12.0,0,0,0,1,0,0,2025-11-15,2025,0,0,0,0,0,0,0,0,0,0,0,0,0,0,0,0,0,0,0,0,0,0,0,0,0,0,0,0,0,0,0,0.0,0.0,0.0,0.0,0.0,0.0,0.0,0.0,0.0,0.0,0.0,0.0,0.0,6.139884552226255,421.65155512331114,13155.36389583199
,11/15/25,Sat,0.5,12:00p,Oklahoma St.,Kansas St.,133K,133.0,Kansas St.,14.0,6.0,0.0,0.0,1,0.0,0.0,0.0,0.0,0.0,0.0,0.0,1.0,0.0,0.0,0.0,0.0,Big 12,Big 12,0.0,,,19.5,,,0.0,,,,,8.0,,,,,,,,,,2.0,0.0,0.0,0.0,,,,,,12.0,0,0,0,1,0,0,2025-11-15,2025,0,0,0,0,0,0,0,0,0,0,0,0,0,0,0,0,0,0,0,0,0,0,0,0,0,0,0,0,0,0,0,0.0,0.0,0.0,0.0,0.0,0.0,0.0,0.0,0.0,0.0,0.0,0.0,0.0,4.897839799950911,161.2017256712079,13415.813725284093
,11/15/25,Sat,0.5,12:00p,Cincinnati,Arizona,299K,299.0,Arizona,30.0,24.0,1.0,0.0,2,0.0,1.0,0.0,0.0,0.0,0.0,0.0,0.0,0.0,0.0,0.0,0.0,Big 12,Big 12,0.0,,,5.5,,,0.0,,,,,6.0,,,,,,,,,,2.0,0.0,0.0,0.0,,,,,,12.0,0,0,0,1,0,0,2025-11-15,2025,0,0,0,0,0,0,0,0,0,0,0,0,0,0,0,0,0,0,0,0,0,0,0,0,0,0,0,0,0,0,0,0.0,0.0,0.0,0.0,0.0,0.0,0.0,0.0,0.0,0.0,0.0,0.0,0.0,5.703782474656201,460.24928069972987,13116.76617025557
,11/15/25,Sat,0.5,12:00p,Northwestern,Michigan,3.764M,3764.0,Michigan,24.0,22.0,1.0,0.0,1,1.0,0.0,0.0,0.0,0.0,0.0,0.0,0.0,0.0,0.0,0.0,0.0,Big Ten,Big Ten,0.0,,,10.5,,,0.0,,,,,2.0,,,,,,,,,,0.0,0.0,0.0,2.0,,,,,,12.0,0,0,0,1,0,0,2025-11-15,2025,0,0,0,0,0,0,0,0,0,0,0,0,0,0,0,0,0,0,0,0,0,0,0,0,0,0,0,0,0,0,0,0.0,0.0,0.0,0.0,0.0,0.0,0.0,0.0,0.0,0.0,0.0,0.0,0.0,8.233503140233994,3360.19503464132,10216.820416313982
,11/15/25,Sat,0.645833333,3:30p,Texas Tech,UCF,1.398M,1398.0,Texas Tech,48.0,9.0,0.0,1.0,1,1.0,0.0,0.0,0.0,0.0,0.0,0.0,0.0,0.0,0.0,0.0,0.0,Big 12,Big 12,0.0,,,24.5,,,0.0,,,,,39.0,,,,,,,,,,2.0,0.0,0.0,0.0,,,,,,15.5,0,0,0,0,1,0,2025-11-15,2025,0,0,0,0,0,0,0,0,0,0,0,0,0,0,0,0,0,0,0,0,0,0,0,0,0,0,0,0,0,0,0,0.0,0.0,0.0,0.0,0.0,0.0,0.0,0.0,0.0,0.0,0.0,0.0,0.0,7.243512974665482,2083.792663751386,17786.19035713311
,11/15/25,Sat,0.645833333,3:30p,Alabama,Oklahoma,10.479M,10479.0,Oklahoma,23.0,21.0,1.0,1.0,1,0.0,0.0,0.0,0.0,0.0,1.0,0.0,0.0,0.0,0.0,0.0,0.0,SEC,SEC,0.0,,,6.5,,,0.0,,,,,2.0,,,,,,,,,,0.0,2.0,0.0,0.0,,,,,,15.5,0,0,0,0,1,0,2025-11-15,2025,0,0,0,0,0,0,0,0,0,0,0,0,0,0,0,0,0,0,0,0,0,0,0,0,0,1,1,0,0,0,0,0.0,0.0,0.0,0.0,0.0,0.0,0.0,0.0,0.0,0.0,0.0,0.0,0.0,9.257223957875032,10019.071608652754,9850.91141223174
,11/15/25,Sat,0.645833333,3:30p,USC,Iowa,1.44M,1440.0,USC,26.0,21.0,2.0,0.0,2,0.0,0.0,0.0,0.0,0.0,0.0,0.0,0.0,0.0,0.0,1.0,0.0,Big Ten,Big Ten,0.0,,,6.5,,,0.0,,,,,5.0,,,,,,,,,,0.0,0.0,0.0,2.0,,,,,,15.5,0,0,0,0,1,0,2025-11-15,2025,0,0,0,0,0,0,0,0,0,0,0,0,0,0,0,0,0,0,0,0,0,0,0,0,0,1,0,1,0,0,0,0.0,0.0,0.0,0.0,0.0,0.0,0.0,0.0,0.0,0.0,0.0,0.0,0.0,7.273092595999522,1294.4034560388768,18575.57956484562
,11/15/25,Sat,0.645833333,3:30p,Illinois,Maryland,316K,316.0,Illinois,24.0,6.0,0.0,0.0,2,0.0,1.0,0.0,0.0,0.0,0.0,0.0,0.0,0.0,0.0,0.0,0.0,Big Ten,Big Ten,0.0,,,19.5,,,0.0,,,,,18.0,,,,,,,,,,0.0,0.0,0.0,2.0,,,,,,15.5,0,0,0,0,1,0,2025-11-15,2025,0,0,0,0,0,0,0,0,0,0,0,0,0,0,0,0,0,0,0,0,0,0,0,0,0,0,0,0,0,0,0,0.0,0.0,0.0,0.0,0.0,0.0,0.0,0.0,0.0,0.0,0.0,0.0,0.0,5.75890177387728,423.45153293302525,19446.53148795147
,11/15/25,Sat,0.645833333,3:30p,Miami,North Carolina St.,1.38M,1380.0,Miami,41.0,7.0,1.0,0.0,1,0.0,0.0,0.0,0.0,0.0,0.0,0.0,0.0,0.0,0.0,0.0,0.0,ACC,ACC,0.0,,,16.5,,,0.0,,,,,34.0,,,,,,,,,,0.0,0.0,2.0,0.0,,,,,,15.5,0,0,0,0,1,0,2025-11-15,2025,0,0,0,0,0,0,0,0,0,0,0,0,0,0,0,0,0,0,0,0,0,0,0,0,0,0,0,0,0,0,0,0.0,0.0,0.0,0.0,0.0,0.0,0.0,0.0,0.0,0.0,0.0,0.0,0.0,7.2305631534092925,1636.5314020739754,18233.45161881052
,11/15/25,Sat,0.645833333,3:30p,Duke,Virginia,443K,443.0,Virginia,34.0,17.0,1.0,0.0,2,0.0,0.0,1.0,0.0,0.0,0.0,0.0,0.0,0.0,0.0,0.0,0.0,ACC,ACC,0.0,,,4.5,,,0.0,,,,,17.0,,,,,,,,,,0.0,0.0,2.0,0.0,,,,,,15.5,0,0,0,0,1,0,2025-11-15,2025,0,0,0,0,0,0,0,0,0,0,0,0,0,0,0,0,0,0,0,0,0,0,0,0,0,0,0,0,0,0,0,0.0,0.0,0.0,0.0,0.0,0.0,0.0,0.0,0.0,0.0,0.0,0.0,0.0,6.095824562432225,603.7362146825473,19266.246806201947
,11/15/25,Sat,0.645833333,3:30p,Michigan St.,Penn St.,2.476M,2476.0,Penn St.,28.0,10.0,0.0,0.0,1,0.0,0.0,0.0,0.0,1.0,0.0,0.0,0.0,0.0,0.0,0.0,0.0,Big Ten,Big Ten,0.0,,,7.0,,,0.0,,,,,18.0,,,,,,,,,,0.0,0.0,0.0,2.0,,,,,,15.5,0,0,0,0,1,0,2025-11-15,2025,0,0,0,0,0,0,0,0,0,0,0,0,0,0,0,0,0,0,0,0,0,0,0,0,0,0,0,0,0,0,0,0.0,0.0,0.0,0.0,0.0,0.0,0.0,0.0,0.0,0.0,0.0,0.0,0.0,7.814803429489359,3262.43704977514,16607.545971109354
,11/15/25,Sat,0.666666667,4:00p,East Carolina,Memphis,54K,54.0,East Carolina,31.0,27.0,0.0,0.0,1,0.0,0.0,0.0,0.0,0.0,0.0,0.0,1.0,0.0,0.0,0.0,0.0,American Athletic,American Athletic,0.0,,,3.5,,,0.0,,,,,4.0,,,,,,,,,,0.0,0.0,0.0,0.0,,,,,,16.0,0,0,0,0,1,0,2025-11-15,2025,0,0,0,0,0,0,0,0,0,0,0,0,0,0,0,0,0,0,0,0,0,0,0,0,0,0,0,0,0,0,0,0.0,0.0,0.0,0.0,0.0,0.0,0.0,0.0,0.0,0.0,0.0,0.0,0.0,4.007333185232471,72.31162463007911,19797.671396254416
,11/15/25,Sat,0.6875,4:30p,Wake Forest,North Carolina,402K,402.0,Wake Forest,28.0,12.0,0.0,0.0,2,0.0,0.0,0.0,0.0,0.0,0.0,1.0,0.0,0.0,0.0,0.0,0.0,ACC,ACC,0.0,,,3.5,,,0.0,,,,,16.0,,,,,,,,,,0.0,0.0,2.0,0.0,,,,,,16.5,0,0,0,0,1,0,2025-11-15,2025,0,0,0,0,0,0,0,0,0,0,0,0,0,0,0,0,0,0,0,0,0,0,0,0,0,0,0,0,0,0,0,0.0,0.0,0.0,0.0,0.0,0.0,0.0,0.0,0.0,0.0,0.0,0.0,0.0,5.998936561946683,474.24746834671015,19395.735552537786
,11/15/25,Sat,0.791666667,7:00p,Mississippi,Florida,2.501M,2501.0,Mississippi,34.0,24.0,0.0,1.0,2,0.0,0.0,0.0,0.0,0.0,0.0,0.0,0.0,0.0,0.0,0.0,0.0,SEC,SEC,0.0,,,10.5,,,0.0,,,,,10.0,,,,,,,,,,0.0,2.0,0.0,0.0,,,,,,19.0,0,0,0,0,0,0,2025-11-15,2025,0,0,0,0,0,0,0,0,0,0,0,0,0,0,0,0,0,0,0,0,0,0,0,0,0,0,0,0,0,0,0,0.0,0.0,0.0,0.0,0.0,0.0,0.0,0.0,0.0,0.0,0.0,0.0,0.0,7.824845691026856,3288.563437103992,15656.899211363672
,11/15/25,Sat,0.791666667,7:00p,Baylor,Utah,415K,415.0,Utah,55.0,28.0,1.0,0.0,3,0.0,0.0,1.0,0.0,0.0,0.0,0.0,0.0,0.0,0.0,0.0,0.0,Big 12,Big 12,0.0,,,9.5,,,0.0,,,,,27.0,,,,,,,,,,2.0,0.0,0.0,0.0,,,,,,19.0,0,0,0,0,0,0,2025-11-15,2025,0,0,0,0,0,0,0,0,0,0,0,0,0,0,0,0,0,0,0,0,0,0,0,0,0,0,0,0,0,0,0,0.0,0.0,0.0,0.0,0.0,0.0,0.0,0.0,0.0,0.0,0.0,0.0,0.0,6.030685260261263,598.5035702893942,18346.95907817827
,11/15/25,Sat,0.791666667,7:00p,Washington,Purdue,457K,457.0,Washington,49.0,13.0,0.0,0.0,3,0.0,1.0,0.0,0.0,0.0,0.0,0.0,0.0,0.0,0.0,0.0,0.0,Big Ten,Big Ten,0.0,,,14.5,,,0.0,,,,,36.0,,,,,,,,,,0.0,0.0,0.0,2.0,,,,,,19.0,0,0,0,0,0,0,2025-11-15,2025,0,0,0,0,0,0,0,0,0,0,0,0,0,0,0,0,0,0,0,0,0,0,0,0,0,0,0,0,0,0,0,0.0,0.0,0.0,0.0,0.0,0.0,0.0,0.0,0.0,0.0,0.0,0.0,0.0,6.126869184114185,555.3351645263105,18390.127483941353
,11/15/25,Sat,0.8125,7:30p,Georgia,Texas,10.432M,10432.0,Georgia,35.0,10.0,0.0,2.0,2,0.0,0.0,0.0,0.0,0.0,1.0,0.0,0.0,0.0,0.0,0.0,0.0,SEC,SEC,0.0,,,3.5,,,0.0,,,,,25.0,,,,,,,,,,0.0,2.0,0.0,0.0,,,,,,19.5,0,0,0,0,0,0,2025-11-15,2025,0,0,0,0,0,0,0,0,0,0,0,0,0,0,0,0,0,0,0,0,0,0,0,0,0,1,1,0,0,0,0,0.0,0.0,0.0,0.0,0.0,0.0,0.0,0.0,0.0,0.0,0.0,0.0,0.0,9.25272913846797,10644.001368019826,8301.461280447837
,11/15/25,Sat,0.8125,7:30p,Ohio St.,UCLA,3.376M,3376.0,Ohio St.,48.0,10.0,0.0,1.0,2,0.0,0.0,0.0,1.0,0.0,0.0,0.0,0.0,0.0,0.0,0.0,0.0,Big Ten,Big Ten,0.0,,,33.5,,,0.0,,,,,38.0,,,,,,,,,,0.0,0.0,0.0,2.0,,,,,,19.5,0,0,0,0,0,0,2025-11-15,2025,0,0,0,0,0,0,0,0,0,0,0,0,0,0,0,0,0,0,0,0,0,0,0,0,0,0,0,0,0,0,0,0.0,0.0,0.0,0.0,0.0,0.0,0.0,0.0,0.0,0.0,0.0,0.0,0.0,8.124743020385568,3796.2567548626803,15149.205893604982
,11/15/25,Sat,0.833333333,8:00p,Jacksonville St.,Kennesaw State,31K,31.0,Jacksonville St.,35.0,26.0,0.0,0.0,2,0.0,0.0,0.0,0.0,0.0,0.0,0.0,1.0,0.0,0.0,0.0,0.0,Conference USA,Conference USA,0.0,,,3.5,,,0.0,,,,,9.0,,,,,,,,,,0.0,0.0,0.0,0.0,,,,,,20.0,0,0,0,0,0,0,2025-11-15,2025,0,0,0,0,0,0,0,0,0,0,0,0,0,0,0,0,0,0,0,0,0,0,0,0,0,0,0,0,0,0,0,0.0,0.0,0.0,0.0,0.0,0.0,0.0,0.0,0.0,0.0,0.0,0.0,0.0,3.4657359027997265,62.80235366546071,18882.6602948022
,11/15/25,Sat,0.916666667,10:00p,Washington St.,Louisiana Tech,301K,301.0,Washington St.,28.0,3.0,0.0,0.0,0,0.0,0.0,0.0,0.0,0.0,0.0,1.0,0.0,0.0,0.0,0.0,0.0,Pac-12,Conference USA,0.0,,,10.0,,,0.0,,,,,25.0,,,,,,,,,,0.0,0.0,0.0,0.0,,,,,,22.0,0,0,0,0,0,1,2025-11-15,2025,0,0,0,0,0,0,0,0,0,0,0,0,0,0,0,0,0,0,0,0,0,0,0,0,0,0,0,0,0,0,0,0.0,0.0,0.0,0.0,0.0,0.0,0.0,0.0,0.0,0.0,0.0,0.0,0.0,5.71042701737487,382.3574681760067,1904.3627889933782
,11/15/25,Sat,0.9375,10:30p,BYU,TCU,1.563M,1563.0,BYU,44.0,13.0,1.0,0.0,0,0.0,0.0,0.0,0.0,0.0,0.0,0.0,0.0,0.0,0.0,0.0,0.0,Big 12,Big 12,0.0,,,3.0,,,0.0,,,,,31.0,,,,,,,,,,2.0,0.0,0.0,0.0,,,,,,22.5,0,0,0,0,0,1,2025-11-15,2025,0,0,0,0,0,0,0,0,0,0,0,0,0,0,0,0,0,0,0,0,0,0,0,0,0,0,0,0,0,0,0,0.0,0.0,0.0,0.0,0.0,0.0,0.0,0.0,0.0,0.0,0.0,0.0,0.0,7.355001921105257,1622.056362438068,664.6638947313171
,11/15/25,Sat,0.9375,10:30p,Fresno St.,Wyoming,121K,121.0,Fresno St.,24.0,3.0,0.0,0.0,0,0.0,1.0,0.0,0.0,0.0,0.0,0.0,0.0,0.0,0.0,0.0,0.0,Mountain West,Mountain West,0.0,,,3.0,,,0.0,,,,,21.0,,,,,,,,,,0.0,0.0,0.0,0.0,,,,,,22.5,0,0,0,0,0,1,2025-11-15,2025,0,0,0,0,0,0,0,0,0,0,0,0,0,0,0,0,0,0,0,0,0,0,0,0,0,0,0,0,0,0,0,0.0,0.0,0.0,0.0,0.0,0.0,0.0,0.0,0.0,0.0,0.0,0.0,0.0,4.804021044733257,282.3064265553104,2004.4138306140746
