source_index,Year,Date,Team 1,Team 2,Station,period,actual,pred,variant
1488,2021,8/28/21,Illinois,Nebraska,FOX,Week0,3217.0,4777.701159428351,current
1489,2021,8/28/21,UCLA,Hawaii,ESPN,Week0,976.0,986.5225306554971,current
1490,2021,9/1/21,Jacksonville St.,UAB,ESPN,Week1,841.0,842.622418764799,current
1491,2021,9/2/21,UCF,Boise St.,ESPN,Week1,841.0,1125.8132487761698,current
1492,2021,9/2/21,Appalachian St.,East Carolina,ESPNU,Week1,245.0,137.95919675314155,current
1493,2021,9/2/21,Minnesota,Ohio St.,FOX,Week1,6295.0,5069.06606422012,current
1494,2021,9/3/21,Virginia Tech,North Carolina,ESPN,Week1,2579.0,2138.352058313718,current
1495,2021,9/3/21,Colorado St.,South Dakota State,FS1,Week1,199.0,260.23121418178715,current
1496,2021,9/3/21,Northwestern,Michigan St.,ESPN,Week1,2101.0,1832.859896385342,current
1497,2021,9/4/21,Oklahoma,Tulane,ABC,Week1,2526.0,1789.0805978343692,current
1498,2021,9/4/21,Kansas St.,Stanford,FS1,Week1,312.0,565.228697264048,current
1499,2021,9/4/21,Michigan,Western Michigan,ESPN,Week1,1623.0,1928.613819838958,current
1500,2021,9/4/21,Wisconsin,Penn St.,FOX,Week1,5409.0,4044.273700317921,current
1501,2021,9/4/21,Miami,Alabama,ABC,Week1,5674.0,4122.3074191750675,current
1502,2021,9/4/21,Maryland,West Virginia,ESPN,Week1,1350.0,1175.3198952845103,current
1503,2021,9/4/21,Iowa,Indiana,BTN,Week1,554.0,1173.037827371597,current
1504,2021,9/4/21,Mississippi St.,Louisiana Tech,ESPNU,Week1,228.0,231.6943921561049,current
1505,2021,9/4/21,Texas,Louisiana,FOX,Week1,2879.0,2626.9954363295074,current
1506,2021,9/4/21,Purdue,Oregon St.,FS1,Week1,439.0,391.21142980444904,current
1507,2021,9/4/21,Houston,Texas Tech,ESPN,Week1,831.0,1130.0418306824438,current
1508,2021,9/4/21,Illinois,UTSA,BTN,Week1,211.0,529.9326886560298,current
1509,2021,9/4/21,Clemson,Georgia,ABC,Week1,8863.0,6235.285224404599,current
1510,2021,9/4/21,Texas A&M,Kent St.,ESPNU,Week1,285.0,322.42302238050354,current
1511,2021,9/5/21,UCLA,LSU,FOX,Week1,3219.0,2922.4009488102383,current
1512,2021,9/4/21,California,Nevada,FS1,Week1,255.0,257.958418344353,current
1513,2021,9/4/21,Arizona,BYU,ESPN,Week1,933.0,1552.6279889235325,current
1514,2021,9/5/21,Florida St.,Notre Dame,ABC,Week1,7751.0,7683.0254966749035,current
1515,2021,9/6/21,Mississippi,Louisville,ESPN,Week1,3078.0,2154.9805110919883,current
1516,2021,9/10/21,Coastal Carolina,Kansas,ESPN2,later,1299.0,861.7473557681378,current
1517,2021,9/10/21,Boise St.,UTEP,FS1,later,347.0,697.9950872281013,current
1518,2021,9/11/21,East Carolina,South Carolina,ESPN2,later,585.0,709.9031713188776,current
1519,2021,9/11/21,Ohio St.,Oregon,FOX,later,7730.0,5929.404214435324,current
1520,2021,9/11/21,Oklahoma St.,Tulsa,FS1,later,321.0,421.457191376236,current
1521,2021,9/11/21,Tennessee,Pittsburgh,ESPN,later,1739.0,1954.5488899602092,current
1522,2021,9/11/21,South Florida,Florida,ABC,later,1597.0,2063.4891607192867,current
1523,2021,9/11/21,Penn St.,Ball St.,FS1,later,881.0,688.1505721415965,current
1524,2021,9/11/21,Colorado,Texas A&M,FOX,later,4502.0,3109.2907815017056,current
1525,2021,9/11/21,TCU,California,ESPNU,later,193.0,206.8284250639299,current
1526,2021,9/11/21,Nebraska,Buffalo,BTN,later,626.0,641.7026710605652,current
1527,2021,9/11/21,Georgia,UAB,ESPN2,later,1118.0,949.8050443939223,current
1528,2021,9/11/21,Navy,Air Force,CBS,later,1076.0,743.0183148027023,current
1529,2021,9/11/21,Iowa St.,Iowa,ABC,later,3890.0,5163.082819119461,current
1530,2021,9/11/21,Mississippi St.,North Carolina St.,ESPN2,later,756.0,573.9563794488843,current
1531,2021,9/11/21,Arkansas,Texas,ESPN,later,3356.0,2471.3433165979063,current
1532,2021,9/11/21,Wisconsin,Eastern Michigan,FS1,later,557.0,682.3366735686398,current
1533,2021,9/11/21,Miami,Appalachian St.,ESPNU,later,395.0,263.2003556613147,current
1534,2021,9/11/21,Michigan,Washington,ABC,later,4748.0,4499.051347902372,current
1535,2021,9/11/21,BYU,Utah,ESPN,later,1503.0,1644.658742854524,current
1536,2021,9/11/21,Arizona St.,UNLV,ESPN2,later,407.0,480.8843720854753,current
1537,2021,9/11/21,USC,Stanford,FOX,later,1441.0,1961.827588342318,current
1538,2021,9/11/21,Oregon St.,Hawaii,FS1,later,204.0,499.585433328623,current
1539,2021,9/16/21,Louisiana,Ohio,ESPN,later,698.0,721.9124354427929,current
1540,2021,9/17/21,Louisville,UCF,ESPN,later,1881.0,1790.6558079868219,current
1541,2021,9/17/21,Illinois,Maryland,FS1,later,690.0,521.8658430334062,current
1542,2021,9/18/21,Miami,Michigan St.,ABC,later,2774.0,2118.446016577025,current
1543,2021,9/18/21,Buffalo,Coastal Carolina,ESPN2,later,285.0,613.3385315476663,current
1544,2021,9/18/21,Michigan,Northern Illinois,BTN,later,512.0,1037.4076372564123,current
1545,2021,9/18/21,Oklahoma,Nebraska,FOX,later,4210.0,3507.879156736444,current
1546,2021,9/18/21,Indiana,Cincinnati,ESPN,later,1681.0,1452.0782785849494,current
1547,2021,9/18/21,West Virginia,Virginia Tech,FS1,later,932.0,591.3792567474584,current
1548,2021,9/18/21,Notre Dame,Purdue,NBC,later,2584.0,1993.4976535889564,current
1549,2021,9/18/21,Washington St.,USC,FOX,later,1583.0,2029.692256951565,current
1550,2021,9/18/21,Florida,Alabama,CBS,later,7863.0,4444.72873452969,current
1551,2021,9/18/21,Ohio St.,Tulsa,FS1,later,1831.0,1235.2068112270597,current
1552,2021,9/18/21,Wake Forest,Florida St.,ESPN,later,689.0,1174.7083979828499,current
1553,2021,9/18/21,Clemson,Georgia Tech,ABC,later,2101.0,2217.0659140070247,current
1554,2021,9/18/21,Memphis,Mississippi St.,ESPN2,later,401.0,510.74340380873383,current
1555,2021,9/18/21,Georgia,South Carolina,ESPN,later,2548.0,2727.3377862423176,current
1556,2021,9/18/21,Penn St.,Auburn,ABC,later,7606.0,6089.855059898455,current
1557,2021,9/18/21,Mississippi,Tulane,ESPN2,later,350.0,404.29106034539234,current
1558,2021,9/18/21,Boise St.,Oklahoma St.,FS1,later,596.0,757.2895332489895,current
1559,2021,9/18/21,BYU,Arizona St.,ESPN,later,1498.0,1852.667237353472,current
1560,2021,9/18/21,Hawaii,San Jose St.,FS1,later,259.0,449.0216861099884,current
1561,2021,9/23/21,Appalachian St.,Marshall,ESPN,later,1014.0,872.3853204062923,current
1562,2021,9/24/21,Virginia,Wake Forest,ESPN2,later,1113.0,683.5785447457245,current
1563,2021,9/25/21,Boston College,Missouri,ESPN2,later,404.0,461.9725538155974,current
1564,2021,9/25/21,Mississippi St.,LSU,ESPN,later,1791.0,1824.3387062460008,current
1565,2021,9/25/21,Texas,Texas Tech,ABC,later,1728.0,2634.898330812264,current
1566,2021,9/25/21,TCU,SMU,FS1,later,186.0,365.6454202555998,current
1567,2021,9/25/21,Wisconsin,Notre Dame,FOX,later,5369.0,3862.0565498932933,current
1568,2021,9/25/21,Utah St.,Boise St.,CBS,later,804.0,1095.7178565422728,current
1569,2021,9/25/21,North Carolina St.,Clemson,ESPN,later,2185.0,1248.239788339291,current
1570,2021,9/25/21,Baylor,Iowa St.,FOX,later,2012.0,1394.4982832006103,current
1571,2021,9/25/21,Michigan,Rutgers,ABC,later,2806.0,2900.160024778301,current
1572,2021,9/25/21,Iowa,Colorado St.,FS1,later,513.0,534.9410884002328,current
1573,2021,9/25/21,Arkansas,Texas A&M,CBS,later,4071.0,4717.444146967362,current
1574,2021,9/25/21,Florida St.,Louisville,ESPN2,later,643.0,779.5730472226604,current
1575,2021,9/25/21,South Carolina,Kentucky,ESPN2,later,941.0,1063.3313698321258,current
1576,2021,9/25/21,Florida,Tennessee,ESPN,later,3282.0,2094.361149403084,current
1577,2021,9/25/21,Michigan St.,Nebraska,FS1,later,1664.0,1209.5547631313038,current
1578,2021,9/25/21,Ohio St.,Akron,BTN,later,1075.0,1473.594066515967,current
1579,2021,9/25/21,Oklahoma,West Virginia,ABC,later,4502.0,3826.7178042749083,current
1580,2021,9/25/21,BYU,South Florida,ESPN2,later,491.0,478.7190885123222,current
1581,2021,9/25/21,Oregon,Arizona,ESPN,later,1656.0,2106.428645666834,current
1582,2021,9/25/21,USC,Oregon St.,FS1,later,754.0,687.5619417385647,current
1583,2021,9/25/21,Arizona St.,Colorado,ESPNU,later,170.0,314.61424456103316,current
1584,2021,9/30/21,Miami,Virginia,ESPN,later,1408.0,1120.0331781601055,current
1585,2021,10/1/21,Tulsa,Houston,ESPN,later,548.0,1047.101317706707,current
1586,2021,10/1/21,Maryland,Iowa,FS1,later,1381.0,1050.203453461802,current
1587,2021,10/2/21,Wisconsin,Michigan,FOX,later,4313.0,3826.864701771687,current
1588,2021,10/2/21,Georgia,Arkansas,ESPN,later,3845.0,4781.009640779295,current
1589,2021,10/2/21,TCU,Texas,ABC,later,2384.0,2477.4985506391768,current
1590,2021,10/2/21,North Carolina,Duke,ESPN2,later,303.0,472.12356836960055,current
1591,2021,10/2/21,Notre Dame,Cincinnati,NBC,later,3805.0,3639.7427155294213,current
1592,2021,10/2/21,Stanford,Oregon,ABC,later,2641.0,2818.668213621563,current
1593,2021,10/2/21,Kansas St.,Oklahoma,FOX,later,2616.0,2883.727366265687,current
1594,2021,10/2/21,Alabama,Mississippi,CBS,later,4792.0,3418.308560473125,current
1595,2021,10/2/21,Rutgers,Ohio St.,BTN,later,1190.0,1158.8378742248144,current
1596,2021,10/2/21,West Virginia,Texas Tech,ESPN2,later,666.0,697.3202800991661,current
1597,2021,10/2/21,Boise St.,Nevada,FS1,later,197.0,370.5566617393748,current
1598,2021,10/2/21,Kentucky,Florida,ESPN,later,3063.0,2312.54030237504,current
1599,2021,10/2/21,Iowa St.,Kansas,FS1,later,262.0,403.34677168854523,current
1600,2021,10/2/21,Oklahoma St.,Baylor,ESPN2,later,995.0,1446.0855336884613,current
1601,2021,10/2/21,Penn St.,Indiana,ABC,later,3996.0,3205.537444874945,current
1602,2021,10/2/21,LSU,Auburn,ESPN,later,3791.0,2898.304941566989,current
1603,2021,10/2/21,UCLA,Arizona St.,FS1,later,673.0,468.0166357948827,current
1604,2021,10/7/21,Tulane,Houston,ESPN,later,464.0,466.36210199065476,current
1605,2021,10/8/21,Cincinnati,Temple,ESPN,later,1111.0,1828.526370797531,current
1606,2021,10/8/21,Arizona St.,Stanford,ESPN,later,1134.0,1393.7353281482992,current
1607,2021,10/9/21,Tennessee,South Carolina,ESPN2,later,795.0,1148.6853477699178,current
1608,2021,10/9/21,Ohio St.,Maryland,FOX,later,2788.0,3385.851986257488,current
1609,2021,10/9/21,Rutgers,Michigan St.,BTN,later,642.0,646.9935821977632,current
1610,2021,10/9/21,Texas,Oklahoma,ABC,later,5940.0,6271.656327849781,current
1611,2021,10/9/21,Mississippi,Arkansas,ESPN,later,2230.0,2109.0547861015402,current
1612,2021,10/9/21,Baylor,West Virginia,FS1,later,456.0,391.23546584496205,current
1613,2021,10/9/21,Illinois,Wisconsin,BTN,later,416.0,567.3102475124497,current
1614,2021,10/9/21,Syracuse,Wake Forest,ESPN2,later,509.0,405.5257487302739,current
1615,2021,10/9/21,North Carolina,Florida St.,ESPN,later,1073.0,1037.1361474052044,current
1616,2021,10/9/21,BYU,Boise St.,ABC,later,2244.0,2010.199581727478,current
1617,2021,10/9/21,Auburn,Georgia,CBS,later,4581.0,5286.509591337049,current
1618,2021,10/9/21,Iowa,Penn St.,FOX,later,6904.0,6913.687441501077,current
1619,2021,10/9/21,Texas Tech,TCU,ESPN,later,625.0,1025.804041461267,current
1620,2021,10/9/21,Nebraska,Michigan,ABC,later,4629.0,6276.066235841819,current
1621,2021,10/9/21,Texas A&M,Alabama,CBS,later,8334.0,3686.647807866712,current
1622,2021,10/9/21,USC,Utah,FOX,later,1376.0,1784.4807932451854,current
1623,2021,10/9/21,Nevada,New Mexico St.,ESPN,later,799.0,600.7457429106472,current
1624,2021,10/12/21,Louisiana,Appalachian St.,ESPN2,later,428.0,462.6176568696551,current
1625,2021,10/14/21,Memphis,Navy,ESPN,later,514.0,507.0587703768032,current
1626,2021,10/15/21,Syracuse,Clemson,ESPN,later,2115.0,1510.8967059060142,current
1627,2021,10/15/21,Oregon,California,ESPN,later,1446.0,1593.222515858245,current
1628,2021,10/16/21,Cincinnati,UCF,ABC,later,1374.0,2142.7247132840002,current
1629,2021,10/16/21,LSU,Florida,ESPN,later,2926.0,1974.031508324784,current
1630,2021,10/16/21,Arkansas,Auburn,CBS,later,2404.0,2293.0871639578804,current
1631,2021,10/16/21,Northwestern,Rutgers,BTN,later,204.0,342.4237062346465,current
1632,2021,10/16/21,Minnesota,Nebraska,ESPN2,later,1062.0,674.0489458215303,current
1633,2021,10/16/21,Texas,Oklahoma St.,FOX,later,3129.0,5600.318886807401,current
1634,2021,10/16/21,Indiana,Michigan St.,FS1,later,1276.0,639.1841367482363,current
1635,2021,10/16/21,Georgia,Kentucky,CBS,later,6369.0,6140.872066312701,current
1636,2021,10/16/21,Iowa,Purdue,ABC,later,3446.0,4486.632469201437,current
1637,2021,10/16/21,Virginia Tech,Pittsburgh,ESPN2,later,640.0,658.8924858743358,current
1638,2021,10/16/21,Baylor,BYU,ESPN,later,1440.0,1188.7989585076593,current
1639,2021,10/16/21,Mississippi St.,Alabama,ESPN,later,3526.0,2403.6253137133667,current
1640,2021,10/16/21,Washington St.,Stanford,ESPNU,later,210.0,242.44460478635187,current
1641,2021,10/16/21,Oklahoma,TCU,ABC,later,3434.0,3843.517928727989,current
1642,2021,10/16/21,Kansas St.,Iowa St.,ESPN2,later,608.0,588.5293205240619,current
1643,2021,10/16/21,Wisconsin,Army,BTN,later,639.0,561.0624007841195,current
1644,2021,10/16/21,Washington,UCLA,FOX,later,1532.0,1583.234507467944,current
1645,2021,10/16/21,Boise St.,Air Force,FS1,later,289.0,526.6189676116358,current
1646,2021,10/16/21,Utah,Arizona St.,ESPN,later,1393.0,1167.8186678451252,current
1647,2021,10/20/21,Appalachian St.,Coastal Carolina,ESPN2,later,804.0,565.0543496509566,current
1648,2021,10/21/21,SMU,Tulane,ESPN,later,392.0,596.0526321616767,current
1649,2021,10/22/21,UCF,Memphis,ESPN2,later,793.0,850.503841958295,current
1650,2021,10/22/21,Arizona,Washington,ESPN2,later,660.0,731.3413177623391,current
1651,2021,10/23/21,Texas Tech,Kansas St.,FS1,later,359.0,468.00679216687564,current
1652,2021,10/23/21,Penn St.,Illinois,ABC,later,3765.0,2669.853647888787,current
1653,2021,10/23/21,Michigan,Northwestern,FOX,later,3235.0,3040.0279319256692,current
1654,2021,10/23/21,Kansas,Oklahoma,ESPN,later,2645.0,1340.1056340559464,current
1655,2021,10/23/21,Navy,Cincinnati,ESPN2,later,769.0,550.7732763498495,current
1656,2021,10/23/21,Purdue,Wisconsin,BTN,later,734.0,773.7215502404706,current
1657,2021,10/23/21,Minnesota,Maryland,ESPN2,later,533.0,475.9569349967304,current
1658,2021,10/23/21,Mississippi,LSU,CBS,later,3109.0,2363.048436880212,current
1659,2021,10/23/21,Washington St.,BYU,FS1,later,466.0,473.7175993579358,current
1660,2021,10/23/21,UCLA,Oregon,ABC,later,3845.0,2947.0224547882585,current
1661,2021,10/23/21,Iowa St.,Oklahoma St.,FOX,later,2659.0,2741.429225156927,current
1662,2021,10/23/21,Pittsburgh,Clemson,ESPN,later,2162.0,1562.7806579731482,current
1663,2021,10/23/21,Fresno St.,Nevada,FS1,later,233.0,288.1425006147374,current
1664,2021,10/23/21,Alabama,Tennessee,ESPN,later,4679.0,3572.207451690169,current
1665,2021,10/23/21,Indiana,Ohio St.,ABC,later,3347.0,3437.606414828246,current
1666,2021,10/23/21,Notre Dame,USC,NBC,later,2868.0,2265.8589953146106,current
1667,2021,10/23/21,TCU,West Virginia,ESPNU,later,369.0,225.9151565011607,current
1668,2021,10/23/21,Miami,North Carolina St.,ESPN2,later,675.0,414.4528455933672,current
1669,2021,10/28/21,Coastal Carolina,Troy,ESPN2,later,290.0,575.9317584256928,current
1670,2021,10/28/21,East Carolina,South Florida,ESPN,later,395.0,599.0572488799522,current
1671,2021,10/29/21,Tulsa,Navy,ESPN2,later,684.0,663.9145887508641,current
1672,2021,10/30/21,Michigan St.,Michigan,FOX,later,9289.0,7762.899485940598,current
1673,2021,10/30/21,Wisconsin,Iowa,ESPN,later,1828.0,2121.9820672587957,current
1674,2021,10/30/21,Baylor,Texas,ABC,later,2395.0,1991.3375416994952,current
1675,2021,10/30/21,Tulane,Cincinnati,ESPN2,later,580.0,369.23573566298387,current
1676,2021,10/30/21,Arizona St.,Washington St.,FS1,later,337.0,551.4988490168719,current
1677,2021,10/30/21,Clemson,Florida St.,ESPN,later,1883.0,1282.9217762014505,current
1678,2021,10/30/21,Oregon,Colorado,FOX,later,2673.0,2495.611561987908,current
1679,2021,10/30/21,Nebraska,Purdue,ESPN2,later,1295.0,730.7238878722758,current
1680,2021,10/30/21,Northwestern,Minnesota,BTN,later,401.0,381.1373100726039,current
1681,2021,10/30/21,Oklahoma,Texas Tech,ABC,later,2370.0,2969.2714325124025,current
1682,2021,10/30/21,Florida,Georgia,CBS,later,6120.0,3405.176262524937,current
1683,2021,10/30/21,Auburn,Mississippi,ESPN,later,2525.0,3133.8576865663754,current
1684,2021,10/30/21,Oklahoma St.,Kansas,FS1,later,344.0,489.8412909806358,current
1685,2021,10/30/21,Houston,SMU,ESPN2,later,332.0,538.0195998310132,current
1686,2021,10/30/21,Notre Dame,North Carolina,NBC,later,2346.0,1697.2901767080411,current
1687,2021,10/30/21,Ohio St.,Penn St.,ABC,later,7051.0,7837.206445746982,current
1688,2021,10/30/21,Utah,UCLA,ESPN,later,829.0,1024.6416751970073,current
1689,2021,10/30/21,BYU,Virginia,ESPN2,later,678.0,578.8146314541023,current
1690,2021,10/30/21,Stanford,Washington,FS1,later,402.0,465.0141249336349,current
1691,2021,11/2/21,Toledo,Eastern Michigan,ESPN2,later,180.0,301.6433892013738,current
1692,2021,11/3/21,Kent St.,Northern Illinois,ESPN2,later,454.0,355.93276501038395,current
1693,2021,11/4/21,Louisiana,Georgia St.,ESPN,later,620.0,731.4939997254132,current
1694,2021,11/5/21,Boston College,Virginia Tech,ESPN2,later,1215.0,703.6362778066264,current
1695,2021,11/5/21,Stanford,Utah,FS1,later,452.0,450.4164151673473,current
1696,2021,11/6/21,Air Force,Army,CBS,later,1444.0,835.9994591190093,current
1697,2021,11/6/21,North Carolina,Wake Forest,ABC,later,2200.0,1844.1401405636695,current
1698,2021,11/6/21,Minnesota,Illinois,ESPN2,later,595.0,443.8708372481295,current
1699,2021,11/6/21,Nebraska,Ohio St.,FOX,later,5328.0,4484.275115337117,current
1700,2021,11/6/21,Georgia,Missouri,ESPN,later,2186.0,2074.697111308495,current
1701,2021,11/6/21,Kansas,Kansas St.,FS1,later,344.0,157.27574671738796,current
1702,2021,11/6/21,Maryland,Penn St.,FS1,later,936.0,721.0761028533515,current
1703,2021,11/6/21,West Virginia,Oklahoma St.,ESPN,later,1140.0,1179.889660294582,current
1704,2021,11/6/21,Texas A&M,Auburn,CBS,later,3759.0,3698.9151053175538,current
1705,2021,11/6/21,Notre Dame,Navy,NBC,later,1863.0,1424.1475586752056,current
1706,2021,11/6/21,TCU,Baylor,FOX,later,1807.0,1306.1765063781215,current
1707,2021,11/6/21,Cincinnati,Tulsa,ESPN2,later,796.0,621.036816477307,current
1708,2021,11/6/21,Purdue,Michigan St.,ABC,later,4400.0,4413.49388000844,current
1709,2021,11/6/21,Rutgers,Wisconsin,BTN,later,433.0,495.6794991986128,current
1710,2021,11/6/21,Northwestern,Iowa,BTN,later,552.0,523.6432641476845,current
1711,2021,11/6/21,Alabama,LSU,ESPN,later,5000.0,5572.979557734684,current
1712,2021,11/6/21,Kentucky,Tennessee,ESPN2,later,1478.0,1015.2008056903727,current
1713,2021,11/6/21,Iowa St.,Texas,FS1,later,907.0,722.573019673592,current
1714,2021,11/6/21,Michigan,Indiana,FOX,later,2683.0,3541.9940250686413,current
1715,2021,11/6/21,Washington,Oregon,ABC,later,2726.0,3027.5624084603305,current
1716,2021,11/6/21,UTEP,UTSA,ESPN2,later,412.0,457.1899845488907,current
1717,2021,11/6/21,Arizona St.,USC,ESPN,later,1608.0,1419.5367443348573,current
1718,2021,11/6/21,Hawaii,San Diego St.,FS1,later,226.0,336.1272899218311,current
1719,2021,11/9/21,Eastern Michigan,Ohio,ESPN2,later,294.0,350.429245375014,current
1720,2021,11/10/21,Northern Illinois,Ball St.,ESPN2,later,470.0,394.9996708117925,current
1721,2021,11/10/21,Central Michigan,Kent St.,ESPNU,later,155.0,196.46563016911483,current
1722,2021,11/11/21,Pittsburgh,North Carolina,ESPN,later,1213.0,1159.6052396671928,current
1723,2021,11/12/21,South Florida,Cincinnati,ESPN2,later,1157.0,1243.0963460855312,current
1724,2021,11/12/21,Boise St.,Wyoming,FS1,later,454.0,626.4393929798381,current
1725,2021,11/13/21,Penn St.,Michigan,ABC,later,5942.0,7867.12104395554,current
1726,2021,11/13/21,Wisconsin,Northwestern,ESPN2,later,667.0,536.1766093671978,current
1727,2021,11/13/21,Indiana,Rutgers,BTN,later,180.0,282.33953260492336,current
1728,2021,11/13/21,Auburn,Mississippi St.,ESPN,later,1529.0,1574.2077372341876,current
1729,2021,11/13/21,Baylor,Oklahoma,FOX,later,3719.0,3644.931495721907,current
1730,2021,11/13/21,Kansas St.,West Virginia,FS1,later,476.0,394.8213397505085,current
1731,2021,11/13/21,Ohio St.,Purdue,ABC,later,4739.0,4927.97148856302,current
1732,2021,11/13/21,Florida St.,Miami,ESPN,later,1534.0,1023.5889724735673,current
1733,2021,11/13/21,Tennessee,Georgia,CBS,later,5781.0,4407.422434818175,current
1734,2021,11/13/21,Iowa,Minnesota,BTN,later,980.0,607.9988162852637,current
1735,2021,11/13/21,Texas Tech,Iowa St.,ESPN2,later,676.0,505.29035602776094,current
1736,2021,11/13/21,Michigan St.,Maryland,FOX,later,2204.0,2560.9215033229802,current
1737,2021,11/13/21,Mississippi,Texas A&M,ESPN,later,3531.0,2553.691065138285,current
1738,2021,11/13/21,Washington,Arizona St.,FS1,later,538.0,561.4641802800504,current
1739,2021,11/13/21,Vanderbilt,Kentucky,ESPN2,later,446.0,486.0543737875258,current
1740,2021,11/13/21,Texas,Kansas,ESPNU,later,487.0,236.51111171948713,current
1741,2021,11/13/21,Virginia,Notre Dame,ABC,later,3278.0,4408.751321053479,current
1742,2021,11/13/21,Oklahoma St.,TCU,FOX,later,1373.0,2411.7279083236813,current
1743,2021,11/13/21,San Jose St.,Utah St.,FS1,later,144.0,287.89282590753965,current
1744,2021,11/13/21,Oregon,Washington St.,ESPN,later,1991.0,2107.8785382609963,current
1745,2021,11/16/21,Eastern Michigan,Western Michigan,ESPN2,later,428.0,334.56155782283423,current
1746,2021,11/17/21,Buffalo,Northern Illinois,ESPN2,later,516.0,409.0738394681978,current
1747,2021,11/18/21,Duke,Louisville,ESPN,later,466.0,958.5912353412602,current
1748,2021,11/19/21,Nevada,Air Force,FS1,later,245.0,539.9939505961038,current
1749,2021,11/19/21,Houston,Memphis,ESPN2,later,611.0,525.4001952908761,current
1750,2021,11/20/21,Ohio St.,Michigan St.,ABC,later,5287.0,8192.954573148396,current
1751,2021,11/20/21,Clemson,Wake Forest,ESPN,later,1553.0,1105.9297409862802,current
1752,2021,11/20/21,Oklahoma,Iowa St.,FOX,later,3103.0,2001.692549497327,current
1753,2021,11/20/21,West Virginia,Texas,ESPN2,later,1005.0,825.1934236681085,current
1754,2021,11/20/21,Iowa,Illinois,FS1,later,677.0,503.6395104855041,current
1755,2021,11/20/21,Notre Dame,Georgia Tech,NBC,later,1455.0,1453.2888448642016,current
1756,2021,11/20/21,Alabama,Arkansas,CBS,later,5464.0,4093.377955992779,current
1757,2021,11/20/21,Pittsburgh,Virginia,ESPN2,later,851.0,702.6620195250482,current
1758,2021,11/20/21,Wisconsin,Nebraska,ABC,later,3534.0,2839.5660175606113,current
1759,2021,11/20/21,Cincinnati,SMU,ESPN,later,938.0,1682.5242838394188,current
1760,2021,11/20/21,USC,UCLA,FOX,later,1836.0,1749.8035510365285,current
1761,2021,11/20/21,Kansas St.,Baylor,FS1,later,665.0,693.2065808058707,current
1762,2021,11/20/21,South Carolina,Auburn,ESPN,later,2033.0,1758.2330122163662,current
1763,2021,11/20/21,Tennessee,South Alabama,ESPNU,later,307.0,365.1494319472341,current
1764,2021,11/20/21,Utah,Oregon,ABC,later,4818.0,4258.7685641842445,current
1765,2021,11/20/21,Texas Tech,Oklahoma St.,FOX,later,1911.0,2665.642347757519,current
1766,2021,11/20/21,Boise St.,New Mexico,FS1,later,165.0,376.3587764862466,current
1767,2021,11/20/21,LSU,Louisiana Monroe,ESPN2,later,598.0,724.3257094921072,current
1768,2021,11/20/21,Oregon St.,Arizona St.,ESPN,later,1114.0,859.2483519081428,current
1769,2021,11/25/21,San Jose St.,Fresno St.,FS1,later,309.0,211.09140776401676,current
1770,2021,11/25/21,Mississippi St.,Mississippi,ESPN,later,2060.0,1991.2065307683324,current
1771,2021,11/26/21,San Diego St.,Boise St.,CBS,later,1950.0,1473.0940190346614,current
1772,2021,11/26/21,Texas,Kansas St.,FOX,later,2861.0,3346.674950507805,current
1773,2021,11/26/21,New Mexico,Utah St.,FS1,later,139.0,391.8853489336056,current
1774,2021,11/26/21,Nebraska,Iowa,BTN,later,1945.0,1349.2602689423466,current
1775,2021,11/26/21,East Carolina,Cincinnati,ABC,later,2392.0,3502.785035012671,current
1776,2021,11/26/21,Arkansas,Missouri,CBS,later,2956.0,2023.3734339158566,current
1777,2021,11/26/21,UCF,South Florida,ESPN,later,711.0,894.1718178837498,current
1778,2021,11/26/21,Utah,Colorado,FOX,later,1554.0,2493.7214421012914,current
1779,2021,11/26/21,Iowa St.,TCU,FS1,later,518.0,593.602310067175,current
1780,2021,11/26/21,North Carolina St.,North Carolina,ESPN,later,2681.0,1323.332320345393,current
1781,2021,11/26/21,Washington,Washington St.,FS1,later,1210.0,971.4362108347188,current
1782,2021,11/27/21,Florida,Florida St.,ESPN,later,1629.0,1362.0929689611667,current
1783,2021,11/27/21,Georgia Tech,Georgia,ABC,later,1947.0,1933.9895985064395,current
1784,2021,11/27/21,Baylor,Texas Tech,FS1,later,412.0,490.8356488401578,current
1785,2021,11/27/21,Rutgers,Maryland,BTN,later,158.0,285.1121833491504,current
1786,2021,11/27/21,Michigan,Ohio St.,FOX,later,15893.0,13984.751294539543,current
1787,2021,11/27/21,Boston College,Wake Forest,ESPN2,later,247.0,302.134800223782,current
1788,2021,11/27/21,Oregon,Oregon St.,ESPN,later,1337.0,1492.4987584716107,current
1789,2021,11/27/21,Auburn,Alabama,CBS,later,10369.0,7762.956114713977,current
1790,2021,11/27/21,Purdue,Indiana,FS1,later,484.0,328.9842742554124,current
1791,2021,11/27/21,Michigan St.,Penn St.,ABC,later,3893.0,3304.4073616720043,current
1792,2021,11/27/21,Illinois,Northwestern,BTN,later,139.0,287.67665956536405,current
1793,2021,11/27/21,SMU,Tulsa,ESPN2,later,119.0,322.28309130373214,current
1794,2021,11/27/21,Minnesota,Wisconsin,FOX,later,5049.0,2702.2265578567963,current
1795,2021,11/27/21,Kansas,West Virginia,FS1,later,485.0,316.5224946863414,current
1796,2021,11/27/21,LSU,Texas A&M,ESPN,later,2351.0,1881.470633032949,current
1797,2021,11/27/21,Louisville,Kentucky,ESPN2,later,700.0,634.2373443416843,current
1798,2021,11/27/21,Oklahoma St.,Oklahoma,ABC,later,6486.0,9718.356117338933,current
1799,2021,11/27/21,Stanford,Notre Dame,FOX,later,2743.0,2508.3510587093947,current
1800,2021,11/27/21,UCLA,California,FS1,later,386.0,345.2956181876085,current
1801,2021,11/27/21,USC,BYU,ESPN,later,1458.0,1385.1640098897128,current
1802,2021,12/3/21,Utah,Oregon,ABC,later,4247.0,5089.37550736909,current
1803,2021,12/4/21,Oklahoma St.,Baylor,ABC,later,8021.0,8523.567060779791,current
1804,2021,12/4/21,Northern Illinois,Kent St.,ESPN,later,867.0,679.7339404940478,current
1805,2021,12/4/21,San Diego St.,Utah St.,FOX,later,816.0,1408.1380128691242,current
1806,2021,12/4/21,Louisiana,Appalachian St.,ESPN,later,440.0,1064.912332940851,current
1807,2021,12/4/21,Cincinnati,Houston,ABC,later,3415.0,4472.216748458204,current
1808,2021,12/4/21,Alabama,Georgia,CBS,later,15277.0,6365.883587201835,current
1809,2021,12/4/21,Iowa,Michigan,FOX,later,11658.0,8692.509354901267,current
1810,2021,12/4/21,Wake Forest,Pittsburgh,ABC,later,2661.0,2867.012339883594,current
1811,2021,12/4/21,California,USC,FS1,later,390.0,531.9922482042183,current
1812,2021,12/11/21,Army,Navy,CBS,later,7570.0,1150.6764966941641,current
1488,2021,8/28/21,Illinois,Nebraska,FOX,Week0,3217.0,4271.0300845940055,gameday
1489,2021,8/28/21,UCLA,Hawaii,ESPN,Week0,976.0,960.7221315757438,gameday
1490,2021,9/1/21,Jacksonville St.,UAB,ESPN,Week1,841.0,853.6448891140387,gameday
1491,2021,9/2/21,UCF,Boise St.,ESPN,Week1,841.0,1142.5390910956498,gameday
1492,2021,9/2/21,Appalachian St.,East Carolina,ESPNU,Week1,245.0,138.01126876684253,gameday
1493,2021,9/2/21,Minnesota,Ohio St.,FOX,Week1,6295.0,4935.813901349384,gameday
1494,2021,9/3/21,Virginia Tech,North Carolina,ESPN,Week1,2579.0,2081.7053339799036,gameday
1495,2021,9/3/21,Colorado St.,South Dakota State,FS1,Week1,199.0,261.073164815663,gameday
1496,2021,9/3/21,Northwestern,Michigan St.,ESPN,Week1,2101.0,1799.970326676525,gameday
1497,2021,9/4/21,Oklahoma,Tulane,ABC,Week1,2526.0,1791.7272507575976,gameday
1498,2021,9/4/21,Kansas St.,Stanford,FS1,Week1,312.0,562.6379296791737,gameday
1499,2021,9/4/21,Michigan,Western Michigan,ESPN,Week1,1623.0,1885.6764969546878,gameday
1500,2021,9/4/21,Wisconsin,Penn St.,FOX,Week1,5409.0,3833.9505896372925,gameday
1501,2021,9/4/21,Miami,Alabama,ABC,Week1,5674.0,3785.9906561688413,gameday
1502,2021,9/4/21,Maryland,West Virginia,ESPN,Week1,1350.0,1195.7255435676786,gameday
1503,2021,9/4/21,Iowa,Indiana,BTN,Week1,554.0,1128.3349114602902,gameday
1504,2021,9/4/21,Mississippi St.,Louisiana Tech,ESPNU,Week1,228.0,232.805486137959,gameday
1505,2021,9/4/21,Texas,Louisiana,FOX,Week1,2879.0,2524.3683834290778,gameday
1506,2021,9/4/21,Purdue,Oregon St.,FS1,Week1,439.0,389.8541653671871,gameday
1507,2021,9/4/21,Houston,Texas Tech,ESPN,Week1,831.0,1118.8103226587582,gameday
1508,2021,9/4/21,Illinois,UTSA,BTN,Week1,211.0,534.2484772893795,gameday
1509,2021,9/4/21,Clemson,Georgia,ABC,Week1,8863.0,6856.539228924013,gameday
1510,2021,9/4/21,Texas A&M,Kent St.,ESPNU,Week1,285.0,317.34723610796607,gameday
1511,2021,9/5/21,UCLA,LSU,FOX,Week1,3219.0,2974.050030361708,gameday
1512,2021,9/4/21,California,Nevada,FS1,Week1,255.0,260.2003489108127,gameday
1513,2021,9/4/21,Arizona,BYU,ESPN,Week1,933.0,1527.5466178578904,gameday
1514,2021,9/5/21,Florida St.,Notre Dame,ABC,Week1,7751.0,7874.661918776641,gameday
1515,2021,9/6/21,Mississippi,Louisville,ESPN,Week1,3078.0,2176.2350890549396,gameday
1516,2021,9/10/21,Coastal Carolina,Kansas,ESPN2,later,1299.0,855.9422758616302,gameday
1517,2021,9/10/21,Boise St.,UTEP,FS1,later,347.0,704.229081226163,gameday
1518,2021,9/11/21,East Carolina,South Carolina,ESPN2,later,585.0,721.4429800204455,gameday
1519,2021,9/11/21,Ohio St.,Oregon,FOX,later,7730.0,5557.749700137308,gameday
1520,2021,9/11/21,Oklahoma St.,Tulsa,FS1,later,321.0,424.5328284279387,gameday
1521,2021,9/11/21,Tennessee,Pittsburgh,ESPN,later,1739.0,1964.063431710238,gameday
1522,2021,9/11/21,South Florida,Florida,ABC,later,1597.0,2094.8974723316323,gameday
1523,2021,9/11/21,Penn St.,Ball St.,FS1,later,881.0,690.3568398038542,gameday
1524,2021,9/11/21,Colorado,Texas A&M,FOX,later,4502.0,3108.0365788001805,gameday
1525,2021,9/11/21,TCU,California,ESPNU,later,193.0,207.0488922374868,gameday
1526,2021,9/11/21,Nebraska,Buffalo,BTN,later,626.0,634.8023699558919,gameday
1527,2021,9/11/21,Georgia,UAB,ESPN2,later,1118.0,947.7000073868103,gameday
1528,2021,9/11/21,Navy,Air Force,CBS,later,1076.0,759.2264506297815,gameday
1529,2021,9/11/21,Iowa St.,Iowa,ABC,later,3890.0,5188.337792009689,gameday
1530,2021,9/11/21,Mississippi St.,North Carolina St.,ESPN2,later,756.0,574.4129799702032,gameday
1531,2021,9/11/21,Arkansas,Texas,ESPN,later,3356.0,2391.3227984672817,gameday
1532,2021,9/11/21,Wisconsin,Eastern Michigan,FS1,later,557.0,672.5725261812936,gameday
1533,2021,9/11/21,Miami,Appalachian St.,ESPNU,later,395.0,259.70254403859707,gameday
1534,2021,9/11/21,Michigan,Washington,ABC,later,4748.0,4182.52843629187,gameday
1535,2021,9/11/21,BYU,Utah,ESPN,later,1503.0,1633.8019904360694,gameday
1536,2021,9/11/21,Arizona St.,UNLV,ESPN2,later,407.0,479.97284963074236,gameday
1537,2021,9/11/21,USC,Stanford,FOX,later,1441.0,1969.0137938914722,gameday
1538,2021,9/11/21,Oregon St.,Hawaii,FS1,later,204.0,491.77415036635284,gameday
1539,2021,9/16/21,Louisiana,Ohio,ESPN,later,698.0,723.3525619021957,gameday
1540,2021,9/17/21,Louisville,UCF,ESPN,later,1881.0,1761.6517286849285,gameday
1541,2021,9/17/21,Illinois,Maryland,FS1,later,690.0,524.8288385030443,gameday
1542,2021,9/18/21,Miami,Michigan St.,ABC,later,2774.0,2119.5474285758837,gameday
1543,2021,9/18/21,Buffalo,Coastal Carolina,ESPN2,later,285.0,612.9909392235352,gameday
1544,2021,9/18/21,Michigan,Northern Illinois,BTN,later,512.0,1018.7340872957295,gameday
1545,2021,9/18/21,Oklahoma,Nebraska,FOX,later,4210.0,3478.5588305650263,gameday
1546,2021,9/18/21,Indiana,Cincinnati,ESPN,later,1681.0,1460.6691749585664,gameday
1547,2021,9/18/21,West Virginia,Virginia Tech,FS1,later,932.0,593.4998790724164,gameday
1548,2021,9/18/21,Notre Dame,Purdue,NBC,later,2584.0,1979.6042831466339,gameday
1549,2021,9/18/21,Washington St.,USC,FOX,later,1583.0,2038.667466731064,gameday
1550,2021,9/18/21,Florida,Alabama,CBS,later,7863.0,4278.549647259796,gameday
1551,2021,9/18/21,Ohio St.,Tulsa,FS1,later,1831.0,1211.51732906567,gameday
1552,2021,9/18/21,Wake Forest,Florida St.,ESPN,later,689.0,1188.8324603481974,gameday
1553,2021,9/18/21,Clemson,Georgia Tech,ABC,later,2101.0,2192.446642130746,gameday
1554,2021,9/18/21,Memphis,Mississippi St.,ESPN2,later,401.0,508.1834401255884,gameday
1555,2021,9/18/21,Georgia,South Carolina,ESPN,later,2548.0,2679.845372447474,gameday
1556,2021,9/18/21,Penn St.,Auburn,ABC,later,7606.0,6749.641770041385,gameday
1557,2021,9/18/21,Mississippi,Tulane,ESPN2,later,350.0,403.2893467618328,gameday
1558,2021,9/18/21,Boise St.,Oklahoma St.,FS1,later,596.0,751.9490159821713,gameday
1559,2021,9/18/21,BYU,Arizona St.,ESPN,later,1498.0,1730.0455438706058,gameday
1560,2021,9/18/21,Hawaii,San Jose St.,FS1,later,259.0,441.9132482864547,gameday
1561,2021,9/23/21,Appalachian St.,Marshall,ESPN,later,1014.0,872.2721241482056,gameday
1562,2021,9/24/21,Virginia,Wake Forest,ESPN2,later,1113.0,684.7910793549789,gameday
1563,2021,9/25/21,Boston College,Missouri,ESPN2,later,404.0,458.1029759497623,gameday
1564,2021,9/25/21,Mississippi St.,LSU,ESPN,later,1791.0,1834.7190839251716,gameday
1565,2021,9/25/21,Texas,Texas Tech,ABC,later,1728.0,2672.2372082522047,gameday
1566,2021,9/25/21,TCU,SMU,FS1,later,186.0,359.683071334191,gameday
1567,2021,9/25/21,Wisconsin,Notre Dame,FOX,later,5369.0,4656.282783443256,gameday
1568,2021,9/25/21,Utah St.,Boise St.,CBS,later,804.0,1108.8548648047913,gameday
1569,2021,9/25/21,North Carolina St.,Clemson,ESPN,later,2185.0,1254.004450147192,gameday
1570,2021,9/25/21,Baylor,Iowa St.,FOX,later,2012.0,1391.2243527430212,gameday
1571,2021,9/25/21,Michigan,Rutgers,ABC,later,2806.0,2824.9086677534497,gameday
1572,2021,9/25/21,Iowa,Colorado St.,FS1,later,513.0,537.1995657692546,gameday
1573,2021,9/25/21,Arkansas,Texas A&M,CBS,later,4071.0,4590.93939227082,gameday
1574,2021,9/25/21,Florida St.,Louisville,ESPN2,later,643.0,783.6378254693225,gameday
1575,2021,9/25/21,South Carolina,Kentucky,ESPN2,later,941.0,1103.102328837852,gameday
1576,2021,9/25/21,Florida,Tennessee,ESPN,later,3282.0,2046.6938017868817,gameday
1577,2021,9/25/21,Michigan St.,Nebraska,FS1,later,1664.0,1181.8431643478384,gameday
1578,2021,9/25/21,Ohio St.,Akron,BTN,later,1075.0,1478.5939052976355,gameday
1579,2021,9/25/21,Oklahoma,West Virginia,ABC,later,4502.0,3577.0117111123022,gameday
1580,2021,9/25/21,BYU,South Florida,ESPN2,later,491.0,478.3002335403686,gameday
1581,2021,9/25/21,Oregon,Arizona,ESPN,later,1656.0,2047.573718638288,gameday
1582,2021,9/25/21,USC,Oregon St.,FS1,later,754.0,696.0384078741461,gameday
1583,2021,9/25/21,Arizona St.,Colorado,ESPNU,later,170.0,318.6686718136789,gameday
1584,2021,9/30/21,Miami,Virginia,ESPN,later,1408.0,1134.2053027844681,gameday
1585,2021,10/1/21,Tulsa,Houston,ESPN,later,548.0,1041.5022244536287,gameday
1586,2021,10/1/21,Maryland,Iowa,FS1,later,1381.0,1049.8985102584431,gameday
1587,2021,10/2/21,Wisconsin,Michigan,FOX,later,4313.0,3773.277077706259,gameday
1588,2021,10/2/21,Georgia,Arkansas,ESPN,later,3845.0,5599.656380431092,gameday
1589,2021,10/2/21,TCU,Texas,ABC,later,2384.0,2491.6808776311045,gameday
1590,2021,10/2/21,North Carolina,Duke,ESPN2,later,303.0,476.6323242489616,gameday
1591,2021,10/2/21,Notre Dame,Cincinnati,NBC,later,3805.0,3485.558187462295,gameday
1592,2021,10/2/21,Stanford,Oregon,ABC,later,2641.0,2735.193089712871,gameday
1593,2021,10/2/21,Kansas St.,Oklahoma,FOX,later,2616.0,2897.639528336007,gameday
1594,2021,10/2/21,Alabama,Mississippi,CBS,later,4792.0,3272.2996601934333,gameday
1595,2021,10/2/21,Rutgers,Ohio St.,BTN,later,1190.0,1159.3834616314382,gameday
1596,2021,10/2/21,West Virginia,Texas Tech,ESPN2,later,666.0,705.3451488213586,gameday
1597,2021,10/2/21,Boise St.,Nevada,FS1,later,197.0,372.70525261914935,gameday
1598,2021,10/2/21,Kentucky,Florida,ESPN,later,3063.0,2312.688460071621,gameday
1599,2021,10/2/21,Iowa St.,Kansas,FS1,later,262.0,400.0969281019585,gameday
1600,2021,10/2/21,Oklahoma St.,Baylor,ESPN2,later,995.0,1294.5374648609272,gameday
1601,2021,10/2/21,Penn St.,Indiana,ABC,later,3996.0,3073.7107252916517,gameday
1602,2021,10/2/21,LSU,Auburn,ESPN,later,3791.0,2848.7321431330565,gameday
1603,2021,10/2/21,UCLA,Arizona St.,FS1,later,673.0,468.2705887193242,gameday
1604,2021,10/7/21,Tulane,Houston,ESPN,later,464.0,474.23786290996236,gameday
1605,2021,10/8/21,Cincinnati,Temple,ESPN,later,1111.0,1866.8465754063272,gameday
1606,2021,10/8/21,Arizona St.,Stanford,ESPN,later,1134.0,1396.431404154962,gameday
1607,2021,10/9/21,Tennessee,South Carolina,ESPN2,later,795.0,1162.4596793687372,gameday
1608,2021,10/9/21,Ohio St.,Maryland,FOX,later,2788.0,3362.2670347248213,gameday
1609,2021,10/9/21,Rutgers,Michigan St.,BTN,later,642.0,652.6760545195325,gameday
1610,2021,10/9/21,Texas,Oklahoma,ABC,later,5940.0,7033.135678144631,gameday
1611,2021,10/9/21,Mississippi,Arkansas,ESPN,later,2230.0,2057.20724236541,gameday
1612,2021,10/9/21,Baylor,West Virginia,FS1,later,456.0,392.6372425302144,gameday
1613,2021,10/9/21,Illinois,Wisconsin,BTN,later,416.0,572.9224536215179,gameday
1614,2021,10/9/21,Syracuse,Wake Forest,ESPN2,later,509.0,410.66545833570586,gameday
1615,2021,10/9/21,North Carolina,Florida St.,ESPN,later,1073.0,1049.9231353985238,gameday
1616,2021,10/9/21,BYU,Boise St.,ABC,later,2244.0,2020.52496643503,gameday
1617,2021,10/9/21,Auburn,Georgia,CBS,later,4581.0,5122.861546928964,gameday
1618,2021,10/9/21,Iowa,Penn St.,FOX,later,6904.0,6540.303209103557,gameday
1619,2021,10/9/21,Texas Tech,TCU,ESPN,later,625.0,1024.4838506574772,gameday
1620,2021,10/9/21,Nebraska,Michigan,ABC,later,4629.0,5739.175053511224,gameday
1621,2021,10/9/21,Texas A&M,Alabama,CBS,later,8334.0,3546.6673342477516,gameday
1622,2021,10/9/21,USC,Utah,FOX,later,1376.0,1789.7171629241334,gameday
1623,2021,10/9/21,Nevada,New Mexico St.,ESPN,later,799.0,607.6915958802592,gameday
1624,2021,10/12/21,Louisiana,Appalachian St.,ESPN2,later,428.0,458.39962726350376,gameday
1625,2021,10/14/21,Memphis,Navy,ESPN,later,514.0,503.44269477532214,gameday
1626,2021,10/15/21,Syracuse,Clemson,ESPN,later,2115.0,1498.7530095392597,gameday
1627,2021,10/15/21,Oregon,California,ESPN,later,1446.0,1565.9928239069527,gameday
1628,2021,10/16/21,Cincinnati,UCF,ABC,later,1374.0,2196.2378540341388,gameday
1629,2021,10/16/21,LSU,Florida,ESPN,later,2926.0,1927.7057581083782,gameday
1630,2021,10/16/21,Arkansas,Auburn,CBS,later,2404.0,2270.255539868115,gameday
1631,2021,10/16/21,Northwestern,Rutgers,BTN,later,204.0,340.9865693589297,gameday
1632,2021,10/16/21,Minnesota,Nebraska,ESPN2,later,1062.0,664.6227827758801,gameday
1633,2021,10/16/21,Texas,Oklahoma St.,FOX,later,3129.0,5508.043350745963,gameday
1634,2021,10/16/21,Indiana,Michigan St.,FS1,later,1276.0,652.0173341696031,gameday
1635,2021,10/16/21,Georgia,Kentucky,CBS,later,6369.0,7538.146410144168,gameday
1636,2021,10/16/21,Iowa,Purdue,ABC,later,3446.0,4480.159086430749,gameday
1637,2021,10/16/21,Virginia Tech,Pittsburgh,ESPN2,later,640.0,661.9960183273549,gameday
1638,2021,10/16/21,Baylor,BYU,ESPN,later,1440.0,1165.937384458525,gameday
1639,2021,10/16/21,Mississippi St.,Alabama,ESPN,later,3526.0,2359.7234473724334,gameday
1640,2021,10/16/21,Washington St.,Stanford,ESPNU,later,210.0,235.55185532359536,gameday
1641,2021,10/16/21,Oklahoma,TCU,ABC,later,3434.0,3565.815331846362,gameday
1642,2021,10/16/21,Kansas St.,Iowa St.,ESPN2,later,608.0,577.3939833854993,gameday
1643,2021,10/16/21,Wisconsin,Army,BTN,later,639.0,559.5107017284315,gameday
1644,2021,10/16/21,Washington,UCLA,FOX,later,1532.0,1560.4272551847544,gameday
1645,2021,10/16/21,Boise St.,Air Force,FS1,later,289.0,520.3691667314096,gameday
1646,2021,10/16/21,Utah,Arizona St.,ESPN,later,1393.0,1167.6136456673212,gameday
1647,2021,10/20/21,Appalachian St.,Coastal Carolina,ESPN2,later,804.0,561.482630906137,gameday
1648,2021,10/21/21,SMU,Tulane,ESPN,later,392.0,600.5875977254922,gameday
1649,2021,10/22/21,UCF,Memphis,ESPN2,later,793.0,829.3384437172499,gameday
1650,2021,10/22/21,Arizona,Washington,ESPN2,later,660.0,737.2536641559182,gameday
1651,2021,10/23/21,Texas Tech,Kansas St.,FS1,later,359.0,472.3349269635553,gameday
1652,2021,10/23/21,Penn St.,Illinois,ABC,later,3765.0,2692.7839433759964,gameday
1653,2021,10/23/21,Michigan,Northwestern,FOX,later,3235.0,3014.967702902405,gameday
1654,2021,10/23/21,Kansas,Oklahoma,ESPN,later,2645.0,1371.7011851859288,gameday
1655,2021,10/23/21,Navy,Cincinnati,ESPN2,later,769.0,570.8875538741534,gameday
1656,2021,10/23/21,Purdue,Wisconsin,BTN,later,734.0,765.1033104272341,gameday
1657,2021,10/23/21,Minnesota,Maryland,ESPN2,later,533.0,473.4021819831365,gameday
1658,2021,10/23/21,Mississippi,LSU,CBS,later,3109.0,2321.5091411790227,gameday
1659,2021,10/23/21,Washington St.,BYU,FS1,later,466.0,467.5924068095578,gameday
1660,2021,10/23/21,UCLA,Oregon,ABC,later,3845.0,3504.83309400108,gameday
1661,2021,10/23/21,Iowa St.,Oklahoma St.,FOX,later,2659.0,2779.4461573543517,gameday
1662,2021,10/23/21,Pittsburgh,Clemson,ESPN,later,2162.0,1557.0536461067513,gameday
1663,2021,10/23/21,Fresno St.,Nevada,FS1,later,233.0,285.2786601393193,gameday
1664,2021,10/23/21,Alabama,Tennessee,ESPN,later,4679.0,3501.21346895002,gameday
1665,2021,10/23/21,Indiana,Ohio St.,ABC,later,3347.0,3258.806232299166,gameday
1666,2021,10/23/21,Notre Dame,USC,NBC,later,2868.0,2269.4924053742575,gameday
1667,2021,10/23/21,TCU,West Virginia,ESPNU,later,369.0,223.08905595051144,gameday
1668,2021,10/23/21,Miami,North Carolina St.,ESPN2,later,675.0,414.5746060599266,gameday
1669,2021,10/28/21,Coastal Carolina,Troy,ESPN2,later,290.0,574.4909771279292,gameday
1670,2021,10/28/21,East Carolina,South Florida,ESPN,later,395.0,595.695977306268,gameday
1671,2021,10/29/21,Tulsa,Navy,ESPN2,later,684.0,669.1917816974819,gameday
1672,2021,10/30/21,Michigan St.,Michigan,FOX,later,9289.0,8707.081872272352,gameday
1673,2021,10/30/21,Wisconsin,Iowa,ESPN,later,1828.0,2131.1575196647404,gameday
1674,2021,10/30/21,Baylor,Texas,ABC,later,2395.0,2017.445291485316,gameday
1675,2021,10/30/21,Tulane,Cincinnati,ESPN2,later,580.0,385.3279014054066,gameday
1676,2021,10/30/21,Arizona St.,Washington St.,FS1,later,337.0,548.1546353389429,gameday
1677,2021,10/30/21,Clemson,Florida St.,ESPN,later,1883.0,1278.9686931402407,gameday
1678,2021,10/30/21,Oregon,Colorado,FOX,later,2673.0,2484.6396569335907,gameday
1679,2021,10/30/21,Nebraska,Purdue,ESPN2,later,1295.0,720.6033221109823,gameday
1680,2021,10/30/21,Northwestern,Minnesota,BTN,later,401.0,379.39238574873673,gameday
1681,2021,10/30/21,Oklahoma,Texas Tech,ABC,later,2370.0,2981.503382175933,gameday
1682,2021,10/30/21,Florida,Georgia,CBS,later,6120.0,3253.0478024743556,gameday
1683,2021,10/30/21,Auburn,Mississippi,ESPN,later,2525.0,3048.7227517137767,gameday
1684,2021,10/30/21,Oklahoma St.,Kansas,FS1,later,344.0,492.8211445547404,gameday
1685,2021,10/30/21,Houston,SMU,ESPN2,later,332.0,518.8907068478229,gameday
1686,2021,10/30/21,Notre Dame,North Carolina,NBC,later,2346.0,1645.600364011118,gameday
1687,2021,10/30/21,Ohio St.,Penn St.,ABC,later,7051.0,6396.571015900995,gameday
1688,2021,10/30/21,Utah,UCLA,ESPN,later,829.0,1022.3268211669658,gameday
1689,2021,10/30/21,BYU,Virginia,ESPN2,later,678.0,577.5809169008087,gameday
1690,2021,10/30/21,Stanford,Washington,FS1,later,402.0,465.50010430525776,gameday
1691,2021,11/2/21,Toledo,Eastern Michigan,ESPN2,later,180.0,300.5613205156483,gameday
1692,2021,11/3/21,Kent St.,Northern Illinois,ESPN2,later,454.0,355.20517748291275,gameday
1693,2021,11/4/21,Louisiana,Georgia St.,ESPN,later,620.0,732.1854846234532,gameday
1694,2021,11/5/21,Boston College,Virginia Tech,ESPN2,later,1215.0,685.097065995423,gameday
1695,2021,11/5/21,Stanford,Utah,FS1,later,452.0,450.2311726845313,gameday
1696,2021,11/6/21,Air Force,Army,CBS,later,1444.0,842.2230249984982,gameday
1697,2021,11/6/21,North Carolina,Wake Forest,ABC,later,2200.0,1902.7329746133905,gameday
1698,2021,11/6/21,Minnesota,Illinois,ESPN2,later,595.0,449.4325933691931,gameday
1699,2021,11/6/21,Nebraska,Ohio St.,FOX,later,5328.0,4430.136362658056,gameday
1700,2021,11/6/21,Georgia,Missouri,ESPN,later,2186.0,2130.3051380093057,gameday
1701,2021,11/6/21,Kansas,Kansas St.,FS1,later,344.0,159.29050345899435,gameday
1702,2021,11/6/21,Maryland,Penn St.,FS1,later,936.0,718.5499164663293,gameday
1703,2021,11/6/21,West Virginia,Oklahoma St.,ESPN,later,1140.0,1196.2490484210334,gameday
1704,2021,11/6/21,Texas A&M,Auburn,CBS,later,3759.0,3495.902884871254,gameday
1705,2021,11/6/21,Notre Dame,Navy,NBC,later,1863.0,1466.8023375786804,gameday
1706,2021,11/6/21,TCU,Baylor,FOX,later,1807.0,1313.6134203938266,gameday
1707,2021,11/6/21,Cincinnati,Tulsa,ESPN2,later,796.0,778.8901575982961,gameday
1708,2021,11/6/21,Purdue,Michigan St.,ABC,later,4400.0,4442.9899688253745,gameday
1709,2021,11/6/21,Rutgers,Wisconsin,BTN,later,433.0,495.444541309815,gameday
1710,2021,11/6/21,Northwestern,Iowa,BTN,later,552.0,528.9286183622311,gameday
1711,2021,11/6/21,Alabama,LSU,ESPN,later,5000.0,5178.954235943434,gameday
1712,2021,11/6/21,Kentucky,Tennessee,ESPN2,later,1478.0,1042.2972989724592,gameday
1713,2021,11/6/21,Iowa St.,Texas,FS1,later,907.0,723.6854277298476,gameday
1714,2021,11/6/21,Michigan,Indiana,FOX,later,2683.0,3528.9509581415746,gameday
1715,2021,11/6/21,Washington,Oregon,ABC,later,2726.0,3026.6986580703997,gameday
1716,2021,11/6/21,UTEP,UTSA,ESPN2,later,412.0,456.2053432865659,gameday
1717,2021,11/6/21,Arizona St.,USC,ESPN,later,1608.0,1432.7034741583502,gameday
1718,2021,11/6/21,Hawaii,San Diego St.,FS1,later,226.0,336.9214274799863,gameday
1719,2021,11/9/21,Eastern Michigan,Ohio,ESPN2,later,294.0,350.86608567510586,gameday
1720,2021,11/10/21,Northern Illinois,Ball St.,ESPN2,later,470.0,393.74844887505947,gameday
1721,2021,11/10/21,Central Michigan,Kent St.,ESPNU,later,155.0,195.10777533459037,gameday
1722,2021,11/11/21,Pittsburgh,North Carolina,ESPN,later,1213.0,1165.595168995367,gameday
1723,2021,11/12/21,South Florida,Cincinnati,ESPN2,later,1157.0,1297.53256022902,gameday
1724,2021,11/12/21,Boise St.,Wyoming,FS1,later,454.0,626.1170206790276,gameday
1725,2021,11/13/21,Penn St.,Michigan,ABC,later,5942.0,7626.922509953992,gameday
1726,2021,11/13/21,Wisconsin,Northwestern,ESPN2,later,667.0,533.8907264186678,gameday
1727,2021,11/13/21,Indiana,Rutgers,BTN,later,180.0,284.5056519312431,gameday
1728,2021,11/13/21,Auburn,Mississippi St.,ESPN,later,1529.0,1592.7573011306145,gameday
1729,2021,11/13/21,Baylor,Oklahoma,FOX,later,3719.0,3450.940535106956,gameday
1730,2021,11/13/21,Kansas St.,West Virginia,FS1,later,476.0,400.28706930947453,gameday
1731,2021,11/13/21,Ohio St.,Purdue,ABC,later,4739.0,4840.5260794399055,gameday
1732,2021,11/13/21,Florida St.,Miami,ESPN,later,1534.0,1038.615929603282,gameday
1733,2021,11/13/21,Tennessee,Georgia,CBS,later,5781.0,4421.2306468489105,gameday
1734,2021,11/13/21,Iowa,Minnesota,BTN,later,980.0,612.1461619272675,gameday
1735,2021,11/13/21,Texas Tech,Iowa St.,ESPN2,later,676.0,509.49792368736394,gameday
1736,2021,11/13/21,Michigan St.,Maryland,FOX,later,2204.0,2608.7194565341924,gameday
1737,2021,11/13/21,Mississippi,Texas A&M,ESPN,later,3531.0,2924.865546181841,gameday
1738,2021,11/13/21,Washington,Arizona St.,FS1,later,538.0,565.2107829399846,gameday
1739,2021,11/13/21,Vanderbilt,Kentucky,ESPN2,later,446.0,499.4542422817158,gameday
1740,2021,11/13/21,Texas,Kansas,ESPNU,later,487.0,235.69149789193608,gameday
1741,2021,11/13/21,Virginia,Notre Dame,ABC,later,3278.0,4278.015510327306,gameday
1742,2021,11/13/21,Oklahoma St.,TCU,FOX,later,1373.0,2404.191757589511,gameday
1743,2021,11/13/21,San Jose St.,Utah St.,FS1,later,144.0,290.0745679773257,gameday
1744,2021,11/13/21,Oregon,Washington St.,ESPN,later,1991.0,2050.909884775646,gameday
1745,2021,11/16/21,Eastern Michigan,Western Michigan,ESPN2,later,428.0,333.2828894714495,gameday
1746,2021,11/17/21,Buffalo,Northern Illinois,ESPN2,later,516.0,409.54953586967963,gameday
1747,2021,11/18/21,Duke,Louisville,ESPN,later,466.0,962.513287039996,gameday
1748,2021,11/19/21,Nevada,Air Force,FS1,later,245.0,541.3053585575433,gameday
1749,2021,11/19/21,Houston,Memphis,ESPN2,later,611.0,520.1834214653879,gameday
1750,2021,11/20/21,Ohio St.,Michigan St.,ABC,later,5287.0,9190.976785256593,gameday
1751,2021,11/20/21,Clemson,Wake Forest,ESPN,later,1553.0,1093.0242376176432,gameday
1752,2021,11/20/21,Oklahoma,Iowa St.,FOX,later,3103.0,2052.6896396945763,gameday
1753,2021,11/20/21,West Virginia,Texas,ESPN2,later,1005.0,830.006258461414,gameday
1754,2021,11/20/21,Iowa,Illinois,FS1,later,677.0,510.05547121790875,gameday
1755,2021,11/20/21,Notre Dame,Georgia Tech,NBC,later,1455.0,1489.1476404208192,gameday
1756,2021,11/20/21,Alabama,Arkansas,CBS,later,5464.0,3969.5743034719694,gameday
1757,2021,11/20/21,Pittsburgh,Virginia,ESPN2,later,851.0,713.183804392148,gameday
1758,2021,11/20/21,Wisconsin,Nebraska,ABC,later,3534.0,2801.2175607962645,gameday
1759,2021,11/20/21,Cincinnati,SMU,ESPN,later,938.0,1725.580370101485,gameday
1760,2021,11/20/21,USC,UCLA,FOX,later,1836.0,1760.0019557073012,gameday
1761,2021,11/20/21,Kansas St.,Baylor,FS1,later,665.0,684.1008046811987,gameday
1762,2021,11/20/21,South Carolina,Auburn,ESPN,later,2033.0,1729.3795291713452,gameday
1763,2021,11/20/21,Tennessee,South Alabama,ESPNU,later,307.0,364.4529981189912,gameday
1764,2021,11/20/21,Utah,Oregon,ABC,later,4818.0,3864.9577846576917,gameday
1765,2021,11/20/21,Texas Tech,Oklahoma St.,FOX,later,1911.0,2663.5240705926904,gameday
1766,2021,11/20/21,Boise St.,New Mexico,FS1,later,165.0,372.58633445996406,gameday
1767,2021,11/20/21,LSU,Louisiana Monroe,ESPN2,later,598.0,707.1555830576865,gameday
1768,2021,11/20/21,Oregon St.,Arizona St.,ESPN,later,1114.0,863.2549837333504,gameday
1769,2021,11/25/21,San Jose St.,Fresno St.,FS1,later,309.0,210.70996829525004,gameday
1770,2021,11/25/21,Mississippi St.,Mississippi,ESPN,later,2060.0,2003.2086555982864,gameday
1771,2021,11/26/21,San Diego St.,Boise St.,CBS,later,1950.0,1457.877797988478,gameday
1772,2021,11/26/21,Texas,Kansas St.,FOX,later,2861.0,3403.051508251303,gameday
1773,2021,11/26/21,New Mexico,Utah St.,FS1,later,139.0,399.21985149034947,gameday
1774,2021,11/26/21,Nebraska,Iowa,BTN,later,1945.0,1369.080498005864,gameday
1775,2021,11/26/21,East Carolina,Cincinnati,ABC,later,2392.0,3603.7686757505417,gameday
1776,2021,11/26/21,Arkansas,Missouri,CBS,later,2956.0,2011.5039219023056,gameday
1777,2021,11/26/21,UCF,South Florida,ESPN,later,711.0,896.4097980043916,gameday
1778,2021,11/26/21,Utah,Colorado,FOX,later,1554.0,2532.2688710687353,gameday
1779,2021,11/26/21,Iowa St.,TCU,FS1,later,518.0,595.2045681572422,gameday
1780,2021,11/26/21,North Carolina St.,North Carolina,ESPN,later,2681.0,1339.4799484530774,gameday
1781,2021,11/26/21,Washington,Washington St.,FS1,later,1210.0,997.6553222088837,gameday
1782,2021,11/27/21,Florida,Florida St.,ESPN,later,1629.0,1335.5110330383557,gameday
1783,2021,11/27/21,Georgia Tech,Georgia,ABC,later,1947.0,1959.882191675024,gameday
1784,2021,11/27/21,Baylor,Texas Tech,FS1,later,412.0,494.7154083887117,gameday
1785,2021,11/27/21,Rutgers,Maryland,BTN,later,158.0,285.89451822093486,gameday
1786,2021,11/27/21,Michigan,Ohio St.,FOX,later,15893.0,14986.159931485116,gameday
1787,2021,11/27/21,Boston College,Wake Forest,ESPN2,later,247.0,300.23405429065167,gameday
1788,2021,11/27/21,Oregon,Oregon St.,ESPN,later,1337.0,1486.4788947992988,gameday
1789,2021,11/27/21,Auburn,Alabama,CBS,later,10369.0,7881.255908539898,gameday
1790,2021,11/27/21,Purdue,Indiana,FS1,later,484.0,334.1779821680512,gameday
1791,2021,11/27/21,Michigan St.,Penn St.,ABC,later,3893.0,3320.0132730250252,gameday
1792,2021,11/27/21,Illinois,Northwestern,BTN,later,139.0,287.440706885229,gameday
1793,2021,11/27/21,SMU,Tulsa,ESPN2,later,119.0,320.0608331672444,gameday
1794,2021,11/27/21,Minnesota,Wisconsin,FOX,later,5049.0,2550.213864473768,gameday
1795,2021,11/27/21,Kansas,West Virginia,FS1,later,485.0,316.9084945930267,gameday
1796,2021,11/27/21,LSU,Texas A&M,ESPN,later,2351.0,1854.6572725650494,gameday
1797,2021,11/27/21,Louisville,Kentucky,ESPN2,later,700.0,632.0561174830378,gameday
1798,2021,11/27/21,Oklahoma St.,Oklahoma,ABC,later,6486.0,8808.859790586721,gameday
1799,2021,11/27/21,Stanford,Notre Dame,FOX,later,2743.0,2587.9673741495017,gameday
1800,2021,11/27/21,UCLA,California,FS1,later,386.0,347.6072663607854,gameday
1801,2021,11/27/21,USC,BYU,ESPN,later,1458.0,1412.0305635160053,gameday
1802,2021,12/3/21,Utah,Oregon,ABC,later,4247.0,4619.184513759411,gameday
1803,2021,12/4/21,Oklahoma St.,Baylor,ABC,later,8021.0,7988.099818603222,gameday
1804,2021,12/4/21,Northern Illinois,Kent St.,ESPN,later,867.0,681.0046804156985,gameday
1805,2021,12/4/21,San Diego St.,Utah St.,FOX,later,816.0,1412.9042438044712,gameday
1806,2021,12/4/21,Louisiana,Appalachian St.,ESPN,later,440.0,1066.7030611205146,gameday
1807,2021,12/4/21,Cincinnati,Houston,ABC,later,3415.0,4080.0344770790584,gameday
1808,2021,12/4/21,Alabama,Georgia,CBS,later,15277.0,7127.427071394594,gameday
1809,2021,12/4/21,Iowa,Michigan,FOX,later,11658.0,8229.145369829817,gameday
1810,2021,12/4/21,Wake Forest,Pittsburgh,ABC,later,2661.0,2553.6772653586195,gameday
1811,2021,12/4/21,California,USC,FS1,later,390.0,534.2385139357402,gameday
1812,2021,12/11/21,Army,Navy,CBS,later,7570.0,1479.1631563001522,gameday
1488,2021,8/28/21,Illinois,Nebraska,FOX,Week0,3217.0,4755.493903277535,bignoon
1489,2021,8/28/21,UCLA,Hawaii,ESPN,Week0,976.0,992.0029279317248,bignoon
1490,2021,9/1/21,Jacksonville St.,UAB,ESPN,Week1,841.0,853.3967740291932,bignoon
1491,2021,9/2/21,UCF,Boise St.,ESPN,Week1,841.0,1129.797132014042,bignoon
1492,2021,9/2/21,Appalachian St.,East Carolina,ESPNU,Week1,245.0,138.31753628922465,bignoon
1493,2021,9/2/21,Minnesota,Ohio St.,FOX,Week1,6295.0,6627.203800560355,bignoon
1494,2021,9/3/21,Virginia Tech,North Carolina,ESPN,Week1,2579.0,2126.5469174602194,bignoon
1495,2021,9/3/21,Colorado St.,South Dakota State,FS1,Week1,199.0,256.596566466254,bignoon
1496,2021,9/3/21,Northwestern,Michigan St.,ESPN,Week1,2101.0,1812.3116547958296,bignoon
1497,2021,9/4/21,Oklahoma,Tulane,ABC,Week1,2526.0,1798.4928029009059,bignoon
1498,2021,9/4/21,Kansas St.,Stanford,FS1,Week1,312.0,561.5581375354684,bignoon
1499,2021,9/4/21,Michigan,Western Michigan,ESPN,Week1,1623.0,1947.5124775168156,bignoon
1500,2021,9/4/21,Wisconsin,Penn St.,FOX,Week1,5409.0,5016.795491696642,bignoon
1501,2021,9/4/21,Miami,Alabama,ABC,Week1,5674.0,4116.327038011934,bignoon
1502,2021,9/4/21,Maryland,West Virginia,ESPN,Week1,1350.0,1176.1356027726079,bignoon
1503,2021,9/4/21,Iowa,Indiana,BTN,Week1,554.0,1165.3826990398165,bignoon
1504,2021,9/4/21,Mississippi St.,Louisiana Tech,ESPNU,Week1,228.0,232.46489766728587,bignoon
1505,2021,9/4/21,Texas,Louisiana,FOX,Week1,2879.0,2640.1870003946715,bignoon
1506,2021,9/4/21,Purdue,Oregon St.,FS1,Week1,439.0,395.4567355680055,bignoon
1507,2021,9/4/21,Houston,Texas Tech,ESPN,Week1,831.0,1131.722012531532,bignoon
1508,2021,9/4/21,Illinois,UTSA,BTN,Week1,211.0,532.4253299735061,bignoon
1509,2021,9/4/21,Clemson,Georgia,ABC,Week1,8863.0,6303.422097678904,bignoon
1510,2021,9/4/21,Texas A&M,Kent St.,ESPNU,Week1,285.0,324.1930702399705,bignoon
1511,2021,9/5/21,UCLA,LSU,FOX,Week1,3219.0,2910.7521778918563,bignoon
1512,2021,9/4/21,California,Nevada,FS1,Week1,255.0,260.93838287456,bignoon
1513,2021,9/4/21,Arizona,BYU,ESPN,Week1,933.0,1559.2971190562953,bignoon
1514,2021,9/5/21,Florida St.,Notre Dame,ABC,Week1,7751.0,7677.9496808383265,bignoon
1515,2021,9/6/21,Mississippi,Louisville,ESPN,Week1,3078.0,2160.7137235314276,bignoon
1516,2021,9/10/21,Coastal Carolina,Kansas,ESPN2,later,1299.0,871.1679129873612,bignoon
1517,2021,9/10/21,Boise St.,UTEP,FS1,later,347.0,689.4861356200936,bignoon
1518,2021,9/11/21,East Carolina,South Carolina,ESPN2,later,585.0,708.6890601590501,bignoon
1519,2021,9/11/21,Ohio St.,Oregon,FOX,later,7730.0,7495.164644002992,bignoon
1520,2021,9/11/21,Oklahoma St.,Tulsa,FS1,later,321.0,418.4834572683135,bignoon
1521,2021,9/11/21,Tennessee,Pittsburgh,ESPN,later,1739.0,1953.7628767157853,bignoon
1522,2021,9/11/21,South Florida,Florida,ABC,later,1597.0,2067.7796604022737,bignoon
1523,2021,9/11/21,Penn St.,Ball St.,FS1,later,881.0,690.3164142619415,bignoon
1524,2021,9/11/21,Colorado,Texas A&M,FOX,later,4502.0,3145.6380753806184,bignoon
1525,2021,9/11/21,TCU,California,ESPNU,later,193.0,208.00040502269079,bignoon
1526,2021,9/11/21,Nebraska,Buffalo,BTN,later,626.0,637.1086201450016,bignoon
1527,2021,9/11/21,Georgia,UAB,ESPN2,later,1118.0,948.075633400292,bignoon
1528,2021,9/11/21,Navy,Air Force,CBS,later,1076.0,747.6402769587307,bignoon
1529,2021,9/11/21,Iowa St.,Iowa,ABC,later,3890.0,5250.7799970356355,bignoon
1530,2021,9/11/21,Mississippi St.,North Carolina St.,ESPN2,later,756.0,575.7127951651344,bignoon
1531,2021,9/11/21,Arkansas,Texas,ESPN,later,3356.0,2484.468554362096,bignoon
1532,2021,9/11/21,Wisconsin,Eastern Michigan,FS1,later,557.0,670.8429059595023,bignoon
1533,2021,9/11/21,Miami,Appalachian St.,ESPNU,later,395.0,264.36248956315586,bignoon
1534,2021,9/11/21,Michigan,Washington,ABC,later,4748.0,4566.090263653431,bignoon
1535,2021,9/11/21,BYU,Utah,ESPN,later,1503.0,1656.9898678438917,bignoon
1536,2021,9/11/21,Arizona St.,UNLV,ESPN2,later,407.0,481.77555561766553,bignoon
1537,2021,9/11/21,USC,Stanford,FOX,later,1441.0,1957.027770633083,bignoon
1538,2021,9/11/21,Oregon St.,Hawaii,FS1,later,204.0,506.10120378021134,bignoon
1539,2021,9/16/21,Louisiana,Ohio,ESPN,later,698.0,723.8929285480552,bignoon
1540,2021,9/17/21,Louisville,UCF,ESPN,later,1881.0,1781.9200240863438,bignoon
1541,2021,9/17/21,Illinois,Maryland,FS1,later,690.0,513.2979718978999,bignoon
1542,2021,9/18/21,Miami,Michigan St.,ABC,later,2774.0,2144.426968148625,bignoon
1543,2021,9/18/21,Buffalo,Coastal Carolina,ESPN2,later,285.0,611.2076344796928,bignoon
1544,2021,9/18/21,Michigan,Northern Illinois,BTN,later,512.0,1053.069606299953,bignoon
1545,2021,9/18/21,Oklahoma,Nebraska,FOX,later,4210.0,4344.7985453456085,bignoon
1546,2021,9/18/21,Indiana,Cincinnati,ESPN,later,1681.0,1460.1240542145943,bignoon
1547,2021,9/18/21,West Virginia,Virginia Tech,FS1,later,932.0,590.9074150195793,bignoon
1548,2021,9/18/21,Notre Dame,Purdue,NBC,later,2584.0,1997.749094095754,bignoon
1549,2021,9/18/21,Washington St.,USC,FOX,later,1583.0,2001.1210128386501,bignoon
1550,2021,9/18/21,Florida,Alabama,CBS,later,7863.0,4448.234942575486,bignoon
1551,2021,9/18/21,Ohio St.,Tulsa,FS1,later,1831.0,1208.6149091896264,bignoon
1552,2021,9/18/21,Wake Forest,Florida St.,ESPN,later,689.0,1176.5447564575759,bignoon
1553,2021,9/18/21,Clemson,Georgia Tech,ABC,later,2101.0,2216.971477173776,bignoon
1554,2021,9/18/21,Memphis,Mississippi St.,ESPN2,later,401.0,508.8508031445309,bignoon
1555,2021,9/18/21,Georgia,South Carolina,ESPN,later,2548.0,2738.8903459587436,bignoon
1556,2021,9/18/21,Penn St.,Auburn,ABC,later,7606.0,6150.911131314591,bignoon
1557,2021,9/18/21,Mississippi,Tulane,ESPN2,later,350.0,406.8934258349693,bignoon
1558,2021,9/18/21,Boise St.,Oklahoma St.,FS1,later,596.0,759.2635244414021,bignoon
1559,2021,9/18/21,BYU,Arizona St.,ESPN,later,1498.0,1855.8003808890046,bignoon
1560,2021,9/18/21,Hawaii,San Jose St.,FS1,later,259.0,450.12376560155315,bignoon
1561,2021,9/23/21,Appalachian St.,Marshall,ESPN,later,1014.0,872.4001515953444,bignoon
1562,2021,9/24/21,Virginia,Wake Forest,ESPN2,later,1113.0,678.4013670176137,bignoon
1563,2021,9/25/21,Boston College,Missouri,ESPN2,later,404.0,460.1853191588116,bignoon
1564,2021,9/25/21,Mississippi St.,LSU,ESPN,later,1791.0,1812.7832037491212,bignoon
1565,2021,9/25/21,Texas,Texas Tech,ABC,later,1728.0,2634.635906085103,bignoon
1566,2021,9/25/21,TCU,SMU,FS1,later,186.0,366.07438079592896,bignoon
1567,2021,9/25/21,Wisconsin,Notre Dame,FOX,later,5369.0,4615.69522007211,bignoon
1568,2021,9/25/21,Utah St.,Boise St.,CBS,later,804.0,1095.4758082222588,bignoon
1569,2021,9/25/21,North Carolina St.,Clemson,ESPN,later,2185.0,1244.588445319093,bignoon
1570,2021,9/25/21,Baylor,Iowa St.,FOX,later,2012.0,1407.615705241262,bignoon
1571,2021,9/25/21,Michigan,Rutgers,ABC,later,2806.0,2928.3743705840016,bignoon
1572,2021,9/25/21,Iowa,Colorado St.,FS1,later,513.0,533.5640529109482,bignoon
1573,2021,9/25/21,Arkansas,Texas A&M,CBS,later,4071.0,4731.843506702448,bignoon
1574,2021,9/25/21,Florida St.,Louisville,ESPN2,later,643.0,778.0358929010943,bignoon
1575,2021,9/25/21,South Carolina,Kentucky,ESPN2,later,941.0,1062.0248928099502,bignoon
1576,2021,9/25/21,Florida,Tennessee,ESPN,later,3282.0,2102.466655997328,bignoon
1577,2021,9/25/21,Michigan St.,Nebraska,FS1,later,1664.0,1215.2135428475829,bignoon
1578,2021,9/25/21,Ohio St.,Akron,BTN,later,1075.0,1489.9202095128435,bignoon
1579,2021,9/25/21,Oklahoma,West Virginia,ABC,later,4502.0,3860.13931295951,bignoon
1580,2021,9/25/21,BYU,South Florida,ESPN2,later,491.0,479.6635207289934,bignoon
1581,2021,9/25/21,Oregon,Arizona,ESPN,later,1656.0,2113.447497810351,bignoon
1582,2021,9/25/21,USC,Oregon St.,FS1,later,754.0,681.1779749934012,bignoon
1583,2021,9/25/21,Arizona St.,Colorado,ESPNU,later,170.0,315.99226588498794,bignoon
1584,2021,9/30/21,Miami,Virginia,ESPN,later,1408.0,1119.8764101127738,bignoon
1585,2021,10/1/21,Tulsa,Houston,ESPN,later,548.0,1049.7943618805816,bignoon
1586,2021,10/1/21,Maryland,Iowa,FS1,later,1381.0,1040.7701905263057,bignoon
1587,2021,10/2/21,Wisconsin,Michigan,FOX,later,4313.0,4724.239818684278,bignoon
1588,2021,10/2/21,Georgia,Arkansas,ESPN,later,3845.0,4818.98517336112,bignoon
1589,2021,10/2/21,TCU,Texas,ABC,later,2384.0,2475.449998818886,bignoon
1590,2021,10/2/21,North Carolina,Duke,ESPN2,later,303.0,470.2812044049656,bignoon
1591,2021,10/2/21,Notre Dame,Cincinnati,NBC,later,3805.0,3675.544927995357,bignoon
1592,2021,10/2/21,Stanford,Oregon,ABC,later,2641.0,2823.141996306763,bignoon
1593,2021,10/2/21,Kansas St.,Oklahoma,FOX,later,2616.0,2884.428944561956,bignoon
1594,2021,10/2/21,Alabama,Mississippi,CBS,later,4792.0,3421.52319261508,bignoon
1595,2021,10/2/21,Rutgers,Ohio St.,BTN,later,1190.0,1168.9455563238384,bignoon
1596,2021,10/2/21,West Virginia,Texas Tech,ESPN2,later,666.0,696.5833261771714,bignoon
1597,2021,10/2/21,Boise St.,Nevada,FS1,later,197.0,369.0191064446028,bignoon
1598,2021,10/2/21,Kentucky,Florida,ESPN,later,3063.0,2301.4124109207987,bignoon
1599,2021,10/2/21,Iowa St.,Kansas,FS1,later,262.0,402.7834712208431,bignoon
1600,2021,10/2/21,Oklahoma St.,Baylor,ESPN2,later,995.0,1451.4828046692257,bignoon
1601,2021,10/2/21,Penn St.,Indiana,ABC,later,3996.0,3270.328271358404,bignoon
1602,2021,10/2/21,LSU,Auburn,ESPN,later,3791.0,2886.8444196247387,bignoon
1603,2021,10/2/21,UCLA,Arizona St.,FS1,later,673.0,469.60734203036134,bignoon
1604,2021,10/7/21,Tulane,Houston,ESPN,later,464.0,469.38736648704077,bignoon
1605,2021,10/8/21,Cincinnati,Temple,ESPN,later,1111.0,1841.5724111803422,bignoon
1606,2021,10/8/21,Arizona St.,Stanford,ESPN,later,1134.0,1380.414632464915,bignoon
1607,2021,10/9/21,Tennessee,South Carolina,ESPN2,later,795.0,1146.4243529085186,bignoon
1608,2021,10/9/21,Ohio St.,Maryland,FOX,later,2788.0,3305.6977832977063,bignoon
1609,2021,10/9/21,Rutgers,Michigan St.,BTN,later,642.0,652.4297801524974,bignoon
1610,2021,10/9/21,Texas,Oklahoma,ABC,later,5940.0,5700.523374816049,bignoon
1611,2021,10/9/21,Mississippi,Arkansas,ESPN,later,2230.0,2100.644293679235,bignoon
1612,2021,10/9/21,Baylor,West Virginia,FS1,later,456.0,391.1357642085751,bignoon
1613,2021,10/9/21,Illinois,Wisconsin,BTN,later,416.0,557.8972367448807,bignoon
1614,2021,10/9/21,Syracuse,Wake Forest,ESPN2,later,509.0,404.8935045949987,bignoon
1615,2021,10/9/21,North Carolina,Florida St.,ESPN,later,1073.0,1045.6272074773315,bignoon
1616,2021,10/9/21,BYU,Boise St.,ABC,later,2244.0,2018.0834965535237,bignoon
1617,2021,10/9/21,Auburn,Georgia,CBS,later,4581.0,5254.709868111406,bignoon
1618,2021,10/9/21,Iowa,Penn St.,FOX,later,6904.0,8984.166224844748,bignoon
1619,2021,10/9/21,Texas Tech,TCU,ESPN,later,625.0,1024.799287454475,bignoon
1620,2021,10/9/21,Nebraska,Michigan,ABC,later,4629.0,6355.489216243148,bignoon
1621,2021,10/9/21,Texas A&M,Alabama,CBS,later,8334.0,3672.723119217926,bignoon
1622,2021,10/9/21,USC,Utah,FOX,later,1376.0,1734.8328451556254,bignoon
1623,2021,10/9/21,Nevada,New Mexico St.,ESPN,later,799.0,605.456293079395,bignoon
1624,2021,10/12/21,Louisiana,Appalachian St.,ESPN2,later,428.0,460.7696377989832,bignoon
1625,2021,10/14/21,Memphis,Navy,ESPN,later,514.0,513.0825208227354,bignoon
1626,2021,10/15/21,Syracuse,Clemson,ESPN,later,2115.0,1505.827694073172,bignoon
1627,2021,10/15/21,Oregon,California,ESPN,later,1446.0,1587.766433635434,bignoon
1628,2021,10/16/21,Cincinnati,UCF,ABC,later,1374.0,2142.2085935983873,bignoon
1629,2021,10/16/21,LSU,Florida,ESPN,later,2926.0,1966.6733638480216,bignoon
1630,2021,10/16/21,Arkansas,Auburn,CBS,later,2404.0,2285.1964615765987,bignoon
1631,2021,10/16/21,Northwestern,Rutgers,BTN,later,204.0,345.1810396478711,bignoon
1632,2021,10/16/21,Minnesota,Nebraska,ESPN2,later,1062.0,680.0848740312831,bignoon
1633,2021,10/16/21,Texas,Oklahoma St.,FOX,later,3129.0,5509.352023134265,bignoon
1634,2021,10/16/21,Indiana,Michigan St.,FS1,later,1276.0,642.2968056581249,bignoon
1635,2021,10/16/21,Georgia,Kentucky,CBS,later,6369.0,6084.479962152013,bignoon
1636,2021,10/16/21,Iowa,Purdue,ABC,later,3446.0,4506.46744908537,bignoon
1637,2021,10/16/21,Virginia Tech,Pittsburgh,ESPN2,later,640.0,657.6175677471044,bignoon
1638,2021,10/16/21,Baylor,BYU,ESPN,later,1440.0,1189.9560873389569,bignoon
1639,2021,10/16/21,Mississippi St.,Alabama,ESPN,later,3526.0,2404.751202428817,bignoon
1640,2021,10/16/21,Washington St.,Stanford,ESPNU,later,210.0,244.34406597212794,bignoon
1641,2021,10/16/21,Oklahoma,TCU,ABC,later,3434.0,3859.64525707185,bignoon
1642,2021,10/16/21,Kansas St.,Iowa St.,ESPN2,later,608.0,593.6787990008235,bignoon
1643,2021,10/16/21,Wisconsin,Army,BTN,later,639.0,548.8236494536648,bignoon
1644,2021,10/16/21,Washington,UCLA,FOX,later,1532.0,1595.2631377216746,bignoon
1645,2021,10/16/21,Boise St.,Air Force,FS1,later,289.0,526.149928250428,bignoon
1646,2021,10/16/21,Utah,Arizona St.,ESPN,later,1393.0,1141.4393775652175,bignoon
1647,2021,10/20/21,Appalachian St.,Coastal Carolina,ESPN2,later,804.0,562.2825132684775,bignoon
1648,2021,10/21/21,SMU,Tulane,ESPN,later,392.0,603.6779492986267,bignoon
1649,2021,10/22/21,UCF,Memphis,ESPN2,later,793.0,855.5269367118955,bignoon
1650,2021,10/22/21,Arizona,Washington,ESPN2,later,660.0,733.0450790268299,bignoon
1651,2021,10/23/21,Texas Tech,Kansas St.,FS1,later,359.0,466.56273719824753,bignoon
1652,2021,10/23/21,Penn St.,Illinois,ABC,later,3765.0,2715.9508918912024,bignoon
1653,2021,10/23/21,Michigan,Northwestern,FOX,later,3235.0,3020.8112607120133,bignoon
1654,2021,10/23/21,Kansas,Oklahoma,ESPN,later,2645.0,1339.4523671404525,bignoon
1655,2021,10/23/21,Navy,Cincinnati,ESPN2,later,769.0,552.654302258105,bignoon
1656,2021,10/23/21,Purdue,Wisconsin,BTN,later,734.0,756.5241807504805,bignoon
1657,2021,10/23/21,Minnesota,Maryland,ESPN2,later,533.0,481.0456216698258,bignoon
1658,2021,10/23/21,Mississippi,LSU,CBS,later,3109.0,2357.627829635771,bignoon
1659,2021,10/23/21,Washington St.,BYU,FS1,later,466.0,471.4312378860265,bignoon
1660,2021,10/23/21,UCLA,Oregon,ABC,later,3845.0,2948.1311573016164,bignoon
1661,2021,10/23/21,Iowa St.,Oklahoma St.,FOX,later,2659.0,2739.93020741693,bignoon
1662,2021,10/23/21,Pittsburgh,Clemson,ESPN,later,2162.0,1559.3038850908674,bignoon
1663,2021,10/23/21,Fresno St.,Nevada,FS1,later,233.0,286.4295128750333,bignoon
1664,2021,10/23/21,Alabama,Tennessee,ESPN,later,4679.0,3569.0796538622094,bignoon
1665,2021,10/23/21,Indiana,Ohio St.,ABC,later,3347.0,3455.472183320151,bignoon
1666,2021,10/23/21,Notre Dame,USC,NBC,later,2868.0,2262.0519734439054,bignoon
1667,2021,10/23/21,TCU,West Virginia,ESPNU,later,369.0,227.5903831866144,bignoon
1668,2021,10/23/21,Miami,North Carolina St.,ESPN2,later,675.0,417.2984617737877,bignoon
1669,2021,10/28/21,Coastal Carolina,Troy,ESPN2,later,290.0,574.3631550809271,bignoon
1670,2021,10/28/21,East Carolina,South Florida,ESPN,later,395.0,604.5517029588136,bignoon
1671,2021,10/29/21,Tulsa,Navy,ESPN2,later,684.0,673.1593394605102,bignoon
1672,2021,10/30/21,Michigan St.,Michigan,FOX,later,9289.0,9991.6216355436,bignoon
1673,2021,10/30/21,Wisconsin,Iowa,ESPN,later,1828.0,2097.8643477999726,bignoon
1674,2021,10/30/21,Baylor,Texas,ABC,later,2395.0,1994.4978705587573,bignoon
1675,2021,10/30/21,Tulane,Cincinnati,ESPN2,later,580.0,369.65591024795776,bignoon
1676,2021,10/30/21,Arizona St.,Washington St.,FS1,later,337.0,547.6177814351995,bignoon
1677,2021,10/30/21,Clemson,Florida St.,ESPN,later,1883.0,1283.5447391495659,bignoon
1678,2021,10/30/21,Oregon,Colorado,FOX,later,2673.0,2514.9740488367624,bignoon
1679,2021,10/30/21,Nebraska,Purdue,ESPN2,later,1295.0,731.4058188327456,bignoon
1680,2021,10/30/21,Northwestern,Minnesota,BTN,later,401.0,381.26935202543007,bignoon
1681,2021,10/30/21,Oklahoma,Texas Tech,ABC,later,2370.0,2960.4928490442203,bignoon
1682,2021,10/30/21,Florida,Georgia,CBS,later,6120.0,3375.556232248585,bignoon
1683,2021,10/30/21,Auburn,Mississippi,ESPN,later,2525.0,3125.4343983898398,bignoon
1684,2021,10/30/21,Oklahoma St.,Kansas,FS1,later,344.0,490.6753020484139,bignoon
1685,2021,10/30/21,Houston,SMU,ESPN2,later,332.0,538.3884550963121,bignoon
1686,2021,10/30/21,Notre Dame,North Carolina,NBC,later,2346.0,1694.7907743383316,bignoon
1687,2021,10/30/21,Ohio St.,Penn St.,ABC,later,7051.0,6885.088875380527,bignoon
1688,2021,10/30/21,Utah,UCLA,ESPN,later,829.0,1004.6518110528195,bignoon
1689,2021,10/30/21,BYU,Virginia,ESPN2,later,678.0,576.7247373316549,bignoon
1690,2021,10/30/21,Stanford,Washington,FS1,later,402.0,468.86373064753843,bignoon
1691,2021,11/2/21,Toledo,Eastern Michigan,ESPN2,later,180.0,302.1749733908269,bignoon
1692,2021,11/3/21,Kent St.,Northern Illinois,ESPN2,later,454.0,356.0063780350112,bignoon
1693,2021,11/4/21,Louisiana,Georgia St.,ESPN,later,620.0,732.1922811574113,bignoon
1694,2021,11/5/21,Boston College,Virginia Tech,ESPN2,later,1215.0,700.5500419211146,bignoon
1695,2021,11/5/21,Stanford,Utah,FS1,later,452.0,428.6308807172233,bignoon
1696,2021,11/6/21,Air Force,Army,CBS,later,1444.0,833.7887931782047,bignoon
1697,2021,11/6/21,North Carolina,Wake Forest,ABC,later,2200.0,1849.5234203557643,bignoon
1698,2021,11/6/21,Minnesota,Illinois,ESPN2,later,595.0,451.3187786445218,bignoon
1699,2021,11/6/21,Nebraska,Ohio St.,FOX,later,5328.0,4376.360293544763,bignoon
1700,2021,11/6/21,Georgia,Missouri,ESPN,later,2186.0,2078.6477192860652,bignoon
1701,2021,11/6/21,Kansas,Kansas St.,FS1,later,344.0,157.726019383845,bignoon
1702,2021,11/6/21,Maryland,Penn St.,FS1,later,936.0,722.6069090614105,bignoon
1703,2021,11/6/21,West Virginia,Oklahoma St.,ESPN,later,1140.0,1182.2440997415288,bignoon
1704,2021,11/6/21,Texas A&M,Auburn,CBS,later,3759.0,3709.0355031818003,bignoon
1705,2021,11/6/21,Notre Dame,Navy,NBC,later,1863.0,1435.7635827348836,bignoon
1706,2021,11/6/21,TCU,Baylor,FOX,later,1807.0,1316.0441854333278,bignoon
1707,2021,11/6/21,Cincinnati,Tulsa,ESPN2,later,796.0,622.5728517044778,bignoon
1708,2021,11/6/21,Purdue,Michigan St.,ABC,later,4400.0,4421.330460404553,bignoon
1709,2021,11/6/21,Rutgers,Wisconsin,BTN,later,433.0,483.8533224988716,bignoon
1710,2021,11/6/21,Northwestern,Iowa,BTN,later,552.0,524.826082707898,bignoon
1711,2021,11/6/21,Alabama,LSU,ESPN,later,5000.0,5502.668030556885,bignoon
1712,2021,11/6/21,Kentucky,Tennessee,ESPN2,later,1478.0,1016.2231856108982,bignoon
1713,2021,11/6/21,Iowa St.,Texas,FS1,later,907.0,719.3944914300027,bignoon
1714,2021,11/6/21,Michigan,Indiana,FOX,later,2683.0,3601.8915205693665,bignoon
1715,2021,11/6/21,Washington,Oregon,ABC,later,2726.0,3067.6154839429146,bignoon
1716,2021,11/6/21,UTEP,UTSA,ESPN2,later,412.0,453.93202178070715,bignoon
1717,2021,11/6/21,Arizona St.,USC,ESPN,later,1608.0,1396.8612390593003,bignoon
1718,2021,11/6/21,Hawaii,San Diego St.,FS1,later,226.0,336.27878224626215,bignoon
1719,2021,11/9/21,Eastern Michigan,Ohio,ESPN2,later,294.0,351.0111072784772,bignoon
1720,2021,11/10/21,Northern Illinois,Ball St.,ESPN2,later,470.0,394.6375529550681,bignoon
1721,2021,11/10/21,Central Michigan,Kent St.,ESPNU,later,155.0,195.8979658134247,bignoon
1722,2021,11/11/21,Pittsburgh,North Carolina,ESPN,later,1213.0,1161.4093068271302,bignoon
1723,2021,11/12/21,South Florida,Cincinnati,ESPN2,later,1157.0,1257.9380196557656,bignoon
1724,2021,11/12/21,Boise St.,Wyoming,FS1,later,454.0,617.8971066402293,bignoon
1725,2021,11/13/21,Penn St.,Michigan,ABC,later,5942.0,7805.122726512637,bignoon
1726,2021,11/13/21,Wisconsin,Northwestern,ESPN2,later,667.0,526.3932786159066,bignoon
1727,2021,11/13/21,Indiana,Rutgers,BTN,later,180.0,286.0380646703187,bignoon
1728,2021,11/13/21,Auburn,Mississippi St.,ESPN,later,1529.0,1569.9245110502256,bignoon
1729,2021,11/13/21,Baylor,Oklahoma,FOX,later,3719.0,4399.658025461562,bignoon
1730,2021,11/13/21,Kansas St.,West Virginia,FS1,later,476.0,392.9207496260316,bignoon
1731,2021,11/13/21,Ohio St.,Purdue,ABC,later,4739.0,4857.336635982272,bignoon
1732,2021,11/13/21,Florida St.,Miami,ESPN,later,1534.0,1021.8882431505972,bignoon
1733,2021,11/13/21,Tennessee,Georgia,CBS,later,5781.0,4419.402360816959,bignoon
1734,2021,11/13/21,Iowa,Minnesota,BTN,later,980.0,612.8284822119797,bignoon
1735,2021,11/13/21,Texas Tech,Iowa St.,ESPN2,later,676.0,504.7203122505636,bignoon
1736,2021,11/13/21,Michigan St.,Maryland,FOX,later,2204.0,2574.9640480201315,bignoon
1737,2021,11/13/21,Mississippi,Texas A&M,ESPN,later,3531.0,2564.9370535942353,bignoon
1738,2021,11/13/21,Washington,Arizona St.,FS1,later,538.0,557.7975162191082,bignoon
1739,2021,11/13/21,Vanderbilt,Kentucky,ESPN2,later,446.0,486.0970767420249,bignoon
1740,2021,11/13/21,Texas,Kansas,ESPNU,later,487.0,237.8247862895585,bignoon
1741,2021,11/13/21,Virginia,Notre Dame,ABC,later,3278.0,4428.557138130526,bignoon
1742,2021,11/13/21,Oklahoma St.,TCU,FOX,later,1373.0,2412.097890410907,bignoon
1743,2021,11/13/21,San Jose St.,Utah St.,FS1,later,144.0,287.2978899748806,bignoon
1744,2021,11/13/21,Oregon,Washington St.,ESPN,later,1991.0,2120.9042025500116,bignoon
1745,2021,11/16/21,Eastern Michigan,Western Michigan,ESPN2,later,428.0,333.3181349911629,bignoon
1746,2021,11/17/21,Buffalo,Northern Illinois,ESPN2,later,516.0,408.61302044114007,bignoon
1747,2021,11/18/21,Duke,Louisville,ESPN,later,466.0,962.8808376406121,bignoon
1748,2021,11/19/21,Nevada,Air Force,FS1,later,245.0,528.9850931301871,bignoon
1749,2021,11/19/21,Houston,Memphis,ESPN2,later,611.0,522.4084603471779,bignoon
1750,2021,11/20/21,Ohio St.,Michigan St.,ABC,later,5287.0,8014.308676228977,bignoon
1751,2021,11/20/21,Clemson,Wake Forest,ESPN,later,1553.0,1104.1831570460713,bignoon
1752,2021,11/20/21,Oklahoma,Iowa St.,FOX,later,3103.0,2606.7341414082484,bignoon
1753,2021,11/20/21,West Virginia,Texas,ESPN2,later,1005.0,823.2301846216126,bignoon
1754,2021,11/20/21,Iowa,Illinois,FS1,later,677.0,513.0617007589053,bignoon
1755,2021,11/20/21,Notre Dame,Georgia Tech,NBC,later,1455.0,1457.010830338041,bignoon
1756,2021,11/20/21,Alabama,Arkansas,CBS,later,5464.0,4095.786762514318,bignoon
1757,2021,11/20/21,Pittsburgh,Virginia,ESPN2,later,851.0,699.9282199893998,bignoon
1758,2021,11/20/21,Wisconsin,Nebraska,ABC,later,3534.0,2821.295052162292,bignoon
1759,2021,11/20/21,Cincinnati,SMU,ESPN,later,938.0,1690.8240697863662,bignoon
1760,2021,11/20/21,USC,UCLA,FOX,later,1836.0,1744.5826712176197,bignoon
1761,2021,11/20/21,Kansas St.,Baylor,FS1,later,665.0,693.4888015382455,bignoon
1762,2021,11/20/21,South Carolina,Auburn,ESPN,later,2033.0,1757.6816611620497,bignoon
1763,2021,11/20/21,Tennessee,South Alabama,ESPNU,later,307.0,364.82780319457834,bignoon
1764,2021,11/20/21,Utah,Oregon,ABC,later,4818.0,4200.647419914233,bignoon
1765,2021,11/20/21,Texas Tech,Oklahoma St.,FOX,later,1911.0,2662.636830211858,bignoon
1766,2021,11/20/21,Boise St.,New Mexico,FS1,later,165.0,377.45919368100476,bignoon
1767,2021,11/20/21,LSU,Louisiana Monroe,ESPN2,later,598.0,721.5012709020803,bignoon
1768,2021,11/20/21,Oregon St.,Arizona St.,ESPN,later,1114.0,866.158160261896,bignoon
1769,2021,11/25/21,San Jose St.,Fresno St.,FS1,later,309.0,207.63539683736582,bignoon
1770,2021,11/25/21,Mississippi St.,Mississippi,ESPN,later,2060.0,1989.303046818403,bignoon
1771,2021,11/26/21,San Diego St.,Boise St.,CBS,later,1950.0,1469.415523098332,bignoon
1772,2021,11/26/21,Texas,Kansas St.,FOX,later,2861.0,3331.8902520149186,bignoon
1773,2021,11/26/21,New Mexico,Utah St.,FS1,later,139.0,386.49753368524637,bignoon
1774,2021,11/26/21,Nebraska,Iowa,BTN,later,1945.0,1351.8583576358335,bignoon
1775,2021,11/26/21,East Carolina,Cincinnati,ABC,later,2392.0,3522.0602124610286,bignoon
1776,2021,11/26/21,Arkansas,Missouri,CBS,later,2956.0,2020.1417171034652,bignoon
1777,2021,11/26/21,UCF,South Florida,ESPN,later,711.0,897.7573973221511,bignoon
1778,2021,11/26/21,Utah,Colorado,FOX,later,1554.0,2466.085952161372,bignoon
1779,2021,11/26/21,Iowa St.,TCU,FS1,later,518.0,585.862471247467,bignoon
1780,2021,11/26/21,North Carolina St.,North Carolina,ESPN,later,2681.0,1325.6637732484464,bignoon
1781,2021,11/26/21,Washington,Washington St.,FS1,later,1210.0,960.5797484908776,bignoon
1782,2021,11/27/21,Florida,Florida St.,ESPN,later,1629.0,1356.1850779172387,bignoon
1783,2021,11/27/21,Georgia Tech,Georgia,ABC,later,1947.0,1933.340944705519,bignoon
1784,2021,11/27/21,Baylor,Texas Tech,FS1,later,412.0,490.03559429339924,bignoon
1785,2021,11/27/21,Rutgers,Maryland,BTN,later,158.0,286.75551374758345,bignoon
1786,2021,11/27/21,Michigan,Ohio St.,FOX,later,15893.0,16117.585294791326,bignoon
1787,2021,11/27/21,Boston College,Wake Forest,ESPN2,later,247.0,300.7743563800762,bignoon
1788,2021,11/27/21,Oregon,Oregon St.,ESPN,later,1337.0,1510.1156509052623,bignoon
1789,2021,11/27/21,Auburn,Alabama,CBS,later,10369.0,7769.922729337401,bignoon
1790,2021,11/27/21,Purdue,Indiana,FS1,later,484.0,328.6650126997247,bignoon
1791,2021,11/27/21,Michigan St.,Penn St.,ABC,later,3893.0,3333.93655777008,bignoon
1792,2021,11/27/21,Illinois,Northwestern,BTN,later,139.0,288.4490310833886,bignoon
1793,2021,11/27/21,SMU,Tulsa,ESPN2,later,119.0,321.4058998169161,bignoon
1794,2021,11/27/21,Minnesota,Wisconsin,FOX,later,5049.0,2731.4949767592007,bignoon
1795,2021,11/27/21,Kansas,West Virginia,FS1,later,485.0,316.97735066327255,bignoon
1796,2021,11/27/21,LSU,Texas A&M,ESPN,later,2351.0,1884.2566967210687,bignoon
1797,2021,11/27/21,Louisville,Kentucky,ESPN2,later,700.0,627.241930472931,bignoon
1798,2021,11/27/21,Oklahoma St.,Oklahoma,ABC,later,6486.0,9801.90014762551,bignoon
1799,2021,11/27/21,Stanford,Notre Dame,FOX,later,2743.0,2518.893868986592,bignoon
1800,2021,11/27/21,UCLA,California,FS1,later,386.0,348.11668361512903,bignoon
1801,2021,11/27/21,USC,BYU,ESPN,later,1458.0,1374.9238924596157,bignoon
1802,2021,12/3/21,Utah,Oregon,ABC,later,4247.0,4962.270321529386,bignoon
1803,2021,12/4/21,Oklahoma St.,Baylor,ABC,later,8021.0,8544.702799744693,bignoon
1804,2021,12/4/21,Northern Illinois,Kent St.,ESPN,later,867.0,676.6458462058238,bignoon
1805,2021,12/4/21,San Diego St.,Utah St.,FOX,later,816.0,1401.8307012049127,bignoon
1806,2021,12/4/21,Louisiana,Appalachian St.,ESPN,later,440.0,1054.5107814242174,bignoon
1807,2021,12/4/21,Cincinnati,Houston,ABC,later,3415.0,4459.643531034519,bignoon
1808,2021,12/4/21,Alabama,Georgia,CBS,later,15277.0,6431.676838898102,bignoon
1809,2021,12/4/21,Iowa,Michigan,FOX,later,11658.0,10818.519124349246,bignoon
1810,2021,12/4/21,Wake Forest,Pittsburgh,ABC,later,2661.0,2880.1994889669186,bignoon
1811,2021,12/4/21,California,USC,FS1,later,390.0,526.8117022880956,bignoon
1812,2021,12/11/21,Army,Navy,CBS,later,7570.0,1153.716856487997,bignoon
1488,2021,8/28/21,Illinois,Nebraska,FOX,Week0,3217.0,4176.235495153741,both
1489,2021,8/28/21,UCLA,Hawaii,ESPN,Week0,976.0,967.4288129418676,both
1490,2021,9/1/21,Jacksonville St.,UAB,ESPN,Week1,841.0,868.8405923127902,both
1491,2021,9/2/21,UCF,Boise St.,ESPN,Week1,841.0,1149.872935433002,both
1492,2021,9/2/21,Appalachian St.,East Carolina,ESPNU,Week1,245.0,138.45922216756878,both
1493,2021,9/2/21,Minnesota,Ohio St.,FOX,Week1,6295.0,6875.226880438551,both
1494,2021,9/3/21,Virginia Tech,North Carolina,ESPN,Week1,2579.0,2062.6290819603078,both
1495,2021,9/3/21,Colorado St.,South Dakota State,FS1,Week1,199.0,256.74943120257615,both
1496,2021,9/3/21,Northwestern,Michigan St.,ESPN,Week1,2101.0,1770.0744847300355,both
1497,2021,9/4/21,Oklahoma,Tulane,ABC,Week1,2526.0,1804.5987834344542,both
1498,2021,9/4/21,Kansas St.,Stanford,FS1,Week1,312.0,557.6971614814493,both
1499,2021,9/4/21,Michigan,Western Michigan,ESPN,Week1,1623.0,1906.2327523464958,both
1500,2021,9/4/21,Wisconsin,Penn St.,FOX,Week1,5409.0,5044.5973515814085,both
1501,2021,9/4/21,Miami,Alabama,ABC,Week1,5674.0,3764.3546476878964,both
1502,2021,9/4/21,Maryland,West Virginia,ESPN,Week1,1350.0,1195.7865151235508,both
1503,2021,9/4/21,Iowa,Indiana,BTN,Week1,554.0,1117.1420984793458,both
1504,2021,9/4/21,Mississippi St.,Louisiana Tech,ESPNU,Week1,228.0,233.92750036606452,both
1505,2021,9/4/21,Texas,Louisiana,FOX,Week1,2879.0,2537.8330532717982,both
1506,2021,9/4/21,Purdue,Oregon St.,FS1,Week1,439.0,394.91499286954524,both
1507,2021,9/4/21,Houston,Texas Tech,ESPN,Week1,831.0,1116.1432223629681,both
1508,2021,9/4/21,Illinois,UTSA,BTN,Week1,211.0,538.0778659560167,both
1509,2021,9/4/21,Clemson,Georgia,ABC,Week1,8863.0,6988.7024749466045,both
1510,2021,9/4/21,Texas A&M,Kent St.,ESPNU,Week1,285.0,318.8032227377528,both
1511,2021,9/5/21,UCLA,LSU,FOX,Week1,3219.0,2968.425867484242,both
1512,2021,9/4/21,California,Nevada,FS1,Week1,255.0,264.26456282718925,both
1513,2021,9/4/21,Arizona,BYU,ESPN,Week1,933.0,1534.0944605815046,both
1514,2021,9/5/21,Florida St.,Notre Dame,ABC,Week1,7751.0,7896.281921407275,both
1515,2021,9/6/21,Mississippi,Louisville,ESPN,Week1,3078.0,2188.275297450401,both
1516,2021,9/10/21,Coastal Carolina,Kansas,ESPN2,later,1299.0,866.7404286960668,both
1517,2021,9/10/21,Boise St.,UTEP,FS1,later,347.0,694.6470988349531,both
1518,2021,9/11/21,East Carolina,South Carolina,ESPN2,later,585.0,721.5719195828224,both
1519,2021,9/11/21,Ohio St.,Oregon,FOX,later,7730.0,7427.709370330525,both
1520,2021,9/11/21,Oklahoma St.,Tulsa,FS1,later,321.0,421.17629095035727,both
1521,2021,9/11/21,Tennessee,Pittsburgh,ESPN,later,1739.0,1966.9276224651228,both
1522,2021,9/11/21,South Florida,Florida,ABC,later,1597.0,2093.704753862064,both
1523,2021,9/11/21,Penn St.,Ball St.,FS1,later,881.0,693.341957675205,both
1524,2021,9/11/21,Colorado,Texas A&M,FOX,later,4502.0,3156.0307210155092,both
1525,2021,9/11/21,TCU,California,ESPNU,later,193.0,208.5759622259584,both
1526,2021,9/11/21,Nebraska,Buffalo,BTN,later,626.0,628.2144042250934,both
1527,2021,9/11/21,Georgia,UAB,ESPN2,later,1118.0,945.2529128237331,both
1528,2021,9/11/21,Navy,Air Force,CBS,later,1076.0,765.8875496692243,both
1529,2021,9/11/21,Iowa St.,Iowa,ABC,later,3890.0,5317.17317578468,both
1530,2021,9/11/21,Mississippi St.,North Carolina St.,ESPN2,later,756.0,576.6789410716249,both
1531,2021,9/11/21,Arkansas,Texas,ESPN,later,3356.0,2398.8022643263826,both
1532,2021,9/11/21,Wisconsin,Eastern Michigan,FS1,later,557.0,657.136090800044,both
1533,2021,9/11/21,Miami,Appalachian St.,ESPNU,later,395.0,260.63694740622486,both
1534,2021,9/11/21,Michigan,Washington,ABC,later,4748.0,4233.566200187508,both
1535,2021,9/11/21,BYU,Utah,ESPN,later,1503.0,1650.4839717736781,both
1536,2021,9/11/21,Arizona St.,UNLV,ESPN2,later,407.0,480.99466201339976,both
1537,2021,9/11/21,USC,Stanford,FOX,later,1441.0,1964.4544844419834,both
1538,2021,9/11/21,Oregon St.,Hawaii,FS1,later,204.0,498.33240691401363,both
1539,2021,9/16/21,Louisiana,Ohio,ESPN,later,698.0,726.0074695355968,both
1540,2021,9/17/21,Louisville,UCF,ESPN,later,1881.0,1749.065354895676,both
1541,2021,9/17/21,Illinois,Maryland,FS1,later,690.0,514.640731702,both
1542,2021,9/18/21,Miami,Michigan St.,ABC,later,2774.0,2152.1921691666494,both
1543,2021,9/18/21,Buffalo,Coastal Carolina,ESPN2,later,285.0,610.279796396441,both
1544,2021,9/18/21,Michigan,Northern Illinois,BTN,later,512.0,1034.596435579841,both
1545,2021,9/18/21,Oklahoma,Nebraska,FOX,later,4210.0,4539.2631187689085,both
1546,2021,9/18/21,Indiana,Cincinnati,ESPN,later,1681.0,1472.9582058042556,both
1547,2021,9/18/21,West Virginia,Virginia Tech,FS1,later,932.0,593.1341050694016,both
1548,2021,9/18/21,Notre Dame,Purdue,NBC,later,2584.0,1985.5784151643861,both
1549,2021,9/18/21,Washington St.,USC,FOX,later,1583.0,2004.0802817500662,both
1550,2021,9/18/21,Florida,Alabama,CBS,later,7863.0,4270.114459777358,both
1551,2021,9/18/21,Ohio St.,Tulsa,FS1,later,1831.0,1175.7243034380522,both
1552,2021,9/18/21,Wake Forest,Florida St.,ESPN,later,689.0,1193.2306353052736,both
1553,2021,9/18/21,Clemson,Georgia Tech,ABC,later,2101.0,2190.3551212236534,both
1554,2021,9/18/21,Memphis,Mississippi St.,ESPN2,later,401.0,505.4591190807768,both
1555,2021,9/18/21,Georgia,South Carolina,ESPN,later,2548.0,2687.511692948796,both
1556,2021,9/18/21,Penn St.,Auburn,ABC,later,7606.0,6957.259955868676,both
1557,2021,9/18/21,Mississippi,Tulane,ESPN2,later,350.0,406.36304872376894,both
1558,2021,9/18/21,Boise St.,Oklahoma St.,FS1,later,596.0,753.3629925932289,both
1559,2021,9/18/21,BYU,Arizona St.,ESPN,later,1498.0,1731.0779765104517,both
1560,2021,9/18/21,Hawaii,San Jose St.,FS1,later,259.0,442.0582702183827,both
1561,2021,9/23/21,Appalachian St.,Marshall,ESPN,later,1014.0,872.245525096632,both
1562,2021,9/24/21,Virginia,Wake Forest,ESPN2,later,1113.0,678.5054337715467,both
1563,2021,9/25/21,Boston College,Missouri,ESPN2,later,404.0,455.36876380521915,both
1564,2021,9/25/21,Mississippi St.,LSU,ESPN,later,1791.0,1821.6892644131935,both
1565,2021,9/25/21,Texas,Texas Tech,ABC,later,1728.0,2675.0185441405274,both
1566,2021,9/25/21,TCU,SMU,FS1,later,186.0,359.3554331719507,both
1567,2021,9/25/21,Wisconsin,Notre Dame,FOX,later,5369.0,5957.3463200151955,both
1568,2021,9/25/21,Utah St.,Boise St.,CBS,later,804.0,1110.4669012755403,both
1569,2021,9/25/21,North Carolina St.,Clemson,ESPN,later,2185.0,1250.2955729125413,both
1570,2021,9/25/21,Baylor,Iowa St.,FOX,later,2012.0,1406.8771500179892,both
1571,2021,9/25/21,Michigan,Rutgers,ABC,later,2806.0,2851.2136475455764,both
1572,2021,9/25/21,Iowa,Colorado St.,FS1,later,513.0,535.85313762198,both
1573,2021,9/25/21,Arkansas,Texas A&M,CBS,later,4071.0,4599.524803347237,both
1574,2021,9/25/21,Florida St.,Louisville,ESPN2,later,643.0,782.3045354794046,both
1575,2021,9/25/21,South Carolina,Kentucky,ESPN2,later,941.0,1105.7854562996604,both
1576,2021,9/25/21,Florida,Tennessee,ESPN,later,3282.0,2053.526960512367,both
1577,2021,9/25/21,Michigan St.,Nebraska,FS1,later,1664.0,1184.739879496327,both
1578,2021,9/25/21,Ohio St.,Akron,BTN,later,1075.0,1499.7731897048861,both
1579,2021,9/25/21,Oklahoma,West Virginia,ABC,later,4502.0,3595.9546792026326,both
1580,2021,9/25/21,BYU,South Florida,ESPN2,later,491.0,479.41777539509746,both
1581,2021,9/25/21,Oregon,Arizona,ESPN,later,1656.0,2049.4234560930145,both
1582,2021,9/25/21,USC,Oregon St.,FS1,later,754.0,689.0141507257249,both
1583,2021,9/25/21,Arizona St.,Colorado,ESPNU,later,170.0,321.0720740540231,both
1584,2021,9/30/21,Miami,Virginia,ESPN,later,1408.0,1135.092414169707,both
1585,2021,10/1/21,Tulsa,Houston,ESPN,later,548.0,1044.537085797619,both
1586,2021,10/1/21,Maryland,Iowa,FS1,later,1381.0,1038.2227170906285,both
1587,2021,10/2/21,Wisconsin,Michigan,FOX,later,4313.0,4909.381019815145,both
1588,2021,10/2/21,Georgia,Arkansas,ESPN,later,3845.0,5734.918342687632,both
1589,2021,10/2/21,TCU,Texas,ABC,later,2384.0,2489.2336041776284,both
1590,2021,10/2/21,North Carolina,Duke,ESPN2,later,303.0,474.99175635175857,both
1591,2021,10/2/21,Notre Dame,Cincinnati,NBC,later,3805.0,3513.748510995297,both
1592,2021,10/2/21,Stanford,Oregon,ABC,later,2641.0,2729.9336998103663,both
1593,2021,10/2/21,Kansas St.,Oklahoma,FOX,later,2616.0,2900.103671617344,both
1594,2021,10/2/21,Alabama,Mississippi,CBS,later,4792.0,3275.4095858506703,both
1595,2021,10/2/21,Rutgers,Ohio St.,BTN,later,1190.0,1172.0215469862042,both
1596,2021,10/2/21,West Virginia,Texas Tech,ESPN2,later,666.0,705.5939348391644,both
1597,2021,10/2/21,Boise St.,Nevada,FS1,later,197.0,371.09237147526534,both
1598,2021,10/2/21,Kentucky,Florida,ESPN,later,3063.0,2299.506361485564,both
1599,2021,10/2/21,Iowa St.,Kansas,FS1,later,262.0,398.9483578938722,both
1600,2021,10/2/21,Oklahoma St.,Baylor,ESPN2,later,995.0,1293.839134202613,both
1601,2021,10/2/21,Penn St.,Indiana,ABC,later,3996.0,3131.8490512603657,both
1602,2021,10/2/21,LSU,Auburn,ESPN,later,3791.0,2827.1193263286714,both
1603,2021,10/2/21,UCLA,Arizona St.,FS1,later,673.0,470.2379811588992,both
1604,2021,10/7/21,Tulane,Houston,ESPN,later,464.0,479.2213145355512,both
1605,2021,10/8/21,Cincinnati,Temple,ESPN,later,1111.0,1888.1754330040471,both
1606,2021,10/8/21,Arizona St.,Stanford,ESPN,later,1134.0,1380.037609724096,both
1607,2021,10/9/21,Tennessee,South Carolina,ESPN2,later,795.0,1161.7306112007946,both
1608,2021,10/9/21,Ohio St.,Maryland,FOX,later,2788.0,3260.396059240539,both
1609,2021,10/9/21,Rutgers,Michigan St.,BTN,later,642.0,659.9795478291505,both
1610,2021,10/9/21,Texas,Oklahoma,ABC,later,5940.0,6323.420092413088,both
1611,2021,10/9/21,Mississippi,Arkansas,ESPN,later,2230.0,2048.5116338311173,both
1612,2021,10/9/21,Baylor,West Virginia,FS1,later,456.0,392.66214643216415,both
1613,2021,10/9/21,Illinois,Wisconsin,BTN,later,416.0,562.0014497646825,both
1614,2021,10/9/21,Syracuse,Wake Forest,ESPN2,later,509.0,410.63429118841657,both
1615,2021,10/9/21,North Carolina,Florida St.,ESPN,later,1073.0,1062.549095230576,both
1616,2021,10/9/21,BYU,Boise St.,ABC,later,2244.0,2031.9958754751406,both
1617,2021,10/9/21,Auburn,Georgia,CBS,later,4581.0,5081.065255231583,both
1618,2021,10/9/21,Iowa,Penn St.,FOX,later,6904.0,9034.949288096417,both
1619,2021,10/9/21,Texas Tech,TCU,ESPN,later,625.0,1022.4536339512111,both
1620,2021,10/9/21,Nebraska,Michigan,ABC,later,4629.0,5776.5278345005845,both
1621,2021,10/9/21,Texas A&M,Alabama,CBS,later,8334.0,3515.167901565869,both
1622,2021,10/9/21,USC,Utah,FOX,later,1376.0,1728.8771416456402,both
1623,2021,10/9/21,Nevada,New Mexico St.,ESPN,later,799.0,614.6441164696671,both
1624,2021,10/12/21,Louisiana,Appalachian St.,ESPN2,later,428.0,455.5211002911692,both
1625,2021,10/14/21,Memphis,Navy,ESPN,later,514.0,510.36161699425924,both
1626,2021,10/15/21,Syracuse,Clemson,ESPN,later,2115.0,1491.7158726164694,both
1627,2021,10/15/21,Oregon,California,ESPN,later,1446.0,1556.3275332318253,both
1628,2021,10/16/21,Cincinnati,UCF,ABC,later,1374.0,2197.6950960163504,both
1629,2021,10/16/21,LSU,Florida,ESPN,later,2926.0,1911.0950201396977,both
1630,2021,10/16/21,Arkansas,Auburn,CBS,later,2404.0,2258.7382015726594,both
1631,2021,10/16/21,Northwestern,Rutgers,BTN,later,204.0,344.01104075070924,both
1632,2021,10/16/21,Minnesota,Nebraska,ESPN2,later,1062.0,670.634622853037,both
1633,2021,10/16/21,Texas,Oklahoma St.,FOX,later,3129.0,5397.253402543082,both
1634,2021,10/16/21,Indiana,Michigan St.,FS1,later,1276.0,657.8075539469942,both
1635,2021,10/16/21,Georgia,Kentucky,CBS,later,6369.0,7621.471907681832,both
1636,2021,10/16/21,Iowa,Purdue,ABC,later,3446.0,4509.298979876452,both
1637,2021,10/16/21,Virginia Tech,Pittsburgh,ESPN2,later,640.0,660.9030125262416,both
1638,2021,10/16/21,Baylor,BYU,ESPN,later,1440.0,1165.880218875338,both
1639,2021,10/16/21,Mississippi St.,Alabama,ESPN,later,3526.0,2355.0309454794524,both
1640,2021,10/16/21,Washington St.,Stanford,ESPNU,later,210.0,236.89245859101413,both
1641,2021,10/16/21,Oklahoma,TCU,ABC,later,3434.0,3565.0280003875505,both
1642,2021,10/16/21,Kansas St.,Iowa St.,ESPN2,later,608.0,582.103324141142,both
1643,2021,10/16/21,Wisconsin,Army,BTN,later,639.0,544.1593918298945,both
1644,2021,10/16/21,Washington,UCLA,FOX,later,1532.0,1575.572950009556,both
1645,2021,10/16/21,Boise St.,Air Force,FS1,later,289.0,518.7112302371074,both
1646,2021,10/16/21,Utah,Arizona St.,ESPN,later,1393.0,1134.9435109292144,both
1647,2021,10/20/21,Appalachian St.,Coastal Carolina,ESPN2,later,804.0,557.5276672755402,both
1648,2021,10/21/21,SMU,Tulane,ESPN,later,392.0,610.8311825932553,both
1649,2021,10/22/21,UCF,Memphis,ESPN2,later,793.0,832.4185319013712,both
1650,2021,10/22/21,Arizona,Washington,ESPN2,later,660.0,740.105161167318,both
1651,2021,10/23/21,Texas Tech,Kansas St.,FS1,later,359.0,471.112416784256,both
1652,2021,10/23/21,Penn St.,Illinois,ABC,later,3765.0,2754.5770863283983,both
1653,2021,10/23/21,Michigan,Northwestern,FOX,later,3235.0,2989.5463859531055,both
1654,2021,10/23/21,Kansas,Oklahoma,ESPN,later,2645.0,1371.9915213614388,both
1655,2021,10/23/21,Navy,Cincinnati,ESPN2,later,769.0,576.326017573927,both
1656,2021,10/23/21,Purdue,Wisconsin,BTN,later,734.0,742.7973179161789,both
1657,2021,10/23/21,Minnesota,Maryland,ESPN2,later,533.0,479.34598891194764,both
1658,2021,10/23/21,Mississippi,LSU,CBS,later,3109.0,2311.4005533991444,both
1659,2021,10/23/21,Washington St.,BYU,FS1,later,466.0,463.8907101974215,both
1660,2021,10/23/21,UCLA,Oregon,ABC,later,3845.0,3566.891920835292,both
1661,2021,10/23/21,Iowa St.,Oklahoma St.,FOX,later,2659.0,2783.006965318702,both
1662,2021,10/23/21,Pittsburgh,Clemson,ESPN,later,2162.0,1551.7531242902858,both
1663,2021,10/23/21,Fresno St.,Nevada,FS1,later,233.0,282.77316810900265,both
1664,2021,10/23/21,Alabama,Tennessee,ESPN,later,4679.0,3491.475521024985,both
1665,2021,10/23/21,Indiana,Ohio St.,ABC,later,3347.0,3253.9063383512776,both
1666,2021,10/23/21,Notre Dame,USC,NBC,later,2868.0,2263.8004815506106,both
1667,2021,10/23/21,TCU,West Virginia,ESPNU,later,369.0,224.75989442673273,both
1668,2021,10/23/21,Miami,North Carolina St.,ESPN2,later,675.0,418.135949572896,both
1669,2021,10/28/21,Coastal Carolina,Troy,ESPN2,later,290.0,572.3058904954721,both
1670,2021,10/28/21,East Carolina,South Florida,ESPN,later,395.0,602.0131105407738,both
1671,2021,10/29/21,Tulsa,Navy,ESPN2,later,684.0,681.5265014378039,both
1672,2021,10/30/21,Michigan St.,Michigan,FOX,later,9289.0,12214.186738358574,both
1673,2021,10/30/21,Wisconsin,Iowa,ESPN,later,1828.0,2102.1208263405983,both
1674,2021,10/30/21,Baylor,Texas,ABC,later,2395.0,2019.721619385361,both
1675,2021,10/30/21,Tulane,Cincinnati,ESPN2,later,580.0,388.2922259431151,both
1676,2021,10/30/21,Arizona St.,Washington St.,FS1,later,337.0,542.9274702069149,both
1677,2021,10/30/21,Clemson,Florida St.,ESPN,later,1883.0,1279.0290764579618,both
1678,2021,10/30/21,Oregon,Colorado,FOX,later,2673.0,2507.084225583508,both
1679,2021,10/30/21,Nebraska,Purdue,ESPN2,later,1295.0,719.988118936197,both
1680,2021,10/30/21,Northwestern,Minnesota,BTN,later,401.0,379.3503834220257,both
1681,2021,10/30/21,Oklahoma,Texas Tech,ABC,later,2370.0,2969.8159964452157,both
1682,2021,10/30/21,Florida,Georgia,CBS,later,6120.0,3199.95467232334,both
1683,2021,10/30/21,Auburn,Mississippi,ESPN,later,2525.0,3033.202122405052,both
1684,2021,10/30/21,Oklahoma St.,Kansas,FS1,later,344.0,494.2916839247382,both
1685,2021,10/30/21,Houston,SMU,ESPN2,later,332.0,516.6477338378508,both
1686,2021,10/30/21,Notre Dame,North Carolina,NBC,later,2346.0,1638.78559451537,both
1687,2021,10/30/21,Ohio St.,Penn St.,ABC,later,7051.0,5292.672118203869,both
1688,2021,10/30/21,Utah,UCLA,ESPN,later,829.0,997.3566158413139,both
1689,2021,10/30/21,BYU,Virginia,ESPN2,later,678.0,574.844508870445,both
1690,2021,10/30/21,Stanford,Washington,FS1,later,402.0,470.34579815473717,both
1691,2021,11/2/21,Toledo,Eastern Michigan,ESPN2,later,180.0,301.0541228061303,both
1692,2021,11/3/21,Kent St.,Northern Illinois,ESPN2,later,454.0,355.19063202724607,both
1693,2021,11/4/21,Louisiana,Georgia St.,ESPN,later,620.0,733.100481270651,both
1694,2021,11/5/21,Boston College,Virginia Tech,ESPN2,later,1215.0,678.7288377868748,both
1695,2021,11/5/21,Stanford,Utah,FS1,later,452.0,423.33023951673533,both
1696,2021,11/6/21,Air Force,Army,CBS,later,1444.0,840.3705687618044,both
1697,2021,11/6/21,North Carolina,Wake Forest,ABC,later,2200.0,1911.8891692486575,both
1698,2021,11/6/21,Minnesota,Illinois,ESPN2,later,595.0,459.6899854996885,both
1699,2021,11/6/21,Nebraska,Ohio St.,FOX,later,5328.0,4290.421628583412,both
1700,2021,11/6/21,Georgia,Missouri,ESPN,later,2186.0,2142.088390544454,both
1701,2021,11/6/21,Kansas,Kansas St.,FS1,later,344.0,160.14203973122162,both
1702,2021,11/6/21,Maryland,Penn St.,FS1,later,936.0,720.0437268535891,both
1703,2021,11/6/21,West Virginia,Oklahoma St.,ESPN,later,1140.0,1201.603429435277,both
1704,2021,11/6/21,Texas A&M,Auburn,CBS,later,3759.0,3494.821891317311,both
1705,2021,11/6/21,Notre Dame,Navy,NBC,later,1863.0,1486.4878753557034,both
1706,2021,11/6/21,TCU,Baylor,FOX,later,1807.0,1326.4784091095205,both
1707,2021,11/6/21,Cincinnati,Tulsa,ESPN2,later,796.0,807.3596916585989,both
1708,2021,11/6/21,Purdue,Michigan St.,ABC,later,4400.0,4457.385558738305,both
1709,2021,11/6/21,Rutgers,Wisconsin,BTN,later,433.0,480.79090632230924,both
1710,2021,11/6/21,Northwestern,Iowa,BTN,later,552.0,531.2291627935754,both
1711,2021,11/6/21,Alabama,LSU,ESPN,later,5000.0,5043.97992734299,both
1712,2021,11/6/21,Kentucky,Tennessee,ESPN2,later,1478.0,1047.7127115992098,both
1713,2021,11/6/21,Iowa St.,Texas,FS1,later,907.0,719.9307264801059,both
1714,2021,11/6/21,Michigan,Indiana,FOX,later,2683.0,3602.491948795361,both
1715,2021,11/6/21,Washington,Oregon,ABC,later,2726.0,3077.2096511885716,both
1716,2021,11/6/21,UTEP,UTSA,ESPN2,later,412.0,452.0440515447366,both
1717,2021,11/6/21,Arizona St.,USC,ESPN,later,1608.0,1406.2901028420906,both
1718,2021,11/6/21,Hawaii,San Diego St.,FS1,later,226.0,337.1420760384399,both
1719,2021,11/9/21,Eastern Michigan,Ohio,ESPN2,later,294.0,351.6347423831957,both
1720,2021,11/10/21,Northern Illinois,Ball St.,ESPN2,later,470.0,393.1172293314377,both
1721,2021,11/10/21,Central Michigan,Kent St.,ESPNU,later,155.0,194.20095755044838,both
1722,2021,11/11/21,Pittsburgh,North Carolina,ESPN,later,1213.0,1167.3241358635098,both
1723,2021,11/12/21,South Florida,Cincinnati,ESPN2,later,1157.0,1321.2376262134699,both
1724,2021,11/12/21,Boise St.,Wyoming,FS1,later,454.0,615.5902741921088,both
1725,2021,11/13/21,Penn St.,Michigan,ABC,later,5942.0,7530.990668255972,both
1726,2021,11/13/21,Wisconsin,Northwestern,ESPN2,later,667.0,521.466984435066,both
1727,2021,11/13/21,Indiana,Rutgers,BTN,later,180.0,289.2846212799486,both
1728,2021,11/13/21,Auburn,Mississippi St.,ESPN,later,1529.0,1590.0566239502805,both
1729,2021,11/13/21,Baylor,Oklahoma,FOX,later,3719.0,4364.79074229981,both
1730,2021,11/13/21,Kansas St.,West Virginia,FS1,later,476.0,398.6244266333018,both
1731,2021,11/13/21,Ohio St.,Purdue,ABC,later,4739.0,4741.903967537225,both
1732,2021,11/13/21,Florida St.,Miami,ESPN,later,1534.0,1038.628911854847,both
1733,2021,11/13/21,Tennessee,Georgia,CBS,later,5781.0,4445.038444384924,both
1734,2021,11/13/21,Iowa,Minnesota,BTN,later,980.0,618.881603908146,both
1735,2021,11/13/21,Texas Tech,Iowa St.,ESPN2,later,676.0,509.42102315397784,both
1736,2021,11/13/21,Michigan St.,Maryland,FOX,later,2204.0,2633.3931832566104,both
1737,2021,11/13/21,Mississippi,Texas A&M,ESPN,later,3531.0,2983.8069550851455,both
1738,2021,11/13/21,Washington,Arizona St.,FS1,later,538.0,561.1904330782666,both
1739,2021,11/13/21,Vanderbilt,Kentucky,ESPN2,later,446.0,501.48255657485186,both
1740,2021,11/13/21,Texas,Kansas,ESPNU,later,487.0,237.22393932370215,both
1741,2021,11/13/21,Virginia,Notre Dame,ABC,later,3278.0,4290.122345816739,both
1742,2021,11/13/21,Oklahoma St.,TCU,FOX,later,1373.0,2403.579015633661,both
1743,2021,11/13/21,San Jose St.,Utah St.,FS1,later,144.0,289.5857959046906,both
1744,2021,11/13/21,Oregon,Washington St.,ESPN,later,1991.0,2058.575802696941,both
1745,2021,11/16/21,Eastern Michigan,Western Michigan,ESPN2,later,428.0,331.5718677086728,both
1746,2021,11/17/21,Buffalo,Northern Illinois,ESPN2,later,516.0,409.03919309342916,both
1747,2021,11/18/21,Duke,Louisville,ESPN,later,466.0,968.43664496665,both
1748,2021,11/19/21,Nevada,Air Force,FS1,later,245.0,527.954621931178,both
1749,2021,11/19/21,Houston,Memphis,ESPN2,later,611.0,515.7311282726879,both
1750,2021,11/20/21,Ohio St.,Michigan St.,ABC,later,5287.0,9095.397770701242,both
1751,2021,11/20/21,Clemson,Wake Forest,ESPN,later,1553.0,1090.914368514042,both
1752,2021,11/20/21,Oklahoma,Iowa St.,FOX,later,3103.0,2864.4598499354406,both
1753,2021,11/20/21,West Virginia,Texas,ESPN2,later,1005.0,828.2600869737148,both
1754,2021,11/20/21,Iowa,Illinois,FS1,later,677.0,522.9840458362258,both
1755,2021,11/20/21,Notre Dame,Georgia Tech,NBC,later,1455.0,1498.0079187535666,both
1756,2021,11/20/21,Alabama,Arkansas,CBS,later,5464.0,3971.2109319610463,both
1757,2021,11/20/21,Pittsburgh,Virginia,ESPN2,later,851.0,711.3365088244143,both
1758,2021,11/20/21,Wisconsin,Nebraska,ABC,later,3534.0,2773.316987188278,both
1759,2021,11/20/21,Cincinnati,SMU,ESPN,later,938.0,1737.5522918590416,both
1760,2021,11/20/21,USC,UCLA,FOX,later,1836.0,1754.2581417191614,both
1761,2021,11/20/21,Kansas St.,Baylor,FS1,later,665.0,683.1434741568821,both
1762,2021,11/20/21,South Carolina,Auburn,ESPN,later,2033.0,1726.4440801849023,both
1763,2021,11/20/21,Tennessee,South Alabama,ESPNU,later,307.0,363.97241032433243,both
1764,2021,11/20/21,Utah,Oregon,ABC,later,4818.0,3769.818198447719,both
1765,2021,11/20/21,Texas Tech,Oklahoma St.,FOX,later,1911.0,2659.463490114129,both
1766,2021,11/20/21,Boise St.,New Mexico,FS1,later,165.0,373.24489277427074,both
1767,2021,11/20/21,LSU,Louisiana Monroe,ESPN2,later,598.0,701.2175662920656,both
1768,2021,11/20/21,Oregon St.,Arizona St.,ESPN,later,1114.0,872.4668464409256,both
1769,2021,11/25/21,San Jose St.,Fresno St.,FS1,later,309.0,206.43363827611748,both
1770,2021,11/25/21,Mississippi St.,Mississippi,ESPN,later,2060.0,2002.713719446897,both
1771,2021,11/26/21,San Diego St.,Boise St.,CBS,later,1950.0,1451.0905532106044,both
1772,2021,11/26/21,Texas,Kansas St.,FOX,later,2861.0,3392.627504202618,both
1773,2021,11/26/21,New Mexico,Utah St.,FS1,later,139.0,393.54591587425637,both
1774,2021,11/26/21,Nebraska,Iowa,BTN,later,1945.0,1373.244666264883,both
1775,2021,11/26/21,East Carolina,Cincinnati,ABC,later,2392.0,3641.0470084153435,both
1776,2021,11/26/21,Arkansas,Missouri,CBS,later,2956.0,2005.2301005881236,both
1777,2021,11/26/21,UCF,South Florida,ESPN,later,711.0,902.3478470389302,both
1778,2021,11/26/21,Utah,Colorado,FOX,later,1554.0,2502.899045940571,both
1779,2021,11/26/21,Iowa St.,TCU,FS1,later,518.0,585.9432943269878,both
1780,2021,11/26/21,North Carolina St.,North Carolina,ESPN,later,2681.0,1344.6660421840716,both
1781,2021,11/26/21,Washington,Washington St.,FS1,later,1210.0,987.6646851257917,both
1782,2021,11/27/21,Florida,Florida St.,ESPN,later,1629.0,1324.51146524153,both
1783,2021,11/27/21,Georgia Tech,Georgia,ABC,later,1947.0,1960.6402617136127,both
1784,2021,11/27/21,Baylor,Texas Tech,FS1,later,412.0,494.2608830158297,both
1785,2021,11/27/21,Rutgers,Maryland,BTN,later,158.0,287.8947255729531,both
1786,2021,11/27/21,Michigan,Ohio St.,FOX,later,15893.0,18109.10232406081,both
1787,2021,11/27/21,Boston College,Wake Forest,ESPN2,later,247.0,298.3065127642617,both
1788,2021,11/27/21,Oregon,Oregon St.,ESPN,later,1337.0,1507.395604226702,both
1789,2021,11/27/21,Auburn,Alabama,CBS,later,10369.0,7902.288514946992,both
1790,2021,11/27/21,Purdue,Indiana,FS1,later,484.0,334.5114843019767,both
1791,2021,11/27/21,Michigan St.,Penn St.,ABC,later,3893.0,3359.3375570982935,both
1792,2021,11/27/21,Illinois,Northwestern,BTN,later,139.0,288.4211375252906,both
1793,2021,11/27/21,SMU,Tulsa,ESPN2,later,119.0,318.6613296142366,both
1794,2021,11/27/21,Minnesota,Wisconsin,FOX,later,5049.0,2564.932629523095,both
1795,2021,11/27/21,Kansas,West Virginia,FS1,later,485.0,317.52569078265435,both
1796,2021,11/27/21,LSU,Texas A&M,ESPN,later,2351.0,1853.5860331220604,both
1797,2021,11/27/21,Louisville,Kentucky,ESPN2,later,700.0,623.1076590987761,both
1798,2021,11/27/21,Oklahoma St.,Oklahoma,ABC,later,6486.0,8780.806945956174,both
1799,2021,11/27/21,Stanford,Notre Dame,FOX,later,2743.0,2608.6579878472517,both
1800,2021,11/27/21,UCLA,California,FS1,later,386.0,351.47680905242237,both
1801,2021,11/27/21,USC,BYU,ESPN,later,1458.0,1401.6014371452825,both
1802,2021,12/3/21,Utah,Oregon,ABC,later,4247.0,4441.147523964256,both
1803,2021,12/4/21,Oklahoma St.,Baylor,ABC,later,8021.0,7947.53219832925,both
1804,2021,12/4/21,Northern Illinois,Kent St.,ESPN,later,867.0,677.3726179610269,both
1805,2021,12/4/21,San Diego St.,Utah St.,FOX,later,816.0,1405.4115812139116,both
1806,2021,12/4/21,Louisiana,Appalachian St.,ESPN,later,440.0,1054.0160640195331,both
1807,2021,12/4/21,Cincinnati,Houston,ABC,later,3415.0,4060.1261210404627,both
1808,2021,12/4/21,Alabama,Georgia,CBS,later,15277.0,7280.370215406029,both
1809,2021,12/4/21,Iowa,Michigan,FOX,later,11658.0,10740.268604275574,both
1810,2021,12/4/21,Wake Forest,Pittsburgh,ABC,later,2661.0,2545.7829947543546,both
1811,2021,12/4/21,California,USC,FS1,later,390.0,528.0368510942851,both
1812,2021,12/11/21,Army,Navy,CBS,later,7570.0,1513.2772341045172,both
1145,2022,8/27/22,Northwestern,Nebraska,FOX,Week0,4420.0,3642.1103802164066,current
1146,2022,8/27/22,Illinois,Wyoming,BTN,Week0,512.0,436.41528810093143,current
1147,2022,8/27/22,Utah St.,Connecticut,FS1,Week0,517.0,263.0356320880787,current
1148,2022,8/27/22,New Mexico St.,Nevada,ESPN2,Week0,304.0,297.2203696609525,current
1149,2022,9/1/22,Oklahoma St.,Central Michigan,FS1,Week1,402.0,376.9512677520398,current
1150,2022,9/1/22,Pittsburgh,West Virginia,ESPN,Week1,3150.0,1910.977360091095,current
1151,2022,9/1/22,Missouri,Louisiana Tech,ESPNU,Week1,122.0,185.8498379237608,current
1152,2022,9/1/22,Purdue,Penn St.,FOX,Week1,3510.0,5068.97289802551,current
1153,2022,9/1/22,Minnesota,New Mexico St.,BTN,Week1,241.0,305.0635849204958,current
1154,2022,9/1/22,Fresno St.,Cal Poly,FS1,Week1,167.0,227.03819740837767,current
1155,2022,9/2/22,Michigan St.,Western Michigan,ESPN2,Week1,1350.0,1468.8586983834505,current
1156,2022,9/2/22,Old Dominion,Virginia Tech,ESPNU,Week1,334.0,386.6709055621095,current
1157,2022,9/2/22,Indiana,Illinois,FS1,Week1,965.0,705.4668107710916,current
1158,2022,9/2/22,Colorado,TCU,ESPN,Week1,1250.0,1970.3082025569836,current
1159,2022,9/3/22,Iowa,South Dakota State,FS1,Week1,1010.0,462.7492389238213,current
1160,2022,9/3/22,Appalachian St.,North Carolina,ESPNU,Week1,520.0,305.5313375834596,current
1161,2022,9/3/22,Maryland,Buffalo,BTN,Week1,181.0,308.8815532353435,current
1162,2022,9/3/22,Michigan,Colorado St.,ABC,Week1,3930.0,2658.3527132014488,current
1163,2022,9/3/22,East Carolina,North Carolina St.,ESPN,Week1,2030.0,947.2085229885462,current
1164,2022,9/3/22,Wyoming,Tulsa,FS1,Week1,361.0,333.47645127122144,current
1165,2022,9/3/22,Nebraska,North Dakota,BTN,Week1,889.0,472.8689096251823,current
1166,2022,9/3/22,Arkansas,Cincinnati,ESPN,Week1,2900.0,1903.9302958765957,current
1167,2022,9/3/22,San Diego St.,Arizona,CBS,Week1,921.0,1137.0516461749119,current
1168,2022,9/3/22,Georgia,Oregon,ABC,Week1,6200.0,6380.993374416354,current
1169,2022,9/3/22,Oklahoma,UTEP,FOX,Week1,1220.0,2083.1623815596968,current
1170,2022,9/3/22,Wisconsin,Illinois State,FS1,Week1,498.0,443.96315552490637,current
1171,2022,9/3/22,Florida,Utah,ESPN,Week1,2950.0,1965.2362232303983,current
1172,2022,9/3/22,Ohio St.,Notre Dame,ABC,Week1,10530.0,14500.504849570636,current
1173,2022,9/3/22,Washington,Kent St.,FS1,Week1,319.0,518.0897121738109,current
1174,2022,9/3/22,Oregon St.,Boise St.,ESPN,Week1,1250.0,1170.4631510415675,current
1175,2022,9/4/22,Florida St.,LSU,ABC,Week1,7550.0,8416.544674585768,current
1176,2022,9/5/22,Georgia Tech,Clemson,ESPN,Week1,4860.0,3728.5999514852424,current
1177,2022,9/9/22,UCF,Louisville,ESPN2,later,1850.0,973.9869392000037,current
1178,2022,9/10/22,Arkansas,South Carolina,ESPN,later,1520.0,1729.2407861545212,current
1179,2022,9/10/22,Kansas St.,Missouri,ESPN2,later,490.0,595.8249209172393,current
1180,2022,9/10/22,Northwestern,Duke,FS1,later,160.0,335.1945051203587,current
1181,2022,9/10/22,Texas,Alabama,FOX,later,10600.0,6743.3400216635055,current
1182,2022,9/10/22,Penn St.,Ohio,ABC,later,1550.0,1727.5848239722775,current
1183,2022,9/10/22,Notre Dame,Marshall,NBC,later,2480.0,2172.8742434111837,current
1184,2022,9/10/22,Wisconsin,Washington St.,FOX,later,3920.0,2509.016762058477,current
1185,2022,9/10/22,Air Force,Colorado,CBS,later,808.0,1067.2226821953686,current
1186,2022,9/10/22,Texas A&M,Appalachian St.,ESPN2,later,1770.0,1070.4832955345184,current
1187,2022,9/10/22,Pittsburgh,Tennessee,ABC,later,4460.0,4173.733790123713,current
1188,2022,9/10/22,Illinois,Virginia,ESPNU,later,159.0,374.8903175471533,current
1189,2022,9/10/22,Texas Tech,Houston,FS1,later,633.0,486.95068313972587,current
1190,2022,9/10/22,Florida,Kentucky,ESPN,later,4330.0,3500.133009544387,current
1191,2022,9/10/22,Auburn,San Jose St.,ESPNU,later,364.0,331.0749675648517,current
1192,2022,9/10/22,Oklahoma St.,Arizona St.,ESPN2,later,1020.0,917.6221294004765,current
1193,2022,9/10/22,Stanford,USC,ABC,later,2960.0,3133.4626447142446,current
1194,2022,9/10/22,Nebraska,Georgia Southern,FS1,later,1240.0,644.5514287452991,current
1195,2022,9/10/22,BYU,Baylor,ESPN,later,2370.0,2186.1859675560177,current
1196,2022,9/10/22,Arizona,Mississippi St.,FS1,later,471.0,559.7602819967401,current
1197,2022,9/16/22,Louisville,Florida St.,ESPN,later,2750.0,1942.4829698072513,current
1198,2022,9/17/22,Nebraska,Oklahoma,FOX,later,3410.0,4972.288822482269,current
1199,2022,9/17/22,South Carolina,Georgia,ESPN,later,3000.0,2912.4314131445926,current
1200,2022,9/17/22,Baylor,Texas St.,FS1,later,221.0,316.9566334407213,current
1201,2022,9/17/22,Miami Ohio,Cincinnati,ESPNU,later,185.0,203.59185531984173,current
1202,2022,9/17/22,Michigan,Connecticut,ABC,later,2030.0,2343.62653746298,current
1203,2022,9/17/22,Syracuse,Purdue,ESPN2,later,1210.0,659.1334281977422,current
1204,2022,9/17/22,Notre Dame,California,NBC,later,2910.0,1609.9265483624501,current
1205,2022,9/17/22,Minnesota,Colorado,ESPN2,later,690.0,802.6208151927176,current
1206,2022,9/17/22,Georgia Tech,Mississippi,ABC,later,1390.0,1713.7826054388634,current
1207,2022,9/17/22,Auburn,Penn St.,CBS,later,4050.0,4400.910184416415,current
1208,2022,9/17/22,Wisconsin,New Mexico St.,BTN,later,426.0,395.37726413062734,current
1209,2022,9/17/22,Oregon,BYU,FOX,later,2580.0,3087.365947391381,current
1210,2022,9/17/22,Boise St.,UT Martin,FS1,later,214.0,316.28413992187984,current
1211,2022,9/17/22,Houston,Kansas,ESPNU,later,225.0,230.2209048412885,current
1212,2022,9/17/22,Bowling Green,Marshall,NFLN,later,169.0,69.50777186139378,current
1213,2022,9/17/22,LSU,Mississippi St.,ESPN,later,3060.0,2319.02979083848,current
1214,2022,9/17/22,North Carolina St.,Texas Tech,ESPN2,later,747.0,670.3843893917779,current
1215,2022,9/17/22,Ohio St.,Toledo,FOX,later,3050.0,2368.838515590485,current
1216,2022,9/17/22,Iowa,Nevada,BTN,later,348.0,419.54098481284746,current
1217,2022,9/17/22,Western Michigan,Pittsburgh,ESPNU,later,195.0,252.98536177608082,current
1218,2022,9/17/22,Maryland,SMU,FS1,later,257.0,332.5971221505994,current
1219,2022,9/17/22,Washington,Michigan St.,ABC,later,2790.0,3271.736970230412,current
1220,2022,9/17/22,Texas A&M,Miami,ESPN,later,3400.0,2432.329530456002,current
1221,2022,9/17/22,Utah,San Diego St.,ESPN2,later,326.0,520.2610612904725,current
1222,2022,9/17/22,USC,Fresno St.,FOX,later,1620.0,1646.7657509797862,current
1223,2022,9/17/22,Arizona,North Dakota State,FS1,later,335.0,348.57743216926906,current
1224,2022,9/22/22,Georgia St.,Coastal Carolina,ESPN2,later,224.0,351.5173426124213,current
1225,2022,9/22/22,Virginia Tech,West Virginia,ESPN,later,1600.0,1527.8139551906104,current
1226,2022,9/22/22,Illinois,Chattanooga,BTN,later,176.0,304.97531200105715,current
1227,2022,9/23/22,Syracuse,Virginia,ESPN,later,1790.0,1504.913345095434,current
1228,2022,9/23/22,Air Force,Nevada,FS1,later,312.0,382.64819534227956,current
1229,2022,9/24/22,Kansas,Duke,FS1,later,441.0,325.15394841207865,current
1230,2022,9/24/22,Iowa St.,Baylor,ESPN2,later,762.0,746.5746878168982,current
1231,2022,9/24/22,Auburn,Missouri,ESPN,later,2070.0,1690.314388901089,current
1232,2022,9/24/22,Penn St.,Central Michigan,BTN,later,628.0,513.67779923508,current
1233,2022,9/24/22,Wake Forest,Clemson,ABC,later,3180.0,3184.9010947908605,current
1234,2022,9/24/22,Michigan,Maryland,FOX,later,4380.0,3684.98054100829,current
1235,2022,9/24/22,San Diego St.,Toledo,FS1,later,145.0,249.48602986102247,current
1236,2022,9/24/22,Tennessee,Florida,CBS,later,5570.0,3747.4874960109673,current
1237,2022,9/24/22,Texas Tech,Texas,ESPN,later,2280.0,1914.5479674691755,current
1238,2022,9/24/22,North Carolina,Notre Dame,ABC,later,3460.0,3015.390294504332,current
1239,2022,9/24/22,Michigan St.,Minnesota,BTN,later,1110.0,734.2687646872779,current
1240,2022,9/24/22,Cincinnati,Indiana,ESPN2,later,482.0,590.4588969798529,current
1241,2022,9/24/22,Washington St.,Oregon,FOX,later,2270.0,2414.725715657333,current
1242,2022,9/24/22,UCF,Georgia Tech,ESPNU,later,107.0,258.8725895997254,current
1243,2022,9/24/22,Texas A&M,Arkansas,ESPN,later,3500.0,3051.710986579577,current
1244,2022,9/24/22,Kentucky,Northern Illinois,ESPN2,later,555.0,858.183985005388,current
1245,2022,9/24/22,Rutgers,Iowa,FS1,later,739.0,634.8141528520266,current
1246,2022,9/24/22,Ohio St.,Wisconsin,ABC,later,4590.0,6313.046642385741,current
1247,2022,9/24/22,South Carolina,Charlotte,ESPNU,later,177.0,230.4753076817833,current
1248,2022,9/24/22,Oklahoma,Kansas St.,FOX,later,3370.0,2868.540320555948,current
1249,2022,9/24/22,BYU,Wyoming,ESPN2,later,609.0,640.8184831777521,current
1250,2022,9/24/22,Arizona St.,Utah,ESPN,later,1210.0,1199.4097681895942,current
1251,2022,9/24/22,Washington,Stanford,FS1,later,532.0,626.3329219292588,current
1252,2022,9/29/22,BYU,Utah St.,ESPN,later,1260.0,751.4518532693946,current
1253,2022,9/30/22,Houston,Tulane,ESPN,later,1220.0,889.6543473342615,current
1254,2022,9/30/22,Boise St.,San Diego St.,FS1,later,407.0,673.2038274095337,current
1255,2022,9/30/22,UCLA,Washington,ESPN,later,1700.0,1761.8477044770257,current
1256,2022,10/1/22,TCU,Oklahoma,ABC,later,2470.0,2326.3089501249697,current
1257,2022,10/1/22,Wisconsin,Illinois,BTN,later,573.0,498.15602840494273,current
1258,2022,10/1/22,Minnesota,Purdue,ESPN2,later,829.0,792.2899847172821,current
1259,2022,10/1/22,Iowa,Michigan,FOX,later,4200.0,4501.906343832052,current
1260,2022,10/1/22,Air Force,Navy,CBS,later,1130.0,1093.4868696258459,current
1261,2022,10/1/22,Mississippi,Kentucky,ESPN,later,2790.0,2552.92734906302,current
1262,2022,10/1/22,Maryland,Michigan St.,FS1,later,904.0,722.4517753857117,current
1263,2022,10/1/22,Florida St.,Wake Forest,ABC,later,2480.0,2435.170344338167,current
1264,2022,10/1/22,Ohio St.,Rutgers,BTN,later,1790.0,1320.6113053289062,current
1265,2022,10/1/22,Arkansas,Alabama,CBS,later,5830.0,5569.95726719032,current
1266,2022,10/1/22,Kansas,Iowa St.,ESPN2,later,865.0,559.7543596060132,current
1267,2022,10/1/22,Penn St.,Northwestern,ESPN,later,1620.0,1675.8018300452627,current
1268,2022,10/1/22,Baylor,Oklahoma St.,FOX,later,2410.0,3107.000579754645,current
1269,2022,10/1/22,Auburn,LSU,ESPN,later,2790.0,2797.3828457870495,current
1270,2022,10/1/22,Clemson,North Carolina St.,ABC,later,4980.0,4896.899184424867,current
1271,2022,10/1/22,Texas,West Virginia,FS1,later,1190.0,1091.9948907148441,current
1272,2022,10/1/22,Nebraska,Indiana,BTN,later,1140.0,723.990629991961,current
1273,2022,10/1/22,USC,Arizona St.,ESPN,later,1920.0,2227.0501801993405,current
1274,2022,10/1/22,Oregon,Stanford,FS1,later,672.0,738.0765023955179,current
1275,2022,10/5/22,UCF,SMU,ESPN2,later,866.0,592.5841430834557,current
1276,2022,10/7/22,Rutgers,Nebraska,FS1,later,1150.0,990.1844247331528,current
1277,2022,10/7/22,Memphis,Houston,ESPN2,later,699.0,686.8963529383218,current
1278,2022,10/7/22,Nevada,Colorado St.,FS1,later,433.0,266.41523077470856,current
1279,2022,10/8/22,Indiana,Michigan,FOX,later,4010.0,3218.274877425679,current
1280,2022,10/8/22,LSU,Tennessee,ESPN,later,2960.0,4760.901142350412,current
1281,2022,10/8/22,Kansas,TCU,FS1,later,1310.0,806.3637035159071,current
1282,2022,10/8/22,Florida,Missouri,ESPNU,later,488.0,456.15683745443937,current
1283,2022,10/8/22,Maryland,Purdue,BTN,later,400.0,365.65667202800813,current
1284,2022,10/8/22,Oklahoma,Texas,ABC,later,3360.0,3408.3828249881462,current
1285,2022,10/8/22,UCLA,Utah,FOX,later,2650.0,2249.8884193904996,current
1286,2022,10/8/22,Oklahoma St.,Texas Tech,FS1,later,1630.0,746.5179722743537,current
1287,2022,10/8/22,Georgia,Auburn,CBS,later,4240.0,4462.036132233235,current
1288,2022,10/8/22,Northwestern,Wisconsin,BTN,later,572.0,447.8676637089224,current
1289,2022,10/8/22,Miami,North Carolina,ESPN2,later,1250.0,659.6463397792456,current
1290,2022,10/8/22,Michigan St.,Ohio St.,ABC,later,4440.0,6520.154272355801,current
1291,2022,10/8/22,Utah St.,Air Force,FS1,later,433.0,173.91850662371843,current
1292,2022,10/8/22,Arkansas St.,James Madison,NFLN,later,103.0,50.98916650615739,current
1293,2022,10/8/22,Notre Dame,BYU,NBC,later,2530.0,2138.056830578238,current
1294,2022,10/8/22,Boston College,Clemson,ABC,later,1930.0,2216.3562970266466,current
1295,2022,10/8/22,Iowa St.,Kansas St.,ESPNU,later,373.0,346.5056917352694,current
1296,2022,10/8/22,USC,Washington St.,FOX,later,1840.0,2390.5525252386356,current
1297,2022,10/8/22,Illinois,Iowa,BTN,later,855.0,569.6953316789411,current
1298,2022,10/8/22,Alabama,Texas A&M,CBS,later,7150.0,6055.741104393939,current
1299,2022,10/8/22,Boise St.,Fresno St.,FS1,later,375.0,359.2899272657739,current
1300,2022,10/8/22,Stanford,Oregon St.,ESPN,later,1080.0,982.3956027279048,current
1301,2022,10/12/22,Marshall,Louisiana,ESPN2,later,496.0,390.27761989263234,current
1302,2022,10/13/22,UCF,Temple,ESPN,later,603.0,622.7469686340561,current
1303,2022,10/13/22,West Virginia,Baylor,FS1,later,1150.0,610.2513827168942,current
1304,2022,10/14/22,SMU,Navy,ESPN,later,959.0,923.6655943008112,current
1305,2022,10/15/22,Oklahoma,Kansas,ESPN2,later,1210.0,834.958239821299,current
1306,2022,10/15/22,Illinois,Minnesota,BTN,later,619.0,434.2994693953085,current
1307,2022,10/15/22,Mississippi,Auburn,ESPN,later,2060.0,2130.131452995947,current
1308,2022,10/15/22,Texas,Iowa St.,ABC,later,2350.0,2702.6209900401755,current
1309,2022,10/15/22,Michigan,Penn St.,FOX,later,6450.0,8370.329507026592,current
1310,2022,10/15/22,TCU,Oklahoma St.,ABC,later,2140.0,3258.97968166889,current
1311,2022,10/15/22,BYU,Arkansas,ESPN,later,1060.0,980.1070376961984,current
1312,2022,10/15/22,Indiana,Maryland,ESPN2,later,392.0,456.99400148127006,current
1313,2022,10/15/22,Tennessee,Alabama,CBS,later,11560.0,10059.271098428646,current
1314,2022,10/15/22,Michigan St.,Wisconsin,FOX,later,2450.0,2883.6397779943068,current
1315,2022,10/15/22,Florida,LSU,ESPN,later,2460.0,2640.869522510745,current
1316,2022,10/15/22,Florida St.,Clemson,ABC,later,3380.0,4318.861574292907,current
1317,2022,10/15/22,Purdue,Nebraska,BTN,later,943.0,740.8855072072843,current
1318,2022,10/15/22,Notre Dame,Stanford,NBC,later,2150.0,1494.7894567590108,current
1319,2022,10/15/22,Utah,USC,FOX,later,2740.0,2947.8413304870924,current
1320,2022,10/19/22,Appalachian St.,Georgia St.,ESPN2,later,439.0,382.72030431297446,current
1321,2022,10/20/22,Georgia Tech,Virginia,ESPN,later,891.0,842.1188658296347,current
1322,2022,10/21/22,Temple,Tulsa,ESPN2,later,502.0,475.68982515068217,current
1323,2022,10/22/22,Baylor,Kansas,ESPN2,later,744.0,466.684049029638,current
1324,2022,10/22/22,Clemson,Syracuse,ABC,later,4750.0,4101.496720267533,current
1325,2022,10/22/22,Ohio St.,Iowa,FOX,later,4380.0,5278.983809955436,current
1326,2022,10/22/22,Rutgers,Indiana,BTN,later,238.0,296.150471451651,current
1327,2022,10/22/22,SMU,Cincinnati,ESPN,later,682.0,796.6365922071848,current
1328,2022,10/22/22,Texas Tech,West Virginia,FS1,later,542.0,555.1010795333499,current
1329,2022,10/22/22,Tulane,Memphis,ESPN2,later,168.0,267.0098331625147,current
1330,2022,10/22/22,Maryland,Northwestern,BTN,later,252.0,273.8872490270394,current
1331,2022,10/22/22,Oregon,UCLA,FOX,later,3340.0,4254.4720746365,current
1332,2022,10/22/22,Oklahoma St.,Texas,ABC,later,4460.0,4730.142294973015,current
1333,2022,10/22/22,Wisconsin,Purdue,ESPN,later,1010.0,1359.621591951021,current
1334,2022,10/22/22,LSU,Mississippi,CBS,later,3860.0,3728.5098442466588,current
1335,2022,10/22/22,Alabama,Mississippi St.,ESPN,later,3590.0,4430.050203097881,current
1336,2022,10/22/22,Penn St.,Minnesota,ABC,later,3540.0,4017.566223932212,current
1337,2022,10/22/22,TCU,Kansas St.,FS1,later,1530.0,1218.6725401765834,current
1338,2022,10/22/22,Wyoming,Utah St.,FS2,later,109.0,548.7932277019178,current
1339,2022,10/22/22,California,Washington,ESPN,later,1320.0,1060.3802497905829,current
1340,2022,10/27/22,Southern Miss,Louisiana,ESPN2,later,190.0,372.4246472750365,current
1341,2022,10/27/22,North Carolina St.,Virginia Tech,ESPN,later,1230.0,1245.2948803409959,current
1342,2022,10/27/22,Washington St.,Utah,FS1,later,470.0,414.734548244463,current
1343,2022,10/28/22,BYU,East Carolina,ESPN2,later,823.0,800.7704597084635,current
1344,2022,10/29/22,Houston,South Florida,ESPN2,later,131.0,247.5774372821536,current
1345,2022,10/29/22,Penn St.,Ohio St.,FOX,later,8270.0,7243.535069554213,current
1346,2022,10/29/22,Syracuse,Notre Dame,ABC,later,2340.0,3099.5557429313985,current
1347,2022,10/29/22,Iowa St.,Oklahoma,FS1,later,711.0,652.7065291651016,current
1348,2022,10/29/22,West Virginia,TCU,ESPN,later,1510.0,1482.3994931894845,current
1349,2022,10/29/22,Minnesota,Rutgers,BTN,later,302.0,388.4228426634472,current
1350,2022,10/29/22,California,Oregon,FS1,later,738.0,719.6265358635677,current
1351,2022,10/29/22,UCF,Cincinnati,ESPN,later,1060.0,1214.0465527619604,current
1352,2022,10/29/22,Iowa,Northwestern,ESPN2,later,483.0,597.116137451031,current
1353,2022,10/29/22,Kansas St.,Oklahoma St.,FOX,later,3380.0,3206.8228782330507,current
1354,2022,10/29/22,Georgia,Florida,CBS,later,5620.0,5019.051965712177,current
1355,2022,10/29/22,Nebraska,Illinois,ABC,later,2490.0,2546.54064289214,current
1356,2022,10/29/22,Boise St.,Colorado St.,FS1,later,269.0,246.0794467802994,current
1357,2022,10/29/22,Tennessee,Kentucky,ESPN,later,4040.0,4318.582281203545,current
1358,2022,10/29/22,Michigan,Michigan St.,ABC,later,5580.0,6487.293542028283,current
1359,2022,10/29/22,Texas Tech,Baylor,ESPN2,later,572.0,573.7861175336227,current
1360,2022,10/29/22,Fresno St.,San Diego St.,FS1,later,219.0,268.5527903431434,current
1361,2022,10/29/22,UCLA,Stanford,ESPN,later,1260.0,1306.2180795600088,current
1362,2022,11/1/22,Ohio,Buffalo,ESPN2,later,276.0,405.6845799514772,current
1363,2022,11/2/22,Bowling Green,Western Michigan,ESPN2,later,361.0,324.78140020748253,current
1364,2022,11/3/22,Coastal Carolina,Appalachian St.,ESPN,later,743.0,633.1111573075746,current
1365,2022,11/4/22,Boston College,Duke,ESPN2,later,787.0,568.7925045887629,current
1366,2022,11/4/22,Washington,Oregon St.,ESPN2,later,1130.0,1140.0670445154258,current
1367,2022,11/5/22,Army,Air Force,CBS,later,1230.0,1314.2951355110133,current
1368,2022,11/5/22,Purdue,Iowa,FS1,later,582.0,619.742181459334,current
1369,2022,11/5/22,Nebraska,Minnesota,ESPN2,later,1070.0,901.1217045142243,current
1370,2022,11/5/22,TCU,Texas Tech,FOX,later,2510.0,1872.3649961583756,current
1371,2022,11/5/22,Wisconsin,Maryland,BTN,later,576.0,437.0193571008302,current
1372,2022,11/5/22,Texas A&M,Florida,ESPN,later,2730.0,2063.0371728953246,current
1373,2022,11/5/22,Northwestern,Ohio St.,ABC,later,4760.0,3145.270148580533,current
1374,2022,11/5/22,Kansas,Oklahoma St.,FS1,later,734.0,475.75060628240794,current
1375,2022,11/5/22,Indiana,Penn St.,ABC,later,2230.0,2535.6659320093254,current
1376,2022,11/5/22,Illinois,Michigan St.,BTN,later,928.0,658.0474262967994,current
1377,2022,11/5/22,Memphis,UCF,ESPN2,later,321.0,428.4095705302161,current
1378,2022,11/5/22,Colorado,Oregon,ESPN,later,962.0,1613.2490623654749,current
1379,2022,11/5/22,Georgia,Tennessee,CBS,later,13060.0,10167.572979069824,current
1380,2022,11/5/22,Boise St.,BYU,FS2,later,281.0,763.1324059778012,current
1381,2022,11/5/22,LSU,Alabama,ESPN,later,7580.0,7079.70698457563,current
1382,2022,11/5/22,Kansas St.,Texas,FS1,later,1250.0,818.9995718704049,current
1383,2022,11/5/22,Miami,Florida St.,ABC,later,1500.0,2168.000196030207,current
1384,2022,11/5/22,Mississippi St.,Auburn,ESPN2,later,512.0,752.9564441341782,current
1385,2022,11/5/22,Rutgers,Michigan,BTN,later,1290.0,974.4547450231976,current
1386,2022,11/5/22,Notre Dame,Clemson,NBC,later,3220.0,3624.067033755655,current
1387,2022,11/5/22,USC,California,ESPN,later,2040.0,1810.4174720129713,current
1388,2022,11/5/22,Arizona St.,UCLA,FS1,later,490.0,652.9437756948728,current
1389,2022,11/8/22,Miami Ohio,Ohio,ESPN2,later,258.0,319.20796101958456,current
1390,2022,11/8/22,Toledo,Ball St.,ESPN,later,482.0,439.38471720286964,current
1391,2022,11/9/22,Central Michigan,Buffalo,ESPN2,later,350.0,384.3491083607304,current
1392,2022,11/10/22,Memphis,Tulsa,ESPN,later,574.0,553.0244703966285,current
1393,2022,11/10/22,Louisiana,Georgia Southern,ESPN2,later,254.0,360.90622237219486,current
1394,2022,11/11/22,Cincinnati,East Carolina,ESPN2,later,803.0,841.8456672328057,current
1395,2022,11/11/22,USC,Colorado,FS1,later,525.0,968.1794477818803,current
1396,2022,11/12/22,Ohio St.,Indiana,FOX,later,3340.0,3017.9385712874778,current
1397,2022,11/12/22,Michigan St.,Rutgers,BTN,later,591.0,449.9134276312074,current
1398,2022,11/12/22,Navy,Notre Dame,ABC,later,2070.0,2170.549312762515,current
1399,2022,11/12/22,West Virginia,Oklahoma,FS1,later,956.0,687.4808881563322,current
1400,2022,11/12/22,Tennessee,Missouri,CBS,later,3010.0,3383.665262396262,current
1401,2022,11/12/22,Illinois,Purdue,ESPN2,later,835.0,651.5245244970675,current
1402,2022,11/12/22,Arkansas,LSU,ESPN,later,3570.0,2834.0679788792495,current
1403,2022,11/12/22,Iowa,Wisconsin,FS1,later,1090.0,788.0087524689134,current
1404,2022,11/12/22,Oklahoma St.,Iowa St.,ESPNU,later,272.0,301.7508301619994,current
1405,2022,11/12/22,Mississippi,Alabama,CBS,later,8710.0,5991.765303319041,current
1406,2022,11/12/22,Michigan,Nebraska,ABC,later,3880.0,5509.302485548571,current
1407,2022,11/12/22,Penn St.,Maryland,FOX,later,1880.0,2226.834130960411,current
1408,2022,11/12/22,Tulane,UCF,ESPN2,later,368.0,759.5796317970432,current
1409,2022,11/12/22,Clemson,Louisville,ESPN,later,1350.0,1370.8727311856067,current
1410,2022,11/12/22,Minnesota,Northwestern,BTN,later,331.0,306.76301083321096,current
1411,2022,11/12/22,Oregon,Washington,FOX,later,3630.0,3879.47371168842,current
1412,2022,11/12/22,Baylor,Kansas St.,FS1,later,528.0,513.6495169171026,current
1413,2022,11/12/22,Mississippi St.,Georgia,ESPN,later,3340.0,2834.9078198120005,current
1414,2022,11/12/22,Texas,TCU,ABC,later,5030.0,5636.006748914274,current
1415,2022,11/12/22,Wake Forest,North Carolina,ESPN2,later,610.0,534.9906063111064,current
1416,2022,11/12/22,Utah,Stanford,ESPN,later,1040.0,919.9444185435486,current
1417,2022,11/12/22,San Diego St.,San Jose St.,FS1,later,146.0,242.89827182054265,current
1418,2022,11/12/22,UCLA,Arizona,FOX,later,1860.0,1726.2487268381535,current
1419,2022,11/15/22,Ball St.,Ohio,ESPN2,later,250.0,366.5736239528402,current
1420,2022,11/16/22,Kent St.,Eastern Michigan,ESPN2,later,399.0,298.03428142715177,current
1421,2022,11/16/22,Central Michigan,Western Michigan,ESPNU,later,179.0,136.11735475567679,current
1422,2022,11/17/22,Tulane,SMU,ESPN,later,767.0,588.9649107560716,current
1423,2022,11/18/22,Tulsa,South Florida,ESPN2,later,510.0,465.7996335653281,current
1424,2022,11/18/22,New Mexico,San Diego St.,FS1,later,210.0,312.96027753879133,current
1425,2022,11/19/22,UCF,Navy,ESPN2,later,610.0,507.3656093600384,current
1426,2022,11/19/22,Michigan St.,Indiana,BTN,later,369.0,458.3829460390299,current
1427,2022,11/19/22,Nebraska,Wisconsin,ESPN,later,1630.0,1797.4493148516112,current
1428,2022,11/19/22,Baylor,TCU,FOX,later,4350.0,2626.527191290946,current
1429,2022,11/19/22,Purdue,Northwestern,FS1,later,209.0,379.3331093580717,current
1430,2022,11/19/22,Michigan,Illinois,ABC,later,5470.0,4638.130327260003,current
1431,2022,11/19/22,Arizona St.,Oregon St.,ESPN2,later,484.0,446.5665899074464,current
1432,2022,11/19/22,Notre Dame,Boston College,NBC,later,1270.0,1388.2518356773676,current
1433,2022,11/19/22,Maryland,Ohio St.,ABC,later,6600.0,3566.0007870484533,current
1434,2022,11/19/22,Kansas,Texas,FS1,later,940.0,631.8068899919172,current
1435,2022,11/19/22,Rutgers,Penn St.,BTN,later,856.0,614.1200088256164,current
1436,2022,11/19/22,Clemson,Miami,ESPN,later,1140.0,1854.0848163629717,current
1437,2022,11/19/22,Kentucky,Georgia,CBS,later,4480.0,4348.601790521147,current
1438,2022,11/19/22,Minnesota,Iowa,FOX,later,2500.0,2035.5560306166474,current
1439,2022,11/19/22,North Carolina,Georgia Tech,ESPN2,later,732.0,597.287824641435,current
1440,2022,11/19/22,Iowa St.,Texas Tech,FS1,later,545.0,459.9500931166172,current
1441,2022,11/19/22,South Carolina,Tennessee,ESPN,later,4870.0,3003.7822623940297,current
1442,2022,11/19/22,Missouri,New Mexico St.,ESPNU,later,63.0,160.22565459357747,current
1443,2022,11/19/22,Oklahoma,Oklahoma St.,ABC,later,3060.0,2811.7479559133762,current
1444,2022,11/19/22,UCLA,USC,FOX,later,4530.0,4166.974696746648,current
1445,2022,11/19/22,LSU,UAB,ESPN2,later,848.0,856.40863767324,current
1446,2022,11/19/22,Utah St.,San Jose St.,FS1,later,128.0,165.13957537118603,current
1447,2022,11/19/22,Oregon,Utah,ESPN,later,2540.0,2959.574507725056,current
1448,2022,11/22/22,Ohio,Bowling Green,ESPNU,later,229.0,144.43283736536273,current
1449,2022,11/24/22,Mississippi,Mississippi St.,ESPN,later,2230.0,1517.1190125836565,current
1450,2022,11/25/22,Cincinnati,Tulane,ABC,later,1720.0,2893.5527868780955,current
1451,2022,11/25/22,Boise St.,Utah St.,CBS,later,1440.0,1092.490943692205,current
1452,2022,11/25/22,Texas,Baylor,ESPN,later,2690.0,2948.2766680094905,current
1453,2022,11/25/22,Arizona,Arizona St.,FS1,later,567.0,900.9598583024208,current
1454,2022,11/25/22,Missouri,Arkansas,CBS,later,3270.0,1966.4995843659772,current
1455,2022,11/25/22,North Carolina,North Carolina St.,ABC,later,3610.0,2461.1754537847746,current
1456,2022,11/25/22,Iowa,Nebraska,BTN,later,1470.0,1136.2582150738024,current
1457,2022,11/25/22,California,UCLA,FOX,later,3270.0,1930.4407208816451,current
1458,2022,11/25/22,Florida St.,Florida,ABC,later,6710.0,5914.644726171894,current
1459,2022,11/25/22,Fresno St.,Wyoming,FS1,later,260.0,394.2184444842769,current
1460,2022,11/26/22,Clemson,South Carolina,ABC,later,2320.0,2512.6672803743013,current
1461,2022,11/26/22,Ohio St.,Michigan,FOX,later,17140.0,15759.517968007576,current
1462,2022,11/26/22,Maryland,Rutgers,BTN,later,97.0,211.41270901381827,current
1463,2022,11/26/22,Georgia,Georgia Tech,ESPN,later,2060.0,1461.4941882508651,current
1464,2022,11/26/22,Oklahoma St.,West Virginia,ESPN2,later,694.0,525.8183749109975,current
1465,2022,11/26/22,Alabama,Auburn,CBS,later,6270.0,8309.634298071287,current
1466,2022,11/26/22,Wisconsin,Minnesota,ESPN,later,1710.0,1827.4063770930425,current
1467,2022,11/26/22,SMU,Memphis,ESPN2,later,213.0,224.76411368567193,current
1468,2022,11/26/22,Oregon St.,Oregon,ABC,later,3560.0,3846.626738554452,current
1469,2022,11/26/22,Penn St.,Michigan St.,FS1,later,1990.0,1182.406326298758,current
1470,2022,11/26/22,TCU,Iowa St.,FOX,later,4340.0,1909.3246036441637,current
1471,2022,11/26/22,Texas A&M,LSU,ESPN,later,3920.0,3130.4920332301945,current
1472,2022,11/26/22,South Florida,UCF,ESPN2,later,329.0,383.1540397348032,current
1473,2022,11/26/22,Texas Tech,Oklahoma,FS1,later,1210.0,666.2596916582193,current
1474,2022,11/26/22,USC,Notre Dame,ABC,later,6680.0,8681.20826040787,current
1475,2022,11/26/22,Kansas St.,Kansas,FOX,later,2320.0,1007.1887119854715,current
1476,2022,11/26/22,Washington St.,Washington,ESPN,later,2380.0,2046.2460333737847,current
1477,2022,11/26/22,Stanford,BYU,FS1,later,453.0,371.8654930667224,current
1478,2022,12/2/22,USC,Utah,FOX,later,5970.0,5087.560097147267,current
1479,2022,12/3/22,TCU,Kansas St.,ABC,later,9410.0,4106.934543763744,current
1480,2022,12/3/22,Ohio,Toledo,ESPN,later,721.0,409.3688583829585,current
1481,2022,12/3/22,Troy,Coastal Carolina,ESPN,later,332.0,445.12569836818,current
1482,2022,12/3/22,Tulane,UCF,ABC,later,2700.0,2212.389893470479,current
1483,2022,12/3/22,Boise St.,Fresno St.,FOX,later,1940.0,1003.2290578682916,current
1484,2022,12/3/22,Georgia,LSU,CBS,later,10890.0,8828.51378295594,current
1485,2022,12/3/22,North Carolina,Clemson,ABC,later,3470.0,5627.733514070765,current
1486,2022,12/3/22,Michigan,Purdue,FOX,later,10700.0,6178.486296248925,current
1487,2022,12/10/22,Army,Navy,CBS,later,6940.0,6060.5140748994345,current
1145,2022,8/27/22,Northwestern,Nebraska,FOX,Week0,4420.0,3475.199304448771,gameday
1146,2022,8/27/22,Illinois,Wyoming,BTN,Week0,512.0,437.7585925100167,gameday
1147,2022,8/27/22,Utah St.,Connecticut,FS1,Week0,517.0,260.8280915791952,gameday
1148,2022,8/27/22,New Mexico St.,Nevada,ESPN2,Week0,304.0,296.4088365443786,gameday
1149,2022,9/1/22,Oklahoma St.,Central Michigan,FS1,Week1,402.0,378.6513929093221,gameday
1150,2022,9/1/22,Pittsburgh,West Virginia,ESPN,Week1,3150.0,2300.991638631508,gameday
1151,2022,9/1/22,Missouri,Louisiana Tech,ESPNU,Week1,122.0,187.5243385587048,gameday
1152,2022,9/1/22,Purdue,Penn St.,FOX,Week1,3510.0,5067.371875085635,gameday
1153,2022,9/1/22,Minnesota,New Mexico St.,BTN,Week1,241.0,304.551554519803,gameday
1154,2022,9/1/22,Fresno St.,Cal Poly,FS1,Week1,167.0,226.3384995420221,gameday
1155,2022,9/2/22,Michigan St.,Western Michigan,ESPN2,Week1,1350.0,1474.5756411206971,gameday
1156,2022,9/2/22,Old Dominion,Virginia Tech,ESPNU,Week1,334.0,390.8568160638349,gameday
1157,2022,9/2/22,Indiana,Illinois,FS1,Week1,965.0,710.2124038066752,gameday
1158,2022,9/2/22,Colorado,TCU,ESPN,Week1,1250.0,1984.9984066979048,gameday
1159,2022,9/3/22,Iowa,South Dakota State,FS1,Week1,1010.0,470.1326995440711,gameday
1160,2022,9/3/22,Appalachian St.,North Carolina,ESPNU,Week1,520.0,306.66004914853096,gameday
1161,2022,9/3/22,Maryland,Buffalo,BTN,Week1,181.0,309.52946373866166,gameday
1162,2022,9/3/22,Michigan,Colorado St.,ABC,Week1,3930.0,2586.101868868886,gameday
1163,2022,9/3/22,East Carolina,North Carolina St.,ESPN,Week1,2030.0,943.3897358757754,gameday
1164,2022,9/3/22,Wyoming,Tulsa,FS1,Week1,361.0,328.74749539392485,gameday
1165,2022,9/3/22,Nebraska,North Dakota,BTN,Week1,889.0,474.8707304353636,gameday
1166,2022,9/3/22,Arkansas,Cincinnati,ESPN,Week1,2900.0,1865.1455342083232,gameday
1167,2022,9/3/22,San Diego St.,Arizona,CBS,Week1,921.0,1148.5823546732397,gameday
1168,2022,9/3/22,Georgia,Oregon,ABC,Week1,6200.0,6147.523267036856,gameday
1169,2022,9/3/22,Oklahoma,UTEP,FOX,Week1,1220.0,2087.331191933536,gameday
1170,2022,9/3/22,Wisconsin,Illinois State,FS1,Week1,498.0,439.72677341314807,gameday
1171,2022,9/3/22,Florida,Utah,ESPN,Week1,2950.0,1920.7525204459453,gameday
1172,2022,9/3/22,Ohio St.,Notre Dame,ABC,Week1,10530.0,15162.939419644816,gameday
1173,2022,9/3/22,Washington,Kent St.,FS1,Week1,319.0,520.7736369856173,gameday
1174,2022,9/3/22,Oregon St.,Boise St.,ESPN,Week1,1250.0,1163.4392404601683,gameday
1175,2022,9/4/22,Florida St.,LSU,ABC,Week1,7550.0,8405.911681161064,gameday
1176,2022,9/5/22,Georgia Tech,Clemson,ESPN,Week1,4860.0,3755.7362884742015,gameday
1177,2022,9/9/22,UCF,Louisville,ESPN2,later,1850.0,963.8488431491107,gameday
1178,2022,9/10/22,Arkansas,South Carolina,ESPN,later,1520.0,1735.2877486386863,gameday
1179,2022,9/10/22,Kansas St.,Missouri,ESPN2,later,490.0,598.5010772440714,gameday
1180,2022,9/10/22,Northwestern,Duke,FS1,later,160.0,335.3309766280073,gameday
1181,2022,9/10/22,Texas,Alabama,FOX,later,10600.0,8070.3096885205705,gameday
1182,2022,9/10/22,Penn St.,Ohio,ABC,later,1550.0,1740.0983576456006,gameday
1183,2022,9/10/22,Notre Dame,Marshall,NBC,later,2480.0,2173.6509729165764,gameday
1184,2022,9/10/22,Wisconsin,Washington St.,FOX,later,3920.0,2483.893426777782,gameday
1185,2022,9/10/22,Air Force,Colorado,CBS,later,808.0,1082.172957259672,gameday
1186,2022,9/10/22,Texas A&M,Appalachian St.,ESPN2,later,1770.0,1059.2816180579134,gameday
1187,2022,9/10/22,Pittsburgh,Tennessee,ABC,later,4460.0,4053.6085199402733,gameday
1188,2022,9/10/22,Illinois,Virginia,ESPNU,later,159.0,379.8236596896526,gameday
1189,2022,9/10/22,Texas Tech,Houston,FS1,later,633.0,487.11208111697044,gameday
1190,2022,9/10/22,Florida,Kentucky,ESPN,later,4330.0,3330.5793810393543,gameday
1191,2022,9/10/22,Auburn,San Jose St.,ESPNU,later,364.0,332.82387787846005,gameday
1192,2022,9/10/22,Oklahoma St.,Arizona St.,ESPN2,later,1020.0,914.7364135745622,gameday
1193,2022,9/10/22,Stanford,USC,ABC,later,2960.0,3046.762116578678,gameday
1194,2022,9/10/22,Nebraska,Georgia Southern,FS1,later,1240.0,640.658597642914,gameday
1195,2022,9/10/22,BYU,Baylor,ESPN,later,2370.0,2178.0582667813087,gameday
1196,2022,9/10/22,Arizona,Mississippi St.,FS1,later,471.0,562.2771991214524,gameday
1197,2022,9/16/22,Louisville,Florida St.,ESPN,later,2750.0,1957.687077602729,gameday
1198,2022,9/17/22,Nebraska,Oklahoma,FOX,later,3410.0,4928.286086267567,gameday
1199,2022,9/17/22,South Carolina,Georgia,ESPN,later,3000.0,2877.47205956206,gameday
1200,2022,9/17/22,Baylor,Texas St.,FS1,later,221.0,315.71831297328407,gameday
1201,2022,9/17/22,Miami Ohio,Cincinnati,ESPNU,later,185.0,204.4281512841936,gameday
1202,2022,9/17/22,Michigan,Connecticut,ABC,later,2030.0,2312.673534942339,gameday
1203,2022,9/17/22,Syracuse,Purdue,ESPN2,later,1210.0,664.4036592792959,gameday
1204,2022,9/17/22,Notre Dame,California,NBC,later,2910.0,1630.9892128775612,gameday
1205,2022,9/17/22,Minnesota,Colorado,ESPN2,later,690.0,802.9111358188885,gameday
1206,2022,9/17/22,Georgia Tech,Mississippi,ABC,later,1390.0,1709.7913134708447,gameday
1207,2022,9/17/22,Auburn,Penn St.,CBS,later,4050.0,4459.872310687155,gameday
1208,2022,9/17/22,Wisconsin,New Mexico St.,BTN,later,426.0,395.12955058688146,gameday
1209,2022,9/17/22,Oregon,BYU,FOX,later,2580.0,3034.267683147613,gameday
1210,2022,9/17/22,Boise St.,UT Martin,FS1,later,214.0,317.88528167024657,gameday
1211,2022,9/17/22,Houston,Kansas,ESPNU,later,225.0,231.39521033089383,gameday
1212,2022,9/17/22,Bowling Green,Marshall,NFLN,later,169.0,69.33073480270195,gameday
1213,2022,9/17/22,LSU,Mississippi St.,ESPN,later,3060.0,2324.0154141974012,gameday
1214,2022,9/17/22,North Carolina St.,Texas Tech,ESPN2,later,747.0,669.4626448027251,gameday
1215,2022,9/17/22,Ohio St.,Toledo,FOX,later,3050.0,2351.7128746514736,gameday
1216,2022,9/17/22,Iowa,Nevada,BTN,later,348.0,423.90600678449346,gameday
1217,2022,9/17/22,Western Michigan,Pittsburgh,ESPNU,later,195.0,254.98250754795913,gameday
1218,2022,9/17/22,Maryland,SMU,FS1,later,257.0,329.1470863025174,gameday
1219,2022,9/17/22,Washington,Michigan St.,ABC,later,2790.0,3193.945914032017,gameday
1220,2022,9/17/22,Texas A&M,Miami,ESPN,later,3400.0,2366.92485773061,gameday
1221,2022,9/17/22,Utah,San Diego St.,ESPN2,later,326.0,520.103255716849,gameday
1222,2022,9/17/22,USC,Fresno St.,FOX,later,1620.0,1660.9946950234416,gameday
1223,2022,9/17/22,Arizona,North Dakota State,FS1,later,335.0,350.3533949632109,gameday
1224,2022,9/22/22,Georgia St.,Coastal Carolina,ESPN2,later,224.0,351.8419633380862,gameday
1225,2022,9/22/22,Virginia Tech,West Virginia,ESPN,later,1600.0,1538.713583802998,gameday
1226,2022,9/22/22,Illinois,Chattanooga,BTN,later,176.0,305.9490051638519,gameday
1227,2022,9/23/22,Syracuse,Virginia,ESPN,later,1790.0,1534.9666126259544,gameday
1228,2022,9/23/22,Air Force,Nevada,FS1,later,312.0,383.5246162234928,gameday
1229,2022,9/24/22,Kansas,Duke,FS1,later,441.0,326.595967809649,gameday
1230,2022,9/24/22,Iowa St.,Baylor,ESPN2,later,762.0,738.9717379171282,gameday
1231,2022,9/24/22,Auburn,Missouri,ESPN,later,2070.0,1700.1544612488315,gameday
1232,2022,9/24/22,Penn St.,Central Michigan,BTN,later,628.0,516.005679747606,gameday
1233,2022,9/24/22,Wake Forest,Clemson,ABC,later,3180.0,3100.567588025043,gameday
1234,2022,9/24/22,Michigan,Maryland,FOX,later,4380.0,3682.2522674417305,gameday
1235,2022,9/24/22,San Diego St.,Toledo,FS1,later,145.0,250.7373437337003,gameday
1236,2022,9/24/22,Tennessee,Florida,CBS,later,5570.0,4345.0906807467945,gameday
1237,2022,9/24/22,Texas Tech,Texas,ESPN,later,2280.0,1923.9345340310529,gameday
1238,2022,9/24/22,North Carolina,Notre Dame,ABC,later,3460.0,2985.7963880253556,gameday
1239,2022,9/24/22,Michigan St.,Minnesota,BTN,later,1110.0,735.6300780689205,gameday
1240,2022,9/24/22,Cincinnati,Indiana,ESPN2,later,482.0,591.3132223304398,gameday
1241,2022,9/24/22,Washington St.,Oregon,FOX,later,2270.0,2372.8199095181644,gameday
1242,2022,9/24/22,UCF,Georgia Tech,ESPNU,later,107.0,260.0873017948297,gameday
1243,2022,9/24/22,Texas A&M,Arkansas,ESPN,later,3500.0,2945.937842012022,gameday
1244,2022,9/24/22,Kentucky,Northern Illinois,ESPN2,later,555.0,851.8559383533599,gameday
1245,2022,9/24/22,Rutgers,Iowa,FS1,later,739.0,640.4969003547747,gameday
1246,2022,9/24/22,Ohio St.,Wisconsin,ABC,later,4590.0,6052.899115328152,gameday
1247,2022,9/24/22,South Carolina,Charlotte,ESPNU,later,177.0,233.60686663288521,gameday
1248,2022,9/24/22,Oklahoma,Kansas St.,FOX,later,3370.0,2861.413180563137,gameday
1249,2022,9/24/22,BYU,Wyoming,ESPN2,later,609.0,640.6449118606206,gameday
1250,2022,9/24/22,Arizona St.,Utah,ESPN,later,1210.0,1209.7703862230524,gameday
1251,2022,9/24/22,Washington,Stanford,FS1,later,532.0,631.777137665028,gameday
1252,2022,9/29/22,BYU,Utah St.,ESPN,later,1260.0,748.8362258673059,gameday
1253,2022,9/30/22,Houston,Tulane,ESPN,later,1220.0,902.1962621499924,gameday
1254,2022,9/30/22,Boise St.,San Diego St.,FS1,later,407.0,674.6167807549305,gameday
1255,2022,9/30/22,UCLA,Washington,ESPN,later,1700.0,1753.0482103160182,gameday
1256,2022,10/1/22,TCU,Oklahoma,ABC,later,2470.0,2321.321528001483,gameday
1257,2022,10/1/22,Wisconsin,Illinois,BTN,later,573.0,500.1182863579184,gameday
1258,2022,10/1/22,Minnesota,Purdue,ESPN2,later,829.0,791.5256330317891,gameday
1259,2022,10/1/22,Iowa,Michigan,FOX,later,4200.0,4568.414259079795,gameday
1260,2022,10/1/22,Air Force,Navy,CBS,later,1130.0,1077.2641307085034,gameday
1261,2022,10/1/22,Mississippi,Kentucky,ESPN,later,2790.0,2508.0462501899983,gameday
1262,2022,10/1/22,Maryland,Michigan St.,FS1,later,904.0,722.5413669626198,gameday
1263,2022,10/1/22,Florida St.,Wake Forest,ABC,later,2480.0,2473.440616689549,gameday
1264,2022,10/1/22,Ohio St.,Rutgers,BTN,later,1790.0,1317.3140325386157,gameday
1265,2022,10/1/22,Arkansas,Alabama,CBS,later,5830.0,5477.445277457355,gameday
1266,2022,10/1/22,Kansas,Iowa St.,ESPN2,later,865.0,562.1504831584781,gameday
1267,2022,10/1/22,Penn St.,Northwestern,ESPN,later,1620.0,1684.5966594338906,gameday
1268,2022,10/1/22,Baylor,Oklahoma St.,FOX,later,2410.0,3191.2713472059386,gameday
1269,2022,10/1/22,Auburn,LSU,ESPN,later,2790.0,2804.542299793416,gameday
1270,2022,10/1/22,Clemson,North Carolina St.,ABC,later,4980.0,5141.711232762523,gameday
1271,2022,10/1/22,Texas,West Virginia,FS1,later,1190.0,1094.7479503014547,gameday
1272,2022,10/1/22,Nebraska,Indiana,BTN,later,1140.0,721.8408832903197,gameday
1273,2022,10/1/22,USC,Arizona St.,ESPN,later,1920.0,2218.002127694405,gameday
1274,2022,10/1/22,Oregon,Stanford,FS1,later,672.0,725.3651007466913,gameday
1275,2022,10/5/22,UCF,SMU,ESPN2,later,866.0,585.5707205119376,gameday
1276,2022,10/7/22,Rutgers,Nebraska,FS1,later,1150.0,978.6078993729195,gameday
1277,2022,10/7/22,Memphis,Houston,ESPN2,later,699.0,687.1553438153667,gameday
1278,2022,10/7/22,Nevada,Colorado St.,FS1,later,433.0,266.4758111373222,gameday
1279,2022,10/8/22,Indiana,Michigan,FOX,later,4010.0,3212.9574983347998,gameday
1280,2022,10/8/22,LSU,Tennessee,ESPN,later,2960.0,4620.191582298127,gameday
1281,2022,10/8/22,Kansas,TCU,FS1,later,1310.0,982.6763513407121,gameday
1282,2022,10/8/22,Florida,Missouri,ESPNU,later,488.0,451.94581726461263,gameday
1283,2022,10/8/22,Maryland,Purdue,BTN,later,400.0,367.5082436485547,gameday
1284,2022,10/8/22,Oklahoma,Texas,ABC,later,3360.0,3090.382534658781,gameday
1285,2022,10/8/22,UCLA,Utah,FOX,later,2650.0,2244.3721301765154,gameday
1286,2022,10/8/22,Oklahoma St.,Texas Tech,FS1,later,1630.0,749.3149414725094,gameday
1287,2022,10/8/22,Georgia,Auburn,CBS,later,4240.0,4453.378523189079,gameday
1288,2022,10/8/22,Northwestern,Wisconsin,BTN,later,572.0,445.4583289096618,gameday
1289,2022,10/8/22,Miami,North Carolina,ESPN2,later,1250.0,662.611733183345,gameday
1290,2022,10/8/22,Michigan St.,Ohio St.,ABC,later,4440.0,6446.781126991529,gameday
1291,2022,10/8/22,Utah St.,Air Force,FS1,later,433.0,173.81824483345224,gameday
1292,2022,10/8/22,Arkansas St.,James Madison,NFLN,later,103.0,50.371775570127824,gameday
1293,2022,10/8/22,Notre Dame,BYU,NBC,later,2530.0,2120.5084033008566,gameday
1294,2022,10/8/22,Boston College,Clemson,ABC,later,1930.0,2126.880429367784,gameday
1295,2022,10/8/22,Iowa St.,Kansas St.,ESPNU,later,373.0,344.47582793040954,gameday
1296,2022,10/8/22,USC,Washington St.,FOX,later,1840.0,2346.678924135751,gameday
1297,2022,10/8/22,Illinois,Iowa,BTN,later,855.0,577.8724614743379,gameday
1298,2022,10/8/22,Alabama,Texas A&M,CBS,later,7150.0,6022.878580354754,gameday
1299,2022,10/8/22,Boise St.,Fresno St.,FS1,later,375.0,361.2889958996302,gameday
1300,2022,10/8/22,Stanford,Oregon St.,ESPN,later,1080.0,990.0690244816503,gameday
1301,2022,10/12/22,Marshall,Louisiana,ESPN2,later,496.0,389.23896742742136,gameday
1302,2022,10/13/22,UCF,Temple,ESPN,later,603.0,629.3036547622992,gameday
1303,2022,10/13/22,West Virginia,Baylor,FS1,later,1150.0,604.7632458617304,gameday
1304,2022,10/14/22,SMU,Navy,ESPN,later,959.0,922.4730837304638,gameday
1305,2022,10/15/22,Oklahoma,Kansas,ESPN2,later,1210.0,833.1046801207443,gameday
1306,2022,10/15/22,Illinois,Minnesota,BTN,later,619.0,435.05906998902606,gameday
1307,2022,10/15/22,Mississippi,Auburn,ESPN,later,2060.0,2104.8132618725695,gameday
1308,2022,10/15/22,Texas,Iowa St.,ABC,later,2350.0,2695.3367522616472,gameday
1309,2022,10/15/22,Michigan,Penn St.,FOX,later,6450.0,7744.496623798329,gameday
1310,2022,10/15/22,TCU,Oklahoma St.,ABC,later,2140.0,3297.0654235163665,gameday
1311,2022,10/15/22,BYU,Arkansas,ESPN,later,1060.0,982.4494196726887,gameday
1312,2022,10/15/22,Indiana,Maryland,ESPN2,later,392.0,457.8088086873942,gameday
1313,2022,10/15/22,Tennessee,Alabama,CBS,later,11560.0,10991.915046868175,gameday
1314,2022,10/15/22,Michigan St.,Wisconsin,FOX,later,2450.0,2889.341309055536,gameday
1315,2022,10/15/22,Florida,LSU,ESPN,later,2460.0,2586.6908425118727,gameday
1316,2022,10/15/22,Florida St.,Clemson,ABC,later,3380.0,4141.312296384269,gameday
1317,2022,10/15/22,Purdue,Nebraska,BTN,later,943.0,735.0163353878802,gameday
1318,2022,10/15/22,Notre Dame,Stanford,NBC,later,2150.0,1493.4783364947475,gameday
1319,2022,10/15/22,Utah,USC,FOX,later,2740.0,2915.837253043058,gameday
1320,2022,10/19/22,Appalachian St.,Georgia St.,ESPN2,later,439.0,382.99251833794756,gameday
1321,2022,10/20/22,Georgia Tech,Virginia,ESPN,later,891.0,848.0344818617644,gameday
1322,2022,10/21/22,Temple,Tulsa,ESPN2,later,502.0,471.2933829290105,gameday
1323,2022,10/22/22,Baylor,Kansas,ESPN2,later,744.0,462.80124526034183,gameday
1324,2022,10/22/22,Clemson,Syracuse,ABC,later,4750.0,3976.677897986774,gameday
1325,2022,10/22/22,Ohio St.,Iowa,FOX,later,4380.0,5353.763734145674,gameday
1326,2022,10/22/22,Rutgers,Indiana,BTN,later,238.0,295.396323260847,gameday
1327,2022,10/22/22,SMU,Cincinnati,ESPN,later,682.0,785.8354843893785,gameday
1328,2022,10/22/22,Texas Tech,West Virginia,FS1,later,542.0,555.3992542798062,gameday
1329,2022,10/22/22,Tulane,Memphis,ESPN2,later,168.0,263.79804618961793,gameday
1330,2022,10/22/22,Maryland,Northwestern,BTN,later,252.0,276.11145574771155,gameday
1331,2022,10/22/22,Oregon,UCLA,FOX,later,3340.0,4440.324427922398,gameday
1332,2022,10/22/22,Oklahoma St.,Texas,ABC,later,4460.0,4799.62299480436,gameday
1333,2022,10/22/22,Wisconsin,Purdue,ESPN,later,1010.0,1356.0520086494994,gameday
1334,2022,10/22/22,LSU,Mississippi,CBS,later,3860.0,3695.295818721836,gameday
1335,2022,10/22/22,Alabama,Mississippi St.,ESPN,later,3590.0,4394.489428869416,gameday
1336,2022,10/22/22,Penn St.,Minnesota,ABC,later,3540.0,3907.4897992493457,gameday
1337,2022,10/22/22,TCU,Kansas St.,FS1,later,1530.0,1277.50916174032,gameday
1338,2022,10/22/22,Wyoming,Utah St.,FS2,later,109.0,548.3750712256426,gameday
1339,2022,10/22/22,California,Washington,ESPN,later,1320.0,1073.3145280918038,gameday
1340,2022,10/27/22,Southern Miss,Louisiana,ESPN2,later,190.0,369.1684610545594,gameday
1341,2022,10/27/22,North Carolina St.,Virginia Tech,ESPN,later,1230.0,1251.8350312413504,gameday
1342,2022,10/27/22,Washington St.,Utah,FS1,later,470.0,409.8072984229739,gameday
1343,2022,10/28/22,BYU,East Carolina,ESPN2,later,823.0,801.8678584944826,gameday
1344,2022,10/29/22,Houston,South Florida,ESPN2,later,131.0,249.7668319981139,gameday
1345,2022,10/29/22,Penn St.,Ohio St.,FOX,later,8270.0,6850.614666482221,gameday
1346,2022,10/29/22,Syracuse,Notre Dame,ABC,later,2340.0,3020.9156640369256,gameday
1347,2022,10/29/22,Iowa St.,Oklahoma,FS1,later,711.0,658.2813151686871,gameday
1348,2022,10/29/22,West Virginia,TCU,ESPN,later,1510.0,1477.7129878478304,gameday
1349,2022,10/29/22,Minnesota,Rutgers,BTN,later,302.0,385.9516596975907,gameday
1350,2022,10/29/22,California,Oregon,FS1,later,738.0,706.5944178326167,gameday
1351,2022,10/29/22,UCF,Cincinnati,ESPN,later,1060.0,1206.9978900684546,gameday
1352,2022,10/29/22,Iowa,Northwestern,ESPN2,later,483.0,605.4393901091956,gameday
1353,2022,10/29/22,Kansas St.,Oklahoma St.,FOX,later,3380.0,3297.5174216540086,gameday
1354,2022,10/29/22,Georgia,Florida,CBS,later,5620.0,4950.235909750337,gameday
1355,2022,10/29/22,Nebraska,Illinois,ABC,later,2490.0,2546.081740517821,gameday
1356,2022,10/29/22,Boise St.,Colorado St.,FS1,later,269.0,244.51428563234623,gameday
1357,2022,10/29/22,Tennessee,Kentucky,ESPN,later,4040.0,4172.952413207934,gameday
1358,2022,10/29/22,Michigan,Michigan St.,ABC,later,5580.0,6244.529130178761,gameday
1359,2022,10/29/22,Texas Tech,Baylor,ESPN2,later,572.0,565.7785181775419,gameday
1360,2022,10/29/22,Fresno St.,San Diego St.,FS1,later,219.0,267.2660661608546,gameday
1361,2022,10/29/22,UCLA,Stanford,ESPN,later,1260.0,1308.3740884236954,gameday
1362,2022,11/1/22,Ohio,Buffalo,ESPN2,later,276.0,402.38542998048706,gameday
1363,2022,11/2/22,Bowling Green,Western Michigan,ESPN2,later,361.0,324.8192002732859,gameday
1364,2022,11/3/22,Coastal Carolina,Appalachian St.,ESPN,later,743.0,634.8460506897707,gameday
1365,2022,11/4/22,Boston College,Duke,ESPN2,later,787.0,562.855346528394,gameday
1366,2022,11/4/22,Washington,Oregon St.,ESPN2,later,1130.0,1141.017865241204,gameday
1367,2022,11/5/22,Army,Air Force,CBS,later,1230.0,1314.5904413806966,gameday
1368,2022,11/5/22,Purdue,Iowa,FS1,later,582.0,629.5470966216983,gameday
1369,2022,11/5/22,Nebraska,Minnesota,ESPN2,later,1070.0,897.528276838114,gameday
1370,2022,11/5/22,TCU,Texas Tech,FOX,later,2510.0,1860.9623972608767,gameday
1371,2022,11/5/22,Wisconsin,Maryland,BTN,later,576.0,435.2139100694427,gameday
1372,2022,11/5/22,Texas A&M,Florida,ESPN,later,2730.0,2027.1310782519456,gameday
1373,2022,11/5/22,Northwestern,Ohio St.,ABC,later,4760.0,3136.4345163906255,gameday
1374,2022,11/5/22,Kansas,Oklahoma St.,FS1,later,734.0,476.2926645115463,gameday
1375,2022,11/5/22,Indiana,Penn St.,ABC,later,2230.0,2555.084160707733,gameday
1376,2022,11/5/22,Illinois,Michigan St.,BTN,later,928.0,664.8555939542085,gameday
1377,2022,11/5/22,Memphis,UCF,ESPN2,later,321.0,422.65366992256935,gameday
1378,2022,11/5/22,Colorado,Oregon,ESPN,later,962.0,1613.924534636553,gameday
1379,2022,11/5/22,Georgia,Tennessee,CBS,later,13060.0,10664.9611852838,gameday
1380,2022,11/5/22,Boise St.,BYU,FS2,later,281.0,762.1256505313195,gameday
1381,2022,11/5/22,LSU,Alabama,ESPN,later,7580.0,6524.5181366378765,gameday
1382,2022,11/5/22,Kansas St.,Texas,FS1,later,1250.0,813.8228590650527,gameday
1383,2022,11/5/22,Miami,Florida St.,ABC,later,1500.0,2123.265942545744,gameday
1384,2022,11/5/22,Mississippi St.,Auburn,ESPN2,later,512.0,758.657190588078,gameday
1385,2022,11/5/22,Rutgers,Michigan,BTN,later,1290.0,965.3433702735665,gameday
1386,2022,11/5/22,Notre Dame,Clemson,NBC,later,3220.0,3559.0647526259263,gameday
1387,2022,11/5/22,USC,California,ESPN,later,2040.0,1839.424730457446,gameday
1388,2022,11/5/22,Arizona St.,UCLA,FS1,later,490.0,649.6021670542348,gameday
1389,2022,11/8/22,Miami Ohio,Ohio,ESPN2,later,258.0,318.73489087302596,gameday
1390,2022,11/8/22,Toledo,Ball St.,ESPN,later,482.0,439.18281460674643,gameday
1391,2022,11/9/22,Central Michigan,Buffalo,ESPN2,later,350.0,383.25194742961924,gameday
1392,2022,11/10/22,Memphis,Tulsa,ESPN,later,574.0,535.6351770150663,gameday
1393,2022,11/10/22,Louisiana,Georgia Southern,ESPN2,later,254.0,359.0095124799526,gameday
1394,2022,11/11/22,Cincinnati,East Carolina,ESPN2,later,803.0,838.4437719912337,gameday
1395,2022,11/11/22,USC,Colorado,FS1,later,525.0,996.2216787269076,gameday
1396,2022,11/12/22,Ohio St.,Indiana,FOX,later,3340.0,3053.6613090821593,gameday
1397,2022,11/12/22,Michigan St.,Rutgers,BTN,later,591.0,446.53416413284896,gameday
1398,2022,11/12/22,Navy,Notre Dame,ABC,later,2070.0,2158.225333573357,gameday
1399,2022,11/12/22,West Virginia,Oklahoma,FS1,later,956.0,694.1914341835407,gameday
1400,2022,11/12/22,Tennessee,Missouri,CBS,later,3010.0,3484.6557288858876,gameday
1401,2022,11/12/22,Illinois,Purdue,ESPN2,later,835.0,654.632343758225,gameday
1402,2022,11/12/22,Arkansas,LSU,ESPN,later,3570.0,2860.964948128626,gameday
1403,2022,11/12/22,Iowa,Wisconsin,FS1,later,1090.0,792.1287064357184,gameday
1404,2022,11/12/22,Oklahoma St.,Iowa St.,ESPNU,later,272.0,306.0026513198159,gameday
1405,2022,11/12/22,Mississippi,Alabama,CBS,later,8710.0,5751.303887201907,gameday
1406,2022,11/12/22,Michigan,Nebraska,ABC,later,3880.0,5498.418712545423,gameday
1407,2022,11/12/22,Penn St.,Maryland,FOX,later,1880.0,2248.6601744576737,gameday
1408,2022,11/12/22,Tulane,UCF,ESPN2,later,368.0,832.7430727375449,gameday
1409,2022,11/12/22,Clemson,Louisville,ESPN,later,1350.0,1394.8158270342847,gameday
1410,2022,11/12/22,Minnesota,Northwestern,BTN,later,331.0,310.6456199144855,gameday
1411,2022,11/12/22,Oregon,Washington,FOX,later,3630.0,3920.3244545752905,gameday
1412,2022,11/12/22,Baylor,Kansas St.,FS1,later,528.0,504.70683891064766,gameday
1413,2022,11/12/22,Mississippi St.,Georgia,ESPN,later,3340.0,2812.074444350819,gameday
1414,2022,11/12/22,Texas,TCU,ABC,later,5030.0,6481.110065382549,gameday
1415,2022,11/12/22,Wake Forest,North Carolina,ESPN2,later,610.0,534.9882903757374,gameday
1416,2022,11/12/22,Utah,Stanford,ESPN,later,1040.0,941.5428818621615,gameday
1417,2022,11/12/22,San Diego St.,San Jose St.,FS1,later,146.0,242.5501194560306,gameday
1418,2022,11/12/22,UCLA,Arizona,FOX,later,1860.0,1738.5451341720188,gameday
1419,2022,11/15/22,Ball St.,Ohio,ESPN2,later,250.0,365.2920796258948,gameday
1420,2022,11/16/22,Kent St.,Eastern Michigan,ESPN2,later,399.0,299.61703120573964,gameday
1421,2022,11/16/22,Central Michigan,Western Michigan,ESPNU,later,179.0,136.57110777551412,gameday
1422,2022,11/17/22,Tulane,SMU,ESPN,later,767.0,582.7617352427247,gameday
1423,2022,11/18/22,Tulsa,South Florida,ESPN2,later,510.0,461.4684456991788,gameday
1424,2022,11/18/22,New Mexico,San Diego St.,FS1,later,210.0,315.3194037822748,gameday
1425,2022,11/19/22,UCF,Navy,ESPN2,later,610.0,508.06725041851047,gameday
1426,2022,11/19/22,Michigan St.,Indiana,BTN,later,369.0,460.77540027773443,gameday
1427,2022,11/19/22,Nebraska,Wisconsin,ESPN,later,1630.0,1782.3917011602475,gameday
1428,2022,11/19/22,Baylor,TCU,FOX,later,4350.0,2586.3726136970854,gameday
1429,2022,11/19/22,Purdue,Northwestern,FS1,later,209.0,381.25543156033643,gameday
1430,2022,11/19/22,Michigan,Illinois,ABC,later,5470.0,4547.887184037569,gameday
1431,2022,11/19/22,Arizona St.,Oregon St.,ESPN2,later,484.0,446.17030050010794,gameday
1432,2022,11/19/22,Notre Dame,Boston College,NBC,later,1270.0,1389.047182366962,gameday
1433,2022,11/19/22,Maryland,Ohio St.,ABC,later,6600.0,3537.707768104541,gameday
1434,2022,11/19/22,Kansas,Texas,FS1,later,940.0,631.2448633544332,gameday
1435,2022,11/19/22,Rutgers,Penn St.,BTN,later,856.0,614.8424288274373,gameday
1436,2022,11/19/22,Clemson,Miami,ESPN,later,1140.0,1842.7118172034143,gameday
1437,2022,11/19/22,Kentucky,Georgia,CBS,later,4480.0,4283.3996107038265,gameday
1438,2022,11/19/22,Minnesota,Iowa,FOX,later,2500.0,2080.2168327358363,gameday
1439,2022,11/19/22,North Carolina,Georgia Tech,ESPN2,later,732.0,598.6388811272059,gameday
1440,2022,11/19/22,Iowa St.,Texas Tech,FS1,later,545.0,459.47346975365554,gameday
1441,2022,11/19/22,South Carolina,Tennessee,ESPN,later,4870.0,3000.6346353173512,gameday
1442,2022,11/19/22,Missouri,New Mexico St.,ESPNU,later,63.0,160.61086453873367,gameday
1443,2022,11/19/22,Oklahoma,Oklahoma St.,ABC,later,3060.0,2768.868375338855,gameday
1444,2022,11/19/22,UCLA,USC,FOX,later,4530.0,3992.5853444713603,gameday
1445,2022,11/19/22,LSU,UAB,ESPN2,later,848.0,857.2352605103215,gameday
1446,2022,11/19/22,Utah St.,San Jose St.,FS1,later,128.0,164.4596330432489,gameday
1447,2022,11/19/22,Oregon,Utah,ESPN,later,2540.0,2854.9275142647857,gameday
1448,2022,11/22/22,Ohio,Bowling Green,ESPNU,later,229.0,144.3814697578535,gameday
1449,2022,11/24/22,Mississippi,Mississippi St.,ESPN,later,2230.0,1516.329933257663,gameday
1450,2022,11/25/22,Cincinnati,Tulane,ABC,later,1720.0,2827.582599531007,gameday
1451,2022,11/25/22,Boise St.,Utah St.,CBS,later,1440.0,1092.0135085481315,gameday
1452,2022,11/25/22,Texas,Baylor,ESPN,later,2690.0,2907.1517563998154,gameday
1453,2022,11/25/22,Arizona,Arizona St.,FS1,later,567.0,892.7897395323638,gameday
1454,2022,11/25/22,Missouri,Arkansas,CBS,later,3270.0,1971.1471211195246,gameday
1455,2022,11/25/22,North Carolina,North Carolina St.,ABC,later,3610.0,2485.3740729615574,gameday
1456,2022,11/25/22,Iowa,Nebraska,BTN,later,1470.0,1148.875169624724,gameday
1457,2022,11/25/22,California,UCLA,FOX,later,3270.0,1977.06060585785,gameday
1458,2022,11/25/22,Florida St.,Florida,ABC,later,6710.0,5801.270041309423,gameday
1459,2022,11/25/22,Fresno St.,Wyoming,FS1,later,260.0,391.1533825825852,gameday
1460,2022,11/26/22,Clemson,South Carolina,ABC,later,2320.0,2522.802458220016,gameday
1461,2022,11/26/22,Ohio St.,Michigan,FOX,later,17140.0,16347.466399494935,gameday
1462,2022,11/26/22,Maryland,Rutgers,BTN,later,97.0,212.7354979405685,gameday
1463,2022,11/26/22,Georgia,Georgia Tech,ESPN,later,2060.0,1458.4528020005855,gameday
1464,2022,11/26/22,Oklahoma St.,West Virginia,ESPN2,later,694.0,533.6267335484785,gameday
1465,2022,11/26/22,Alabama,Auburn,CBS,later,6270.0,8385.413862906755,gameday
1466,2022,11/26/22,Wisconsin,Minnesota,ESPN,later,1710.0,1777.8106905561492,gameday
1467,2022,11/26/22,SMU,Memphis,ESPN2,later,213.0,220.73413538813531,gameday
1468,2022,11/26/22,Oregon St.,Oregon,ABC,later,3560.0,3890.100111175276,gameday
1469,2022,11/26/22,Penn St.,Michigan St.,FS1,later,1990.0,1184.384723617325,gameday
1470,2022,11/26/22,TCU,Iowa St.,FOX,later,4340.0,1947.9329841786155,gameday
1471,2022,11/26/22,Texas A&M,LSU,ESPN,later,3920.0,3113.7031416192845,gameday
1472,2022,11/26/22,South Florida,UCF,ESPN2,later,329.0,383.76250090555004,gameday
1473,2022,11/26/22,Texas Tech,Oklahoma,FS1,later,1210.0,667.3279592884128,gameday
1474,2022,11/26/22,USC,Notre Dame,ABC,later,6680.0,8125.4029229619255,gameday
1475,2022,11/26/22,Kansas St.,Kansas,FOX,later,2320.0,996.0481546107887,gameday
1476,2022,11/26/22,Washington St.,Washington,ESPN,later,2380.0,2085.4119736737152,gameday
1477,2022,11/26/22,Stanford,BYU,FS1,later,453.0,374.96966965307985,gameday
1478,2022,12/2/22,USC,Utah,FOX,later,5970.0,4817.855281483653,gameday
1479,2022,12/3/22,TCU,Kansas St.,ABC,later,9410.0,4887.150926150893,gameday
1480,2022,12/3/22,Ohio,Toledo,ESPN,later,721.0,411.56582324913194,gameday
1481,2022,12/3/22,Troy,Coastal Carolina,ESPN,later,332.0,446.07670372967675,gameday
1482,2022,12/3/22,Tulane,UCF,ABC,later,2700.0,2175.172576065251,gameday
1483,2022,12/3/22,Boise St.,Fresno St.,FOX,later,1940.0,1011.638626955661,gameday
1484,2022,12/3/22,Georgia,LSU,CBS,later,10890.0,8502.593187914827,gameday
1485,2022,12/3/22,North Carolina,Clemson,ABC,later,3470.0,5356.078239445685,gameday
1486,2022,12/3/22,Michigan,Purdue,FOX,later,10700.0,6041.8556095763,gameday
1487,2022,12/10/22,Army,Navy,CBS,later,6940.0,5148.840852195288,gameday
1145,2022,8/27/22,Northwestern,Nebraska,FOX,Week0,4420.0,3588.240523170398,bignoon
1146,2022,8/27/22,Illinois,Wyoming,BTN,Week0,512.0,445.0526495737005,bignoon
1147,2022,8/27/22,Utah St.,Connecticut,FS1,Week0,517.0,263.7729253437584,bignoon
1148,2022,8/27/22,New Mexico St.,Nevada,ESPN2,Week0,304.0,297.06923217441204,bignoon
1149,2022,9/1/22,Oklahoma St.,Central Michigan,FS1,Week1,402.0,373.0419829198537,bignoon
1150,2022,9/1/22,Pittsburgh,West Virginia,ESPN,Week1,3150.0,1846.0154528616565,bignoon
1151,2022,9/1/22,Missouri,Louisiana Tech,ESPNU,Week1,122.0,182.926856299202,bignoon
1152,2022,9/1/22,Purdue,Penn St.,FOX,Week1,3510.0,5927.388590569151,bignoon
1153,2022,9/1/22,Minnesota,New Mexico St.,BTN,Week1,241.0,295.7894802557096,bignoon
1154,2022,9/1/22,Fresno St.,Cal Poly,FS1,Week1,167.0,223.97013734033402,bignoon
1155,2022,9/2/22,Michigan St.,Western Michigan,ESPN2,Week1,1350.0,1491.8725500307442,bignoon
1156,2022,9/2/22,Old Dominion,Virginia Tech,ESPNU,Week1,334.0,386.33208874259753,bignoon
1157,2022,9/2/22,Indiana,Illinois,FS1,Week1,965.0,694.5583448117909,bignoon
1158,2022,9/2/22,Colorado,TCU,ESPN,Week1,1250.0,1962.879057925719,bignoon
1159,2022,9/3/22,Iowa,South Dakota State,FS1,Week1,1010.0,460.73941901897035,bignoon
1160,2022,9/3/22,Appalachian St.,North Carolina,ESPNU,Week1,520.0,306.5148245171506,bignoon
1161,2022,9/3/22,Maryland,Buffalo,BTN,Week1,181.0,313.23802163265805,bignoon
1162,2022,9/3/22,Michigan,Colorado St.,ABC,Week1,3930.0,2666.6989796068992,bignoon
1163,2022,9/3/22,East Carolina,North Carolina St.,ESPN,Week1,2030.0,951.0350557029847,bignoon
1164,2022,9/3/22,Wyoming,Tulsa,FS1,Week1,361.0,334.71118859074636,bignoon
1165,2022,9/3/22,Nebraska,North Dakota,BTN,Week1,889.0,480.5965706626632,bignoon
1166,2022,9/3/22,Arkansas,Cincinnati,ESPN,Week1,2900.0,1949.4760115659697,bignoon
1167,2022,9/3/22,San Diego St.,Arizona,CBS,Week1,921.0,1163.4807284051367,bignoon
1168,2022,9/3/22,Georgia,Oregon,ABC,Week1,6200.0,6362.034040654587,bignoon
1169,2022,9/3/22,Oklahoma,UTEP,FOX,Week1,1220.0,2053.362237070904,bignoon
1170,2022,9/3/22,Wisconsin,Illinois State,FS1,Week1,498.0,434.6364159988434,bignoon
1171,2022,9/3/22,Florida,Utah,ESPN,Week1,2950.0,1930.8314005927984,bignoon
1172,2022,9/3/22,Ohio St.,Notre Dame,ABC,Week1,10530.0,13669.060215872909,bignoon
1173,2022,9/3/22,Washington,Kent St.,FS1,Week1,319.0,521.4286019784184,bignoon
1174,2022,9/3/22,Oregon St.,Boise St.,ESPN,Week1,1250.0,1187.221256188423,bignoon
1175,2022,9/4/22,Florida St.,LSU,ABC,Week1,7550.0,8542.758639960828,bignoon
1176,2022,9/5/22,Georgia Tech,Clemson,ESPN,Week1,4860.0,3736.687637252401,bignoon
1177,2022,9/9/22,UCF,Louisville,ESPN2,later,1850.0,966.2509467778716,bignoon
1178,2022,9/10/22,Arkansas,South Carolina,ESPN,later,1520.0,1724.7562316809126,bignoon
1179,2022,9/10/22,Kansas St.,Missouri,ESPN2,later,490.0,593.969505020319,bignoon
1180,2022,9/10/22,Northwestern,Duke,FS1,later,160.0,336.5763434074322,bignoon
1181,2022,9/10/22,Texas,Alabama,FOX,later,10600.0,8001.1179744354195,bignoon
1182,2022,9/10/22,Penn St.,Ohio,ABC,later,1550.0,1724.932887823496,bignoon
1183,2022,9/10/22,Notre Dame,Marshall,NBC,later,2480.0,2184.448767144081,bignoon
1184,2022,9/10/22,Wisconsin,Washington St.,FOX,later,3920.0,2432.815832205747,bignoon
1185,2022,9/10/22,Air Force,Colorado,CBS,later,808.0,1084.305826524569,bignoon
1186,2022,9/10/22,Texas A&M,Appalachian St.,ESPN2,later,1770.0,1076.0304545336571,bignoon
1187,2022,9/10/22,Pittsburgh,Tennessee,ABC,later,4460.0,4258.850589404647,bignoon
1188,2022,9/10/22,Illinois,Virginia,ESPNU,later,159.0,376.9836705588192,bignoon
1189,2022,9/10/22,Texas Tech,Houston,FS1,later,633.0,489.6706424833906,bignoon
1190,2022,9/10/22,Florida,Kentucky,ESPN,later,4330.0,3586.313854135918,bignoon
1191,2022,9/10/22,Auburn,San Jose St.,ESPNU,later,364.0,331.58400526312596,bignoon
1192,2022,9/10/22,Oklahoma St.,Arizona St.,ESPN2,later,1020.0,921.8461069371297,bignoon
1193,2022,9/10/22,Stanford,USC,ABC,later,2960.0,3174.929062898985,bignoon
1194,2022,9/10/22,Nebraska,Georgia Southern,FS1,later,1240.0,647.6226823876755,bignoon
1195,2022,9/10/22,BYU,Baylor,ESPN,later,2370.0,2222.4480573696333,bignoon
1196,2022,9/10/22,Arizona,Mississippi St.,FS1,later,471.0,557.629557879,bignoon
1197,2022,9/16/22,Louisville,Florida St.,ESPN,later,2750.0,1936.6598832755421,bignoon
1198,2022,9/17/22,Nebraska,Oklahoma,FOX,later,3410.0,5770.461678386161,bignoon
1199,2022,9/17/22,South Carolina,Georgia,ESPN,later,3000.0,2904.563696758357,bignoon
1200,2022,9/17/22,Baylor,Texas St.,FS1,later,221.0,315.4948240201069,bignoon
1201,2022,9/17/22,Miami Ohio,Cincinnati,ESPNU,later,185.0,202.79293234654762,bignoon
1202,2022,9/17/22,Michigan,Connecticut,ABC,later,2030.0,2349.2389097434834,bignoon
1203,2022,9/17/22,Syracuse,Purdue,ESPN2,later,1210.0,655.2094781717768,bignoon
1204,2022,9/17/22,Notre Dame,California,NBC,later,2910.0,1624.0326220878328,bignoon
1205,2022,9/17/22,Minnesota,Colorado,ESPN2,later,690.0,799.9621744808901,bignoon
1206,2022,9/17/22,Georgia Tech,Mississippi,ABC,later,1390.0,1726.6144278261172,bignoon
1207,2022,9/17/22,Auburn,Penn St.,CBS,later,4050.0,4358.158169963507,bignoon
1208,2022,9/17/22,Wisconsin,New Mexico St.,BTN,later,426.0,390.1963313469061,bignoon
1209,2022,9/17/22,Oregon,BYU,FOX,later,2580.0,3084.0187759503265,bignoon
1210,2022,9/17/22,Boise St.,UT Martin,FS1,later,214.0,316.56971384841,bignoon
1211,2022,9/17/22,Houston,Kansas,ESPNU,later,225.0,229.42160228975155,bignoon
1212,2022,9/17/22,Bowling Green,Marshall,NFLN,later,169.0,68.8661552870969,bignoon
1213,2022,9/17/22,LSU,Mississippi St.,ESPN,later,3060.0,2320.9500164557385,bignoon
1214,2022,9/17/22,North Carolina St.,Texas Tech,ESPN2,later,747.0,674.8857837858161,bignoon
1215,2022,9/17/22,Ohio St.,Toledo,FOX,later,3050.0,2328.824643625515,bignoon
1216,2022,9/17/22,Iowa,Nevada,BTN,later,348.0,417.95635672547485,bignoon
1217,2022,9/17/22,Western Michigan,Pittsburgh,ESPNU,later,195.0,254.9748372161133,bignoon
1218,2022,9/17/22,Maryland,SMU,FS1,later,257.0,336.4901589111922,bignoon
1219,2022,9/17/22,Washington,Michigan St.,ABC,later,2790.0,3371.4854778215117,bignoon
1220,2022,9/17/22,Texas A&M,Miami,ESPN,later,3400.0,2466.033994551186,bignoon
1221,2022,9/17/22,Utah,San Diego St.,ESPN2,later,326.0,512.599218057717,bignoon
1222,2022,9/17/22,USC,Fresno St.,FOX,later,1620.0,1618.9707901923487,bignoon
1223,2022,9/17/22,Arizona,North Dakota State,FS1,later,335.0,350.4373705579891,bignoon
1224,2022,9/22/22,Georgia St.,Coastal Carolina,ESPN2,later,224.0,349.73489368001174,bignoon
1225,2022,9/22/22,Virginia Tech,West Virginia,ESPN,later,1600.0,1522.823131874473,bignoon
1226,2022,9/22/22,Illinois,Chattanooga,BTN,later,176.0,301.54408963248636,bignoon
1227,2022,9/23/22,Syracuse,Virginia,ESPN,later,1790.0,1502.6120997960163,bignoon
1228,2022,9/23/22,Air Force,Nevada,FS1,later,312.0,381.72820930948774,bignoon
1229,2022,9/24/22,Kansas,Duke,FS1,later,441.0,323.2693443363911,bignoon
1230,2022,9/24/22,Iowa St.,Baylor,ESPN2,later,762.0,732.332597902194,bignoon
1231,2022,9/24/22,Auburn,Missouri,ESPN,later,2070.0,1687.8226833308886,bignoon
1232,2022,9/24/22,Penn St.,Central Michigan,BTN,later,628.0,505.14470913507375,bignoon
1233,2022,9/24/22,Wake Forest,Clemson,ABC,later,3180.0,3221.4761195185524,bignoon
1234,2022,9/24/22,Michigan,Maryland,FOX,later,4380.0,4309.103516061445,bignoon
1235,2022,9/24/22,San Diego St.,Toledo,FS1,later,145.0,251.50934801691395,bignoon
1236,2022,9/24/22,Tennessee,Florida,CBS,later,5570.0,3827.224484865836,bignoon
1237,2022,9/24/22,Texas Tech,Texas,ESPN,later,2280.0,1935.2809430179889,bignoon
1238,2022,9/24/22,North Carolina,Notre Dame,ABC,later,3460.0,2995.8647912191223,bignoon
1239,2022,9/24/22,Michigan St.,Minnesota,BTN,later,1110.0,734.8049602166197,bignoon
1240,2022,9/24/22,Cincinnati,Indiana,ESPN2,later,482.0,594.9503692565777,bignoon
1241,2022,9/24/22,Washington St.,Oregon,FOX,later,2270.0,2368.383536781498,bignoon
1242,2022,9/24/22,UCF,Georgia Tech,ESPNU,later,107.0,256.3695836589875,bignoon
1243,2022,9/24/22,Texas A&M,Arkansas,ESPN,later,3500.0,3107.5271224959656,bignoon
1244,2022,9/24/22,Kentucky,Northern Illinois,ESPN2,later,555.0,860.6113331899039,bignoon
1245,2022,9/24/22,Rutgers,Iowa,FS1,later,739.0,628.9054300770398,bignoon
1246,2022,9/24/22,Ohio St.,Wisconsin,ABC,later,4590.0,6181.608697576126,bignoon
1247,2022,9/24/22,South Carolina,Charlotte,ESPNU,later,177.0,230.20802602760745,bignoon
1248,2022,9/24/22,Oklahoma,Kansas St.,FOX,later,3370.0,2792.7998533988666,bignoon
1249,2022,9/24/22,BYU,Wyoming,ESPN2,later,609.0,640.7765121885569,bignoon
1250,2022,9/24/22,Arizona St.,Utah,ESPN,later,1210.0,1182.2653243806276,bignoon
1251,2022,9/24/22,Washington,Stanford,FS1,later,532.0,630.731356792543,bignoon
1252,2022,9/29/22,BYU,Utah St.,ESPN,later,1260.0,746.2684215295003,bignoon
1253,2022,9/30/22,Houston,Tulane,ESPN,later,1220.0,895.137699143309,bignoon
1254,2022,9/30/22,Boise St.,San Diego St.,FS1,later,407.0,668.551518206077,bignoon
1255,2022,9/30/22,UCLA,Washington,ESPN,later,1700.0,1766.0644139671274,bignoon
1256,2022,10/1/22,TCU,Oklahoma,ABC,later,2470.0,2306.928401970128,bignoon
1257,2022,10/1/22,Wisconsin,Illinois,BTN,later,573.0,484.86330413718247,bignoon
1258,2022,10/1/22,Minnesota,Purdue,ESPN2,later,829.0,778.0933204885343,bignoon
1259,2022,10/1/22,Iowa,Michigan,FOX,later,4200.0,5303.587407593386,bignoon
1260,2022,10/1/22,Air Force,Navy,CBS,later,1130.0,1086.546749361142,bignoon
1261,2022,10/1/22,Mississippi,Kentucky,ESPN,later,2790.0,2595.0871788493746,bignoon
1262,2022,10/1/22,Maryland,Michigan St.,FS1,later,904.0,733.7791939759726,bignoon
1263,2022,10/1/22,Florida St.,Wake Forest,ABC,later,2480.0,2470.710934287678,bignoon
1264,2022,10/1/22,Ohio St.,Rutgers,BTN,later,1790.0,1317.2611570174577,bignoon
1265,2022,10/1/22,Arkansas,Alabama,CBS,later,5830.0,5617.304798264417,bignoon
1266,2022,10/1/22,Kansas,Iowa St.,ESPN2,later,865.0,555.8671849594891,bignoon
1267,2022,10/1/22,Penn St.,Northwestern,ESPN,later,1620.0,1669.9461297188802,bignoon
1268,2022,10/1/22,Baylor,Oklahoma St.,FOX,later,2410.0,3065.98939560463,bignoon
1269,2022,10/1/22,Auburn,LSU,ESPN,later,2790.0,2795.793374207003,bignoon
1270,2022,10/1/22,Clemson,North Carolina St.,ABC,later,4980.0,4655.94319663796,bignoon
1271,2022,10/1/22,Texas,West Virginia,FS1,later,1190.0,1093.258999913894,bignoon
1272,2022,10/1/22,Nebraska,Indiana,BTN,later,1140.0,726.8362111615102,bignoon
1273,2022,10/1/22,USC,Arizona St.,ESPN,later,1920.0,2188.311521876507,bignoon
1274,2022,10/1/22,Oregon,Stanford,FS1,later,672.0,730.6863097951846,bignoon
1275,2022,10/5/22,UCF,SMU,ESPN2,later,866.0,579.0985748892299,bignoon
1276,2022,10/7/22,Rutgers,Nebraska,FS1,later,1150.0,978.8243524311614,bignoon
1277,2022,10/7/22,Memphis,Houston,ESPN2,later,699.0,688.855870161136,bignoon
1278,2022,10/7/22,Nevada,Colorado St.,FS1,later,433.0,262.8479815827212,bignoon
1279,2022,10/8/22,Indiana,Michigan,FOX,later,4010.0,3813.0121033926316,bignoon
1280,2022,10/8/22,LSU,Tennessee,ESPN,later,2960.0,4793.334123662729,bignoon
1281,2022,10/8/22,Kansas,TCU,FS1,later,1310.0,820.5400789442662,bignoon
1282,2022,10/8/22,Florida,Missouri,ESPNU,later,488.0,453.79579081264865,bignoon
1283,2022,10/8/22,Maryland,Purdue,BTN,later,400.0,370.7862613997541,bignoon
1284,2022,10/8/22,Oklahoma,Texas,ABC,later,3360.0,3321.380577930039,bignoon
1285,2022,10/8/22,UCLA,Utah,FOX,later,2650.0,2274.5154749294807,bignoon
1286,2022,10/8/22,Oklahoma St.,Texas Tech,FS1,later,1630.0,747.7229286881693,bignoon
1287,2022,10/8/22,Georgia,Auburn,CBS,later,4240.0,4485.936500222046,bignoon
1288,2022,10/8/22,Northwestern,Wisconsin,BTN,later,572.0,449.7618752156028,bignoon
1289,2022,10/8/22,Miami,North Carolina,ESPN2,later,1250.0,656.296692016413,bignoon
1290,2022,10/8/22,Michigan St.,Ohio St.,ABC,later,4440.0,6583.985973734254,bignoon
1291,2022,10/8/22,Utah St.,Air Force,FS1,later,433.0,176.70023850383183,bignoon
1292,2022,10/8/22,Arkansas St.,James Madison,NFLN,later,103.0,50.229153284364486,bignoon
1293,2022,10/8/22,Notre Dame,BYU,NBC,later,2530.0,2147.2639996493263,bignoon
1294,2022,10/8/22,Boston College,Clemson,ABC,later,1930.0,2262.8460736676366,bignoon
1295,2022,10/8/22,Iowa St.,Kansas St.,ESPNU,later,373.0,345.7482421362954,bignoon
1296,2022,10/8/22,USC,Washington St.,FOX,later,1840.0,2340.360948794998,bignoon
1297,2022,10/8/22,Illinois,Iowa,BTN,later,855.0,572.7962849031417,bignoon
1298,2022,10/8/22,Alabama,Texas A&M,CBS,later,7150.0,6112.815555514364,bignoon
1299,2022,10/8/22,Boise St.,Fresno St.,FS1,later,375.0,357.9853026544401,bignoon
1300,2022,10/8/22,Stanford,Oregon St.,ESPN,later,1080.0,995.7002991181245,bignoon
1301,2022,10/12/22,Marshall,Louisiana,ESPN2,later,496.0,391.66100906323527,bignoon
1302,2022,10/13/22,UCF,Temple,ESPN,later,603.0,624.4187302666148,bignoon
1303,2022,10/13/22,West Virginia,Baylor,FS1,later,1150.0,601.176986079304,bignoon
1304,2022,10/14/22,SMU,Navy,ESPN,later,959.0,933.8085242158687,bignoon
1305,2022,10/15/22,Oklahoma,Kansas,ESPN2,later,1210.0,817.3565796542605,bignoon
1306,2022,10/15/22,Illinois,Minnesota,BTN,later,619.0,429.7467861287646,bignoon
1307,2022,10/15/22,Mississippi,Auburn,ESPN,later,2060.0,2119.0354505917867,bignoon
1308,2022,10/15/22,Texas,Iowa St.,ABC,later,2350.0,2725.553747462757,bignoon
1309,2022,10/15/22,Michigan,Penn St.,FOX,later,6450.0,9367.415872874806,bignoon
1310,2022,10/15/22,TCU,Oklahoma St.,ABC,later,2140.0,3287.6493392455677,bignoon
1311,2022,10/15/22,BYU,Arkansas,ESPN,later,1060.0,987.3297948115678,bignoon
1312,2022,10/15/22,Indiana,Maryland,ESPN2,later,392.0,469.84710975761095,bignoon
1313,2022,10/15/22,Tennessee,Alabama,CBS,later,11560.0,9919.010412901336,bignoon
1314,2022,10/15/22,Michigan St.,Wisconsin,FOX,later,2450.0,2824.777512811043,bignoon
1315,2022,10/15/22,Florida,LSU,ESPN,later,2460.0,2639.3617206400177,bignoon
1316,2022,10/15/22,Florida St.,Clemson,ABC,later,3380.0,4352.667653183755,bignoon
1317,2022,10/15/22,Purdue,Nebraska,BTN,later,943.0,743.2948817782876,bignoon
1318,2022,10/15/22,Notre Dame,Stanford,NBC,later,2150.0,1528.6587401212157,bignoon
1319,2022,10/15/22,Utah,USC,FOX,later,2740.0,2923.3647098307015,bignoon
1320,2022,10/19/22,Appalachian St.,Georgia St.,ESPN2,later,439.0,385.17024876454815,bignoon
1321,2022,10/20/22,Georgia Tech,Virginia,ESPN,later,891.0,842.0382627458043,bignoon
1322,2022,10/21/22,Temple,Tulsa,ESPN2,later,502.0,483.0011827830042,bignoon
1323,2022,10/22/22,Baylor,Kansas,ESPN2,later,744.0,463.3289596373027,bignoon
1324,2022,10/22/22,Clemson,Syracuse,ABC,later,4750.0,4109.592458025224,bignoon
1325,2022,10/22/22,Ohio St.,Iowa,FOX,later,4380.0,6446.905691064969,bignoon
1326,2022,10/22/22,Rutgers,Indiana,BTN,later,238.0,297.8203737177678,bignoon
1327,2022,10/22/22,SMU,Cincinnati,ESPN,later,682.0,798.5920496206866,bignoon
1328,2022,10/22/22,Texas Tech,West Virginia,FS1,later,542.0,561.6237714207692,bignoon
1329,2022,10/22/22,Tulane,Memphis,ESPN2,later,168.0,267.30752425034933,bignoon
1330,2022,10/22/22,Maryland,Northwestern,BTN,later,252.0,285.7767889655138,bignoon
1331,2022,10/22/22,Oregon,UCLA,FOX,later,3340.0,4116.563965805381,bignoon
1332,2022,10/22/22,Oklahoma St.,Texas,ABC,later,4460.0,4806.973313847462,bignoon
1333,2022,10/22/22,Wisconsin,Purdue,ESPN,later,1010.0,1344.0051104145318,bignoon
1334,2022,10/22/22,LSU,Mississippi,CBS,later,3860.0,3704.9635399818744,bignoon
1335,2022,10/22/22,Alabama,Mississippi St.,ESPN,later,3590.0,4452.168836995444,bignoon
1336,2022,10/22/22,Penn St.,Minnesota,ABC,later,3540.0,3999.1696782663835,bignoon
1337,2022,10/22/22,TCU,Kansas St.,FS1,later,1530.0,1231.010775521921,bignoon
1338,2022,10/22/22,Wyoming,Utah St.,FS2,later,109.0,553.7807404857288,bignoon
1339,2022,10/22/22,California,Washington,ESPN,later,1320.0,1070.655997234669,bignoon
1340,2022,10/27/22,Southern Miss,Louisiana,ESPN2,later,190.0,370.75933597176686,bignoon
1341,2022,10/27/22,North Carolina St.,Virginia Tech,ESPN,later,1230.0,1243.6192092998397,bignoon
1342,2022,10/27/22,Washington St.,Utah,FS1,later,470.0,400.6190317948725,bignoon
1343,2022,10/28/22,BYU,East Carolina,ESPN2,later,823.0,802.9839338513676,bignoon
1344,2022,10/29/22,Houston,South Florida,ESPN2,later,131.0,247.14540650864512,bignoon
1345,2022,10/29/22,Penn St.,Ohio St.,FOX,later,8270.0,8220.839349291367,bignoon
1346,2022,10/29/22,Syracuse,Notre Dame,ABC,later,2340.0,3064.358634984663,bignoon
1347,2022,10/29/22,Iowa St.,Oklahoma,FS1,later,711.0,632.7909498273874,bignoon
1348,2022,10/29/22,West Virginia,TCU,ESPN,later,1510.0,1487.9409818414952,bignoon
1349,2022,10/29/22,Minnesota,Rutgers,BTN,later,302.0,385.9997860247667,bignoon
1350,2022,10/29/22,California,Oregon,FS1,later,738.0,715.2189261317257,bignoon
1351,2022,10/29/22,UCF,Cincinnati,ESPN,later,1060.0,1212.6578593993852,bignoon
1352,2022,10/29/22,Iowa,Northwestern,ESPN2,later,483.0,607.464994984351,bignoon
1353,2022,10/29/22,Kansas St.,Oklahoma St.,FOX,later,3380.0,3187.637973240017,bignoon
1354,2022,10/29/22,Georgia,Florida,CBS,later,5620.0,5014.570437748359,bignoon
1355,2022,10/29/22,Nebraska,Illinois,ABC,later,2490.0,2594.847361013067,bignoon
1356,2022,10/29/22,Boise St.,Colorado St.,FS1,later,269.0,246.84895824262694,bignoon
1357,2022,10/29/22,Tennessee,Kentucky,ESPN,later,4040.0,4392.23084536243,bignoon
1358,2022,10/29/22,Michigan,Michigan St.,ABC,later,5580.0,6622.6651440374535,bignoon
1359,2022,10/29/22,Texas Tech,Baylor,ESPN2,later,572.0,575.9997095228784,bignoon
1360,2022,10/29/22,Fresno St.,San Diego St.,FS1,later,219.0,270.2078968161693,bignoon
1361,2022,10/29/22,UCLA,Stanford,ESPN,later,1260.0,1331.234812845523,bignoon
1362,2022,11/1/22,Ohio,Buffalo,ESPN2,later,276.0,402.6550091612903,bignoon
1363,2022,11/2/22,Bowling Green,Western Michigan,ESPN2,later,361.0,325.46754927402924,bignoon
1364,2022,11/3/22,Coastal Carolina,Appalachian St.,ESPN,later,743.0,635.7385268161422,bignoon
1365,2022,11/4/22,Boston College,Duke,ESPN2,later,787.0,569.9151306496227,bignoon
1366,2022,11/4/22,Washington,Oregon St.,ESPN2,later,1130.0,1137.0821487895669,bignoon
1367,2022,11/5/22,Army,Air Force,CBS,later,1230.0,1316.3800874451847,bignoon
1368,2022,11/5/22,Purdue,Iowa,FS1,later,582.0,615.0888251100237,bignoon
1369,2022,11/5/22,Nebraska,Minnesota,ESPN2,later,1070.0,885.56146175864,bignoon
1370,2022,11/5/22,TCU,Texas Tech,FOX,later,2510.0,2204.967861431853,bignoon
1371,2022,11/5/22,Wisconsin,Maryland,BTN,later,576.0,429.4344769351857,bignoon
1372,2022,11/5/22,Texas A&M,Florida,ESPN,later,2730.0,2059.8465200276073,bignoon
1373,2022,11/5/22,Northwestern,Ohio St.,ABC,later,4760.0,3177.267155921458,bignoon
1374,2022,11/5/22,Kansas,Oklahoma St.,FS1,later,734.0,475.6163517004925,bignoon
1375,2022,11/5/22,Indiana,Penn St.,ABC,later,2230.0,2568.0421484025856,bignoon
1376,2022,11/5/22,Illinois,Michigan St.,BTN,later,928.0,676.5235238697879,bignoon
1377,2022,11/5/22,Memphis,UCF,ESPN2,later,321.0,426.4136296154002,bignoon
1378,2022,11/5/22,Colorado,Oregon,ESPN,later,962.0,1624.1157185291854,bignoon
1379,2022,11/5/22,Georgia,Tennessee,CBS,later,13060.0,9732.803224094738,bignoon
1380,2022,11/5/22,Boise St.,BYU,FS2,later,281.0,769.3772740586113,bignoon
1381,2022,11/5/22,LSU,Alabama,ESPN,later,7580.0,7187.623794664627,bignoon
1382,2022,11/5/22,Kansas St.,Texas,FS1,later,1250.0,823.1897167337897,bignoon
1383,2022,11/5/22,Miami,Florida St.,ABC,later,1500.0,2187.917990484472,bignoon
1384,2022,11/5/22,Mississippi St.,Auburn,ESPN2,later,512.0,754.3170623514625,bignoon
1385,2022,11/5/22,Rutgers,Michigan,BTN,later,1290.0,962.4561867654934,bignoon
1386,2022,11/5/22,Notre Dame,Clemson,NBC,later,3220.0,3616.090615266571,bignoon
1387,2022,11/5/22,USC,California,ESPN,later,2040.0,1809.230395978599,bignoon
1388,2022,11/5/22,Arizona St.,UCLA,FS1,later,490.0,654.711377570444,bignoon
1389,2022,11/8/22,Miami Ohio,Ohio,ESPN2,later,258.0,318.2963707115575,bignoon
1390,2022,11/8/22,Toledo,Ball St.,ESPN,later,482.0,441.01675670049667,bignoon
1391,2022,11/9/22,Central Michigan,Buffalo,ESPN2,later,350.0,384.0055282387832,bignoon
1392,2022,11/10/22,Memphis,Tulsa,ESPN,later,574.0,549.35474078318,bignoon
1393,2022,11/10/22,Louisiana,Georgia Southern,ESPN2,later,254.0,359.6147603035264,bignoon
1394,2022,11/11/22,Cincinnati,East Carolina,ESPN2,later,803.0,837.7237126291931,bignoon
1395,2022,11/11/22,USC,Colorado,FS1,later,525.0,955.8896471012592,bignoon
1396,2022,11/12/22,Ohio St.,Indiana,FOX,later,3340.0,3733.981542204656,bignoon
1397,2022,11/12/22,Michigan St.,Rutgers,BTN,later,591.0,449.50430906004715,bignoon
1398,2022,11/12/22,Navy,Notre Dame,ABC,later,2070.0,2149.5191662766047,bignoon
1399,2022,11/12/22,West Virginia,Oklahoma,FS1,later,956.0,673.5735457770338,bignoon
1400,2022,11/12/22,Tennessee,Missouri,CBS,later,3010.0,3381.5865246773055,bignoon
1401,2022,11/12/22,Illinois,Purdue,ESPN2,later,835.0,653.513672411593,bignoon
1402,2022,11/12/22,Arkansas,LSU,ESPN,later,3570.0,2814.3173209055713,bignoon
1403,2022,11/12/22,Iowa,Wisconsin,FS1,later,1090.0,761.5293557686058,bignoon
1404,2022,11/12/22,Oklahoma St.,Iowa St.,ESPNU,later,272.0,299.5477572779564,bignoon
1405,2022,11/12/22,Mississippi,Alabama,CBS,later,8710.0,5924.92058773007,bignoon
1406,2022,11/12/22,Michigan,Nebraska,ABC,later,3880.0,5547.386571080278,bignoon
1407,2022,11/12/22,Penn St.,Maryland,FOX,later,1880.0,2193.888276853293,bignoon
1408,2022,11/12/22,Tulane,UCF,ESPN2,later,368.0,781.8582324867772,bignoon
1409,2022,11/12/22,Clemson,Louisville,ESPN,later,1350.0,1370.6102686579993,bignoon
1410,2022,11/12/22,Minnesota,Northwestern,BTN,later,331.0,311.6130068283637,bignoon
1411,2022,11/12/22,Oregon,Washington,FOX,later,3630.0,3886.9877639021233,bignoon
1412,2022,11/12/22,Baylor,Kansas St.,FS1,later,528.0,511.912360610095,bignoon
1413,2022,11/12/22,Mississippi St.,Georgia,ESPN,later,3340.0,2836.734873649246,bignoon
1414,2022,11/12/22,Texas,TCU,ABC,later,5030.0,5734.055937719086,bignoon
1415,2022,11/12/22,Wake Forest,North Carolina,ESPN2,later,610.0,536.8899185441783,bignoon
1416,2022,11/12/22,Utah,Stanford,ESPN,later,1040.0,921.7062532351176,bignoon
1417,2022,11/12/22,San Diego St.,San Jose St.,FS1,later,146.0,243.22537050906064,bignoon
1418,2022,11/12/22,UCLA,Arizona,FOX,later,1860.0,1732.689323844248,bignoon
1419,2022,11/15/22,Ball St.,Ohio,ESPN2,later,250.0,365.2156104860795,bignoon
1420,2022,11/16/22,Kent St.,Eastern Michigan,ESPN2,later,399.0,301.02897093977083,bignoon
1421,2022,11/16/22,Central Michigan,Western Michigan,ESPNU,later,179.0,135.69343697829908,bignoon
1422,2022,11/17/22,Tulane,SMU,ESPN,later,767.0,585.3709286679228,bignoon
1423,2022,11/18/22,Tulsa,South Florida,ESPN2,later,510.0,466.131073405624,bignoon
1424,2022,11/18/22,New Mexico,San Diego St.,FS1,later,210.0,313.3612314477857,bignoon
1425,2022,11/19/22,UCF,Navy,ESPN2,later,610.0,502.57778704008547,bignoon
1426,2022,11/19/22,Michigan St.,Indiana,BTN,later,369.0,463.6859545563657,bignoon
1427,2022,11/19/22,Nebraska,Wisconsin,ESPN,later,1630.0,1758.7617641162942,bignoon
1428,2022,11/19/22,Baylor,TCU,FOX,later,4350.0,2983.150201675833,bignoon
1429,2022,11/19/22,Purdue,Northwestern,FS1,later,209.0,383.75182447535724,bignoon
1430,2022,11/19/22,Michigan,Illinois,ABC,later,5470.0,4641.420665883753,bignoon
1431,2022,11/19/22,Arizona St.,Oregon St.,ESPN2,later,484.0,449.9625697447415,bignoon
1432,2022,11/19/22,Notre Dame,Boston College,NBC,later,1270.0,1399.7453466306183,bignoon
1433,2022,11/19/22,Maryland,Ohio St.,ABC,later,6600.0,3597.201043269256,bignoon
1434,2022,11/19/22,Kansas,Texas,FS1,later,940.0,629.5862233368975,bignoon
1435,2022,11/19/22,Rutgers,Penn St.,BTN,later,856.0,607.7051497485373,bignoon
1436,2022,11/19/22,Clemson,Miami,ESPN,later,1140.0,1840.2401059353078,bignoon
1437,2022,11/19/22,Kentucky,Georgia,CBS,later,4480.0,4362.901251883831,bignoon
1438,2022,11/19/22,Minnesota,Iowa,FOX,later,2500.0,1992.3296174957538,bignoon
1439,2022,11/19/22,North Carolina,Georgia Tech,ESPN2,later,732.0,600.4688611409468,bignoon
1440,2022,11/19/22,Iowa St.,Texas Tech,FS1,later,545.0,459.0101260569471,bignoon
1441,2022,11/19/22,South Carolina,Tennessee,ESPN,later,4870.0,2996.0308773824213,bignoon
1442,2022,11/19/22,Missouri,New Mexico St.,ESPNU,later,63.0,160.4301370556317,bignoon
1443,2022,11/19/22,Oklahoma,Oklahoma St.,ABC,later,3060.0,2826.2002419943246,bignoon
1444,2022,11/19/22,UCLA,USC,FOX,later,4530.0,4121.050353798413,bignoon
1445,2022,11/19/22,LSU,UAB,ESPN2,later,848.0,853.0487281640053,bignoon
1446,2022,11/19/22,Utah St.,San Jose St.,FS1,later,128.0,164.7238005380233,bignoon
1447,2022,11/19/22,Oregon,Utah,ESPN,later,2540.0,2892.7736976973342,bignoon
1448,2022,11/22/22,Ohio,Bowling Green,ESPNU,later,229.0,142.56654225859364,bignoon
1449,2022,11/24/22,Mississippi,Mississippi St.,ESPN,later,2230.0,1513.5959377925446,bignoon
1450,2022,11/25/22,Cincinnati,Tulane,ABC,later,1720.0,2984.09392284868,bignoon
1451,2022,11/25/22,Boise St.,Utah St.,CBS,later,1440.0,1090.6572291995567,bignoon
1452,2022,11/25/22,Texas,Baylor,ESPN,later,2690.0,2976.53586739547,bignoon
1453,2022,11/25/22,Arizona,Arizona St.,FS1,later,567.0,903.9860516826334,bignoon
1454,2022,11/25/22,Missouri,Arkansas,CBS,later,3270.0,1962.1127834315212,bignoon
1455,2022,11/25/22,North Carolina,North Carolina St.,ABC,later,3610.0,2496.267493861672,bignoon
1456,2022,11/25/22,Iowa,Nebraska,BTN,later,1470.0,1136.241167548624,bignoon
1457,2022,11/25/22,California,UCLA,FOX,later,3270.0,1922.4810350033592,bignoon
1458,2022,11/25/22,Florida St.,Florida,ABC,later,6710.0,5949.014329097074,bignoon
1459,2022,11/25/22,Fresno St.,Wyoming,FS1,later,260.0,394.8230072878554,bignoon
1460,2022,11/26/22,Clemson,South Carolina,ABC,later,2320.0,2514.743267565663,bignoon
1461,2022,11/26/22,Ohio St.,Michigan,FOX,later,17140.0,16872.691021227452,bignoon
1462,2022,11/26/22,Maryland,Rutgers,BTN,later,97.0,213.21557565117308,bignoon
1463,2022,11/26/22,Georgia,Georgia Tech,ESPN,later,2060.0,1446.1720802233162,bignoon
1464,2022,11/26/22,Oklahoma St.,West Virginia,ESPN2,later,694.0,525.7020430911606,bignoon
1465,2022,11/26/22,Alabama,Auburn,CBS,later,6270.0,8339.182332882523,bignoon
1466,2022,11/26/22,Wisconsin,Minnesota,ESPN,later,1710.0,1858.908290024705,bignoon
1467,2022,11/26/22,SMU,Memphis,ESPN2,later,213.0,223.1232243231774,bignoon
1468,2022,11/26/22,Oregon St.,Oregon,ABC,later,3560.0,3937.5701460428586,bignoon
1469,2022,11/26/22,Penn St.,Michigan St.,FS1,later,1990.0,1164.3304680395804,bignoon
1470,2022,11/26/22,TCU,Iowa St.,FOX,later,4340.0,1882.9371603916816,bignoon
1471,2022,11/26/22,Texas A&M,LSU,ESPN,later,3920.0,3126.9690109458415,bignoon
1472,2022,11/26/22,South Florida,UCF,ESPN2,later,329.0,383.8532148195102,bignoon
1473,2022,11/26/22,Texas Tech,Oklahoma,FS1,later,1210.0,653.699814273883,bignoon
1474,2022,11/26/22,USC,Notre Dame,ABC,later,6680.0,8527.587183461144,bignoon
1475,2022,11/26/22,Kansas St.,Kansas,FOX,later,2320.0,991.5988566445518,bignoon
1476,2022,11/26/22,Washington St.,Washington,ESPN,later,2380.0,2081.621496182825,bignoon
1477,2022,11/26/22,Stanford,BYU,FS1,later,453.0,374.65639999379295,bignoon
1478,2022,12/2/22,USC,Utah,FOX,later,5970.0,5674.7839350656595,bignoon
1479,2022,12/3/22,TCU,Kansas St.,ABC,later,9410.0,4211.340379642742,bignoon
1480,2022,12/3/22,Ohio,Toledo,ESPN,later,721.0,411.7617614201612,bignoon
1481,2022,12/3/22,Troy,Coastal Carolina,ESPN,later,332.0,447.6725457891572,bignoon
1482,2022,12/3/22,Tulane,UCF,ABC,later,2700.0,2274.8778270725725,bignoon
1483,2022,12/3/22,Boise St.,Fresno St.,FOX,later,1940.0,990.942958869113,bignoon
1484,2022,12/3/22,Georgia,LSU,CBS,later,10890.0,8799.679712388817,bignoon
1485,2022,12/3/22,North Carolina,Clemson,ABC,later,3470.0,5749.909493693607,bignoon
1486,2022,12/3/22,Michigan,Purdue,FOX,later,10700.0,7388.795475319059,bignoon
1487,2022,12/10/22,Army,Navy,CBS,later,6940.0,6045.508799636481,bignoon
1145,2022,8/27/22,Northwestern,Nebraska,FOX,Week0,4420.0,3416.578830265109,both
1146,2022,8/27/22,Illinois,Wyoming,BTN,Week0,512.0,446.71875198438323,both
1147,2022,8/27/22,Utah St.,Connecticut,FS1,Week0,517.0,261.4836697857223,both
1148,2022,8/27/22,New Mexico St.,Nevada,ESPN2,Week0,304.0,296.2206158332883,both
1149,2022,9/1/22,Oklahoma St.,Central Michigan,FS1,Week1,402.0,374.6926423920013,both
1150,2022,9/1/22,Pittsburgh,West Virginia,ESPN,Week1,3150.0,2233.349794073651,both
1151,2022,9/1/22,Missouri,Louisiana Tech,ESPNU,Week1,122.0,184.56233250322254,both
1152,2022,9/1/22,Purdue,Penn St.,FOX,Week1,3510.0,5952.190453172077,both
1153,2022,9/1/22,Minnesota,New Mexico St.,BTN,Week1,241.0,295.0054566313144,both
1154,2022,9/1/22,Fresno St.,Cal Poly,FS1,Week1,167.0,223.16663185460942,both
1155,2022,9/2/22,Michigan St.,Western Michigan,ESPN2,Week1,1350.0,1498.5993386833916,both
1156,2022,9/2/22,Old Dominion,Virginia Tech,ESPNU,Week1,334.0,390.6587308058291,both
1157,2022,9/2/22,Indiana,Illinois,FS1,Week1,965.0,699.1194597135848,both
1158,2022,9/2/22,Colorado,TCU,ESPN,Week1,1250.0,1977.136254198695,both
1159,2022,9/3/22,Iowa,South Dakota State,FS1,Week1,1010.0,468.31850609055505,both
1160,2022,9/3/22,Appalachian St.,North Carolina,ESPNU,Week1,520.0,307.70106832282727,both
1161,2022,9/3/22,Maryland,Buffalo,BTN,Week1,181.0,314.03682274830214,both
1162,2022,9/3/22,Michigan,Colorado St.,ABC,Week1,3930.0,2592.7107350202905,both
1163,2022,9/3/22,East Carolina,North Carolina St.,ESPN,Week1,2030.0,947.1573696337917,both
1164,2022,9/3/22,Wyoming,Tulsa,FS1,Week1,361.0,329.78280819207026,both
1165,2022,9/3/22,Nebraska,North Dakota,BTN,Week1,889.0,482.9005136843446,both
1166,2022,9/3/22,Arkansas,Cincinnati,ESPN,Week1,2900.0,1790.6496990108194,both
1167,2022,9/3/22,San Diego St.,Arizona,CBS,Week1,921.0,1176.456290603605,both
1168,2022,9/3/22,Georgia,Oregon,ABC,Week1,6200.0,6002.9055557947095,both
1169,2022,9/3/22,Oklahoma,UTEP,FOX,Week1,1220.0,2057.1401182032128,both
1170,2022,9/3/22,Wisconsin,Illinois State,FS1,Week1,498.0,430.07765339832525,both
1171,2022,9/3/22,Florida,Utah,ESPN,Week1,2950.0,1885.0245643011683,both
1172,2022,9/3/22,Ohio St.,Notre Dame,ABC,Week1,10530.0,14318.547312029856,both
1173,2022,9/3/22,Washington,Kent St.,FS1,Week1,319.0,524.3744383959796,both
1174,2022,9/3/22,Oregon St.,Boise St.,ESPN,Week1,1250.0,1180.4515996686423,both
1175,2022,9/4/22,Florida St.,LSU,ABC,Week1,7550.0,8465.516664994737,both
1176,2022,9/5/22,Georgia Tech,Clemson,ESPN,Week1,4860.0,3764.4038695716945,both
1177,2022,9/9/22,UCF,Louisville,ESPN2,later,1850.0,955.9324721303657,both
1178,2022,9/10/22,Arkansas,South Carolina,ESPN,later,1520.0,1730.600185445169,both
1179,2022,9/10/22,Kansas St.,Missouri,ESPN2,later,490.0,596.6917843032131,both
1180,2022,9/10/22,Northwestern,Duke,FS1,later,160.0,336.7501518668648,both
1181,2022,9/10/22,Texas,Alabama,FOX,later,10600.0,9661.581607432849,both
1182,2022,9/10/22,Penn St.,Ohio,ABC,later,1550.0,1737.7669278844583,both
1183,2022,9/10/22,Notre Dame,Marshall,NBC,later,2480.0,2185.8323135127166,both
1184,2022,9/10/22,Wisconsin,Washington St.,FOX,later,3920.0,2405.4261441799918,both
1185,2022,9/10/22,Air Force,Colorado,CBS,later,808.0,1100.6313618370784,both
1186,2022,9/10/22,Texas A&M,Appalachian St.,ESPN2,later,1770.0,1064.506148599186,both
1187,2022,9/10/22,Pittsburgh,Tennessee,ABC,later,4460.0,4033.844878616437,both
1188,2022,9/10/22,Illinois,Virginia,ESPNU,later,159.0,382.16947503854533,both
1189,2022,9/10/22,Texas Tech,Houston,FS1,later,633.0,489.92351906806334,both
1190,2022,9/10/22,Florida,Kentucky,ESPN,later,4330.0,3309.018757243369,both
1191,2022,9/10/22,Auburn,San Jose St.,ESPNU,later,364.0,333.42376585926695,both
1192,2022,9/10/22,Oklahoma St.,Arizona St.,ESPN2,later,1020.0,919.0570812142357,both
1193,2022,9/10/22,Stanford,USC,ABC,later,2960.0,3085.327120029321,both
1194,2022,9/10/22,Nebraska,Georgia Southern,FS1,later,1240.0,643.6630051123605,both
1195,2022,9/10/22,BYU,Baylor,ESPN,later,2370.0,2110.667568939136,both
1196,2022,9/10/22,Arizona,Mississippi St.,FS1,later,471.0,560.1593252811167,both
1197,2022,9/16/22,Louisville,Florida St.,ESPN,later,2750.0,1952.275918618824,both
1198,2022,9/17/22,Nebraska,Oklahoma,FOX,later,3410.0,5750.446164741042,both
1199,2022,9/17/22,South Carolina,Georgia,ESPN,later,3000.0,2869.165805250388,both
1200,2022,9/17/22,Baylor,Texas St.,FS1,later,221.0,314.18011298271733,both
1201,2022,9/17/22,Miami Ohio,Cincinnati,ESPNU,later,185.0,203.62210202724268,both
1202,2022,9/17/22,Michigan,Connecticut,ABC,later,2030.0,2317.7217344644214,both
1203,2022,9/17/22,Syracuse,Purdue,ESPN2,later,1210.0,660.5580504582849,both
1204,2022,9/17/22,Notre Dame,California,NBC,later,2910.0,1646.448412886175,both
1205,2022,9/17/22,Minnesota,Colorado,ESPN2,later,690.0,800.1538497509503,both
1206,2022,9/17/22,Georgia Tech,Mississippi,ABC,later,1390.0,1722.2222765213387,both
1207,2022,9/17/22,Auburn,Penn St.,CBS,later,4050.0,4417.708538468878,both
1208,2022,9/17/22,Wisconsin,New Mexico St.,BTN,later,426.0,389.7726939572133,both
1209,2022,9/17/22,Oregon,BYU,FOX,later,2580.0,2926.095476498514,both
1210,2022,9/17/22,Boise St.,UT Martin,FS1,later,214.0,318.22955881718315,both
1211,2022,9/17/22,Houston,Kansas,ESPNU,later,225.0,230.6028448895469,both
1212,2022,9/17/22,Bowling Green,Marshall,NFLN,later,169.0,68.6638959505888,both
1213,2022,9/17/22,LSU,Mississippi St.,ESPN,later,3060.0,2326.084145687195,both
1214,2022,9/17/22,North Carolina St.,Texas Tech,ESPN2,later,747.0,674.0835277076087,both
1215,2022,9/17/22,Ohio St.,Toledo,FOX,later,3050.0,2310.5344247267344,both
1216,2022,9/17/22,Iowa,Nevada,BTN,later,348.0,422.421468282438,both
1217,2022,9/17/22,Western Michigan,Pittsburgh,ESPNU,later,195.0,257.12753103910745,both
1218,2022,9/17/22,Maryland,SMU,FS1,later,257.0,332.9816817615032,both
1219,2022,9/17/22,Washington,Michigan St.,ABC,later,2790.0,3290.550403520277,both
1220,2022,9/17/22,Texas A&M,Miami,ESPN,later,3400.0,2296.114752517597,both
1221,2022,9/17/22,Utah,San Diego St.,ESPN2,later,326.0,512.2499866863866,both
1222,2022,9/17/22,USC,Fresno St.,FOX,later,1620.0,1633.627611075622,both
1223,2022,9/17/22,Arizona,North Dakota State,FS1,later,335.0,352.3257296705807,both
1224,2022,9/22/22,Georgia St.,Coastal Carolina,ESPN2,later,224.0,350.02188892255356,both
1225,2022,9/22/22,Virginia Tech,West Virginia,ESPN,later,1600.0,1533.895812072502,both
1226,2022,9/22/22,Illinois,Chattanooga,BTN,later,176.0,302.434372744206,both
1227,2022,9/23/22,Syracuse,Virginia,ESPN,later,1790.0,1533.3873853213754,both
1228,2022,9/23/22,Air Force,Nevada,FS1,later,312.0,382.60682160590756,both
1229,2022,9/24/22,Kansas,Duke,FS1,later,441.0,324.68897005181435,both
1230,2022,9/24/22,Iowa St.,Baylor,ESPN2,later,762.0,724.2290833124562,both
1231,2022,9/24/22,Auburn,Missouri,ESPN,later,2070.0,1698.2379285885722,both
1232,2022,9/24/22,Penn St.,Central Michigan,BTN,later,628.0,507.2913590633942,both
1233,2022,9/24/22,Wake Forest,Clemson,ABC,later,3180.0,3032.840536030033,both
1234,2022,9/24/22,Michigan,Maryland,FOX,later,4380.0,4321.598116287268,both
1235,2022,9/24/22,San Diego St.,Toledo,FS1,later,145.0,252.8634961777184,both
1236,2022,9/24/22,Tennessee,Florida,CBS,later,5570.0,4349.2855330098955,both
1237,2022,9/24/22,Texas Tech,Texas,ESPN,later,2280.0,1945.5365056391825,both
1238,2022,9/24/22,North Carolina,Notre Dame,ABC,later,3460.0,2965.1659939958054,both
1239,2022,9/24/22,Michigan St.,Minnesota,BTN,later,1110.0,736.2205601782584,both
1240,2022,9/24/22,Cincinnati,Indiana,ESPN2,later,482.0,595.9152020220056,both
1241,2022,9/24/22,Washington St.,Oregon,FOX,later,2270.0,2324.4687281527167,both
1242,2022,9/24/22,UCF,Georgia Tech,ESPNU,later,107.0,257.527415134541,both
1243,2022,9/24/22,Texas A&M,Arkansas,ESPN,later,3500.0,2895.989821221759,both
1244,2022,9/24/22,Kentucky,Northern Illinois,ESPN2,later,555.0,854.2696091661601,both
1245,2022,9/24/22,Rutgers,Iowa,FS1,later,739.0,634.5852875302908,both
1246,2022,9/24/22,Ohio St.,Wisconsin,ABC,later,4590.0,5912.917765971506,both
1247,2022,9/24/22,South Carolina,Charlotte,ESPNU,later,177.0,233.45041015693096,both
1248,2022,9/24/22,Oklahoma,Kansas St.,FOX,later,3370.0,2783.900881058869,both
1249,2022,9/24/22,BYU,Wyoming,ESPN2,later,609.0,640.6149672749414,both
1250,2022,9/24/22,Arizona St.,Utah,ESPN,later,1210.0,1192.4636871981947,both
1251,2022,9/24/22,Washington,Stanford,FS1,later,532.0,636.5688792067594,both
1252,2022,9/29/22,BYU,Utah St.,ESPN,later,1260.0,743.5111769384707,both
1253,2022,9/30/22,Houston,Tulane,ESPN,later,1220.0,908.3935465766083,both
1254,2022,9/30/22,Boise St.,San Diego St.,FS1,later,407.0,669.8955650920323,both
1255,2022,9/30/22,UCLA,Washington,ESPN,later,1700.0,1757.3725766141165,both
1256,2022,10/1/22,TCU,Oklahoma,ABC,later,2470.0,2301.3132582208327,both
1257,2022,10/1/22,Wisconsin,Illinois,BTN,later,573.0,486.4938826245825,both
1258,2022,10/1/22,Minnesota,Purdue,ESPN2,later,829.0,776.9581592266019,both
1259,2022,10/1/22,Iowa,Michigan,FOX,later,4200.0,5404.145703278589,both
1260,2022,10/1/22,Air Force,Navy,CBS,later,1130.0,1069.9369538257154,both
1261,2022,10/1/22,Mississippi,Kentucky,ESPN,later,2790.0,2445.7666251990363,both
1262,2022,10/1/22,Maryland,Michigan St.,FS1,later,904.0,734.1511516757362,both
1263,2022,10/1/22,Florida St.,Wake Forest,ABC,later,2480.0,2375.4303083202494,both
1264,2022,10/1/22,Ohio St.,Rutgers,BTN,later,1790.0,1313.9497328888592,both
1265,2022,10/1/22,Arkansas,Alabama,CBS,later,5830.0,5421.19705171677,both
1266,2022,10/1/22,Kansas,Iowa St.,ESPN2,later,865.0,558.1759468185427,both
1267,2022,10/1/22,Penn St.,Northwestern,ESPN,later,1620.0,1678.826332236615,both
1268,2022,10/1/22,Baylor,Oklahoma St.,FOX,later,2410.0,3017.5405197820633,both
1269,2022,10/1/22,Auburn,LSU,ESPN,later,2790.0,2802.838384888109,both
1270,2022,10/1/22,Clemson,North Carolina St.,ABC,later,4980.0,4920.84793630784,both
1271,2022,10/1/22,Texas,West Virginia,FS1,later,1190.0,1096.021895609387,both
1272,2022,10/1/22,Nebraska,Indiana,BTN,later,1140.0,724.6661250152322,both
1273,2022,10/1/22,USC,Arizona St.,ESPN,later,1920.0,2178.2800067465687,both
1274,2022,10/1/22,Oregon,Stanford,FS1,later,672.0,717.4396989173889,both
1275,2022,10/5/22,UCF,SMU,ESPN2,later,866.0,571.633433250332,both
1276,2022,10/7/22,Rutgers,Nebraska,FS1,later,1150.0,966.6334772226259,both
1277,2022,10/7/22,Memphis,Houston,ESPN2,later,699.0,689.2022438358844,both
1278,2022,10/7/22,Nevada,Colorado St.,FS1,later,433.0,262.8077342984353,both
1279,2022,10/8/22,Indiana,Michigan,FOX,later,4010.0,3826.137885188695,both
1280,2022,10/8/22,LSU,Tennessee,ESPN,later,2960.0,4547.647971928606,both
1281,2022,10/8/22,Kansas,TCU,FS1,later,1310.0,867.3164891186152,both
1282,2022,10/8/22,Florida,Missouri,ESPNU,later,488.0,449.38890362410746,both
1283,2022,10/8/22,Maryland,Purdue,BTN,later,400.0,372.87464381000405,both
1284,2022,10/8/22,Oklahoma,Texas,ABC,later,3360.0,3000.0662052433872,both
1285,2022,10/8/22,UCLA,Utah,FOX,later,2650.0,2165.4264542204687,both
1286,2022,10/8/22,Oklahoma St.,Texas Tech,FS1,later,1630.0,750.7587164146421,both
1287,2022,10/8/22,Georgia,Auburn,CBS,later,4240.0,4478.30386791245,both
1288,2022,10/8/22,Northwestern,Wisconsin,BTN,later,572.0,447.2753502144416,both
1289,2022,10/8/22,Miami,North Carolina,ESPN2,later,1250.0,659.202614607189,both
1290,2022,10/8/22,Michigan St.,Ohio St.,ABC,later,4440.0,6508.979352539519,both
1291,2022,10/8/22,Utah St.,Air Force,FS1,later,433.0,176.6682643213485,both
1292,2022,10/8/22,Arkansas St.,James Madison,NFLN,later,103.0,49.57380728077964,both
1293,2022,10/8/22,Notre Dame,BYU,NBC,later,2530.0,2129.640860507106,both
1294,2022,10/8/22,Boston College,Clemson,ABC,later,1930.0,2169.4000552042066,both
1295,2022,10/8/22,Iowa St.,Kansas St.,ESPNU,later,373.0,343.636478291326,both
1296,2022,10/8/22,USC,Washington St.,FOX,later,1840.0,2294.660187088749,both
1297,2022,10/8/22,Illinois,Iowa,BTN,later,855.0,581.4147549414831,both
1298,2022,10/8/22,Alabama,Texas A&M,CBS,later,7150.0,6077.861849995516,both
1299,2022,10/8/22,Boise St.,Fresno St.,FS1,later,375.0,360.02370999765554,both
1300,2022,10/8/22,Stanford,Oregon St.,ESPN,later,1080.0,1004.1266588605396,both
1301,2022,10/12/22,Marshall,Louisiana,ESPN2,later,496.0,390.62954292292403,both
1302,2022,10/13/22,UCF,Temple,ESPN,later,603.0,631.2696150818122,both
1303,2022,10/13/22,West Virginia,Baylor,FS1,later,1150.0,595.3045593867073,both
1304,2022,10/14/22,SMU,Navy,ESPN,later,959.0,932.8638457912866,both
1305,2022,10/15/22,Oklahoma,Kansas,ESPN2,later,1210.0,814.9458387470886,both
1306,2022,10/15/22,Illinois,Minnesota,BTN,later,619.0,430.426488950944,both
1307,2022,10/15/22,Mississippi,Auburn,ESPN,later,2060.0,2093.008533591216,both
1308,2022,10/15/22,Texas,Iowa St.,ABC,later,2350.0,2718.6959940968363,both
1309,2022,10/15/22,Michigan,Penn St.,FOX,later,6450.0,8675.109235588718,both
1310,2022,10/15/22,TCU,Oklahoma St.,ABC,later,2140.0,3192.480535097815,both
1311,2022,10/15/22,BYU,Arkansas,ESPN,later,1060.0,989.9761899869643,both
1312,2022,10/15/22,Indiana,Maryland,ESPN2,later,392.0,471.0378606918322,both
1313,2022,10/15/22,Tennessee,Alabama,CBS,later,11560.0,10711.502793721118,both
1314,2022,10/15/22,Michigan St.,Wisconsin,FOX,later,2450.0,2828.8252697489343,both
1315,2022,10/15/22,Florida,LSU,ESPN,later,2460.0,2583.0235668993028,both
1316,2022,10/15/22,Florida St.,Clemson,ABC,later,3380.0,4167.435208118551,both
1317,2022,10/15/22,Purdue,Nebraska,BTN,later,943.0,737.2501168764895,both
1318,2022,10/15/22,Notre Dame,Stanford,NBC,later,2150.0,1527.7889677484002,both
1319,2022,10/15/22,Utah,USC,FOX,later,2740.0,2787.184908015825,both
1320,2022,10/19/22,Appalachian St.,Georgia St.,ESPN2,later,439.0,385.52826797183775,both
1321,2022,10/20/22,Georgia Tech,Virginia,ESPN,later,891.0,848.116977690425,both
1322,2022,10/21/22,Temple,Tulsa,ESPN2,later,502.0,478.56861981973407,both
1323,2022,10/22/22,Baylor,Kansas,ESPN2,later,744.0,459.2158575219337,both
1324,2022,10/22/22,Clemson,Syracuse,ABC,later,4750.0,3879.0137048914867,both
1325,2022,10/22/22,Ohio St.,Iowa,FOX,later,4380.0,6577.73136907449,both
1326,2022,10/22/22,Rutgers,Indiana,BTN,later,238.0,297.0830209622625,both
1327,2022,10/22/22,SMU,Cincinnati,ESPN,later,682.0,787.347684945556,both
1328,2022,10/22/22,Texas Tech,West Virginia,FS1,later,542.0,562.094644563824,both
1329,2022,10/22/22,Tulane,Memphis,ESPN2,later,168.0,263.9580679282797,both
1330,2022,10/22/22,Maryland,Northwestern,BTN,later,252.0,288.4953435004444,both
1331,2022,10/22/22,Oregon,UCLA,FOX,later,3340.0,4142.857877407201,both
1332,2022,10/22/22,Oklahoma St.,Texas,ABC,later,4460.0,4745.735850964287,both
1333,2022,10/22/22,Wisconsin,Purdue,ESPN,later,1010.0,1339.9449302304856,both
1334,2022,10/22/22,LSU,Mississippi,CBS,later,3860.0,3671.0935374528417,both
1335,2022,10/22/22,Alabama,Mississippi St.,ESPN,later,3590.0,4279.886290965549,both
1336,2022,10/22/22,Penn St.,Minnesota,ABC,later,3540.0,3884.2063650060027,both
1337,2022,10/22/22,TCU,Kansas St.,FS1,later,1530.0,1157.0103163475071,both
1338,2022,10/22/22,Wyoming,Utah St.,FS2,later,109.0,553.4845396166843,both
1339,2022,10/22/22,California,Washington,ESPN,later,1320.0,1084.4925850799766,both
1340,2022,10/27/22,Southern Miss,Louisiana,ESPN2,later,190.0,367.37135694802254,both
1341,2022,10/27/22,North Carolina St.,Virginia Tech,ESPN,later,1230.0,1250.3973471525196,both
1342,2022,10/27/22,Washington St.,Utah,FS1,later,470.0,395.2964445775141,both
1343,2022,10/28/22,BYU,East Carolina,ESPN2,later,823.0,804.2096258862026,both
1344,2022,10/29/22,Houston,South Florida,ESPN2,later,131.0,249.40881744467654,both
1345,2022,10/29/22,Penn St.,Ohio St.,FOX,later,8270.0,7638.735305539754,both
1346,2022,10/29/22,Syracuse,Notre Dame,ABC,later,2340.0,2984.4009955189977,both
1347,2022,10/29/22,Iowa St.,Oklahoma,FS1,later,711.0,637.8192818841512,both
1348,2022,10/29/22,West Virginia,TCU,ESPN,later,1510.0,1483.3132472875623,both
1349,2022,10/29/22,Minnesota,Rutgers,BTN,later,302.0,383.38160664963766,both
1350,2022,10/29/22,California,Oregon,FS1,later,738.0,701.6734565475007,both
1351,2022,10/29/22,UCF,Cincinnati,ESPN,later,1060.0,1205.3290888054878,both
1352,2022,10/29/22,Iowa,Northwestern,ESPN2,later,483.0,616.5127962305355,both
1353,2022,10/29/22,Kansas St.,Oklahoma St.,FOX,later,3380.0,3146.3151486212682,both
1354,2022,10/29/22,Georgia,Florida,CBS,later,5620.0,4944.051855625527,both
1355,2022,10/29/22,Nebraska,Illinois,ABC,later,2490.0,2595.4313627044858,both
1356,2022,10/29/22,Boise St.,Colorado St.,FS1,later,269.0,245.24962785534223,both
1357,2022,10/29/22,Tennessee,Kentucky,ESPN,later,4040.0,4139.68955573821,both
1358,2022,10/29/22,Michigan,Michigan St.,ABC,later,5580.0,6368.133635425994,both
1359,2022,10/29/22,Texas Tech,Baylor,ESPN2,later,572.0,567.7474958701403,both
1360,2022,10/29/22,Fresno St.,San Diego St.,FS1,later,219.0,268.92322812063776,both
1361,2022,10/29/22,UCLA,Stanford,ESPN,later,1260.0,1333.7096256928096,both
1362,2022,11/1/22,Ohio,Buffalo,ESPN2,later,276.0,399.17750459388293,both
1363,2022,11/2/22,Bowling Green,Western Michigan,ESPN2,later,361.0,325.5321244842884,both
1364,2022,11/3/22,Coastal Carolina,Appalachian St.,ESPN,later,743.0,637.5984074718269,both
1365,2022,11/4/22,Boston College,Duke,ESPN2,later,787.0,563.7470504117608,both
1366,2022,11/4/22,Washington,Oregon St.,ESPN2,later,1130.0,1138.0463863417663,both
1367,2022,11/5/22,Army,Air Force,CBS,later,1230.0,1316.704965846742,both
1368,2022,11/5/22,Purdue,Iowa,FS1,later,582.0,625.096803670197,both
1369,2022,11/5/22,Nebraska,Minnesota,ESPN2,later,1070.0,881.4918465030253,both
1370,2022,11/5/22,TCU,Texas Tech,FOX,later,2510.0,2207.5516756185575,both
1371,2022,11/5/22,Wisconsin,Maryland,BTN,later,576.0,427.37840301481424,both
1372,2022,11/5/22,Texas A&M,Florida,ESPN,later,2730.0,2022.5279308860547,both
1373,2022,11/5/22,Northwestern,Ohio St.,ABC,later,4760.0,3168.94683409357,both
1374,2022,11/5/22,Kansas,Oklahoma St.,FS1,later,734.0,476.1728312456378,both
1375,2022,11/5/22,Indiana,Penn St.,ABC,later,2230.0,2589.278258017695,both
1376,2022,11/5/22,Illinois,Michigan St.,BTN,later,928.0,684.291411476424,both
1377,2022,11/5/22,Memphis,UCF,ESPN2,later,321.0,420.39837344955436,both
1378,2022,11/5/22,Colorado,Oregon,ESPN,later,962.0,1624.9032656847623,both
1379,2022,11/5/22,Georgia,Tennessee,CBS,later,13060.0,10055.092229595399,both
1380,2022,11/5/22,Boise St.,BYU,FS2,later,281.0,768.4693889862808,both
1381,2022,11/5/22,LSU,Alabama,ESPN,later,7580.0,6508.64886609293,both
1382,2022,11/5/22,Kansas St.,Texas,FS1,later,1250.0,817.9556210087375,both
1383,2022,11/5/22,Miami,Florida St.,ABC,later,1500.0,2141.112899112218,both
1384,2022,11/5/22,Mississippi St.,Auburn,ESPN2,later,512.0,760.3178035629903,both
1385,2022,11/5/22,Rutgers,Michigan,BTN,later,1290.0,952.7447206483564,both
1386,2022,11/5/22,Notre Dame,Clemson,NBC,later,3220.0,3549.2066031754543,both
1387,2022,11/5/22,USC,California,ESPN,later,2040.0,1838.5833372617335,both
1388,2022,11/5/22,Arizona St.,UCLA,FS1,later,490.0,651.3408385996199,both
1389,2022,11/8/22,Miami Ohio,Ohio,ESPN2,later,258.0,317.78092441594043,both
1390,2022,11/8/22,Toledo,Ball St.,ESPN,later,482.0,440.84126368378327,both
1391,2022,11/9/22,Central Michigan,Buffalo,ESPN2,later,350.0,382.8627977968515,both
1392,2022,11/10/22,Memphis,Tulsa,ESPN,later,574.0,531.3674853171735,both
1393,2022,11/10/22,Louisiana,Georgia Southern,ESPN2,later,254.0,357.63862025934316,both
1394,2022,11/11/22,Cincinnati,East Carolina,ESPN2,later,803.0,834.0575321487638,both
1395,2022,11/11/22,USC,Colorado,FS1,later,525.0,983.7562838883159,both
1396,2022,11/12/22,Ohio St.,Indiana,FOX,later,3340.0,3801.8249160554205,both
1397,2022,11/12/22,Michigan St.,Rutgers,BTN,later,591.0,446.00232313665526,both
1398,2022,11/12/22,Navy,Notre Dame,ABC,later,2070.0,2136.5311617901525,both
1399,2022,11/12/22,West Virginia,Oklahoma,FS1,later,956.0,679.9729393362184,both
1400,2022,11/12/22,Tennessee,Missouri,CBS,later,3010.0,3483.866571755728,both
1401,2022,11/12/22,Illinois,Purdue,ESPN2,later,835.0,656.834395866445,both
1402,2022,11/12/22,Arkansas,LSU,ESPN,later,3570.0,2840.983638000692,both
1403,2022,11/12/22,Iowa,Wisconsin,FS1,later,1090.0,764.933187980721,both
1404,2022,11/12/22,Oklahoma St.,Iowa St.,ESPNU,later,272.0,303.8671045794413,both
1405,2022,11/12/22,Mississippi,Alabama,CBS,later,8710.0,5577.991425985788,both
1406,2022,11/12/22,Michigan,Nebraska,ABC,later,3880.0,5536.746512733363,both
1407,2022,11/12/22,Penn St.,Maryland,FOX,later,1880.0,2215.3545177954784,both
1408,2022,11/12/22,Tulane,UCF,ESPN2,later,368.0,722.5945071240421,both
1409,2022,11/12/22,Clemson,Louisville,ESPN,later,1350.0,1394.6201684020548,both
1410,2022,11/12/22,Minnesota,Northwestern,BTN,later,331.0,315.82174931700786,both
1411,2022,11/12/22,Oregon,Washington,FOX,later,3630.0,3826.3105510889754,both
1412,2022,11/12/22,Baylor,Kansas St.,FS1,later,528.0,502.6375325416835,both
1413,2022,11/12/22,Mississippi St.,Georgia,ESPN,later,3340.0,2812.9156053280867,both
1414,2022,11/12/22,Texas,TCU,ABC,later,5030.0,6511.132023896003,both
1415,2022,11/12/22,Wake Forest,North Carolina,ESPN2,later,610.0,536.9491000435976,both
1416,2022,11/12/22,Utah,Stanford,ESPN,later,1040.0,943.8579042601943,both
1417,2022,11/12/22,San Diego St.,San Jose St.,FS1,later,146.0,242.87118370732253,both
1418,2022,11/12/22,UCLA,Arizona,FOX,later,1860.0,1746.1219488599245,both
1419,2022,11/15/22,Ball St.,Ohio,ESPN2,later,250.0,363.84149414969346,both
1420,2022,11/16/22,Kent St.,Eastern Michigan,ESPN2,later,399.0,302.7602539259025,both
1421,2022,11/16/22,Central Michigan,Western Michigan,ESPNU,later,179.0,136.15124451651724,both
1422,2022,11/17/22,Tulane,SMU,ESPN,later,767.0,578.881055731727,both
1423,2022,11/18/22,Tulsa,South Florida,ESPN2,later,510.0,461.6328079055951,both
1424,2022,11/18/22,New Mexico,San Diego St.,FS1,later,210.0,315.8098452784644,both
1425,2022,11/19/22,UCF,Navy,ESPN2,later,610.0,503.1611265017159,both
1426,2022,11/19/22,Michigan St.,Indiana,BTN,later,369.0,466.35154947910326,both
1427,2022,11/19/22,Nebraska,Wisconsin,ESPN,later,1630.0,1742.4031764739238,both
1428,2022,11/19/22,Baylor,TCU,FOX,later,4350.0,2955.5407072944977,both
1429,2022,11/19/22,Purdue,Northwestern,FS1,later,209.0,385.8885754276484,both
1430,2022,11/19/22,Michigan,Illinois,ABC,later,5470.0,4551.169467826521,both
1431,2022,11/19/22,Arizona St.,Oregon St.,ESPN2,later,484.0,449.62531862288733,both
1432,2022,11/19/22,Notre Dame,Boston College,NBC,later,1270.0,1400.8131460657203,both
1433,2022,11/19/22,Maryland,Ohio St.,ABC,later,6600.0,3568.5770117518655,both
1434,2022,11/19/22,Kansas,Texas,FS1,later,940.0,628.9214193424061,both
1435,2022,11/19/22,Rutgers,Penn St.,BTN,later,856.0,608.2603810622375,both
1436,2022,11/19/22,Clemson,Miami,ESPN,later,1140.0,1828.2178980603398,both
1437,2022,11/19/22,Kentucky,Georgia,CBS,later,4480.0,4300.033017312575,both
1438,2022,11/19/22,Minnesota,Iowa,FOX,later,2500.0,2036.213702889091,both
1439,2022,11/19/22,North Carolina,Georgia Tech,ESPN2,later,732.0,601.8869700299203,both
1440,2022,11/19/22,Iowa St.,Texas Tech,FS1,later,545.0,458.50634730822594,both
1441,2022,11/19/22,South Carolina,Tennessee,ESPN,later,4870.0,2992.3920815794136,both
1442,2022,11/19/22,Missouri,New Mexico St.,ESPNU,later,63.0,160.84801605765395,both
1443,2022,11/19/22,Oklahoma,Oklahoma St.,ABC,later,3060.0,2781.298106216508,both
1444,2022,11/19/22,UCLA,USC,FOX,later,4530.0,3841.237472441975,both
1445,2022,11/19/22,LSU,UAB,ESPN2,later,848.0,853.87140922313,both
1446,2022,11/19/22,Utah St.,San Jose St.,FS1,later,128.0,164.01207275166144,both
1447,2022,11/19/22,Oregon,Utah,ESPN,later,2540.0,2685.0933877396756,both
1448,2022,11/22/22,Ohio,Bowling Green,ESPNU,later,229.0,142.45979659489072,both
1449,2022,11/24/22,Mississippi,Mississippi St.,ESPN,later,2230.0,1512.6416998684645,both
1450,2022,11/25/22,Cincinnati,Tulane,ABC,later,1720.0,2815.8859077812376,both
1451,2022,11/25/22,Boise St.,Utah St.,CBS,later,1440.0,1090.077399881503,both
1452,2022,11/25/22,Texas,Baylor,ESPN,later,2690.0,2934.7404599044175,both
1453,2022,11/25/22,Arizona,Arizona St.,FS1,later,567.0,895.612760645567,both
1454,2022,11/25/22,Missouri,Arkansas,CBS,later,3270.0,1966.6452654477325,both
1455,2022,11/25/22,North Carolina,North Carolina St.,ABC,later,3610.0,2523.037154950129,both
1456,2022,11/25/22,Iowa,Nebraska,BTN,later,1470.0,1149.0220087560185,both
1457,2022,11/25/22,California,UCLA,FOX,later,3270.0,1968.817654489544,both
1458,2022,11/25/22,Florida St.,Florida,ABC,later,6710.0,5832.868187946027,both
1459,2022,11/25/22,Fresno St.,Wyoming,FS1,later,260.0,391.62398509327494,both
1460,2022,11/26/22,Clemson,South Carolina,ABC,later,2320.0,2525.196663859363,both
1461,2022,11/26/22,Ohio St.,Michigan,FOX,later,17140.0,17595.292634894264,both
1462,2022,11/26/22,Maryland,Rutgers,BTN,later,97.0,214.65058019707288,both
1463,2022,11/26/22,Georgia,Georgia Tech,ESPN,later,2060.0,1442.716321343888,both
1464,2022,11/26/22,Oklahoma St.,West Virginia,ESPN2,later,694.0,533.8153838193364,both
1465,2022,11/26/22,Alabama,Auburn,CBS,later,6270.0,8418.84278387334,both
1466,2022,11/26/22,Wisconsin,Minnesota,ESPN,later,1710.0,1806.810894478315,both
1467,2022,11/26/22,SMU,Memphis,ESPN2,later,213.0,218.92412707531923,both
1468,2022,11/26/22,Oregon St.,Oregon,ABC,later,3560.0,3848.8178151158872,both
1469,2022,11/26/22,Penn St.,Michigan St.,FS1,later,1990.0,1165.813312755635,both
1470,2022,11/26/22,TCU,Iowa St.,FOX,later,4340.0,1921.8382783109432,both
1471,2022,11/26/22,Texas A&M,LSU,ESPN,later,3920.0,3109.640016729765,both
1472,2022,11/26/22,South Florida,UCF,ESPN2,later,329.0,384.51608602275155,both
1473,2022,11/26/22,Texas Tech,Oklahoma,FS1,later,1210.0,654.4514907024044,both
1474,2022,11/26/22,USC,Notre Dame,ABC,later,6680.0,7862.107538470696,both
1475,2022,11/26/22,Kansas St.,Kansas,FOX,later,2320.0,979.9106873061417,both
1476,2022,11/26/22,Washington St.,Washington,ESPN,later,2380.0,2124.6742029836496,both
1477,2022,11/26/22,Stanford,BYU,FS1,later,453.0,377.9890657402698,both
1478,2022,12/2/22,USC,Utah,FOX,later,5970.0,5298.669333817039,both
1479,2022,12/3/22,TCU,Kansas St.,ABC,later,9410.0,4909.518744115243,both
1480,2022,12/3/22,Ohio,Toledo,ESPN,later,721.0,414.0817367471082,both
1481,2022,12/3/22,Troy,Coastal Carolina,ESPN,later,332.0,448.70715542072674,both
1482,2022,12/3/22,Tulane,UCF,ABC,later,2700.0,2134.662111775991,both
1483,2022,12/3/22,Boise St.,Fresno St.,FOX,later,1940.0,999.2912674299482,both
1484,2022,12/3/22,Georgia,LSU,CBS,later,10890.0,8365.056871461007,both
1485,2022,12/3/22,North Carolina,Clemson,ABC,later,3470.0,5366.1521912563485,both
1486,2022,12/3/22,Michigan,Purdue,FOX,later,10700.0,7282.277056312145,both
1487,2022,12/10/22,Army,Navy,CBS,later,6940.0,5103.834731792089,both
0,2023,8/26/23,Navy,Notre Dame,NBC,Week0,3560.0,2289.1051739935597,current
1,2023,9/2/23,Colorado,TCU,FOX,Week1,7260.0,2409.106405208453,current
2,2023,9/4/23,Clemson,Duke,ESPN,Week1,4390.0,3947.270747559267,current
3,2023,8/31/23,Nebraska,Minnesota,FOX,Week1,3490.0,3738.2589807674813,current
4,2023,9/2/23,North Carolina,South Carolina,ABC,Week1,3400.0,3684.1722252486597,current
5,2023,8/31/23,Florida,Utah,ESPN,Week1,3190.0,3284.2480974565347,current
6,2023,9/3/23,Northwestern,Rutgers,CBS,Week1,2680.0,2085.333127570372,current
7,2023,9/2/23,Virginia,Tennessee,ABC,Week1,2460.0,3981.2425649676097,current
8,2023,9/1/23,Louisville,Georgia Tech,ESPN,Week1,1650.0,1355.4759870682678,current
9,2023,9/2/23,Texas Tech,Wyoming,CBS,Week1,1430.0,1606.706947352924,current
10,2023,9/2/23,Massachusetts,Auburn,ESPN,Week1,1030.0,1618.436176152039,current
11,2023,9/2/23,Buffalo,Wisconsin,FS1,Week1,784.0,783.8279982138235,current
12,2023,9/2/23,Toledo,Illinois,BTN,Week1,294.0,325.09770348900724,current
13,2023,9/2/23,California,North Texas,ESPNU,Week1,88.0,222.63750194564804,current
766,2023,9/8/23,Indiana,Indiana State,BTN,later,243.0,478.07282791278794,current
767,2023,9/8/23,Kansas,Illinois,ESPN2,later,1360.0,1000.8979116580938,current
768,2023,9/9/23,Baylor,Utah,ESPN,later,1310.0,1396.101093980575,current
769,2023,9/9/23,North Carolina St.,Notre Dame,ABC,later,2930.0,3583.5752157153997,current
770,2023,9/9/23,Virginia,James Madison,ESPNU,later,119.0,214.11319028183243,current
771,2023,9/9/23,Colorado,Nebraska,FOX,later,8730.0,3221.4542940092447,current
772,2023,9/9/23,Ohio St.,Youngstown State,BTN,later,1220.0,986.8980913002899,current
773,2023,9/9/23,Virginia Tech,Purdue,ESPN2,later,294.0,860.0515436335464,current
774,2023,9/9/23,Kansas St.,Troy,FS1,later,282.0,333.4449758259658,current
775,2023,9/9/23,Tulane,Mississippi,ESPN2,later,1440.0,1082.1653221469328,current
776,2023,9/9/23,Iowa St.,Iowa,FOX,later,3380.0,2913.7089895060544,current
777,2023,9/9/23,Miami,Texas A&M,ABC,later,4020.0,2729.495225439856,current
778,2023,9/9/23,Michigan,UNLV,CBS,later,2970.0,2791.2716674814465,current
779,2023,9/9/23,East Carolina,Marshall,ESPNU,later,90.0,277.10143817972755,current
780,2023,9/9/23,Pittsburgh,Cincinnati,CW,later,617.0,814.0604654667268,current
781,2023,9/9/23,Boise St.,UCF,FS1,later,306.0,472.20950275247884,current
782,2023,9/9/23,Rice,Houston,NFLN,later,83.0,104.5072600536141,current
783,2023,9/9/23,Texas Tech,Oregon,FOX,later,2550.0,2017.7765824206003,current
784,2023,9/9/23,Alabama,Texas,ESPN,later,8760.0,5417.525371973638,current
785,2023,9/9/23,San Diego St.,UCLA,CBS,later,1080.0,1011.790524844231,current
786,2023,9/9/23,Washington St.,Wisconsin,ABC,later,2280.0,2345.763812442468,current
787,2023,9/9/23,Florida,McNeese,ESPNU,later,150.0,324.3024641684609,current
788,2023,9/9/23,Maryland,Charlotte,NBC,later,665.0,621.951135732431,current
789,2023,9/9/23,California,Auburn,ESPN,later,2230.0,1586.7972794907187,current
790,2023,9/9/23,Arizona St.,Oklahoma St.,FS1,later,91.0,535.762305164081,current
791,2023,9/9/23,USC,Stanford,FOX,later,1750.0,2214.8435620219393,current
792,2023,9/14/23,Memphis,Navy,ESPN,later,1050.0,718.0742221249941,current
793,2023,9/15/23,UTSA,Army,ESPN,later,916.0,1328.6142575396127,current
794,2023,9/15/23,Maryland,Virginia,FS1,later,776.0,693.0534959128757,current
795,2023,9/16/23,Old Dominion,Wake Forest,ESPN2,later,324.0,307.985902542686,current
796,2023,9/16/23,Boise St.,North Dakota,FS1,later,247.0,294.55808839445626,current
797,2023,9/16/23,Boston College,Florida St.,ABC,later,3480.0,2474.5630043777683,current
798,2023,9/16/23,Mississippi St.,LSU,ESPN,later,2800.0,2505.17982609475,current
799,2023,9/16/23,Ohio,Iowa St.,ESPNU,later,162.0,270.38146839639404,current
800,2023,9/16/23,Illinois,Penn St.,FOX,later,3220.0,3568.665566460914,current
801,2023,9/16/23,North Carolina St.,VMI,CW,later,205.0,688.2031667601423,current
802,2023,9/16/23,Oregon St.,San Diego St.,FS1,later,418.0,370.46189410624356,current
803,2023,9/16/23,Tulsa,Oklahoma,ESPN2,later,641.0,827.8420805524111,current
804,2023,9/16/23,South Florida,Alabama,ABC,later,4840.0,2858.6271795677735,current
805,2023,9/16/23,Georgia,South Carolina,CBS,later,5420.0,3748.0496481978985,current
806,2023,9/16/23,North Carolina,Minnesota,ESPN,later,1580.0,1387.488464671873,current
807,2023,9/16/23,Ohio St.,Western Kentucky,FOX,later,2820.0,2789.344001258756,current
808,2023,9/16/23,Southern Miss,Tulane,ESPNU,later,53.0,130.45765096920286,current
809,2023,9/16/23,Florida,Tennessee,ESPN,later,5310.0,3084.6174157855635,current
810,2023,9/16/23,Troy,James Madison,NFLN,later,81.0,100.08547867634293,current
811,2023,9/16/23,Nebraska,Northern Illinois,FS1,later,907.0,809.0693273476646,current
812,2023,9/16/23,West Virginia,Pittsburgh,ABC,later,2410.0,3766.728169521488,current
813,2023,9/16/23,Arkansas,BYU,ESPN2,later,1080.0,807.7404151379479,current
814,2023,9/16/23,Kentucky,Akron,ESPNU,later,115.0,229.82547712824885,current
815,2023,9/16/23,Purdue,Syracuse,NBC,later,1250.0,1282.419150356714,current
816,2023,9/16/23,Michigan,Bowling Green,BTN,later,1320.0,785.7247950771118,current
817,2023,9/16/23,Houston,TCU,FOX,later,1200.0,1303.532808560397,current
818,2023,9/16/23,Colorado,Colorado St.,ESPN,later,9300.0,1185.8600945517533,current
819,2023,9/16/23,Arizona St.,Fresno St.,FS1,later,195.0,368.13444365793504,current
820,2023,11/25/23,Ohio St.,Michigan,FOX,later,19070.0,17202.65484449246,current
821,2023,9/21/23,Coastal Carolina,Georgia St.,ESPN,later,671.0,513.5139380759521,current
822,2023,9/22/23,Purdue,Wisconsin,FS1,later,1190.0,1062.8941133588833,current
823,2023,9/22/23,Virginia,North Carolina St.,ESPN,later,1590.0,1585.4705676944427,current
824,2023,9/22/23,San Jose St.,Air Force,FS1,later,512.0,296.204123421667,current
825,2023,9/23/23,Troy,Western Kentucky,ESPNU,later,29.0,132.2290706871131,current
826,2023,9/23/23,TCU,SMU,FS1,later,269.0,319.01151680884544,current
827,2023,9/23/23,Michigan,Rutgers,BTN,later,1940.0,929.8174845391279,current
828,2023,9/23/23,Clemson,Florida St.,ABC,later,6710.0,3772.1453629312396,current
829,2023,9/23/23,Marshall,Virginia Tech,ESPN2,later,319.0,754.4884768922274,current
830,2023,9/23/23,Texas A&M,Auburn,ESPN,later,2180.0,2337.4999103393307,current
831,2023,9/23/23,Cincinnati,Oklahoma,FOX,later,2170.0,2683.398480183181,current
832,2023,9/23/23,Michigan St.,Maryland,NBC,later,1240.0,1668.7323195214005,current
833,2023,9/23/23,Temple,Miami,ESPN2,later,353.0,396.35483897302095,current
834,2023,9/23/23,Kansas,BYU,ESPN,later,1030.0,965.5569850561286,current
835,2023,9/23/23,Oregon,Colorado,ABC,later,10030.0,3849.737807829502,current
836,2023,9/23/23,Alabama,Mississippi,CBS,later,4610.0,4842.92503918773,current
837,2023,9/23/23,Utah,UCLA,FOX,later,1320.0,2365.845890950942,current
838,2023,9/23/23,Iowa St.,Oklahoma St.,FS1,later,444.0,686.5688489936178,current
839,2023,9/23/23,South Florida,Rice,ESPNU,later,51.0,137.5105344362151,current
840,2023,9/23/23,Wake Forest,Georgia Tech,CW,later,332.0,377.42989382693406,current
841,2023,9/23/23,LSU,Arkansas,ESPN,later,2440.0,1861.8613632506108,current
842,2023,9/23/23,Washington St.,Oregon St.,FOX,later,1480.0,1556.876106288496,current
843,2023,9/23/23,Baylor,Texas,ABC,later,2630.0,2462.589959093398,current
844,2023,9/23/23,Notre Dame,Ohio St.,NBC,later,9980.0,6600.640565474925,current
845,2023,9/23/23,Penn St.,Iowa,CBS,later,2750.0,3861.564080802444,current
846,2023,9/23/23,Georgia,UAB,ESPN2,later,1080.0,821.5243414533862,current
847,2023,9/23/23,Missouri,Memphis,ESPNU,later,181.0,140.4012248932144,current
848,2023,9/23/23,Kansas St.,UCF,FS1,later,531.0,426.93041093173986,current
849,2023,9/23/23,Washington,California,ESPN,later,1160.0,1738.1167016886457,current
850,2023,9/23/23,Arizona St.,USC,FOX,later,2630.0,2261.7625424176304,current
851,2023,9/28/23,Tulsa,Temple,ESPN,later,567.0,518.6382023234395,current
852,2023,9/28/23,Sam Houston,Jacksonville St.,ESPNU,later,74.0,142.11512701694693,current
853,2023,9/29/23,North Carolina St.,Louisville,ESPN,later,1890.0,1512.1170896260865,current
854,2023,9/29/23,Oregon St.,Utah,FS1,later,1280.0,1187.8189431170404,current
855,2023,9/29/23,BYU,Cincinnati,ESPN,later,1230.0,1423.75034332636,current
856,2023,9/30/23,Kentucky,Florida,ESPN,later,2320.0,2968.034838751736,current
857,2023,9/30/23,James Madison,South Alabama,ESPNU,later,30.0,137.92108309316075,current
858,2023,9/30/23,Tulane,UAB,ESPN2,later,181.0,374.6354143057687,current
859,2023,9/30/23,Syracuse,Clemson,ABC,later,1980.0,2637.8045828806876,current
860,2023,9/30/23,Colorado,USC,FOX,later,7240.0,3026.270774620287,current
861,2023,9/30/23,Boston College,Virginia,CW,later,367.0,738.6113714939079,current
862,2023,9/30/23,UCF,Baylor,FS1,later,340.0,464.1683275835602,current
863,2023,9/30/23,Texas Tech,Houston,FS2,later,188.0,213.6763518463025,current
864,2023,9/30/23,Auburn,Georgia,CBS,later,6400.0,4151.990299001996,current
865,2023,9/30/23,Texas,Kansas,ABC,later,3320.0,3914.8831156470665,current
866,2023,9/30/23,Nebraska,Michigan,FOX,later,4480.0,5597.66316537477,current
867,2023,9/30/23,Toledo,Northern Illinois,ESPNU,later,37.0,117.27300377986352,current
868,2023,9/30/23,Memphis,Boise St.,ESPN2,later,319.0,362.3938846637729,current
869,2023,9/30/23,Mississippi,LSU,ESPN,later,3720.0,3174.1926206953262,current
870,2023,9/30/23,Oklahoma,Iowa St.,FS1,later,808.0,1086.0287219504398,current
871,2023,9/30/23,SMU,Charlotte,ESPNU,later,18.0,132.94080257506374,current
872,2023,9/30/23,Iowa,Michigan St.,NBC,later,2170.0,2834.4083570351304,current
873,2023,9/30/23,Duke,Notre Dame,ABC,later,5320.0,3621.32973151243,current
874,2023,9/30/23,TCU,West Virginia,ESPN2,later,739.0,821.4330114291859,current
875,2023,9/30/23,Mississippi St.,Alabama,ESPN,later,3350.0,2838.509839125308,current
876,2023,9/30/23,Fresno St.,Nevada,FS1,later,369.0,271.81609974951687,current
877,2023,10/4/23,Middle Tennessee St.,Jacksonville St.,ESPNU,later,145.0,129.19875675137675,current
878,2023,10/5/23,Louisiana Tech,Western Kentucky,ESPN,later,567.0,439.3131484548173,current
879,2023,10/6/23,Oklahoma St.,Kansas St.,ESPN,later,2270.0,1862.1775175647635,current
880,2023,10/6/23,Illinois,Nebraska,FS1,later,1360.0,936.678764374296,current
881,2023,10/7/23,Massachusetts,Toledo,ESPNU,later,16.0,90.22960303697774,current
882,2023,10/7/23,Ohio St.,Maryland,FOX,later,4510.0,3673.47623080163,current
883,2023,10/7/23,Missouri,LSU,ESPN,later,2340.0,2461.1294895713463,current
884,2023,10/7/23,Texas,Oklahoma,ABC,later,7870.0,7714.960823543119,current
885,2023,10/7/23,North Carolina St.,Marshall,CW,later,386.0,1155.9211671083021,current
886,2023,10/7/23,Louisiana,Texas St.,ESPNU,later,43.0,112.95290498837582,current
887,2023,10/7/23,Texas A&M,Alabama,CBS,later,7230.0,5118.780990010722,current
888,2023,10/7/23,North Carolina,Syracuse,ESPN,later,987.0,1296.0165635266549,current
889,2023,10/7/23,Florida St.,Virginia Tech,ABC,later,3020.0,3000.9869355444353,current
890,2023,10/7/23,UAB,South Florida,ESPN2,later,143.0,299.7322193456031,current
891,2023,10/7/23,Kansas,UCF,FOX,later,1450.0,1593.331541160401,current
892,2023,10/7/23,Georgia,Kentucky,ESPN,later,3190.0,4325.954265067272,current
893,2023,10/7/23,Minnesota,Michigan,NBC,later,3060.0,3519.167127731913,current
894,2023,10/7/23,Louisville,Notre Dame,ABC,later,5120.0,4552.157861431501,current
895,2023,10/7/23,Iowa St.,TCU,FS1,later,480.0,488.48061671212065,current
896,2023,10/7/23,Wyoming,Fresno St.,FOX,later,737.0,1005.9556089627497,current
897,2023,10/7/23,Baylor,Texas Tech,ESPN2,later,481.0,499.82013549693,current
898,2023,10/7/23,USC,Arizona,ESPN,later,2550.0,2257.7626813465513,current
899,2023,10/10/23,Jacksonville St.,Liberty,ESPNU,later,117.0,171.97916195166206,current
900,2023,10/10/23,Appalachian St.,Coastal Carolina,ESPN2,later,499.0,387.8378604291031,current
901,2023,10/11/23,FIU,UTEP,ESPN2,later,332.0,257.91668928585545,current
902,2023,10/12/23,Houston,West Virginia,FS1,later,729.0,510.99628367296816,current
903,2023,10/12/23,East Carolina,SMU,ESPN,later,467.0,540.7050141845975,current
904,2023,10/13/23,Memphis,Tulane,ESPN,later,1720.0,862.7373062226065,current
905,2023,10/13/23,Colorado,Stanford,ESPN,later,3290.0,1194.885603175299,current
906,2023,10/14/23,Florida St.,Syracuse,ABC,later,2090.0,2639.9067869049786,current
907,2023,10/14/23,Michigan,Indiana,FOX,later,3550.0,3075.4896896520777,current
908,2023,10/14/23,Alabama,Arkansas,ESPN,later,3430.0,2600.0684406867877,current
909,2023,10/14/23,Cincinnati,Iowa St.,FS1,later,534.0,445.1055987006222,current
910,2023,10/14/23,James Madison,Georgia Southern,ESPN2,later,169.0,233.70146205061434,current
911,2023,10/14/23,Rutgers,Michigan St.,BTN,later,503.0,496.72448716240626,current
912,2023,10/14/23,North Texas,Temple,ESPNU,later,37.0,82.16221501880062,current
913,2023,10/14/23,Vanderbilt,Georgia,CBS,later,2460.0,1857.4185728180591,current
914,2023,10/14/23,Maryland,Illinois,NBC,later,1140.0,918.5547913401878,current
915,2023,10/14/23,TCU,BYU,ESPN,later,1020.0,906.0188349482596,current
916,2023,10/14/23,South Florida,FAU,ESPN2,later,84.0,202.6751963045947,current
917,2023,10/14/23,Oklahoma St.,Kansas,FS1,later,796.0,582.7187041356649,current
918,2023,10/14/23,Tennessee,Texas A&M,CBS,later,4380.0,3861.0003808638176,current
919,2023,10/14/23,Washington,Oregon,ABC,later,7040.0,4994.576652870496,current
920,2023,10/14/23,Penn St.,Massachusetts,BTN,later,693.0,543.7901573955244,current
921,2023,10/14/23,Wisconsin,Iowa,FOX,later,2340.0,3008.868481033769,current
922,2023,10/14/23,Northern Illinois,Ohio,ESPNU,later,46.0,133.27589317633047,current
923,2023,10/14/23,Pittsburgh,Louisville,CW,later,569.0,872.707756332515,current
924,2023,10/14/23,Georgia St.,Marshall,ESPN2,later,129.0,440.462782926024,current
925,2023,10/14/23,LSU,Auburn,ESPN,later,2160.0,2602.5874556917356,current
926,2023,10/14/23,Texas Tech,Kansas St.,FS1,later,770.0,495.59240236099356,current
927,2023,10/14/23,Notre Dame,USC,NBC,later,6430.0,4828.896090507361,current
928,2023,10/14/23,North Carolina,Miami,ABC,later,3080.0,3080.9294786014716,current
929,2023,10/14/23,Oregon St.,UCLA,FOX,later,1430.0,2032.9694862035487,current
930,2023,10/14/23,UTSA,UAB,ESPNU,later,49.0,116.61217241174118,current
931,2023,10/14/23,Colorado St.,Boise St.,FS1,later,471.0,287.47026996288525,current
932,2023,10/17/23,Jacksonville St.,Western Kentucky,ESPNU,later,110.0,142.84313825760623,current
933,2023,10/17/23,South Alabama,Southern Miss,ESPN2,later,256.0,247.09458067595415,current
934,2023,10/18/23,UTEP,New Mexico St.,ESPN2,later,293.0,215.82532889049713,current
935,2023,10/19/23,Tulsa,Rice,ESPN2,later,179.0,345.9356604765978,current
936,2023,10/19/23,Marshall,James Madison,ESPN,later,603.0,863.4636292165367,current
937,2023,10/20/23,Temple,SMU,ESPN,later,548.0,637.7101700160638,current
938,2023,10/21/23,Arkansas,Mississippi St.,ESPN,later,1220.0,1036.6513938966432,current
939,2023,10/21/23,Ohio St.,Penn St.,FOX,later,9960.0,9597.693935955485,current
940,2023,10/21/23,Oklahoma,UCF,ABC,later,2170.0,2482.716533793107,current
941,2023,10/21/23,UAB,Memphis,ESPN2,later,97.0,263.392642834024,current
942,2023,10/21/23,Indiana,Rutgers,BTN,later,232.0,275.8250402660014,current
943,2023,10/21/23,Navy,Air Force,CBS,later,1210.0,1179.4340988464915,current
944,2023,10/21/23,Illinois,Wisconsin,FS1,later,684.0,579.7377171778999,current
945,2023,10/21/23,Oregon,Washington St.,ABC,later,2350.0,2481.1907626702496,current
946,2023,10/21/23,Tulane,North Texas,ESPN2,later,112.0,230.0900093706941,current
947,2023,10/21/23,Iowa,Minnesota,NBC,later,1680.0,1627.1970526577745,current
948,2023,10/21/23,Alabama,Tennessee,CBS,later,8010.0,6251.446406552607,current
949,2023,10/21/23,Nebraska,Northwestern,BTN,later,560.0,504.21179489486224,current
950,2023,10/21/23,West Virginia,Oklahoma St.,ESPN,later,1010.0,1211.9021598778127,current
951,2023,10/21/23,Houston,Texas,FOX,later,3080.0,2205.559864680444,current
952,2023,10/21/23,Miami Ohio,Toledo,ESPNU,later,46.0,100.07494961527138,current
953,2023,10/21/23,North Carolina,Virginia,CW,later,788.0,1092.915476985251,current
954,2023,10/21/23,Auburn,Mississippi,ESPN,later,1800.0,1728.0014648179558,current
955,2023,10/21/23,BYU,Texas Tech,FS1,later,545.0,461.4476916615908,current
956,2023,10/21/23,Old Dominion,Appalachian St.,NFLN,later,60.0,106.26115953410905,current
957,2023,10/21/23,Kansas St.,TCU,ESPN2,later,432.0,543.4364907535303,current
958,2023,10/21/23,Florida St.,Duke,ABC,later,4080.0,2952.8191957446697,current
959,2023,10/21/23,Michigan St.,Michigan,NBC,later,3730.0,4385.1120635437,current
960,2023,10/21/23,USC,Utah,FOX,later,3230.0,2608.6698119016173,current
961,2023,10/21/23,Louisiana,Georgia St.,ESPNU,later,25.0,116.75831612970865,current
962,2023,10/21/23,San Diego St.,Nevada,FS2,later,47.0,68.29733522404081,current
963,2023,10/21/23,Stanford,UCLA,ESPN,later,852.0,1265.3380812478003,current
964,2023,10/21/23,Washington,Arizona St.,FS1,later,1080.0,704.8904832180292,current
965,2023,10/24/23,Western Kentucky,Liberty,ESPNU,later,136.0,153.62697506804187,current
966,2023,10/25/23,Sam Houston,UTEP,ESPN2,later,332.0,251.51241799607214,current
967,2023,10/26/23,Georgia Southern,Georgia St.,ESPN2,later,242.0,358.1263037440366,current
968,2023,10/26/23,Virginia Tech,Syracuse,ESPN,later,782.0,1133.8188216226429,current
969,2023,10/27/23,Charlotte,FAU,ESPN2,later,329.0,427.8251466985617,current
970,2023,10/28/23,Wake Forest,Florida St.,ABC,later,2090.0,1885.8983744238699,current
971,2023,10/28/23,Kansas,Oklahoma,FOX,later,3600.0,2814.3666224266226,current
972,2023,10/28/23,Kansas St.,Houston,ESPN2,later,371.0,436.826561713307,current
973,2023,10/28/23,UCF,West Virginia,FS1,later,409.0,516.5999735928606,current
974,2023,10/28/23,Penn St.,Indiana,CBS,later,3400.0,2628.4798050385207,current
975,2023,10/28/23,Northwestern,Maryland,BTN,later,270.0,266.95298659973434,current
976,2023,10/28/23,Texas A&M,South Carolina,ESPN,later,1900.0,1406.3300543406954,current
977,2023,10/28/23,SMU,Tulsa,ESPNU,later,33.0,154.47381337562393,current
978,2023,10/28/23,North Carolina St.,Clemson,CW,later,642.0,1319.9220009957628,current
979,2023,10/28/23,Utah,Oregon,FOX,later,2810.0,3159.887267193859,current
980,2023,10/28/23,Nebraska,Purdue,FS1,later,1020.0,733.6858276546398,current
981,2023,10/28/23,Notre Dame,Pittsburgh,NBC,later,1890.0,1739.0128350505202,current
982,2023,10/28/23,Louisville,Duke,ESPN,later,928.0,1289.1613258765624,current
983,2023,10/28/23,Texas,BYU,ABC,later,2380.0,3006.1671684384464,current
984,2023,10/28/23,Florida,Georgia,CBS,later,5950.0,5440.291762403549,current
985,2023,10/28/23,Minnesota,Michigan St.,BTN,later,783.0,639.2054688128774,current
986,2023,10/28/23,Rice,Tulane,ESPN2,later,215.0,233.08099055577227,current
987,2023,10/28/23,Boise St.,Wyoming,FS2,later,169.0,286.4773043018423,current
988,2023,10/28/23,Coastal Carolina,Marshall,NFLN,later,60.0,101.44654143633456,current
989,2023,10/28/23,Stanford,Washington,FS1,later,700.0,719.6623541084896,current
990,2023,10/28/23,Kentucky,Tennessee,ESPN,later,2510.0,2569.9213151019626,current
991,2023,10/28/23,Wisconsin,Ohio St.,NBC,later,4870.0,5550.913440993194,current
992,2023,10/28/23,UCLA,Colorado,ABC,later,4660.0,1840.3823522590508,current
993,2023,10/28/23,James Madison,Old Dominion,ESPNU,later,59.0,144.08521796401422,current
994,2023,10/28/23,Oklahoma St.,Cincinnati,ESPN2,later,412.0,636.5736646976982,current
995,2023,10/28/23,Arizona,Oregon St.,ESPN,later,1400.0,1161.5767584974215,current
996,2023,10/28/23,Fresno St.,UNLV,FS1,later,260.0,250.20394500898834,current
997,2023,10/31/23,Central Michigan,Northern Illinois,ESPNU,later,124.0,170.16419259043104,current
998,2023,10/31/23,Toledo,Buffalo,ESPN2,later,324.0,305.64691961632377,current
999,2023,11/1/23,Bowling Green,Ball St.,ESPN2,later,341.0,272.95588829062433,current
1000,2023,11/1/23,Akron,Kent St.,ESPNU,later,61.0,106.17616391942136,current
1001,2023,11/2/23,Texas Tech,TCU,FS1,later,616.0,480.21929808378405,current
1002,2023,11/2/23,Duke,Wake Forest,ESPN,later,814.0,649.6910726212905,current
1003,2023,11/2/23,Troy,South Alabama,ESPN2,later,223.0,282.2908192194169,current
1004,2023,11/3/23,Syracuse,Boston College,ESPN2,later,1100.0,843.9229806332851,current
1005,2023,11/4/23,Texas,Kansas St.,FOX,later,2950.0,4964.875415406819,current
1006,2023,11/4/23,South Carolina,Jacksonville St.,ESPNU,later,79.0,167.32150741106835,current
1007,2023,11/4/23,Indiana,Wisconsin,BTN,later,491.0,368.35273760714756,current
1008,2023,11/4/23,Clemson,Notre Dame,ABC,later,3240.0,3170.802735637299,current
1009,2023,11/4/23,Michigan St.,Nebraska,FS1,later,900.0,780.5569138882015,current
1010,2023,11/4/23,Rutgers,Ohio St.,CBS,later,3960.0,2731.063821228839,current
1011,2023,11/4/23,Florida,Arkansas,ESPN2,later,1140.0,890.1280916938352,current
1012,2023,11/4/23,Mississippi,Texas A&M,ESPN,later,1830.0,1724.9809358662953,current
1013,2023,11/4/23,Virginia,Georgia Tech,CW,later,262.0,494.32798371642866,current
1014,2023,11/4/23,Georgia St.,James Madison,ESPN2,later,276.0,338.44762148043685,current
1015,2023,11/4/23,Oklahoma St.,Oklahoma,ABC,later,3760.0,4137.648304128834,current
1016,2023,11/4/23,Maryland,Penn St.,FOX,later,2390.0,3040.0854412110184,current
1017,2023,11/4/23,Pittsburgh,Florida St.,ESPN,later,1760.0,1446.9556095622856,current
1018,2023,11/4/23,Cincinnati,UCF,FS1,later,264.0,410.20042750182273,current
1019,2023,11/4/23,Minnesota,Illinois,BTN,later,499.0,421.3434274674172,current
1020,2023,11/4/23,East Carolina,Tulane,ESPNU,later,76.0,127.40418880002133,current
1021,2023,11/4/23,Georgia,Missouri,CBS,later,7000.0,4981.706794226011,current
1022,2023,11/4/23,Appalachian St.,Marshall,NFLN,later,78.0,133.93622720246555,current
1023,2023,11/4/23,San Diego St.,Utah St.,FS1,later,95.0,154.6114567480073,current
1024,2023,11/4/23,West Virginia,BYU,FOX,later,1260.0,1378.086415927019,current
1025,2023,11/4/23,Iowa St.,Kansas,ESPN,later,1270.0,986.7500992110839,current
1026,2023,11/4/23,USC,Washington,ABC,later,4450.0,3741.3827691544507,current
1027,2023,11/4/23,Rice,SMU,ESPNU,later,29.0,87.83262701271565,current
1028,2023,11/4/23,Michigan,Purdue,NBC,later,2600.0,2802.6606033254498,current
1029,2023,11/4/23,Alabama,LSU,CBS,later,8820.0,9304.900846951108,current
1030,2023,11/4/23,Colorado,Oregon St.,ESPN,later,2770.0,1219.2747496724837,current
1031,2023,11/4/23,Arizona,UCLA,FS1,later,522.0,596.7377752726973,current
1032,2023,11/7/23,Western Michigan,Central Michigan,ESPNU,later,139.0,155.74655009984957,current
1033,2023,11/7/23,Buffalo,Ohio,ESPN2,later,368.0,338.10373774077686,current
1034,2023,11/8/23,Miami Ohio,Akron,ESPNU,later,82.0,120.12305371859023,current
1035,2023,11/8/23,Toledo,Eastern Michigan,ESPN2,later,238.0,308.7936057852698,current
1036,2023,11/9/23,Louisville,Virginia,ESPN,later,1290.0,1079.037402661395,current
1037,2023,11/9/23,Louisiana,Southern Miss,ESPNU,later,83.0,108.49985213917402,current
1038,2023,11/10/23,SMU,North Texas,ESPN2,later,618.0,409.7077588333957,current
1039,2023,11/10/23,UNLV,Wyoming,FS1,later,214.0,370.8321741630461,current
1040,2023,11/11/23,Kansas,Texas Tech,FS1,later,780.0,420.38115270795726,current
1041,2023,11/11/23,Clemson,Georgia Tech,ABC,later,1620.0,1296.3541370190192,current
1042,2023,11/11/23,Illinois,Indiana,BTN,later,368.0,260.6982649362454,current
1043,2023,11/11/23,Penn St.,Michigan,FOX,later,9160.0,10024.354138799717,current
1044,2023,11/11/23,Tulane,Tulsa,ESPN2,later,169.0,249.08044473833633,current
1045,2023,11/11/23,Kentucky,Alabama,ESPN,later,2760.0,3704.116160761202,current
1046,2023,11/11/23,Wake Forest,North Carolina St.,CW,later,289.0,656.203307360529,current
1047,2023,11/11/23,Missouri,Tennessee,CBS,later,3620.0,3995.7156471112785,current
1048,2023,11/11/23,Washington,Utah,FOX,later,5170.0,3476.912309366414,current
1049,2023,11/11/23,UCF,Oklahoma St.,ESPN,later,1210.0,1132.4899516851738,current
1050,2023,11/11/23,Iowa,Rutgers,BTN,later,714.0,618.8161745431973,current
1051,2023,11/11/23,Florida St.,Miami,ABC,later,4140.0,3314.9318885057455,current
1052,2023,11/11/23,Wisconsin,Northwestern,FS1,later,612.0,528.1066334647155,current
1053,2023,11/11/23,Purdue,Minnesota,NBC,later,1170.0,1051.1706922690487,current
1054,2023,11/11/23,California,Washington St.,ESPN2,later,263.0,429.733559344128,current
1055,2023,11/11/23,Oklahoma,West Virginia,FOX,later,2390.0,2841.914830359092,current
1056,2023,11/11/23,Georgia,Mississippi,ESPN,later,4830.0,5099.013323336469,current
1057,2023,11/11/23,Marshall,Georgia Southern,NFLN,later,84.0,103.96719170881553,current
1058,2023,11/11/23,Houston,Cincinnati,FS1,later,176.0,270.7507109540442,current
1059,2023,11/11/23,TCU,Texas,ABC,later,2820.0,2897.0494920057977,current
1060,2023,11/11/23,Ohio St.,Michigan St.,NBC,later,3570.0,4221.952242257936,current
1061,2023,11/11/23,UTSA,Rice,ESPNU,later,22.0,80.9539720606569,current
1062,2023,11/11/23,Texas A&M,Mississippi St.,ESPN2,later,409.0,717.3853201321001,current
1063,2023,11/11/23,Boise St.,New Mexico,FS1,later,164.0,156.16848688215896,current
1064,2023,11/11/23,BYU,Iowa St.,ESPN,later,943.0,1145.0031821461764,current
1065,2023,11/11/23,Oregon,USC,FOX,later,3010.0,3536.5312308017037,current
1066,2023,11/14/23,Bowling Green,Toledo,ESPN2,later,403.0,312.948273630735,current
1067,2023,11/14/23,Northern Illinois,Western Michigan,ESPNU,later,47.0,177.46254975241442,current
1068,2023,11/15/23,Miami Ohio,Buffalo,ESPN2,later,385.0,326.6547739899365,current
1069,2023,11/15/23,Ohio,Central Michigan,ESPNU,later,90.0,162.21269779423585,current
1070,2023,11/16/23,Pittsburgh,Boston College,ESPN,later,1030.0,805.638076978428,current
1071,2023,11/17/23,UTSA,South Florida,ESPN2,later,429.0,394.8113746037113,current
1072,2023,11/17/23,Washington St.,Colorado,FS1,later,727.0,642.5447666947921,current
1073,2023,11/18/23,Maryland,Michigan,FOX,later,5430.0,5002.421700055705,current
1074,2023,11/18/23,BYU,Oklahoma,ESPN,later,2170.0,1836.660357005345,current
1075,2023,11/18/23,Miami,Louisville,ABC,later,2890.0,2651.099029080918,current
1076,2023,11/18/23,Penn St.,Rutgers,FS1,later,765.0,880.4810204921955,current
1077,2023,11/18/23,Memphis,SMU,ESPN2,later,276.0,322.54019411355375,current
1078,2023,11/18/23,Virginia,Duke,CW,later,307.0,509.91146089762293,current
1079,2023,11/18/23,Troy,Louisiana,NFLN,later,33.0,48.09123155584595,current
1080,2023,11/18/23,USC,UCLA,ABC,later,2650.0,1785.1546800825427,current
1081,2023,11/18/23,Tennessee,Georgia,CBS,later,5730.0,7403.676633531458,current
1082,2023,11/18/23,Notre Dame,Wake Forest,NBC,later,1480.0,1191.6116538796516,current
1083,2023,11/18/23,Iowa,Illinois,FS1,later,847.0,609.997404465129,current
1084,2023,11/18/23,Clemson,North Carolina,ESPN,later,1760.0,1334.7868209468998,current
1085,2023,11/18/23,Ohio St.,Minnesota,BTN,later,2020.0,1570.725410337573,current
1086,2023,11/18/23,Arizona St.,Oregon,FOX,later,1900.0,2275.594039285594,current
1087,2023,11/18/23,Houston,Oklahoma St.,ESPN2,later,704.0,434.14503140276497,current
1088,2023,11/18/23,Texas Tech,UCF,FS2,later,270.0,235.9130697566598,current
1089,2023,11/18/23,Florida St.,North Alabama,CW,later,1330.0,862.8034430738032,current
1090,2023,11/18/23,Kansas,Kansas St.,FS1,later,869.0,519.6727436254641,current
1091,2023,11/18/23,Arkansas,FIU,ESPNU,later,173.0,164.74397552977408,current
1092,2023,11/18/23,Oregon St.,Washington,ABC,later,4730.0,3912.8684712230997,current
1093,2023,11/18/23,Missouri,Florida,ESPN,later,2270.0,2017.2678840256,current
1094,2023,11/18/23,Wisconsin,Nebraska,NBC,later,2450.0,2056.995484305182,current
1095,2023,11/18/23,Iowa St.,Texas,FOX,later,2470.0,3947.9137300234825,current
1096,2023,11/18/23,LSU,Georgia St.,ESPN2,later,741.0,779.0263881212773,current
1097,2023,11/18/23,Fresno St.,New Mexico,FS1,later,255.0,144.5379911180142,current
1098,2023,11/21/23,Western Michigan,Bowling Green,ESPNU,later,116.0,146.82514811753822,current
1099,2023,11/21/23,Buffalo,Eastern Michigan,ESPN2,later,384.0,294.33144731139373,current
1100,2023,11/23/23,Mississippi St.,Mississippi,ESPN,later,2290.0,1850.8798233909465,current
1101,2023,11/24/23,Oklahoma,TCU,FOX,later,2220.0,3226.7639793897797,current
1102,2023,11/24/23,Nebraska,Iowa,CBS,later,4390.0,5310.627258601457,current
1103,2023,11/24/23,Boston College,Miami,ABC,later,1430.0,1743.249374006516,current
1104,2023,11/24/23,Central Michigan,Toledo,ESPNU,later,74.0,170.31982997515553,current
1105,2023,11/24/23,Temple,Memphis,ESPN,later,394.0,412.11066419726075,current
1106,2023,11/24/23,Tulane,UTSA,ABC,later,1720.0,1585.2532318450244,current
1107,2023,11/24/23,Arkansas,Missouri,CBS,later,4090.0,4144.289453083677,current
1108,2023,11/24/23,Boise St.,Air Force,FS1,later,409.0,453.5945932232332,current
1109,2023,11/24/23,Michigan St.,Penn St.,NBC,later,3380.0,4206.728619100249,current
1110,2023,11/24/23,Texas,Texas Tech,ABC,later,3770.0,4718.879588738763,current
1111,2023,11/24/23,Oregon,Oregon St.,FOX,later,4120.0,5614.839689320044,current
1112,2023,11/25/23,Purdue,Indiana,BTN,later,246.0,235.0305118801885,current
1113,2023,11/25/23,Louisville,Kentucky,ABC,later,1570.0,2095.466451334746,current
1114,2023,11/25/23,LSU,Texas A&M,ESPN,later,2000.0,2282.1746143351766,current
1115,2023,11/25/23,Southern Miss,Troy,ESPNU,later,31.0,74.80850916682407,current
1116,2023,11/25/23,UCF,Houston,FS1,later,185.0,207.28812363093897,current
1117,2023,11/25/23,SMU,Navy,ESPN2,later,76.0,224.357114677776,current
1118,2023,11/25/23,Syracuse,Wake Forest,CW,later,248.0,648.5863893670487,current
1119,2023,11/25/23,Arizona St.,Arizona,ESPN,later,740.0,1317.8112572139676,current
1120,2023,11/25/23,Auburn,Alabama,CBS,later,9090.0,8571.031876701238,current
1121,2023,11/25/23,Minnesota,Wisconsin,FS1,later,1230.0,961.1391810399406,current
1122,2023,11/25/23,Appalachian St.,Georgia Southern,ESPNU,later,53.0,130.9852238832537,current
1123,2023,11/25/23,Coastal Carolina,James Madison,ESPN2,later,139.0,261.1832219278113,current
1124,2023,11/25/23,Oklahoma St.,BYU,ABC,later,2390.0,1601.6974728914681,current
1125,2023,11/25/23,Washington,Washington St.,FOX,later,5850.0,3486.359553129728,current
1126,2023,11/25/23,Florida,Florida St.,ESPN,later,5070.0,3573.7666709804207,current
1127,2023,11/25/23,Baylor,West Virginia,FS1,later,691.0,603.8789119562491,current
1128,2023,11/25/23,Texas St.,South Alabama,NFLN,later,79.0,85.2638136485962,current
1129,2023,11/25/23,Georgia Tech,Georgia,ABC,later,5330.0,4127.449226446701,current
1130,2023,11/25/23,Cincinnati,Kansas,ESPN2,later,374.0,549.6711111513941,current
1131,2023,11/26/23,South Florida,Charlotte,ESPNU,later,17.0,171.9589134406251,current
1132,2023,11/25/23,Kansas St.,Iowa St.,FOX,later,3290.0,2064.3085291656557,current
1133,2023,11/25/23,UCLA,California,ESPN,later,1660.0,1250.8341807721258,current
1134,2023,11/25/23,San Diego St.,Fresno St.,FS1,later,198.0,222.8182988915426,current
1135,2023,12/1/23,Washington,Oregon,ABC,later,9250.0,10216.95838267032,current
1136,2023,12/2/23,Texas,Oklahoma St.,ABC,later,7890.0,8548.388767612767,current
1137,2023,12/2/23,Toledo,Miami Ohio,ESPN,later,1290.0,521.4711293142022,current
1138,2023,12/2/23,UNLV,Boise St.,FOX,later,1260.0,803.2412063280988,current
1139,2023,12/2/23,Alabama,Georgia,CBS,later,17520.0,16112.893501064224,current
1140,2023,12/2/23,Troy,Appalachian St.,ESPN,later,372.0,483.5506471367833,current
1141,2023,12/2/23,Tulane,SMU,ABC,later,1880.0,1742.7006628762347,current
1142,2023,12/2/23,Iowa,Michigan,FOX,later,10020.0,9443.73060966839,current
1143,2023,12/2/23,Florida St.,Louisville,ABC,later,7030.0,4566.481613792946,current
1144,2023,12/9/23,Army,Navy,CBS,later,7180.0,6187.7530570091985,current
0,2023,8/26/23,Navy,Notre Dame,NBC,Week0,3560.0,2296.9503083629506,gameday
1,2023,9/2/23,Colorado,TCU,FOX,Week1,7260.0,2381.9393413395974,gameday
2,2023,9/4/23,Clemson,Duke,ESPN,Week1,4390.0,3981.980920708736,gameday
3,2023,8/31/23,Nebraska,Minnesota,FOX,Week1,3490.0,3735.492569882313,gameday
4,2023,9/2/23,North Carolina,South Carolina,ABC,Week1,3400.0,4246.861610892555,gameday
5,2023,8/31/23,Florida,Utah,ESPN,Week1,3190.0,3249.0062436440694,gameday
6,2023,9/3/23,Northwestern,Rutgers,CBS,Week1,2680.0,2076.045249974435,gameday
7,2023,9/2/23,Virginia,Tennessee,ABC,Week1,2460.0,3990.8379882905747,gameday
8,2023,9/1/23,Louisville,Georgia Tech,ESPN,Week1,1650.0,1378.1380910269388,gameday
9,2023,9/2/23,Texas Tech,Wyoming,CBS,Week1,1430.0,1576.4015274097244,gameday
10,2023,9/2/23,Massachusetts,Auburn,ESPN,Week1,1030.0,1592.728414415733,gameday
11,2023,9/2/23,Buffalo,Wisconsin,FS1,Week1,784.0,772.3714846194662,gameday
12,2023,9/2/23,Toledo,Illinois,BTN,Week1,294.0,325.0456369340472,gameday
13,2023,9/2/23,California,North Texas,ESPNU,Week1,88.0,223.14833835318296,gameday
766,2023,9/8/23,Indiana,Indiana State,BTN,later,243.0,480.22158232533434,gameday
767,2023,9/8/23,Kansas,Illinois,ESPN2,later,1360.0,993.7898400883195,gameday
768,2023,9/9/23,Baylor,Utah,ESPN,later,1310.0,1415.680911520645,gameday
769,2023,9/9/23,North Carolina St.,Notre Dame,ABC,later,2930.0,3506.088771298412,gameday
770,2023,9/9/23,Virginia,James Madison,ESPNU,later,119.0,215.26122140320263,gameday
771,2023,9/9/23,Colorado,Nebraska,FOX,later,8730.0,3247.7055382086664,gameday
772,2023,9/9/23,Ohio St.,Youngstown State,BTN,later,1220.0,989.5366778484517,gameday
773,2023,9/9/23,Virginia Tech,Purdue,ESPN2,later,294.0,859.0832688318784,gameday
774,2023,9/9/23,Kansas St.,Troy,FS1,later,282.0,331.1201254141472,gameday
775,2023,9/9/23,Tulane,Mississippi,ESPN2,later,1440.0,1079.1536325840868,gameday
776,2023,9/9/23,Iowa St.,Iowa,FOX,later,3380.0,2663.728289103167,gameday
777,2023,9/9/23,Miami,Texas A&M,ABC,later,4020.0,2748.8829050366676,gameday
778,2023,9/9/23,Michigan,UNLV,CBS,later,2970.0,2803.1782612441166,gameday
779,2023,9/9/23,East Carolina,Marshall,ESPNU,later,90.0,276.3039529818516,gameday
780,2023,9/9/23,Pittsburgh,Cincinnati,CW,later,617.0,816.8982956764025,gameday
781,2023,9/9/23,Boise St.,UCF,FS1,later,306.0,472.25938739239064,gameday
782,2023,9/9/23,Rice,Houston,NFLN,later,83.0,104.4039862656272,gameday
783,2023,9/9/23,Texas Tech,Oregon,FOX,later,2550.0,1998.4267508018038,gameday
784,2023,9/9/23,Alabama,Texas,ESPN,later,8760.0,6468.00213050505,gameday
785,2023,9/9/23,San Diego St.,UCLA,CBS,later,1080.0,988.1500219943559,gameday
786,2023,9/9/23,Washington St.,Wisconsin,ABC,later,2280.0,2262.6479584657995,gameday
787,2023,9/9/23,Florida,McNeese,ESPNU,later,150.0,321.8150554945063,gameday
788,2023,9/9/23,Maryland,Charlotte,NBC,later,665.0,622.6333233775063,gameday
789,2023,9/9/23,California,Auburn,ESPN,later,2230.0,1577.722789815528,gameday
790,2023,9/9/23,Arizona St.,Oklahoma St.,FS1,later,91.0,546.4070087155445,gameday
791,2023,9/9/23,USC,Stanford,FOX,later,1750.0,2208.644410309882,gameday
792,2023,9/14/23,Memphis,Navy,ESPN,later,1050.0,712.2028893217954,gameday
793,2023,9/15/23,UTSA,Army,ESPN,later,916.0,1334.0568523025904,gameday
794,2023,9/15/23,Maryland,Virginia,FS1,later,776.0,691.9443530423259,gameday
795,2023,9/16/23,Old Dominion,Wake Forest,ESPN2,later,324.0,309.70517583941586,gameday
796,2023,9/16/23,Boise St.,North Dakota,FS1,later,247.0,294.2909971234642,gameday
797,2023,9/16/23,Boston College,Florida St.,ABC,later,3480.0,2432.0433325349077,gameday
798,2023,9/16/23,Mississippi St.,LSU,ESPN,later,2800.0,2532.0837665281415,gameday
799,2023,9/16/23,Ohio,Iowa St.,ESPNU,later,162.0,271.1671315139896,gameday
800,2023,9/16/23,Illinois,Penn St.,FOX,later,3220.0,3580.712575181303,gameday
801,2023,9/16/23,North Carolina St.,VMI,CW,later,205.0,690.3529860622104,gameday
802,2023,9/16/23,Oregon St.,San Diego St.,FS1,later,418.0,367.3666385623114,gameday
803,2023,9/16/23,Tulsa,Oklahoma,ESPN2,later,641.0,818.8639229764053,gameday
804,2023,9/16/23,South Florida,Alabama,ABC,later,4840.0,2907.5755851720833,gameday
805,2023,9/16/23,Georgia,South Carolina,CBS,later,5420.0,3725.3387108614907,gameday
806,2023,9/16/23,North Carolina,Minnesota,ESPN,later,1580.0,1398.2559408529273,gameday
807,2023,9/16/23,Ohio St.,Western Kentucky,FOX,later,2820.0,2792.073163392432,gameday
808,2023,9/16/23,Southern Miss,Tulane,ESPNU,later,53.0,131.18702314522332,gameday
809,2023,9/16/23,Florida,Tennessee,ESPN,later,5310.0,2983.6408924527595,gameday
810,2023,9/16/23,Troy,James Madison,NFLN,later,81.0,99.01995142232462,gameday
811,2023,9/16/23,Nebraska,Northern Illinois,FS1,later,907.0,808.4349745361249,gameday
812,2023,9/16/23,West Virginia,Pittsburgh,ABC,later,2410.0,3225.8251863792366,gameday
813,2023,9/16/23,Arkansas,BYU,ESPN2,later,1080.0,806.1183317232711,gameday
814,2023,9/16/23,Kentucky,Akron,ESPNU,later,115.0,231.79600226876556,gameday
815,2023,9/16/23,Purdue,Syracuse,NBC,later,1250.0,1293.2922710520868,gameday
816,2023,9/16/23,Michigan,Bowling Green,BTN,later,1320.0,774.4484654022494,gameday
817,2023,9/16/23,Houston,TCU,FOX,later,1200.0,1293.7436343291806,gameday
818,2023,9/16/23,Colorado,Colorado St.,ESPN,later,9300.0,1425.4385580207827,gameday
819,2023,9/16/23,Arizona St.,Fresno St.,FS1,later,195.0,369.1285594902346,gameday
820,2023,11/25/23,Ohio St.,Michigan,FOX,later,19070.0,17671.875070623224,gameday
821,2023,9/21/23,Coastal Carolina,Georgia St.,ESPN,later,671.0,515.4926409693337,gameday
822,2023,9/22/23,Purdue,Wisconsin,FS1,later,1190.0,1056.4004756508018,gameday
823,2023,9/22/23,Virginia,North Carolina St.,ESPN,later,1590.0,1593.0895434494978,gameday
824,2023,9/22/23,San Jose St.,Air Force,FS1,later,512.0,297.53927786856303,gameday
825,2023,9/23/23,Troy,Western Kentucky,ESPNU,later,29.0,132.48469863141136,gameday
826,2023,9/23/23,TCU,SMU,FS1,later,269.0,312.4628867188083,gameday
827,2023,9/23/23,Michigan,Rutgers,BTN,later,1940.0,916.8732492929621,gameday
828,2023,9/23/23,Clemson,Florida St.,ABC,later,6710.0,3723.259854348394,gameday
829,2023,9/23/23,Marshall,Virginia Tech,ESPN2,later,319.0,754.2271229000291,gameday
830,2023,9/23/23,Texas A&M,Auburn,ESPN,later,2180.0,2339.5550109777623,gameday
831,2023,9/23/23,Cincinnati,Oklahoma,FOX,later,2170.0,2667.835549847025,gameday
832,2023,9/23/23,Michigan St.,Maryland,NBC,later,1240.0,1699.418449919026,gameday
833,2023,9/23/23,Temple,Miami,ESPN2,later,353.0,396.3963167237548,gameday
834,2023,9/23/23,Kansas,BYU,ESPN,later,1030.0,969.371886027566,gameday
835,2023,9/23/23,Oregon,Colorado,ABC,later,10030.0,3779.3881635744424,gameday
836,2023,9/23/23,Alabama,Mississippi,CBS,later,4610.0,4802.163398710124,gameday
837,2023,9/23/23,Utah,UCLA,FOX,later,1320.0,2364.61956838806,gameday
838,2023,9/23/23,Iowa St.,Oklahoma St.,FS1,later,444.0,695.9694794337105,gameday
839,2023,9/23/23,South Florida,Rice,ESPNU,later,51.0,137.94658660275127,gameday
840,2023,9/23/23,Wake Forest,Georgia Tech,CW,later,332.0,383.77308585232396,gameday
841,2023,9/23/23,LSU,Arkansas,ESPN,later,2440.0,1877.051502002731,gameday
842,2023,9/23/23,Washington St.,Oregon St.,FOX,later,1480.0,1620.0877127411325,gameday
843,2023,9/23/23,Baylor,Texas,ABC,later,2630.0,2425.3770174171723,gameday
844,2023,9/23/23,Notre Dame,Ohio St.,NBC,later,9980.0,7099.851617714205,gameday
845,2023,9/23/23,Penn St.,Iowa,CBS,later,2750.0,3860.411536605624,gameday
846,2023,9/23/23,Georgia,UAB,ESPN2,later,1080.0,818.913364076052,gameday
847,2023,9/23/23,Missouri,Memphis,ESPNU,later,181.0,140.26635099148737,gameday
848,2023,9/23/23,Kansas St.,UCF,FS1,later,531.0,428.673966192149,gameday
849,2023,9/23/23,Washington,California,ESPN,later,1160.0,1714.230422973785,gameday
850,2023,9/23/23,Arizona St.,USC,FOX,later,2630.0,2269.513390708114,gameday
851,2023,9/28/23,Tulsa,Temple,ESPN,later,567.0,513.9652165372036,gameday
852,2023,9/28/23,Sam Houston,Jacksonville St.,ESPNU,later,74.0,141.63393979386018,gameday
853,2023,9/29/23,North Carolina St.,Louisville,ESPN,later,1890.0,1509.9118383104355,gameday
854,2023,9/29/23,Oregon St.,Utah,FS1,later,1280.0,1263.9149548159055,gameday
855,2023,9/29/23,BYU,Cincinnati,ESPN,later,1230.0,1447.4640022200829,gameday
856,2023,9/30/23,Kentucky,Florida,ESPN,later,2320.0,2930.203622028516,gameday
857,2023,9/30/23,James Madison,South Alabama,ESPNU,later,30.0,137.8152397810939,gameday
858,2023,9/30/23,Tulane,UAB,ESPN2,later,181.0,377.6788470299076,gameday
859,2023,9/30/23,Syracuse,Clemson,ABC,later,1980.0,2628.750304487371,gameday
860,2023,9/30/23,Colorado,USC,FOX,later,7240.0,3018.09936828537,gameday
861,2023,9/30/23,Boston College,Virginia,CW,later,367.0,734.929782259517,gameday
862,2023,9/30/23,UCF,Baylor,FS1,later,340.0,467.14438726477727,gameday
863,2023,9/30/23,Texas Tech,Houston,FS2,later,188.0,215.74491378545164,gameday
864,2023,9/30/23,Auburn,Georgia,CBS,later,6400.0,4152.39069602575,gameday
865,2023,9/30/23,Texas,Kansas,ABC,later,3320.0,3746.2526425403826,gameday
866,2023,9/30/23,Nebraska,Michigan,FOX,later,4480.0,5583.443755907812,gameday
867,2023,9/30/23,Toledo,Northern Illinois,ESPNU,later,37.0,118.09898543525696,gameday
868,2023,9/30/23,Memphis,Boise St.,ESPN2,later,319.0,358.47202974217026,gameday
869,2023,9/30/23,Mississippi,LSU,ESPN,later,3720.0,3132.073079065101,gameday
870,2023,9/30/23,Oklahoma,Iowa St.,FS1,later,808.0,1087.201409999965,gameday
871,2023,9/30/23,SMU,Charlotte,ESPNU,later,18.0,131.74723896466259,gameday
872,2023,9/30/23,Iowa,Michigan St.,NBC,later,2170.0,2857.629627518195,gameday
873,2023,9/30/23,Duke,Notre Dame,ABC,later,5320.0,4237.581347318344,gameday
874,2023,9/30/23,TCU,West Virginia,ESPN2,later,739.0,808.0910739478888,gameday
875,2023,9/30/23,Mississippi St.,Alabama,ESPN,later,3350.0,2861.922068506411,gameday
876,2023,9/30/23,Fresno St.,Nevada,FS1,later,369.0,270.39558300124406,gameday
877,2023,10/4/23,Middle Tennessee St.,Jacksonville St.,ESPNU,later,145.0,129.36411797559947,gameday
878,2023,10/5/23,Louisiana Tech,Western Kentucky,ESPN,later,567.0,437.84735225255895,gameday
879,2023,10/6/23,Oklahoma St.,Kansas St.,ESPN,later,2270.0,1893.9595091563842,gameday
880,2023,10/6/23,Illinois,Nebraska,FS1,later,1360.0,940.8732335794485,gameday
881,2023,10/7/23,Massachusetts,Toledo,ESPNU,later,16.0,91.27502844034305,gameday
882,2023,10/7/23,Ohio St.,Maryland,FOX,later,4510.0,3669.6126959199364,gameday
883,2023,10/7/23,Missouri,LSU,ESPN,later,2340.0,2441.1662964113357,gameday
884,2023,10/7/23,Texas,Oklahoma,ABC,later,7870.0,8519.105845790542,gameday
885,2023,10/7/23,North Carolina St.,Marshall,CW,later,386.0,1154.74597030856,gameday
886,2023,10/7/23,Louisiana,Texas St.,ESPNU,later,43.0,112.95034088998068,gameday
887,2023,10/7/23,Texas A&M,Alabama,CBS,later,7230.0,5066.580612029249,gameday
888,2023,10/7/23,North Carolina,Syracuse,ESPN,later,987.0,1299.4580421075855,gameday
889,2023,10/7/23,Florida St.,Virginia Tech,ABC,later,3020.0,2996.507607901838,gameday
890,2023,10/7/23,UAB,South Florida,ESPN2,later,143.0,301.5111035397756,gameday
891,2023,10/7/23,Kansas,UCF,FOX,later,1450.0,1598.180813226779,gameday
892,2023,10/7/23,Georgia,Kentucky,ESPN,later,3190.0,4191.853017720589,gameday
893,2023,10/7/23,Minnesota,Michigan,NBC,later,3060.0,3514.930510412163,gameday
894,2023,10/7/23,Louisville,Notre Dame,ABC,later,5120.0,4336.787699549589,gameday
895,2023,10/7/23,Iowa St.,TCU,FS1,later,480.0,481.67690691022256,gameday
896,2023,10/7/23,Wyoming,Fresno St.,FOX,later,737.0,1002.9019611191527,gameday
897,2023,10/7/23,Baylor,Texas Tech,ESPN2,later,481.0,500.25606687150287,gameday
898,2023,10/7/23,USC,Arizona,ESPN,later,2550.0,2266.534642732396,gameday
899,2023,10/10/23,Jacksonville St.,Liberty,ESPNU,later,117.0,170.75591446079903,gameday
900,2023,10/10/23,Appalachian St.,Coastal Carolina,ESPN2,later,499.0,389.43041386432503,gameday
901,2023,10/11/23,FIU,UTEP,ESPN2,later,332.0,257.49414896114524,gameday
902,2023,10/12/23,Houston,West Virginia,FS1,later,729.0,513.6398416950967,gameday
903,2023,10/12/23,East Carolina,SMU,ESPN,later,467.0,540.2052616799676,gameday
904,2023,10/13/23,Memphis,Tulane,ESPN,later,1720.0,859.2998929806126,gameday
905,2023,10/13/23,Colorado,Stanford,ESPN,later,3290.0,1215.133130982551,gameday
906,2023,10/14/23,Florida St.,Syracuse,ABC,later,2090.0,2648.041318935245,gameday
907,2023,10/14/23,Michigan,Indiana,FOX,later,3550.0,3092.1010795855204,gameday
908,2023,10/14/23,Alabama,Arkansas,ESPN,later,3430.0,2610.6917161370948,gameday
909,2023,10/14/23,Cincinnati,Iowa St.,FS1,later,534.0,444.9465526811446,gameday
910,2023,10/14/23,James Madison,Georgia Southern,ESPN2,later,169.0,234.72964373085307,gameday
911,2023,10/14/23,Rutgers,Michigan St.,BTN,later,503.0,494.9096563722258,gameday
912,2023,10/14/23,North Texas,Temple,ESPNU,later,37.0,82.9492156508882,gameday
913,2023,10/14/23,Vanderbilt,Georgia,CBS,later,2460.0,1902.4416301884996,gameday
914,2023,10/14/23,Maryland,Illinois,NBC,later,1140.0,939.8990718751181,gameday
915,2023,10/14/23,TCU,BYU,ESPN,later,1020.0,905.4489943318372,gameday
916,2023,10/14/23,South Florida,FAU,ESPN2,later,84.0,202.3531104957314,gameday
917,2023,10/14/23,Oklahoma St.,Kansas,FS1,later,796.0,585.7663902345325,gameday
918,2023,10/14/23,Tennessee,Texas A&M,CBS,later,4380.0,3864.1197211017125,gameday
919,2023,10/14/23,Washington,Oregon,ABC,later,7040.0,5308.155505389277,gameday
920,2023,10/14/23,Penn St.,Massachusetts,BTN,later,693.0,547.2536700456603,gameday
921,2023,10/14/23,Wisconsin,Iowa,FOX,later,2340.0,3010.7950627505224,gameday
922,2023,10/14/23,Northern Illinois,Ohio,ESPNU,later,46.0,133.90863798754614,gameday
923,2023,10/14/23,Pittsburgh,Louisville,CW,later,569.0,879.0492182264326,gameday
924,2023,10/14/23,Georgia St.,Marshall,ESPN2,later,129.0,440.77920958989534,gameday
925,2023,10/14/23,LSU,Auburn,ESPN,later,2160.0,2614.5954495326127,gameday
926,2023,10/14/23,Texas Tech,Kansas St.,FS1,later,770.0,495.48865401535545,gameday
927,2023,10/14/23,Notre Dame,USC,NBC,later,6430.0,4773.3797213207245,gameday
928,2023,10/14/23,North Carolina,Miami,ABC,later,3080.0,2998.3261396463904,gameday
929,2023,10/14/23,Oregon St.,UCLA,FOX,later,1430.0,2065.630701972859,gameday
930,2023,10/14/23,UTSA,UAB,ESPNU,later,49.0,117.32966433635968,gameday
931,2023,10/14/23,Colorado St.,Boise St.,FS1,later,471.0,286.1528797659679,gameday
932,2023,10/17/23,Jacksonville St.,Western Kentucky,ESPNU,later,110.0,142.19675467239534,gameday
933,2023,10/17/23,South Alabama,Southern Miss,ESPN2,later,256.0,247.32869092952367,gameday
934,2023,10/18/23,UTEP,New Mexico St.,ESPN2,later,293.0,215.47055849005022,gameday
935,2023,10/19/23,Tulsa,Rice,ESPN2,later,179.0,339.188514550436,gameday
936,2023,10/19/23,Marshall,James Madison,ESPN,later,603.0,862.2762802930711,gameday
937,2023,10/20/23,Temple,SMU,ESPN,later,548.0,642.9949479465138,gameday
938,2023,10/21/23,Arkansas,Mississippi St.,ESPN,later,1220.0,1049.9427432143386,gameday
939,2023,10/21/23,Ohio St.,Penn St.,FOX,later,9960.0,10217.373920412438,gameday
940,2023,10/21/23,Oklahoma,UCF,ABC,later,2170.0,2490.299525610193,gameday
941,2023,10/21/23,UAB,Memphis,ESPN2,later,97.0,263.29625767302286,gameday
942,2023,10/21/23,Indiana,Rutgers,BTN,later,232.0,276.6118930014039,gameday
943,2023,10/21/23,Navy,Air Force,CBS,later,1210.0,1166.9596568766112,gameday
944,2023,10/21/23,Illinois,Wisconsin,FS1,later,684.0,580.0545386463546,gameday
945,2023,10/21/23,Oregon,Washington St.,ABC,later,2350.0,2408.8005098226677,gameday
946,2023,10/21/23,Tulane,North Texas,ESPN2,later,112.0,231.42045667793604,gameday
947,2023,10/21/23,Iowa,Minnesota,NBC,later,1680.0,1662.144833629181,gameday
948,2023,10/21/23,Alabama,Tennessee,CBS,later,8010.0,6074.641822918407,gameday
949,2023,10/21/23,Nebraska,Northwestern,BTN,later,560.0,505.4819705318077,gameday
950,2023,10/21/23,West Virginia,Oklahoma St.,ESPN,later,1010.0,1241.8407383122076,gameday
951,2023,10/21/23,Houston,Texas,FOX,later,3080.0,2198.1144080094805,gameday
952,2023,10/21/23,Miami Ohio,Toledo,ESPNU,later,46.0,100.44103034211855,gameday
953,2023,10/21/23,North Carolina,Virginia,CW,later,788.0,1095.0856597985494,gameday
954,2023,10/21/23,Auburn,Mississippi,ESPN,later,1800.0,1713.1226784929088,gameday
955,2023,10/21/23,BYU,Texas Tech,FS1,later,545.0,464.1477143326188,gameday
956,2023,10/21/23,Old Dominion,Appalachian St.,NFLN,later,60.0,106.19559797231662,gameday
957,2023,10/21/23,Kansas St.,TCU,ESPN2,later,432.0,533.7570242112321,gameday
958,2023,10/21/23,Florida St.,Duke,ABC,later,4080.0,2933.8653392791807,gameday
959,2023,10/21/23,Michigan St.,Michigan,NBC,later,3730.0,4359.840514452927,gameday
960,2023,10/21/23,USC,Utah,FOX,later,3230.0,2600.768257584974,gameday
961,2023,10/21/23,Louisiana,Georgia St.,ESPNU,later,25.0,116.62807447482908,gameday
962,2023,10/21/23,San Diego St.,Nevada,FS2,later,47.0,68.11200136550069,gameday
963,2023,10/21/23,Stanford,UCLA,ESPN,later,852.0,1248.4835529113034,gameday
964,2023,10/21/23,Washington,Arizona St.,FS1,later,1080.0,710.9719002297602,gameday
965,2023,10/24/23,Western Kentucky,Liberty,ESPNU,later,136.0,153.2235093551326,gameday
966,2023,10/25/23,Sam Houston,UTEP,ESPN2,later,332.0,251.63251378920503,gameday
967,2023,10/26/23,Georgia Southern,Georgia St.,ESPN2,later,242.0,358.60999576803533,gameday
968,2023,10/26/23,Virginia Tech,Syracuse,ESPN,later,782.0,1127.4676934175557,gameday
969,2023,10/27/23,Charlotte,FAU,ESPN2,later,329.0,428.315808609652,gameday
970,2023,10/28/23,Wake Forest,Florida St.,ABC,later,2090.0,1895.9663961258211,gameday
971,2023,10/28/23,Kansas,Oklahoma,FOX,later,3600.0,2810.1537138927833,gameday
972,2023,10/28/23,Kansas St.,Houston,ESPN2,later,371.0,438.0795107776671,gameday
973,2023,10/28/23,UCF,West Virginia,FS1,later,409.0,519.7828319105854,gameday
974,2023,10/28/23,Penn St.,Indiana,CBS,later,3400.0,2644.4242750059857,gameday
975,2023,10/28/23,Northwestern,Maryland,BTN,later,270.0,267.3302111926304,gameday
976,2023,10/28/23,Texas A&M,South Carolina,ESPN,later,1900.0,1419.2331431081236,gameday
977,2023,10/28/23,SMU,Tulsa,ESPNU,later,33.0,152.31143078282753,gameday
978,2023,10/28/23,North Carolina St.,Clemson,CW,later,642.0,1319.3802717449744,gameday
979,2023,10/28/23,Utah,Oregon,FOX,later,2810.0,3637.035694310756,gameday
980,2023,10/28/23,Nebraska,Purdue,FS1,later,1020.0,737.3710686053777,gameday
981,2023,10/28/23,Notre Dame,Pittsburgh,NBC,later,1890.0,1762.7705921730878,gameday
982,2023,10/28/23,Louisville,Duke,ESPN,later,928.0,1286.6712342449207,gameday
983,2023,10/28/23,Texas,BYU,ABC,later,2380.0,2973.700577392874,gameday
984,2023,10/28/23,Florida,Georgia,CBS,later,5950.0,5417.904649007693,gameday
985,2023,10/28/23,Minnesota,Michigan St.,BTN,later,783.0,643.221064155622,gameday
986,2023,10/28/23,Rice,Tulane,ESPN2,later,215.0,232.90168736023242,gameday
987,2023,10/28/23,Boise St.,Wyoming,FS2,later,169.0,284.7988415231097,gameday
988,2023,10/28/23,Coastal Carolina,Marshall,NFLN,later,60.0,101.53331758633885,gameday
989,2023,10/28/23,Stanford,Washington,FS1,later,700.0,722.0209821065764,gameday
990,2023,10/28/23,Kentucky,Tennessee,ESPN,later,2510.0,2563.956404314713,gameday
991,2023,10/28/23,Wisconsin,Ohio St.,NBC,later,4870.0,5446.024169579306,gameday
992,2023,10/28/23,UCLA,Colorado,ABC,later,4660.0,1813.47706139943,gameday
993,2023,10/28/23,James Madison,Old Dominion,ESPNU,later,59.0,143.56932408098072,gameday
994,2023,10/28/23,Oklahoma St.,Cincinnati,ESPN2,later,412.0,644.8844115707894,gameday
995,2023,10/28/23,Arizona,Oregon St.,ESPN,later,1400.0,1156.6955577836848,gameday
996,2023,10/28/23,Fresno St.,UNLV,FS1,later,260.0,248.95146914058597,gameday
997,2023,10/31/23,Central Michigan,Northern Illinois,ESPNU,later,124.0,169.27591860979325,gameday
998,2023,10/31/23,Toledo,Buffalo,ESPN2,later,324.0,306.4027235759404,gameday
999,2023,11/1/23,Bowling Green,Ball St.,ESPN2,later,341.0,272.94760227396625,gameday
1000,2023,11/1/23,Akron,Kent St.,ESPNU,later,61.0,106.42993390395043,gameday
1001,2023,11/2/23,Texas Tech,TCU,FS1,later,616.0,472.0440415866875,gameday
1002,2023,11/2/23,Duke,Wake Forest,ESPN,later,814.0,655.8786607683635,gameday
1003,2023,11/2/23,Troy,South Alabama,ESPN2,later,223.0,281.8732956835985,gameday
1004,2023,11/3/23,Syracuse,Boston College,ESPN2,later,1100.0,839.651258094668,gameday
1005,2023,11/4/23,Texas,Kansas St.,FOX,later,2950.0,4933.569331414484,gameday
1006,2023,11/4/23,South Carolina,Jacksonville St.,ESPNU,later,79.0,169.92375283026107,gameday
1007,2023,11/4/23,Indiana,Wisconsin,BTN,later,491.0,370.14101197116963,gameday
1008,2023,11/4/23,Clemson,Notre Dame,ABC,later,3240.0,3142.2784884959447,gameday
1009,2023,11/4/23,Michigan St.,Nebraska,FS1,later,900.0,781.4393381196459,gameday
1010,2023,11/4/23,Rutgers,Ohio St.,CBS,later,3960.0,2709.460601203945,gameday
1011,2023,11/4/23,Florida,Arkansas,ESPN2,later,1140.0,886.9883038854412,gameday
1012,2023,11/4/23,Mississippi,Texas A&M,ESPN,later,1830.0,1734.3198461245688,gameday
1013,2023,11/4/23,Virginia,Georgia Tech,CW,later,262.0,502.3579343417501,gameday
1014,2023,11/4/23,Georgia St.,James Madison,ESPN2,later,276.0,337.29733806744593,gameday
1015,2023,11/4/23,Oklahoma St.,Oklahoma,ABC,later,3760.0,4205.101167303001,gameday
1016,2023,11/4/23,Maryland,Penn St.,FOX,later,2390.0,3063.5212910833316,gameday
1017,2023,11/4/23,Pittsburgh,Florida St.,ESPN,later,1760.0,1460.0939633239782,gameday
1018,2023,11/4/23,Cincinnati,UCF,FS1,later,264.0,410.5363767443825,gameday
1019,2023,11/4/23,Minnesota,Illinois,BTN,later,499.0,424.710519347188,gameday
1020,2023,11/4/23,East Carolina,Tulane,ESPNU,later,76.0,128.11530896294394,gameday
1021,2023,11/4/23,Georgia,Missouri,CBS,later,7000.0,4885.968675106336,gameday
1022,2023,11/4/23,Appalachian St.,Marshall,NFLN,later,78.0,133.58238747899523,gameday
1023,2023,11/4/23,San Diego St.,Utah St.,FS1,later,95.0,154.57624640412718,gameday
1024,2023,11/4/23,West Virginia,BYU,FOX,later,1260.0,1414.0925419846894,gameday
1025,2023,11/4/23,Iowa St.,Kansas,ESPN,later,1270.0,979.9775251028941,gameday
1026,2023,11/4/23,USC,Washington,ABC,later,4450.0,3632.152275050959,gameday
1027,2023,11/4/23,Rice,SMU,ESPNU,later,29.0,87.92401266138428,gameday
1028,2023,11/4/23,Michigan,Purdue,NBC,later,2600.0,2826.561864839632,gameday
1029,2023,11/4/23,Alabama,LSU,CBS,later,8820.0,10657.509369777736,gameday
1030,2023,11/4/23,Colorado,Oregon St.,ESPN,later,2770.0,1221.8838793240343,gameday
1031,2023,11/4/23,Arizona,UCLA,FS1,later,522.0,587.5432738856466,gameday
1032,2023,11/7/23,Western Michigan,Central Michigan,ESPNU,later,139.0,156.0455309062093,gameday
1033,2023,11/7/23,Buffalo,Ohio,ESPN2,later,368.0,338.8294306466671,gameday
1034,2023,11/8/23,Miami Ohio,Akron,ESPNU,later,82.0,119.84796850591576,gameday
1035,2023,11/8/23,Toledo,Eastern Michigan,ESPN2,later,238.0,309.09511562431067,gameday
1036,2023,11/9/23,Louisville,Virginia,ESPN,later,1290.0,1078.041167920593,gameday
1037,2023,11/9/23,Louisiana,Southern Miss,ESPNU,later,83.0,108.38248115945336,gameday
1038,2023,11/10/23,SMU,North Texas,ESPN2,later,618.0,411.9836035234101,gameday
1039,2023,11/10/23,UNLV,Wyoming,FS1,later,214.0,371.64093246074106,gameday
1040,2023,11/11/23,Kansas,Texas Tech,FS1,later,780.0,418.00441280578264,gameday
1041,2023,11/11/23,Clemson,Georgia Tech,ABC,later,1620.0,1321.7893030354153,gameday
1042,2023,11/11/23,Illinois,Indiana,BTN,later,368.0,262.88135580908806,gameday
1043,2023,11/11/23,Penn St.,Michigan,FOX,later,9160.0,9386.30368413756,gameday
1044,2023,11/11/23,Tulane,Tulsa,ESPN2,later,169.0,247.4546368659643,gameday
1045,2023,11/11/23,Kentucky,Alabama,ESPN,later,2760.0,3745.8426036120204,gameday
1046,2023,11/11/23,Wake Forest,North Carolina St.,CW,later,289.0,662.570004338048,gameday
1047,2023,11/11/23,Missouri,Tennessee,CBS,later,3620.0,3867.7503244545355,gameday
1048,2023,11/11/23,Washington,Utah,FOX,later,5170.0,3469.5881593829627,gameday
1049,2023,11/11/23,UCF,Oklahoma St.,ESPN,later,1210.0,1155.250289300327,gameday
1050,2023,11/11/23,Iowa,Rutgers,BTN,later,714.0,622.3519539621691,gameday
1051,2023,11/11/23,Florida St.,Miami,ABC,later,4140.0,3299.3785835080143,gameday
1052,2023,11/11/23,Wisconsin,Northwestern,FS1,later,612.0,525.5481569737318,gameday
1053,2023,11/11/23,Purdue,Minnesota,NBC,later,1170.0,1074.0530286162652,gameday
1054,2023,11/11/23,California,Washington St.,ESPN2,later,263.0,429.5583552321052,gameday
1055,2023,11/11/23,Oklahoma,West Virginia,FOX,later,2390.0,2884.01759421472,gameday
1056,2023,11/11/23,Georgia,Mississippi,ESPN,later,4830.0,5334.601321092961,gameday
1057,2023,11/11/23,Marshall,Georgia Southern,NFLN,later,84.0,104.38673445388534,gameday
1058,2023,11/11/23,Houston,Cincinnati,FS1,later,176.0,272.7050312303502,gameday
1059,2023,11/11/23,TCU,Texas,ABC,later,2820.0,2808.8072351852734,gameday
1060,2023,11/11/23,Ohio St.,Michigan St.,NBC,later,3570.0,4198.987117390299,gameday
1061,2023,11/11/23,UTSA,Rice,ESPNU,later,22.0,81.07619766554369,gameday
1062,2023,11/11/23,Texas A&M,Mississippi St.,ESPN2,later,409.0,719.5101113208825,gameday
1063,2023,11/11/23,Boise St.,New Mexico,FS1,later,164.0,156.44515377991092,gameday
1064,2023,11/11/23,BYU,Iowa St.,ESPN,later,943.0,1155.594273987564,gameday
1065,2023,11/11/23,Oregon,USC,FOX,later,3010.0,3429.268523492495,gameday
1066,2023,11/14/23,Bowling Green,Toledo,ESPN2,later,403.0,311.90088358262915,gameday
1067,2023,11/14/23,Northern Illinois,Western Michigan,ESPNU,later,47.0,177.0629831232795,gameday
1068,2023,11/15/23,Miami Ohio,Buffalo,ESPN2,later,385.0,325.8993241747896,gameday
1069,2023,11/15/23,Ohio,Central Michigan,ESPNU,later,90.0,161.34429467433026,gameday
1070,2023,11/16/23,Pittsburgh,Boston College,ESPN,later,1030.0,802.4850992490813,gameday
1071,2023,11/17/23,UTSA,South Florida,ESPN2,later,429.0,395.9714349005236,gameday
1072,2023,11/17/23,Washington St.,Colorado,FS1,later,727.0,641.9814811257872,gameday
1073,2023,11/18/23,Maryland,Michigan,FOX,later,5430.0,4948.064631784791,gameday
1074,2023,11/18/23,BYU,Oklahoma,ESPN,later,2170.0,1852.379833855396,gameday
1075,2023,11/18/23,Miami,Louisville,ABC,later,2890.0,2633.997647195571,gameday
1076,2023,11/18/23,Penn St.,Rutgers,FS1,later,765.0,875.2912026713736,gameday
1077,2023,11/18/23,Memphis,SMU,ESPN2,later,276.0,317.5087382335561,gameday
1078,2023,11/18/23,Virginia,Duke,CW,later,307.0,518.2972242713237,gameday
1079,2023,11/18/23,Troy,Louisiana,NFLN,later,33.0,48.108774228986285,gameday
1080,2023,11/18/23,USC,UCLA,ABC,later,2650.0,1796.3787903783254,gameday
1081,2023,11/18/23,Tennessee,Georgia,CBS,later,5730.0,7229.803617937679,gameday
1082,2023,11/18/23,Notre Dame,Wake Forest,NBC,later,1480.0,1211.7572094590255,gameday
1083,2023,11/18/23,Iowa,Illinois,FS1,later,847.0,621.292523727051,gameday
1084,2023,11/18/23,Clemson,North Carolina,ESPN,later,1760.0,1345.9249236836179,gameday
1085,2023,11/18/23,Ohio St.,Minnesota,BTN,later,2020.0,1586.6645826779923,gameday
1086,2023,11/18/23,Arizona St.,Oregon,FOX,later,1900.0,2277.980252927587,gameday
1087,2023,11/18/23,Houston,Oklahoma St.,ESPN2,later,704.0,441.5694505273343,gameday
1088,2023,11/18/23,Texas Tech,UCF,FS2,later,270.0,237.96107552164113,gameday
1089,2023,11/18/23,Florida St.,North Alabama,CW,later,1330.0,864.6508311045029,gameday
1090,2023,11/18/23,Kansas,Kansas St.,FS1,later,869.0,516.7002026104212,gameday
1091,2023,11/18/23,Arkansas,FIU,ESPNU,later,173.0,165.455758826834,gameday
1092,2023,11/18/23,Oregon St.,Washington,ABC,later,4730.0,3594.7589660221824,gameday
1093,2023,11/18/23,Missouri,Florida,ESPN,later,2270.0,1988.6543840461432,gameday
1094,2023,11/18/23,Wisconsin,Nebraska,NBC,later,2450.0,2026.9808742405012,gameday
1095,2023,11/18/23,Iowa St.,Texas,FOX,later,2470.0,3915.788880029818,gameday
1096,2023,11/18/23,LSU,Georgia St.,ESPN2,later,741.0,784.2181806687566,gameday
1097,2023,11/18/23,Fresno St.,New Mexico,FS1,later,255.0,144.86734432637112,gameday
1098,2023,11/21/23,Western Michigan,Bowling Green,ESPNU,later,116.0,146.7685236249425,gameday
1099,2023,11/21/23,Buffalo,Eastern Michigan,ESPN2,later,384.0,293.8113895624082,gameday
1100,2023,11/23/23,Mississippi St.,Mississippi,ESPN,later,2290.0,1852.3503561118218,gameday
1101,2023,11/24/23,Oklahoma,TCU,FOX,later,2220.0,3262.063834993939,gameday
1102,2023,11/24/23,Nebraska,Iowa,CBS,later,4390.0,5352.385361715057,gameday
1103,2023,11/24/23,Boston College,Miami,ABC,later,1430.0,1778.7501283413126,gameday
1104,2023,11/24/23,Central Michigan,Toledo,ESPNU,later,74.0,171.56943292385438,gameday
1105,2023,11/24/23,Temple,Memphis,ESPN,later,394.0,415.8604841078055,gameday
1106,2023,11/24/23,Tulane,UTSA,ABC,later,1720.0,1619.9470066103263,gameday
1107,2023,11/24/23,Arkansas,Missouri,CBS,later,4090.0,4144.109268307374,gameday
1108,2023,11/24/23,Boise St.,Air Force,FS1,later,409.0,452.90701704351625,gameday
1109,2023,11/24/23,Michigan St.,Penn St.,NBC,later,3380.0,4312.075657258618,gameday
1110,2023,11/24/23,Texas,Texas Tech,ABC,later,3770.0,4749.833535506098,gameday
1111,2023,11/24/23,Oregon,Oregon St.,FOX,later,4120.0,5707.316271646648,gameday
1112,2023,11/25/23,Purdue,Indiana,BTN,later,246.0,237.7181980721101,gameday
1113,2023,11/25/23,Louisville,Kentucky,ABC,later,1570.0,2131.0439355435037,gameday
1114,2023,11/25/23,LSU,Texas A&M,ESPN,later,2000.0,2313.076269688314,gameday
1115,2023,11/25/23,Southern Miss,Troy,ESPNU,later,31.0,75.74425032657868,gameday
1116,2023,11/25/23,UCF,Houston,FS1,later,185.0,209.33369350688457,gameday
1117,2023,11/25/23,SMU,Navy,ESPN2,later,76.0,226.30765791746558,gameday
1118,2023,11/25/23,Syracuse,Wake Forest,CW,later,248.0,659.6103705033591,gameday
1119,2023,11/25/23,Arizona St.,Arizona,ESPN,later,740.0,1322.102566003661,gameday
1120,2023,11/25/23,Auburn,Alabama,CBS,later,9090.0,8547.351629870986,gameday
1121,2023,11/25/23,Minnesota,Wisconsin,FS1,later,1230.0,932.751115428353,gameday
1122,2023,11/25/23,Appalachian St.,Georgia Southern,ESPNU,later,53.0,132.57824576593327,gameday
1123,2023,11/25/23,Coastal Carolina,James Madison,ESPN2,later,139.0,262.00539422824136,gameday
1124,2023,11/25/23,Oklahoma St.,BYU,ABC,later,2390.0,1631.392263777847,gameday
1125,2023,11/25/23,Washington,Washington St.,FOX,later,5850.0,3559.0665804132213,gameday
1126,2023,11/25/23,Florida,Florida St.,ESPN,later,5070.0,3490.2904934771095,gameday
1127,2023,11/25/23,Baylor,West Virginia,FS1,later,691.0,608.4555251737793,gameday
1128,2023,11/25/23,Texas St.,South Alabama,NFLN,later,79.0,84.35040910935392,gameday
1129,2023,11/25/23,Georgia Tech,Georgia,ABC,later,5330.0,3989.3066812714537,gameday
1130,2023,11/25/23,Cincinnati,Kansas,ESPN2,later,374.0,543.5131292209085,gameday
1131,2023,11/26/23,South Florida,Charlotte,ESPNU,later,17.0,174.01557120934848,gameday
1132,2023,11/25/23,Kansas St.,Iowa St.,FOX,later,3290.0,2042.9867281396714,gameday
1133,2023,11/25/23,UCLA,California,ESPN,later,1660.0,1234.5206388016147,gameday
1134,2023,11/25/23,San Diego St.,Fresno St.,FS1,later,198.0,222.58060628786,gameday
1135,2023,12/1/23,Washington,Oregon,ABC,later,9250.0,9077.909245860154,gameday
1136,2023,12/2/23,Texas,Oklahoma St.,ABC,later,7890.0,8409.992353988404,gameday
1137,2023,12/2/23,Toledo,Miami Ohio,ESPN,later,1290.0,518.6571891758533,gameday
1138,2023,12/2/23,UNLV,Boise St.,FOX,later,1260.0,811.4026545134753,gameday
1139,2023,12/2/23,Alabama,Georgia,CBS,later,17520.0,16316.470892417437,gameday
1140,2023,12/2/23,Troy,Appalachian St.,ESPN,later,372.0,487.5976641784353,gameday
1141,2023,12/2/23,Tulane,SMU,ABC,later,1880.0,1739.9873192402188,gameday
1142,2023,12/2/23,Iowa,Michigan,FOX,later,10020.0,9127.209041177864,gameday
1143,2023,12/2/23,Florida St.,Louisville,ABC,later,7030.0,4510.328244996903,gameday
1144,2023,12/9/23,Army,Navy,CBS,later,7180.0,6774.665250801067,gameday
0,2023,8/26/23,Navy,Notre Dame,NBC,Week0,3560.0,2301.504640692856,bignoon
1,2023,9/2/23,Colorado,TCU,FOX,Week1,7260.0,2631.470716236268,bignoon
2,2023,9/4/23,Clemson,Duke,ESPN,Week1,4390.0,3920.0799349035606,bignoon
3,2023,8/31/23,Nebraska,Minnesota,FOX,Week1,3490.0,4168.311679108575,bignoon
4,2023,9/2/23,North Carolina,South Carolina,ABC,Week1,3400.0,3734.2822639116425,bignoon
5,2023,8/31/23,Florida,Utah,ESPN,Week1,3190.0,3154.6379742780728,bignoon
6,2023,9/3/23,Northwestern,Rutgers,CBS,Week1,2680.0,2126.3142575538413,bignoon
7,2023,9/2/23,Virginia,Tennessee,ABC,Week1,2460.0,3998.9408910031602,bignoon
8,2023,9/1/23,Louisville,Georgia Tech,ESPN,Week1,1650.0,1361.7151580404143,bignoon
9,2023,9/2/23,Texas Tech,Wyoming,CBS,Week1,1430.0,1637.7855810176084,bignoon
10,2023,9/2/23,Massachusetts,Auburn,ESPN,Week1,1030.0,1622.4501180504365,bignoon
11,2023,9/2/23,Buffalo,Wisconsin,FS1,Week1,784.0,780.843331377933,bignoon
12,2023,9/2/23,Toledo,Illinois,BTN,Week1,294.0,328.36767980606885,bignoon
13,2023,9/2/23,California,North Texas,ESPNU,Week1,88.0,224.2679756038949,bignoon
766,2023,9/8/23,Indiana,Indiana State,BTN,later,243.0,476.11996822770493,bignoon
767,2023,9/8/23,Kansas,Illinois,ESPN2,later,1360.0,1003.3110561643466,bignoon
768,2023,9/9/23,Baylor,Utah,ESPN,later,1310.0,1397.897996351323,bignoon
769,2023,9/9/23,North Carolina St.,Notre Dame,ABC,later,2930.0,3539.1948032454657,bignoon
770,2023,9/9/23,Virginia,James Madison,ESPNU,later,119.0,213.86806872669317,bignoon
771,2023,9/9/23,Colorado,Nebraska,FOX,later,8730.0,3654.1553882821277,bignoon
772,2023,9/9/23,Ohio St.,Youngstown State,BTN,later,1220.0,980.9953869899184,bignoon
773,2023,9/9/23,Virginia Tech,Purdue,ESPN2,later,294.0,851.6905982763226,bignoon
774,2023,9/9/23,Kansas St.,Troy,FS1,later,282.0,336.1289794970137,bignoon
775,2023,9/9/23,Tulane,Mississippi,ESPN2,later,1440.0,1113.763202678143,bignoon
776,2023,9/9/23,Iowa St.,Iowa,FOX,later,3380.0,2881.348248157321,bignoon
777,2023,9/9/23,Miami,Texas A&M,ABC,later,4020.0,2749.8764901119675,bignoon
778,2023,9/9/23,Michigan,UNLV,CBS,later,2970.0,2765.723707209847,bignoon
779,2023,9/9/23,East Carolina,Marshall,ESPNU,later,90.0,278.17459693672913,bignoon
780,2023,9/9/23,Pittsburgh,Cincinnati,CW,later,617.0,819.5744117949716,bignoon
781,2023,9/9/23,Boise St.,UCF,FS1,later,306.0,471.8852876298106,bignoon
782,2023,9/9/23,Rice,Houston,NFLN,later,83.0,103.99864127585298,bignoon
783,2023,9/9/23,Texas Tech,Oregon,FOX,later,2550.0,2004.330263219851,bignoon
784,2023,9/9/23,Alabama,Texas,ESPN,later,8760.0,5397.904974398441,bignoon
785,2023,9/9/23,San Diego St.,UCLA,CBS,later,1080.0,1042.424810798255,bignoon
786,2023,9/9/23,Washington St.,Wisconsin,ABC,later,2280.0,2385.4230752924923,bignoon
787,2023,9/9/23,Florida,McNeese,ESPNU,later,150.0,326.4612073539864,bignoon
788,2023,9/9/23,Maryland,Charlotte,NBC,later,665.0,640.1085547689416,bignoon
789,2023,9/9/23,California,Auburn,ESPN,later,2230.0,1597.4997352060593,bignoon
790,2023,9/9/23,Arizona St.,Oklahoma St.,FS1,later,91.0,534.4938907730186,bignoon
791,2023,9/9/23,USC,Stanford,FOX,later,1750.0,2193.438653522474,bignoon
792,2023,9/14/23,Memphis,Navy,ESPN,later,1050.0,711.0573792946478,bignoon
793,2023,9/15/23,UTSA,Army,ESPN,later,916.0,1369.4891028841646,bignoon
794,2023,9/15/23,Maryland,Virginia,FS1,later,776.0,689.1117059243551,bignoon
795,2023,9/16/23,Old Dominion,Wake Forest,ESPN2,later,324.0,308.4923224579182,bignoon
796,2023,9/16/23,Boise St.,North Dakota,FS1,later,247.0,294.0796923391781,bignoon
797,2023,9/16/23,Boston College,Florida St.,ABC,later,3480.0,2462.684170791439,bignoon
798,2023,9/16/23,Mississippi St.,LSU,ESPN,later,2800.0,2503.311529310472,bignoon
799,2023,9/16/23,Ohio,Iowa St.,ESPNU,later,162.0,268.2790299133498,bignoon
800,2023,9/16/23,Illinois,Penn St.,FOX,later,3220.0,3271.1150500310137,bignoon
801,2023,9/16/23,North Carolina St.,VMI,CW,later,205.0,697.198302381903,bignoon
802,2023,9/16/23,Oregon St.,San Diego St.,FS1,later,418.0,373.8131441624073,bignoon
803,2023,9/16/23,Tulsa,Oklahoma,ESPN2,later,641.0,825.5960312483505,bignoon
804,2023,9/16/23,South Florida,Alabama,ABC,later,4840.0,2846.4982792410983,bignoon
805,2023,9/16/23,Georgia,South Carolina,CBS,later,5420.0,3740.2654244618834,bignoon
806,2023,9/16/23,North Carolina,Minnesota,ESPN,later,1580.0,1400.321571835586,bignoon
807,2023,9/16/23,Ohio St.,Western Kentucky,FOX,later,2820.0,2750.1375956926704,bignoon
808,2023,9/16/23,Southern Miss,Tulane,ESPNU,later,53.0,131.06047536741926,bignoon
809,2023,9/16/23,Florida,Tennessee,ESPN,later,5310.0,3090.1368991360428,bignoon
810,2023,9/16/23,Troy,James Madison,NFLN,later,81.0,99.90762042080428,bignoon
811,2023,9/16/23,Nebraska,Northern Illinois,FS1,later,907.0,815.4527639254502,bignoon
812,2023,9/16/23,West Virginia,Pittsburgh,ABC,later,2410.0,3869.6412036058346,bignoon
813,2023,9/16/23,Arkansas,BYU,ESPN2,later,1080.0,807.8128100224064,bignoon
814,2023,9/16/23,Kentucky,Akron,ESPNU,later,115.0,229.69509600738377,bignoon
815,2023,9/16/23,Purdue,Syracuse,NBC,later,1250.0,1292.1321184550413,bignoon
816,2023,9/16/23,Michigan,Bowling Green,BTN,later,1320.0,773.5198808764424,bignoon
817,2023,9/16/23,Houston,TCU,FOX,later,1200.0,1277.238363392469,bignoon
818,2023,9/16/23,Colorado,Colorado St.,ESPN,later,9300.0,1496.965108614078,bignoon
819,2023,9/16/23,Arizona St.,Fresno St.,FS1,later,195.0,367.4862380314039,bignoon
820,2023,11/25/23,Ohio St.,Michigan,FOX,later,19070.0,17821.675633995368,bignoon
821,2023,9/21/23,Coastal Carolina,Georgia St.,ESPN,later,671.0,510.7581679082971,bignoon
822,2023,9/22/23,Purdue,Wisconsin,FS1,later,1190.0,1035.335182336179,bignoon
823,2023,9/22/23,Virginia,North Carolina St.,ESPN,later,1590.0,1574.0729538587864,bignoon
824,2023,9/22/23,San Jose St.,Air Force,FS1,later,512.0,296.4079240689614,bignoon
825,2023,9/23/23,Troy,Western Kentucky,ESPNU,later,29.0,132.63527746192142,bignoon
826,2023,9/23/23,TCU,SMU,FS1,later,269.0,315.5684529634462,bignoon
827,2023,9/23/23,Michigan,Rutgers,BTN,later,1940.0,904.0426320059617,bignoon
828,2023,9/23/23,Clemson,Florida St.,ABC,later,6710.0,3739.235364966795,bignoon
829,2023,9/23/23,Marshall,Virginia Tech,ESPN2,later,319.0,753.9335016904229,bignoon
830,2023,9/23/23,Texas A&M,Auburn,ESPN,later,2180.0,2324.693762154997,bignoon
831,2023,9/23/23,Cincinnati,Oklahoma,FOX,later,2170.0,2991.979479857268,bignoon
832,2023,9/23/23,Michigan St.,Maryland,NBC,later,1240.0,1712.886117287886,bignoon
833,2023,9/23/23,Temple,Miami,ESPN2,later,353.0,397.23872408306124,bignoon
834,2023,9/23/23,Kansas,BYU,ESPN,later,1030.0,972.7324802330659,bignoon
835,2023,9/23/23,Oregon,Colorado,ABC,later,10030.0,3905.9334805136155,bignoon
836,2023,9/23/23,Alabama,Mississippi,CBS,later,4610.0,4892.553985131424,bignoon
837,2023,9/23/23,Utah,UCLA,FOX,later,1320.0,2392.1375067523823,bignoon
838,2023,9/23/23,Iowa St.,Oklahoma St.,FS1,later,444.0,687.2555150305243,bignoon
839,2023,9/23/23,South Florida,Rice,ESPNU,later,51.0,137.60498638550882,bignoon
840,2023,9/23/23,Wake Forest,Georgia Tech,CW,later,332.0,379.6225432223365,bignoon
841,2023,9/23/23,LSU,Arkansas,ESPN,later,2440.0,1862.1844889344443,bignoon
842,2023,9/23/23,Washington St.,Oregon St.,FOX,later,1480.0,1558.8173598586857,bignoon
843,2023,9/23/23,Baylor,Texas,ABC,later,2630.0,2473.026882904922,bignoon
844,2023,9/23/23,Notre Dame,Ohio St.,NBC,later,9980.0,6291.808185664381,bignoon
845,2023,9/23/23,Penn St.,Iowa,CBS,later,2750.0,3791.7718802226204,bignoon
846,2023,9/23/23,Georgia,UAB,ESPN2,later,1080.0,826.3102625264867,bignoon
847,2023,9/23/23,Missouri,Memphis,ESPNU,later,181.0,140.24105166853454,bignoon
848,2023,9/23/23,Kansas St.,UCF,FS1,later,531.0,428.7790960479716,bignoon
849,2023,9/23/23,Washington,California,ESPN,later,1160.0,1749.1896497530836,bignoon
850,2023,9/23/23,Arizona St.,USC,FOX,later,2630.0,2197.523980446545,bignoon
851,2023,9/28/23,Tulsa,Temple,ESPN,later,567.0,516.6219676140593,bignoon
852,2023,9/28/23,Sam Houston,Jacksonville St.,ESPNU,later,74.0,141.24873497414404,bignoon
853,2023,9/29/23,North Carolina St.,Louisville,ESPN,later,1890.0,1503.146031031325,bignoon
854,2023,9/29/23,Oregon St.,Utah,FS1,later,1280.0,1172.7567911091087,bignoon
855,2023,9/29/23,BYU,Cincinnati,ESPN,later,1230.0,1429.2023519543798,bignoon
856,2023,9/30/23,Kentucky,Florida,ESPN,later,2320.0,2955.7657465132406,bignoon
857,2023,9/30/23,James Madison,South Alabama,ESPNU,later,30.0,137.98105794767483,bignoon
858,2023,9/30/23,Tulane,UAB,ESPN2,later,181.0,372.6133599725121,bignoon
859,2023,9/30/23,Syracuse,Clemson,ABC,later,1980.0,2651.9545186790288,bignoon
860,2023,9/30/23,Colorado,USC,FOX,later,7240.0,3338.8513778295396,bignoon
861,2023,9/30/23,Boston College,Virginia,CW,later,367.0,748.0632075103616,bignoon
862,2023,9/30/23,UCF,Baylor,FS1,later,340.0,460.6950651510572,bignoon
863,2023,9/30/23,Texas Tech,Houston,FS2,later,188.0,214.04129015815138,bignoon
864,2023,9/30/23,Auburn,Georgia,CBS,later,6400.0,4154.678934533391,bignoon
865,2023,9/30/23,Texas,Kansas,ABC,later,3320.0,3962.094214585411,bignoon
866,2023,9/30/23,Nebraska,Michigan,FOX,later,4480.0,5432.6723507314355,bignoon
867,2023,9/30/23,Toledo,Northern Illinois,ESPNU,later,37.0,118.22438746938943,bignoon
868,2023,9/30/23,Memphis,Boise St.,ESPN2,later,319.0,361.8568854031769,bignoon
869,2023,9/30/23,Mississippi,LSU,ESPN,later,3720.0,3221.229487789635,bignoon
870,2023,9/30/23,Oklahoma,Iowa St.,FS1,later,808.0,1075.4970871414912,bignoon
871,2023,9/30/23,SMU,Charlotte,ESPNU,later,18.0,133.44474829225922,bignoon
872,2023,9/30/23,Iowa,Michigan St.,NBC,later,2170.0,2863.9644406706993,bignoon
873,2023,9/30/23,Duke,Notre Dame,ABC,later,5320.0,3652.1999744134905,bignoon
874,2023,9/30/23,TCU,West Virginia,ESPN2,later,739.0,818.8346464717383,bignoon
875,2023,9/30/23,Mississippi St.,Alabama,ESPN,later,3350.0,2830.1519161604783,bignoon
876,2023,9/30/23,Fresno St.,Nevada,FS1,later,369.0,272.5665684839408,bignoon
877,2023,10/4/23,Middle Tennessee St.,Jacksonville St.,ESPNU,later,145.0,129.7365002196073,bignoon
878,2023,10/5/23,Louisiana Tech,Western Kentucky,ESPN,later,567.0,443.767573729015,bignoon
879,2023,10/6/23,Oklahoma St.,Kansas St.,ESPN,later,2270.0,1866.9184244350827,bignoon
880,2023,10/6/23,Illinois,Nebraska,FS1,later,1360.0,937.1506589673157,bignoon
881,2023,10/7/23,Massachusetts,Toledo,ESPNU,later,16.0,91.3099674976257,bignoon
882,2023,10/7/23,Ohio St.,Maryland,FOX,later,4510.0,4184.148694748192,bignoon
883,2023,10/7/23,Missouri,LSU,ESPN,later,2340.0,2499.6539392289765,bignoon
884,2023,10/7/23,Texas,Oklahoma,ABC,later,7870.0,7577.845820019001,bignoon
885,2023,10/7/23,North Carolina St.,Marshall,CW,later,386.0,1165.63337105745,bignoon
886,2023,10/7/23,Louisiana,Texas St.,ESPNU,later,43.0,114.05391772011706,bignoon
887,2023,10/7/23,Texas A&M,Alabama,CBS,later,7230.0,5107.007696763503,bignoon
888,2023,10/7/23,North Carolina,Syracuse,ESPN,later,987.0,1303.0539489674816,bignoon
889,2023,10/7/23,Florida St.,Virginia Tech,ABC,later,3020.0,3000.570348264304,bignoon
890,2023,10/7/23,UAB,South Florida,ESPN2,later,143.0,302.49779704697977,bignoon
891,2023,10/7/23,Kansas,UCF,FOX,later,1450.0,1584.9747735937622,bignoon
892,2023,10/7/23,Georgia,Kentucky,ESPN,later,3190.0,4371.164164149593,bignoon
893,2023,10/7/23,Minnesota,Michigan,NBC,later,3060.0,3503.9006952261143,bignoon
894,2023,10/7/23,Louisville,Notre Dame,ABC,later,5120.0,4603.990972956164,bignoon
895,2023,10/7/23,Iowa St.,TCU,FS1,later,480.0,487.06160439539565,bignoon
896,2023,10/7/23,Wyoming,Fresno St.,FOX,later,737.0,999.3246175373747,bignoon
897,2023,10/7/23,Baylor,Texas Tech,ESPN2,later,481.0,502.90461875687254,bignoon
898,2023,10/7/23,USC,Arizona,ESPN,later,2550.0,2240.4314740288664,bignoon
899,2023,10/10/23,Jacksonville St.,Liberty,ESPNU,later,117.0,170.59522513064684,bignoon
900,2023,10/10/23,Appalachian St.,Coastal Carolina,ESPN2,later,499.0,388.46254206108614,bignoon
901,2023,10/11/23,FIU,UTEP,ESPN2,later,332.0,260.7733063808909,bignoon
902,2023,10/12/23,Houston,West Virginia,FS1,later,729.0,506.81263707130813,bignoon
903,2023,10/12/23,East Carolina,SMU,ESPN,later,467.0,544.578846367949,bignoon
904,2023,10/13/23,Memphis,Tulane,ESPN,later,1720.0,858.9140956192415,bignoon
905,2023,10/13/23,Colorado,Stanford,ESPN,later,3290.0,1217.36046325078,bignoon
906,2023,10/14/23,Florida St.,Syracuse,ABC,later,2090.0,2623.970609047007,bignoon
907,2023,10/14/23,Michigan,Indiana,FOX,later,3550.0,2857.256189927082,bignoon
908,2023,10/14/23,Alabama,Arkansas,ESPN,later,3430.0,2602.0763459946174,bignoon
909,2023,10/14/23,Cincinnati,Iowa St.,FS1,later,534.0,446.0500497344161,bignoon
910,2023,10/14/23,James Madison,Georgia Southern,ESPN2,later,169.0,234.78827066104813,bignoon
911,2023,10/14/23,Rutgers,Michigan St.,BTN,later,503.0,500.85665169541505,bignoon
912,2023,10/14/23,North Texas,Temple,ESPNU,later,37.0,83.04663934411184,bignoon
913,2023,10/14/23,Vanderbilt,Georgia,CBS,later,2460.0,1876.1681634140264,bignoon
914,2023,10/14/23,Maryland,Illinois,NBC,later,1140.0,949.9573810955368,bignoon
915,2023,10/14/23,TCU,BYU,ESPN,later,1020.0,910.7405103819185,bignoon
916,2023,10/14/23,South Florida,FAU,ESPN2,later,84.0,204.82226479042907,bignoon
917,2023,10/14/23,Oklahoma St.,Kansas,FS1,later,796.0,588.0660401041214,bignoon
918,2023,10/14/23,Tennessee,Texas A&M,CBS,later,4380.0,3902.9742556463857,bignoon
919,2023,10/14/23,Washington,Oregon,ABC,later,7040.0,4770.668570781734,bignoon
920,2023,10/14/23,Penn St.,Massachusetts,BTN,later,693.0,540.0008384216558,bignoon
921,2023,10/14/23,Wisconsin,Iowa,FOX,later,2340.0,2925.429498811537,bignoon
922,2023,10/14/23,Northern Illinois,Ohio,ESPNU,later,46.0,135.01112465376113,bignoon
923,2023,10/14/23,Pittsburgh,Louisville,CW,later,569.0,887.2447761620089,bignoon
924,2023,10/14/23,Georgia St.,Marshall,ESPN2,later,129.0,442.52113058288325,bignoon
925,2023,10/14/23,LSU,Auburn,ESPN,later,2160.0,2615.9539425526937,bignoon
926,2023,10/14/23,Texas Tech,Kansas St.,FS1,later,770.0,501.2052471736487,bignoon
927,2023,10/14/23,Notre Dame,USC,NBC,later,6430.0,5683.580905723801,bignoon
928,2023,10/14/23,North Carolina,Miami,ABC,later,3080.0,3149.1951137601905,bignoon
929,2023,10/14/23,Oregon St.,UCLA,FOX,later,1430.0,2036.9775406073672,bignoon
930,2023,10/14/23,UTSA,UAB,ESPNU,later,49.0,118.30979470508517,bignoon
931,2023,10/14/23,Colorado St.,Boise St.,FS1,later,471.0,287.83401875748655,bignoon
932,2023,10/17/23,Jacksonville St.,Western Kentucky,ESPNU,later,110.0,142.07539555639852,bignoon
933,2023,10/17/23,South Alabama,Southern Miss,ESPN2,later,256.0,249.65215624257712,bignoon
934,2023,10/18/23,UTEP,New Mexico St.,ESPN2,later,293.0,216.99894093121475,bignoon
935,2023,10/19/23,Tulsa,Rice,ESPN2,later,179.0,345.3395502067764,bignoon
936,2023,10/19/23,Marshall,James Madison,ESPN,later,603.0,864.9109054968899,bignoon
937,2023,10/20/23,Temple,SMU,ESPN,later,548.0,646.5289040587988,bignoon
938,2023,10/21/23,Arkansas,Mississippi St.,ESPN,later,1220.0,1040.5029890570581,bignoon
939,2023,10/21/23,Ohio St.,Penn St.,FOX,later,9960.0,9821.297736028011,bignoon
940,2023,10/21/23,Oklahoma,UCF,ABC,later,2170.0,2448.973252839459,bignoon
941,2023,10/21/23,UAB,Memphis,ESPN2,later,97.0,264.337752797819,bignoon
942,2023,10/21/23,Indiana,Rutgers,BTN,later,232.0,276.51082911808544,bignoon
943,2023,10/21/23,Navy,Air Force,CBS,later,1210.0,1179.5648854231204,bignoon
944,2023,10/21/23,Illinois,Wisconsin,FS1,later,684.0,581.6095163088974,bignoon
945,2023,10/21/23,Oregon,Washington St.,ABC,later,2350.0,2505.866994072935,bignoon
946,2023,10/21/23,Tulane,North Texas,ESPN2,later,112.0,233.0089655179338,bignoon
947,2023,10/21/23,Iowa,Minnesota,NBC,later,1680.0,1632.6309254041853,bignoon
948,2023,10/21/23,Alabama,Tennessee,CBS,later,8010.0,6305.541735486674,bignoon
949,2023,10/21/23,Nebraska,Northwestern,BTN,later,560.0,511.5699398258045,bignoon
950,2023,10/21/23,West Virginia,Oklahoma St.,ESPN,later,1010.0,1228.5038216934222,bignoon
951,2023,10/21/23,Houston,Texas,FOX,later,3080.0,2168.7469694553524,bignoon
952,2023,10/21/23,Miami Ohio,Toledo,ESPNU,later,46.0,100.48875240423732,bignoon
953,2023,10/21/23,North Carolina,Virginia,CW,later,788.0,1104.9458848492927,bignoon
954,2023,10/21/23,Auburn,Mississippi,ESPN,later,1800.0,1734.748817105929,bignoon
955,2023,10/21/23,BYU,Texas Tech,FS1,later,545.0,464.8015894496997,bignoon
956,2023,10/21/23,Old Dominion,Appalachian St.,NFLN,later,60.0,106.43711971068291,bignoon
957,2023,10/21/23,Kansas St.,TCU,ESPN2,later,432.0,545.1854705017838,bignoon
958,2023,10/21/23,Florida St.,Duke,ABC,later,4080.0,2951.9792047391115,bignoon
959,2023,10/21/23,Michigan St.,Michigan,NBC,later,3730.0,4397.07705381151,bignoon
960,2023,10/21/23,USC,Utah,FOX,later,3230.0,2613.411610288765,bignoon
961,2023,10/21/23,Louisiana,Georgia St.,ESPNU,later,25.0,117.00530999459161,bignoon
962,2023,10/21/23,San Diego St.,Nevada,FS2,later,47.0,69.54410857533806,bignoon
963,2023,10/21/23,Stanford,UCLA,ESPN,later,852.0,1275.9617684215427,bignoon
964,2023,10/21/23,Washington,Arizona St.,FS1,later,1080.0,702.3628627364565,bignoon
965,2023,10/24/23,Western Kentucky,Liberty,ESPNU,later,136.0,152.75549774821997,bignoon
966,2023,10/25/23,Sam Houston,UTEP,ESPN2,later,332.0,255.6602075519533,bignoon
967,2023,10/26/23,Georgia Southern,Georgia St.,ESPN2,later,242.0,356.1316763280287,bignoon
968,2023,10/26/23,Virginia Tech,Syracuse,ESPN,later,782.0,1136.5924460884041,bignoon
969,2023,10/27/23,Charlotte,FAU,ESPN2,later,329.0,434.7653515531676,bignoon
970,2023,10/28/23,Wake Forest,Florida St.,ABC,later,2090.0,1873.4671848797893,bignoon
971,2023,10/28/23,Kansas,Oklahoma,FOX,later,3600.0,3130.7375650677454,bignoon
972,2023,10/28/23,Kansas St.,Houston,ESPN2,later,371.0,438.3587244612671,bignoon
973,2023,10/28/23,UCF,West Virginia,FS1,later,409.0,516.4647497874108,bignoon
974,2023,10/28/23,Penn St.,Indiana,CBS,later,3400.0,2588.5383618263168,bignoon
975,2023,10/28/23,Northwestern,Maryland,BTN,later,270.0,269.58202539934155,bignoon
976,2023,10/28/23,Texas A&M,South Carolina,ESPN,later,1900.0,1408.6743533984823,bignoon
977,2023,10/28/23,SMU,Tulsa,ESPNU,later,33.0,153.6751652227022,bignoon
978,2023,10/28/23,North Carolina St.,Clemson,CW,later,642.0,1316.3902375900743,bignoon
979,2023,10/28/23,Utah,Oregon,FOX,later,2810.0,3104.7177189724366,bignoon
980,2023,10/28/23,Nebraska,Purdue,FS1,later,1020.0,735.7903766444558,bignoon
981,2023,10/28/23,Notre Dame,Pittsburgh,NBC,later,1890.0,1762.4526341853511,bignoon
982,2023,10/28/23,Louisville,Duke,ESPN,later,928.0,1326.2893725133772,bignoon
983,2023,10/28/23,Texas,BYU,ABC,later,2380.0,3008.762924997761,bignoon
984,2023,10/28/23,Florida,Georgia,CBS,later,5950.0,5442.810400787945,bignoon
985,2023,10/28/23,Minnesota,Michigan St.,BTN,later,783.0,646.2901931666293,bignoon
986,2023,10/28/23,Rice,Tulane,ESPN2,later,215.0,235.4307185937011,bignoon
987,2023,10/28/23,Boise St.,Wyoming,FS2,later,169.0,286.3848632955691,bignoon
988,2023,10/28/23,Coastal Carolina,Marshall,NFLN,later,60.0,99.6032294874823,bignoon
989,2023,10/28/23,Stanford,Washington,FS1,later,700.0,720.8404431664565,bignoon
990,2023,10/28/23,Kentucky,Tennessee,ESPN,later,2510.0,2583.2705360974483,bignoon
991,2023,10/28/23,Wisconsin,Ohio St.,NBC,later,4870.0,5492.084208480157,bignoon
992,2023,10/28/23,UCLA,Colorado,ABC,later,4660.0,1901.8738223980913,bignoon
993,2023,10/28/23,James Madison,Old Dominion,ESPNU,later,59.0,145.67514868378777,bignoon
994,2023,10/28/23,Oklahoma St.,Cincinnati,ESPN2,later,412.0,645.352854161024,bignoon
995,2023,10/28/23,Arizona,Oregon St.,ESPN,later,1400.0,1169.592916571596,bignoon
996,2023,10/28/23,Fresno St.,UNLV,FS1,later,260.0,250.2490165732762,bignoon
997,2023,10/31/23,Central Michigan,Northern Illinois,ESPNU,later,124.0,169.45435982372692,bignoon
998,2023,10/31/23,Toledo,Buffalo,ESPN2,later,324.0,305.8996564434656,bignoon
999,2023,11/1/23,Bowling Green,Ball St.,ESPN2,later,341.0,274.3205929566575,bignoon
1000,2023,11/1/23,Akron,Kent St.,ESPNU,later,61.0,107.16164995962549,bignoon
1001,2023,11/2/23,Texas Tech,TCU,FS1,later,616.0,472.56010434270473,bignoon
1002,2023,11/2/23,Duke,Wake Forest,ESPN,later,814.0,647.7053430670492,bignoon
1003,2023,11/2/23,Troy,South Alabama,ESPN2,later,223.0,282.55539667432134,bignoon
1004,2023,11/3/23,Syracuse,Boston College,ESPN2,later,1100.0,839.5748201115522,bignoon
1005,2023,11/4/23,Texas,Kansas St.,FOX,later,2950.0,5713.395189993643,bignoon
1006,2023,11/4/23,South Carolina,Jacksonville St.,ESPNU,later,79.0,167.95223890485767,bignoon
1007,2023,11/4/23,Indiana,Wisconsin,BTN,later,491.0,364.77415143322935,bignoon
1008,2023,11/4/23,Clemson,Notre Dame,ABC,later,3240.0,3160.943873412043,bignoon
1009,2023,11/4/23,Michigan St.,Nebraska,FS1,later,900.0,789.520107090009,bignoon
1010,2023,11/4/23,Rutgers,Ohio St.,CBS,later,3960.0,2706.4228490608275,bignoon
1011,2023,11/4/23,Florida,Arkansas,ESPN2,later,1140.0,888.12878686825,bignoon
1012,2023,11/4/23,Mississippi,Texas A&M,ESPN,later,1830.0,1717.8660368196838,bignoon
1013,2023,11/4/23,Virginia,Georgia Tech,CW,later,262.0,498.7906773475619,bignoon
1014,2023,11/4/23,Georgia St.,James Madison,ESPN2,later,276.0,340.94499235900435,bignoon
1015,2023,11/4/23,Oklahoma St.,Oklahoma,ABC,later,3760.0,4126.062014676751,bignoon
1016,2023,11/4/23,Maryland,Penn St.,FOX,later,2390.0,2955.5296924966506,bignoon
1017,2023,11/4/23,Pittsburgh,Florida St.,ESPN,later,1760.0,1442.51951911501,bignoon
1018,2023,11/4/23,Cincinnati,UCF,FS1,later,264.0,413.6665305568215,bignoon
1019,2023,11/4/23,Minnesota,Illinois,BTN,later,499.0,424.02972314023964,bignoon
1020,2023,11/4/23,East Carolina,Tulane,ESPNU,later,76.0,128.51640266825328,bignoon
1021,2023,11/4/23,Georgia,Missouri,CBS,later,7000.0,5056.343856456999,bignoon
1022,2023,11/4/23,Appalachian St.,Marshall,NFLN,later,78.0,132.24977086548827,bignoon
1023,2023,11/4/23,San Diego St.,Utah St.,FS1,later,95.0,155.89131677925295,bignoon
1024,2023,11/4/23,West Virginia,BYU,FOX,later,1260.0,1381.465814446729,bignoon
1025,2023,11/4/23,Iowa St.,Kansas,ESPN,later,1270.0,994.5666643088058,bignoon
1026,2023,11/4/23,USC,Washington,ABC,later,4450.0,3789.82754280201,bignoon
1027,2023,11/4/23,Rice,SMU,ESPNU,later,29.0,88.50968082968646,bignoon
1028,2023,11/4/23,Michigan,Purdue,NBC,later,2600.0,2762.9274397369836,bignoon
1029,2023,11/4/23,Alabama,LSU,CBS,later,8820.0,9560.41128462804,bignoon
1030,2023,11/4/23,Colorado,Oregon St.,ESPN,later,2770.0,1237.4992837429,bignoon
1031,2023,11/4/23,Arizona,UCLA,FS1,later,522.0,600.813582184206,bignoon
1032,2023,11/7/23,Western Michigan,Central Michigan,ESPNU,later,139.0,155.80461332956082,bignoon
1033,2023,11/7/23,Buffalo,Ohio,ESPN2,later,368.0,338.75618063420137,bignoon
1034,2023,11/8/23,Miami Ohio,Akron,ESPNU,later,82.0,120.060659126828,bignoon
1035,2023,11/8/23,Toledo,Eastern Michigan,ESPN2,later,238.0,308.53835131956373,bignoon
1036,2023,11/9/23,Louisville,Virginia,ESPN,later,1290.0,1076.342323895905,bignoon
1037,2023,11/9/23,Louisiana,Southern Miss,ESPNU,later,83.0,108.38618320097693,bignoon
1038,2023,11/10/23,SMU,North Texas,ESPN2,later,618.0,411.5306531256192,bignoon
1039,2023,11/10/23,UNLV,Wyoming,FS1,later,214.0,368.30868525230665,bignoon
1040,2023,11/11/23,Kansas,Texas Tech,FS1,later,780.0,420.56307510243516,bignoon
1041,2023,11/11/23,Clemson,Georgia Tech,ABC,later,1620.0,1311.5773889336447,bignoon
1042,2023,11/11/23,Illinois,Indiana,BTN,later,368.0,261.7047619235446,bignoon
1043,2023,11/11/23,Penn St.,Michigan,FOX,later,9160.0,10689.650047210294,bignoon
1044,2023,11/11/23,Tulane,Tulsa,ESPN2,later,169.0,248.6632361606979,bignoon
1045,2023,11/11/23,Kentucky,Alabama,ESPN,later,2760.0,3656.0103104141917,bignoon
1046,2023,11/11/23,Wake Forest,North Carolina St.,CW,later,289.0,663.1609530108176,bignoon
1047,2023,11/11/23,Missouri,Tennessee,CBS,later,3620.0,4055.9217420069713,bignoon
1048,2023,11/11/23,Washington,Utah,FOX,later,5170.0,3403.2189046307353,bignoon
1049,2023,11/11/23,UCF,Oklahoma St.,ESPN,later,1210.0,1144.9546919054192,bignoon
1050,2023,11/11/23,Iowa,Rutgers,BTN,later,714.0,613.4519986432645,bignoon
1051,2023,11/11/23,Florida St.,Miami,ABC,later,4140.0,3266.1114092409844,bignoon
1052,2023,11/11/23,Wisconsin,Northwestern,FS1,later,612.0,529.0475620905611,bignoon
1053,2023,11/11/23,Purdue,Minnesota,NBC,later,1170.0,1060.2515913448462,bignoon
1054,2023,11/11/23,California,Washington St.,ESPN2,later,263.0,437.2923595823578,bignoon
1055,2023,11/11/23,Oklahoma,West Virginia,FOX,later,2390.0,2798.437757458528,bignoon
1056,2023,11/11/23,Georgia,Mississippi,ESPN,later,4830.0,4827.976840957819,bignoon
1057,2023,11/11/23,Marshall,Georgia Southern,NFLN,later,84.0,103.69777636722532,bignoon
1058,2023,11/11/23,Houston,Cincinnati,FS1,later,176.0,273.65837411005066,bignoon
1059,2023,11/11/23,TCU,Texas,ABC,later,2820.0,2890.4792827528217,bignoon
1060,2023,11/11/23,Ohio St.,Michigan St.,NBC,later,3570.0,4280.142556238078,bignoon
1061,2023,11/11/23,UTSA,Rice,ESPNU,later,22.0,81.90391210946461,bignoon
1062,2023,11/11/23,Texas A&M,Mississippi St.,ESPN2,later,409.0,718.7932449379338,bignoon
1063,2023,11/11/23,Boise St.,New Mexico,FS1,later,164.0,155.53900862277564,bignoon
1064,2023,11/11/23,BYU,Iowa St.,ESPN,later,943.0,1144.0867329914886,bignoon
1065,2023,11/11/23,Oregon,USC,FOX,later,3010.0,3434.6584295213615,bignoon
1066,2023,11/14/23,Bowling Green,Toledo,ESPN2,later,403.0,311.8525917659071,bignoon
1067,2023,11/14/23,Northern Illinois,Western Michigan,ESPNU,later,47.0,177.02143356508367,bignoon
1068,2023,11/15/23,Miami Ohio,Buffalo,ESPN2,later,385.0,327.55073997968185,bignoon
1069,2023,11/15/23,Ohio,Central Michigan,ESPNU,later,90.0,161.25228791311275,bignoon
1070,2023,11/16/23,Pittsburgh,Boston College,ESPN,later,1030.0,804.6755584538533,bignoon
1071,2023,11/17/23,UTSA,South Florida,ESPN2,later,429.0,393.12527524202255,bignoon
1072,2023,11/17/23,Washington St.,Colorado,FS1,later,727.0,646.8317177361923,bignoon
1073,2023,11/18/23,Maryland,Michigan,FOX,later,5430.0,5372.321194562468,bignoon
1074,2023,11/18/23,BYU,Oklahoma,ESPN,later,2170.0,1816.3426441212164,bignoon
1075,2023,11/18/23,Miami,Louisville,ABC,later,2890.0,2645.9560915521356,bignoon
1076,2023,11/18/23,Penn St.,Rutgers,FS1,later,765.0,864.1678843494747,bignoon
1077,2023,11/18/23,Memphis,SMU,ESPN2,later,276.0,318.1473845390943,bignoon
1078,2023,11/18/23,Virginia,Duke,CW,later,307.0,517.2206459218182,bignoon
1079,2023,11/18/23,Troy,Louisiana,NFLN,later,33.0,47.51060006342908,bignoon
1080,2023,11/18/23,USC,UCLA,ABC,later,2650.0,1813.8935102883738,bignoon
1081,2023,11/18/23,Tennessee,Georgia,CBS,later,5730.0,7480.44422618358,bignoon
1082,2023,11/18/23,Notre Dame,Wake Forest,NBC,later,1480.0,1194.385681473252,bignoon
1083,2023,11/18/23,Iowa,Illinois,FS1,later,847.0,608.8333786399405,bignoon
1084,2023,11/18/23,Clemson,North Carolina,ESPN,later,1760.0,1347.3693306504604,bignoon
1085,2023,11/18/23,Ohio St.,Minnesota,BTN,later,2020.0,1556.5683268967562,bignoon
1086,2023,11/18/23,Arizona St.,Oregon,FOX,later,1900.0,2231.4059024558555,bignoon
1087,2023,11/18/23,Houston,Oklahoma St.,ESPN2,later,704.0,439.18370854047464,bignoon
1088,2023,11/18/23,Texas Tech,UCF,FS2,later,270.0,236.3218331361565,bignoon
1089,2023,11/18/23,Florida St.,North Alabama,CW,later,1330.0,862.6790424411423,bignoon
1090,2023,11/18/23,Kansas,Kansas St.,FS1,later,869.0,518.0028023145046,bignoon
1091,2023,11/18/23,Arkansas,FIU,ESPNU,later,173.0,165.54471402716194,bignoon
1092,2023,11/18/23,Oregon St.,Washington,ABC,later,4730.0,3741.1757732831525,bignoon
1093,2023,11/18/23,Missouri,Florida,ESPN,later,2270.0,2013.0539768567605,bignoon
1094,2023,11/18/23,Wisconsin,Nebraska,NBC,later,2450.0,2070.2136072414987,bignoon
1095,2023,11/18/23,Iowa St.,Texas,FOX,later,2470.0,3836.30840440634,bignoon
1096,2023,11/18/23,LSU,Georgia St.,ESPN2,later,741.0,780.3694987602416,bignoon
1097,2023,11/18/23,Fresno St.,New Mexico,FS1,later,255.0,144.4006697763397,bignoon
1098,2023,11/21/23,Western Michigan,Bowling Green,ESPNU,later,116.0,146.54627462642566,bignoon
1099,2023,11/21/23,Buffalo,Eastern Michigan,ESPN2,later,384.0,295.0212389686819,bignoon
1100,2023,11/23/23,Mississippi St.,Mississippi,ESPN,later,2290.0,1855.1737381684507,bignoon
1101,2023,11/24/23,Oklahoma,TCU,FOX,later,2220.0,3083.4229225808763,bignoon
1102,2023,11/24/23,Nebraska,Iowa,CBS,later,4390.0,5283.100505766622,bignoon
1103,2023,11/24/23,Boston College,Miami,ABC,later,1430.0,1749.5816989263453,bignoon
1104,2023,11/24/23,Central Michigan,Toledo,ESPNU,later,74.0,174.25315866427985,bignoon
1105,2023,11/24/23,Temple,Memphis,ESPN,later,394.0,422.9498658941271,bignoon
1106,2023,11/24/23,Tulane,UTSA,ABC,later,1720.0,1624.7780157837608,bignoon
1107,2023,11/24/23,Arkansas,Missouri,CBS,later,4090.0,4108.357993798222,bignoon
1108,2023,11/24/23,Boise St.,Air Force,FS1,later,409.0,458.70134230243616,bignoon
1109,2023,11/24/23,Michigan St.,Penn St.,NBC,later,3380.0,4298.387664153497,bignoon
1110,2023,11/24/23,Texas,Texas Tech,ABC,later,3770.0,4704.185041937251,bignoon
1111,2023,11/24/23,Oregon,Oregon St.,FOX,later,4120.0,5379.990099088892,bignoon
1112,2023,11/25/23,Purdue,Indiana,BTN,later,246.0,233.48877155467113,bignoon
1113,2023,11/25/23,Louisville,Kentucky,ABC,later,1570.0,2084.2816016263114,bignoon
1114,2023,11/25/23,LSU,Texas A&M,ESPN,later,2000.0,2283.475341274381,bignoon
1115,2023,11/25/23,Southern Miss,Troy,ESPNU,later,31.0,75.46961126198806,bignoon
1116,2023,11/25/23,UCF,Houston,FS1,later,185.0,207.08490013970618,bignoon
1117,2023,11/25/23,SMU,Navy,ESPN2,later,76.0,223.3798825437607,bignoon
1118,2023,11/25/23,Syracuse,Wake Forest,CW,later,248.0,659.8712217630529,bignoon
1119,2023,11/25/23,Arizona St.,Arizona,ESPN,later,740.0,1324.4665077940667,bignoon
1120,2023,11/25/23,Auburn,Alabama,CBS,later,9090.0,8473.466302464949,bignoon
1121,2023,11/25/23,Minnesota,Wisconsin,FS1,later,1230.0,975.9539126089206,bignoon
1122,2023,11/25/23,Appalachian St.,Georgia Southern,ESPNU,later,53.0,132.37116404238168,bignoon
1123,2023,11/25/23,Coastal Carolina,James Madison,ESPN2,later,139.0,263.59156090581973,bignoon
1124,2023,11/25/23,Oklahoma St.,BYU,ABC,later,2390.0,1631.9798066871426,bignoon
1125,2023,11/25/23,Washington,Washington St.,FOX,later,5850.0,3488.2474862394583,bignoon
1126,2023,11/25/23,Florida,Florida St.,ESPN,later,5070.0,3534.0452224209394,bignoon
1127,2023,11/25/23,Baylor,West Virginia,FS1,later,691.0,602.6753858393001,bignoon
1128,2023,11/25/23,Texas St.,South Alabama,NFLN,later,79.0,84.69711148547883,bignoon
1129,2023,11/25/23,Georgia Tech,Georgia,ABC,later,5330.0,4104.437662766779,bignoon
1130,2023,11/25/23,Cincinnati,Kansas,ESPN2,later,374.0,553.805113470045,bignoon
1131,2023,11/26/23,South Florida,Charlotte,ESPNU,later,17.0,177.34705445625087,bignoon
1132,2023,11/25/23,Kansas St.,Iowa St.,FOX,later,3290.0,2039.241420413443,bignoon
1133,2023,11/25/23,UCLA,California,ESPN,later,1660.0,1253.0158367371532,bignoon
1134,2023,11/25/23,San Diego St.,Fresno St.,FS1,later,198.0,223.77462745320122,bignoon
1135,2023,12/1/23,Washington,Oregon,ABC,later,9250.0,9610.001677967399,bignoon
1136,2023,12/2/23,Texas,Oklahoma St.,ABC,later,7890.0,8627.907338715511,bignoon
1137,2023,12/2/23,Toledo,Miami Ohio,ESPN,later,1290.0,522.7420282538221,bignoon
1138,2023,12/2/23,UNLV,Boise St.,FOX,later,1260.0,796.5029451808036,bignoon
1139,2023,12/2/23,Alabama,Georgia,CBS,later,17520.0,15978.59358857136,bignoon
1140,2023,12/2/23,Troy,Appalachian St.,ESPN,later,372.0,490.16689676403064,bignoon
1141,2023,12/2/23,Tulane,SMU,ABC,later,1880.0,1736.074324995081,bignoon
1142,2023,12/2/23,Iowa,Michigan,FOX,later,10020.0,10580.80302591171,bignoon
1143,2023,12/2/23,Florida St.,Louisville,ABC,later,7030.0,4623.005433907579,bignoon
1144,2023,12/9/23,Army,Navy,CBS,later,7180.0,6187.606667963241,bignoon
0,2023,8/26/23,Navy,Notre Dame,NBC,Week0,3560.0,2287.533294272897,both
1,2023,9/2/23,Colorado,TCU,FOX,Week1,7260.0,2618.2197639874144,both
2,2023,9/4/23,Clemson,Duke,ESPN,Week1,4390.0,3956.8816855620676,both
3,2023,8/31/23,Nebraska,Minnesota,FOX,Week1,3490.0,4103.562102134484,both
4,2023,9/2/23,North Carolina,South Carolina,ABC,Week1,3400.0,4250.716409520072,both
5,2023,8/31/23,Florida,Utah,ESPN,Week1,3190.0,3090.6153816180854,both
6,2023,9/3/23,Northwestern,Rutgers,CBS,Week1,2680.0,2094.1216300031065,both
7,2023,9/2/23,Virginia,Tennessee,ABC,Week1,2460.0,3974.6929401508996,both
8,2023,9/1/23,Louisville,Georgia Tech,ESPN,Week1,1650.0,1360.7704624067678,both
9,2023,9/2/23,Texas Tech,Wyoming,CBS,Week1,1430.0,1608.4452436241857,both
10,2023,9/2/23,Massachusetts,Auburn,ESPN,Week1,1030.0,1602.0120517642526,both
11,2023,9/2/23,Buffalo,Wisconsin,FS1,Week1,784.0,769.3896354746507,both
12,2023,9/2/23,Toledo,Illinois,BTN,Week1,294.0,328.33006352632447,both
13,2023,9/2/23,California,North Texas,ESPNU,Week1,88.0,224.79157893634914,both
766,2023,9/8/23,Indiana,Indiana State,BTN,later,243.0,478.27449034491747,both
767,2023,9/8/23,Kansas,Illinois,ESPN2,later,1360.0,994.6484108683214,both
768,2023,9/9/23,Baylor,Utah,ESPN,later,1310.0,1401.6308775321113,both
769,2023,9/9/23,North Carolina St.,Notre Dame,ABC,later,2930.0,3462.243832919858,both
770,2023,9/9/23,Virginia,James Madison,ESPNU,later,119.0,215.01730166718792,both
771,2023,9/9/23,Colorado,Nebraska,FOX,later,8730.0,3676.5611677103416,both
772,2023,9/9/23,Ohio St.,Youngstown State,BTN,later,1220.0,983.6263132013128,both
773,2023,9/9/23,Virginia Tech,Purdue,ESPN2,later,294.0,850.6981969181703,both
774,2023,9/9/23,Kansas St.,Troy,FS1,later,282.0,333.7822835522737,both
775,2023,9/9/23,Tulane,Mississippi,ESPN2,later,1440.0,1025.4400954434761,both
776,2023,9/9/23,Iowa St.,Iowa,FOX,later,3380.0,2633.2130763357545,both
777,2023,9/9/23,Miami,Texas A&M,ABC,later,4020.0,2762.2861680696064,both
778,2023,9/9/23,Michigan,UNLV,CBS,later,2970.0,2752.5214527606267,both
779,2023,9/9/23,East Carolina,Marshall,ESPNU,later,90.0,277.3779033200541,both
780,2023,9/9/23,Pittsburgh,Cincinnati,CW,later,617.0,822.4699751956416,both
781,2023,9/9/23,Boise St.,UCF,FS1,later,306.0,471.9261991455842,both
782,2023,9/9/23,Rice,Houston,NFLN,later,83.0,103.89508913762035,both
783,2023,9/9/23,Texas Tech,Oregon,FOX,later,2550.0,1977.8376478694454,both
784,2023,9/9/23,Alabama,Texas,ESPN,later,8760.0,6373.249378955511,both
785,2023,9/9/23,San Diego St.,UCLA,CBS,later,1080.0,1018.0965956120373,both
786,2023,9/9/23,Washington St.,Wisconsin,ABC,later,2280.0,2300.800738303721,both
787,2023,9/9/23,Florida,McNeese,ESPNU,later,150.0,323.9632695986496,both
788,2023,9/9/23,Maryland,Charlotte,NBC,later,665.0,640.8811661295908,both
789,2023,9/9/23,California,Auburn,ESPN,later,2230.0,1601.1718755542147,both
790,2023,9/9/23,Arizona St.,Oklahoma St.,FS1,later,91.0,545.1512807464633,both
791,2023,9/9/23,USC,Stanford,FOX,later,1750.0,2197.1353403574462,both
792,2023,9/14/23,Memphis,Navy,ESPN,later,1050.0,705.1997089558131,both
793,2023,9/15/23,UTSA,Army,ESPN,later,916.0,1376.8457137649793,both
794,2023,9/15/23,Maryland,Virginia,FS1,later,776.0,687.9974902788563,both
795,2023,9/16/23,Old Dominion,Wake Forest,ESPN2,later,324.0,310.2224350629643,both
796,2023,9/16/23,Boise St.,North Dakota,FS1,later,247.0,293.8067862080253,both
797,2023,9/16/23,Boston College,Florida St.,ABC,later,3480.0,2420.213339559958,both
798,2023,9/16/23,Mississippi St.,LSU,ESPN,later,2800.0,2530.288566928247,both
799,2023,9/16/23,Ohio,Iowa St.,ESPNU,later,162.0,269.05362181462897,both
800,2023,9/16/23,Illinois,Penn St.,FOX,later,3220.0,3280.0454758074047,both
801,2023,9/16/23,North Carolina St.,VMI,CW,later,205.0,699.4308863873944,both
802,2023,9/16/23,Oregon St.,San Diego St.,FS1,later,418.0,370.6966928115538,both
803,2023,9/16/23,Tulsa,Oklahoma,ESPN2,later,641.0,816.6071864636456,both
804,2023,9/16/23,South Florida,Alabama,ABC,later,4840.0,2874.6857723995395,both
805,2023,9/16/23,Georgia,South Carolina,CBS,later,5420.0,3732.330624950348,both
806,2023,9/16/23,North Carolina,Minnesota,ESPN,later,1580.0,1404.0073742558402,both
807,2023,9/16/23,Ohio St.,Western Kentucky,FOX,later,2820.0,2752.861380192076,both
808,2023,9/16/23,Southern Miss,Tulane,ESPNU,later,53.0,131.7990959682055,both
809,2023,9/16/23,Florida,Tennessee,ESPN,later,5310.0,2979.8844842683566,both
810,2023,9/16/23,Troy,James Madison,NFLN,later,81.0,98.84100609043001,both
811,2023,9/16/23,Nebraska,Northern Illinois,FS1,later,907.0,814.8486044583681,both
812,2023,9/16/23,West Virginia,Pittsburgh,ABC,later,2410.0,3297.295806692189,both
813,2023,9/16/23,Arkansas,BYU,ESPN2,later,1080.0,806.1855001666559,both
814,2023,9/16/23,Kentucky,Akron,ESPNU,later,115.0,231.6732394306958,both
815,2023,9/16/23,Purdue,Syracuse,NBC,later,1250.0,1301.2779746059252,both
816,2023,9/16/23,Michigan,Bowling Green,BTN,later,1320.0,762.336480983941,both
817,2023,9/16/23,Houston,TCU,FOX,later,1200.0,1278.4055376239987,both
818,2023,9/16/23,Colorado,Colorado St.,ESPN,later,9300.0,1803.3617627031795,both
819,2023,9/16/23,Arizona St.,Fresno St.,FS1,later,195.0,368.4831983945118,both
820,2023,11/25/23,Ohio St.,Michigan,FOX,later,19070.0,18229.70432343911,both
821,2023,9/21/23,Coastal Carolina,Georgia St.,ESPN,later,671.0,512.7259204296097,both
822,2023,9/22/23,Purdue,Wisconsin,FS1,later,1190.0,1031.902002281191,both
823,2023,9/22/23,Virginia,North Carolina St.,ESPN,later,1590.0,1581.6297068383055,both
824,2023,9/22/23,San Jose St.,Air Force,FS1,later,512.0,297.7545724046889,both
825,2023,9/23/23,Troy,Western Kentucky,ESPNU,later,29.0,132.8936735583856,both
826,2023,9/23/23,TCU,SMU,FS1,later,269.0,309.05387366054777,both
827,2023,9/23/23,Michigan,Rutgers,BTN,later,1940.0,891.3408331652674,both
828,2023,9/23/23,Clemson,Florida St.,ABC,later,6710.0,3690.641457361301,both
829,2023,9/23/23,Marshall,Virginia Tech,ESPN2,later,319.0,753.6638712727802,both
830,2023,9/23/23,Texas A&M,Auburn,ESPN,later,2180.0,2333.055124153992,both
831,2023,9/23/23,Cincinnati,Oklahoma,FOX,later,2170.0,2989.787859908396,both
832,2023,9/23/23,Michigan St.,Maryland,NBC,later,1240.0,1744.688417619806,both
833,2023,9/23/23,Temple,Miami,ESPN2,later,353.0,397.28920219369894,both
834,2023,9/23/23,Kansas,BYU,ESPN,later,1030.0,976.6385117377856,both
835,2023,9/23/23,Oregon,Colorado,ABC,later,10030.0,3757.1826884558077,both
836,2023,9/23/23,Alabama,Mississippi,CBS,later,4610.0,4772.45149672741,both
837,2023,9/23/23,Utah,UCLA,FOX,later,1320.0,2292.2607876351335,both
838,2023,9/23/23,Iowa St.,Oklahoma St.,FS1,later,444.0,696.7100396764677,both
839,2023,9/23/23,South Florida,Rice,ESPNU,later,51.0,138.04615207424922,both
840,2023,9/23/23,Wake Forest,Georgia Tech,CW,later,332.0,386.0463299481602,both
841,2023,9/23/23,LSU,Arkansas,ESPN,later,2440.0,1859.474313839133,both
842,2023,9/23/23,Washington St.,Oregon St.,FOX,later,1480.0,1568.6868679409624,both
843,2023,9/23/23,Baylor,Texas,ABC,later,2630.0,2417.39050115448,both
844,2023,9/23/23,Notre Dame,Ohio St.,NBC,later,9980.0,6690.232027925376,both
845,2023,9/23/23,Penn St.,Iowa,CBS,later,2750.0,3738.7007167582747,both
846,2023,9/23/23,Georgia,UAB,ESPN2,later,1080.0,823.7071220566967,both
847,2023,9/23/23,Missouri,Memphis,ESPNU,later,181.0,140.1053663962743,both
848,2023,9/23/23,Kansas St.,UCF,FS1,later,531.0,430.543647268573,both
849,2023,9/23/23,Washington,California,ESPN,later,1160.0,1728.2929635942512,both
850,2023,9/23/23,Arizona St.,USC,FOX,later,2630.0,2205.029190738673,both
851,2023,9/28/23,Tulsa,Temple,ESPN,later,567.0,511.9462832009656,both
852,2023,9/28/23,Sam Houston,Jacksonville St.,ESPNU,later,74.0,140.765980631281,both
853,2023,9/29/23,North Carolina St.,Louisville,ESPN,later,1890.0,1500.9205017597792,both
854,2023,9/29/23,Oregon St.,Utah,FS1,later,1280.0,1195.865595433739,both
855,2023,9/29/23,BYU,Cincinnati,ESPN,later,1230.0,1441.6612660745898,both
856,2023,9/30/23,Kentucky,Florida,ESPN,later,2320.0,2907.8970893759656,both
857,2023,9/30/23,James Madison,South Alabama,ESPNU,later,30.0,137.87486480376953,both
858,2023,9/30/23,Tulane,UAB,ESPN2,later,181.0,375.6380880808136,both
859,2023,9/30/23,Syracuse,Clemson,ABC,later,1980.0,2621.7691738155763,both
860,2023,9/30/23,Colorado,USC,FOX,later,7240.0,3362.3498601368965,both
861,2023,9/30/23,Boston College,Virginia,CW,later,367.0,744.3691622202367,both
862,2023,9/30/23,UCF,Baylor,FS1,later,340.0,463.64910461987506,both
863,2023,9/30/23,Texas Tech,Houston,FS2,later,188.0,216.1243698220912,both
864,2023,9/30/23,Auburn,Georgia,CBS,later,6400.0,4168.760009351929,both
865,2023,9/30/23,Texas,Kansas,ABC,later,3320.0,3712.792849107643,both
866,2023,9/30/23,Nebraska,Michigan,FOX,later,4480.0,5440.123346174665,both
867,2023,9/30/23,Toledo,Northern Illinois,ESPNU,later,37.0,119.06705428854895,both
868,2023,9/30/23,Memphis,Boise St.,ESPN2,later,319.0,357.92881869806905,both
869,2023,9/30/23,Mississippi,LSU,ESPN,later,3720.0,3102.8227715267694,both
870,2023,9/30/23,Oklahoma,Iowa St.,FS1,later,808.0,1076.6189094539004,both
871,2023,9/30/23,SMU,Charlotte,ESPNU,later,18.0,132.24511347895935,both
872,2023,9/30/23,Iowa,Michigan St.,NBC,later,2170.0,2887.7289378509436,both
873,2023,9/30/23,Duke,Notre Dame,ABC,later,5320.0,4199.726939168006,both
874,2023,9/30/23,TCU,West Virginia,ESPN2,later,739.0,805.4776782322872,both
875,2023,9/30/23,Mississippi St.,Alabama,ESPN,later,3350.0,2853.5808266526465,both
876,2023,9/30/23,Fresno St.,Nevada,FS1,later,369.0,271.1432264026939,both
877,2023,10/4/23,Middle Tennessee St.,Jacksonville St.,ESPNU,later,145.0,129.9049252524972,both
878,2023,10/5/23,Louisiana Tech,Western Kentucky,ESPN,later,567.0,442.30385266420933,both
879,2023,10/6/23,Oklahoma St.,Kansas St.,ESPN,later,2270.0,1898.9362843623767,both
880,2023,10/6/23,Illinois,Nebraska,FS1,later,1360.0,941.1310347183129,both
881,2023,10/7/23,Massachusetts,Toledo,ESPNU,later,16.0,92.37594681496844,both
882,2023,10/7/23,Ohio St.,Maryland,FOX,later,4510.0,4182.085790558296,both
883,2023,10/7/23,Missouri,LSU,ESPN,later,2340.0,2398.9521775888984,both
884,2023,10/7/23,Texas,Oklahoma,ABC,later,7870.0,8352.325172047602,both
885,2023,10/7/23,North Carolina St.,Marshall,CW,later,386.0,1164.498671920533,both
886,2023,10/7/23,Louisiana,Texas St.,ESPNU,later,43.0,114.05786482164717,both
887,2023,10/7/23,Texas A&M,Alabama,CBS,later,7230.0,5061.117361189941,both
888,2023,10/7/23,North Carolina,Syracuse,ESPN,later,987.0,1311.7080432769233,both
889,2023,10/7/23,Florida St.,Virginia Tech,ABC,later,3020.0,2996.0274296532853,both
890,2023,10/7/23,UAB,South Florida,ESPN2,later,143.0,304.31741459687197,both
891,2023,10/7/23,Kansas,UCF,FOX,later,1450.0,1583.9117775336244,both
892,2023,10/7/23,Georgia,Kentucky,ESPN,later,3190.0,4156.93107858999,both
893,2023,10/7/23,Minnesota,Michigan,NBC,later,3060.0,3498.1770126119845,both
894,2023,10/7/23,Louisville,Notre Dame,ABC,later,5120.0,4292.549403260268,both
895,2023,10/7/23,Iowa St.,TCU,FS1,later,480.0,480.24376452427714,both
896,2023,10/7/23,Wyoming,Fresno St.,FOX,later,737.0,996.2454495601593,both
897,2023,10/7/23,Baylor,Texas Tech,ESPN2,later,481.0,503.3609971998206,both
898,2023,10/7/23,USC,Arizona,ESPN,later,2550.0,2246.037497773066,both
899,2023,10/10/23,Jacksonville St.,Liberty,ESPNU,later,117.0,169.37235300447924,both
900,2023,10/10/23,Appalachian St.,Coastal Carolina,ESPN2,later,499.0,390.07199488469837,both
901,2023,10/11/23,FIU,UTEP,ESPN2,later,332.0,260.3593808316769,both
902,2023,10/12/23,Houston,West Virginia,FS1,later,729.0,509.43248597760424,both
903,2023,10/12/23,East Carolina,SMU,ESPN,later,467.0,544.0921246990779,both
904,2023,10/13/23,Memphis,Tulane,ESPN,later,1720.0,855.4712542847737,both
905,2023,10/13/23,Colorado,Stanford,ESPN,later,3290.0,1220.8804263259162,both
906,2023,10/14/23,Florida St.,Syracuse,ABC,later,2090.0,2632.070853005358,both
907,2023,10/14/23,Michigan,Indiana,FOX,later,3550.0,2863.003645038606,both
908,2023,10/14/23,Alabama,Arkansas,ESPN,later,3430.0,2606.0380264088785,both
909,2023,10/14/23,Cincinnati,Iowa St.,FS1,later,534.0,445.88490746545745,both
910,2023,10/14/23,James Madison,Georgia Southern,ESPN2,later,169.0,235.82973448612563,both
911,2023,10/14/23,Rutgers,Michigan St.,BTN,later,503.0,499.0428045159774,both
912,2023,10/14/23,North Texas,Temple,ESPNU,later,37.0,83.8495630261971,both
913,2023,10/14/23,Vanderbilt,Georgia,CBS,later,2460.0,1908.5189881391966,both
914,2023,10/14/23,Maryland,Illinois,NBC,later,1140.0,972.2396435435087,both
915,2023,10/14/23,TCU,BYU,ESPN,later,1020.0,910.2114566057926,both
916,2023,10/14/23,South Florida,FAU,ESPN2,later,84.0,204.50843544827006,both
917,2023,10/14/23,Oklahoma St.,Kansas,FS1,later,796.0,591.1820985333038,both
918,2023,10/14/23,Tennessee,Texas A&M,CBS,later,4380.0,3894.4578644171424,both
919,2023,10/14/23,Washington,Oregon,ABC,later,7040.0,5102.232699152773,both
920,2023,10/14/23,Penn St.,Massachusetts,BTN,later,693.0,543.4373440999561,both
921,2023,10/14/23,Wisconsin,Iowa,FOX,later,2340.0,2950.1021795354327,both
922,2023,10/14/23,Northern Illinois,Ohio,ESPNU,later,46.0,135.6637579260203,both
923,2023,10/14/23,Pittsburgh,Louisville,CW,later,569.0,893.7934491243815,both
924,2023,10/14/23,Georgia St.,Marshall,ESPN2,later,129.0,442.85402872356985,both
925,2023,10/14/23,LSU,Auburn,ESPN,later,2160.0,2626.7883298260567,both
926,2023,10/14/23,Texas Tech,Kansas St.,FS1,later,770.0,501.1283122785471,both
927,2023,10/14/23,Notre Dame,USC,NBC,later,6430.0,5589.5347394689825,both
928,2023,10/14/23,North Carolina,Miami,ABC,later,3080.0,2965.4305330713983,both
929,2023,10/14/23,Oregon St.,UCLA,FOX,later,1430.0,2016.0683236183913,both
930,2023,10/14/23,UTSA,UAB,ESPNU,later,49.0,119.04922404059026,both
931,2023,10/14/23,Colorado St.,Boise St.,FS1,later,471.0,286.51485992912296,both
932,2023,10/17/23,Jacksonville St.,Western Kentucky,ESPNU,later,110.0,141.42771916268237,both
933,2023,10/17/23,South Alabama,Southern Miss,ESPN2,later,256.0,249.90281468478796,both
934,2023,10/18/23,UTEP,New Mexico St.,ESPN2,later,293.0,216.64805244528367,both
935,2023,10/19/23,Tulsa,Rice,ESPN2,later,179.0,338.58253201643294,both
936,2023,10/19/23,Marshall,James Madison,ESPN,later,603.0,863.7243716376245,both
937,2023,10/20/23,Temple,SMU,ESPN,later,548.0,651.9484274296649,both
938,2023,10/21/23,Arkansas,Mississippi St.,ESPN,later,1220.0,1053.91518765829,both
939,2023,10/21/23,Ohio St.,Penn St.,FOX,later,9960.0,10386.467780171679,both
940,2023,10/21/23,Oklahoma,UCF,ABC,later,2170.0,2483.030799778485,both
941,2023,10/21/23,UAB,Memphis,ESPN2,later,97.0,264.2427364996975,both
942,2023,10/21/23,Indiana,Rutgers,BTN,later,232.0,277.30725664730755,both
943,2023,10/21/23,Navy,Air Force,CBS,later,1210.0,1168.478554118061,both
944,2023,10/21/23,Illinois,Wisconsin,FS1,later,684.0,581.9414763133561,both
945,2023,10/21/23,Oregon,Washington St.,ABC,later,2350.0,2432.5550416274446,both
946,2023,10/21/23,Tulane,North Texas,ESPN2,later,112.0,234.37525426146578,both
947,2023,10/21/23,Iowa,Minnesota,NBC,later,1680.0,1669.1942580066057,both
948,2023,10/21/23,Alabama,Tennessee,CBS,later,8010.0,6092.831846483886,both
949,2023,10/21/23,Nebraska,Northwestern,BTN,later,560.0,512.907258815809,both
950,2023,10/21/23,West Virginia,Oklahoma St.,ESPN,later,1010.0,1259.0454333521297,both
951,2023,10/21/23,Houston,Texas,FOX,later,3080.0,2167.523822190407,both
952,2023,10/21/23,Miami Ohio,Toledo,ESPNU,later,46.0,100.86127476862205,both
953,2023,10/21/23,North Carolina,Virginia,CW,later,788.0,1107.1577443023277,both
954,2023,10/21/23,Auburn,Mississippi,ESPN,later,1800.0,1722.3933840729837,both
955,2023,10/21/23,BYU,Texas Tech,FS1,later,545.0,467.5500378884211,both
956,2023,10/21/23,Old Dominion,Appalachian St.,NFLN,later,60.0,106.3757571676887,both
957,2023,10/21/23,Kansas St.,TCU,ESPN2,later,432.0,535.4553716141512,both
958,2023,10/21/23,Florida St.,Duke,ABC,later,4080.0,2879.5784869447584,both
959,2023,10/21/23,Michigan St.,Michigan,NBC,later,3730.0,4371.607780255932,both
960,2023,10/21/23,USC,Utah,FOX,later,3230.0,2502.288766817795,both
961,2023,10/21/23,Louisiana,Georgia St.,ESPNU,later,25.0,116.87366753836822,both
962,2023,10/21/23,San Diego St.,Nevada,FS2,later,47.0,69.361603183234,both
963,2023,10/21/23,Stanford,UCLA,ESPN,later,852.0,1276.4020709211916,both
964,2023,10/21/23,Washington,Arizona St.,FS1,later,1080.0,708.441069650238,both
965,2023,10/24/23,Western Kentucky,Liberty,ESPNU,later,136.0,152.34933247358072,both
966,2023,10/25/23,Sam Houston,UTEP,ESPN2,later,332.0,255.8034300094332,both
967,2023,10/26/23,Georgia Southern,Georgia St.,ESPN2,later,242.0,356.6096985289933,both
968,2023,10/26/23,Virginia Tech,Syracuse,ESPN,later,782.0,1135.2497470305434,both
969,2023,10/27/23,Charlotte,FAU,ESPN2,later,329.0,435.3014289630577,both
970,2023,10/28/23,Wake Forest,Florida St.,ABC,later,2090.0,1883.5090102614436,both
971,2023,10/28/23,Kansas,Oklahoma,FOX,later,3600.0,3139.973441990772,both
972,2023,10/28/23,Kansas St.,Houston,ESPN2,later,371.0,439.6261644197032,both
973,2023,10/28/23,UCF,West Virginia,FS1,later,409.0,519.6567310086963,both
974,2023,10/28/23,Penn St.,Indiana,CBS,later,3400.0,2604.173262050029,both
975,2023,10/28/23,Northwestern,Maryland,BTN,later,270.0,269.9778066299141,both
976,2023,10/28/23,Texas A&M,South Carolina,ESPN,later,1900.0,1430.9196975492116,both
977,2023,10/28/23,SMU,Tulsa,ESPNU,later,33.0,151.51322751972663,both
978,2023,10/28/23,North Carolina St.,Clemson,CW,later,642.0,1315.8315919900447,both
979,2023,10/28/23,Utah,Oregon,FOX,later,2810.0,3497.787867013882,both
980,2023,10/28/23,Nebraska,Purdue,FS1,later,1020.0,739.5120572117662,both
981,2023,10/28/23,Notre Dame,Pittsburgh,NBC,later,1890.0,1781.6780659884403,both
982,2023,10/28/23,Louisville,Duke,ESPN,later,928.0,1243.9945705603252,both
983,2023,10/28/23,Texas,BYU,ABC,later,2380.0,2980.4134622036645,both
984,2023,10/28/23,Florida,Georgia,CBS,later,5950.0,5379.488372782082,both
985,2023,10/28/23,Minnesota,Michigan St.,BTN,later,783.0,650.4029426003417,both
986,2023,10/28/23,Rice,Tulane,ESPN2,later,215.0,235.26163380424856,both
987,2023,10/28/23,Boise St.,Wyoming,FS2,later,169.0,284.7032339531152,both
988,2023,10/28/23,Coastal Carolina,Marshall,NFLN,later,60.0,99.68102214256342,both
989,2023,10/28/23,Stanford,Washington,FS1,later,700.0,723.1712805700524,both
990,2023,10/28/23,Kentucky,Tennessee,ESPN,later,2510.0,2578.788914846527,both
991,2023,10/28/23,Wisconsin,Ohio St.,NBC,later,4870.0,5387.412511490715,both
992,2023,10/28/23,UCLA,Colorado,ABC,later,4660.0,1873.0688282101382,both
993,2023,10/28/23,James Madison,Old Dominion,ESPNU,later,59.0,145.16026028364874,both
994,2023,10/28/23,Oklahoma St.,Cincinnati,ESPN2,later,412.0,653.8522207269787,both
995,2023,10/28/23,Arizona,Oregon St.,ESPN,later,1400.0,1164.7019952085261,both
996,2023,10/28/23,Fresno St.,UNLV,FS1,later,260.0,248.99494787393604,both
997,2023,10/31/23,Central Michigan,Northern Illinois,ESPNU,later,124.0,168.56522532328114,both
998,2023,10/31/23,Toledo,Buffalo,ESPN2,later,324.0,306.6639094569403,both
999,2023,11/1/23,Bowling Green,Ball St.,ESPN2,later,341.0,274.3199486091463,both
1000,2023,11/1/23,Akron,Kent St.,ESPNU,later,61.0,107.42363504244969,both
1001,2023,11/2/23,Texas Tech,TCU,FS1,later,616.0,464.4592354855365,both
1002,2023,11/2/23,Duke,Wake Forest,ESPN,later,814.0,653.8932940459127,both
1003,2023,11/2/23,Troy,South Alabama,ESPN2,later,223.0,282.1393848421468,both
1004,2023,11/3/23,Syracuse,Boston College,ESPN2,later,1100.0,835.2988317479314,both
1005,2023,11/4/23,Texas,Kansas St.,FOX,later,2950.0,5612.6308965206745,both
1006,2023,11/4/23,South Carolina,Jacksonville St.,ESPNU,later,79.0,170.5733682428445,both
1007,2023,11/4/23,Indiana,Wisconsin,BTN,later,491.0,366.53679544171575,both
1008,2023,11/4/23,Clemson,Notre Dame,ABC,later,3240.0,3132.538805855856,both
1009,2023,11/4/23,Michigan St.,Nebraska,FS1,later,900.0,790.4437871089267,both
1010,2023,11/4/23,Rutgers,Ohio St.,CBS,later,3960.0,2684.9832530833382,both
1011,2023,11/4/23,Florida,Arkansas,ESPN2,later,1140.0,884.979138507241,both
1012,2023,11/4/23,Mississippi,Texas A&M,ESPN,later,1830.0,1724.394787077732,both
1013,2023,11/4/23,Virginia,Georgia Tech,CW,later,262.0,506.9364078604947,both
1014,2023,11/4/23,Georgia St.,James Madison,ESPN2,later,276.0,339.79853267918395,both
1015,2023,11/4/23,Oklahoma St.,Oklahoma,ABC,later,3760.0,4193.407418479292,both
1016,2023,11/4/23,Maryland,Penn St.,FOX,later,2390.0,2978.2474314119645,both
1017,2023,11/4/23,Pittsburgh,Florida St.,ESPN,later,1760.0,1455.6501909690023,both
1018,2023,11/4/23,Cincinnati,UCF,FS1,later,264.0,414.0257136613269,both
1019,2023,11/4/23,Minnesota,Illinois,BTN,later,499.0,427.44668868346974,both
1020,2023,11/4/23,East Carolina,Tulane,ESPNU,later,76.0,129.2405292823079,both
1021,2023,11/4/23,Georgia,Missouri,CBS,later,7000.0,4849.687768418026,both
1022,2023,11/4/23,Appalachian St.,Marshall,NFLN,later,78.0,131.89195350540086,both
1023,2023,11/4/23,San Diego St.,Utah St.,FS1,later,95.0,155.85636834342972,both
1024,2023,11/4/23,West Virginia,BYU,FOX,later,1260.0,1410.119699107974,both
1025,2023,11/4/23,Iowa St.,Kansas,ESPN,later,1270.0,987.7731823472985,both
1026,2023,11/4/23,USC,Washington,ABC,later,4450.0,3577.9234246771593,both
1027,2023,11/4/23,Rice,SMU,ESPNU,later,29.0,88.60576426114162,both
1028,2023,11/4/23,Michigan,Purdue,NBC,later,2600.0,2765.24264631153,both
1029,2023,11/4/23,Alabama,LSU,CBS,later,8820.0,10822.93633174488,both
1030,2023,11/4/23,Colorado,Oregon St.,ESPN,later,2770.0,1240.2366249624997,both
1031,2023,11/4/23,Arizona,UCLA,FS1,later,522.0,591.5468196465192,both
1032,2023,11/7/23,Western Michigan,Central Michigan,ESPNU,later,139.0,156.10699363597843,both
1033,2023,11/7/23,Buffalo,Ohio,ESPN2,later,368.0,339.4920646478146,both
1034,2023,11/8/23,Miami Ohio,Akron,ESPNU,later,82.0,119.78467212311004,both
1035,2023,11/8/23,Toledo,Eastern Michigan,ESPN2,later,238.0,308.8431217853423,both
1036,2023,11/9/23,Louisville,Virginia,ESPN,later,1290.0,1087.5333852543065,both
1037,2023,11/9/23,Louisiana,Southern Miss,ESPNU,later,83.0,108.26907044056577,both
1038,2023,11/10/23,SMU,North Texas,ESPN2,later,618.0,413.83412107010935,both
1039,2023,11/10/23,UNLV,Wyoming,FS1,later,214.0,369.1102446830985,both
1040,2023,11/11/23,Kansas,Texas Tech,FS1,later,780.0,418.1684412799078,both
1041,2023,11/11/23,Clemson,Georgia Tech,ABC,later,1620.0,1322.9156473871712,both
1042,2023,11/11/23,Illinois,Indiana,BTN,later,368.0,263.9128659989669,both
1043,2023,11/11/23,Penn St.,Michigan,FOX,later,9160.0,9907.459606541965,both
1044,2023,11/11/23,Tulane,Tulsa,ESPN2,later,169.0,247.0297231552108,both
1045,2023,11/11/23,Kentucky,Alabama,ESPN,later,2760.0,3675.908862864841,both
1046,2023,11/11/23,Wake Forest,North Carolina St.,CW,later,289.0,669.6569255818083,both
1047,2023,11/11/23,Missouri,Tennessee,CBS,later,3620.0,3865.7475606328903,both
1048,2023,11/11/23,Washington,Utah,FOX,later,5170.0,3343.467217744768,both
1049,2023,11/11/23,UCF,Oklahoma St.,ESPN,later,1210.0,1168.1122223737934,both
1050,2023,11/11/23,Iowa,Rutgers,BTN,later,714.0,616.9598554109447,both
1051,2023,11/11/23,Florida St.,Miami,ABC,later,4140.0,3250.4740325289577,both
1052,2023,11/11/23,Wisconsin,Northwestern,FS1,later,612.0,526.4836073454782,both
1053,2023,11/11/23,Purdue,Minnesota,NBC,later,1170.0,1078.06664961892,both
1054,2023,11/11/23,California,Washington St.,ESPN2,later,263.0,437.15153813710947,both
1055,2023,11/11/23,Oklahoma,West Virginia,FOX,later,2390.0,2845.731384092643,both
1056,2023,11/11/23,Georgia,Mississippi,ESPN,later,4830.0,5088.189177653004,both
1057,2023,11/11/23,Marshall,Georgia Southern,NFLN,later,84.0,104.11764366455913,both
1058,2023,11/11/23,Houston,Cincinnati,FS1,later,176.0,275.6544018154068,both
1059,2023,11/11/23,TCU,Texas,ABC,later,2820.0,2820.134195916882,both
1060,2023,11/11/23,Ohio St.,Michigan St.,NBC,later,3570.0,4256.734192015363,both
1061,2023,11/11/23,UTSA,Rice,ESPNU,later,22.0,82.03290367898339,both
1062,2023,11/11/23,Texas A&M,Mississippi St.,ESPN2,later,409.0,720.9432261970339,both
1063,2023,11/11/23,Boise St.,New Mexico,FS1,later,164.0,155.81420951737783,both
1064,2023,11/11/23,BYU,Iowa St.,ESPN,later,943.0,1154.714113241104,both
1065,2023,11/11/23,Oregon,USC,FOX,later,3010.0,3342.4795412862372,both
1066,2023,11/14/23,Bowling Green,Toledo,ESPN2,later,403.0,310.80340858871614,both
1067,2023,11/14/23,Northern Illinois,Western Michigan,ESPNU,later,47.0,176.6211712257604,both
1068,2023,11/15/23,Miami Ohio,Buffalo,ESPN2,later,385.0,326.79749362459836,both
1069,2023,11/15/23,Ohio,Central Michigan,ESPNU,later,90.0,160.38329416652815,both
1070,2023,11/16/23,Pittsburgh,Boston College,ESPN,later,1030.0,801.519291645137,both
1071,2023,11/17/23,UTSA,South Florida,ESPN2,later,429.0,394.28093494941123,both
1072,2023,11/17/23,Washington St.,Colorado,FS1,later,727.0,646.2911815079301,both
1073,2023,11/18/23,Maryland,Michigan,FOX,later,5430.0,5348.514390600841,both
1074,2023,11/18/23,BYU,Oklahoma,ESPN,later,2170.0,1849.6931979415108,both
1075,2023,11/18/23,Miami,Louisville,ABC,later,2890.0,2615.5170558157142,both
1076,2023,11/18/23,Penn St.,Rutgers,FS1,later,765.0,858.9855962856589,both
1077,2023,11/18/23,Memphis,SMU,ESPN2,later,276.0,313.1521226089751,both
1078,2023,11/18/23,Virginia,Duke,CW,later,307.0,525.7991358782429,both
1079,2023,11/18/23,Troy,Louisiana,NFLN,later,33.0,47.52509406479906,both
1080,2023,11/18/23,USC,UCLA,ABC,later,2650.0,1812.951683548447,both
1081,2023,11/18/23,Tennessee,Georgia,CBS,later,5730.0,7234.443272055151,both
1082,2023,11/18/23,Notre Dame,Wake Forest,NBC,later,1480.0,1218.5377430236667,both
1083,2023,11/18/23,Iowa,Illinois,FS1,later,847.0,620.1620885887141,both
1084,2023,11/18/23,Clemson,North Carolina,ESPN,later,1760.0,1349.8750058994142,both
1085,2023,11/18/23,Ohio St.,Minnesota,BTN,later,2020.0,1572.373055593091,both
1086,2023,11/18/23,Arizona St.,Oregon,FOX,later,1900.0,2233.5944696089273,both
1087,2023,11/18/23,Houston,Oklahoma St.,ESPN2,later,704.0,446.74763734257635,both
1088,2023,11/18/23,Texas Tech,UCF,FS2,later,270.0,238.38505907016022,both
1089,2023,11/18/23,Florida St.,North Alabama,CW,later,1330.0,864.5192526420917,both
1090,2023,11/18/23,Kansas,Kansas St.,FS1,later,869.0,514.9905988245658,both
1091,2023,11/18/23,Arkansas,FIU,ESPNU,later,173.0,166.2672343484557,both
1092,2023,11/18/23,Oregon St.,Washington,ABC,later,4730.0,3325.5801112133017,both
1093,2023,11/18/23,Missouri,Florida,ESPN,later,2270.0,1986.8227646402247,both
1094,2023,11/18/23,Wisconsin,Nebraska,NBC,later,2450.0,2041.4433504067733,both
1095,2023,11/18/23,Iowa St.,Texas,FOX,later,2470.0,3804.6069678453705,both
1096,2023,11/18/23,LSU,Georgia St.,ESPN2,later,741.0,785.6007517624795,both
1097,2023,11/18/23,Fresno St.,New Mexico,FS1,later,255.0,144.73304945875552,both
1098,2023,11/21/23,Western Michigan,Bowling Green,ESPNU,later,116.0,146.48989833390792,both
1099,2023,11/21/23,Buffalo,Eastern Michigan,ESPN2,later,384.0,294.50414075809994,both
1100,2023,11/23/23,Mississippi St.,Mississippi,ESPN,later,2290.0,1856.694424505074,both
1101,2023,11/24/23,Oklahoma,TCU,FOX,later,2220.0,3123.5769354627027,both
1102,2023,11/24/23,Nebraska,Iowa,CBS,later,4390.0,5337.40479288589,both
1103,2023,11/24/23,Boston College,Miami,ABC,later,1430.0,1787.931205979312,both
1104,2023,11/24/23,Central Michigan,Toledo,ESPNU,later,74.0,175.5505108532937,both
1105,2023,11/24/23,Temple,Memphis,ESPN,later,394.0,426.8452845565155,both
1106,2023,11/24/23,Tulane,UTSA,ABC,later,1720.0,1644.0155203290121,both
1107,2023,11/24/23,Arkansas,Missouri,CBS,later,4090.0,4141.919924580394,both
1108,2023,11/24/23,Boise St.,Air Force,FS1,later,409.0,458.02192633866605,both
1109,2023,11/24/23,Michigan St.,Penn St.,NBC,later,3380.0,4406.751641799142,both
1110,2023,11/24/23,Texas,Texas Tech,ABC,later,3770.0,4762.24990022251,both
1111,2023,11/24/23,Oregon,Oregon St.,FOX,later,4120.0,5418.066373317434,both
1112,2023,11/25/23,Purdue,Indiana,BTN,later,246.0,236.16464593528855,both
1113,2023,11/25/23,Louisville,Kentucky,ABC,later,1570.0,2111.253676606587,both
1114,2023,11/25/23,LSU,Texas A&M,ESPN,later,2000.0,2291.1180436647905,both
1115,2023,11/25/23,Southern Miss,Troy,ESPNU,later,31.0,76.41839556969452,both
1116,2023,11/25/23,UCF,Houston,FS1,later,185.0,209.13778745285953,both
1117,2023,11/25/23,SMU,Navy,ESPN2,later,76.0,225.3252388660765,both
1118,2023,11/25/23,Syracuse,Wake Forest,CW,later,248.0,671.1862956780199,both
1119,2023,11/25/23,Arizona St.,Arizona,ESPN,later,740.0,1328.8654875980717,both
1120,2023,11/25/23,Auburn,Alabama,CBS,later,9090.0,8574.917236189882,both
1121,2023,11/25/23,Minnesota,Wisconsin,FS1,later,1230.0,936.1007919744638,both
1122,2023,11/25/23,Appalachian St.,Georgia Southern,ESPNU,later,53.0,133.99455512346873,both
1123,2023,11/25/23,Coastal Carolina,James Madison,ESPN2,later,139.0,264.4388870988724,both
1124,2023,11/25/23,Oklahoma St.,BYU,ABC,later,2390.0,1662.4871918157764,both
1125,2023,11/25/23,Washington,Washington St.,FOX,later,5850.0,3561.8518071938524,both
1126,2023,11/25/23,Florida,Florida St.,ESPN,later,5070.0,3450.9830843184577,both
1127,2023,11/25/23,Baylor,West Virginia,FS1,later,691.0,607.2488671644203,both
1128,2023,11/25/23,Texas St.,South Alabama,NFLN,later,79.0,83.7864100129299,both
1129,2023,11/25/23,Georgia Tech,Georgia,ABC,later,5330.0,4006.9027489510913,both
1130,2023,11/25/23,Cincinnati,Kansas,ESPN2,later,374.0,547.6030557088919,both
1131,2023,11/26/23,South Florida,Charlotte,ESPNU,later,17.0,179.4617485558859,both
1132,2023,11/25/23,Kansas St.,Iowa St.,FOX,later,3290.0,2017.9593604096108,both
1133,2023,11/25/23,UCLA,California,ESPN,later,1660.0,1259.2993050482469,both
1134,2023,11/25/23,San Diego St.,Fresno St.,FS1,later,198.0,223.54141037589125,both
1135,2023,12/1/23,Washington,Oregon,ABC,later,9250.0,8467.917817002972,both
1136,2023,12/2/23,Texas,Oklahoma St.,ABC,later,7890.0,8434.31497232098,both
1137,2023,12/2/23,Toledo,Miami Ohio,ESPN,later,1290.0,519.9209637989385,both
1138,2023,12/2/23,UNLV,Boise St.,FOX,later,1260.0,804.5904084420021,both
1139,2023,12/2/23,Alabama,Georgia,CBS,later,17520.0,16261.85100434846,both
1140,2023,12/2/23,Troy,Appalachian St.,ESPN,later,372.0,494.32068847614875,both
1141,2023,12/2/23,Tulane,SMU,ABC,later,1880.0,1714.9980577042277,both
1142,2023,12/2/23,Iowa,Michigan,FOX,later,10020.0,10217.668621897712,both
1143,2023,12/2/23,Florida St.,Louisville,ABC,later,7030.0,4511.599191403626,both
1144,2023,12/9/23,Army,Navy,CBS,later,7180.0,6766.569007007998,both
361,2024,9/1/24,USC,LSU,ABC,Week1,8620.0,8124.357016006435,current
362,2024,8/31/24,Notre Dame,Texas A&M,ABC,Week1,7920.0,7460.388596335194,current
363,2024,8/31/24,Clemson,Georgia,ABC,Week1,7580.0,6644.9588322793625,current
364,2024,8/31/24,Miami,Florida,ABC,Week1,6350.0,4015.453283780915,current
365,2024,8/24/24,Florida St.,Georgia Tech,ESPN,Week0,4990.0,2933.2352518758016,current
366,2024,9/2/24,Boston College,Florida St.,ESPN,Week1,4440.0,4813.960434542834,current
367,2024,8/31/24,Penn St.,West Virginia,FOX,Week1,2990.0,4291.720348787081,current
368,2024,8/31/24,Akron,Ohio St.,CBS,Week1,2970.0,2500.295040509257,current
369,2024,8/31/24,Fresno St.,Michigan,NBC,Week1,2560.0,2347.017031349371,current
370,2024,8/31/24,Western Kentucky,Alabama,ESPN,Week1,1850.0,1686.702019614924,current
371,2024,8/31/24,Colorado St.,Texas,ESPN,Week1,1840.0,1972.7849753939206,current
372,2024,8/29/24,North Carolina,Minnesota,FOX,Week1,1830.0,2163.671278435826,current
373,2024,8/31/24,UTEP,Nebraska,FOX,Week1,1670.0,2043.223583668645,current
374,2024,8/30/24,Temple,Oklahoma,ESPN,Week1,1650.0,1621.099460996071,current
375,2024,8/30/24,TCU,Stanford,ESPN,Week1,1490.0,1203.5886550386015,current
376,2024,8/31/24,Virginia Tech,Vanderbilt,ESPN,Week1,1450.0,871.2150020862703,current
377,2024,8/31/24,UCLA,Hawaii,CBS,Week1,1130.0,950.1599071589358,current
378,2024,8/30/24,Western Michigan,Wisconsin,FS1,Week1,963.0,661.298721531535,current
379,2024,8/31/24,New Mexico,Arizona,ESPN,Week1,953.0,848.6809869740704,current
380,2024,8/30/24,FAU,Michigan St.,BTN,Week1,744.0,692.7359908826037,current
381,2024,8/31/24,Idaho,Oregon,BTN,Week1,425.0,457.1449438601116,current
382,2024,8/31/24,North Dakota,Iowa St.,FS1,Week1,315.0,349.3262720668035,current
383,2024,8/29/24,Howard,Rutgers,BTN,Week1,269.0,294.1981797510266,current
384,2024,8/31/24,Wyoming,Arizona St.,FS1,Week1,253.0,344.81674958162574,current
385,2024,8/31/24,UNLV,Houston,FS1,Week1,172.0,275.6541675402049,current
386,2024,8/31/24,Boise St.,Georgia Southern,ESPNU,Week1,158.0,136.5648427998839,current
387,2024,8/31/24,Connecticut,Maryland,FS1,Week1,133.0,231.92003272412228,current
388,2024,8/29/24,Eastern Illinois,Illinois,BTN,Week1,112.0,234.1430045608396,current
389,2024,8/31/24,Kent St.,Pittsburgh,ESPNU,Week1,82.0,156.4209174597487,current
390,2024,9/6/24,SMU,BYU,ESPN2,later,917.0,778.9534666474044,current
391,2024,9/7/24,Northwestern,Duke,FS1,later,514.0,285.1996186742166,current
392,2024,9/7/24,Michigan,Texas,FOX,later,9190.0,10298.9938748019,current
393,2024,9/7/24,Oklahoma St.,Arkansas,ABC,later,2800.0,2481.008931958145,current
394,2024,9/7/24,Tulane,Kansas St.,ESPN,later,790.0,776.7988590297916,current
395,2024,9/7/24,Memphis,Troy,ESPNU,later,20.0,73.01134823466623,current
396,2024,9/7/24,Cincinnati,Pittsburgh,ESPN2,later,304.0,518.6549099257519,current
397,2024,9/7/24,Notre Dame,Northern Illinois,ABC,later,3930.0,2986.627002933376,current
398,2024,9/7/24,Utah,Baylor,FOX,later,2080.0,1675.6049603375557,current
399,2024,9/7/24,Wisconsin,South Dakota,FS1,later,537.0,468.6584989514574,current
400,2024,9/7/24,Kentucky,South Carolina,ABC,later,2730.0,2335.748513449866,current
401,2024,9/7/24,Auburn,California,ESPN2,later,1120.0,806.9178699410609,current
402,2024,9/7/24,Iowa,Iowa St.,CBS,later,2280.0,2626.5845989140553,current
403,2024,9/7/24,Texas St.,UTSA,ESPNU,later,24.0,71.70712728044356,current
404,2024,9/7/24,Virginia Tech,Marshall,CW,later,407.0,554.922156367875,current
405,2024,9/7/24,Wake Forest,Virginia,ESPN2,later,358.0,392.3651198281128,current
406,2024,9/7/24,Alabama,South Florida,ESPN,later,2580.0,1920.1698145184268,current
407,2024,9/7/24,Illinois,Kansas,FS1,later,841.0,582.1746622132946,current
408,2024,9/7/24,Ohio St.,Western Michigan,BTN,later,1720.0,1201.5441181254057,current
409,2024,9/7/24,North Carolina St.,Tennessee,ABC,later,2960.0,3783.0437270853,current
410,2024,9/7/24,Vanderbilt,Alcorn State,ESPNU,later,17.0,111.75249983957937,current
411,2024,9/7/24,Nebraska,Colorado,NBC,later,5670.0,5558.594011243518,current
412,2024,9/7/24,New Mexico St.,Liberty,ESPN2,later,160.0,258.69405495515343,current
413,2024,9/7/24,Arizona St.,Mississippi St.,ESPN,later,954.0,1302.398054499312,current
414,2024,9/7/24,USC,Utah St.,BTN,later,589.0,630.9565373793826,current
415,2024,9/12/24,Texas St.,Arizona St.,ESPN,later,993.0,828.2692662970421,current
416,2024,9/13/24,Kansas,UNLV,ESPN,later,1320.0,1313.352661849041,current
417,2024,9/13/24,Kansas St.,Arizona,FOX,later,2580.0,3886.3610170753645,current
418,2024,9/14/24,South Carolina,LSU,ABC,later,4940.0,3882.348656814092,current
419,2024,9/14/24,Miami Ohio,Cincinnati,ESPNU,later,51.0,156.35525720117175,current
420,2024,9/14/24,Michigan,Arkansas St.,BTN,later,979.0,608.4474619823009,current
421,2024,9/14/24,Texas Tech,North Texas,FS1,later,138.0,285.1962479015932,current
422,2024,9/14/24,Florida St.,Memphis,ESPN,later,1590.0,1158.5081925506727,current
423,2024,9/14/24,Wisconsin,Alabama,FOX,later,5030.0,6165.309295855551,current
424,2024,9/14/24,Tulsa,Oklahoma St.,ESPN2,later,308.0,525.95146436206,current
425,2024,9/14/24,Pittsburgh,West Virginia,ESPN2,later,1150.0,1039.0723513912644,current
426,2024,9/14/24,Purdue,Notre Dame,CBS,later,2280.0,3580.7960098765857,current
427,2024,9/14/24,Oklahoma,Tulane,ESPN,later,1390.0,1302.5950912606452,current
428,2024,9/14/24,Florida,Texas A&M,ABC,later,4800.0,4179.931729188712,current
429,2024,9/14/24,Oregon St.,Oregon,FOX,later,2820.0,3004.5078454944473,current
430,2024,9/14/24,East Carolina,Appalachian St.,ESPNU,later,81.0,157.08329944943898,current
431,2024,9/14/24,Iowa,Troy,FS1,later,446.0,374.86449150454513,current
432,2024,9/14/24,Wake Forest,Mississippi,CW,later,419.0,855.8009270654404,current
433,2024,9/14/24,Texas,UTSA,ESPN,later,1480.0,1540.0908073452122,current
434,2024,9/14/24,Mississippi St.,Toledo,ESPNU,later,69.0,132.86941716637568,current
435,2024,9/14/24,Auburn,New Mexico,ESPN2,later,662.0,457.3746017791219,current
436,2024,9/14/24,Baylor,Air Force,FS1,later,128.0,290.67630386491743,current
437,2024,9/14/24,UCLA,Indiana,NBC,later,1290.0,1080.78232918105,current
438,2024,9/14/24,Kentucky,Georgia,ABC,later,6600.0,4228.150420649289,current
439,2024,9/14/24,Colorado St.,Colorado,CBS,later,3250.0,3542.9352984917614,current
440,2024,9/14/24,TCU,UCF,FOX,later,1030.0,1508.6087221320597,current
441,2024,9/14/24,California,San Diego St.,ESPN,later,938.0,825.7223140040151,current
442,2024,9/19/24,Appalachian St.,South Alabama,ESPN,later,629.0,860.5203576776098,current
443,2024,9/20/24,Syracuse,Stanford,ESPN,later,1370.0,1277.326426566522,current
444,2024,9/20/24,Nebraska,Illinois,FOX,later,4210.0,4539.934730288492,current
445,2024,9/20/24,Washington St.,San Jose St.,CW,later,542.0,808.0291805068877,current
446,2024,9/21/24,Ohio St.,Marshall,FOX,later,3960.0,2939.4253126940657,current
447,2024,9/21/24,West Virginia,Kansas,ESPN2,later,1150.0,825.5731881229624,current
448,2024,9/21/24,Louisiana,Tulane,ESPNU,later,86.0,93.89067731310153,current
449,2024,9/21/24,Mississippi St.,Florida,ESPN,later,2640.0,2379.8483196384514,current
450,2024,9/21/24,Cincinnati,Houston,FS1,later,195.0,371.64835369430216,current
451,2024,9/21/24,Clemson,North Carolina St.,ABC,later,1950.0,2444.6641542321486,current
452,2024,9/21/24,Notre Dame,Miami Ohio,NBC,later,1690.0,1791.7106946861732,current
453,2024,9/21/24,Auburn,Arkansas,ESPN,later,2020.0,1649.6686586408684,current
454,2024,9/21/24,Louisville,Georgia Tech,ESPN2,later,782.0,461.2281484691269,current
455,2024,9/21/24,Michigan,USC,CBS,later,6320.0,4160.607616804239,current
456,2024,9/21/24,Texas Tech,Arizona St.,FS1,later,410.0,508.36117188747465,current
457,2024,9/21/24,Penn St.,Kent St.,BTN,later,434.0,700.4948190927721,current
458,2024,9/21/24,LSU,UCLA,ABC,later,2730.0,3010.90553911638,current
459,2024,9/21/24,Oklahoma St.,Utah,FOX,later,2140.0,2579.393760131077,current
460,2024,9/21/24,Middle Tennessee St.,Duke,ESPNU,later,53.0,91.66545374767989,current
461,2024,9/21/24,SMU,TCU,CW,later,322.0,382.0838842542832,current
462,2024,9/21/24,Florida St.,California,ESPN2,later,887.0,749.7436429325384,current
463,2024,9/21/24,South Florida,Miami,ESPN,later,1250.0,878.4612128434021,current
464,2024,9/21/24,Washington,Northwestern,FS1,later,378.0,508.8265681583709,current
465,2024,9/21/24,Minnesota,Iowa,NBC,later,1890.0,1562.3034880151229,current
466,2024,9/21/24,Oklahoma,Tennessee,ABC,later,6270.0,5923.315610167685,current
467,2024,9/21/24,South Carolina,Akron,ESPNU,later,89.0,182.280949803718,current
468,2024,9/21/24,Colorado,Baylor,FOX,later,3640.0,3568.6751491840637,current
469,2024,9/21/24,Oregon St.,Purdue,CW,later,452.0,734.2146744060612,current
470,2024,9/21/24,Boise St.,Portland State,FS1,later,248.0,257.0327147581203,current
471,2024,9/21/24,BYU,Kansas St.,ESPN,later,1500.0,1738.393115060289,current
472,2024,9/26/24,Temple,Army,ESPN,later,684.0,798.5192855838304,current
473,2024,9/27/24,Miami,Virginia Tech,ESPN,later,3260.0,3024.174732689754,current
474,2024,9/27/24,Rutgers,Washington,FOX,later,1930.0,2408.604841470347,current
475,2024,9/28/24,Kansas St.,Oklahoma St.,ESPN,later,1880.0,2343.074602484564,current
476,2024,9/28/24,Indiana,Maryland,BTN,later,547.0,386.7098151475313,current
477,2024,9/28/24,Tulane,South Florida,ESPNU,later,41.0,94.42478102745142,current
478,2024,9/28/24,Baylor,BYU,FS1,later,428.0,565.2695793635487,current
479,2024,9/28/24,UAB,Navy,ESPN2,later,185.0,312.5611893005033,current
480,2024,9/28/24,Mississippi,Kentucky,ABC,later,3990.0,3155.6927300062553,current
481,2024,9/28/24,North Carolina St.,Northern Illinois,CW,later,427.0,393.2566914388483,current
482,2024,9/28/24,Michigan,Minnesota,FOX,later,3600.0,4026.440073649686,current
483,2024,9/28/24,UCF,Colorado,FOX,later,4170.0,4456.293399965388,current
484,2024,9/28/24,Auburn,Oklahoma,ABC,later,5040.0,4278.582372948937,current
485,2024,9/28/24,Georgia St.,Georgia Southern,ESPNU,later,29.0,77.94360646994355,current
486,2024,9/28/24,Texas A&M,Arkansas,ESPN,later,1800.0,2275.775803391093,current
487,2024,9/28/24,UNLV,Fresno St.,FS1,later,174.0,283.4746553100628,current
488,2024,9/28/24,Duke,North Carolina,ESPN2,later,521.0,590.7621487039485,current
489,2024,9/28/24,Houston,Iowa St.,FS1,later,372.0,438.62980609538215,current
490,2024,9/28/24,Clemson,Stanford,ESPN,later,1000.0,1240.0580288564083,current
491,2024,9/28/24,Memphis,Middle Tennessee St.,ESPNU,later,39.0,75.6346999117984,current
492,2024,9/28/24,Alabama,Georgia,ABC,later,11990.0,11376.728607484054,current
493,2024,9/28/24,Penn St.,Illinois,NBC,later,3090.0,2590.0042010069456,current
494,2024,9/28/24,Texas Tech,Cincinnati,ESPN2,later,417.0,503.39088183618765,current
495,2024,9/28/24,Boise St.,Washington St.,FS1,later,535.0,519.2109404570967,current
496,2024,9/28/24,Utah,Arizona,ESPN,later,907.0,1412.5978668230082,current
497,2024,9/28/24,UCLA,Oregon,FOX,later,1500.0,2518.297853902309,current
498,2024,10/3/24,Troy,Texas St.,ESPN2,later,343.0,267.52122514111227,current
499,2024,10/4/24,TCU,Houston,ESPN,later,1510.0,956.6820942553229,current
500,2024,10/4/24,UNLV,Syracuse,FS1,later,698.0,542.5292521526924,current
501,2024,10/4/24,Oregon,Michigan St.,FOX,later,2840.0,4321.005521826997,current
502,2024,10/5/24,Texas A&M,Missouri,ABC,later,3270.0,3962.38963423103,current
503,2024,10/5/24,Tulsa,Army,ESPNU,later,72.0,184.37649519700872,current
504,2024,10/5/24,Air Force,Navy,CBS,later,1280.0,1216.3985189805776,current
505,2024,10/5/24,North Carolina St.,Wake Forest,CW,later,446.0,386.8394391135871,current
506,2024,10/5/24,North Carolina,Pittsburgh,ESPN2,later,645.0,681.2124819065446,current
507,2024,10/5/24,Louisville,SMU,ESPN,later,1410.0,795.7106787936641,current
508,2024,10/5/24,Penn St.,UCLA,FOX,later,2750.0,3490.1714405423013,current
509,2024,10/5/24,Wisconsin,Purdue,BTN,later,588.0,688.9773291571822,current
510,2024,10/5/24,Charlotte,East Carolina,ESPNU,later,28.0,40.01885401823438,current
511,2024,10/5/24,Ohio St.,Iowa,CBS,later,4460.0,5377.773742285617,current
512,2024,10/5/24,Northwestern,Indiana,BTN,later,439.0,513.1209758798851,current
513,2024,10/5/24,South Carolina,Mississippi,ESPN,later,1230.0,2047.4062367794877,current
514,2024,10/5/24,Georgia,Auburn,ABC,later,4930.0,5036.1839311139465,current
515,2024,10/5/24,Nebraska,Rutgers,FS1,later,1030.0,901.1231954975824,current
516,2024,10/5/24,Oklahoma St.,West Virginia,ESPN2,later,634.0,807.4261817720229,current
517,2024,10/5/24,Oregon St.,Colorado St.,CW,later,568.0,453.65426725126486,current
518,2024,10/5/24,Florida St.,Clemson,ESPN,later,1410.0,2134.142479211794,current
519,2024,10/5/24,Boise St.,Utah St.,FS2,later,239.0,252.66355177126752,current
520,2024,10/5/24,Louisiana Monroe,James Madison,ESPNU,later,42.0,71.74879085379021,current
521,2024,10/5/24,Iowa St.,Baylor,FOX,later,1200.0,1667.4011670071895,current
522,2024,10/5/24,Minnesota,USC,BTN,later,701.0,743.2899084096318,current
523,2024,10/5/24,Arkansas,Tennessee,ABC,later,5290.0,4759.686696322044,current
524,2024,10/5/24,Washington,Michigan,NBC,later,4040.0,3654.3582894869364,current
525,2024,10/5/24,Arizona St.,Kansas,ESPN2,later,525.0,463.99839048321985,current
526,2024,10/5/24,California,Miami,ESPN,later,1920.0,2019.6153324463996,current
527,2024,10/5/24,Arizona,Texas Tech,FOX,later,943.0,1810.3909207952229,current
528,2024,10/9/24,Jacksonville St.,New Mexico St.,ESPN2,later,310.0,315.75564992126937,current
529,2024,10/10/24,James Madison,Coastal Carolina,ESPN2,later,390.0,328.7781016898179,current
530,2024,10/10/24,Western Kentucky,UTEP,ESPNU,later,81.0,93.17378427592908,current
531,2024,10/11/24,Maryland,Northwestern,FS1,later,712.0,555.6626887117628,current
532,2024,10/11/24,Arizona St.,Utah,ESPN,later,1290.0,1352.9920424656466,current
533,2024,10/12/24,Rutgers,Wisconsin,BTN,later,620.0,571.5642936537217,current
534,2024,10/12/24,Iowa,Washington,FOX,later,2370.0,2363.547954195357,current
535,2024,10/12/24,Alabama,South Carolina,ABC,later,6000.0,5930.411857129882,current
536,2024,10/12/24,Buffalo,Toledo,ESPNU,later,40.0,75.14978383151941,current
537,2024,10/12/24,Massachusetts,Missouri,ESPN2,later,276.0,341.6469121672326,current
538,2024,10/12/24,Wake Forest,Clemson,ESPN,later,1300.0,1329.417226820246,current
539,2024,10/12/24,North Carolina,Georgia Tech,CW,later,541.0,437.5718291024987,current
540,2024,10/12/24,Illinois,Purdue,FS1,later,440.0,547.669440627486,current
541,2024,10/12/24,UCF,Cincinnati,ESPN2,later,280.0,473.5900737351939,current
542,2024,10/12/24,Pittsburgh,California,ESPN,later,741.0,1055.7219586179838,current
543,2024,10/12/24,USC,Penn St.,CBS,later,4280.0,3772.307248520729,current
544,2024,10/12/24,Oklahoma,Texas,ABC,later,7630.0,6289.521308225758,current
545,2024,10/12/24,Notre Dame,Stanford,NBC,later,1870.0,1764.8113050562663,current
546,2024,10/12/24,Central Michigan,Ohio,ESPNU,later,24.0,70.42170184076764,current
547,2024,10/12/24,BYU,Arizona,FOX,later,1310.0,1711.8999624432718,current
548,2024,10/12/24,FAU,North Texas,ESPN2,later,82.0,155.97606881470637,current
549,2024,10/12/24,Fresno St.,Washington St.,FS1,later,246.0,293.10585272021706,current
550,2024,10/12/24,Tennessee,Florida,ESPN,later,3250.0,3143.1433143829145,current
551,2024,10/12/24,LSU,Mississippi,ABC,later,4240.0,4839.496019626691,current
552,2024,10/12/24,Oregon,Ohio St.,NBC,later,9600.0,5489.879865542436,current
553,2024,10/12/24,West Virginia,Iowa St.,FOX,later,1220.0,2195.590780227492,current
554,2024,10/12/24,Georgia Southern,Marshall,ESPNU,later,15.0,79.50282685871628,current
555,2024,10/12/24,UCLA,Minnesota,BTN,later,312.0,354.9827308036265,current
556,2024,10/12/24,Colorado,Kansas St.,ESPN,later,3260.0,4749.318516311642,current
557,2024,10/15/24,South Alabama,Troy,ESPN2,later,352.0,222.7714537155785,current
558,2024,10/15/24,New Mexico St.,Louisiana Tech,ESPNU,later,64.0,71.96915654284754,current
559,2024,10/16/24,Sam Houston,Western Kentucky,ESPN2,later,403.0,306.4633505816679,current
560,2024,10/17/24,Marshall,Georgia St.,ESPN2,later,209.0,329.65781912743347,current
561,2024,10/17/24,Virginia Tech,Boston College,ESPN,later,712.0,1081.3923205141803,current
562,2024,10/18/24,Duke,Florida St.,ESPN,later,1260.0,1275.623824219949,current
563,2024,10/18/24,Purdue,Oregon,FOX,later,2150.0,3979.875936011291,current
564,2024,10/18/24,BYU,Oklahoma St.,ESPN,later,1660.0,1700.366640533326,current
565,2024,10/19/24,Missouri,Auburn,ESPN,later,2450.0,1622.7262750958657,current
566,2024,10/19/24,Indiana,Nebraska,FOX,later,3180.0,3346.1258352912337,current
567,2024,10/19/24,Louisville,Miami,ABC,later,4070.0,2766.0906477169856,current
568,2024,10/19/24,Rutgers,UCLA,FS1,later,426.0,390.97220957396195,current
569,2024,10/19/24,Coastal Carolina,Louisiana,ESPNU,later,54.0,81.971448673988,current
570,2024,10/19/24,Northwestern,Wisconsin,BTN,later,502.0,525.2949021653551,current
571,2024,10/19/24,Army,East Carolina,ESPN2,later,323.0,617.1387025460194,current
572,2024,10/19/24,Illinois,Michigan,CBS,later,3010.0,3191.2350809787376,current
573,2024,10/19/24,Tennessee,Alabama,ABC,later,10230.0,8606.1809406381,current
574,2024,10/19/24,Georgia Tech,Notre Dame,ESPN,later,1590.0,1567.7968564108253,current
575,2024,10/19/24,Washington St.,Hawaii,CW,later,258.0,291.70405904578445,current
576,2024,10/19/24,Texas Tech,Baylor,ESPN2,later,316.0,464.20156862389626,current
577,2024,10/19/24,Maryland,USC,FS1,later,516.0,441.43504683792787,current
578,2024,10/19/24,Arizona,Colorado,FOX,later,2020.0,3147.851422473149,current
579,2024,10/19/24,Arkansas,LSU,ESPN,later,1360.0,2835.3471894676977,current
580,2024,10/19/24,Iowa St.,UCF,FS1,later,526.0,695.8359950619938,current
581,2024,10/19/24,Memphis,North Texas,ESPNU,later,30.0,90.57035188924216,current
582,2024,10/19/24,Michigan St.,Iowa,NBC,later,1570.0,2029.9174508779588,current
583,2024,10/19/24,West Virginia,Kansas St.,FOX,later,1140.0,2045.9350903022203,current
584,2024,10/19/24,Texas,Georgia,ABC,later,13190.0,8771.116195069979,current
585,2024,10/19/24,Oregon St.,UNLV,CW,later,507.0,595.1757403014046,current
586,2024,10/19/24,Utah,TCU,ESPN,later,912.0,1030.2100911868702,current
587,2024,10/22/24,FIU,Sam Houston,ESPNU,later,132.0,97.14957787710668,current
588,2024,10/23/24,Jacksonville St.,Middle Tennessee St.,ESPN2,later,434.0,264.28210528121826,current
589,2024,10/24/24,Old Dominion,Georgia Southern,ESPN2,later,214.0,283.26770544293356,current
590,2024,10/24/24,Pittsburgh,Syracuse,ESPN,later,948.0,1620.2017699611313,current
591,2024,10/25/24,Boston College,Louisville,ESPN2,later,879.0,869.4222017795307,current
592,2024,10/25/24,USC,Rutgers,FOX,later,2010.0,1950.2346356780067,current
593,2024,10/26/24,Navy,Notre Dame,ABC,later,2790.0,3545.7919998515927,current
594,2024,10/26/24,Memphis,Charlotte,ESPNU,later,41.0,41.24811547166814,current
595,2024,10/26/24,Indiana,Washington,BTN,later,1070.0,562.2940059134498,current
596,2024,10/26/24,North Texas,Tulane,ESPN2,later,130.0,187.0544782353769,current
597,2024,10/26/24,Ohio St.,Nebraska,FOX,later,5960.0,6881.31601426757,current
598,2024,10/26/24,Mississippi,Oklahoma,ESPN,later,2600.0,1998.1506114337578,current
599,2024,10/26/24,Virginia,North Carolina,CW,later,398.0,470.0923476070566,current
600,2024,10/26/24,Minnesota,Maryland,FS1,later,340.0,510.1593737236563,current
601,2024,10/26/24,Alabama,Missouri,ABC,later,5540.0,5301.372779201529,current
602,2024,10/26/24,Iowa,Northwestern,BTN,later,609.0,530.0065550214556,current
603,2024,10/26/24,Oregon,Illinois,CBS,later,2750.0,3925.6880919890264,current
604,2024,10/26/24,UCF,BYU,ESPN,later,1240.0,1248.2820231822755,current
605,2024,10/26/24,TCU,Texas Tech,FOX,later,2360.0,1723.9410661037539,current
606,2024,10/26/24,California,Oregon St.,ESPN2,later,183.0,461.9691932272816,current
607,2024,10/26/24,Arizona,West Virginia,FS1,later,347.0,517.072267547734,current
608,2024,10/26/24,Miami,Florida St.,ESPN,later,1530.0,2054.370954945101,current
609,2024,10/26/24,Wisconsin,Penn St.,NBC,later,3340.0,4016.3030467401245,current
610,2024,10/26/24,Texas A&M,LSU,ABC,later,5060.0,6510.763242509347,current
611,2024,10/26/24,Michigan,Michigan St.,BTN,later,1730.0,1208.4968680650782,current
612,2024,10/26/24,Kansas St.,Kansas,ESPN2,later,708.0,626.6144950319508,current
613,2024,10/26/24,Colorado,Cincinnati,ESPN,later,2340.0,2918.757883391019,current
614,2024,10/29/24,Texas St.,Louisiana,ESPN2,later,227.0,313.11404284521393,current
615,2024,10/29/24,Sam Houston,Louisiana Tech,ESPNU,later,33.0,97.88614441633075,current
616,2024,10/30/24,Western Kentucky,Kennesaw St.,ESPN2,later,182.0,299.44606833825276,current
617,2024,10/31/24,Charlotte,Tulane,ESPN,later,492.0,241.1667641302938,current
618,2024,11/1/24,FAU,South Florida,ESPN2,later,562.0,388.32950309251976,current
619,2024,11/1/24,Boise St.,San Diego St.,FS1,later,656.0,733.5474809920318,current
620,2024,11/2/24,Illinois,Minnesota,FS1,later,551.0,551.3409999601338,current
621,2024,11/2/24,Penn St.,Ohio St.,FOX,later,9770.0,10641.332947218103,current
622,2024,11/2/24,UTSA,Memphis,ESPN2,later,147.0,166.38317607875672,current
623,2024,11/2/24,Miami,Duke,ABC,later,1960.0,1958.0597443527795,current
624,2024,11/2/24,Eastern Michigan,Toledo,ESPNU,later,27.0,55.02644831691822,current
625,2024,11/2/24,Arkansas,Mississippi,ESPN,later,1180.0,1708.193724667559,current
626,2024,11/2/24,Houston,Kansas St.,FOX,later,1510.0,1513.003365508584,current
627,2024,11/2/24,Nebraska,UCLA,BTN,later,882.0,738.0319977722488,current
628,2024,11/2/24,Georgia,Florida,ABC,later,6970.0,6765.313894016641,current
629,2024,11/2/24,Iowa St.,Texas Tech,ESPN,later,1240.0,1614.2271975567019,current
630,2024,11/2/24,UCF,Arizona,FS1,later,213.0,450.86877647725623,current
631,2024,11/2/24,Rice,Navy,ESPN2,later,218.0,209.45186768003006,current
632,2024,11/2/24,South Alabama,Georgia Southern,ESPNU,later,18.0,89.63779183080041,current
633,2024,11/2/24,Washington,USC,BTN,later,727.0,659.4352909171056,current
634,2024,11/2/24,Clemson,Louisville,ESPN,later,1430.0,1669.408595170257,current
635,2024,11/2/24,South Carolina,Texas A&M,ABC,later,5560.0,4828.203504542909,current
636,2024,11/2/24,Iowa,Wisconsin,NBC,later,2730.0,2286.414105919463,current
637,2024,11/2/24,Baylor,TCU,ESPN2,later,483.0,592.296915315206,current
638,2024,11/5/24,Central Michigan,Bowling Green,ESPN2,later,286.0,425.29508348229336,current
639,2024,11/5/24,Ball St.,Miami Ohio,ESPN,later,378.0,530.0326337957172,current
640,2024,11/6/24,Kent St.,Ohio,ESPNU,later,49.0,99.69450649892266,current
641,2024,11/6/24,Western Michigan,Northern Illinois,ESPN2,later,442.0,376.13608215975125,current
642,2024,11/7/24,East Carolina,FAU,ESPN2,later,196.0,354.55453929765054,current
643,2024,11/7/24,Coastal Carolina,Appalachian St.,ESPN,later,412.0,592.9354676821956,current
644,2024,11/8/24,Memphis,Rice,ESPN2,later,407.0,276.86889031883163,current
645,2024,11/8/24,UCLA,Iowa,FOX,later,1890.0,2255.1425039576316,current
646,2024,11/9/24,Texas,Florida,ABC,later,3700.0,5912.350970729111,current
647,2024,11/9/24,Georgia Tech,Miami,ESPN,later,3460.0,1728.0115172717562,current
648,2024,11/9/24,South Florida,Navy,ESPN2,later,247.0,247.92527873283035,current
649,2024,11/9/24,Louisiana Monroe,Texas St.,ESPNU,later,27.0,65.06727726205811,current
650,2024,11/9/24,Rutgers,Minnesota,NBC,later,1200.0,995.0476392893106,current
651,2024,11/9/24,Ohio St.,Purdue,FOX,later,3480.0,3646.6457555613506,current
652,2024,11/9/24,Indiana,Michigan,CBS,later,4390.0,4132.095629428299,current
653,2024,11/9/24,Virginia Tech,Clemson,ESPN,later,1440.0,1469.7343506004381,current
654,2024,11/9/24,Mississippi,Georgia,ABC,later,7080.0,5729.313969815116,current
655,2024,11/9/24,North Texas,Army,ESPN2,later,322.0,417.9073439507534,current
656,2024,11/9/24,Tulane,Temple,ESPNU,later,22.0,50.713017081914266,current
657,2024,11/9/24,Texas Tech,Colorado,FOX,later,3680.0,4609.150592476438,current
658,2024,11/9/24,Arizona St.,UCF,ESPN2,later,378.0,416.01145553137377,current
659,2024,11/9/24,TCU,Oklahoma St.,FS1,later,355.0,403.1259689629537,current
660,2024,11/9/24,Oregon,Maryland,BTN,later,817.0,730.1060386780975,current
661,2024,11/9/24,Tennessee,Mississippi St.,ESPN,later,1600.0,2158.5565414770913,current
662,2024,11/9/24,LSU,Alabama,ABC,later,7900.0,8085.932144710162,current
663,2024,11/9/24,Notre Dame,Florida St.,NBC,later,2190.0,3091.947818235156,current
664,2024,11/9/24,Boise St.,Nevada,FOX,later,1530.0,851.8647891163943,current
665,2024,11/9/24,Utah,BYU,ESPN,later,2070.0,1982.4905501362819,current
666,2024,11/9/24,Washington St.,Utah St.,CW,later,371.0,545.1213816203951,current
667,2024,11/12/24,Toledo,Central Michigan,ESPNU,later,56.0,87.52043303798413,current
668,2024,11/12/24,Bowling Green,Western Michigan,ESPN2,later,269.0,472.63410414762654,current
669,2024,11/13/24,Ohio,Eastern Michigan,ESPN2,later,381.0,332.54455325149615,current
670,2024,11/13/24,Miami Ohio,Kent St.,ESPNU,later,70.0,122.15164525662172,current
671,2024,11/14/24,Tulsa,East Carolina,ESPN,later,563.0,604.053822144489,current
672,2024,11/15/24,UTSA,North Texas,ESPN2,later,313.0,281.2990761864578,current
673,2024,11/15/24,Washington,UCLA,FOX,later,1260.0,1957.196651492754,current
674,2024,11/16/24,Pittsburgh,Clemson,ESPN,later,1850.0,1709.2793823013958,current
675,2024,11/16/24,Northwestern,Ohio St.,BTN,later,1890.0,1315.1408743963154,current
676,2024,11/16/24,Arkansas,Texas,ABC,later,4560.0,4489.531569123121,current
677,2024,11/16/24,Navy,Tulane,ESPN2,later,269.0,325.5283911603609,current
678,2024,11/16/24,Colorado,Utah,FOX,later,4000.0,3917.838006343014,current
679,2024,11/16/24,California,Syracuse,CW,later,298.0,467.40675813722464,current
680,2024,11/16/24,SMU,Boston College,ESPN,later,957.0,572.0272909594644,current
681,2024,11/16/24,Notre Dame,Virginia,NBC,later,1960.0,2413.997809393542,current
682,2024,11/16/24,Purdue,Penn St.,CBS,later,1800.0,2804.038787546038,current
683,2024,11/16/24,Florida,LSU,ABC,later,6020.0,4793.06420513758,current
684,2024,11/16/24,West Virginia,Baylor,ESPN2,later,513.0,612.9500356184876,current
685,2024,11/16/24,Old Dominion,James Madison,ESPNU,later,45.0,61.3397301964754,current
686,2024,11/16/24,USC,Nebraska,FOX,later,2980.0,2592.7425988472505,current
687,2024,11/16/24,Maryland,Rutgers,FS1,later,304.0,364.8648878534102,current
688,2024,11/16/24,Kansas St.,Arizona St.,ESPN,later,849.0,1133.465789595984,current
689,2024,11/16/24,Wisconsin,Oregon,NBC,later,4120.0,3087.7302006010977,current
690,2024,11/16/24,Georgia,Tennessee,ABC,later,9960.0,8591.852893967689,current
691,2024,11/16/24,Iowa St.,Cincinnati,FOX,later,1000.0,1291.1869672355704,current
692,2024,11/16/24,Memphis,UAB,ESPN2,later,117.0,207.36906405592458,current
693,2024,11/16/24,New Mexico,Washington St.,FS1,later,244.0,237.35866389012878,current
694,2024,11/16/24,BYU,Kansas,ESPN,later,1750.0,1785.782830666215,current
695,2024,11/19/24,Central Michigan,Western Michigan,ESPN2,later,236.0,335.1152418079976,current
696,2024,11/19/24,Miami Ohio,Northern Illinois,ESPN,later,497.0,657.2918849205939,current
697,2024,11/20/24,Eastern Michigan,Buffalo,ESPNU,later,64.0,120.61268403257024,current
698,2024,11/20/24,Toledo,Ohio,ESPN2,later,414.0,286.75664345962986,current
699,2024,11/21/24,Georgia Tech,North Carolina St.,ESPN,later,897.0,908.5132068287062,current
700,2024,11/22/24,UTSA,Temple,ESPN2,later,512.0,286.36134404890316,current
701,2024,11/22/24,Michigan St.,Purdue,FOX,later,1840.0,2695.7388193949546,current
702,2024,11/23/24,Florida,Mississippi,ABC,later,3820.0,4597.05181084365,current
703,2024,11/23/24,Maryland,Iowa,BTN,later,419.0,430.5012983977048,current
704,2024,11/23/24,Ohio St.,Indiana,FOX,later,9320.0,6293.073531221161,current
705,2024,11/23/24,Virginia,SMU,ESPN2,later,262.0,430.68404033740967,current
706,2024,11/23/24,Miami,Wake Forest,ESPN,later,985.0,983.3641729265221,current
707,2024,11/23/24,Nebraska,Wisconsin,BTN,later,1140.0,970.6068265321466,current
708,2024,11/23/24,Michigan,Northwestern,FS1,later,975.0,760.1645720422036,current
709,2024,11/23/24,Texas,Kentucky,ABC,later,4470.0,4136.272516177667,current
710,2024,11/23/24,Arizona St.,BYU,ESPN,later,1310.0,2122.4411277662425,current
711,2024,11/23/24,Kansas,Colorado,FOX,later,6220.0,5071.403752931874,current
712,2024,11/23/24,West Virginia,UCF,ESPNU,later,117.0,229.83024304169817,current
713,2024,11/23/24,Louisville,Pittsburgh,ESPN2,later,240.0,539.7692336703542,current
714,2024,11/23/24,Houston,Baylor,FS1,later,210.0,283.24683788409595,current
715,2024,11/23/24,Notre Dame,Army,NBC,later,3890.0,5275.742797233147,current
716,2024,11/23/24,Oregon St.,Washington St.,CW,later,695.0,529.9243530072443,current
717,2024,11/23/24,Utah,Iowa St.,FOX,later,1910.0,1363.9488249695846,current
718,2024,11/23/24,Old Dominion,Marshall,ESPNU,later,48.0,75.31157209219856,current
719,2024,11/23/24,Auburn,Texas A&M,ESPN,later,2530.0,2026.0603033977359,current
720,2024,11/23/24,Oklahoma,Alabama,ABC,later,6980.0,5927.604660159657,current
721,2024,11/23/24,Kansas St.,Cincinnati,ESPN2,later,369.0,474.3319598434446,current
722,2024,11/23/24,UCLA,USC,NBC,later,2160.0,1834.1293706430258,current
723,2024,11/23/24,Nevada,Air Force,FS1,later,98.0,149.0620377837128,current
724,2024,11/26/24,Akron,Toledo,ESPN2,later,347.0,235.4765115024623,current
725,2024,11/28/24,Tulane,Memphis,ESPN,later,655.0,794.5769012334536,current
726,2024,11/29/24,East Carolina,Navy,ESPN,later,626.0,707.8158245019954,current
727,2024,11/29/24,Boise St.,Oregon St.,FOX,later,1700.0,1693.9394976368644,current
728,2024,11/29/24,Wisconsin,Minnesota,CBS,later,2770.0,3700.704198868947,current
729,2024,11/29/24,Colorado,Oklahoma St.,ABC,later,3310.0,7157.779701679714,current
730,2024,11/29/24,Bowling Green,Miami Ohio,ESPNU,later,46.0,152.1803610490537,current
731,2024,11/29/24,Mississippi,Mississippi St.,ABC,later,4330.0,3344.863682698776,current
732,2024,11/29/24,Georgia,Georgia Tech,ABC,later,8470.0,5339.47957602297,current
733,2024,11/29/24,Iowa,Nebraska,NBC,later,3600.0,3057.900578474579,current
734,2024,11/29/24,UCF,Utah,FOX,later,844.0,1405.1339750903621,current
735,2024,11/30/24,Texas Tech,West Virginia,FS1,later,294.0,467.2619245751969,current
736,2024,11/30/24,Louisiana Monroe,Louisiana,ESPNU,later,9.0,55.71093918262047,current
737,2024,11/30/24,Ohio St.,Michigan,FOX,later,12300.0,10879.862284681572,current
738,2024,11/30/24,Northwestern,Illinois,BTN,later,275.0,337.81891213924507,current
739,2024,11/30/24,Clemson,South Carolina,ESPN,later,2400.0,2427.812914508423,current
740,2024,11/30/24,Baylor,Kansas,ESPN2,later,412.0,431.77181118960243,current
741,2024,11/30/24,Vanderbilt,Tennessee,ABC,later,3610.0,2403.816935397379,current
742,2024,11/30/24,SMU,California,ESPN2,later,228.0,508.27450254409,current
743,2024,11/30/24,Michigan St.,Rutgers,FS1,later,556.0,682.15275682127,current
744,2024,11/30/24,Alabama,Auburn,ABC,later,7160.0,8471.749647598841,current
745,2024,11/30/24,Syracuse,Miami,ESPN,later,2110.0,1873.922499474972,current
746,2024,11/30/24,Western Kentucky,Jacksonville St.,ESPNU,later,20.0,76.66014799443624,current
747,2024,11/30/24,Washington St.,Wyoming,CW,later,399.0,362.44859354693835,current
748,2024,11/30/24,Florida St.,Florida,ESPN2,later,1370.0,1089.1071680061018,current
749,2024,11/30/24,LSU,Oklahoma,ESPN,later,2090.0,2214.6310476061904,current
750,2024,11/30/24,Indiana,Purdue,FS1,later,717.0,660.918061486354,current
751,2024,11/30/24,Oregon,Washington,NBC,later,2570.0,2684.793851623039,current
752,2024,11/30/24,Iowa St.,Kansas St.,FOX,later,2010.0,1868.1862308719742,current
753,2024,11/30/24,Texas A&M,Texas,ABC,later,9450.0,7264.725407731408,current
754,2024,11/30/24,James Madison,Marshall,ESPNU,later,37.0,80.73773615588776,current
755,2024,11/30/24,BYU,Houston,ESPN,later,1560.0,1141.058966999305,current
756,2024,11/30/24,San Diego St.,Air Force,FS1,later,157.0,159.06537829979655,current
757,2024,12/6/24,Army,Tulane,ABC,later,2000.0,2706.822886634216,current
758,2024,12/6/24,Boise St.,UNLV,FOX,later,3010.0,4067.4531413683317,current
759,2024,12/7/24,Arizona St.,Iowa St.,ABC,later,6900.0,4026.3844945655933,current
760,2024,12/7/24,Miami Ohio,Ohio,ESPN,later,1130.0,571.5000590971126,current
761,2024,12/7/24,Texas,Georgia,ABC,later,16630.0,14301.52117870991,current
762,2024,12/7/24,Louisiana,Marshall,ESPN,later,392.0,493.9144930125808,current
763,2024,12/7/24,SMU,Clemson,ABC,later,5980.0,4448.703186410752,current
764,2024,12/7/24,Oregon,Penn St.,CBS,later,10500.0,8847.898512277345,current
765,2024,12/14/24,Army,Navy,CBS,later,9400.0,10677.53684794562,current
361,2024,9/1/24,USC,LSU,ABC,Week1,8620.0,7978.410448468938,gameday
362,2024,8/31/24,Notre Dame,Texas A&M,ABC,Week1,7920.0,8648.231538303413,gameday
363,2024,8/31/24,Clemson,Georgia,ABC,Week1,7580.0,6315.702399533421,gameday
364,2024,8/31/24,Miami,Florida,ABC,Week1,6350.0,3890.3772125709315,gameday
365,2024,8/24/24,Florida St.,Georgia Tech,ESPN,Week0,4990.0,3303.079259332145,gameday
366,2024,9/2/24,Boston College,Florida St.,ESPN,Week1,4440.0,4804.092573479029,gameday
367,2024,8/31/24,Penn St.,West Virginia,FOX,Week1,2990.0,4266.740949669278,gameday
368,2024,8/31/24,Akron,Ohio St.,CBS,Week1,2970.0,2476.251289132609,gameday
369,2024,8/31/24,Fresno St.,Michigan,NBC,Week1,2560.0,2322.4087162704104,gameday
370,2024,8/31/24,Western Kentucky,Alabama,ESPN,Week1,1850.0,1657.4829352464053,gameday
371,2024,8/31/24,Colorado St.,Texas,ESPN,Week1,1840.0,1917.2300599681087,gameday
372,2024,8/29/24,North Carolina,Minnesota,FOX,Week1,1830.0,2144.1048739980324,gameday
373,2024,8/31/24,UTEP,Nebraska,FOX,Week1,1670.0,2023.9026460713255,gameday
374,2024,8/30/24,Temple,Oklahoma,ESPN,Week1,1650.0,1638.1081563598595,gameday
375,2024,8/30/24,TCU,Stanford,ESPN,Week1,1490.0,1215.9484269838867,gameday
376,2024,8/31/24,Virginia Tech,Vanderbilt,ESPN,Week1,1450.0,869.8285400268776,gameday
377,2024,8/31/24,UCLA,Hawaii,CBS,Week1,1130.0,932.1752986696517,gameday
378,2024,8/30/24,Western Michigan,Wisconsin,FS1,Week1,963.0,664.6255033635224,gameday
379,2024,8/31/24,New Mexico,Arizona,ESPN,Week1,953.0,842.6679587557135,gameday
380,2024,8/30/24,FAU,Michigan St.,BTN,Week1,744.0,692.2065570736731,gameday
381,2024,8/31/24,Idaho,Oregon,BTN,Week1,425.0,444.6342259915864,gameday
382,2024,8/31/24,North Dakota,Iowa St.,FS1,Week1,315.0,351.5943924745736,gameday
383,2024,8/29/24,Howard,Rutgers,BTN,Week1,269.0,294.6559303304976,gameday
384,2024,8/31/24,Wyoming,Arizona St.,FS1,Week1,253.0,346.08719481576156,gameday
385,2024,8/31/24,UNLV,Houston,FS1,Week1,172.0,275.8253743814106,gameday
386,2024,8/31/24,Boise St.,Georgia Southern,ESPNU,Week1,158.0,137.26257150767927,gameday
387,2024,8/31/24,Connecticut,Maryland,FS1,Week1,133.0,231.37808479565086,gameday
388,2024,8/29/24,Eastern Illinois,Illinois,BTN,Week1,112.0,235.2000903417262,gameday
389,2024,8/31/24,Kent St.,Pittsburgh,ESPNU,Week1,82.0,158.07132707552026,gameday
390,2024,9/6/24,SMU,BYU,ESPN2,later,917.0,781.5622186277535,gameday
391,2024,9/7/24,Northwestern,Duke,FS1,later,514.0,282.92342538404205,gameday
392,2024,9/7/24,Michigan,Texas,FOX,later,9190.0,11316.38521948319,gameday
393,2024,9/7/24,Oklahoma St.,Arkansas,ABC,later,2800.0,2498.177505552034,gameday
394,2024,9/7/24,Tulane,Kansas St.,ESPN,later,790.0,776.902966752825,gameday
395,2024,9/7/24,Memphis,Troy,ESPNU,later,20.0,72.32940400402637,gameday
396,2024,9/7/24,Cincinnati,Pittsburgh,ESPN2,later,304.0,519.2005267001348,gameday
397,2024,9/7/24,Notre Dame,Northern Illinois,ABC,later,3930.0,2949.6107523137953,gameday
398,2024,9/7/24,Utah,Baylor,FOX,later,2080.0,1672.9180449856235,gameday
399,2024,9/7/24,Wisconsin,South Dakota,FS1,later,537.0,468.861101904828,gameday
400,2024,9/7/24,Kentucky,South Carolina,ABC,later,2730.0,2364.65937604611,gameday
401,2024,9/7/24,Auburn,California,ESPN2,later,1120.0,811.1970300722357,gameday
402,2024,9/7/24,Iowa,Iowa St.,CBS,later,2280.0,2441.3701500210523,gameday
403,2024,9/7/24,Texas St.,UTSA,ESPNU,later,24.0,71.31503807262378,gameday
404,2024,9/7/24,Virginia Tech,Marshall,CW,later,407.0,556.3091114607194,gameday
405,2024,9/7/24,Wake Forest,Virginia,ESPN2,later,358.0,394.2545009328036,gameday
406,2024,9/7/24,Alabama,South Florida,ESPN,later,2580.0,1894.018963231013,gameday
407,2024,9/7/24,Illinois,Kansas,FS1,later,841.0,575.7263016461511,gameday
408,2024,9/7/24,Ohio St.,Western Michigan,BTN,later,1720.0,1194.2727455607137,gameday
409,2024,9/7/24,North Carolina St.,Tennessee,ABC,later,2960.0,3714.299958302167,gameday
410,2024,9/7/24,Vanderbilt,Alcorn State,ESPNU,later,17.0,111.7239905206253,gameday
411,2024,9/7/24,Nebraska,Colorado,NBC,later,5670.0,5470.918587409241,gameday
412,2024,9/7/24,New Mexico St.,Liberty,ESPN2,later,160.0,257.52264593929686,gameday
413,2024,9/7/24,Arizona St.,Mississippi St.,ESPN,later,954.0,1307.957443481371,gameday
414,2024,9/7/24,USC,Utah St.,BTN,later,589.0,629.0502112192947,gameday
415,2024,9/12/24,Texas St.,Arizona St.,ESPN,later,993.0,827.6655531007375,gameday
416,2024,9/13/24,Kansas,UNLV,ESPN,later,1320.0,1295.929634050563,gameday
417,2024,9/13/24,Kansas St.,Arizona,FOX,later,2580.0,3862.8648782508503,gameday
418,2024,9/14/24,South Carolina,LSU,ABC,later,4940.0,4591.899954708794,gameday
419,2024,9/14/24,Miami Ohio,Cincinnati,ESPNU,later,51.0,157.03018627412445,gameday
420,2024,9/14/24,Michigan,Arkansas St.,BTN,later,979.0,604.8595131469223,gameday
421,2024,9/14/24,Texas Tech,North Texas,FS1,later,138.0,286.56914330496727,gameday
422,2024,9/14/24,Florida St.,Memphis,ESPN,later,1590.0,1162.567832368491,gameday
423,2024,9/14/24,Wisconsin,Alabama,FOX,later,5030.0,6025.368166557454,gameday
424,2024,9/14/24,Tulsa,Oklahoma St.,ESPN2,later,308.0,525.0639765485596,gameday
425,2024,9/14/24,Pittsburgh,West Virginia,ESPN2,later,1150.0,965.3252012998612,gameday
426,2024,9/14/24,Purdue,Notre Dame,CBS,later,2280.0,3525.3713600246365,gameday
427,2024,9/14/24,Oklahoma,Tulane,ESPN,later,1390.0,1298.7376924160428,gameday
428,2024,9/14/24,Florida,Texas A&M,ABC,later,4800.0,4125.691973236821,gameday
429,2024,9/14/24,Oregon St.,Oregon,FOX,later,2820.0,2989.8120996945245,gameday
430,2024,9/14/24,East Carolina,Appalachian St.,ESPNU,later,81.0,157.1738968997139,gameday
431,2024,9/14/24,Iowa,Troy,FS1,later,446.0,378.80703293415877,gameday
432,2024,9/14/24,Wake Forest,Mississippi,CW,later,419.0,847.6894653011085,gameday
433,2024,9/14/24,Texas,UTSA,ESPN,later,1480.0,1519.7280297022953,gameday
434,2024,9/14/24,Mississippi St.,Toledo,ESPNU,later,69.0,133.55298706944797,gameday
435,2024,9/14/24,Auburn,New Mexico,ESPN2,later,662.0,457.569034576401,gameday
436,2024,9/14/24,Baylor,Air Force,FS1,later,128.0,290.9049596498128,gameday
437,2024,9/14/24,UCLA,Indiana,NBC,later,1290.0,1069.5781673796023,gameday
438,2024,9/14/24,Kentucky,Georgia,ABC,later,6600.0,4122.602400023252,gameday
439,2024,9/14/24,Colorado St.,Colorado,CBS,later,3250.0,3420.896147388998,gameday
440,2024,9/14/24,TCU,UCF,FOX,later,1030.0,1478.4956594668943,gameday
441,2024,9/14/24,California,San Diego St.,ESPN,later,938.0,832.2779991370984,gameday
442,2024,9/19/24,Appalachian St.,South Alabama,ESPN,later,629.0,859.8808789873098,gameday
443,2024,9/20/24,Syracuse,Stanford,ESPN,later,1370.0,1286.1523694817242,gameday
444,2024,9/20/24,Nebraska,Illinois,FOX,later,4210.0,4458.84430527487,gameday
445,2024,9/20/24,Washington St.,San Jose St.,CW,later,542.0,807.4757484218339,gameday
446,2024,9/21/24,Ohio St.,Marshall,FOX,later,3960.0,2911.231374381262,gameday
447,2024,9/21/24,West Virginia,Kansas,ESPN2,later,1150.0,823.1157453861583,gameday
448,2024,9/21/24,Louisiana,Tulane,ESPNU,later,86.0,94.57343899220666,gameday
449,2024,9/21/24,Mississippi St.,Florida,ESPN,later,2640.0,2377.8660355811344,gameday
450,2024,9/21/24,Cincinnati,Houston,FS1,later,195.0,370.9059673239952,gameday
451,2024,9/21/24,Clemson,North Carolina St.,ABC,later,1950.0,2421.9277337472204,gameday
452,2024,9/21/24,Notre Dame,Miami Ohio,NBC,later,1690.0,1789.0096457736483,gameday
453,2024,9/21/24,Auburn,Arkansas,ESPN,later,2020.0,1657.6816133492277,gameday
454,2024,9/21/24,Louisville,Georgia Tech,ESPN2,later,782.0,461.65798251972353,gameday
455,2024,9/21/24,Michigan,USC,CBS,later,6320.0,4103.071589059892,gameday
456,2024,9/21/24,Texas Tech,Arizona St.,FS1,later,410.0,510.99506498000903,gameday
457,2024,9/21/24,Penn St.,Kent St.,BTN,later,434.0,697.3793875373533,gameday
458,2024,9/21/24,LSU,UCLA,ABC,later,2730.0,2992.8387464267607,gameday
459,2024,9/21/24,Oklahoma St.,Utah,FOX,later,2140.0,2607.317734588633,gameday
460,2024,9/21/24,Middle Tennessee St.,Duke,ESPNU,later,53.0,91.57407960386232,gameday
461,2024,9/21/24,SMU,TCU,CW,later,322.0,376.98917646549546,gameday
462,2024,9/21/24,Florida St.,California,ESPN2,later,887.0,752.2464423333704,gameday
463,2024,9/21/24,South Florida,Miami,ESPN,later,1250.0,870.9182785184798,gameday
464,2024,9/21/24,Washington,Northwestern,FS1,later,378.0,515.1777055319428,gameday
465,2024,9/21/24,Minnesota,Iowa,NBC,later,1890.0,1571.1503410907112,gameday
466,2024,9/21/24,Oklahoma,Tennessee,ABC,later,6270.0,6888.356328394428,gameday
467,2024,9/21/24,South Carolina,Akron,ESPNU,later,89.0,182.18805627788663,gameday
468,2024,9/21/24,Colorado,Baylor,FOX,later,3640.0,3566.0366961805344,gameday
469,2024,9/21/24,Oregon St.,Purdue,CW,later,452.0,732.0963177921349,gameday
470,2024,9/21/24,Boise St.,Portland State,FS1,later,248.0,258.7036495378993,gameday
471,2024,9/21/24,BYU,Kansas St.,ESPN,later,1500.0,1730.6518388235181,gameday
472,2024,9/26/24,Temple,Army,ESPN,later,684.0,802.7944034279674,gameday
473,2024,9/27/24,Miami,Virginia Tech,ESPN,later,3260.0,2989.047191313425,gameday
474,2024,9/27/24,Rutgers,Washington,FOX,later,1930.0,2397.3025656259497,gameday
475,2024,9/28/24,Kansas St.,Oklahoma St.,ESPN,later,1880.0,2346.0500671170653,gameday
476,2024,9/28/24,Indiana,Maryland,BTN,later,547.0,386.8720488781031,gameday
477,2024,9/28/24,Tulane,South Florida,ESPNU,later,41.0,94.9566187917028,gameday
478,2024,9/28/24,Baylor,BYU,FS1,later,428.0,563.0609859376714,gameday
479,2024,9/28/24,UAB,Navy,ESPN2,later,185.0,314.6746271480057,gameday
480,2024,9/28/24,Mississippi,Kentucky,ABC,later,3990.0,3145.9641080933334,gameday
481,2024,9/28/24,North Carolina St.,Northern Illinois,CW,later,427.0,392.265852126538,gameday
482,2024,9/28/24,Michigan,Minnesota,FOX,later,3600.0,3957.3143694620803,gameday
483,2024,9/28/24,UCF,Colorado,FOX,later,4170.0,4428.913153005042,gameday
484,2024,9/28/24,Auburn,Oklahoma,ABC,later,5040.0,4249.470441586664,gameday
485,2024,9/28/24,Georgia St.,Georgia Southern,ESPNU,later,29.0,78.06097050002558,gameday
486,2024,9/28/24,Texas A&M,Arkansas,ESPN,later,1800.0,2243.7019068634545,gameday
487,2024,9/28/24,UNLV,Fresno St.,FS1,later,174.0,283.04039088092736,gameday
488,2024,9/28/24,Duke,North Carolina,ESPN2,later,521.0,587.816305440323,gameday
489,2024,9/28/24,Houston,Iowa St.,FS1,later,372.0,436.0175020201556,gameday
490,2024,9/28/24,Clemson,Stanford,ESPN,later,1000.0,1238.5888751721984,gameday
491,2024,9/28/24,Memphis,Middle Tennessee St.,ESPNU,later,39.0,75.25304207775727,gameday
492,2024,9/28/24,Alabama,Georgia,ABC,later,11990.0,11533.950024275966,gameday
493,2024,9/28/24,Penn St.,Illinois,NBC,later,3090.0,2593.4204854973755,gameday
494,2024,9/28/24,Texas Tech,Cincinnati,ESPN2,later,417.0,502.62008410351956,gameday
495,2024,9/28/24,Boise St.,Washington St.,FS1,later,535.0,515.0611354124243,gameday
496,2024,9/28/24,Utah,Arizona,ESPN,later,907.0,1404.2790614814517,gameday
497,2024,9/28/24,UCLA,Oregon,FOX,later,1500.0,2426.9957108136878,gameday
498,2024,10/3/24,Troy,Texas St.,ESPN2,later,343.0,267.636604075172,gameday
499,2024,10/4/24,TCU,Houston,ESPN,later,1510.0,955.2109220517902,gameday
500,2024,10/4/24,UNLV,Syracuse,FS1,later,698.0,545.6186507551754,gameday
501,2024,10/4/24,Oregon,Michigan St.,FOX,later,2840.0,4251.656068736012,gameday
502,2024,10/5/24,Texas A&M,Missouri,ABC,later,3270.0,3917.3440865250827,gameday
503,2024,10/5/24,Tulsa,Army,ESPNU,later,72.0,183.50600836278767,gameday
504,2024,10/5/24,Air Force,Navy,CBS,later,1280.0,1203.9641575915502,gameday
505,2024,10/5/24,North Carolina St.,Wake Forest,CW,later,446.0,389.0129362938244,gameday
506,2024,10/5/24,North Carolina,Pittsburgh,ESPN2,later,645.0,682.8369365397391,gameday
507,2024,10/5/24,Louisville,SMU,ESPN,later,1410.0,797.4479431462742,gameday
508,2024,10/5/24,Penn St.,UCLA,FOX,later,2750.0,3474.2196763484576,gameday
509,2024,10/5/24,Wisconsin,Purdue,BTN,later,588.0,684.9262275450176,gameday
510,2024,10/5/24,Charlotte,East Carolina,ESPNU,later,28.0,39.91709535716072,gameday
511,2024,10/5/24,Ohio St.,Iowa,CBS,later,4460.0,5381.21316831072,gameday
512,2024,10/5/24,Northwestern,Indiana,BTN,later,439.0,516.2722558863884,gameday
513,2024,10/5/24,South Carolina,Mississippi,ESPN,later,1230.0,2067.326691258123,gameday
514,2024,10/5/24,Georgia,Auburn,ABC,later,4930.0,4968.814637725499,gameday
515,2024,10/5/24,Nebraska,Rutgers,FS1,later,1030.0,901.1815820406443,gameday
516,2024,10/5/24,Oklahoma St.,West Virginia,ESPN2,later,634.0,820.0779991979205,gameday
517,2024,10/5/24,Oregon St.,Colorado St.,CW,later,568.0,446.48604828902705,gameday
518,2024,10/5/24,Florida St.,Clemson,ESPN,later,1410.0,2115.903990946519,gameday
519,2024,10/5/24,Boise St.,Utah St.,FS2,later,239.0,249.49039138898888,gameday
520,2024,10/5/24,Louisiana Monroe,James Madison,ESPNU,later,42.0,71.69405442189246,gameday
521,2024,10/5/24,Iowa St.,Baylor,FOX,later,1200.0,1668.9503334577028,gameday
522,2024,10/5/24,Minnesota,USC,BTN,later,701.0,739.8460739210074,gameday
523,2024,10/5/24,Arkansas,Tennessee,ABC,later,5290.0,4646.506561984839,gameday
524,2024,10/5/24,Washington,Michigan,NBC,later,4040.0,3622.4480900209496,gameday
525,2024,10/5/24,Arizona St.,Kansas,ESPN2,later,525.0,463.9168855775232,gameday
526,2024,10/5/24,California,Miami,ESPN,later,1920.0,2532.4945752599647,gameday
527,2024,10/5/24,Arizona,Texas Tech,FOX,later,943.0,1805.7538343266751,gameday
528,2024,10/9/24,Jacksonville St.,New Mexico St.,ESPN2,later,310.0,313.6285773429358,gameday
529,2024,10/10/24,James Madison,Coastal Carolina,ESPN2,later,390.0,328.66787483131486,gameday
530,2024,10/10/24,Western Kentucky,UTEP,ESPNU,later,81.0,93.66292340897114,gameday
531,2024,10/11/24,Maryland,Northwestern,FS1,later,712.0,555.7593327589004,gameday
532,2024,10/11/24,Arizona St.,Utah,ESPN,later,1290.0,1354.0528618790622,gameday
533,2024,10/12/24,Rutgers,Wisconsin,BTN,later,620.0,567.8218875567442,gameday
534,2024,10/12/24,Iowa,Washington,FOX,later,2370.0,2407.0888959551703,gameday
535,2024,10/12/24,Alabama,South Carolina,ABC,later,6000.0,5791.359979724839,gameday
536,2024,10/12/24,Buffalo,Toledo,ESPNU,later,40.0,75.18477975408072,gameday
537,2024,10/12/24,Massachusetts,Missouri,ESPN2,later,276.0,343.99842910672874,gameday
538,2024,10/12/24,Wake Forest,Clemson,ESPN,later,1300.0,1334.5254614858147,gameday
539,2024,10/12/24,North Carolina,Georgia Tech,CW,later,541.0,435.7989818077297,gameday
540,2024,10/12/24,Illinois,Purdue,FS1,later,440.0,549.3347779693952,gameday
541,2024,10/12/24,UCF,Cincinnati,ESPN2,later,280.0,472.2432693038911,gameday
542,2024,10/12/24,Pittsburgh,California,ESPN,later,741.0,1068.0364018785858,gameday
543,2024,10/12/24,USC,Penn St.,CBS,later,4280.0,3774.5913540962247,gameday
544,2024,10/12/24,Oklahoma,Texas,ABC,later,7630.0,5812.010327814914,gameday
545,2024,10/12/24,Notre Dame,Stanford,NBC,later,1870.0,1786.7009842152493,gameday
546,2024,10/12/24,Central Michigan,Ohio,ESPNU,later,24.0,70.22141720557711,gameday
547,2024,10/12/24,BYU,Arizona,FOX,later,1310.0,1737.4699679433675,gameday
548,2024,10/12/24,FAU,North Texas,ESPN2,later,82.0,155.62462412756923,gameday
549,2024,10/12/24,Fresno St.,Washington St.,FS1,later,246.0,291.6703457306379,gameday
550,2024,10/12/24,Tennessee,Florida,ESPN,later,3250.0,3071.0737813372302,gameday
551,2024,10/12/24,LSU,Mississippi,ABC,later,4240.0,4608.506062209239,gameday
552,2024,10/12/24,Oregon,Ohio St.,NBC,later,9600.0,5768.141011493857,gameday
553,2024,10/12/24,West Virginia,Iowa St.,FOX,later,1220.0,2200.304109465922,gameday
554,2024,10/12/24,Georgia Southern,Marshall,ESPNU,later,15.0,79.35791388538848,gameday
555,2024,10/12/24,UCLA,Minnesota,BTN,later,312.0,352.00066096206103,gameday
556,2024,10/12/24,Colorado,Kansas St.,ESPN,later,3260.0,4669.150994367852,gameday
557,2024,10/15/24,South Alabama,Troy,ESPN2,later,352.0,221.67938747689968,gameday
558,2024,10/15/24,New Mexico St.,Louisiana Tech,ESPNU,later,64.0,71.95203978100109,gameday
559,2024,10/16/24,Sam Houston,Western Kentucky,ESPN2,later,403.0,306.38411663796364,gameday
560,2024,10/17/24,Marshall,Georgia St.,ESPN2,later,209.0,329.3726908926684,gameday
561,2024,10/17/24,Virginia Tech,Boston College,ESPN,later,712.0,1052.6096525725611,gameday
562,2024,10/18/24,Duke,Florida St.,ESPN,later,1260.0,1297.3499453171607,gameday
563,2024,10/18/24,Purdue,Oregon,FOX,later,2150.0,3940.039712351497,gameday
564,2024,10/18/24,BYU,Oklahoma St.,ESPN,later,1660.0,1729.2374367377647,gameday
565,2024,10/19/24,Missouri,Auburn,ESPN,later,2450.0,1628.8419306271803,gameday
566,2024,10/19/24,Indiana,Nebraska,FOX,later,3180.0,3302.0892308715293,gameday
567,2024,10/19/24,Louisville,Miami,ABC,later,4070.0,2686.9024640601356,gameday
568,2024,10/19/24,Rutgers,UCLA,FS1,later,426.0,388.6310402971154,gameday
569,2024,10/19/24,Coastal Carolina,Louisiana,ESPNU,later,54.0,82.0345120634372,gameday
570,2024,10/19/24,Northwestern,Wisconsin,BTN,later,502.0,522.0176550459403,gameday
571,2024,10/19/24,Army,East Carolina,ESPN2,later,323.0,618.0243647771724,gameday
572,2024,10/19/24,Illinois,Michigan,CBS,later,3010.0,3223.5743735016995,gameday
573,2024,10/19/24,Tennessee,Alabama,ABC,later,10230.0,8277.108277629211,gameday
574,2024,10/19/24,Georgia Tech,Notre Dame,ESPN,later,1590.0,1557.9055741354641,gameday
575,2024,10/19/24,Washington St.,Hawaii,CW,later,258.0,293.65418740970495,gameday
576,2024,10/19/24,Texas Tech,Baylor,ESPN2,later,316.0,471.0315669845961,gameday
577,2024,10/19/24,Maryland,USC,FS1,later,516.0,443.59542606158584,gameday
578,2024,10/19/24,Arizona,Colorado,FOX,later,2020.0,3175.551099044206,gameday
579,2024,10/19/24,Arkansas,LSU,ESPN,later,1360.0,2824.4236210625686,gameday
580,2024,10/19/24,Iowa St.,UCF,FS1,later,526.0,687.3827516940369,gameday
581,2024,10/19/24,Memphis,North Texas,ESPNU,later,30.0,89.10906637642972,gameday
582,2024,10/19/24,Michigan St.,Iowa,NBC,later,1570.0,2045.9627288405038,gameday
583,2024,10/19/24,West Virginia,Kansas St.,FOX,later,1140.0,2053.3369384057405,gameday
584,2024,10/19/24,Texas,Georgia,ABC,later,13190.0,9096.137796694708,gameday
585,2024,10/19/24,Oregon St.,UNLV,CW,later,507.0,594.425728936831,gameday
586,2024,10/19/24,Utah,TCU,ESPN,later,912.0,1015.7355272431439,gameday
587,2024,10/22/24,FIU,Sam Houston,ESPNU,later,132.0,96.962048263582,gameday
588,2024,10/23/24,Jacksonville St.,Middle Tennessee St.,ESPN2,later,434.0,263.19478145339644,gameday
589,2024,10/24/24,Old Dominion,Georgia Southern,ESPN2,later,214.0,282.83589928064106,gameday
590,2024,10/24/24,Pittsburgh,Syracuse,ESPN,later,948.0,1624.0673728837871,gameday
591,2024,10/25/24,Boston College,Louisville,ESPN2,later,879.0,863.8777248354326,gameday
592,2024,10/25/24,USC,Rutgers,FOX,later,2010.0,1930.3483830422892,gameday
593,2024,10/26/24,Navy,Notre Dame,ABC,later,2790.0,3428.417698512274,gameday
594,2024,10/26/24,Memphis,Charlotte,ESPNU,later,41.0,40.93661915701054,gameday
595,2024,10/26/24,Indiana,Washington,BTN,later,1070.0,678.5542455500429,gameday
596,2024,10/26/24,North Texas,Tulane,ESPN2,later,130.0,187.21126852224984,gameday
597,2024,10/26/24,Ohio St.,Nebraska,FOX,later,5960.0,6781.461677370131,gameday
598,2024,10/26/24,Mississippi,Oklahoma,ESPN,later,2600.0,2006.8654744500152,gameday
599,2024,10/26/24,Virginia,North Carolina,CW,later,398.0,469.8898673393962,gameday
600,2024,10/26/24,Minnesota,Maryland,FS1,later,340.0,507.3325523862824,gameday
601,2024,10/26/24,Alabama,Missouri,ABC,later,5540.0,5139.280766670895,gameday
602,2024,10/26/24,Iowa,Northwestern,BTN,later,609.0,534.738837711688,gameday
603,2024,10/26/24,Oregon,Illinois,CBS,later,2750.0,3842.5584298710855,gameday
604,2024,10/26/24,UCF,BYU,ESPN,later,1240.0,1238.5468252587327,gameday
605,2024,10/26/24,TCU,Texas Tech,FOX,later,2360.0,1717.8853471107454,gameday
606,2024,10/26/24,California,Oregon St.,ESPN2,later,183.0,467.404325156319,gameday
607,2024,10/26/24,Arizona,West Virginia,FS1,later,347.0,519.354425924567,gameday
608,2024,10/26/24,Miami,Florida St.,ESPN,later,1530.0,2049.59560696924,gameday
609,2024,10/26/24,Wisconsin,Penn St.,NBC,later,3340.0,3983.643829218457,gameday
610,2024,10/26/24,Texas A&M,LSU,ABC,later,5060.0,6202.2751398796645,gameday
611,2024,10/26/24,Michigan,Michigan St.,BTN,later,1730.0,1196.9259643971136,gameday
612,2024,10/26/24,Kansas St.,Kansas,ESPN2,later,708.0,625.6661668409083,gameday
613,2024,10/26/24,Colorado,Cincinnati,ESPN,later,2340.0,2876.8428200772773,gameday
614,2024,10/29/24,Texas St.,Louisiana,ESPN2,later,227.0,311.8121713982472,gameday
615,2024,10/29/24,Sam Houston,Louisiana Tech,ESPNU,later,33.0,97.2052296259542,gameday
616,2024,10/30/24,Western Kentucky,Kennesaw St.,ESPN2,later,182.0,300.9620154825663,gameday
617,2024,10/31/24,Charlotte,Tulane,ESPN,later,492.0,241.74590404020688,gameday
618,2024,11/1/24,FAU,South Florida,ESPN2,later,562.0,388.19405989211396,gameday
619,2024,11/1/24,Boise St.,San Diego St.,FS1,later,656.0,733.0891553662528,gameday
620,2024,11/2/24,Illinois,Minnesota,FS1,later,551.0,548.6894594825229,gameday
621,2024,11/2/24,Penn St.,Ohio St.,FOX,later,9770.0,11344.94866361049,gameday
622,2024,11/2/24,UTSA,Memphis,ESPN2,later,147.0,165.87848251408184,gameday
623,2024,11/2/24,Miami,Duke,ABC,later,1960.0,1930.9702740419152,gameday
624,2024,11/2/24,Eastern Michigan,Toledo,ESPNU,later,27.0,55.1071202960151,gameday
625,2024,11/2/24,Arkansas,Mississippi,ESPN,later,1180.0,1695.4858444985443,gameday
626,2024,11/2/24,Houston,Kansas St.,FOX,later,1510.0,1522.7126343279183,gameday
627,2024,11/2/24,Nebraska,UCLA,BTN,later,882.0,733.7952349050655,gameday
628,2024,11/2/24,Georgia,Florida,ABC,later,6970.0,6569.102889572334,gameday
629,2024,11/2/24,Iowa St.,Texas Tech,ESPN,later,1240.0,1616.3013809285608,gameday
630,2024,11/2/24,UCF,Arizona,FS1,later,213.0,451.521076728675,gameday
631,2024,11/2/24,Rice,Navy,ESPN2,later,218.0,212.10576216267077,gameday
632,2024,11/2/24,South Alabama,Georgia Southern,ESPNU,later,18.0,89.66067000364255,gameday
633,2024,11/2/24,Washington,USC,BTN,later,727.0,659.4471624296881,gameday
634,2024,11/2/24,Clemson,Louisville,ESPN,later,1430.0,1641.870289562263,gameday
635,2024,11/2/24,South Carolina,Texas A&M,ABC,later,5560.0,4634.512473442743,gameday
636,2024,11/2/24,Iowa,Wisconsin,NBC,later,2730.0,2282.9286577043563,gameday
637,2024,11/2/24,Baylor,TCU,ESPN2,later,483.0,585.7786197635584,gameday
638,2024,11/5/24,Central Michigan,Bowling Green,ESPN2,later,286.0,426.0569350607152,gameday
639,2024,11/5/24,Ball St.,Miami Ohio,ESPN,later,378.0,531.5577067672052,gameday
640,2024,11/6/24,Kent St.,Ohio,ESPNU,later,49.0,100.17876385754582,gameday
641,2024,11/6/24,Western Michigan,Northern Illinois,ESPN2,later,442.0,375.2515143643268,gameday
642,2024,11/7/24,East Carolina,FAU,ESPN2,later,196.0,353.87160417373786,gameday
643,2024,11/7/24,Coastal Carolina,Appalachian St.,ESPN,later,412.0,594.7093964260237,gameday
644,2024,11/8/24,Memphis,Rice,ESPN2,later,407.0,277.5431793731319,gameday
645,2024,11/8/24,UCLA,Iowa,FOX,later,1890.0,2241.0627255010522,gameday
646,2024,11/9/24,Texas,Florida,ABC,later,3700.0,5772.929854808946,gameday
647,2024,11/9/24,Georgia Tech,Miami,ESPN,later,3460.0,1711.816607964165,gameday
648,2024,11/9/24,South Florida,Navy,ESPN2,later,247.0,248.6975368151346,gameday
649,2024,11/9/24,Louisiana Monroe,Texas St.,ESPNU,later,27.0,64.85177638557192,gameday
650,2024,11/9/24,Rutgers,Minnesota,NBC,later,1200.0,991.6441226842946,gameday
651,2024,11/9/24,Ohio St.,Purdue,FOX,later,3480.0,3654.1339051050354,gameday
652,2024,11/9/24,Indiana,Michigan,CBS,later,4390.0,4184.320100394374,gameday
653,2024,11/9/24,Virginia Tech,Clemson,ESPN,later,1440.0,1471.335060852132,gameday
654,2024,11/9/24,Mississippi,Georgia,ABC,later,7080.0,5495.269806914524,gameday
655,2024,11/9/24,North Texas,Army,ESPN2,later,322.0,419.44420719474033,gameday
656,2024,11/9/24,Tulane,Temple,ESPNU,later,22.0,51.57315992614271,gameday
657,2024,11/9/24,Texas Tech,Colorado,FOX,later,3680.0,4616.746140257559,gameday
658,2024,11/9/24,Arizona St.,UCF,ESPN2,later,378.0,416.61871567004255,gameday
659,2024,11/9/24,TCU,Oklahoma St.,FS1,later,355.0,402.6492210096985,gameday
660,2024,11/9/24,Oregon,Maryland,BTN,later,817.0,716.8042169687219,gameday
661,2024,11/9/24,Tennessee,Mississippi St.,ESPN,later,1600.0,2169.05255230648,gameday
662,2024,11/9/24,LSU,Alabama,ABC,later,7900.0,8833.732753556602,gameday
663,2024,11/9/24,Notre Dame,Florida St.,NBC,later,2190.0,3073.5916668136915,gameday
664,2024,11/9/24,Boise St.,Nevada,FOX,later,1530.0,858.6337927138169,gameday
665,2024,11/9/24,Utah,BYU,ESPN,later,2070.0,1966.122892500291,gameday
666,2024,11/9/24,Washington St.,Utah St.,CW,later,371.0,543.208888089715,gameday
667,2024,11/12/24,Toledo,Central Michigan,ESPNU,later,56.0,87.599394853532,gameday
668,2024,11/12/24,Bowling Green,Western Michigan,ESPN2,later,269.0,471.6981341703928,gameday
669,2024,11/13/24,Ohio,Eastern Michigan,ESPN2,later,381.0,332.7657254639103,gameday
670,2024,11/13/24,Miami Ohio,Kent St.,ESPNU,later,70.0,122.88637081802828,gameday
671,2024,11/14/24,Tulsa,East Carolina,ESPN,later,563.0,596.3895243715635,gameday
672,2024,11/15/24,UTSA,North Texas,ESPN2,later,313.0,282.13515326110587,gameday
673,2024,11/15/24,Washington,UCLA,FOX,later,1260.0,1937.2326946369385,gameday
674,2024,11/16/24,Pittsburgh,Clemson,ESPN,later,1850.0,1683.7224633723968,gameday
675,2024,11/16/24,Northwestern,Ohio St.,BTN,later,1890.0,1321.237781748112,gameday
676,2024,11/16/24,Arkansas,Texas,ABC,later,4560.0,4433.64646282749,gameday
677,2024,11/16/24,Navy,Tulane,ESPN2,later,269.0,326.44855346250984,gameday
678,2024,11/16/24,Colorado,Utah,FOX,later,4000.0,3902.6720605756846,gameday
679,2024,11/16/24,California,Syracuse,CW,later,298.0,473.6986443540523,gameday
680,2024,11/16/24,SMU,Boston College,ESPN,later,957.0,569.2900657303621,gameday
681,2024,11/16/24,Notre Dame,Virginia,NBC,later,1960.0,2415.1122548568214,gameday
682,2024,11/16/24,Purdue,Penn St.,CBS,later,1800.0,2829.45031782226,gameday
683,2024,11/16/24,Florida,LSU,ABC,later,6020.0,4712.568392199991,gameday
684,2024,11/16/24,West Virginia,Baylor,ESPN2,later,513.0,618.0654868569572,gameday
685,2024,11/16/24,Old Dominion,James Madison,ESPNU,later,45.0,61.628260168678665,gameday
686,2024,11/16/24,USC,Nebraska,FOX,later,2980.0,2592.2719967966673,gameday
687,2024,11/16/24,Maryland,Rutgers,FS1,later,304.0,364.4412763658555,gameday
688,2024,11/16/24,Kansas St.,Arizona St.,ESPN,later,849.0,1125.3322459305875,gameday
689,2024,11/16/24,Wisconsin,Oregon,NBC,later,4120.0,3029.832104674202,gameday
690,2024,11/16/24,Georgia,Tennessee,ABC,later,9960.0,9870.418479613052,gameday
691,2024,11/16/24,Iowa St.,Cincinnati,FOX,later,1000.0,1296.2328686112644,gameday
692,2024,11/16/24,Memphis,UAB,ESPN2,later,117.0,206.4407637766604,gameday
693,2024,11/16/24,New Mexico,Washington St.,FS1,later,244.0,236.25784991470954,gameday
694,2024,11/16/24,BYU,Kansas,ESPN,later,1750.0,1774.2115145519415,gameday
695,2024,11/19/24,Central Michigan,Western Michigan,ESPN2,later,236.0,335.6342008882526,gameday
696,2024,11/19/24,Miami Ohio,Northern Illinois,ESPN,later,497.0,655.5031794926815,gameday
697,2024,11/20/24,Eastern Michigan,Buffalo,ESPNU,later,64.0,120.60587430127515,gameday
698,2024,11/20/24,Toledo,Ohio,ESPN2,later,414.0,284.3793110705619,gameday
699,2024,11/21/24,Georgia Tech,North Carolina St.,ESPN,later,897.0,909.0134089318017,gameday
700,2024,11/22/24,UTSA,Temple,ESPN2,later,512.0,288.08823631164023,gameday
701,2024,11/22/24,Michigan St.,Purdue,FOX,later,1840.0,2732.2339574319985,gameday
702,2024,11/23/24,Florida,Mississippi,ABC,later,3820.0,4495.219745057299,gameday
703,2024,11/23/24,Maryland,Iowa,BTN,later,419.0,433.7835940202598,gameday
704,2024,11/23/24,Ohio St.,Indiana,FOX,later,9320.0,6943.438763448066,gameday
705,2024,11/23/24,Virginia,SMU,ESPN2,later,262.0,431.3348369611063,gameday
706,2024,11/23/24,Miami,Wake Forest,ESPN,later,985.0,988.2601504517982,gameday
707,2024,11/23/24,Nebraska,Wisconsin,BTN,later,1140.0,958.6314101700875,gameday
708,2024,11/23/24,Michigan,Northwestern,FS1,later,975.0,758.4740928842241,gameday
709,2024,11/23/24,Texas,Kentucky,ABC,later,4470.0,4151.038755359456,gameday
710,2024,11/23/24,Arizona St.,BYU,ESPN,later,1310.0,2160.5249787707235,gameday
711,2024,11/23/24,Kansas,Colorado,FOX,later,6220.0,5025.91432208456,gameday
712,2024,11/23/24,West Virginia,UCF,ESPNU,later,117.0,230.25048304570834,gameday
713,2024,11/23/24,Louisville,Pittsburgh,ESPN2,later,240.0,544.069913921034,gameday
714,2024,11/23/24,Houston,Baylor,FS1,later,210.0,284.56849523378696,gameday
715,2024,11/23/24,Notre Dame,Army,NBC,later,3890.0,5092.035483560509,gameday
716,2024,11/23/24,Oregon St.,Washington St.,CW,later,695.0,529.5607840064702,gameday
717,2024,11/23/24,Utah,Iowa St.,FOX,later,1910.0,1376.6515802364395,gameday
718,2024,11/23/24,Old Dominion,Marshall,ESPNU,later,48.0,75.49322032668911,gameday
719,2024,11/23/24,Auburn,Texas A&M,ESPN,later,2530.0,2029.0471650921536,gameday
720,2024,11/23/24,Oklahoma,Alabama,ABC,later,6980.0,5824.853011020889,gameday
721,2024,11/23/24,Kansas St.,Cincinnati,ESPN2,later,369.0,473.43018321083173,gameday
722,2024,11/23/24,UCLA,USC,NBC,later,2160.0,1836.9867528408126,gameday
723,2024,11/23/24,Nevada,Air Force,FS1,later,98.0,148.79414378944568,gameday
724,2024,11/26/24,Akron,Toledo,ESPN2,later,347.0,235.26558223743785,gameday
725,2024,11/28/24,Tulane,Memphis,ESPN,later,655.0,788.2151611038983,gameday
726,2024,11/29/24,East Carolina,Navy,ESPN,later,626.0,712.0340188474963,gameday
727,2024,11/29/24,Boise St.,Oregon St.,FOX,later,1700.0,1721.8621476227486,gameday
728,2024,11/29/24,Wisconsin,Minnesota,CBS,later,2770.0,3582.149097081908,gameday
729,2024,11/29/24,Colorado,Oklahoma St.,ABC,later,3310.0,7240.800392004287,gameday
730,2024,11/29/24,Bowling Green,Miami Ohio,ESPNU,later,46.0,152.5046949004265,gameday
731,2024,11/29/24,Mississippi,Mississippi St.,ABC,later,4330.0,3401.6444720261975,gameday
732,2024,11/29/24,Georgia,Georgia Tech,ABC,later,8470.0,5316.821702906506,gameday
733,2024,11/29/24,Iowa,Nebraska,NBC,later,3600.0,3089.732382289083,gameday
734,2024,11/29/24,UCF,Utah,FOX,later,844.0,1441.6653764791172,gameday
735,2024,11/30/24,Texas Tech,West Virginia,FS1,later,294.0,470.83641689501644,gameday
736,2024,11/30/24,Louisiana Monroe,Louisiana,ESPNU,later,9.0,56.067254253805174,gameday
737,2024,11/30/24,Ohio St.,Michigan,FOX,later,12300.0,9791.362989361103,gameday
738,2024,11/30/24,Northwestern,Illinois,BTN,later,275.0,337.7113326732317,gameday
739,2024,11/30/24,Clemson,South Carolina,ESPN,later,2400.0,2406.700799387688,gameday
740,2024,11/30/24,Baylor,Kansas,ESPN2,later,412.0,433.9302413290593,gameday
741,2024,11/30/24,Vanderbilt,Tennessee,ABC,later,3610.0,2423.889859373371,gameday
742,2024,11/30/24,SMU,California,ESPN2,later,228.0,506.4841709777862,gameday
743,2024,11/30/24,Michigan St.,Rutgers,FS1,later,556.0,679.5460316820103,gameday
744,2024,11/30/24,Alabama,Auburn,ABC,later,7160.0,8336.008667088878,gameday
745,2024,11/30/24,Syracuse,Miami,ESPN,later,2110.0,1880.628483939638,gameday
746,2024,11/30/24,Western Kentucky,Jacksonville St.,ESPNU,later,20.0,76.5577665846279,gameday
747,2024,11/30/24,Washington St.,Wyoming,CW,later,399.0,362.719449225308,gameday
748,2024,11/30/24,Florida St.,Florida,ESPN2,later,1370.0,1085.6851952785446,gameday
749,2024,11/30/24,LSU,Oklahoma,ESPN,later,2090.0,2231.961097070597,gameday
750,2024,11/30/24,Indiana,Purdue,FS1,later,717.0,662.6772054801372,gameday
751,2024,11/30/24,Oregon,Washington,NBC,later,2570.0,2676.546223121032,gameday
752,2024,11/30/24,Iowa St.,Kansas St.,FOX,later,2010.0,1860.481016858938,gameday
753,2024,11/30/24,Texas A&M,Texas,ABC,later,9450.0,8391.293178711849,gameday
754,2024,11/30/24,James Madison,Marshall,ESPNU,later,37.0,80.46958462650056,gameday
755,2024,11/30/24,BYU,Houston,ESPN,later,1560.0,1141.135452061988,gameday
756,2024,11/30/24,San Diego St.,Air Force,FS1,later,157.0,158.74931268704842,gameday
757,2024,12/6/24,Army,Tulane,ABC,later,2000.0,2659.6083775854795,gameday
758,2024,12/6/24,Boise St.,UNLV,FOX,later,3010.0,4137.998452265689,gameday
759,2024,12/7/24,Arizona St.,Iowa St.,ABC,later,6900.0,3974.1286257997103,gameday
760,2024,12/7/24,Miami Ohio,Ohio,ESPN,later,1130.0,569.6562170062327,gameday
761,2024,12/7/24,Texas,Georgia,ABC,later,16630.0,15218.842793093396,gameday
762,2024,12/7/24,Louisiana,Marshall,ESPN,later,392.0,492.05424868828993,gameday
763,2024,12/7/24,SMU,Clemson,ABC,later,5980.0,4268.67205221725,gameday
764,2024,12/7/24,Oregon,Penn St.,CBS,later,10500.0,8046.449684213823,gameday
765,2024,12/14/24,Army,Navy,CBS,later,9400.0,9518.870949070226,gameday
361,2024,9/1/24,USC,LSU,ABC,Week1,8620.0,8179.730631067696,bignoon
362,2024,8/31/24,Notre Dame,Texas A&M,ABC,Week1,7920.0,7481.331997329348,bignoon
363,2024,8/31/24,Clemson,Georgia,ABC,Week1,7580.0,6642.857464311622,bignoon
364,2024,8/31/24,Miami,Florida,ABC,Week1,6350.0,3980.907023838087,bignoon
365,2024,8/24/24,Florida St.,Georgia Tech,ESPN,Week0,4990.0,3065.5293963590047,bignoon
366,2024,9/2/24,Boston College,Florida St.,ESPN,Week1,4440.0,4798.273188351284,bignoon
367,2024,8/31/24,Penn St.,West Virginia,FOX,Week1,2990.0,4801.101168332709,bignoon
368,2024,8/31/24,Akron,Ohio St.,CBS,Week1,2970.0,2522.869296508574,bignoon
369,2024,8/31/24,Fresno St.,Michigan,NBC,Week1,2560.0,2340.962369820084,bignoon
370,2024,8/31/24,Western Kentucky,Alabama,ESPN,Week1,1850.0,1700.5358259120371,bignoon
371,2024,8/31/24,Colorado St.,Texas,ESPN,Week1,1840.0,1959.9910118390067,bignoon
372,2024,8/29/24,North Carolina,Minnesota,FOX,Week1,1830.0,1997.7537263647794,bignoon
373,2024,8/31/24,UTEP,Nebraska,FOX,Week1,1670.0,2013.4645463528161,bignoon
374,2024,8/30/24,Temple,Oklahoma,ESPN,Week1,1650.0,1625.4318097220523,bignoon
375,2024,8/30/24,TCU,Stanford,ESPN,Week1,1490.0,1188.1448221468206,bignoon
376,2024,8/31/24,Virginia Tech,Vanderbilt,ESPN,Week1,1450.0,863.3337555983348,bignoon
377,2024,8/31/24,UCLA,Hawaii,CBS,Week1,1130.0,974.5498411984995,bignoon
378,2024,8/30/24,Western Michigan,Wisconsin,FS1,Week1,963.0,658.6097842253989,bignoon
379,2024,8/31/24,New Mexico,Arizona,ESPN,Week1,953.0,852.4326191756741,bignoon
380,2024,8/30/24,FAU,Michigan St.,BTN,Week1,744.0,697.3017524116484,bignoon
381,2024,8/31/24,Idaho,Oregon,BTN,Week1,425.0,459.2568054593851,bignoon
382,2024,8/31/24,North Dakota,Iowa St.,FS1,Week1,315.0,350.92735303871723,bignoon
383,2024,8/29/24,Howard,Rutgers,BTN,Week1,269.0,292.31920937878925,bignoon
384,2024,8/31/24,Wyoming,Arizona St.,FS1,Week1,253.0,343.45839155348654,bignoon
385,2024,8/31/24,UNLV,Houston,FS1,Week1,172.0,278.4083093415601,bignoon
386,2024,8/31/24,Boise St.,Georgia Southern,ESPNU,Week1,158.0,137.29470174742033,bignoon
387,2024,8/31/24,Connecticut,Maryland,FS1,Week1,133.0,231.621727005075,bignoon
388,2024,8/29/24,Eastern Illinois,Illinois,BTN,Week1,112.0,233.55477897023582,bignoon
389,2024,8/31/24,Kent St.,Pittsburgh,ESPNU,Week1,82.0,155.97085515569196,bignoon
390,2024,9/6/24,SMU,BYU,ESPN2,later,917.0,775.1382942088638,bignoon
391,2024,9/7/24,Northwestern,Duke,FS1,later,514.0,288.1307533093589,bignoon
392,2024,9/7/24,Michigan,Texas,FOX,later,9190.0,11061.280362905067,bignoon
393,2024,9/7/24,Oklahoma St.,Arkansas,ABC,later,2800.0,2504.0566788599644,bignoon
394,2024,9/7/24,Tulane,Kansas St.,ESPN,later,790.0,777.8271549269116,bignoon
395,2024,9/7/24,Memphis,Troy,ESPNU,later,20.0,72.30913321009882,bignoon
396,2024,9/7/24,Cincinnati,Pittsburgh,ESPN2,later,304.0,513.4067936016096,bignoon
397,2024,9/7/24,Notre Dame,Northern Illinois,ABC,later,3930.0,3013.9973346416946,bignoon
398,2024,9/7/24,Utah,Baylor,FOX,later,2080.0,1649.1833359993207,bignoon
399,2024,9/7/24,Wisconsin,South Dakota,FS1,later,537.0,467.87457684201524,bignoon
400,2024,9/7/24,Kentucky,South Carolina,ABC,later,2730.0,2351.2554383457145,bignoon
401,2024,9/7/24,Auburn,California,ESPN2,later,1120.0,808.9901337735427,bignoon
402,2024,9/7/24,Iowa,Iowa St.,CBS,later,2280.0,2661.3694656815032,bignoon
403,2024,9/7/24,Texas St.,UTSA,ESPNU,later,24.0,71.29248933726821,bignoon
404,2024,9/7/24,Virginia Tech,Marshall,CW,later,407.0,555.3939195763508,bignoon
405,2024,9/7/24,Wake Forest,Virginia,ESPN2,later,358.0,394.6132640359101,bignoon
406,2024,9/7/24,Alabama,South Florida,ESPN,later,2580.0,1913.2269757871554,bignoon
407,2024,9/7/24,Illinois,Kansas,FS1,later,841.0,587.2839679993783,bignoon
408,2024,9/7/24,Ohio St.,Western Michigan,BTN,later,1720.0,1209.6299590811745,bignoon
409,2024,9/7/24,North Carolina St.,Tennessee,ABC,later,2960.0,3848.159479972939,bignoon
410,2024,9/7/24,Vanderbilt,Alcorn State,ESPNU,later,17.0,112.14933474418083,bignoon
411,2024,9/7/24,Nebraska,Colorado,NBC,later,5670.0,5228.564563223559,bignoon
412,2024,9/7/24,New Mexico St.,Liberty,ESPN2,later,160.0,259.5910656307859,bignoon
413,2024,9/7/24,Arizona St.,Mississippi St.,ESPN,later,954.0,1298.2820371268235,bignoon
414,2024,9/7/24,USC,Utah St.,BTN,later,589.0,623.3850303119224,bignoon
415,2024,9/12/24,Texas St.,Arizona St.,ESPN,later,993.0,825.1567155707005,bignoon
416,2024,9/13/24,Kansas,UNLV,ESPN,later,1320.0,1310.8847203475418,bignoon
417,2024,9/13/24,Kansas St.,Arizona,FOX,later,2580.0,3692.584768082201,bignoon
418,2024,9/14/24,South Carolina,LSU,ABC,later,4940.0,3929.2217203486443,bignoon
419,2024,9/14/24,Miami Ohio,Cincinnati,ESPNU,later,51.0,155.36065091411064,bignoon
420,2024,9/14/24,Michigan,Arkansas St.,BTN,later,979.0,597.5964094265893,bignoon
421,2024,9/14/24,Texas Tech,North Texas,FS1,later,138.0,285.26041827722054,bignoon
422,2024,9/14/24,Florida St.,Memphis,ESPN,later,1590.0,1150.000966855261,bignoon
423,2024,9/14/24,Wisconsin,Alabama,FOX,later,5030.0,6848.6847303691375,bignoon
424,2024,9/14/24,Tulsa,Oklahoma St.,ESPN2,later,308.0,526.737196814303,bignoon
425,2024,9/14/24,Pittsburgh,West Virginia,ESPN2,later,1150.0,1044.4349407408513,bignoon
426,2024,9/14/24,Purdue,Notre Dame,CBS,later,2280.0,3592.558347589423,bignoon
427,2024,9/14/24,Oklahoma,Tulane,ESPN,later,1390.0,1303.642436030344,bignoon
428,2024,9/14/24,Florida,Texas A&M,ABC,later,4800.0,4214.215575808533,bignoon
429,2024,9/14/24,Oregon St.,Oregon,FOX,later,2820.0,2975.925066020298,bignoon
430,2024,9/14/24,East Carolina,Appalachian St.,ESPNU,later,81.0,157.66073230951073,bignoon
431,2024,9/14/24,Iowa,Troy,FS1,later,446.0,372.3277694177282,bignoon
432,2024,9/14/24,Wake Forest,Mississippi,CW,later,419.0,850.7239280702513,bignoon
433,2024,9/14/24,Texas,UTSA,ESPN,later,1480.0,1532.9798596267658,bignoon
434,2024,9/14/24,Mississippi St.,Toledo,ESPNU,later,69.0,132.92333163890436,bignoon
435,2024,9/14/24,Auburn,New Mexico,ESPN2,later,662.0,456.14269801603814,bignoon
436,2024,9/14/24,Baylor,Air Force,FS1,later,128.0,290.71505152858083,bignoon
437,2024,9/14/24,UCLA,Indiana,NBC,later,1290.0,1097.8665453510112,bignoon
438,2024,9/14/24,Kentucky,Georgia,ABC,later,6600.0,4282.57664320206,bignoon
439,2024,9/14/24,Colorado St.,Colorado,CBS,later,3250.0,3291.5722397250047,bignoon
440,2024,9/14/24,TCU,UCF,FOX,later,1030.0,1479.6197160347501,bignoon
441,2024,9/14/24,California,San Diego St.,ESPN,later,938.0,825.4439144224955,bignoon
442,2024,9/19/24,Appalachian St.,South Alabama,ESPN,later,629.0,860.5455454925102,bignoon
443,2024,9/20/24,Syracuse,Stanford,ESPN,later,1370.0,1276.177950940265,bignoon
444,2024,9/20/24,Nebraska,Illinois,FOX,later,4210.0,4335.757545549986,bignoon
445,2024,9/20/24,Washington St.,San Jose St.,CW,later,542.0,811.9315670562266,bignoon
446,2024,9/21/24,Ohio St.,Marshall,FOX,later,3960.0,3334.327020115862,bignoon
447,2024,9/21/24,West Virginia,Kansas,ESPN2,later,1150.0,821.1425981096041,bignoon
448,2024,9/21/24,Louisiana,Tulane,ESPNU,later,86.0,93.2440541692659,bignoon
449,2024,9/21/24,Mississippi St.,Florida,ESPN,later,2640.0,2367.9353310971146,bignoon
450,2024,9/21/24,Cincinnati,Houston,FS1,later,195.0,368.3380366635737,bignoon
451,2024,9/21/24,Clemson,North Carolina St.,ABC,later,1950.0,2453.149627592331,bignoon
452,2024,9/21/24,Notre Dame,Miami Ohio,NBC,later,1690.0,1794.1800494591116,bignoon
453,2024,9/21/24,Auburn,Arkansas,ESPN,later,2020.0,1647.789657283444,bignoon
454,2024,9/21/24,Louisville,Georgia Tech,ESPN2,later,782.0,464.24791973161507,bignoon
455,2024,9/21/24,Michigan,USC,CBS,later,6320.0,4124.820450930914,bignoon
456,2024,9/21/24,Texas Tech,Arizona St.,FS1,later,410.0,508.9542648343307,bignoon
457,2024,9/21/24,Penn St.,Kent St.,BTN,later,434.0,695.5677897113092,bignoon
458,2024,9/21/24,LSU,UCLA,ABC,later,2730.0,3083.1016415612053,bignoon
459,2024,9/21/24,Oklahoma St.,Utah,FOX,later,2140.0,2555.5127141821704,bignoon
460,2024,9/21/24,Middle Tennessee St.,Duke,ESPNU,later,53.0,91.97130132152347,bignoon
461,2024,9/21/24,SMU,TCU,CW,later,322.0,380.25834756694246,bignoon
462,2024,9/21/24,Florida St.,California,ESPN2,later,887.0,749.9556602682932,bignoon
463,2024,9/21/24,South Florida,Miami,ESPN,later,1250.0,871.3160065707991,bignoon
464,2024,9/21/24,Washington,Northwestern,FS1,later,378.0,513.9704395905841,bignoon
465,2024,9/21/24,Minnesota,Iowa,NBC,later,1890.0,1545.9612171554525,bignoon
466,2024,9/21/24,Oklahoma,Tennessee,ABC,later,6270.0,6013.176966543253,bignoon
467,2024,9/21/24,South Carolina,Akron,ESPNU,later,89.0,182.42415883860724,bignoon
468,2024,9/21/24,Colorado,Baylor,FOX,later,3640.0,3277.9284942498552,bignoon
469,2024,9/21/24,Oregon St.,Purdue,CW,later,452.0,733.5089347979999,bignoon
470,2024,9/21/24,Boise St.,Portland State,FS1,later,248.0,257.1359140833987,bignoon
471,2024,9/21/24,BYU,Kansas St.,ESPN,later,1500.0,1739.8546777400247,bignoon
472,2024,9/26/24,Temple,Army,ESPN,later,684.0,815.1020663230113,bignoon
473,2024,9/27/24,Miami,Virginia Tech,ESPN,later,3260.0,2998.899107187077,bignoon
474,2024,9/27/24,Rutgers,Washington,FOX,later,1930.0,2299.5731289920304,bignoon
475,2024,9/28/24,Kansas St.,Oklahoma St.,ESPN,later,1880.0,2346.833332776479,bignoon
476,2024,9/28/24,Indiana,Maryland,BTN,later,547.0,383.5099160124764,bignoon
477,2024,9/28/24,Tulane,South Florida,ESPNU,later,41.0,92.70033409172589,bignoon
478,2024,9/28/24,Baylor,BYU,FS1,later,428.0,560.2136712349459,bignoon
479,2024,9/28/24,UAB,Navy,ESPN2,later,185.0,310.45745459595025,bignoon
480,2024,9/28/24,Mississippi,Kentucky,ABC,later,3990.0,3160.0085887768196,bignoon
481,2024,9/28/24,North Carolina St.,Northern Illinois,CW,later,427.0,390.2269256121901,bignoon
482,2024,9/28/24,Michigan,Minnesota,FOX,later,3600.0,3649.864537833914,bignoon
483,2024,9/28/24,UCF,Colorado,FOX,later,4170.0,5079.084526665974,bignoon
484,2024,9/28/24,Auburn,Oklahoma,ABC,later,5040.0,4321.514557151531,bignoon
485,2024,9/28/24,Georgia St.,Georgia Southern,ESPNU,later,29.0,78.24700313478039,bignoon
486,2024,9/28/24,Texas A&M,Arkansas,ESPN,later,1800.0,2271.2653875005108,bignoon
487,2024,9/28/24,UNLV,Fresno St.,FS1,later,174.0,286.3631264479999,bignoon
488,2024,9/28/24,Duke,North Carolina,ESPN2,later,521.0,591.2520703132336,bignoon
489,2024,9/28/24,Houston,Iowa St.,FS1,later,372.0,440.65794054579226,bignoon
490,2024,9/28/24,Clemson,Stanford,ESPN,later,1000.0,1251.4624605239062,bignoon
491,2024,9/28/24,Memphis,Middle Tennessee St.,ESPNU,later,39.0,75.82733651851768,bignoon
492,2024,9/28/24,Alabama,Georgia,ABC,later,11990.0,11638.184856284506,bignoon
493,2024,9/28/24,Penn St.,Illinois,NBC,later,3090.0,2557.1710491234253,bignoon
494,2024,9/28/24,Texas Tech,Cincinnati,ESPN2,later,417.0,503.2459359246568,bignoon
495,2024,9/28/24,Boise St.,Washington St.,FS1,later,535.0,520.7965332445142,bignoon
496,2024,9/28/24,Utah,Arizona,ESPN,later,907.0,1401.6931720047799,bignoon
497,2024,9/28/24,UCLA,Oregon,FOX,later,1500.0,2493.680290326831,bignoon
498,2024,10/3/24,Troy,Texas St.,ESPN2,later,343.0,266.84841985335623,bignoon
499,2024,10/4/24,TCU,Houston,ESPN,later,1510.0,963.7515225279393,bignoon
500,2024,10/4/24,UNLV,Syracuse,FS1,later,698.0,544.8948209298189,bignoon
501,2024,10/4/24,Oregon,Michigan St.,FOX,later,2840.0,4096.241046704562,bignoon
502,2024,10/5/24,Texas A&M,Missouri,ABC,later,3270.0,3997.9474805086634,bignoon
503,2024,10/5/24,Tulsa,Army,ESPNU,later,72.0,187.6064567788361,bignoon
504,2024,10/5/24,Air Force,Navy,CBS,later,1280.0,1207.267515115892,bignoon
505,2024,10/5/24,North Carolina St.,Wake Forest,CW,later,446.0,382.00245567099216,bignoon
506,2024,10/5/24,North Carolina,Pittsburgh,ESPN2,later,645.0,675.7813551689793,bignoon
507,2024,10/5/24,Louisville,SMU,ESPN,later,1410.0,796.4770810878308,bignoon
508,2024,10/5/24,Penn St.,UCLA,FOX,later,2750.0,3959.8643428685364,bignoon
509,2024,10/5/24,Wisconsin,Purdue,BTN,later,588.0,673.7071487241521,bignoon
510,2024,10/5/24,Charlotte,East Carolina,ESPNU,later,28.0,40.01007922434057,bignoon
511,2024,10/5/24,Ohio St.,Iowa,CBS,later,4460.0,5319.756618111958,bignoon
512,2024,10/5/24,Northwestern,Indiana,BTN,later,439.0,518.1299960307354,bignoon
513,2024,10/5/24,South Carolina,Mississippi,ESPN,later,1230.0,2056.9173078145186,bignoon
514,2024,10/5/24,Georgia,Auburn,ABC,later,4930.0,5093.139579888708,bignoon
515,2024,10/5/24,Nebraska,Rutgers,FS1,later,1030.0,900.9100399744332,bignoon
516,2024,10/5/24,Oklahoma St.,West Virginia,ESPN2,later,634.0,813.94025169286,bignoon
517,2024,10/5/24,Oregon St.,Colorado St.,CW,later,568.0,449.0058319281332,bignoon
518,2024,10/5/24,Florida St.,Clemson,ESPN,later,1410.0,2147.513545622406,bignoon
519,2024,10/5/24,Boise St.,Utah St.,FS2,later,239.0,251.96622023088065,bignoon
520,2024,10/5/24,Louisiana Monroe,James Madison,ESPNU,later,42.0,72.13084913209948,bignoon
521,2024,10/5/24,Iowa St.,Baylor,FOX,later,1200.0,1636.0155890065234,bignoon
522,2024,10/5/24,Minnesota,USC,BTN,later,701.0,735.9510863267093,bignoon
523,2024,10/5/24,Arkansas,Tennessee,ABC,later,5290.0,4805.991121789071,bignoon
524,2024,10/5/24,Washington,Michigan,NBC,later,4040.0,3612.4703973846426,bignoon
525,2024,10/5/24,Arizona St.,Kansas,ESPN2,later,525.0,465.20347358070484,bignoon
526,2024,10/5/24,California,Miami,ESPN,later,1920.0,2009.576880718335,bignoon
527,2024,10/5/24,Arizona,Texas Tech,FOX,later,943.0,1785.3056276720572,bignoon
528,2024,10/9/24,Jacksonville St.,New Mexico St.,ESPN2,later,310.0,319.05803052281277,bignoon
529,2024,10/10/24,James Madison,Coastal Carolina,ESPN2,later,390.0,326.7967485613397,bignoon
530,2024,10/10/24,Western Kentucky,UTEP,ESPNU,later,81.0,94.17735466675197,bignoon
531,2024,10/11/24,Maryland,Northwestern,FS1,later,712.0,557.0261904539034,bignoon
532,2024,10/11/24,Arizona St.,Utah,ESPN,later,1290.0,1344.953166461375,bignoon
533,2024,10/12/24,Rutgers,Wisconsin,BTN,later,620.0,565.5156300214585,bignoon
534,2024,10/12/24,Iowa,Washington,FOX,later,2370.0,2185.7853648446526,bignoon
535,2024,10/12/24,Alabama,South Carolina,ABC,later,6000.0,5921.284121086561,bignoon
536,2024,10/12/24,Buffalo,Toledo,ESPNU,later,40.0,75.12472328636645,bignoon
537,2024,10/12/24,Massachusetts,Missouri,ESPN2,later,276.0,344.99276816587195,bignoon
538,2024,10/12/24,Wake Forest,Clemson,ESPN,later,1300.0,1323.6064835704215,bignoon
539,2024,10/12/24,North Carolina,Georgia Tech,CW,later,541.0,434.8137706880259,bignoon
540,2024,10/12/24,Illinois,Purdue,FS1,later,440.0,555.811277825871,bignoon
541,2024,10/12/24,UCF,Cincinnati,ESPN2,later,280.0,473.3188013593018,bignoon
542,2024,10/12/24,Pittsburgh,California,ESPN,later,741.0,1065.1355808090843,bignoon
543,2024,10/12/24,USC,Penn St.,CBS,later,4280.0,3714.4627755659412,bignoon
544,2024,10/12/24,Oklahoma,Texas,ABC,later,7630.0,6392.789335262849,bignoon
545,2024,10/12/24,Notre Dame,Stanford,NBC,later,1870.0,1777.8038011992687,bignoon
546,2024,10/12/24,Central Michigan,Ohio,ESPNU,later,24.0,71.1066806245401,bignoon
547,2024,10/12/24,BYU,Arizona,FOX,later,1310.0,2067.8250236960675,bignoon
548,2024,10/12/24,FAU,North Texas,ESPN2,later,82.0,158.41042329226605,bignoon
549,2024,10/12/24,Fresno St.,Washington St.,FS1,later,246.0,296.81647031539654,bignoon
550,2024,10/12/24,Tennessee,Florida,ESPN,later,3250.0,3139.4285698155263,bignoon
551,2024,10/12/24,LSU,Mississippi,ABC,later,4240.0,4922.451577461654,bignoon
552,2024,10/12/24,Oregon,Ohio St.,NBC,later,9600.0,5079.938834500298,bignoon
553,2024,10/12/24,West Virginia,Iowa St.,FOX,later,1220.0,2172.4427997837465,bignoon
554,2024,10/12/24,Georgia Southern,Marshall,ESPNU,later,15.0,80.35350531505722,bignoon
555,2024,10/12/24,UCLA,Minnesota,BTN,later,312.0,359.58348950327616,bignoon
556,2024,10/12/24,Colorado,Kansas St.,ESPN,later,3260.0,4421.67578048767,bignoon
557,2024,10/15/24,South Alabama,Troy,ESPN2,later,352.0,223.54225186409894,bignoon
558,2024,10/15/24,New Mexico St.,Louisiana Tech,ESPNU,later,64.0,72.08658417004192,bignoon
559,2024,10/16/24,Sam Houston,Western Kentucky,ESPN2,later,403.0,306.2684643276681,bignoon
560,2024,10/17/24,Marshall,Georgia St.,ESPN2,later,209.0,329.2095220990665,bignoon
561,2024,10/17/24,Virginia Tech,Boston College,ESPN,later,712.0,1073.3504310804633,bignoon
562,2024,10/18/24,Duke,Florida St.,ESPN,later,1260.0,1276.7095782344547,bignoon
563,2024,10/18/24,Purdue,Oregon,FOX,later,2150.0,3771.125214716652,bignoon
564,2024,10/18/24,BYU,Oklahoma St.,ESPN,later,1660.0,1709.6461814878612,bignoon
565,2024,10/19/24,Missouri,Auburn,ESPN,later,2450.0,1627.3028452638134,bignoon
566,2024,10/19/24,Indiana,Nebraska,FOX,later,3180.0,3746.1273400843484,bignoon
567,2024,10/19/24,Louisville,Miami,ABC,later,4070.0,2761.943357553163,bignoon
568,2024,10/19/24,Rutgers,UCLA,FS1,later,426.0,398.08539972988854,bignoon
569,2024,10/19/24,Coastal Carolina,Louisiana,ESPNU,later,54.0,81.70643273436227,bignoon
570,2024,10/19/24,Northwestern,Wisconsin,BTN,later,502.0,522.7813321985625,bignoon
571,2024,10/19/24,Army,East Carolina,ESPN2,later,323.0,632.8364683088321,bignoon
572,2024,10/19/24,Illinois,Michigan,CBS,later,3010.0,3183.8418004075356,bignoon
573,2024,10/19/24,Tennessee,Alabama,ABC,later,10230.0,8698.875938379002,bignoon
574,2024,10/19/24,Georgia Tech,Notre Dame,ESPN,later,1590.0,1556.5191418745962,bignoon
575,2024,10/19/24,Washington St.,Hawaii,CW,later,258.0,293.7496374447365,bignoon
576,2024,10/19/24,Texas Tech,Baylor,ESPN2,later,316.0,466.40694139446623,bignoon
577,2024,10/19/24,Maryland,USC,FS1,later,516.0,440.6635097402507,bignoon
578,2024,10/19/24,Arizona,Colorado,FOX,later,2020.0,2947.720920214816,bignoon
579,2024,10/19/24,Arkansas,LSU,ESPN,later,1360.0,2835.2417033304787,bignoon
580,2024,10/19/24,Iowa St.,UCF,FS1,later,526.0,693.6727176464453,bignoon
581,2024,10/19/24,Memphis,North Texas,ESPNU,later,30.0,90.23423142291767,bignoon
582,2024,10/19/24,Michigan St.,Iowa,NBC,later,1570.0,2046.2956979543997,bignoon
583,2024,10/19/24,West Virginia,Kansas St.,FOX,later,1140.0,2032.140227937311,bignoon
584,2024,10/19/24,Texas,Georgia,ABC,later,13190.0,8668.892989070127,bignoon
585,2024,10/19/24,Oregon St.,UNLV,CW,later,507.0,595.4207036238558,bignoon
586,2024,10/19/24,Utah,TCU,ESPN,later,912.0,1018.6631594885132,bignoon
587,2024,10/22/24,FIU,Sam Houston,ESPNU,later,132.0,96.7940471567713,bignoon
588,2024,10/23/24,Jacksonville St.,Middle Tennessee St.,ESPN2,later,434.0,267.26548284639676,bignoon
589,2024,10/24/24,Old Dominion,Georgia Southern,ESPN2,later,214.0,283.1746974237998,bignoon
590,2024,10/24/24,Pittsburgh,Syracuse,ESPN,later,948.0,1610.5793497085779,bignoon
591,2024,10/25/24,Boston College,Louisville,ESPN2,later,879.0,867.5533586349871,bignoon
592,2024,10/25/24,USC,Rutgers,FOX,later,2010.0,1847.1532402402102,bignoon
593,2024,10/26/24,Navy,Notre Dame,ABC,later,2790.0,3583.4970568308636,bignoon
594,2024,10/26/24,Memphis,Charlotte,ESPNU,later,41.0,40.612641679784254,bignoon
595,2024,10/26/24,Indiana,Washington,BTN,later,1070.0,560.2608538544035,bignoon
596,2024,10/26/24,North Texas,Tulane,ESPN2,later,130.0,186.2670320375626,bignoon
597,2024,10/26/24,Ohio St.,Nebraska,FOX,later,5960.0,7756.021935958468,bignoon
598,2024,10/26/24,Mississippi,Oklahoma,ESPN,later,2600.0,1990.6889059728492,bignoon
599,2024,10/26/24,Virginia,North Carolina,CW,later,398.0,468.52325900841385,bignoon
600,2024,10/26/24,Minnesota,Maryland,FS1,later,340.0,507.3188886160269,bignoon
601,2024,10/26/24,Alabama,Missouri,ABC,later,5540.0,5391.346020274972,bignoon
602,2024,10/26/24,Iowa,Northwestern,BTN,later,609.0,532.1552194244025,bignoon
603,2024,10/26/24,Oregon,Illinois,CBS,later,2750.0,3942.32420952619,bignoon
604,2024,10/26/24,UCF,BYU,ESPN,later,1240.0,1256.9108184535105,bignoon
605,2024,10/26/24,TCU,Texas Tech,FOX,later,2360.0,1717.780772873748,bignoon
606,2024,10/26/24,California,Oregon St.,ESPN2,later,183.0,468.2586976319544,bignoon
607,2024,10/26/24,Arizona,West Virginia,FS1,later,347.0,523.3045291711562,bignoon
608,2024,10/26/24,Miami,Florida St.,ESPN,later,1530.0,2047.656640138015,bignoon
609,2024,10/26/24,Wisconsin,Penn St.,NBC,later,3340.0,3940.151137535165,bignoon
610,2024,10/26/24,Texas A&M,LSU,ABC,later,5060.0,6592.872386870526,bignoon
611,2024,10/26/24,Michigan,Michigan St.,BTN,later,1730.0,1202.574421922412,bignoon
612,2024,10/26/24,Kansas St.,Kansas,ESPN2,later,708.0,633.5562987487428,bignoon
613,2024,10/26/24,Colorado,Cincinnati,ESPN,later,2340.0,2714.643711915474,bignoon
614,2024,10/29/24,Texas St.,Louisiana,ESPN2,later,227.0,312.0568901107775,bignoon
615,2024,10/29/24,Sam Houston,Louisiana Tech,ESPNU,later,33.0,97.24722162309797,bignoon
616,2024,10/30/24,Western Kentucky,Kennesaw St.,ESPN2,later,182.0,302.16328990131035,bignoon
617,2024,10/31/24,Charlotte,Tulane,ESPN,later,492.0,238.50785934229202,bignoon
618,2024,11/1/24,FAU,South Florida,ESPN2,later,562.0,390.0568214058483,bignoon
619,2024,11/1/24,Boise St.,San Diego St.,FS1,later,656.0,731.758275546259,bignoon
620,2024,11/2/24,Illinois,Minnesota,FS1,later,551.0,550.1232691285786,bignoon
621,2024,11/2/24,Penn St.,Ohio St.,FOX,later,9770.0,10868.684804763041,bignoon
622,2024,11/2/24,UTSA,Memphis,ESPN2,later,147.0,164.51893191430355,bignoon
623,2024,11/2/24,Miami,Duke,ABC,later,1960.0,1968.2376907484343,bignoon
624,2024,11/2/24,Eastern Michigan,Toledo,ESPNU,later,27.0,54.88361893758174,bignoon
625,2024,11/2/24,Arkansas,Mississippi,ESPN,later,1180.0,1705.6729933178083,bignoon
626,2024,11/2/24,Houston,Kansas St.,FOX,later,1510.0,1505.6226766708946,bignoon
627,2024,11/2/24,Nebraska,UCLA,BTN,later,882.0,748.6391284654349,bignoon
628,2024,11/2/24,Georgia,Florida,ABC,later,6970.0,6843.201597373167,bignoon
629,2024,11/2/24,Iowa St.,Texas Tech,ESPN,later,1240.0,1622.6165363668856,bignoon
630,2024,11/2/24,UCF,Arizona,FS1,later,213.0,453.65404829174895,bignoon
631,2024,11/2/24,Rice,Navy,ESPN2,later,218.0,211.41603149580635,bignoon
632,2024,11/2/24,South Alabama,Georgia Southern,ESPNU,later,18.0,90.47130130365825,bignoon
633,2024,11/2/24,Washington,USC,BTN,later,727.0,657.0397941990002,bignoon
634,2024,11/2/24,Clemson,Louisville,ESPN,later,1430.0,1675.2322969721724,bignoon
635,2024,11/2/24,South Carolina,Texas A&M,ABC,later,5560.0,4872.327729802272,bignoon
636,2024,11/2/24,Iowa,Wisconsin,NBC,later,2730.0,2264.370690255944,bignoon
637,2024,11/2/24,Baylor,TCU,ESPN2,later,483.0,590.2025589442515,bignoon
638,2024,11/5/24,Central Michigan,Bowling Green,ESPN2,later,286.0,428.0172170389179,bignoon
639,2024,11/5/24,Ball St.,Miami Ohio,ESPN,later,378.0,534.1913178196825,bignoon
640,2024,11/6/24,Kent St.,Ohio,ESPNU,later,49.0,100.22893597653257,bignoon
641,2024,11/6/24,Western Michigan,Northern Illinois,ESPN2,later,442.0,376.49855622457085,bignoon
642,2024,11/7/24,East Carolina,FAU,ESPN2,later,196.0,355.1581089643777,bignoon
643,2024,11/7/24,Coastal Carolina,Appalachian St.,ESPN,later,412.0,595.5160581526302,bignoon
644,2024,11/8/24,Memphis,Rice,ESPN2,later,407.0,277.90829250120265,bignoon
645,2024,11/8/24,UCLA,Iowa,FOX,later,1890.0,2163.3067835864717,bignoon
646,2024,11/9/24,Texas,Florida,ABC,later,3700.0,5922.912956336413,bignoon
647,2024,11/9/24,Georgia Tech,Miami,ESPN,later,3460.0,1721.0008847955885,bignoon
648,2024,11/9/24,South Florida,Navy,ESPN2,later,247.0,245.40749334317113,bignoon
649,2024,11/9/24,Louisiana Monroe,Texas St.,ESPNU,later,27.0,65.06622603653558,bignoon
650,2024,11/9/24,Rutgers,Minnesota,NBC,later,1200.0,995.0480825517815,bignoon
651,2024,11/9/24,Ohio St.,Purdue,FOX,later,3480.0,3345.4681140205494,bignoon
652,2024,11/9/24,Indiana,Michigan,CBS,later,4390.0,4127.873040507791,bignoon
653,2024,11/9/24,Virginia Tech,Clemson,ESPN,later,1440.0,1479.5610403250373,bignoon
654,2024,11/9/24,Mississippi,Georgia,ABC,later,7080.0,5759.352454964337,bignoon
655,2024,11/9/24,North Texas,Army,ESPN2,later,322.0,431.289914605959,bignoon
656,2024,11/9/24,Tulane,Temple,ESPNU,later,22.0,50.87624567087556,bignoon
657,2024,11/9/24,Texas Tech,Colorado,FOX,later,3680.0,5300.262507240267,bignoon
658,2024,11/9/24,Arizona St.,UCF,ESPN2,later,378.0,417.4959839822129,bignoon
659,2024,11/9/24,TCU,Oklahoma St.,FS1,later,355.0,405.9017414446223,bignoon
660,2024,11/9/24,Oregon,Maryland,BTN,later,817.0,725.4127801524061,bignoon
661,2024,11/9/24,Tennessee,Mississippi St.,ESPN,later,1600.0,2168.2545762512973,bignoon
662,2024,11/9/24,LSU,Alabama,ABC,later,7900.0,8307.697248514782,bignoon
663,2024,11/9/24,Notre Dame,Florida St.,NBC,later,2190.0,3079.6692760408523,bignoon
664,2024,11/9/24,Boise St.,Nevada,FOX,later,1530.0,844.6909240590007,bignoon
665,2024,11/9/24,Utah,BYU,ESPN,later,2070.0,1976.604519990645,bignoon
666,2024,11/9/24,Washington St.,Utah St.,CW,later,371.0,546.5100734572015,bignoon
667,2024,11/12/24,Toledo,Central Michigan,ESPNU,later,56.0,87.09688062729839,bignoon
668,2024,11/12/24,Bowling Green,Western Michigan,ESPN2,later,269.0,474.0805701552784,bignoon
669,2024,11/13/24,Ohio,Eastern Michigan,ESPN2,later,381.0,331.48332284827575,bignoon
670,2024,11/13/24,Miami Ohio,Kent St.,ESPNU,later,70.0,123.02190139361281,bignoon
671,2024,11/14/24,Tulsa,East Carolina,ESPN,later,563.0,603.8554980012889,bignoon
672,2024,11/15/24,UTSA,North Texas,ESPN2,later,313.0,280.8956463242381,bignoon
673,2024,11/15/24,Washington,UCLA,FOX,later,1260.0,1858.5781009258112,bignoon
674,2024,11/16/24,Pittsburgh,Clemson,ESPN,later,1850.0,1703.5479634573285,bignoon
675,2024,11/16/24,Northwestern,Ohio St.,BTN,later,1890.0,1313.5534328871686,bignoon
676,2024,11/16/24,Arkansas,Texas,ABC,later,4560.0,4442.27316793424,bignoon
677,2024,11/16/24,Navy,Tulane,ESPN2,later,269.0,322.28556765435803,bignoon
678,2024,11/16/24,Colorado,Utah,FOX,later,4000.0,4169.038794447665,bignoon
679,2024,11/16/24,California,Syracuse,CW,later,298.0,468.36589835319535,bignoon
680,2024,11/16/24,SMU,Boston College,ESPN,later,957.0,575.7558199725304,bignoon
681,2024,11/16/24,Notre Dame,Virginia,NBC,later,1960.0,2397.1735956382568,bignoon
682,2024,11/16/24,Purdue,Penn St.,CBS,later,1800.0,2784.5704300583525,bignoon
683,2024,11/16/24,Florida,LSU,ABC,later,6020.0,4877.209151852902,bignoon
684,2024,11/16/24,West Virginia,Baylor,ESPN2,later,513.0,614.7305458883645,bignoon
685,2024,11/16/24,Old Dominion,James Madison,ESPNU,later,45.0,61.60678751819418,bignoon
686,2024,11/16/24,USC,Nebraska,FOX,later,2980.0,2551.0431204222577,bignoon
687,2024,11/16/24,Maryland,Rutgers,FS1,later,304.0,367.43548151214526,bignoon
688,2024,11/16/24,Kansas St.,Arizona St.,ESPN,later,849.0,1138.1365875523347,bignoon
689,2024,11/16/24,Wisconsin,Oregon,NBC,later,4120.0,3064.217321006194,bignoon
690,2024,11/16/24,Georgia,Tennessee,ABC,later,9960.0,8663.308340065303,bignoon
691,2024,11/16/24,Iowa St.,Cincinnati,FOX,later,1000.0,1262.8078101431788,bignoon
692,2024,11/16/24,Memphis,UAB,ESPN2,later,117.0,208.54041492649347,bignoon
693,2024,11/16/24,New Mexico,Washington St.,FS1,later,244.0,237.5938230211773,bignoon
694,2024,11/16/24,BYU,Kansas,ESPN,later,1750.0,1767.8552039378574,bignoon
695,2024,11/19/24,Central Michigan,Western Michigan,ESPN2,later,236.0,336.52042548819577,bignoon
696,2024,11/19/24,Miami Ohio,Northern Illinois,ESPN,later,497.0,659.5696116048236,bignoon
697,2024,11/20/24,Eastern Michigan,Buffalo,ESPNU,later,64.0,119.7978216443633,bignoon
698,2024,11/20/24,Toledo,Ohio,ESPN2,later,414.0,284.60305243953144,bignoon
699,2024,11/21/24,Georgia Tech,North Carolina St.,ESPN,later,897.0,901.1894582049376,bignoon
700,2024,11/22/24,UTSA,Temple,ESPN2,later,512.0,285.8467763915908,bignoon
701,2024,11/22/24,Michigan St.,Purdue,FOX,later,1840.0,2573.4375045385987,bignoon
702,2024,11/23/24,Florida,Mississippi,ABC,later,3820.0,4578.76193817636,bignoon
703,2024,11/23/24,Maryland,Iowa,BTN,later,419.0,423.5979646971447,bignoon
704,2024,11/23/24,Ohio St.,Indiana,FOX,later,9320.0,6630.086650313629,bignoon
705,2024,11/23/24,Virginia,SMU,ESPN2,later,262.0,428.6427054433284,bignoon
706,2024,11/23/24,Miami,Wake Forest,ESPN,later,985.0,973.6788136838786,bignoon
707,2024,11/23/24,Nebraska,Wisconsin,BTN,later,1140.0,962.985940595994,bignoon
708,2024,11/23/24,Michigan,Northwestern,FS1,later,975.0,758.2980556149357,bignoon
709,2024,11/23/24,Texas,Kentucky,ABC,later,4470.0,4133.809531409992,bignoon
710,2024,11/23/24,Arizona St.,BYU,ESPN,later,1310.0,2128.3067373333347,bignoon
711,2024,11/23/24,Kansas,Colorado,FOX,later,6220.0,4713.698379100843,bignoon
712,2024,11/23/24,West Virginia,UCF,ESPNU,later,117.0,230.65098192807903,bignoon
713,2024,11/23/24,Louisville,Pittsburgh,ESPN2,later,240.0,540.0425084926218,bignoon
714,2024,11/23/24,Houston,Baylor,FS1,later,210.0,283.6817430377248,bignoon
715,2024,11/23/24,Notre Dame,Army,NBC,later,3890.0,5324.454513630912,bignoon
716,2024,11/23/24,Oregon St.,Washington St.,CW,later,695.0,536.4275972672076,bignoon
717,2024,11/23/24,Utah,Iowa St.,FOX,later,1910.0,1341.9128383168631,bignoon
718,2024,11/23/24,Old Dominion,Marshall,ESPNU,later,48.0,75.6043619159284,bignoon
719,2024,11/23/24,Auburn,Texas A&M,ESPN,later,2530.0,2032.4261034858368,bignoon
720,2024,11/23/24,Oklahoma,Alabama,ABC,later,6980.0,5931.294541924489,bignoon
721,2024,11/23/24,Kansas St.,Cincinnati,ESPN2,later,369.0,474.4143304173082,bignoon
722,2024,11/23/24,UCLA,USC,NBC,later,2160.0,1826.7236117090645,bignoon
723,2024,11/23/24,Nevada,Air Force,FS1,later,98.0,150.1065488553358,bignoon
724,2024,11/26/24,Akron,Toledo,ESPN2,later,347.0,235.25539937858136,bignoon
725,2024,11/28/24,Tulane,Memphis,ESPN,later,655.0,781.3993559091134,bignoon
726,2024,11/29/24,East Carolina,Navy,ESPN,later,626.0,721.6980761785044,bignoon
727,2024,11/29/24,Boise St.,Oregon St.,FOX,later,1700.0,1641.1939515772747,bignoon
728,2024,11/29/24,Wisconsin,Minnesota,CBS,later,2770.0,3760.7142127809902,bignoon
729,2024,11/29/24,Colorado,Oklahoma St.,ABC,later,3310.0,6837.946138750263,bignoon
730,2024,11/29/24,Bowling Green,Miami Ohio,ESPNU,later,46.0,155.5567318545888,bignoon
731,2024,11/29/24,Mississippi,Mississippi St.,ABC,later,4330.0,3434.0409216733624,bignoon
732,2024,11/29/24,Georgia,Georgia Tech,ABC,later,8470.0,5344.641229420706,bignoon
733,2024,11/29/24,Iowa,Nebraska,NBC,later,3600.0,3038.0143581797206,bignoon
734,2024,11/29/24,UCF,Utah,FOX,later,844.0,1363.6492611263736,bignoon
735,2024,11/30/24,Texas Tech,West Virginia,FS1,later,294.0,467.50688620541064,bignoon
736,2024,11/30/24,Louisiana Monroe,Louisiana,ESPNU,later,9.0,55.669289032411854,bignoon
737,2024,11/30/24,Ohio St.,Michigan,FOX,later,12300.0,11611.063140278708,bignoon
738,2024,11/30/24,Northwestern,Illinois,BTN,later,275.0,341.9158369876193,bignoon
739,2024,11/30/24,Clemson,South Carolina,ESPN,later,2400.0,2457.460391709419,bignoon
740,2024,11/30/24,Baylor,Kansas,ESPN2,later,412.0,427.0832767127471,bignoon
741,2024,11/30/24,Vanderbilt,Tennessee,ABC,later,3610.0,2409.5482112547465,bignoon
742,2024,11/30/24,SMU,California,ESPN2,later,228.0,506.2481776954654,bignoon
743,2024,11/30/24,Michigan St.,Rutgers,FS1,later,556.0,691.4512186460473,bignoon
744,2024,11/30/24,Alabama,Auburn,ABC,later,7160.0,8576.428472497977,bignoon
745,2024,11/30/24,Syracuse,Miami,ESPN,later,2110.0,1852.225999387444,bignoon
746,2024,11/30/24,Western Kentucky,Jacksonville St.,ESPNU,later,20.0,77.46738718696389,bignoon
747,2024,11/30/24,Washington St.,Wyoming,CW,later,399.0,365.616210986184,bignoon
748,2024,11/30/24,Florida St.,Florida,ESPN2,later,1370.0,1092.206903057233,bignoon
749,2024,11/30/24,LSU,Oklahoma,ESPN,later,2090.0,2218.963196134962,bignoon
750,2024,11/30/24,Indiana,Purdue,FS1,later,717.0,660.071086278678,bignoon
751,2024,11/30/24,Oregon,Washington,NBC,later,2570.0,2667.710862942949,bignoon
752,2024,11/30/24,Iowa St.,Kansas St.,FOX,later,2010.0,1832.100101770333,bignoon
753,2024,11/30/24,Texas A&M,Texas,ABC,later,9450.0,7323.993857021067,bignoon
754,2024,11/30/24,James Madison,Marshall,ESPNU,later,37.0,80.76726890356777,bignoon
755,2024,11/30/24,BYU,Houston,ESPN,later,1560.0,1141.3875801606755,bignoon
756,2024,11/30/24,San Diego St.,Air Force,FS1,later,157.0,159.56564174363774,bignoon
757,2024,12/6/24,Army,Tulane,ABC,later,2000.0,2741.1726517848056,bignoon
758,2024,12/6/24,Boise St.,UNLV,FOX,later,3010.0,4710.425957082827,bignoon
759,2024,12/7/24,Arizona St.,Iowa St.,ABC,later,6900.0,4028.132472336364,bignoon
760,2024,12/7/24,Miami Ohio,Ohio,ESPN,later,1130.0,573.408194663588,bignoon
761,2024,12/7/24,Texas,Georgia,ABC,later,16630.0,13803.317638133636,bignoon
762,2024,12/7/24,Louisiana,Marshall,ESPN,later,392.0,496.80800496355965,bignoon
763,2024,12/7/24,SMU,Clemson,ABC,later,5980.0,4475.050952064614,bignoon
764,2024,12/7/24,Oregon,Penn St.,CBS,later,10500.0,8290.922003331632,bignoon
765,2024,12/14/24,Army,Navy,CBS,later,9400.0,10675.616204580258,bignoon
361,2024,9/1/24,USC,LSU,ABC,Week1,8620.0,7966.725191216407,both
362,2024,8/31/24,Notre Dame,Texas A&M,ABC,Week1,7920.0,8596.034036266035,both
363,2024,8/31/24,Clemson,Georgia,ABC,Week1,7580.0,6273.387020528821,both
364,2024,8/31/24,Miami,Florida,ABC,Week1,6350.0,3856.637902000535,both
365,2024,8/24/24,Florida St.,Georgia Tech,ESPN,Week0,4990.0,3446.247794585621,both
366,2024,9/2/24,Boston College,Florida St.,ESPN,Week1,4440.0,4788.802182615444,both
367,2024,8/31/24,Penn St.,West Virginia,FOX,Week1,2990.0,4766.503875508557,both
368,2024,8/31/24,Akron,Ohio St.,CBS,Week1,2970.0,2498.7469033512816,both
369,2024,8/31/24,Fresno St.,Michigan,NBC,Week1,2560.0,2316.742313884488,both
370,2024,8/31/24,Western Kentucky,Alabama,ESPN,Week1,1850.0,1668.5841591388032,both
371,2024,8/31/24,Colorado St.,Texas,ESPN,Week1,1840.0,1905.411832593304,both
372,2024,8/29/24,North Carolina,Minnesota,FOX,Week1,1830.0,1981.3409055070715,both
373,2024,8/31/24,UTEP,Nebraska,FOX,Week1,1670.0,2024.3713778399567,both
374,2024,8/30/24,Temple,Oklahoma,ESPN,Week1,1650.0,1660.34794243117,both
375,2024,8/30/24,TCU,Stanford,ESPN,Week1,1490.0,1179.3952810142557,both
376,2024,8/31/24,Virginia Tech,Vanderbilt,ESPN,Week1,1450.0,862.0800680167001,both
377,2024,8/31/24,UCLA,Hawaii,CBS,Week1,1130.0,956.0275173409826,both
378,2024,8/30/24,Western Michigan,Wisconsin,FS1,Week1,963.0,661.95949450034,both
379,2024,8/31/24,New Mexico,Arizona,ESPN,Week1,953.0,846.4285737061853,both
380,2024,8/30/24,FAU,Michigan St.,BTN,Week1,744.0,696.7349041572746,both
381,2024,8/31/24,Idaho,Oregon,BTN,Week1,425.0,446.783373513397,both
382,2024,8/31/24,North Dakota,Iowa St.,FS1,Week1,315.0,353.1733226004045,both
383,2024,8/29/24,Howard,Rutgers,BTN,Week1,269.0,292.80373073955013,both
384,2024,8/31/24,Wyoming,Arizona St.,FS1,Week1,253.0,344.73229420939356,both
385,2024,8/31/24,UNLV,Houston,FS1,Week1,172.0,278.5460817546208,both
386,2024,8/31/24,Boise St.,Georgia Southern,ESPNU,Week1,158.0,137.98496280553678,both
387,2024,8/31/24,Connecticut,Maryland,FS1,Week1,133.0,231.08934988638066,both
388,2024,8/29/24,Eastern Illinois,Illinois,BTN,Week1,112.0,234.61250758530377,both
389,2024,8/31/24,Kent St.,Pittsburgh,ESPNU,Week1,82.0,157.6052856953495,both
390,2024,9/6/24,SMU,BYU,ESPN2,later,917.0,777.7611099972904,both
391,2024,9/7/24,Northwestern,Duke,FS1,later,514.0,285.8216268653856,both
392,2024,9/7/24,Michigan,Texas,FOX,later,9190.0,12115.793343569312,both
393,2024,9/7/24,Oklahoma St.,Arkansas,ABC,later,2800.0,2520.903718370284,both
394,2024,9/7/24,Tulane,Kansas St.,ESPN,later,790.0,777.9255049682274,both
395,2024,9/7/24,Memphis,Troy,ESPNU,later,20.0,71.6505932843526,both
396,2024,9/7/24,Cincinnati,Pittsburgh,ESPN2,later,304.0,514.008372769284,both
397,2024,9/7/24,Notre Dame,Northern Illinois,ABC,later,3930.0,2971.5095508285067,both
398,2024,9/7/24,Utah,Baylor,FOX,later,2080.0,1667.5977813579461,both
399,2024,9/7/24,Wisconsin,South Dakota,FS1,later,537.0,468.1020384632751,both
400,2024,9/7/24,Kentucky,South Carolina,ABC,later,2730.0,2377.107552631877,both
401,2024,9/7/24,Auburn,California,ESPN2,later,1120.0,813.2303428402025,both
402,2024,9/7/24,Iowa,Iowa St.,CBS,later,2280.0,2475.2004562531297,both
403,2024,9/7/24,Texas St.,UTSA,ESPNU,later,24.0,70.91499014126528,both
404,2024,9/7/24,Virginia Tech,Marshall,CW,later,407.0,556.776087452818,both
405,2024,9/7/24,Wake Forest,Virginia,ESPN2,later,358.0,396.46803217808053,both
406,2024,9/7/24,Alabama,South Florida,ESPN,later,2580.0,1883.875341090441,both
407,2024,9/7/24,Illinois,Kansas,FS1,later,841.0,580.7836012199703,both
408,2024,9/7/24,Ohio St.,Western Michigan,BTN,later,1720.0,1202.288624580496,both
409,2024,9/7/24,North Carolina St.,Tennessee,ABC,later,2960.0,3749.9549499113946,both
410,2024,9/7/24,Vanderbilt,Alcorn State,ESPNU,later,17.0,112.11959445968854,both
411,2024,9/7/24,Nebraska,Colorado,NBC,later,5670.0,5179.556344810619,both
412,2024,9/7/24,New Mexico St.,Liberty,ESPN2,later,160.0,258.4209567211056,both
413,2024,9/7/24,Arizona St.,Mississippi St.,ESPN,later,954.0,1303.8724740519565,both
414,2024,9/7/24,USC,Utah St.,BTN,later,589.0,621.6512474783005,both
415,2024,9/12/24,Texas St.,Arizona St.,ESPN,later,993.0,824.6144032865857,both
416,2024,9/13/24,Kansas,UNLV,ESPN,later,1320.0,1315.4268186158708,both
417,2024,9/13/24,Kansas St.,Arizona,FOX,later,2580.0,3648.9964028478453,both
418,2024,9/14/24,South Carolina,LSU,ABC,later,4940.0,4636.926606632109,both
419,2024,9/14/24,Miami Ohio,Cincinnati,ESPNU,later,51.0,156.03750670631075,both
420,2024,9/14/24,Michigan,Arkansas St.,BTN,later,979.0,594.2451034394633,both
421,2024,9/14/24,Texas Tech,North Texas,FS1,later,138.0,286.6153321074362,both
422,2024,9/14/24,Florida St.,Memphis,ESPN,later,1590.0,1154.1070187934533,both
423,2024,9/14/24,Wisconsin,Alabama,FOX,later,5030.0,6659.024496841121,both
424,2024,9/14/24,Tulsa,Oklahoma St.,ESPN2,later,308.0,525.851901717065,both
425,2024,9/14/24,Pittsburgh,West Virginia,ESPN2,later,1150.0,976.4600933380916,both
426,2024,9/14/24,Purdue,Notre Dame,CBS,later,2280.0,3508.0335281316547,both
427,2024,9/14/24,Oklahoma,Tulane,ESPN,later,1390.0,1291.9304008873291,both
428,2024,9/14/24,Florida,Texas A&M,ABC,later,4800.0,4152.22669633878,both
429,2024,9/14/24,Oregon St.,Oregon,FOX,later,2820.0,2962.0602776132273,both
430,2024,9/14/24,East Carolina,Appalachian St.,ESPNU,later,81.0,157.74998869966913,both
431,2024,9/14/24,Iowa,Troy,FS1,later,446.0,376.2494361678025,both
432,2024,9/14/24,Wake Forest,Mississippi,CW,later,419.0,842.8031220579192,both
433,2024,9/14/24,Texas,UTSA,ESPN,later,1480.0,1508.0171710331842,both
434,2024,9/14/24,Mississippi St.,Toledo,ESPNU,later,69.0,133.60003484518927,both
435,2024,9/14/24,Auburn,New Mexico,ESPN2,later,662.0,456.35845096488333,both
436,2024,9/14/24,Baylor,Air Force,FS1,later,128.0,290.94071629274947,both
437,2024,9/14/24,UCLA,Indiana,NBC,later,1290.0,1095.0636387346574,both
438,2024,9/14/24,Kentucky,Georgia,ABC,later,6600.0,4182.643821621994,both
439,2024,9/14/24,Colorado St.,Colorado,CBS,later,3250.0,3182.765217310975,both
440,2024,9/14/24,TCU,UCF,FOX,later,1030.0,1461.657272501006,both
441,2024,9/14/24,California,San Diego St.,ESPN,later,938.0,831.9485597003468,both
442,2024,9/19/24,Appalachian St.,South Alabama,ESPN,later,629.0,859.9432970839262,both
443,2024,9/20/24,Syracuse,Stanford,ESPN,later,1370.0,1283.861821999634,both
444,2024,9/20/24,Nebraska,Illinois,FOX,later,4210.0,4230.910388021928,both
445,2024,9/20/24,Washington St.,San Jose St.,CW,later,542.0,811.3371270800295,both
446,2024,9/21/24,Ohio St.,Marshall,FOX,later,3960.0,3297.4790605801472,both
447,2024,9/21/24,West Virginia,Kansas,ESPN2,later,1150.0,818.7916024633721,both
448,2024,9/21/24,Louisiana,Tulane,ESPNU,later,86.0,93.92334982100502,both
449,2024,9/21/24,Mississippi St.,Florida,ESPN,later,2640.0,2366.190494450676,both
450,2024,9/21/24,Cincinnati,Houston,FS1,later,195.0,367.6549339205668,both
451,2024,9/21/24,Clemson,North Carolina St.,ABC,later,1950.0,2430.527666476997,both
452,2024,9/21/24,Notre Dame,Miami Ohio,NBC,later,1690.0,1808.0527305186388,both
453,2024,9/21/24,Auburn,Arkansas,ESPN,later,2020.0,1659.0926291000978,both
454,2024,9/21/24,Louisville,Georgia Tech,ESPN2,later,782.0,464.6478547048756,both
455,2024,9/21/24,Michigan,USC,CBS,later,6320.0,3993.9846844499084,both
456,2024,9/21/24,Texas Tech,Arizona St.,FS1,later,410.0,511.57107622705416,both
457,2024,9/21/24,Penn St.,Kent St.,BTN,later,434.0,692.5618850686517,both
458,2024,9/21/24,LSU,UCLA,ABC,later,2730.0,3075.329183209259,both
459,2024,9/21/24,Oklahoma St.,Utah,FOX,later,2140.0,2556.0679527656375,both
460,2024,9/21/24,Middle Tennessee St.,Duke,ESPNU,later,53.0,91.88214260866891,both
461,2024,9/21/24,SMU,TCU,CW,later,322.0,375.2781687013012,both
462,2024,9/21/24,Florida St.,California,ESPN2,later,887.0,752.4329372338573,both
463,2024,9/21/24,South Florida,Miami,ESPN,later,1250.0,863.9588924732387,both
464,2024,9/21/24,Washington,Northwestern,FS1,later,378.0,520.2372216907918,both
465,2024,9/21/24,Minnesota,Iowa,NBC,later,1890.0,1558.7852519890846,both
466,2024,9/21/24,Oklahoma,Tennessee,ABC,later,6270.0,6875.920682579899,both
467,2024,9/21/24,South Carolina,Akron,ESPNU,later,89.0,182.33619120231685,both
468,2024,9/21/24,Colorado,Baylor,FOX,later,3640.0,3297.261243222434,both
469,2024,9/21/24,Oregon St.,Purdue,CW,later,452.0,731.4307721062414,both
470,2024,9/21/24,Boise St.,Portland State,FS1,later,248.0,258.7934079400255,both
471,2024,9/21/24,BYU,Kansas St.,ESPN,later,1500.0,1732.239734140509,both
472,2024,9/26/24,Temple,Army,ESPN,later,684.0,819.195634407065,both
473,2024,9/27/24,Miami,Virginia Tech,ESPN,later,3260.0,2964.5653972820573,both
474,2024,9/27/24,Rutgers,Washington,FOX,later,1930.0,2317.388733481525,both
475,2024,9/28/24,Kansas St.,Oklahoma St.,ESPN,later,1880.0,2322.0922528251563,both
476,2024,9/28/24,Indiana,Maryland,BTN,later,547.0,383.71378245215567,both
477,2024,9/28/24,Tulane,South Florida,ESPNU,later,41.0,93.23911914709183,both
478,2024,9/28/24,Baylor,BYU,FS1,later,428.0,558.1144259523799,both
479,2024,9/28/24,UAB,Navy,ESPN2,later,185.0,312.564520445506,both
480,2024,9/28/24,Mississippi,Kentucky,ABC,later,3990.0,3138.0385850033167,both
481,2024,9/28/24,North Carolina St.,Northern Illinois,CW,later,427.0,389.29614540080775,both
482,2024,9/28/24,Michigan,Minnesota,FOX,later,3600.0,3564.8811824137933,both
483,2024,9/28/24,UCF,Colorado,FOX,later,4170.0,5035.942655538873,both
484,2024,9/28/24,Auburn,Oklahoma,ABC,later,5040.0,4253.956631223177,both
485,2024,9/28/24,Georgia St.,Georgia Southern,ESPNU,later,29.0,78.36365831974314,both
486,2024,9/28/24,Texas A&M,Arkansas,ESPN,later,1800.0,2251.258383497889,both
487,2024,9/28/24,UNLV,Fresno St.,FS1,later,174.0,285.90880188130393,both
488,2024,9/28/24,Duke,North Carolina,ESPN2,later,521.0,588.3570353803993,both
489,2024,9/28/24,Houston,Iowa St.,FS1,later,372.0,438.0285117773011,both
490,2024,9/28/24,Clemson,Stanford,ESPN,later,1000.0,1253.293869956704,both
491,2024,9/28/24,Memphis,Middle Tennessee St.,ESPNU,later,39.0,75.4480727472395,both
492,2024,9/28/24,Alabama,Georgia,ABC,later,11990.0,11803.352365654451,both
493,2024,9/28/24,Penn St.,Illinois,NBC,later,3090.0,2534.159039033159,both
494,2024,9/28/24,Texas Tech,Cincinnati,ESPN2,later,417.0,502.49112942005485,both
495,2024,9/28/24,Boise St.,Washington St.,FS1,later,535.0,516.6667782631895,both
496,2024,9/28/24,Utah,Arizona,ESPN,later,907.0,1396.8948038936642,both
497,2024,9/28/24,UCLA,Oregon,FOX,later,1500.0,2414.394921809703,both
498,2024,10/3/24,Troy,Texas St.,ESPN2,later,343.0,266.97418513638394,both
499,2024,10/4/24,TCU,Houston,ESPN,later,1510.0,962.2272131994293,both
500,2024,10/4/24,UNLV,Syracuse,FS1,later,698.0,547.9631762700701,both
501,2024,10/4/24,Oregon,Michigan St.,FOX,later,2840.0,4033.1234683140187,both
502,2024,10/5/24,Texas A&M,Missouri,ABC,later,3270.0,3871.096402215649,both
503,2024,10/5/24,Tulsa,Army,ESPNU,later,72.0,186.68435988151614,both
504,2024,10/5/24,Air Force,Navy,CBS,later,1280.0,1196.5923144952421,both
505,2024,10/5/24,North Carolina St.,Wake Forest,CW,later,446.0,384.189065632979,both
506,2024,10/5/24,North Carolina,Pittsburgh,ESPN2,later,645.0,677.4468491077981,both
507,2024,10/5/24,Louisville,SMU,ESPN,later,1410.0,798.193787769085,both
508,2024,10/5/24,Penn St.,UCLA,FOX,later,2750.0,3935.387365742091,both
509,2024,10/5/24,Wisconsin,Purdue,BTN,later,588.0,669.9910869794894,both
510,2024,10/5/24,Charlotte,East Carolina,ESPNU,later,28.0,39.910683897858405,both
511,2024,10/5/24,Ohio St.,Iowa,CBS,later,4460.0,5323.838548578574,both
512,2024,10/5/24,Northwestern,Indiana,BTN,later,439.0,521.2332192649499,both
513,2024,10/5/24,South Carolina,Mississippi,ESPN,later,1230.0,2056.5643935750263,both
514,2024,10/5/24,Georgia,Auburn,ABC,later,4930.0,5008.840877179628,both
515,2024,10/5/24,Nebraska,Rutgers,FS1,later,1030.0,900.9964541816721,both
516,2024,10/5/24,Oklahoma St.,West Virginia,ESPN2,later,634.0,826.4982862642264,both
517,2024,10/5/24,Oregon St.,Colorado St.,CW,later,568.0,442.0551310207885,both
518,2024,10/5/24,Florida St.,Clemson,ESPN,later,1410.0,2129.266137192606,both
519,2024,10/5/24,Boise St.,Utah St.,FS2,later,239.0,248.84512113410887,both
520,2024,10/5/24,Louisiana Monroe,James Madison,ESPNU,later,42.0,72.071824089588,both
521,2024,10/5/24,Iowa St.,Baylor,FOX,later,1200.0,1637.914735699041,both
522,2024,10/5/24,Minnesota,USC,BTN,later,701.0,732.6730290382827,both
523,2024,10/5/24,Arkansas,Tennessee,ABC,later,5290.0,4712.237607565938,both
524,2024,10/5/24,Washington,Michigan,NBC,later,4040.0,3577.192946502093,both
525,2024,10/5/24,Arizona St.,Kansas,ESPN2,later,525.0,465.1159065233742,both
526,2024,10/5/24,California,Miami,ESPN,later,1920.0,2517.8607860171714,both
527,2024,10/5/24,Arizona,Texas Tech,FOX,later,943.0,1785.7498560687395,both
528,2024,10/9/24,Jacksonville St.,New Mexico St.,ESPN2,later,310.0,316.89224090371374,both
529,2024,10/10/24,James Madison,Coastal Carolina,ESPN2,later,390.0,326.71601323939706,both
530,2024,10/10/24,Western Kentucky,UTEP,ESPNU,later,81.0,94.66054618366809,both
531,2024,10/11/24,Maryland,Northwestern,FS1,later,712.0,557.113354612776,both
532,2024,10/11/24,Arizona St.,Utah,ESPN,later,1290.0,1346.1156169069914,both
533,2024,10/12/24,Rutgers,Wisconsin,BTN,later,620.0,561.9391919913135,both
534,2024,10/12/24,Iowa,Washington,FOX,later,2370.0,2216.0062509634795,both
535,2024,10/12/24,Alabama,South Carolina,ABC,later,6000.0,5807.608581013515,both
536,2024,10/12/24,Buffalo,Toledo,ESPNU,later,40.0,75.16043456650523,both
537,2024,10/12/24,Massachusetts,Missouri,ESPN2,later,276.0,347.296912372834,both
538,2024,10/12/24,Wake Forest,Clemson,ESPN,later,1300.0,1338.5981138332643,both
539,2024,10/12/24,North Carolina,Georgia Tech,CW,later,541.0,433.1066887977202,both
540,2024,10/12/24,Illinois,Purdue,FS1,later,440.0,557.3926274659605,both
541,2024,10/12/24,UCF,Cincinnati,ESPN2,later,280.0,472.0067754583547,both
542,2024,10/12/24,Pittsburgh,California,ESPN,later,741.0,1077.330711656225,both
543,2024,10/12/24,USC,Penn St.,CBS,later,4280.0,3717.1494282653584,both
544,2024,10/12/24,Oklahoma,Texas,ABC,later,7630.0,5784.04458925188,both
545,2024,10/12/24,Notre Dame,Stanford,NBC,later,1870.0,1797.4718982204145,both
546,2024,10/12/24,Central Michigan,Ohio,ESPNU,later,24.0,70.8999390977068,both
547,2024,10/12/24,BYU,Arizona,FOX,later,1310.0,2094.339287718259,both
548,2024,10/12/24,FAU,North Texas,ESPN2,later,82.0,158.02896013278314,both
549,2024,10/12/24,Fresno St.,Washington St.,FS1,later,246.0,295.3320389868842,both
550,2024,10/12/24,Tennessee,Florida,ESPN,later,3250.0,3055.5707932326873,both
551,2024,10/12/24,LSU,Mississippi,ABC,later,4240.0,4633.916622270981,both
552,2024,10/12/24,Oregon,Ohio St.,NBC,later,9600.0,5352.687095923309,both
553,2024,10/12/24,West Virginia,Iowa St.,FOX,later,1220.0,2177.3540072801734,both
554,2024,10/12/24,Georgia Southern,Marshall,ESPNU,later,15.0,80.19860290627602,both
555,2024,10/12/24,UCLA,Minnesota,BTN,later,312.0,356.54373349144123,both
556,2024,10/12/24,Colorado,Kansas St.,ESPN,later,3260.0,4351.978263948922,both
557,2024,10/15/24,South Alabama,Troy,ESPN2,later,352.0,222.45161420346074,both
558,2024,10/15/24,New Mexico St.,Louisiana Tech,ESPNU,later,64.0,72.06874154988913,both
559,2024,10/16/24,Sam Houston,Western Kentucky,ESPN2,later,403.0,306.20353843153805,both
560,2024,10/17/24,Marshall,Georgia St.,ESPN2,later,209.0,328.93753901942125,both
561,2024,10/17/24,Virginia Tech,Boston College,ESPN,later,712.0,1054.3094104490497,both
562,2024,10/18/24,Duke,Florida St.,ESPN,later,1260.0,1298.229180989208,both
563,2024,10/18/24,Purdue,Oregon,FOX,later,2150.0,3755.2230879713006,both
564,2024,10/18/24,BYU,Oklahoma St.,ESPN,later,1660.0,1738.249499673355,both
565,2024,10/19/24,Missouri,Auburn,ESPN,later,2450.0,1632.2631151683588,both
566,2024,10/19/24,Indiana,Nebraska,FOX,later,3180.0,3728.736349444642,both
567,2024,10/19/24,Louisville,Miami,ABC,later,4070.0,2690.2082507353716,both
568,2024,10/19/24,Rutgers,UCLA,FS1,later,426.0,395.6414203745872,both
569,2024,10/19/24,Coastal Carolina,Louisiana,ESPNU,later,54.0,81.7725344423978,both
570,2024,10/19/24,Northwestern,Wisconsin,BTN,later,502.0,519.5915942195614,both
571,2024,10/19/24,Army,East Carolina,ESPN2,later,323.0,633.504710235222,both
572,2024,10/19/24,Illinois,Michigan,CBS,later,3010.0,3112.539720576659,both
573,2024,10/19/24,Tennessee,Alabama,ABC,later,10230.0,8305.48950580223,both
574,2024,10/19/24,Georgia Tech,Notre Dame,ESPN,later,1590.0,1557.1998461835258,both
575,2024,10/19/24,Washington St.,Hawaii,CW,later,258.0,295.6751234571188,both
576,2024,10/19/24,Texas Tech,Baylor,ESPN2,later,316.0,473.18725895539353,both
577,2024,10/19/24,Maryland,USC,FS1,later,516.0,442.8226680654046,both
578,2024,10/19/24,Arizona,Colorado,FOX,later,2020.0,2969.3677086621474,both
579,2024,10/19/24,Arkansas,LSU,ESPN,later,1360.0,2830.993720949261,both
580,2024,10/19/24,Iowa St.,UCF,FS1,later,526.0,685.325934864976,both
581,2024,10/19/24,Memphis,North Texas,ESPNU,later,30.0,88.79833445269429,both
582,2024,10/19/24,Michigan St.,Iowa,NBC,later,1570.0,2062.186975926197,both
583,2024,10/19/24,West Virginia,Kansas St.,FOX,later,1140.0,2039.5884580120019,both
584,2024,10/19/24,Texas,Georgia,ABC,later,13190.0,9011.65744716439,both
585,2024,10/19/24,Oregon St.,UNLV,CW,later,507.0,594.6881863475625,both
586,2024,10/19/24,Utah,TCU,ESPN,later,912.0,1020.6920019017186,both
587,2024,10/22/24,FIU,Sam Houston,ESPNU,later,132.0,96.6147780074807,both
588,2024,10/23/24,Jacksonville St.,Middle Tennessee St.,ESPN2,later,434.0,266.14319995377474,both
589,2024,10/24/24,Old Dominion,Georgia Southern,ESPN2,later,214.0,282.7587416049404,both
590,2024,10/24/24,Pittsburgh,Syracuse,ESPN,later,948.0,1616.7301038636979,both
591,2024,10/25/24,Boston College,Louisville,ESPN2,later,879.0,862.1164782445948,both
592,2024,10/25/24,USC,Rutgers,FOX,later,2010.0,1877.2739505972645,both
593,2024,10/26/24,Navy,Notre Dame,ABC,later,2790.0,3368.1301800534397,both
594,2024,10/26/24,Memphis,Charlotte,ESPNU,later,41.0,40.317496091243136,both
595,2024,10/26/24,Indiana,Washington,BTN,later,1070.0,674.6806047377088,both
596,2024,10/26/24,North Texas,Tulane,ESPN2,later,130.0,186.43223186008646,both
597,2024,10/26/24,Ohio St.,Nebraska,FOX,later,5960.0,7633.386090557855,both
598,2024,10/26/24,Mississippi,Oklahoma,ESPN,later,2600.0,1980.8596712360036,both
599,2024,10/26/24,Virginia,North Carolina,CW,later,398.0,468.345442669083,both
600,2024,10/26/24,Minnesota,Maryland,FS1,later,340.0,504.58712298491946,both
601,2024,10/26/24,Alabama,Missouri,ABC,later,5540.0,5134.887641525158,both
602,2024,10/26/24,Iowa,Northwestern,BTN,later,609.0,536.8376636189139,both
603,2024,10/26/24,Oregon,Illinois,CBS,later,2750.0,3758.0625272494613,both
604,2024,10/26/24,UCF,BYU,ESPN,later,1240.0,1251.412527088186,both
605,2024,10/26/24,TCU,Texas Tech,FOX,later,2360.0,1709.3467408464612,both
606,2024,10/26/24,California,Oregon St.,ESPN2,later,183.0,473.63234303294144,both
607,2024,10/26/24,Arizona,West Virginia,FS1,later,347.0,525.5054666505189,both
608,2024,10/26/24,Miami,Florida St.,ESPN,later,1530.0,2043.0412153647849,both
609,2024,10/26/24,Wisconsin,Penn St.,NBC,later,3340.0,3909.4009118586673,both
610,2024,10/26/24,Texas A&M,LSU,ABC,later,5060.0,6220.383305974925,both
611,2024,10/26/24,Michigan,Michigan St.,BTN,later,1730.0,1191.2731955315398,both
612,2024,10/26/24,Kansas St.,Kansas,ESPN2,later,708.0,632.5258929403792,both
613,2024,10/26/24,Colorado,Cincinnati,ESPN,later,2340.0,2705.6590845363685,both
614,2024,10/29/24,Texas St.,Louisiana,ESPN2,later,227.0,310.7915118312455,both
615,2024,10/29/24,Sam Houston,Louisiana Tech,ESPNU,later,33.0,96.58713563200516,both
616,2024,10/30/24,Western Kentucky,Kennesaw St.,ESPN2,later,182.0,303.65949957069904,both
617,2024,10/31/24,Charlotte,Tulane,ESPN,later,492.0,239.11029936221132,both
618,2024,11/1/24,FAU,South Florida,ESPN2,later,562.0,389.90102767298265,both
619,2024,11/1/24,Boise St.,San Diego St.,FS1,later,656.0,731.3359477710419,both
620,2024,11/2/24,Illinois,Minnesota,FS1,later,551.0,547.5234261383421,both
621,2024,11/2/24,Penn St.,Ohio St.,FOX,later,9770.0,11601.521267953007,both
622,2024,11/2/24,UTSA,Memphis,ESPN2,later,147.0,164.05120398930734,both
623,2024,11/2/24,Miami,Duke,ABC,later,1960.0,1919.2352102739715,both
624,2024,11/2/24,Eastern Michigan,Toledo,ESPNU,later,27.0,54.96534836231542,both
625,2024,11/2/24,Arkansas,Mississippi,ESPN,later,1180.0,1697.891756237538,both
626,2024,11/2/24,Houston,Kansas St.,FOX,later,1510.0,1515.2074624563825,both
627,2024,11/2/24,Nebraska,UCLA,BTN,later,882.0,744.2645305629301,both
628,2024,11/2/24,Georgia,Florida,ABC,later,6970.0,6582.910306501068,both
629,2024,11/2/24,Iowa St.,Texas Tech,ESPN,later,1240.0,1624.6284868227176,both
630,2024,11/2/24,UCF,Arizona,FS1,later,213.0,454.274988213596,both
631,2024,11/2/24,Rice,Navy,ESPN2,later,218.0,214.05705991655194,both
632,2024,11/2/24,South Alabama,Georgia Southern,ESPNU,later,18.0,90.48608279394324,both
633,2024,11/2/24,Washington,USC,BTN,later,727.0,657.0490923997093,both
634,2024,11/2/24,Clemson,Louisville,ESPN,later,1430.0,1653.775152540646,both
635,2024,11/2/24,South Carolina,Texas A&M,ABC,later,5560.0,4677.068043447015,both
636,2024,11/2/24,Iowa,Wisconsin,NBC,later,2730.0,2267.000711531758,both
637,2024,11/2/24,Baylor,TCU,ESPN2,later,483.0,583.7999929294042,both
638,2024,11/5/24,Central Michigan,Bowling Green,ESPN2,later,286.0,428.74863808517,both
639,2024,11/5/24,Ball St.,Miami Ohio,ESPN,later,378.0,535.6687583817377,both
640,2024,11/6/24,Kent St.,Ohio,ESPNU,later,49.0,100.7075446163685,both
641,2024,11/6/24,Western Michigan,Northern Illinois,ESPN2,later,442.0,375.6239852202327,both
642,2024,11/7/24,East Carolina,FAU,ESPN2,later,196.0,354.4791845173793,both
643,2024,11/7/24,Coastal Carolina,Appalachian St.,ESPN,later,412.0,597.2508065724387,both
644,2024,11/8/24,Memphis,Rice,ESPN2,later,407.0,278.56877926775616,both
645,2024,11/8/24,UCLA,Iowa,FOX,later,1890.0,2172.569804265626,both
646,2024,11/9/24,Texas,Florida,ABC,later,3700.0,5754.081637389256,both
647,2024,11/9/24,Georgia Tech,Miami,ESPN,later,3460.0,1692.2801049534314,both
648,2024,11/9/24,South Florida,Navy,ESPN2,later,247.0,246.19838895800933,both
649,2024,11/9/24,Louisiana Monroe,Texas St.,ESPNU,later,27.0,64.85336948292293,both
650,2024,11/9/24,Rutgers,Minnesota,NBC,later,1200.0,1000.6883614846482,both
651,2024,11/9/24,Ohio St.,Purdue,FOX,later,3480.0,3356.1311604906714,both
652,2024,11/9/24,Indiana,Michigan,CBS,later,4390.0,4204.356568939248,both
653,2024,11/9/24,Virginia Tech,Clemson,ESPN,later,1440.0,1476.3164754045722,both
654,2024,11/9/24,Mississippi,Georgia,ABC,later,7080.0,5470.268173967839,both
655,2024,11/9/24,North Texas,Army,ESPN2,later,322.0,432.676696790478,both
656,2024,11/9/24,Tulane,Temple,ESPNU,later,22.0,51.72982368378672,both
657,2024,11/9/24,Texas Tech,Colorado,FOX,later,3680.0,5264.614344961953,both
658,2024,11/9/24,Arizona St.,UCF,ESPN2,later,378.0,418.0824060560257,both
659,2024,11/9/24,TCU,Oklahoma St.,FS1,later,355.0,405.3864590980884,both
660,2024,11/9/24,Oregon,Maryland,BTN,later,817.0,712.4064949770707,both
661,2024,11/9/24,Tennessee,Mississippi St.,ESPN,later,1600.0,2178.5948648720887,both
662,2024,11/9/24,LSU,Alabama,ABC,later,7900.0,9016.386206978399,both
663,2024,11/9/24,Notre Dame,Florida St.,NBC,later,2190.0,3061.759236620399,both
664,2024,11/9/24,Boise St.,Nevada,FOX,later,1530.0,851.4091838875541,both
665,2024,11/9/24,Utah,BYU,ESPN,later,2070.0,1968.3960793017038,both
666,2024,11/9/24,Washington St.,Utah St.,CW,later,371.0,544.6166624456824,both
667,2024,11/12/24,Toledo,Central Michigan,ESPNU,later,56.0,87.18138104674387,both
668,2024,11/12/24,Bowling Green,Western Michigan,ESPN2,later,269.0,473.1453968320068,both
669,2024,11/13/24,Ohio,Eastern Michigan,ESPN2,later,381.0,331.71851879987116,both
670,2024,11/13/24,Miami Ohio,Kent St.,ESPNU,later,70.0,123.74779810662154,both
671,2024,11/14/24,Tulsa,East Carolina,ESPN,later,563.0,596.2908356251222,both
672,2024,11/15/24,UTSA,North Texas,ESPN2,later,313.0,281.73109755942215,both
673,2024,11/15/24,Washington,UCLA,FOX,later,1260.0,1890.3598189877885,both
674,2024,11/16/24,Pittsburgh,Clemson,ESPN,later,1850.0,1676.1918471540496,both
675,2024,11/16/24,Northwestern,Ohio St.,BTN,later,1890.0,1319.6011894594362,both
676,2024,11/16/24,Arkansas,Texas,ABC,later,4560.0,4396.038593520627,both
677,2024,11/16/24,Navy,Tulane,ESPN2,later,269.0,323.2290515722623,both
678,2024,11/16/24,Colorado,Utah,FOX,later,4000.0,4168.2797968737395,both
679,2024,11/16/24,California,Syracuse,CW,later,298.0,474.59158231255105,both
680,2024,11/16/24,SMU,Boston College,ESPN,later,957.0,573.0215385432598,both
681,2024,11/16/24,Notre Dame,Virginia,NBC,later,1960.0,2405.392560090239,both
682,2024,11/16/24,Purdue,Penn St.,CBS,later,1800.0,2809.7047383774625,both
683,2024,11/16/24,Florida,LSU,ABC,later,6020.0,4773.632389218609,both
684,2024,11/16/24,West Virginia,Baylor,ESPN2,later,513.0,619.7999806524689,both
685,2024,11/16/24,Old Dominion,James Madison,ESPNU,later,45.0,61.893763536351614,both
686,2024,11/16/24,USC,Nebraska,FOX,later,2980.0,2548.2382007986544,both
687,2024,11/16/24,Maryland,Rutgers,FS1,later,304.0,366.9904094006249,both
688,2024,11/16/24,Kansas St.,Arizona St.,ESPN,later,849.0,1130.0351489397322,both
689,2024,11/16/24,Wisconsin,Oregon,NBC,later,4120.0,3016.8845788143262,both
690,2024,11/16/24,Georgia,Tennessee,ABC,later,9960.0,9909.366856144181,both
691,2024,11/16/24,Iowa St.,Cincinnati,FOX,later,1000.0,1268.038788014247,both
692,2024,11/16/24,Memphis,UAB,ESPN2,later,117.0,207.6073976516837,both
693,2024,11/16/24,New Mexico,Washington St.,FS1,later,244.0,236.50906437890302,both
694,2024,11/16/24,BYU,Kansas,ESPN,later,1750.0,1776.5127901545652,both
695,2024,11/19/24,Central Michigan,Western Michigan,ESPN2,later,236.0,337.02619906872485,both
696,2024,11/19/24,Miami Ohio,Northern Illinois,ESPN,later,497.0,657.7724332119946,both
697,2024,11/20/24,Eastern Michigan,Buffalo,ESPNU,later,64.0,119.80229407756914,both
698,2024,11/20/24,Toledo,Ohio,ESPN2,later,414.0,282.29647453292654,both
699,2024,11/21/24,Georgia Tech,North Carolina St.,ESPN,later,897.0,901.7881594699884,both
700,2024,11/22/24,UTSA,Temple,ESPN2,later,512.0,287.56149105415625,both
701,2024,11/22/24,Michigan St.,Purdue,FOX,later,1840.0,2609.4004176922263,both
702,2024,11/23/24,Florida,Mississippi,ABC,later,3820.0,4493.115335312095,both
703,2024,11/23/24,Maryland,Iowa,BTN,later,419.0,426.88522044573347,both
704,2024,11/23/24,Ohio St.,Indiana,FOX,later,9320.0,7346.31173875141,both
705,2024,11/23/24,Virginia,SMU,ESPN2,later,262.0,429.31593148250806,both
706,2024,11/23/24,Miami,Wake Forest,ESPN,later,985.0,979.3990285915415,both
707,2024,11/23/24,Nebraska,Wisconsin,BTN,later,1140.0,951.3408266946366,both
708,2024,11/23/24,Michigan,Northwestern,FS1,later,975.0,756.6598122502497,both
709,2024,11/23/24,Texas,Kentucky,ABC,later,4470.0,4126.658639752504,both
710,2024,11/23/24,Arizona St.,BYU,ESPN,later,1310.0,2138.2915396242292,both
711,2024,11/23/24,Kansas,Colorado,FOX,later,6220.0,4678.778019871375,both
712,2024,11/23/24,West Virginia,UCF,ESPNU,later,117.0,231.0634368713806,both
713,2024,11/23/24,Louisville,Pittsburgh,ESPN2,later,240.0,544.3033144935711,both
714,2024,11/23/24,Houston,Baylor,FS1,later,210.0,284.98024005167224,both
715,2024,11/23/24,Notre Dame,Army,NBC,later,3890.0,5068.035070280444,both
716,2024,11/23/24,Oregon St.,Washington St.,CW,later,695.0,535.9829423222193,both
717,2024,11/23/24,Utah,Iowa St.,FOX,later,1910.0,1354.552981873228,both
718,2024,11/23/24,Old Dominion,Marshall,ESPNU,later,48.0,75.78281600716126,both
719,2024,11/23/24,Auburn,Texas A&M,ESPN,later,2530.0,2021.6775392272314,both
720,2024,11/23/24,Oklahoma,Alabama,ABC,later,6980.0,5809.564759485257,both
721,2024,11/23/24,Kansas St.,Cincinnati,ESPN2,later,369.0,473.5324769084852,both
722,2024,11/23/24,UCLA,USC,NBC,later,2160.0,1853.1524641932922,both
723,2024,11/23/24,Nevada,Air Force,FS1,later,98.0,149.82782527332245,both
724,2024,11/26/24,Akron,Toledo,ESPN2,later,347.0,235.05319113582874,both
725,2024,11/28/24,Tulane,Memphis,ESPN,later,655.0,775.3826732294481,both
726,2024,11/29/24,East Carolina,Navy,ESPN,later,626.0,725.7540114686261,both
727,2024,11/29/24,Boise St.,Oregon St.,FOX,later,1700.0,1668.6078017344696,both
728,2024,11/29/24,Wisconsin,Minnesota,CBS,later,2770.0,3613.266335454542,both
729,2024,11/29/24,Colorado,Oklahoma St.,ABC,later,3310.0,6920.1906953552625,both
730,2024,11/29/24,Bowling Green,Miami Ohio,ESPNU,later,46.0,155.8389848301457,both
731,2024,11/29/24,Mississippi,Mississippi St.,ABC,later,4330.0,3490.4838892523585,both
732,2024,11/29/24,Georgia,Georgia Tech,ABC,later,8470.0,5381.524384400407,both
733,2024,11/29/24,Iowa,Nebraska,NBC,later,3600.0,3076.791063956731,both
734,2024,11/29/24,UCF,Utah,FOX,later,844.0,1403.519448698304,both
735,2024,11/30/24,Texas Tech,West Virginia,FS1,later,294.0,471.0406530318909,both
736,2024,11/30/24,Louisiana Monroe,Louisiana,ESPNU,later,9.0,56.02223674910901,both
737,2024,11/30/24,Ohio St.,Michigan,FOX,later,12300.0,10453.968512617936,both
738,2024,11/30/24,Northwestern,Illinois,BTN,later,275.0,341.75893774907377,both
739,2024,11/30/24,Clemson,South Carolina,ESPN,later,2400.0,2351.1154435934577,both
740,2024,11/30/24,Baylor,Kansas,ESPN2,later,412.0,429.2581679526479,both
741,2024,11/30/24,Vanderbilt,Tennessee,ABC,later,3610.0,2434.0814822302737,both
742,2024,11/30/24,SMU,California,ESPN2,later,228.0,504.5088555873348,both
743,2024,11/30/24,Michigan St.,Rutgers,FS1,later,556.0,688.7323778576572,both
744,2024,11/30/24,Alabama,Auburn,ABC,later,7160.0,8459.061105021481,both
745,2024,11/30/24,Syracuse,Miami,ESPN,later,2110.0,1874.5849677387569,both
746,2024,11/30/24,Western Kentucky,Jacksonville St.,ESPNU,later,20.0,77.3581737311875,both
747,2024,11/30/24,Washington St.,Wyoming,CW,later,399.0,365.85704256781617,both
748,2024,11/30/24,Florida St.,Florida,ESPN2,later,1370.0,1088.7920598437072,both
749,2024,11/30/24,LSU,Oklahoma,ESPN,later,2090.0,2228.26946126076,both
750,2024,11/30/24,Indiana,Purdue,FS1,later,717.0,661.8131397624226,both
751,2024,11/30/24,Oregon,Washington,NBC,later,2570.0,2717.6615113067364,both
752,2024,11/30/24,Iowa St.,Kansas St.,FOX,later,2010.0,1825.0825421765478,both
753,2024,11/30/24,Texas A&M,Texas,ABC,later,9450.0,8335.37349010413,both
754,2024,11/30/24,James Madison,Marshall,ESPNU,later,37.0,80.50121875549073,both
755,2024,11/30/24,BYU,Houston,ESPN,later,1560.0,1153.4319413457365,both
756,2024,11/30/24,San Diego St.,Air Force,FS1,later,157.0,159.24738967525676,both
757,2024,12/6/24,Army,Tulane,ABC,later,2000.0,2703.9160181438,both
758,2024,12/6/24,Boise St.,UNLV,FOX,later,3010.0,4746.4532884650425,both
759,2024,12/7/24,Arizona St.,Iowa St.,ABC,later,6900.0,3948.8433640487247,both
760,2024,12/7/24,Miami Ohio,Ohio,ESPN,later,1130.0,571.5609181794725,both
761,2024,12/7/24,Texas,Georgia,ABC,later,16630.0,14809.336568268378,both
762,2024,12/7/24,Louisiana,Marshall,ESPN,later,392.0,494.93869134335716,both
763,2024,12/7/24,SMU,Clemson,ABC,later,5980.0,4081.170815377421,both
764,2024,12/7/24,Oregon,Penn St.,CBS,later,10500.0,7533.883577403462,both
765,2024,12/14/24,Army,Navy,CBS,later,9400.0,9458.757099759114,both
1813,2025,8/23/25,Kansas St.,Iowa St.,ESPN,Week0,4470.0,4425.334395794571,current
1814,2025,8/28/25,South Florida,Boise St.,ESPN,Week1,2040.0,1307.3410995152653,current
1815,2025,8/28/25,Cincinnati,Nebraska,ESPN,Week1,3330.0,2707.6636617361246,current
1816,2025,8/29/25,Charlotte,Appalachian St.,ESPNU,Week1,76.0,142.30240011425397,current
1817,2025,8/29/25,Colorado,Georgia Tech,ESPN,Week1,3740.0,1822.4889059517232,current
1818,2025,8/30/25,Ohio St.,Texas,FOX,Week1,16620.0,11780.31705265728,current
1819,2025,8/30/25,Southern Miss,Mississippi St.,ESPN,Week1,771.0,652.0349893599464,current
1820,2025,8/30/25,Tennessee,Syracuse,ABC,Week1,2590.0,2950.920164911182,current
1821,2025,8/30/25,Tulane,Northwestern,ESPNU,Week1,75.0,91.53119252204482,current
1822,2025,8/30/25,Florida St.,Alabama,ABC,Week1,10660.0,9586.388487893973,current
1823,2025,8/30/25,Penn St.,Nevada,CBS,Week1,2240.0,2454.41336446271,current
1824,2025,8/30/25,Georgia,Marshall,ESPN,Week1,1670.0,1632.0984582749643,current
1825,2025,8/30/25,Texas A&M,UTSA,ESPN,Week1,1070.0,1248.697490239968,current
1826,2025,8/30/25,Clemson,LSU,ABC,Week1,10450.0,10161.875085628972,current
1827,2025,8/30/25,Oregon St.,California,ESPN,Week1,565.0,1028.0264508202383,current
1828,2025,8/31/25,South Carolina,Virginia Tech,ESPN,Week1,5430.0,3435.8299979739536,current
1829,2025,8/31/25,Miami,Notre Dame,ABC,Week1,10800.0,10856.792423279945,current
1830,2025,9/1/25,North Carolina,TCU,ESPN,Week1,6070.0,2861.578181263864,current
1831,2025,9/5/25,Louisville,James Madison,ESPN2,later,893.0,837.8176569675638,current
1832,2025,9/6/25,Pittsburgh,Central Michigan,ESPNU,later,125.0,124.68935237851673,current
1833,2025,9/6/25,Duke,Illinois,ESPN,later,2180.0,1214.650241790562,current
1834,2025,9/6/25,Texas,San Jose St.,ABC,later,3750.0,2950.610942699171,current
1835,2025,9/6/25,SMU,Baylor,CW,later,1130.0,489.9703638180947,current
1836,2025,9/6/25,Iowa St.,Iowa,FOX,later,4280.0,2809.595905532352,current
1837,2025,9/6/25,North Carolina St.,Virginia,ESPN2,later,659.0,549.5663434255256,current
1838,2025,9/6/25,Oregon,Oklahoma St.,CBS,later,2320.0,3170.4661215823235,current
1839,2025,9/6/25,Missouri,Kansas,ESPN2,later,1830.0,784.1412612484389,current
1840,2025,9/6/25,Kentucky,Mississippi,ABC,later,4780.0,3433.286201470394,current
1841,2025,9/6/25,Colorado,Delaware,FOX,later,2690.0,1663.9637533076825,current
1842,2025,9/6/25,Oregon St.,Fresno St.,CW,later,658.0,484.1277900137919,current
1843,2025,9/6/25,Ohio,West Virginia,ESPNU,later,234.0,184.697779104525,current
1844,2025,9/6/25,Kansas St.,Army,ESPN,later,873.0,1151.5724288154468,current
1845,2025,9/6/25,Oklahoma,Michigan,ABC,later,9670.0,7965.969772954964,current
1846,2025,9/6/25,Auburn,Ball St.,ESPNU,later,158.0,239.8586760098076,current
1847,2025,9/6/25,Mississippi St.,Arizona St.,ESPN2,later,953.0,809.1419337825887,current
1848,2025,9/6/25,BYU,Stanford,ESPN,later,1210.0,1145.05165244367,current
1849,2025,9/6/25,Washington St.,San Diego St.,CW,later,541.0,480.63798968531745,current
1850,2025,9/11/25,Wake Forest,North Carolina St.,ESPN,later,1180.0,993.2972633449706,current
1851,2025,9/12/25,Houston,Colorado,ESPN,later,2940.0,1660.291582686895,current
1852,2025,9/13/25,Temple,Oklahoma,ESPN2,later,787.0,663.2832040936371,current
1853,2025,9/13/25,Alabama,Wisconsin,ABC,later,4510.0,6676.199639344901,current
1854,2025,9/13/25,Georgia Tech,Clemson,ESPN,later,4760.0,1808.784027340068,current
1855,2025,9/13/25,Troy,Memphis,ESPNU,later,49.0,80.11980409836058,current
1856,2025,9/13/25,Tennessee,Georgia,ABC,later,12580.0,8851.854113280122,current
1857,2025,9/13/25,West Virginia,Pittsburgh,ESPN,later,1890.0,1765.2108523204874,current
1858,2025,9/13/25,North Texas,Washington St.,ESPNU,later,65.0,92.00897765229298,current
1859,2025,9/13/25,Arkansas St.,Iowa St.,ESPN2,later,523.0,562.3452996698186,current
1860,2025,9/13/25,Miami,South Florida,CW,later,720.0,1606.9001330742003,current
1861,2025,9/13/25,Mississippi,Arkansas,ESPN,later,1440.0,1900.1884627712304,current
1862,2025,9/13/25,Notre Dame,Texas A&M,NBC,later,6200.0,5953.428365064093,current
1863,2025,9/13/25,LSU,Florida,ABC,later,7640.0,6814.777633994538,current
1864,2025,9/13/25,Kentucky,Eastern Michigan,ESPNU,later,111.0,127.10843232166414,current
1865,2025,9/13/25,Tulane,Duke,ESPN2,later,150.0,309.83856915894273,current
1866,2025,9/13/25,California,Minnesota,ESPN,later,958.0,1357.9307117846038,current
1867,2025,9/18/25,Charlotte,Rice,ESPN,later,671.0,266.8240764564207,current
1868,2025,9/19/25,Oklahoma St.,Tulsa,ESPN,later,1570.0,1542.3653478556766,current
1869,2025,9/19/25,Rutgers,Iowa,FOX,later,3010.0,2361.182833741793,current
1870,2025,9/20/25,Memphis,Arkansas,ABC,later,2110.0,1763.963589495382,current
1871,2025,9/20/25,Clemson,Syracuse,ESPN,later,3390.0,1768.2093804820595,current
1872,2025,9/20/25,Miami Ohio,UNLV,ESPNU,later,74.0,106.87622007924611,current
1873,2025,9/20/25,TCU,SMU,ESPN2,later,662.0,464.9863270094904,current
1874,2025,9/20/25,Wisconsin,Maryland,NBC,later,2000.0,1445.674660297153,current
1875,2025,9/20/25,Utah,Texas Tech,FOX,later,4040.0,2979.7381588247226,current
1876,2025,9/20/25,Oklahoma,Auburn,ABC,later,6120.0,4979.356592573695,current
1877,2025,9/20/25,Liberty,James Madison,ESPNU,later,67.0,56.382227057842684,current
1878,2025,9/20/25,Nebraska,Michigan,CBS,later,5300.0,6219.403958683244,current
1879,2025,9/20/25,Mississippi,Tulane,ESPN,later,1050.0,879.310141154283,current
1880,2025,9/20/25,Duke,North Carolina St.,ESPN2,later,663.0,689.9274351786773,current
1881,2025,9/20/25,Missouri,South Carolina,ESPN,later,1850.0,1675.7782860448046,current
1882,2025,9/20/25,Indiana,Illinois,NBC,later,2700.0,2309.794562463257,current
1883,2025,9/20/25,Miami,Florida,ABC,later,6460.0,5145.694930410882,current
1884,2025,9/20/25,Vanderbilt,Georgia St.,ESPNU,later,52.0,97.71834135678843,current
1885,2025,9/20/25,East Carolina,BYU,ESPN2,later,623.0,458.9899164671929,current
1886,2025,9/20/25,Washington St.,Washington,CBS,later,1650.0,2876.6445167950296,current
1887,2025,9/20/25,Colorado,Wyoming,ESPN,later,1340.0,1053.1996784999474,current
1888,2025,9/25/25,East Carolina,Army,ESPN,later,891.0,936.5887106410817,current
1889,2025,9/26/25,Virginia,Florida St.,ESPN,later,4390.0,3308.5873728702254,current
1890,2025,9/26/25,Oregon St.,Houston,ESPN,later,1550.0,1277.9561236400014,current
1891,2025,9/27/25,Illinois,USC,FOX,later,4120.0,3312.142992491204,current
1892,2025,9/27/25,Wake Forest,Georgia Tech,ESPN,later,1850.0,934.9985464654757,current
1893,2025,9/27/25,North Texas,South Alabama,ESPNU,later,50.0,57.23617101763281,current
1894,2025,9/27/25,Arkansas,Notre Dame,ABC,later,4260.0,4644.502497522982,current
1895,2025,9/27/25,Pittsburgh,Louisville,ESPN2,later,580.0,579.7768020044858,current
1896,2025,9/27/25,Oklahoma St.,Baylor,ESPN2,later,396.0,670.8667663168851,current
1897,2025,9/27/25,Mississippi,LSU,ABC,later,6690.0,5417.90415700644,current
1898,2025,9/27/25,Texas A&M,Auburn,ESPN,later,2470.0,3377.8356652897983,current
1899,2025,9/27/25,Washington,Ohio St.,CBS,later,5230.0,4765.115398119251,current
1900,2025,9/27/25,Tulsa,Tulane,ESPNU,later,31.0,84.99450125583212,current
1901,2025,9/27/25,FAU,Memphis,ESPN2,later,151.0,194.74262153589922,current
1902,2025,9/27/25,Iowa St.,Arizona,ESPN,later,1150.0,1096.2493923275101,current
1903,2025,9/27/25,Georgia,Alabama,ABC,later,10420.0,9988.711557133965,current
1904,2025,9/27/25,Penn St.,Oregon,NBC,later,8500.0,4502.930553406943,current
1905,2025,9/27/25,Missouri,Massachusetts,ESPNU,later,102.0,125.52053185920167,current
1906,2025,9/27/25,Colorado,BYU,ESPN,later,2460.0,1794.2601398853426,current
1907,2025,10/3/25,South Florida,Charlotte,ESPN2,later,749.0,369.5991158647412,current
1908,2025,10/3/25,BYU,West Virginia,ESPN,later,1410.0,1834.8032524378432,current
1909,2025,10/4/25,Navy,Air Force,CBS,later,1380.0,1037.6379193428274,current
1910,2025,10/4/25,Georgia,Kentucky,ABC,later,3680.0,3644.826523832963,current
1911,2025,10/4/25,North Carolina,Clemson,ESPN,later,1870.0,1443.85429534473,current
1912,2025,10/4/25,UAB,Army,ESPNU,later,49.0,100.65270419230822,current
1913,2025,10/4/25,Cincinnati,Iowa St.,ESPN2,later,1110.0,749.3292070859436,current
1914,2025,10/4/25,Michigan,Wisconsin,FOX,later,4630.0,4384.487346814636,current
1915,2025,10/4/25,Virginia Tech,Wake Forest,CW,later,463.0,448.83279616362825,current
1916,2025,10/4/25,Alabama,Vanderbilt,ABC,later,6410.0,4945.377136045746,current
1917,2025,10/4/25,Florida,Texas,ESPN,later,3980.0,4157.434320987726,current
1918,2025,10/4/25,Louisville,Virginia,ESPN2,later,603.0,752.2352201351124,current
1919,2025,10/4/25,UCLA,Penn St.,CBS,later,3130.0,3557.846328947523,current
1920,2025,10/4/25,Nebraska,Michigan St.,FS1,later,1500.0,1290.0432461687983,current
1921,2025,10/4/25,Arkansas St.,Texas St.,ESPNU,later,22.0,45.49009818033408,current
1922,2025,10/4/25,Houston,Texas Tech,ESPN,later,1450.0,1128.7206476262397,current
1923,2025,10/4/25,TCU,Colorado,FOX,later,2140.0,1885.4313756210045,current
1924,2025,10/4/25,UCF,Kansas,ESPN2,later,583.0,663.3193260413341,current
1925,2025,10/4/25,Ohio St.,Minnesota,NBC,later,3700.0,4628.437218281943,current
1926,2025,10/4/25,Florida St.,Miami,ABC,later,6030.0,5639.147283574131,current
1927,2025,10/4/25,Memphis,Tulsa,ESPNU,later,41.0,85.00769079547379,current
1928,2025,10/4/25,California,Duke,ESPN,later,1000.0,922.8362981413198,current
1929,2025,10/8/25,Middle Tennessee St.,Missouri State,ESPN2,later,338.0,233.8286663223912,current
1930,2025,10/9/25,Kennesaw State,Louisiana Tech,ESPNU,later,53.0,104.06555318428155,current
1931,2025,10/9/25,Tulane,East Carolina,ESPN,later,576.0,601.9450365164765,current
1932,2025,10/9/25,Georgia Southern,Southern Miss,ESPN2,later,145.0,230.72116771055875,current
1933,2025,10/10/25,North Texas,South Florida,ESPN2,later,1100.0,585.0030504863286,current
1934,2025,10/11/25,Bowling Green,Toledo,ESPNU,later,27.0,55.85111008474898,current
1935,2025,10/11/25,Missouri,Alabama,ABC,later,6990.0,6390.450884042603,current
1936,2025,10/11/25,Florida St.,Pittsburgh,ESPN,later,2050.0,1650.6457494767524,current
1937,2025,10/11/25,James Madison,Louisiana,ESPN2,later,207.0,158.80015284274316,current
1938,2025,10/11/25,SMU,Stanford,CW,later,249.0,294.06444911284393,current
1939,2025,10/11/25,Illinois,Ohio St.,FOX,later,5280.0,4975.5449493177075,current
1940,2025,10/11/25,Colorado,Iowa St.,ESPN,later,1440.0,1418.1204456875787,current
1941,2025,10/11/25,Texas,Oklahoma,ABC,later,8730.0,6817.052076381727,current
1942,2025,10/11/25,Oregon,Indiana,CBS,later,5590.0,5277.013691141251,current
1943,2025,10/11/25,Oregon St.,Wake Forest,CW,later,257.0,333.18449772647034,current
1944,2025,10/11/25,Temple,Navy,ESPN2,later,215.0,272.2119778367226,current
1945,2025,10/11/25,Texas A&M,Florida,ESPN,later,2620.0,4106.1650906745535,current
1946,2025,10/11/25,Auburn,Georgia,ABC,later,6690.0,6208.726890010287,current
1947,2025,10/11/25,UTSA,Rice,ESPNU,later,20.0,44.63551330987616,current
1948,2025,10/11/25,Arizona,BYU,ESPN2,later,868.0,840.4592735026192,current
1949,2025,10/11/25,Utah,Arizona St.,ESPN,later,1270.0,1248.1017558689878,current
1950,2025,10/14/25,South Alabama,Arkansas St.,ESPN2,later,306.0,242.82738691933662,current
1951,2025,10/14/25,Western Kentucky,FIU,ESPNU,later,47.0,71.95119979205232,current
1952,2025,10/15/25,Jacksonville St.,Delaware,ESPN,later,580.0,528.3342444501047,current
1953,2025,10/16/25,East Carolina,Tulsa,ESPN,later,527.0,555.1582928980757,current
1954,2025,10/17/25,Miami,Louisville,ESPN,later,3410.0,2863.936307368621,current
1955,2025,10/17/25,Minnesota,Nebraska,FOX,later,2660.0,3640.198030491624,current
1956,2025,10/17/25,California,North Carolina,ESPN,later,1580.0,1377.3307688593875,current
1957,2025,10/18/25,TCU,Baylor,ESPN2,later,423.0,502.09001240266923,current
1958,2025,10/18/25,Duke,Georgia Tech,ESPN,later,1710.0,920.6264572439004,current
1959,2025,10/18/25,Michigan,Washington,FOX,later,4320.0,3037.089166483587,current
1960,2025,10/18/25,Vanderbilt,LSU,ABC,later,5940.0,3041.9656527557277,current
1961,2025,10/18/25,Tulane,Army,ESPNU,later,70.0,95.18499045295061,current
1962,2025,10/18/25,James Madison,Old Dominion,ESPNU,later,37.0,79.75061312902369,current
1963,2025,10/18/25,Arkansas,Texas A&M,ESPN,later,1570.0,3005.752124014065,current
1964,2025,10/18/25,Wisconsin,Ohio St.,CBS,later,4030.0,5658.8370956709405,current
1965,2025,10/18/25,Georgia,Mississippi,ABC,later,9790.0,8750.343712401283,current
1966,2025,10/18/25,UAB,Memphis,ESPN2,later,246.0,285.41306182931135,current
1967,2025,10/18/25,Arizona St.,Texas Tech,FOX,later,2560.0,2330.332265320677,current
1968,2025,10/18/25,Virginia,Washington St.,CW,later,594.0,468.3668140796457,current
1969,2025,10/18/25,Rutgers,Oregon,BTN,later,530.0,607.7736850554088,current
1970,2025,10/18/25,UCLA,Maryland,FS1,later,410.0,317.2915307501046,current
1971,2025,10/18/25,Kentucky,Texas,ESPN,later,2640.0,1777.5379388500605,current
1972,2025,10/18/25,Alabama,Tennessee,ABC,later,8010.0,8352.7094512279,current
1973,2025,10/18/25,South Florida,FAU,ESPNU,later,38.0,55.701283302681944,current
1974,2025,10/18/25,Notre Dame,USC,NBC,later,4640.0,3608.8079728406524,current
1975,2025,10/18/25,BYU,Utah,FOX,later,1970.0,2548.478886561742,current
1976,2025,10/18/25,Oklahoma St.,Cincinnati,ESPN2,later,316.0,435.27806686611393,current
1977,2025,10/18/25,Oregon St.,Lafayette,CW,later,304.0,306.48912337218326,current
1978,2025,10/18/25,Stanford,Florida St.,ESPN,later,1420.0,1441.7695532142895,current
1979,2025,10/21/25,FIU,Kennesaw State,ESPN2,later,282.0,303.92265593985553,current
1980,2025,10/22/25,Delaware,Middle Tennessee St.,ESPN2,later,417.0,275.49216927718277,current
1981,2025,10/23/25,Georgia St.,South Alabama,ESPN2,later,400.0,238.97376301118283,current
1982,2025,10/24/25,Charlotte,North Texas,ESPN2,later,317.0,218.05836273723048,current
1983,2025,10/24/25,Virginia Tech,California,ESPN,later,1110.0,1702.456314686002,current
1984,2025,10/25/25,Memphis,South Florida,ESPN2,later,392.0,340.16582729861966,current
1985,2025,10/25/25,Old Dominion,Appalachian St.,ESPNU,later,33.0,101.44503743948836,current
1986,2025,10/25/25,Indiana,UCLA,FOX,later,3020.0,2746.6192266319194,current
1987,2025,10/25/25,Oklahoma,Mississippi,ABC,later,6550.0,5623.173370491903,current
1988,2025,10/25/25,Georgia Tech,Syracuse,ESPN,later,1270.0,1339.4077298905465,current
1989,2025,10/25/25,Wake Forest,SMU,CW,later,285.0,312.17864976884465,current
1990,2025,10/25/25,Washington St.,Toledo,CW,later,311.0,272.6657737013514,current
1991,2025,10/25/25,Iowa St.,BYU,FOX,later,2570.0,2525.409998509732,current
1992,2025,10/25/25,South Carolina,Alabama,ABC,later,7840.0,6316.118717291776,current
1993,2025,10/25/25,Vanderbilt,Missouri,ESPN,later,3070.0,2190.6767637149665,current
1994,2025,10/25/25,Iowa,Minnesota,CBS,later,1600.0,2478.7316382434033,current
1995,2025,10/25/25,Texas Tech,Oklahoma St.,ESPNU,later,110.0,241.6762668194798,current
1996,2025,10/25/25,Cincinnati,Baylor,ESPN2,later,453.0,604.0726171706617,current
1997,2025,10/25/25,Oregon,Wisconsin,FS1,later,1170.0,1173.3813822781544,current
1998,2025,10/25/25,Miami,Stanford,ESPN,later,1210.0,1481.1043569832468,current
1999,2025,10/25/25,Michigan St.,Michigan,NBC,later,3630.0,4107.557860503616,current
2000,2025,10/25/25,LSU,Texas A&M,ABC,later,6760.0,6952.946103334792,current
2001,2025,10/25/25,Arizona St.,Houston,ESPN2,later,402.0,555.0288323363123,current
2002,2025,10/25/25,Utah,Colorado,ESPN,later,1290.0,1456.4372413973376,current
2003,2025,10/28/25,Texas St.,James Madison,ESPN2,later,245.0,287.7140847018898,current
2004,2025,10/28/25,Kennesaw State,UTEP,ESPNU,later,50.0,107.0496137173072,current
2005,2025,10/29/25,Middle Tennessee St.,Jacksonville St.,ESPN2,later,303.0,286.5593096185821,current
2006,2025,10/30/25,Coastal Carolina,Marshall,ESPN2,later,288.0,303.55748554360025,current
2007,2025,10/30/25,UTSA,Tulane,ESPN,later,659.0,475.4290536612799,current
2008,2025,10/31/25,Rice,Memphis,ESPN2,later,244.0,517.7898760232783,current
2009,2025,10/31/25,Syracuse,North Carolina,ESPN,later,983.0,1455.4371268690204,current
2010,2025,11/1/25,Ohio St.,Penn St.,FOX,later,7190.0,6992.812935468042,current
2011,2025,11/1/25,Baylor,UCF,ESPNU,later,58.0,140.9371013931413,current
2012,2025,11/1/25,North Texas,Navy,ESPN2,later,216.0,217.56508182809813,current
2013,2025,11/1/25,SMU,Miami,ESPN,later,1500.0,1191.0611621916846,current
2014,2025,11/1/25,Texas,Vanderbilt,ABC,later,4510.0,3855.8951323636766,current
2015,2025,11/1/25,Air Force,Army,CBS,later,1030.0,1063.8905009414018,current
2016,2025,11/1/25,Virginia Tech,Louisville,CW,later,593.0,722.3454106486811,current
2017,2025,11/1/25,Maryland,Indiana,CBS,later,2890.0,2547.781884474808,current
2018,2025,11/1/25,Boston College,Notre Dame,ESPN,later,1730.0,1501.3261511538449,current
2019,2025,11/1/25,Kansas St.,Texas Tech,FOX,later,3130.0,2028.3666719181372,current
2020,2025,11/1/25,Florida,Georgia,ABC,later,7790.0,7071.95082654287,current
2021,2025,11/1/25,California,Virginia,ESPN2,later,326.0,586.1969124397377,current
2022,2025,11/1/25,Western Michigan,Central Michigan,ESPNU,later,32.0,67.0179536119835,current
2023,2025,11/1/25,Colorado,Arizona,FS1,later,374.0,400.99992724827666,current
2024,2025,11/1/25,Mississippi,South Carolina,ESPN,later,1320.0,2223.9540376836376,current
2025,2025,11/1/25,Michigan,Purdue,BTN,later,1610.0,1021.2716654609931,current
2026,2025,11/1/25,Oregon St.,Washington St.,CBS,later,823.0,903.6943112609492,current
2027,2025,11/1/25,Nebraska,USC,NBC,later,2200.0,3272.6821063004,current
2028,2025,11/1/25,Tennessee,Oklahoma,ABC,later,4810.0,5806.6297157945,current
2029,2025,11/1/25,North Carolina St.,Georgia Tech,ESPN2,later,604.0,663.1453141591068,current
2030,2025,11/1/25,Troy,Arkansas St.,ESPNU,later,9.0,52.29752065120377,current
2031,2025,11/1/25,Utah,Cincinnati,ESPN,later,819.0,2033.6517257471746,current
2032,2025,11/4/25,Ohio,Miami Ohio,ESPN2,later,470.0,387.9520473396934,current
2033,2025,11/5/25,Toledo,Northern Illinois,ESPN2,later,301.0,292.88539030422226,current
2034,2025,11/5/25,Ball St.,Kent St.,ESPNU,later,99.0,98.85996464136201,current
2035,2025,11/6/25,South Florida,UTSA,ESPN,later,586.0,473.3184179612797,current
2036,2025,11/6/25,Appalachian St.,Georgia Southern,ESPN2,later,220.0,364.53250509921355,current
2037,2025,11/7/25,UCF,Houston,FS1,later,652.0,514.5868392267139,current
2038,2025,11/7/25,Memphis,Tulane,ESPN,later,792.0,829.6047379093957,current
2039,2025,11/7/25,USC,Northwestern,FOX,later,1911.0,2028.2737090328017,current
2040,2025,11/8/25,Penn St.,Indiana,FOX,later,6025.0,3242.6292363047564,current
2041,2025,11/8/25,Arkansas St.,Southern Miss,ESPNU,later,27.0,51.22184497011986,current
2042,2025,11/8/25,Mississippi St.,Georgia,ESPN,later,2324.0,2893.455168145035,current
2043,2025,11/8/25,Marshall,James Madison,ESPN2,later,118.0,186.52707133427936,current
2044,2025,11/8/25,Texas Tech,BYU,ABC,later,3976.0,5217.017630032344,current
2045,2025,11/8/25,Purdue,Ohio St.,BTN,later,1847.0,1757.0392483599278,current
2046,2025,11/8/25,Rutgers,Maryland,FS1,later,261.0,349.9649581319792,current
2047,2025,11/8/25,TCU,Iowa St.,FOX,later,2419.0,1557.5862345419441,current
2048,2025,11/8/25,Iowa,Oregon,CBS,later,5370.0,3947.077148144048,current
2049,2025,11/8/25,Missouri,Texas A&M,ABC,later,4871.0,5516.88593603439,current
2050,2025,11/8/25,Arizona,Kansas,ESPN2,later,480.0,486.38834271448184,current
2051,2025,11/8/25,Miami,Syracuse,ESPN,later,1198.0,1263.5978163801037,current
2052,2025,11/8/25,North Carolina,Stanford,CW,later,514.0,517.7184347763955,current
2053,2025,11/8/25,Wisconsin,Washington,BTN,later,1088.0,759.2532226512901,current
2054,2025,11/8/25,San Jose St.,Air Force,FS1,later,203.0,151.24548709923573,current
2055,2025,11/8/25,Virginia,Wake Forest,ESPN,later,734.0,863.006535148697,current
2056,2025,11/8/25,Louisville,California,ESPN2,later,450.0,615.8341472980121,current
2057,2025,11/8/25,Notre Dame,Navy,NBC,later,3192.0,2652.1591599748876,current
2058,2025,11/8/25,Alabama,LSU,ABC,later,7540.0,9997.268535659183,current
2059,2025,11/8/25,UCLA,Nebraska,FOX,later,2248.0,1857.368310764811,current
2060,2025,11/8/25,Colorado St.,UNLV,FS1,later,152.0,219.16822434493082,current
2061,2025,11/8/25,Oregon St.,Sam Houston,CW,later,295.0,234.86906121051032,current
2062,2025,11/11/25,Akron,Kent St.,ESPNU,later,70.0,83.42529785095633,current
2063,2025,11/11/25,Western Michigan,Ohio,ESPN2,later,312.0,471.2052392954929,current
2064,2025,11/12/25,Miami Ohio,Toledo,ESPN2,later,349.0,310.2649948483953,current
2065,2025,11/12/25,Massachusetts,Northern Illinois,ESPNU,later,33.0,90.48738932644223,current
2066,2025,11/13/25,Old Dominion,Troy,ESPN,later,508.0,391.68165883811616,current
2067,2025,11/14/25,Louisville,Clemson,ESPN,later,2564.0,2107.049623206472,current
2068,2025,11/14/25,Oregon,Minnesota,FOX,later,2327.0,2658.208611315739,current
2069,2025,11/15/25,Indiana,Wisconsin,BTN,later,1058.0,948.9665823654816,current
2070,2025,11/15/25,Texas A&M,South Carolina,ESPN,later,4281.0,2709.5370015559924,current
2071,2025,11/15/25,Pittsburgh,Notre Dame,ABC,later,3957.0,5534.537189808198,current
2072,2025,11/15/25,Navy,South Florida,ESPN2,later,463.0,341.4779202857393,current
2073,2025,11/15/25,Oklahoma St.,Kansas St.,ESPNU,later,133.0,153.2978799685127,current
2074,2025,11/15/25,Cincinnati,Arizona,FS1,later,299.0,396.3674529373676,current
2075,2025,11/15/25,Northwestern,Michigan,FOX,later,3764.0,2903.7046550733053,current
2076,2025,11/15/25,Texas Tech,UCF,FOX,later,1398.0,1956.364624431014,current
2077,2025,11/15/25,Alabama,Oklahoma,ABC,later,10479.0,10062.13241301406,current
2078,2025,11/15/25,USC,Iowa,BTN,later,1440.0,1488.2213166396377,current
2079,2025,11/15/25,Illinois,Maryland,FS1,later,316.0,342.2166216224887,current
2080,2025,11/15/25,Miami,North Carolina St.,ESPN,later,1380.0,1065.4725361298817,current
2081,2025,11/15/25,Duke,Virginia,ESPN2,later,443.0,448.6012554493509,current
2082,2025,11/15/25,Michigan St.,Penn St.,CBS,later,2476.0,2251.3342190754606,current
2083,2025,11/15/25,East Carolina,Memphis,ESPNU,later,54.0,71.07439062738953,current
2084,2025,11/15/25,Wake Forest,North Carolina,CW,later,402.0,378.97688027633177,current
2085,2025,11/15/25,Mississippi,Florida,ESPN,later,2501.0,2342.7254168420413,current
2086,2025,11/15/25,Baylor,Utah,ESPN2,later,415.0,494.19297312875085,current
2087,2025,11/15/25,Washington,Purdue,FS1,later,457.0,428.5664697078628,current
2088,2025,11/15/25,Georgia,Texas,ABC,later,10432.0,10240.435513418082,current
2089,2025,11/15/25,Ohio St.,UCLA,NBC,later,3376.0,3165.8175215377137,current
2090,2025,11/15/25,Jacksonville St.,Kennesaw State,ESPNU,later,31.0,58.162572698040364,current
2091,2025,11/15/25,Washington St.,Louisiana Tech,CW,later,301.0,383.40053715153897,current
2092,2025,11/15/25,BYU,TCU,ESPN,later,1563.0,1952.0790810541746,current
2093,2025,11/15/25,Fresno St.,Wyoming,FS1,later,121.0,227.35207641957075,current
2094,2025,11/21/25,North Carolina St.,Florida St.,ESPN,later,2127.0,2105.861289028615,current
2095,2025,11/21/25,UNLV,Hawaii,FS1,later,259.0,333.5469146887052,current
2096,2025,11/22/25,Maryland,Michigan,BTN,later,1500.0,895.2301119366043,current
2097,2025,11/22/25,Oregon,USC,CBS,later,5428.0,5030.373690255923,current
2098,2025,11/22/25,Iowa,Michigan St.,FS1,later,1103.0,874.7124047498993,current
2099,2025,11/22/25,Ohio St.,Rutgers,FOX,later,4063.0,3943.1124617986816,current
2100,2025,11/22/25,SMU,Louisville,ESPN2,later,306.0,332.4263393662071,current
2101,2025,11/22/25,Iowa St.,Kansas,FS1,later,539.0,454.21270165857464,current
2102,2025,11/22/25,UCLA,Washington,NBC,later,1617.0,1818.6990606046966,current
2103,2025,11/22/25,Vanderbilt,Kentucky,ESPN,later,1144.0,827.187461961776,current
2104,2025,11/22/25,San Diego St.,San Jose St.,FS1,later,120.0,203.12050470236426,current
2105,2025,11/22/25,Utah,Kansas St.,ESPN2,later,955.0,629.2728516661546,current
2106,2025,11/22/25,Colorado,Arizona St.,ESPN2,later,1106.0,613.4719167039415,current
2107,2025,11/22/25,Temple,Tulane,ESPNU,later,26.0,62.214608263632215,current
2108,2025,11/22/25,Northwestern,Minnesota,BTN,later,421.0,456.8415520743083,current
2109,2025,11/22/25,Wisconsin,Illinois,BTN,later,979.0,773.4296604215513,current
2110,2025,11/22/25,Florida,Tennessee,ABC,later,4761.0,4534.7243342511465,current
2111,2025,11/22/25,Georgia Tech,Pittsburgh,ESPN,later,2034.0,1393.953903642619,current
2112,2025,11/22/25,Texas,Arkansas,ABC,later,5612.0,3398.5241060936733,current
2113,2025,11/22/25,Penn St.,Nebraska,NBC,later,3104.0,3396.302892903677,current
2114,2025,11/22/25,Virginia Tech,Miami,ESPN,later,1942.0,1630.2496295145695,current
2115,2025,11/22/25,Boise St.,Colorado St.,FS1,later,299.0,313.92514694270153,current
2116,2025,11/22/25,Cincinnati,BYU,FOX,later,2598.0,1808.303527598393,current
2117,2025,11/22/25,Houston,TCU,FOX,later,1300.0,1412.3270296311002,current
2118,2025,11/22/25,Oklahoma,Missouri,ABC,later,5365.0,4865.6499070578,current
2119,2025,11/22/25,Notre Dame,Syracuse,NBC,later,1887.0,2306.9588459984166,current
2120,2025,11/25/25,Eastern Michigan,Western Michigan,ESPN2,later,403.0,335.4847965304574,current
2121,2025,11/25/25,Massachusetts,Bowling Green,ESPNU,later,60.0,88.83014703986916,current
2122,2025,11/27/25,Memphis,Navy,ESPN,later,780.0,743.0246461459308,current
2123,2025,11/28/25,Nebraska,Iowa,CBS,later,3769.0,4438.8065011332055,current
2124,2025,11/28/25,Mississippi St.,Mississippi,ABC,later,5232.0,4039.0195070371346,current
2125,2025,11/28/25,Kansas,Utah,ESPN,later,1116.0,1464.5613409846196,current
2126,2025,11/28/25,Buffalo,Ohio,ESPNU,later,63.0,100.99714469278034,current
2127,2025,11/28/25,Colorado St.,Air Force,FS1,later,148.0,201.91125128015744,current
2128,2025,11/28/25,Georgia Tech,Georgia,ABC,later,8716.0,9651.72236539251,current
2129,2025,11/28/25,North Texas,Temple,ESPN,later,480.0,371.29642844231626,current
2130,2025,11/28/25,Utah St.,Boise St.,CBS,later,2008.0,1179.661260359079,current
2131,2025,11/28/25,Texas,Texas A&M,ABC,later,13044.0,13387.862501809954,current
2132,2025,11/28/25,Purdue,Indiana,NBC,later,2685.0,1703.505891257033,current
2133,2025,11/28/25,Arizona St.,Arizona,FOX,later,1824.0,2392.6573464028706,current
2134,2025,11/29/25,San Jose St.,Fresno St.,FS1,later,223.0,195.13908982505924,current
2135,2025,11/29/25,Illinois,Northwestern,FOX,later,1527.0,1244.6358805067784,current
2136,2025,11/29/25,Virginia,Virginia Tech,ESPN,later,1404.0,1400.818251875374,current
2137,2025,11/29/25,Tulane,Charlotte,ESPNU,later,38.0,44.79378686600187,current
2138,2025,11/29/25,Pittsburgh,Miami,ABC,later,2217.0,2761.657333918614,current
2139,2025,11/29/25,California,SMU,ESPN2,later,531.0,340.3227822403877,current
2140,2025,11/29/25,Washington,Oregon,CBS,later,4270.0,3565.814187945512,current
2141,2025,11/29/25,Oklahoma,LSU,ABC,later,6385.0,5402.238079168156,current
2142,2025,11/29/25,Rutgers,Penn St.,BTN,later,950.0,609.4158636189204,current
2143,2025,11/29/25,Kansas St.,Colorado,FS1,later,467.0,312.03793808047453,current
2144,2025,11/29/25,Florida,Florida St.,ESPN2,later,1761.0,1184.9906742639546,current
2145,2025,11/29/25,Oklahoma St.,Iowa St.,ESPNU,later,148.0,138.32476553379038,current
2146,2025,11/29/25,Coastal Carolina,James Madison,ESPNU,later,36.0,57.67873936804721,current
2147,2025,11/29/25,Tennessee,Vanderbilt,ESPN,later,4010.0,3579.98700093978,current
2148,2025,11/29/25,Minnesota,Wisconsin,FS1,later,1274.0,972.6674390157223,current
2149,2025,11/29/25,Auburn,Alabama,ABC,later,11310.0,9219.561818481672,current
2150,2025,11/29/25,BYU,UCF,ESPN2,later,716.0,499.0314971552622,current
2151,2025,11/29/25,Syracuse,Boston College,CW,later,305.0,315.9557472253573,current
2152,2025,11/29/25,TCU,Cincinnati,FOX,later,2741.0,1332.5296913842953,current
2153,2025,11/29/25,Stanford,Notre Dame,ESPN,later,1518.0,2678.691032329203,current
2154,2025,11/29/25,USC,UCLA,NBC,later,2224.0,2087.547618234898,current
2155,2025,11/29/25,Michigan St.,Maryland,FS1,later,660.0,478.179762054365,current
2156,2025,11/29/25,West Virginia,Texas Tech,ESPN,later,895.0,1391.2278086603621,current
2157,2025,11/29/25,Michigan,Ohio St.,FOX,later,18424.0,13947.526396808853,current
2158,2025,11/29/25,Washington St.,Oregon St.,CW,later,515.0,427.4582175200811,current
2159,2025,12/6/25,Indiana,Ohio St.,FOX,later,18332.0,11076.458520908913,current
2160,2025,12/6/25,Alabama,Georgia,ABC,later,16864.0,20017.267740366624,current
2161,2025,12/6/25,BYU,Texas Tech,ABC,later,8988.0,6539.895931630865,current
2162,2025,12/6/25,Duke,Virginia,ABC,later,3880.0,2239.5459876751634,current
2163,2025,12/5/25,North Texas,Tulane,ABC,later,2412.0,2547.0964499752868,current
2164,2025,12/5/25,UNLV,Boise St.,FOX,later,1516.0,1862.479971430511,current
2165,2025,12/5/25,Troy,James Madison,ESPN,later,1146.0,774.3238767279879,current
2166,2025,12/6/25,Miami Ohio,Western Michigan,ESPN,later,1061.0,549.9665989334084,current
2167,2025,8/30/25,Utah,UCLA,FOX,Week1,1528.0,1506.6035725703089,current
1813,2025,8/23/25,Kansas St.,Iowa St.,ESPN,Week0,4470.0,4011.095258379546,gameday
1814,2025,8/28/25,South Florida,Boise St.,ESPN,Week1,2040.0,1292.6842570237782,gameday
1815,2025,8/28/25,Cincinnati,Nebraska,ESPN,Week1,3330.0,2509.4039061321355,gameday
1816,2025,8/29/25,Charlotte,Appalachian St.,ESPNU,Week1,76.0,142.79340796804655,gameday
1817,2025,8/29/25,Colorado,Georgia Tech,ESPN,Week1,3740.0,1818.9768311179855,gameday
1818,2025,8/30/25,Ohio St.,Texas,FOX,Week1,16620.0,12455.754539776359,gameday
1819,2025,8/30/25,Southern Miss,Mississippi St.,ESPN,Week1,771.0,656.2026279917766,gameday
1820,2025,8/30/25,Tennessee,Syracuse,ABC,Week1,2590.0,2934.2680302043414,gameday
1821,2025,8/30/25,Tulane,Northwestern,ESPNU,Week1,75.0,91.96449171289879,gameday
1822,2025,8/30/25,Florida St.,Alabama,ABC,Week1,10660.0,9434.066216614723,gameday
1823,2025,8/30/25,Penn St.,Nevada,CBS,Week1,2240.0,2482.3348538813852,gameday
1824,2025,8/30/25,Georgia,Marshall,ESPN,Week1,1670.0,1638.8025419409942,gameday
1825,2025,8/30/25,Texas A&M,UTSA,ESPN,Week1,1070.0,1230.671245744114,gameday
1826,2025,8/30/25,Clemson,LSU,ABC,Week1,10450.0,9099.068235395363,gameday
1827,2025,8/30/25,Oregon St.,California,ESPN,Week1,565.0,1034.4000660580496,gameday
1828,2025,8/31/25,South Carolina,Virginia Tech,ESPN,Week1,5430.0,3397.766525594162,gameday
1829,2025,8/31/25,Miami,Notre Dame,ABC,Week1,10800.0,9753.628294054082,gameday
1830,2025,9/1/25,North Carolina,TCU,ESPN,Week1,6070.0,2854.479687461394,gameday
1831,2025,9/5/25,Louisville,James Madison,ESPN2,later,893.0,840.2421177989498,gameday
1832,2025,9/6/25,Pittsburgh,Central Michigan,ESPNU,later,125.0,124.80974580929634,gameday
1833,2025,9/6/25,Duke,Illinois,ESPN,later,2180.0,1209.9466939295219,gameday
1834,2025,9/6/25,Texas,San Jose St.,ABC,later,3750.0,2885.392110416189,gameday
1835,2025,9/6/25,SMU,Baylor,CW,later,1130.0,485.82496213620743,gameday
1836,2025,9/6/25,Iowa St.,Iowa,FOX,later,4280.0,2642.7569772147535,gameday
1837,2025,9/6/25,North Carolina St.,Virginia,ESPN2,later,659.0,548.958328885135,gameday
1838,2025,9/6/25,Oregon,Oklahoma St.,CBS,later,2320.0,3161.147792821514,gameday
1839,2025,9/6/25,Missouri,Kansas,ESPN2,later,1830.0,783.5372659004006,gameday
1840,2025,9/6/25,Kentucky,Mississippi,ABC,later,4780.0,3396.5720415079013,gameday
1841,2025,9/6/25,Colorado,Delaware,FOX,later,2690.0,1670.094929993561,gameday
1842,2025,9/6/25,Oregon St.,Fresno St.,CW,later,658.0,485.59999930234085,gameday
1843,2025,9/6/25,Ohio,West Virginia,ESPNU,later,234.0,184.41755898435272,gameday
1844,2025,9/6/25,Kansas St.,Army,ESPN,later,873.0,1154.0001177173106,gameday
1845,2025,9/6/25,Oklahoma,Michigan,ABC,later,9670.0,9039.521623115581,gameday
1846,2025,9/6/25,Auburn,Ball St.,ESPNU,later,158.0,239.97457869922658,gameday
1847,2025,9/6/25,Mississippi St.,Arizona St.,ESPN2,later,953.0,805.5113474959211,gameday
1848,2025,9/6/25,BYU,Stanford,ESPN,later,1210.0,1150.0473346037058,gameday
1849,2025,9/6/25,Washington St.,San Diego St.,CW,later,541.0,479.8300282395795,gameday
1850,2025,9/11/25,Wake Forest,North Carolina St.,ESPN,later,1180.0,995.1357586403417,gameday
1851,2025,9/12/25,Houston,Colorado,ESPN,later,2940.0,1696.738512080847,gameday
1852,2025,9/13/25,Temple,Oklahoma,ESPN2,later,787.0,664.0707018184994,gameday
1853,2025,9/13/25,Alabama,Wisconsin,ABC,later,4510.0,6657.342932125886,gameday
1854,2025,9/13/25,Georgia Tech,Clemson,ESPN,later,4760.0,1825.0204498688818,gameday
1855,2025,9/13/25,Troy,Memphis,ESPNU,later,49.0,79.6462741439914,gameday
1856,2025,9/13/25,Tennessee,Georgia,ABC,later,12580.0,10271.81483940499,gameday
1857,2025,9/13/25,West Virginia,Pittsburgh,ESPN,later,1890.0,1689.8004574167915,gameday
1858,2025,9/13/25,North Texas,Washington St.,ESPNU,later,65.0,91.64802450332766,gameday
1859,2025,9/13/25,Arkansas St.,Iowa St.,ESPN2,later,523.0,559.4450860561501,gameday
1860,2025,9/13/25,Miami,South Florida,CW,later,720.0,1519.2000956078828,gameday
1861,2025,9/13/25,Mississippi,Arkansas,ESPN,later,1440.0,1911.7805379781003,gameday
1862,2025,9/13/25,Notre Dame,Texas A&M,NBC,later,6200.0,5598.915398933052,gameday
1863,2025,9/13/25,LSU,Florida,ABC,later,7640.0,6510.620320469818,gameday
1864,2025,9/13/25,Kentucky,Eastern Michigan,ESPNU,later,111.0,128.32658554590319,gameday
1865,2025,9/13/25,Tulane,Duke,ESPN2,later,150.0,307.96922902694166,gameday
1866,2025,9/13/25,California,Minnesota,ESPN,later,958.0,1366.8816002334243,gameday
1867,2025,9/18/25,Charlotte,Rice,ESPN,later,671.0,266.3443301674286,gameday
1868,2025,9/19/25,Oklahoma St.,Tulsa,ESPN,later,1570.0,1548.0132029035944,gameday
1869,2025,9/19/25,Rutgers,Iowa,FOX,later,3010.0,2367.2561457787297,gameday
1870,2025,9/20/25,Memphis,Arkansas,ABC,later,2110.0,1730.9914166591536,gameday
1871,2025,9/20/25,Clemson,Syracuse,ESPN,later,3390.0,1775.1817932138351,gameday
1872,2025,9/20/25,Miami Ohio,UNLV,ESPNU,later,74.0,106.5961062438631,gameday
1873,2025,9/20/25,TCU,SMU,ESPN2,later,662.0,459.1359650334316,gameday
1874,2025,9/20/25,Wisconsin,Maryland,NBC,later,2000.0,1469.4290770771026,gameday
1875,2025,9/20/25,Utah,Texas Tech,FOX,later,4040.0,2824.6061024726514,gameday
1876,2025,9/20/25,Oklahoma,Auburn,ABC,later,6120.0,4829.224448681247,gameday
1877,2025,9/20/25,Liberty,James Madison,ESPNU,later,67.0,56.27243233623743,gameday
1878,2025,9/20/25,Nebraska,Michigan,CBS,later,5300.0,6183.293291535494,gameday
1879,2025,9/20/25,Mississippi,Tulane,ESPN,later,1050.0,883.3907916369842,gameday
1880,2025,9/20/25,Duke,North Carolina St.,ESPN2,later,663.0,684.5102429860676,gameday
1881,2025,9/20/25,Missouri,South Carolina,ESPN,later,1850.0,1679.4369087448033,gameday
1882,2025,9/20/25,Indiana,Illinois,NBC,later,2700.0,2222.6755461763505,gameday
1883,2025,9/20/25,Miami,Florida,ABC,later,6460.0,6131.125031426585,gameday
1884,2025,9/20/25,Vanderbilt,Georgia St.,ESPNU,later,52.0,97.70433476093814,gameday
1885,2025,9/20/25,East Carolina,BYU,ESPN2,later,623.0,458.67287912234144,gameday
1886,2025,9/20/25,Washington St.,Washington,CBS,later,1650.0,2899.690783479484,gameday
1887,2025,9/20/25,Colorado,Wyoming,ESPN,later,1340.0,1049.2010713181176,gameday
1888,2025,9/25/25,East Carolina,Army,ESPN,later,891.0,935.09647517694,gameday
1889,2025,9/26/25,Virginia,Florida St.,ESPN,later,4390.0,3307.8493303589285,gameday
1890,2025,9/26/25,Oregon St.,Houston,ESPN,later,1550.0,1290.1059425229987,gameday
1891,2025,9/27/25,Illinois,USC,FOX,later,4120.0,3186.9509245065783,gameday
1892,2025,9/27/25,Wake Forest,Georgia Tech,ESPN,later,1850.0,934.8392424883151,gameday
1893,2025,9/27/25,North Texas,South Alabama,ESPNU,later,50.0,57.24894683737861,gameday
1894,2025,9/27/25,Arkansas,Notre Dame,ABC,later,4260.0,4492.61743270675,gameday
1895,2025,9/27/25,Pittsburgh,Louisville,ESPN2,later,580.0,583.3433984758365,gameday
1896,2025,9/27/25,Oklahoma St.,Baylor,ESPN2,later,396.0,678.8531327350397,gameday
1897,2025,9/27/25,Mississippi,LSU,ABC,later,6690.0,5171.1179189347895,gameday
1898,2025,9/27/25,Texas A&M,Auburn,ESPN,later,2470.0,3305.173281777285,gameday
1899,2025,9/27/25,Washington,Ohio St.,CBS,later,5230.0,4725.611252031517,gameday
1900,2025,9/27/25,Tulsa,Tulane,ESPNU,later,31.0,83.8628459906857,gameday
1901,2025,9/27/25,FAU,Memphis,ESPN2,later,151.0,194.3946015957659,gameday
1902,2025,9/27/25,Iowa St.,Arizona,ESPN,later,1150.0,1093.1103287155088,gameday
1903,2025,9/27/25,Georgia,Alabama,ABC,later,10420.0,8748.703140434593,gameday
1904,2025,9/27/25,Penn St.,Oregon,NBC,later,8500.0,4736.254170411319,gameday
1905,2025,9/27/25,Missouri,Massachusetts,ESPNU,later,102.0,125.62482839191759,gameday
1906,2025,9/27/25,Colorado,BYU,ESPN,later,2460.0,1808.638219516339,gameday
1907,2025,10/3/25,South Florida,Charlotte,ESPN2,later,749.0,368.95544400662243,gameday
1908,2025,10/3/25,BYU,West Virginia,ESPN,later,1410.0,1842.4554148729599,gameday
1909,2025,10/4/25,Navy,Air Force,CBS,later,1380.0,1063.8980320905362,gameday
1910,2025,10/4/25,Georgia,Kentucky,ABC,later,3680.0,3658.7982024799617,gameday
1911,2025,10/4/25,North Carolina,Clemson,ESPN,later,1870.0,1453.5152245776333,gameday
1912,2025,10/4/25,UAB,Army,ESPNU,later,49.0,101.49510674637261,gameday
1913,2025,10/4/25,Cincinnati,Iowa St.,ESPN2,later,1110.0,747.8970191348756,gameday
1914,2025,10/4/25,Michigan,Wisconsin,FOX,later,4630.0,4370.713622879434,gameday
1915,2025,10/4/25,Virginia Tech,Wake Forest,CW,later,463.0,450.5625821542027,gameday
1916,2025,10/4/25,Alabama,Vanderbilt,ABC,later,6410.0,5694.620459505413,gameday
1917,2025,10/4/25,Florida,Texas,ESPN,later,3980.0,4027.0275157308047,gameday
1918,2025,10/4/25,Louisville,Virginia,ESPN2,later,603.0,754.8685813953809,gameday
1919,2025,10/4/25,UCLA,Penn St.,CBS,later,3130.0,3580.8530809328663,gameday
1920,2025,10/4/25,Nebraska,Michigan St.,FS1,later,1500.0,1292.084712980546,gameday
1921,2025,10/4/25,Arkansas St.,Texas St.,ESPNU,later,22.0,45.71317502226606,gameday
1922,2025,10/4/25,Houston,Texas Tech,ESPN,later,1450.0,1126.6668312258162,gameday
1923,2025,10/4/25,TCU,Colorado,FOX,later,2140.0,1876.9638717534503,gameday
1924,2025,10/4/25,UCF,Kansas,ESPN2,later,583.0,660.7478892723292,gameday
1925,2025,10/4/25,Ohio St.,Minnesota,NBC,later,3700.0,4554.4711930703,gameday
1926,2025,10/4/25,Florida St.,Miami,ABC,later,6030.0,5515.9213923394545,gameday
1927,2025,10/4/25,Memphis,Tulsa,ESPNU,later,41.0,83.11833206339642,gameday
1928,2025,10/4/25,California,Duke,ESPN,later,1000.0,918.1783988001941,gameday
1929,2025,10/8/25,Middle Tennessee St.,Missouri State,ESPN2,later,338.0,234.4472229628596,gameday
1930,2025,10/9/25,Kennesaw State,Louisiana Tech,ESPNU,later,53.0,103.54033406468565,gameday
1931,2025,10/9/25,Tulane,East Carolina,ESPN,later,576.0,603.2681877198818,gameday
1932,2025,10/9/25,Georgia Southern,Southern Miss,ESPN2,later,145.0,230.0799432443563,gameday
1933,2025,10/10/25,North Texas,South Florida,ESPN2,later,1100.0,580.0717437546836,gameday
1934,2025,10/11/25,Bowling Green,Toledo,ESPNU,later,27.0,56.33947613948047,gameday
1935,2025,10/11/25,Missouri,Alabama,ABC,later,6990.0,6175.676655918056,gameday
1936,2025,10/11/25,Florida St.,Pittsburgh,ESPN,later,2050.0,1657.2721977646504,gameday
1937,2025,10/11/25,James Madison,Louisiana,ESPN2,later,207.0,159.6105065716506,gameday
1938,2025,10/11/25,SMU,Stanford,CW,later,249.0,294.01086789909266,gameday
1939,2025,10/11/25,Illinois,Ohio St.,FOX,later,5280.0,4888.598177765476,gameday
1940,2025,10/11/25,Colorado,Iowa St.,ESPN,later,1440.0,1425.805351592638,gameday
1941,2025,10/11/25,Texas,Oklahoma,ABC,later,8730.0,6331.448409423023,gameday
1942,2025,10/11/25,Oregon,Indiana,CBS,later,5590.0,5599.140636846423,gameday
1943,2025,10/11/25,Oregon St.,Wake Forest,CW,later,257.0,337.1547654994743,gameday
1944,2025,10/11/25,Temple,Navy,ESPN2,later,215.0,273.99861881117954,gameday
1945,2025,10/11/25,Texas A&M,Florida,ESPN,later,2620.0,3979.676967197373,gameday
1946,2025,10/11/25,Auburn,Georgia,ABC,later,6690.0,5972.706298578923,gameday
1947,2025,10/11/25,UTSA,Rice,ESPNU,later,20.0,44.513522030597684,gameday
1948,2025,10/11/25,Arizona,BYU,ESPN2,later,868.0,838.8206658682035,gameday
1949,2025,10/11/25,Utah,Arizona St.,ESPN,later,1270.0,1247.7043004304203,gameday
1950,2025,10/14/25,South Alabama,Arkansas St.,ESPN2,later,306.0,242.78608087062753,gameday
1951,2025,10/14/25,Western Kentucky,FIU,ESPNU,later,47.0,71.82054575912795,gameday
1952,2025,10/15/25,Jacksonville St.,Delaware,ESPN,later,580.0,528.9279475157916,gameday
1953,2025,10/16/25,East Carolina,Tulsa,ESPN,later,527.0,549.1716932217347,gameday
1954,2025,10/17/25,Miami,Louisville,ESPN,later,3410.0,2781.7286173567363,gameday
1955,2025,10/17/25,Minnesota,Nebraska,FOX,later,2660.0,3661.5116574221697,gameday
1956,2025,10/17/25,California,North Carolina,ESPN,later,1580.0,1378.1595029546124,gameday
1957,2025,10/18/25,TCU,Baylor,ESPN2,later,423.0,499.5159700283725,gameday
1958,2025,10/18/25,Duke,Georgia Tech,ESPN,later,1710.0,913.8186485483528,gameday
1959,2025,10/18/25,Michigan,Washington,FOX,later,4320.0,3032.324022747544,gameday
1960,2025,10/18/25,Vanderbilt,LSU,ABC,later,5940.0,2920.58577651451,gameday
1961,2025,10/18/25,Tulane,Army,ESPNU,later,70.0,95.83220443552935,gameday
1962,2025,10/18/25,James Madison,Old Dominion,ESPNU,later,37.0,79.55385362304844,gameday
1963,2025,10/18/25,Arkansas,Texas A&M,ESPN,later,1570.0,2942.5705233764074,gameday
1964,2025,10/18/25,Wisconsin,Ohio St.,CBS,later,4030.0,5581.048248795342,gameday
1965,2025,10/18/25,Georgia,Mississippi,ABC,later,9790.0,9443.071760365201,gameday
1966,2025,10/18/25,UAB,Memphis,ESPN2,later,246.0,283.12557189827044,gameday
1967,2025,10/18/25,Arizona St.,Texas Tech,FOX,later,2560.0,2323.371251733065,gameday
1968,2025,10/18/25,Virginia,Washington St.,CW,later,594.0,466.5795529399614,gameday
1969,2025,10/18/25,Rutgers,Oregon,BTN,later,530.0,593.9722280929847,gameday
1970,2025,10/18/25,UCLA,Maryland,FS1,later,410.0,316.8326310571177,gameday
1971,2025,10/18/25,Kentucky,Texas,ESPN,later,2640.0,1773.8106051999046,gameday
1972,2025,10/18/25,Alabama,Tennessee,ABC,later,8010.0,7926.32554904643,gameday
1973,2025,10/18/25,South Florida,FAU,ESPNU,later,38.0,55.74967972715047,gameday
1974,2025,10/18/25,Notre Dame,USC,NBC,later,4640.0,3592.969253792192,gameday
1975,2025,10/18/25,BYU,Utah,FOX,later,1970.0,2458.992326352647,gameday
1976,2025,10/18/25,Oklahoma St.,Cincinnati,ESPN2,later,316.0,438.70288719129655,gameday
1977,2025,10/18/25,Oregon St.,Lafayette,CW,later,304.0,311.0050616844003,gameday
1978,2025,10/18/25,Stanford,Florida St.,ESPN,later,1420.0,1445.0311393763013,gameday
1979,2025,10/21/25,FIU,Kennesaw State,ESPN2,later,282.0,302.9441287138239,gameday
1980,2025,10/22/25,Delaware,Middle Tennessee St.,ESPN2,later,417.0,276.5973155685191,gameday
1981,2025,10/23/25,Georgia St.,South Alabama,ESPN2,later,400.0,238.01127380618098,gameday
1982,2025,10/24/25,Charlotte,North Texas,ESPN2,later,317.0,218.55705766920147,gameday
1983,2025,10/24/25,Virginia Tech,California,ESPN,later,1110.0,1717.9016584654537,gameday
1984,2025,10/25/25,Memphis,South Florida,ESPN2,later,392.0,335.76131134328284,gameday
1985,2025,10/25/25,Old Dominion,Appalachian St.,ESPNU,later,33.0,101.182160668217,gameday
1986,2025,10/25/25,Indiana,UCLA,FOX,later,3020.0,2666.7562682715284,gameday
1987,2025,10/25/25,Oklahoma,Mississippi,ABC,later,6550.0,5342.775615991267,gameday
1988,2025,10/25/25,Georgia Tech,Syracuse,ESPN,later,1270.0,1336.0987277926251,gameday
1989,2025,10/25/25,Wake Forest,SMU,CW,later,285.0,312.99906176273305,gameday
1990,2025,10/25/25,Washington St.,Toledo,CW,later,311.0,273.8482773315586,gameday
1991,2025,10/25/25,Iowa St.,BYU,FOX,later,2570.0,2547.9227936858606,gameday
1992,2025,10/25/25,South Carolina,Alabama,ABC,later,7840.0,6126.02557715056,gameday
1993,2025,10/25/25,Vanderbilt,Missouri,ESPN,later,3070.0,2548.268155597336,gameday
1994,2025,10/25/25,Iowa,Minnesota,CBS,later,1600.0,2545.5493175829565,gameday
1995,2025,10/25/25,Texas Tech,Oklahoma St.,ESPNU,later,110.0,244.2747825916431,gameday
1996,2025,10/25/25,Cincinnati,Baylor,ESPN2,later,453.0,602.3846181808799,gameday
1997,2025,10/25/25,Oregon,Wisconsin,FS1,later,1170.0,1160.7390453544942,gameday
1998,2025,10/25/25,Miami,Stanford,ESPN,later,1210.0,1472.286028166972,gameday
1999,2025,10/25/25,Michigan St.,Michigan,NBC,later,3630.0,4082.7757409252904,gameday
2000,2025,10/25/25,LSU,Texas A&M,ABC,later,6760.0,6579.014561844469,gameday
2001,2025,10/25/25,Arizona St.,Houston,ESPN2,later,402.0,553.7610164478785,gameday
2002,2025,10/25/25,Utah,Colorado,ESPN,later,1290.0,1457.9250579300015,gameday
2003,2025,10/28/25,Texas St.,James Madison,ESPN2,later,245.0,288.89021569785984,gameday
2004,2025,10/28/25,Kennesaw State,UTEP,ESPNU,later,50.0,106.87598796109765,gameday
2005,2025,10/29/25,Middle Tennessee St.,Jacksonville St.,ESPN2,later,303.0,287.15555727511025,gameday
2006,2025,10/30/25,Coastal Carolina,Marshall,ESPN2,later,288.0,304.08168718777915,gameday
2007,2025,10/30/25,UTSA,Tulane,ESPN,later,659.0,478.5330526919597,gameday
2008,2025,10/31/25,Rice,Memphis,ESPN2,later,244.0,512.3515337284227,gameday
2009,2025,10/31/25,Syracuse,North Carolina,ESPN,later,983.0,1472.959033035741,gameday
2010,2025,11/1/25,Ohio St.,Penn St.,FOX,later,7190.0,6609.202300967943,gameday
2011,2025,11/1/25,Baylor,UCF,ESPNU,later,58.0,141.1803332835615,gameday
2012,2025,11/1/25,North Texas,Navy,ESPN2,later,216.0,217.0033379463011,gameday
2013,2025,11/1/25,SMU,Miami,ESPN,later,1500.0,1168.7406630272753,gameday
2014,2025,11/1/25,Texas,Vanderbilt,ABC,later,4510.0,3672.5863106589104,gameday
2015,2025,11/1/25,Air Force,Army,CBS,later,1030.0,1072.321906720964,gameday
2016,2025,11/1/25,Virginia Tech,Louisville,CW,later,593.0,724.8903322007857,gameday
2017,2025,11/1/25,Maryland,Indiana,CBS,later,2890.0,2612.3633089201553,gameday
2018,2025,11/1/25,Boston College,Notre Dame,ESPN,later,1730.0,1517.761003684443,gameday
2019,2025,11/1/25,Kansas St.,Texas Tech,FOX,later,3130.0,2044.4703767026467,gameday
2020,2025,11/1/25,Florida,Georgia,ABC,later,7790.0,6765.523239399503,gameday
2021,2025,11/1/25,California,Virginia,ESPN2,later,326.0,584.203762968116,gameday
2022,2025,11/1/25,Western Michigan,Central Michigan,ESPNU,later,32.0,67.05601536313439,gameday
2023,2025,11/1/25,Colorado,Arizona,FS1,later,374.0,403.85594310776526,gameday
2024,2025,11/1/25,Mississippi,South Carolina,ESPN,later,1320.0,2176.3808440582857,gameday
2025,2025,11/1/25,Michigan,Purdue,BTN,later,1610.0,1015.111070446033,gameday
2026,2025,11/1/25,Oregon St.,Washington St.,CBS,later,823.0,912.011088032064,gameday
2027,2025,11/1/25,Nebraska,USC,NBC,later,2200.0,3253.4854859946663,gameday
2028,2025,11/1/25,Tennessee,Oklahoma,ABC,later,4810.0,5555.015022653729,gameday
2029,2025,11/1/25,North Carolina St.,Georgia Tech,ESPN2,later,604.0,656.7201758390781,gameday
2030,2025,11/1/25,Troy,Arkansas St.,ESPNU,later,9.0,52.27600183183705,gameday
2031,2025,11/1/25,Utah,Cincinnati,ESPN,later,819.0,2292.728264288151,gameday
2032,2025,11/4/25,Ohio,Miami Ohio,ESPN2,later,470.0,387.07467211954923,gameday
2033,2025,11/5/25,Toledo,Northern Illinois,ESPN2,later,301.0,293.29966365490725,gameday
2034,2025,11/5/25,Ball St.,Kent St.,ESPNU,later,99.0,99.11481881082241,gameday
2035,2025,11/6/25,South Florida,UTSA,ESPN,later,586.0,473.41950398162527,gameday
2036,2025,11/6/25,Appalachian St.,Georgia Southern,ESPN2,later,220.0,365.8126942696899,gameday
2037,2025,11/7/25,UCF,Houston,FS1,later,652.0,514.3594343910886,gameday
2038,2025,11/7/25,Memphis,Tulane,ESPN,later,792.0,827.4340731780867,gameday
2039,2025,11/7/25,USC,Northwestern,FOX,later,1911.0,2068.894079594489,gameday
2040,2025,11/8/25,Penn St.,Indiana,FOX,later,6025.0,3256.4147899217187,gameday
2041,2025,11/8/25,Arkansas St.,Southern Miss,ESPNU,later,27.0,51.103717296256875,gameday
2042,2025,11/8/25,Mississippi St.,Georgia,ESPN,later,2324.0,2889.004966629215,gameday
2043,2025,11/8/25,Marshall,James Madison,ESPN2,later,118.0,187.36221877985713,gameday
2044,2025,11/8/25,Texas Tech,BYU,ABC,later,3976.0,5483.428510240522,gameday
2045,2025,11/8/25,Purdue,Ohio St.,BTN,later,1847.0,1756.06892688708,gameday
2046,2025,11/8/25,Rutgers,Maryland,FS1,later,261.0,349.99065878283943,gameday
2047,2025,11/8/25,TCU,Iowa St.,FOX,later,2419.0,1556.5148486524195,gameday
2048,2025,11/8/25,Iowa,Oregon,CBS,later,5370.0,3868.4780401657786,gameday
2049,2025,11/8/25,Missouri,Texas A&M,ABC,later,4871.0,5324.922044206985,gameday
2050,2025,11/8/25,Arizona,Kansas,ESPN2,later,480.0,485.0334789923751,gameday
2051,2025,11/8/25,Miami,Syracuse,ESPN,later,1198.0,1295.650205858825,gameday
2052,2025,11/8/25,North Carolina,Stanford,CW,later,514.0,518.6793844628265,gameday
2053,2025,11/8/25,Wisconsin,Washington,BTN,later,1088.0,755.6202403685029,gameday
2054,2025,11/8/25,San Jose St.,Air Force,FS1,later,203.0,151.3193173144718,gameday
2055,2025,11/8/25,Virginia,Wake Forest,ESPN,later,734.0,864.0998956920654,gameday
2056,2025,11/8/25,Louisville,California,ESPN2,later,450.0,616.8974953573487,gameday
2057,2025,11/8/25,Notre Dame,Navy,NBC,later,3192.0,2659.5146862394377,gameday
2058,2025,11/8/25,Alabama,LSU,ABC,later,7540.0,9235.11386398353,gameday
2059,2025,11/8/25,UCLA,Nebraska,FOX,later,2248.0,1898.135513439127,gameday
2060,2025,11/8/25,Colorado St.,UNLV,FS1,later,152.0,216.96811278970108,gameday
2061,2025,11/8/25,Oregon St.,Sam Houston,CW,later,295.0,236.82574802013318,gameday
2062,2025,11/11/25,Akron,Kent St.,ESPNU,later,70.0,83.27879615847061,gameday
2063,2025,11/11/25,Western Michigan,Ohio,ESPN2,later,312.0,469.82077026838056,gameday
2064,2025,11/12/25,Miami Ohio,Toledo,ESPN2,later,349.0,309.22273095181095,gameday
2065,2025,11/12/25,Massachusetts,Northern Illinois,ESPNU,later,33.0,90.47229050288695,gameday
2066,2025,11/13/25,Old Dominion,Troy,ESPN,later,508.0,388.9591498979736,gameday
2067,2025,11/14/25,Louisville,Clemson,ESPN,later,2564.0,2104.621556674802,gameday
2068,2025,11/14/25,Oregon,Minnesota,FOX,later,2327.0,2680.7975357210685,gameday
2069,2025,11/15/25,Indiana,Wisconsin,BTN,later,1058.0,939.0027739651009,gameday
2070,2025,11/15/25,Texas A&M,South Carolina,ESPN,later,4281.0,2683.867861860262,gameday
2071,2025,11/15/25,Pittsburgh,Notre Dame,ABC,later,3957.0,6427.592679184413,gameday
2072,2025,11/15/25,Navy,South Florida,ESPN2,later,463.0,341.60669348334136,gameday
2073,2025,11/15/25,Oklahoma St.,Kansas St.,ESPNU,later,133.0,155.54534493968129,gameday
2074,2025,11/15/25,Cincinnati,Arizona,FS1,later,299.0,395.5519438739506,gameday
2075,2025,11/15/25,Northwestern,Michigan,FOX,later,3764.0,2937.296492305804,gameday
2076,2025,11/15/25,Texas Tech,UCF,FOX,later,1398.0,1944.3606643103662,gameday
2077,2025,11/15/25,Alabama,Oklahoma,ABC,later,10479.0,9547.39191150788,gameday
2078,2025,11/15/25,USC,Iowa,BTN,later,1440.0,1442.6557062249983,gameday
2079,2025,11/15/25,Illinois,Maryland,FS1,later,316.0,345.1453089055012,gameday
2080,2025,11/15/25,Miami,North Carolina St.,ESPN,later,1380.0,1070.895824698839,gameday
2081,2025,11/15/25,Duke,Virginia,ESPN2,later,443.0,447.51128721416035,gameday
2082,2025,11/15/25,Michigan St.,Penn St.,CBS,later,2476.0,2305.6671959531263,gameday
2083,2025,11/15/25,East Carolina,Memphis,ESPNU,later,54.0,70.705892697317,gameday
2084,2025,11/15/25,Wake Forest,North Carolina,CW,later,402.0,381.20108784939293,gameday
2085,2025,11/15/25,Mississippi,Florida,ESPN,later,2501.0,2322.611036714345,gameday
2086,2025,11/15/25,Baylor,Utah,ESPN2,later,415.0,497.40898121605744,gameday
2087,2025,11/15/25,Washington,Purdue,FS1,later,457.0,429.4168633427129,gameday
2088,2025,11/15/25,Georgia,Texas,ABC,later,10432.0,8887.249826031486,gameday
2089,2025,11/15/25,Ohio St.,UCLA,NBC,later,3376.0,3110.2315033024656,gameday
2090,2025,11/15/25,Jacksonville St.,Kennesaw State,ESPNU,later,31.0,58.06411581024362,gameday
2091,2025,11/15/25,Washington St.,Louisiana Tech,CW,later,301.0,382.66275390669597,gameday
2092,2025,11/15/25,BYU,TCU,ESPN,later,1563.0,1945.786063255525,gameday
2093,2025,11/15/25,Fresno St.,Wyoming,FS1,later,121.0,227.82334492877118,gameday
2094,2025,11/21/25,North Carolina St.,Florida St.,ESPN,later,2127.0,2124.577491664032,gameday
2095,2025,11/21/25,UNLV,Hawaii,FS1,later,259.0,332.98323828855484,gameday
2096,2025,11/22/25,Maryland,Michigan,BTN,later,1500.0,894.8003220743351,gameday
2097,2025,11/22/25,Oregon,USC,CBS,later,5428.0,5674.5010684369445,gameday
2098,2025,11/22/25,Iowa,Michigan St.,FS1,later,1103.0,882.5904214390935,gameday
2099,2025,11/22/25,Ohio St.,Rutgers,FOX,later,4063.0,3913.490261836111,gameday
2100,2025,11/22/25,SMU,Louisville,ESPN2,later,306.0,331.9808667310326,gameday
2101,2025,11/22/25,Iowa St.,Kansas,FS1,later,539.0,451.93392563902137,gameday
2102,2025,11/22/25,UCLA,Washington,NBC,later,1617.0,1832.1271149548165,gameday
2103,2025,11/22/25,Vanderbilt,Kentucky,ESPN,later,1144.0,843.0808201588193,gameday
2104,2025,11/22/25,San Diego St.,San Jose St.,FS1,later,120.0,203.1375872675763,gameday
2105,2025,11/22/25,Utah,Kansas St.,ESPN2,later,955.0,633.8737068437167,gameday
2106,2025,11/22/25,Colorado,Arizona St.,ESPN2,later,1106.0,613.1579836522392,gameday
2107,2025,11/22/25,Temple,Tulane,ESPNU,later,26.0,62.39389999063264,gameday
2108,2025,11/22/25,Northwestern,Minnesota,BTN,later,421.0,456.1371606559619,gameday
2109,2025,11/22/25,Wisconsin,Illinois,BTN,later,979.0,769.7571246997547,gameday
2110,2025,11/22/25,Florida,Tennessee,ABC,later,4761.0,4360.065250327232,gameday
2111,2025,11/22/25,Georgia Tech,Pittsburgh,ESPN,later,2034.0,1418.1709676974638,gameday
2112,2025,11/22/25,Texas,Arkansas,ABC,later,5612.0,3378.6445886942156,gameday
2113,2025,11/22/25,Penn St.,Nebraska,NBC,later,3104.0,3424.191749807278,gameday
2114,2025,11/22/25,Virginia Tech,Miami,ESPN,later,1942.0,1652.7482006517776,gameday
2115,2025,11/22/25,Boise St.,Colorado St.,FS1,later,299.0,310.34085961048464,gameday
2116,2025,11/22/25,Cincinnati,BYU,FOX,later,2598.0,1810.9294926449322,gameday
2117,2025,11/22/25,Houston,TCU,FOX,later,1300.0,1404.7695208553123,gameday
2118,2025,11/22/25,Oklahoma,Missouri,ABC,later,5365.0,4669.304339196992,gameday
2119,2025,11/22/25,Notre Dame,Syracuse,NBC,later,1887.0,2336.922371115279,gameday
2120,2025,11/25/25,Eastern Michigan,Western Michigan,ESPN2,later,403.0,334.99889948780617,gameday
2121,2025,11/25/25,Massachusetts,Bowling Green,ESPNU,later,60.0,88.62243577841996,gameday
2122,2025,11/27/25,Memphis,Navy,ESPN,later,780.0,741.3960543868909,gameday
2123,2025,11/28/25,Nebraska,Iowa,CBS,later,3769.0,4529.3637628267115,gameday
2124,2025,11/28/25,Mississippi St.,Mississippi,ABC,later,5232.0,4076.2076207982927,gameday
2125,2025,11/28/25,Kansas,Utah,ESPN,later,1116.0,1477.551157259086,gameday
2126,2025,11/28/25,Buffalo,Ohio,ESPNU,later,63.0,100.62681596569792,gameday
2127,2025,11/28/25,Colorado St.,Air Force,FS1,later,148.0,199.40598397385753,gameday
2128,2025,11/28/25,Georgia Tech,Georgia,ABC,later,8716.0,9519.02464836189,gameday
2129,2025,11/28/25,North Texas,Temple,ESPN,later,480.0,369.59060210426117,gameday
2130,2025,11/28/25,Utah St.,Boise St.,CBS,later,2008.0,1183.9100465026318,gameday
2131,2025,11/28/25,Texas,Texas A&M,ABC,later,13044.0,11389.351264812653,gameday
2132,2025,11/28/25,Purdue,Indiana,NBC,later,2685.0,1693.097074994422,gameday
2133,2025,11/28/25,Arizona St.,Arizona,FOX,later,1824.0,2414.524699809898,gameday
2134,2025,11/29/25,San Jose St.,Fresno St.,FS1,later,223.0,195.64508551950104,gameday
2135,2025,11/29/25,Illinois,Northwestern,FOX,later,1527.0,1257.0692059105857,gameday
2136,2025,11/29/25,Virginia,Virginia Tech,ESPN,later,1404.0,1429.5890783189634,gameday
2137,2025,11/29/25,Tulane,Charlotte,ESPNU,later,38.0,44.559854624250946,gameday
2138,2025,11/29/25,Pittsburgh,Miami,ABC,later,2217.0,2705.3330803198724,gameday
2139,2025,11/29/25,California,SMU,ESPN2,later,531.0,337.28901087670874,gameday
2140,2025,11/29/25,Washington,Oregon,CBS,later,4270.0,3689.712118922393,gameday
2141,2025,11/29/25,Oklahoma,LSU,ABC,later,6385.0,5372.129572138105,gameday
2142,2025,11/29/25,Rutgers,Penn St.,BTN,later,950.0,613.2091889756657,gameday
2143,2025,11/29/25,Kansas St.,Colorado,FS1,later,467.0,314.63790465817783,gameday
2144,2025,11/29/25,Florida,Florida St.,ESPN2,later,1761.0,1183.5123811231456,gameday
2145,2025,11/29/25,Oklahoma St.,Iowa St.,ESPNU,later,148.0,140.48540559195283,gameday
2146,2025,11/29/25,Coastal Carolina,James Madison,ESPNU,later,36.0,58.090151857925136,gameday
2147,2025,11/29/25,Tennessee,Vanderbilt,ESPN,later,4010.0,3534.6988743048614,gameday
2148,2025,11/29/25,Minnesota,Wisconsin,FS1,later,1274.0,949.5133449509119,gameday
2149,2025,11/29/25,Auburn,Alabama,ABC,later,11310.0,8956.930850600242,gameday
2150,2025,11/29/25,BYU,UCF,ESPN2,later,716.0,502.26403262545864,gameday
2151,2025,11/29/25,Syracuse,Boston College,CW,later,305.0,316.3244018808275,gameday
2152,2025,11/29/25,TCU,Cincinnati,FOX,later,2741.0,1363.0107342216768,gameday
2153,2025,11/29/25,Stanford,Notre Dame,ESPN,later,1518.0,2661.1093693843322,gameday
2154,2025,11/29/25,USC,UCLA,NBC,later,2224.0,2114.247045194189,gameday
2155,2025,11/29/25,Michigan St.,Maryland,FS1,later,660.0,477.03991888719736,gameday
2156,2025,11/29/25,West Virginia,Texas Tech,ESPN,later,895.0,1399.3410601875676,gameday
2157,2025,11/29/25,Michigan,Ohio St.,FOX,later,18424.0,15299.63747481388,gameday
2158,2025,11/29/25,Washington St.,Oregon St.,CW,later,515.0,428.63580511294674,gameday
2159,2025,12/6/25,Indiana,Ohio St.,FOX,later,18332.0,10143.641498085131,gameday
2160,2025,12/6/25,Alabama,Georgia,ABC,later,16864.0,20400.239986690307,gameday
2161,2025,12/6/25,BYU,Texas Tech,ABC,later,8988.0,6273.001086463126,gameday
2162,2025,12/6/25,Duke,Virginia,ABC,later,3880.0,2219.705662487109,gameday
2163,2025,12/5/25,North Texas,Tulane,ABC,later,2412.0,2507.2796465111887,gameday
2164,2025,12/5/25,UNLV,Boise St.,FOX,later,1516.0,1872.7529038021398,gameday
2165,2025,12/5/25,Troy,James Madison,ESPN,later,1146.0,773.0152243889206,gameday
2166,2025,12/6/25,Miami Ohio,Western Michigan,ESPN,later,1061.0,549.2835323322976,gameday
2167,2025,8/30/25,Utah,UCLA,FOX,Week1,1528.0,1485.0764369079031,gameday
1813,2025,8/23/25,Kansas St.,Iowa St.,ESPN,Week0,4470.0,4575.616725681943,bignoon
1814,2025,8/28/25,South Florida,Boise St.,ESPN,Week1,2040.0,1275.6723232425097,bignoon
1815,2025,8/28/25,Cincinnati,Nebraska,ESPN,Week1,3330.0,2760.0661153890387,bignoon
1816,2025,8/29/25,Charlotte,Appalachian St.,ESPNU,Week1,76.0,141.33721247292837,bignoon
1817,2025,8/29/25,Colorado,Georgia Tech,ESPN,Week1,3740.0,1816.9708279843,bignoon
1818,2025,8/30/25,Ohio St.,Texas,FOX,Week1,16620.0,12144.29326489118,bignoon
1819,2025,8/30/25,Southern Miss,Mississippi St.,ESPN,Week1,771.0,655.8452821858671,bignoon
1820,2025,8/30/25,Tennessee,Syracuse,ABC,Week1,2590.0,2960.723409699844,bignoon
1821,2025,8/30/25,Tulane,Northwestern,ESPNU,Week1,75.0,91.66886221151522,bignoon
1822,2025,8/30/25,Florida St.,Alabama,ABC,Week1,10660.0,9468.82412863561,bignoon
1823,2025,8/30/25,Penn St.,Nevada,CBS,Week1,2240.0,2453.3531011536406,bignoon
1824,2025,8/30/25,Georgia,Marshall,ESPN,Week1,1670.0,1645.2089300597486,bignoon
1825,2025,8/30/25,Texas A&M,UTSA,ESPN,Week1,1070.0,1251.3028122783337,bignoon
1826,2025,8/30/25,Clemson,LSU,ABC,Week1,10450.0,9956.218920520016,bignoon
1827,2025,8/30/25,Oregon St.,California,ESPN,Week1,565.0,1039.521758195873,bignoon
1828,2025,8/31/25,South Carolina,Virginia Tech,ESPN,Week1,5430.0,3477.4414251799067,bignoon
1829,2025,8/31/25,Miami,Notre Dame,ABC,Week1,10800.0,10766.12244862586,bignoon
1830,2025,9/1/25,North Carolina,TCU,ESPN,Week1,6070.0,2883.2000888774564,bignoon
1831,2025,9/5/25,Louisville,James Madison,ESPN2,later,893.0,838.0617527090012,bignoon
1832,2025,9/6/25,Pittsburgh,Central Michigan,ESPNU,later,125.0,124.14273165945565,bignoon
1833,2025,9/6/25,Duke,Illinois,ESPN,later,2180.0,1221.1996893862608,bignoon
1834,2025,9/6/25,Texas,San Jose St.,ABC,later,3750.0,2947.7158740873765,bignoon
1835,2025,9/6/25,SMU,Baylor,CW,later,1130.0,487.1659436391468,bignoon
1836,2025,9/6/25,Iowa St.,Iowa,FOX,later,4280.0,3062.5910640685556,bignoon
1837,2025,9/6/25,North Carolina St.,Virginia,ESPN2,later,659.0,546.9058877838874,bignoon
1838,2025,9/6/25,Oregon,Oklahoma St.,CBS,later,2320.0,3204.1573648229714,bignoon
1839,2025,9/6/25,Missouri,Kansas,ESPN2,later,1830.0,782.9285396570467,bignoon
1840,2025,9/6/25,Kentucky,Mississippi,ABC,later,4780.0,3449.3720600499555,bignoon
1841,2025,9/6/25,Colorado,Delaware,FOX,later,2690.0,1625.8542055013193,bignoon
1842,2025,9/6/25,Oregon St.,Fresno St.,CW,later,658.0,486.267231810897,bignoon
1843,2025,9/6/25,Ohio,West Virginia,ESPNU,later,234.0,185.01241337919603,bignoon
1844,2025,9/6/25,Kansas St.,Army,ESPN,later,873.0,1172.7659075639795,bignoon
1845,2025,9/6/25,Oklahoma,Michigan,ABC,later,9670.0,7987.011912663623,bignoon
1846,2025,9/6/25,Auburn,Ball St.,ESPNU,later,158.0,240.19573924631484,bignoon
1847,2025,9/6/25,Mississippi St.,Arizona St.,ESPN2,later,953.0,808.5883382319607,bignoon
1848,2025,9/6/25,BYU,Stanford,ESPN,later,1210.0,1145.4687465908312,bignoon
1849,2025,9/6/25,Washington St.,San Diego St.,CW,later,541.0,480.800176175437,bignoon
1850,2025,9/11/25,Wake Forest,North Carolina St.,ESPN,later,1180.0,990.0604056814534,bignoon
1851,2025,9/12/25,Houston,Colorado,ESPN,later,2940.0,1678.7688767593095,bignoon
1852,2025,9/13/25,Temple,Oklahoma,ESPN2,later,787.0,659.8646861912702,bignoon
1853,2025,9/13/25,Alabama,Wisconsin,ABC,later,4510.0,6666.423629309621,bignoon
1854,2025,9/13/25,Georgia Tech,Clemson,ESPN,later,4760.0,1808.4152785178385,bignoon
1855,2025,9/13/25,Troy,Memphis,ESPNU,later,49.0,79.78819842764649,bignoon
1856,2025,9/13/25,Tennessee,Georgia,ABC,later,12580.0,8957.349830552403,bignoon
1857,2025,9/13/25,West Virginia,Pittsburgh,ESPN,later,1890.0,1767.643289515936,bignoon
1858,2025,9/13/25,North Texas,Washington St.,ESPNU,later,65.0,91.86478473772218,bignoon
1859,2025,9/13/25,Arkansas St.,Iowa St.,ESPN2,later,523.0,563.4750600095541,bignoon
1860,2025,9/13/25,Miami,South Florida,CW,later,720.0,1596.7433987177615,bignoon
1861,2025,9/13/25,Mississippi,Arkansas,ESPN,later,1440.0,1907.188190183801,bignoon
1862,2025,9/13/25,Notre Dame,Texas A&M,NBC,later,6200.0,5924.674519822482,bignoon
1863,2025,9/13/25,LSU,Florida,ABC,later,7640.0,6811.527351015942,bignoon
1864,2025,9/13/25,Kentucky,Eastern Michigan,ESPNU,later,111.0,127.2969452273565,bignoon
1865,2025,9/13/25,Tulane,Duke,ESPN2,later,150.0,310.3728158783037,bignoon
1866,2025,9/13/25,California,Minnesota,ESPN,later,958.0,1372.5716617516582,bignoon
1867,2025,9/18/25,Charlotte,Rice,ESPN,later,671.0,264.87285536188847,bignoon
1868,2025,9/19/25,Oklahoma St.,Tulsa,ESPN,later,1570.0,1547.362805329888,bignoon
1869,2025,9/19/25,Rutgers,Iowa,FOX,later,3010.0,2326.3562800077707,bignoon
1870,2025,9/20/25,Memphis,Arkansas,ABC,later,2110.0,1762.0068193561779,bignoon
1871,2025,9/20/25,Clemson,Syracuse,ESPN,later,3390.0,1781.1711353612968,bignoon
1872,2025,9/20/25,Miami Ohio,UNLV,ESPNU,later,74.0,105.63438201118763,bignoon
1873,2025,9/20/25,TCU,SMU,ESPN2,later,662.0,462.681222654993,bignoon
1874,2025,9/20/25,Wisconsin,Maryland,NBC,later,2000.0,1453.5655006418037,bignoon
1875,2025,9/20/25,Utah,Texas Tech,FOX,later,4040.0,3178.772981566849,bignoon
1876,2025,9/20/25,Oklahoma,Auburn,ABC,later,6120.0,5004.812477453336,bignoon
1877,2025,9/20/25,Liberty,James Madison,ESPNU,later,67.0,56.48643558226543,bignoon
1878,2025,9/20/25,Nebraska,Michigan,CBS,later,5300.0,6162.3555686297095,bignoon
1879,2025,9/20/25,Mississippi,Tulane,ESPN,later,1050.0,882.9816942098164,bignoon
1880,2025,9/20/25,Duke,North Carolina St.,ESPN2,later,663.0,687.7490198423546,bignoon
1881,2025,9/20/25,Missouri,South Carolina,ESPN,later,1850.0,1684.28384216371,bignoon
1882,2025,9/20/25,Indiana,Illinois,NBC,later,2700.0,2320.369672957387,bignoon
1883,2025,9/20/25,Miami,Florida,ABC,later,6460.0,5124.276690617502,bignoon
1884,2025,9/20/25,Vanderbilt,Georgia St.,ESPNU,later,52.0,97.9025953875985,bignoon
1885,2025,9/20/25,East Carolina,BYU,ESPN2,later,623.0,457.89430642446,bignoon
1886,2025,9/20/25,Washington St.,Washington,CBS,later,1650.0,2953.2910294035573,bignoon
1887,2025,9/20/25,Colorado,Wyoming,ESPN,later,1340.0,1058.8361460870901,bignoon
1888,2025,9/25/25,East Carolina,Army,ESPN,later,891.0,941.305333905847,bignoon
1889,2025,9/26/25,Virginia,Florida St.,ESPN,later,4390.0,3277.1961490240255,bignoon
1890,2025,9/26/25,Oregon St.,Houston,ESPN,later,1550.0,1287.7876905687472,bignoon
1891,2025,9/27/25,Illinois,USC,FOX,later,4120.0,3540.1612535911754,bignoon
1892,2025,9/27/25,Wake Forest,Georgia Tech,ESPN,later,1850.0,934.9440125957439,bignoon
1893,2025,9/27/25,North Texas,South Alabama,ESPNU,later,50.0,56.74649347193736,bignoon
1894,2025,9/27/25,Arkansas,Notre Dame,ABC,later,4260.0,4654.881599362981,bignoon
1895,2025,9/27/25,Pittsburgh,Louisville,ESPN2,later,580.0,577.9869515540549,bignoon
1896,2025,9/27/25,Oklahoma St.,Baylor,ESPN2,later,396.0,673.2294345391132,bignoon
1897,2025,9/27/25,Mississippi,LSU,ABC,later,6690.0,5441.94454681333,bignoon
1898,2025,9/27/25,Texas A&M,Auburn,ESPN,later,2470.0,3357.6439883829426,bignoon
1899,2025,9/27/25,Washington,Ohio St.,CBS,later,5230.0,4773.679069140424,bignoon
1900,2025,9/27/25,Tulsa,Tulane,ESPNU,later,31.0,84.8067243952529,bignoon
1901,2025,9/27/25,FAU,Memphis,ESPN2,later,151.0,197.38722516257175,bignoon
1902,2025,9/27/25,Iowa St.,Arizona,ESPN,later,1150.0,1098.3728768611911,bignoon
1903,2025,9/27/25,Georgia,Alabama,ABC,later,10420.0,10195.46418606575,bignoon
1904,2025,9/27/25,Penn St.,Oregon,NBC,later,8500.0,4131.068870728231,bignoon
1905,2025,9/27/25,Missouri,Massachusetts,ESPNU,later,102.0,125.62253566937531,bignoon
1906,2025,9/27/25,Colorado,BYU,ESPN,later,2460.0,1806.6112179987476,bignoon
1907,2025,10/3/25,South Florida,Charlotte,ESPN2,later,749.0,365.23171458370564,bignoon
1908,2025,10/3/25,BYU,West Virginia,ESPN,later,1410.0,1835.1355571305492,bignoon
1909,2025,10/4/25,Navy,Air Force,CBS,later,1380.0,1032.7456104572068,bignoon
1910,2025,10/4/25,Georgia,Kentucky,ABC,later,3680.0,3671.617116864305,bignoon
1911,2025,10/4/25,North Carolina,Clemson,ESPN,later,1870.0,1453.4529814356351,bignoon
1912,2025,10/4/25,UAB,Army,ESPNU,later,49.0,101.10532096909114,bignoon
1913,2025,10/4/25,Cincinnati,Iowa St.,ESPN2,later,1110.0,745.7657422093456,bignoon
1914,2025,10/4/25,Michigan,Wisconsin,FOX,later,4630.0,4734.2258011704325,bignoon
1915,2025,10/4/25,Virginia Tech,Wake Forest,CW,later,463.0,447.3677261119606,bignoon
1916,2025,10/4/25,Alabama,Vanderbilt,ABC,later,6410.0,4923.171103758558,bignoon
1917,2025,10/4/25,Florida,Texas,ESPN,later,3980.0,4162.823737592422,bignoon
1918,2025,10/4/25,Louisville,Virginia,ESPN2,later,603.0,753.5712861553471,bignoon
1919,2025,10/4/25,UCLA,Penn St.,CBS,later,3130.0,3550.7811801547305,bignoon
1920,2025,10/4/25,Nebraska,Michigan St.,FS1,later,1500.0,1293.623233059251,bignoon
1921,2025,10/4/25,Arkansas St.,Texas St.,ESPNU,later,22.0,45.76870135103707,bignoon
1922,2025,10/4/25,Houston,Texas Tech,ESPN,later,1450.0,1133.106558561843,bignoon
1923,2025,10/4/25,TCU,Colorado,FOX,later,2140.0,1855.5784461820992,bignoon
1924,2025,10/4/25,UCF,Kansas,ESPN2,later,583.0,662.5409564411646,bignoon
1925,2025,10/4/25,Ohio St.,Minnesota,NBC,later,3700.0,4612.075036934741,bignoon
1926,2025,10/4/25,Florida St.,Miami,ABC,later,6030.0,5629.5055743712,bignoon
1927,2025,10/4/25,Memphis,Tulsa,ESPNU,later,41.0,85.04181556214705,bignoon
1928,2025,10/4/25,California,Duke,ESPN,later,1000.0,926.5412414517683,bignoon
1929,2025,10/8/25,Middle Tennessee St.,Missouri State,ESPN2,later,338.0,234.64492401938747,bignoon
1930,2025,10/9/25,Kennesaw State,Louisiana Tech,ESPNU,later,53.0,103.50034331096126,bignoon
1931,2025,10/9/25,Tulane,East Carolina,ESPN,later,576.0,600.6592739338353,bignoon
1932,2025,10/9/25,Georgia Southern,Southern Miss,ESPN2,later,145.0,231.24756333980156,bignoon
1933,2025,10/10/25,North Texas,South Florida,ESPN2,later,1100.0,577.9187478022175,bignoon
1934,2025,10/11/25,Bowling Green,Toledo,ESPNU,later,27.0,56.081274594943615,bignoon
1935,2025,10/11/25,Missouri,Alabama,ABC,later,6990.0,6348.599300842131,bignoon
1936,2025,10/11/25,Florida St.,Pittsburgh,ESPN,later,2050.0,1646.2828227830305,bignoon
1937,2025,10/11/25,James Madison,Louisiana,ESPN2,later,207.0,159.7909658884292,bignoon
1938,2025,10/11/25,SMU,Stanford,CW,later,249.0,293.86373038093905,bignoon
1939,2025,10/11/25,Illinois,Ohio St.,FOX,later,5280.0,5338.659802991615,bignoon
1940,2025,10/11/25,Colorado,Iowa St.,ESPN,later,1440.0,1434.2256193649114,bignoon
1941,2025,10/11/25,Texas,Oklahoma,ABC,later,8730.0,6780.628171521764,bignoon
1942,2025,10/11/25,Oregon,Indiana,CBS,later,5590.0,5142.830847729652,bignoon
1943,2025,10/11/25,Oregon St.,Wake Forest,CW,later,257.0,337.08054987115133,bignoon
1944,2025,10/11/25,Temple,Navy,ESPN2,later,215.0,272.39790542646097,bignoon
1945,2025,10/11/25,Texas A&M,Florida,ESPN,later,2620.0,4070.199492983619,bignoon
1946,2025,10/11/25,Auburn,Georgia,ABC,later,6690.0,6257.093429741317,bignoon
1947,2025,10/11/25,UTSA,Rice,ESPNU,later,20.0,44.641709634571434,bignoon
1948,2025,10/11/25,Arizona,BYU,ESPN2,later,868.0,834.1813236504175,bignoon
1949,2025,10/11/25,Utah,Arizona St.,ESPN,later,1270.0,1246.3831799093377,bignoon
1950,2025,10/14/25,South Alabama,Arkansas St.,ESPN2,later,306.0,243.18206155905915,bignoon
1951,2025,10/14/25,Western Kentucky,FIU,ESPNU,later,47.0,71.75390752232099,bignoon
1952,2025,10/15/25,Jacksonville St.,Delaware,ESPN,later,580.0,530.8698451277027,bignoon
1953,2025,10/16/25,East Carolina,Tulsa,ESPN,later,527.0,555.1961485360864,bignoon
1954,2025,10/17/25,Miami,Louisville,ESPN,later,3410.0,2827.8766559340647,bignoon
1955,2025,10/17/25,Minnesota,Nebraska,FOX,later,2660.0,3626.4576635938906,bignoon
1956,2025,10/17/25,California,North Carolina,ESPN,later,1580.0,1375.955566326009,bignoon
1957,2025,10/18/25,TCU,Baylor,ESPN2,later,423.0,499.5297396277606,bignoon
1958,2025,10/18/25,Duke,Georgia Tech,ESPN,later,1710.0,918.2322820666018,bignoon
1959,2025,10/18/25,Michigan,Washington,FOX,later,4320.0,2807.7284769176304,bignoon
1960,2025,10/18/25,Vanderbilt,LSU,ABC,later,5940.0,3051.283432323946,bignoon
1961,2025,10/18/25,Tulane,Army,ESPNU,later,70.0,95.88784260080897,bignoon
1962,2025,10/18/25,James Madison,Old Dominion,ESPNU,later,37.0,79.8180043980497,bignoon
1963,2025,10/18/25,Arkansas,Texas A&M,ESPN,later,1570.0,2998.1367571967794,bignoon
1964,2025,10/18/25,Wisconsin,Ohio St.,CBS,later,4030.0,5620.983545025076,bignoon
1965,2025,10/18/25,Georgia,Mississippi,ABC,later,9790.0,8598.515173675103,bignoon
1966,2025,10/18/25,UAB,Memphis,ESPN2,later,246.0,285.8604649202423,bignoon
1967,2025,10/18/25,Arizona St.,Texas Tech,FOX,later,2560.0,2285.267000507135,bignoon
1968,2025,10/18/25,Virginia,Washington St.,CW,later,594.0,470.2090363547388,bignoon
1969,2025,10/18/25,Rutgers,Oregon,BTN,later,530.0,610.79386598209,bignoon
1970,2025,10/18/25,UCLA,Maryland,FS1,later,410.0,320.444045374135,bignoon
1971,2025,10/18/25,Kentucky,Texas,ESPN,later,2640.0,1796.1963523692493,bignoon
1972,2025,10/18/25,Alabama,Tennessee,ABC,later,8010.0,8429.436678321727,bignoon
1973,2025,10/18/25,South Florida,FAU,ESPNU,later,38.0,56.313662780867936,bignoon
1974,2025,10/18/25,Notre Dame,USC,NBC,later,4640.0,3581.6853247294703,bignoon
1975,2025,10/18/25,BYU,Utah,FOX,later,1970.0,2830.803958403533,bignoon
1976,2025,10/18/25,Oklahoma St.,Cincinnati,ESPN2,later,316.0,440.2607556431167,bignoon
1977,2025,10/18/25,Oregon St.,Lafayette,CW,later,304.0,310.20216241898277,bignoon
1978,2025,10/18/25,Stanford,Florida St.,ESPN,later,1420.0,1446.2837290241628,bignoon
1979,2025,10/21/25,FIU,Kennesaw State,ESPN2,later,282.0,303.1767784016312,bignoon
1980,2025,10/22/25,Delaware,Middle Tennessee St.,ESPN2,later,417.0,276.6868354063719,bignoon
1981,2025,10/23/25,Georgia St.,South Alabama,ESPN2,later,400.0,239.2364922329032,bignoon
1982,2025,10/24/25,Charlotte,North Texas,ESPN2,later,317.0,217.0233070886066,bignoon
1983,2025,10/24/25,Virginia Tech,California,ESPN,later,1110.0,1710.2892893382377,bignoon
1984,2025,10/25/25,Memphis,South Florida,ESPN2,later,392.0,336.82272587629785,bignoon
1985,2025,10/25/25,Old Dominion,Appalachian St.,ESPNU,later,33.0,101.12099404735037,bignoon
1986,2025,10/25/25,Indiana,UCLA,FOX,later,3020.0,2956.0031359907225,bignoon
1987,2025,10/25/25,Oklahoma,Mississippi,ABC,later,6550.0,5580.140426455738,bignoon
1988,2025,10/25/25,Georgia Tech,Syracuse,ESPN,later,1270.0,1352.351312928739,bignoon
1989,2025,10/25/25,Wake Forest,SMU,CW,later,285.0,311.21935691499084,bignoon
1990,2025,10/25/25,Washington St.,Toledo,CW,later,311.0,274.6369549075873,bignoon
1991,2025,10/25/25,Iowa St.,BYU,FOX,later,2570.0,2488.31992193575,bignoon
1992,2025,10/25/25,South Carolina,Alabama,ABC,later,7840.0,6342.108270984334,bignoon
1993,2025,10/25/25,Vanderbilt,Missouri,ESPN,later,3070.0,2176.42709534607,bignoon
1994,2025,10/25/25,Iowa,Minnesota,CBS,later,1600.0,2495.7068627035624,bignoon
1995,2025,10/25/25,Texas Tech,Oklahoma St.,ESPNU,later,110.0,243.22754437642797,bignoon
1996,2025,10/25/25,Cincinnati,Baylor,ESPN2,later,453.0,604.1803129522348,bignoon
1997,2025,10/25/25,Oregon,Wisconsin,FS1,later,1170.0,1189.4623115524,bignoon
1998,2025,10/25/25,Miami,Stanford,ESPN,later,1210.0,1485.921192994038,bignoon
1999,2025,10/25/25,Michigan St.,Michigan,NBC,later,3630.0,4127.763318595376,bignoon
2000,2025,10/25/25,LSU,Texas A&M,ABC,later,6760.0,6966.666398604605,bignoon
2001,2025,10/25/25,Arizona St.,Houston,ESPN2,later,402.0,555.4848407519156,bignoon
2002,2025,10/25/25,Utah,Colorado,ESPN,later,1290.0,1467.7120300149504,bignoon
2003,2025,10/28/25,Texas St.,James Madison,ESPN2,later,245.0,288.44092821738803,bignoon
2004,2025,10/28/25,Kennesaw State,UTEP,ESPNU,later,50.0,107.06572116552516,bignoon
2005,2025,10/29/25,Middle Tennessee St.,Jacksonville St.,ESPN2,later,303.0,287.95274746129667,bignoon
2006,2025,10/30/25,Coastal Carolina,Marshall,ESPN2,later,288.0,301.4637131094098,bignoon
2007,2025,10/30/25,UTSA,Tulane,ESPN,later,659.0,474.28733831146917,bignoon
2008,2025,10/31/25,Rice,Memphis,ESPN2,later,244.0,515.5970493350968,bignoon
2009,2025,10/31/25,Syracuse,North Carolina,ESPN,later,983.0,1473.9871456713474,bignoon
2010,2025,11/1/25,Ohio St.,Penn St.,FOX,later,7190.0,7258.249264672135,bignoon
2011,2025,11/1/25,Baylor,UCF,ESPNU,later,58.0,139.993172886901,bignoon
2012,2025,11/1/25,North Texas,Navy,ESPN2,later,216.0,215.16556389038487,bignoon
2013,2025,11/1/25,SMU,Miami,ESPN,later,1500.0,1190.0034082972368,bignoon
2014,2025,11/1/25,Texas,Vanderbilt,ABC,later,4510.0,3879.626524243165,bignoon
2015,2025,11/1/25,Air Force,Army,CBS,later,1030.0,1068.988385972105,bignoon
2016,2025,11/1/25,Virginia Tech,Louisville,CW,later,593.0,725.005572990448,bignoon
2017,2025,11/1/25,Maryland,Indiana,CBS,later,2890.0,2562.895547565172,bignoon
2018,2025,11/1/25,Boston College,Notre Dame,ESPN,later,1730.0,1513.5975110220415,bignoon
2019,2025,11/1/25,Kansas St.,Texas Tech,FOX,later,3130.0,2011.5369044394442,bignoon
2020,2025,11/1/25,Florida,Georgia,ABC,later,7790.0,6961.935526669605,bignoon
2021,2025,11/1/25,California,Virginia,ESPN2,later,326.0,586.4141608974326,bignoon
2022,2025,11/1/25,Western Michigan,Central Michigan,ESPNU,later,32.0,67.33346744778632,bignoon
2023,2025,11/1/25,Colorado,Arizona,FS1,later,374.0,402.96105678464346,bignoon
2024,2025,11/1/25,Mississippi,South Carolina,ESPN,later,1320.0,2230.8216042809318,bignoon
2025,2025,11/1/25,Michigan,Purdue,BTN,later,1610.0,1017.280341096753,bignoon
2026,2025,11/1/25,Oregon St.,Washington St.,CBS,later,823.0,925.0279481729592,bignoon
2027,2025,11/1/25,Nebraska,USC,NBC,later,2200.0,3262.1381709539946,bignoon
2028,2025,11/1/25,Tennessee,Oklahoma,ABC,later,4810.0,5874.211941360462,bignoon
2029,2025,11/1/25,North Carolina St.,Georgia Tech,ESPN2,later,604.0,661.0567706208583,bignoon
2030,2025,11/1/25,Troy,Arkansas St.,ESPNU,later,9.0,52.48305129574071,bignoon
2031,2025,11/1/25,Utah,Cincinnati,ESPN,later,819.0,2017.6195451647704,bignoon
2032,2025,11/4/25,Ohio,Miami Ohio,ESPN2,later,470.0,386.5299842198709,bignoon
2033,2025,11/5/25,Toledo,Northern Illinois,ESPN2,later,301.0,293.6068962180941,bignoon
2034,2025,11/5/25,Ball St.,Kent St.,ESPNU,later,99.0,99.03110318050211,bignoon
2035,2025,11/6/25,South Florida,UTSA,ESPN,later,586.0,469.7783234574755,bignoon
2036,2025,11/6/25,Appalachian St.,Georgia Southern,ESPN2,later,220.0,365.67730050717233,bignoon
2037,2025,11/7/25,UCF,Houston,FS1,later,652.0,510.0959122047773,bignoon
2038,2025,11/7/25,Memphis,Tulane,ESPN,later,792.0,831.7142037964301,bignoon
2039,2025,11/7/25,USC,Northwestern,FOX,later,1911.0,2017.378939293223,bignoon
2040,2025,11/8/25,Penn St.,Indiana,FOX,later,6025.0,3008.05993107235,bignoon
2041,2025,11/8/25,Arkansas St.,Southern Miss,ESPNU,later,27.0,51.078176660999944,bignoon
2042,2025,11/8/25,Mississippi St.,Georgia,ESPN,later,2324.0,2881.9136718433583,bignoon
2043,2025,11/8/25,Marshall,James Madison,ESPN2,later,118.0,185.82253439384382,bignoon
2044,2025,11/8/25,Texas Tech,BYU,ABC,later,3976.0,5013.392858566028,bignoon
2045,2025,11/8/25,Purdue,Ohio St.,BTN,later,1847.0,1749.0798136169033,bignoon
2046,2025,11/8/25,Rutgers,Maryland,FS1,later,261.0,351.6824560917715,bignoon
2047,2025,11/8/25,TCU,Iowa St.,FOX,later,2419.0,1538.983529085312,bignoon
2048,2025,11/8/25,Iowa,Oregon,CBS,later,5370.0,4373.645425067001,bignoon
2049,2025,11/8/25,Missouri,Texas A&M,ABC,later,4871.0,5488.5801503722505,bignoon
2050,2025,11/8/25,Arizona,Kansas,ESPN2,later,480.0,484.5792579332023,bignoon
2051,2025,11/8/25,Miami,Syracuse,ESPN,later,1198.0,1271.2577202688237,bignoon
2052,2025,11/8/25,North Carolina,Stanford,CW,later,514.0,520.7610868206827,bignoon
2053,2025,11/8/25,Wisconsin,Washington,BTN,later,1088.0,760.9885841924038,bignoon
2054,2025,11/8/25,San Jose St.,Air Force,FS1,later,203.0,152.38850074100202,bignoon
2055,2025,11/8/25,Virginia,Wake Forest,ESPN,later,734.0,866.3930500890567,bignoon
2056,2025,11/8/25,Louisville,California,ESPN2,later,450.0,617.6610808133319,bignoon
2057,2025,11/8/25,Notre Dame,Navy,NBC,later,3192.0,2659.2085924181756,bignoon
2058,2025,11/8/25,Alabama,LSU,ABC,later,7540.0,10070.224535771202,bignoon
2059,2025,11/8/25,UCLA,Nebraska,FOX,later,2248.0,1869.4115372354395,bignoon
2060,2025,11/8/25,Colorado St.,UNLV,FS1,later,152.0,217.15960127909116,bignoon
2061,2025,11/8/25,Oregon St.,Sam Houston,CW,later,295.0,237.74478262451282,bignoon
2062,2025,11/11/25,Akron,Kent St.,ESPNU,later,70.0,83.3382920976924,bignoon
2063,2025,11/11/25,Western Michigan,Ohio,ESPN2,later,312.0,470.9790056164103,bignoon
2064,2025,11/12/25,Miami Ohio,Toledo,ESPN2,later,349.0,309.14708766724664,bignoon
2065,2025,11/12/25,Massachusetts,Northern Illinois,ESPNU,later,33.0,90.70068164733424,bignoon
2066,2025,11/13/25,Old Dominion,Troy,ESPN,later,508.0,389.8438879692043,bignoon
2067,2025,11/14/25,Louisville,Clemson,ESPN,later,2564.0,2108.969596552216,bignoon
2068,2025,11/14/25,Oregon,Minnesota,FOX,later,2327.0,2637.8284968039943,bignoon
2069,2025,11/15/25,Indiana,Wisconsin,BTN,later,1058.0,935.7797489065765,bignoon
2070,2025,11/15/25,Texas A&M,South Carolina,ESPN,later,4281.0,2699.0794519944784,bignoon
2071,2025,11/15/25,Pittsburgh,Notre Dame,ABC,later,3957.0,5475.382606895907,bignoon
2072,2025,11/15/25,Navy,South Florida,ESPN2,later,463.0,338.4264804177757,bignoon
2073,2025,11/15/25,Oklahoma St.,Kansas St.,ESPNU,later,133.0,154.1998328560311,bignoon
2074,2025,11/15/25,Cincinnati,Arizona,FS1,later,299.0,392.9648692590912,bignoon
2075,2025,11/15/25,Northwestern,Michigan,FOX,later,3764.0,3128.250859565687,bignoon
2076,2025,11/15/25,Texas Tech,UCF,FOX,later,1398.0,1907.6713670275262,bignoon
2077,2025,11/15/25,Alabama,Oklahoma,ABC,later,10479.0,9976.95490201882,bignoon
2078,2025,11/15/25,USC,Iowa,BTN,later,1440.0,1476.5190769077449,bignoon
2079,2025,11/15/25,Illinois,Maryland,FS1,later,316.0,344.87801263760844,bignoon
2080,2025,11/15/25,Miami,North Carolina St.,ESPN,later,1380.0,1066.538302105891,bignoon
2081,2025,11/15/25,Duke,Virginia,ESPN2,later,443.0,448.43252851556366,bignoon
2082,2025,11/15/25,Michigan St.,Penn St.,CBS,later,2476.0,2273.42607066478,bignoon
2083,2025,11/15/25,East Carolina,Memphis,ESPNU,later,54.0,70.87652010182731,bignoon
2084,2025,11/15/25,Wake Forest,North Carolina,CW,later,402.0,380.90526994658745,bignoon
2085,2025,11/15/25,Mississippi,Florida,ESPN,later,2501.0,2327.1253424299416,bignoon
2086,2025,11/15/25,Baylor,Utah,ESPN2,later,415.0,493.9531441110232,bignoon
2087,2025,11/15/25,Washington,Purdue,FS1,later,457.0,431.42422019701763,bignoon
2088,2025,11/15/25,Georgia,Texas,ABC,later,10432.0,10008.229403580213,bignoon
2089,2025,11/15/25,Ohio St.,UCLA,NBC,later,3376.0,3177.4149656562686,bignoon
2090,2025,11/15/25,Jacksonville St.,Kennesaw State,ESPNU,later,31.0,58.35980557663329,bignoon
2091,2025,11/15/25,Washington St.,Louisiana Tech,CW,later,301.0,385.1600137776943,bignoon
2092,2025,11/15/25,BYU,TCU,ESPN,later,1563.0,1955.3594414515414,bignoon
2093,2025,11/15/25,Fresno St.,Wyoming,FS1,later,121.0,228.08953861292815,bignoon
2094,2025,11/21/25,North Carolina St.,Florida St.,ESPN,later,2127.0,2095.080328888075,bignoon
2095,2025,11/21/25,UNLV,Hawaii,FS1,later,259.0,328.0872492684122,bignoon
2096,2025,11/22/25,Maryland,Michigan,BTN,later,1500.0,889.5400693267836,bignoon
2097,2025,11/22/25,Oregon,USC,CBS,later,5428.0,4957.9247048110765,bignoon
2098,2025,11/22/25,Iowa,Michigan St.,FS1,later,1103.0,879.0668415768284,bignoon
2099,2025,11/22/25,Ohio St.,Rutgers,FOX,later,4063.0,3698.2753437534034,bignoon
2100,2025,11/22/25,SMU,Louisville,ESPN2,later,306.0,331.1231047801728,bignoon
2101,2025,11/22/25,Iowa St.,Kansas,FS1,later,539.0,452.20926934531474,bignoon
2102,2025,11/22/25,UCLA,Washington,NBC,later,1617.0,1835.3811829484262,bignoon
2103,2025,11/22/25,Vanderbilt,Kentucky,ESPN,later,1144.0,828.3430444529662,bignoon
2104,2025,11/22/25,San Diego St.,San Jose St.,FS1,later,120.0,203.4493116127354,bignoon
2105,2025,11/22/25,Utah,Kansas St.,ESPN2,later,955.0,629.6282792791496,bignoon
2106,2025,11/22/25,Colorado,Arizona St.,ESPN2,later,1106.0,617.3276156222994,bignoon
2107,2025,11/22/25,Temple,Tulane,ESPNU,later,26.0,62.22542183795092,bignoon
2108,2025,11/22/25,Northwestern,Minnesota,BTN,later,421.0,457.17503268022153,bignoon
2109,2025,11/22/25,Wisconsin,Illinois,BTN,later,979.0,776.4829461024242,bignoon
2110,2025,11/22/25,Florida,Tennessee,ABC,later,4761.0,4548.499846300397,bignoon
2111,2025,11/22/25,Georgia Tech,Pittsburgh,ESPN,later,2034.0,1401.971344953014,bignoon
2112,2025,11/22/25,Texas,Arkansas,ABC,later,5612.0,3426.893994414031,bignoon
2113,2025,11/22/25,Penn St.,Nebraska,NBC,later,3104.0,3379.6299170733027,bignoon
2114,2025,11/22/25,Virginia Tech,Miami,ESPN,later,1942.0,1650.637334134035,bignoon
2115,2025,11/22/25,Boise St.,Colorado St.,FS1,later,299.0,312.8878787453747,bignoon
2116,2025,11/22/25,Cincinnati,BYU,FOX,later,2598.0,2042.7635934869113,bignoon
2117,2025,11/22/25,Houston,TCU,FOX,later,1300.0,1419.5552455717677,bignoon
2118,2025,11/22/25,Oklahoma,Missouri,ABC,later,5365.0,4841.26149631132,bignoon
2119,2025,11/22/25,Notre Dame,Syracuse,NBC,later,1887.0,2325.00269106478,bignoon
2120,2025,11/25/25,Eastern Michigan,Western Michigan,ESPN2,later,403.0,335.59241016366303,bignoon
2121,2025,11/25/25,Massachusetts,Bowling Green,ESPNU,later,60.0,88.92178303154478,bignoon
2122,2025,11/27/25,Memphis,Navy,ESPN,later,780.0,738.5420676099512,bignoon
2123,2025,11/28/25,Nebraska,Iowa,CBS,later,3769.0,4429.049778888822,bignoon
2124,2025,11/28/25,Mississippi St.,Mississippi,ABC,later,5232.0,4070.7554862761435,bignoon
2125,2025,11/28/25,Kansas,Utah,ESPN,later,1116.0,1478.8179769432961,bignoon
2126,2025,11/28/25,Buffalo,Ohio,ESPNU,later,63.0,102.39426387227726,bignoon
2127,2025,11/28/25,Colorado St.,Air Force,FS1,later,148.0,203.36958769409387,bignoon
2128,2025,11/28/25,Georgia Tech,Georgia,ABC,later,8716.0,9604.789123184079,bignoon
2129,2025,11/28/25,North Texas,Temple,ESPN,later,480.0,375.6456165271828,bignoon
2130,2025,11/28/25,Utah St.,Boise St.,CBS,later,2008.0,1183.2349519694399,bignoon
2131,2025,11/28/25,Texas,Texas A&M,ABC,later,13044.0,13329.279854246306,bignoon
2132,2025,11/28/25,Purdue,Indiana,NBC,later,2685.0,1699.4643753980467,bignoon
2133,2025,11/28/25,Arizona St.,Arizona,FOX,later,1824.0,2338.6797835415678,bignoon
2134,2025,11/29/25,San Jose St.,Fresno St.,FS1,later,223.0,196.23032680543326,bignoon
2135,2025,11/29/25,Illinois,Northwestern,FOX,later,1527.0,1238.414742705145,bignoon
2136,2025,11/29/25,Virginia,Virginia Tech,ESPN,later,1404.0,1427.700209919417,bignoon
2137,2025,11/29/25,Tulane,Charlotte,ESPNU,later,38.0,44.80755591299317,bignoon
2138,2025,11/29/25,Pittsburgh,Miami,ABC,later,2217.0,2767.8900470862377,bignoon
2139,2025,11/29/25,California,SMU,ESPN2,later,531.0,340.9487369422415,bignoon
2140,2025,11/29/25,Washington,Oregon,CBS,later,4270.0,3621.6006820000257,bignoon
2141,2025,11/29/25,Oklahoma,LSU,ABC,later,6385.0,5367.8682604950345,bignoon
2142,2025,11/29/25,Rutgers,Penn St.,BTN,later,950.0,606.6443794815556,bignoon
2143,2025,11/29/25,Kansas St.,Colorado,FS1,later,467.0,314.3503830172391,bignoon
2144,2025,11/29/25,Florida,Florida St.,ESPN2,later,1761.0,1184.704411033469,bignoon
2145,2025,11/29/25,Oklahoma St.,Iowa St.,ESPNU,later,148.0,138.8255948041652,bignoon
2146,2025,11/29/25,Coastal Carolina,James Madison,ESPNU,later,36.0,57.93329269441632,bignoon
2147,2025,11/29/25,Tennessee,Vanderbilt,ESPN,later,4010.0,3623.593339994477,bignoon
2148,2025,11/29/25,Minnesota,Wisconsin,FS1,later,1274.0,977.1153033548399,bignoon
2149,2025,11/29/25,Auburn,Alabama,ABC,later,11310.0,9299.407915066058,bignoon
2150,2025,11/29/25,BYU,UCF,ESPN2,later,716.0,494.1787796767351,bignoon
2151,2025,11/29/25,Syracuse,Boston College,CW,later,305.0,318.5694306623767,bignoon
2152,2025,11/29/25,TCU,Cincinnati,FOX,later,2741.0,1318.372110287322,bignoon
2153,2025,11/29/25,Stanford,Notre Dame,ESPN,later,1518.0,2678.6395925926486,bignoon
2154,2025,11/29/25,USC,UCLA,NBC,later,2224.0,2104.6813087778446,bignoon
2155,2025,11/29/25,Michigan St.,Maryland,FS1,later,660.0,482.69721826228397,bignoon
2156,2025,11/29/25,West Virginia,Texas Tech,ESPN,later,895.0,1389.408084942199,bignoon
2157,2025,11/29/25,Michigan,Ohio St.,FOX,later,18424.0,14339.99185910762,bignoon
2158,2025,11/29/25,Washington St.,Oregon St.,CW,later,515.0,431.45464623546434,bignoon
2159,2025,12/6/25,Indiana,Ohio St.,FOX,later,18332.0,11902.320598749964,bignoon
2160,2025,12/6/25,Alabama,Georgia,ABC,later,16864.0,19693.24657076581,bignoon
2161,2025,12/6/25,BYU,Texas Tech,ABC,later,8988.0,6499.512626885696,bignoon
2162,2025,12/6/25,Duke,Virginia,ABC,later,3880.0,2238.7962716350644,bignoon
2163,2025,12/5/25,North Texas,Tulane,ABC,later,2412.0,2533.383455574818,bignoon
2164,2025,12/5/25,UNLV,Boise St.,FOX,later,1516.0,1773.3190651306484,bignoon
2165,2025,12/5/25,Troy,James Madison,ESPN,later,1146.0,774.6200008263255,bignoon
2166,2025,12/6/25,Miami Ohio,Western Michigan,ESPN,later,1061.0,550.3708691649248,bignoon
2167,2025,8/30/25,Utah,UCLA,FOX,Week1,1528.0,1476.0552863983044,bignoon
1813,2025,8/23/25,Kansas St.,Iowa St.,ESPN,Week0,4470.0,4086.6762277867983,both
1814,2025,8/28/25,South Florida,Boise St.,ESPN,Week1,2040.0,1262.52896532861,both
1815,2025,8/28/25,Cincinnati,Nebraska,ESPN,Week1,3330.0,2548.6377642024627,both
1816,2025,8/29/25,Charlotte,Appalachian St.,ESPNU,Week1,76.0,141.84863654409972,both
1817,2025,8/29/25,Colorado,Georgia Tech,ESPN,Week1,3740.0,1814.0818956090807,both
1818,2025,8/30/25,Ohio St.,Texas,FOX,Week1,16620.0,13040.276047527299,both
1819,2025,8/30/25,Southern Miss,Mississippi St.,ESPN,Week1,771.0,659.8794582653746,both
1820,2025,8/30/25,Tennessee,Syracuse,ABC,Week1,2590.0,2924.3292357475093,both
1821,2025,8/30/25,Tulane,Northwestern,ESPNU,Week1,75.0,92.09300459152064,both
1822,2025,8/30/25,Florida St.,Alabama,ABC,Week1,10660.0,9323.488194413494,both
1823,2025,8/30/25,Penn St.,Nevada,CBS,Week1,2240.0,2480.8748335841146,both
1824,2025,8/30/25,Georgia,Marshall,ESPN,Week1,1670.0,1638.2457845545048,both
1825,2025,8/30/25,Texas A&M,UTSA,ESPN,Week1,1070.0,1233.2781590597874,both
1826,2025,8/30/25,Clemson,LSU,ABC,Week1,10450.0,8875.687021285863,both
1827,2025,8/30/25,Oregon St.,California,ESPN,Week1,565.0,1045.5494981978213,both
1828,2025,8/31/25,South Carolina,Virginia Tech,ESPN,Week1,5430.0,3402.809328562612,both
1829,2025,8/31/25,Miami,Notre Dame,ABC,Week1,10800.0,9519.207376188364,both
1830,2025,9/1/25,North Carolina,TCU,ESPN,Week1,6070.0,2864.1692211974714,both
1831,2025,9/5/25,Louisville,James Madison,ESPN2,later,893.0,840.4436455745483,both
1832,2025,9/6/25,Pittsburgh,Central Michigan,ESPNU,later,125.0,124.27928431458616,both
1833,2025,9/6/25,Duke,Illinois,ESPN,later,2180.0,1214.6805914962379,both
1834,2025,9/6/25,Texas,San Jose St.,ABC,later,3750.0,2883.5349294695607,both
1835,2025,9/6/25,SMU,Baylor,CW,later,1130.0,483.1919978230962,both
1836,2025,9/6/25,Iowa St.,Iowa,FOX,later,4280.0,2875.1555283535563,both
1837,2025,9/6/25,North Carolina St.,Virginia,ESPN2,later,659.0,546.3974109162993,both
1838,2025,9/6/25,Oregon,Oklahoma St.,CBS,later,2320.0,3193.652109925224,both
1839,2025,9/6/25,Missouri,Kansas,ESPN2,later,1830.0,782.3901677405789,both
1840,2025,9/6/25,Kentucky,Mississippi,ABC,later,4780.0,3422.0811114788103,both
1841,2025,9/6/25,Colorado,Delaware,FOX,later,2690.0,1653.8164104619632,both
1842,2025,9/6/25,Oregon St.,Fresno St.,CW,later,658.0,487.65789636607434,both
1843,2025,9/6/25,Ohio,West Virginia,ESPNU,later,234.0,184.72951798525204,both
1844,2025,9/6/25,Kansas St.,Army,ESPN,later,873.0,1174.538376263534,both
1845,2025,9/6/25,Oklahoma,Michigan,ABC,later,9670.0,8944.323934162074,both
1846,2025,9/6/25,Auburn,Ball St.,ESPNU,later,158.0,240.30277648574756,both
1847,2025,9/6/25,Mississippi St.,Arizona St.,ESPN2,later,953.0,805.0215278776856,both
1848,2025,9/6/25,BYU,Stanford,ESPN,later,1210.0,1155.6632140769414,both
1849,2025,9/6/25,Washington St.,San Diego St.,CW,later,541.0,480.0029595322226,both
1850,2025,9/11/25,Wake Forest,North Carolina St.,ESPN,later,1180.0,991.9829825463361,both
1851,2025,9/12/25,Houston,Colorado,ESPN,later,2940.0,1689.0401821623443,both
1852,2025,9/13/25,Temple,Oklahoma,ESPN2,later,787.0,660.7537667310428,both
1853,2025,9/13/25,Alabama,Wisconsin,ABC,later,4510.0,6608.373943564212,both
1854,2025,9/13/25,Georgia Tech,Clemson,ESPN,later,4760.0,1822.7848020426954,both
1855,2025,9/13/25,Troy,Memphis,ESPNU,later,49.0,79.33450648083347,both
1856,2025,9/13/25,Tennessee,Georgia,ABC,later,12580.0,10188.826371506313,both
1857,2025,9/13/25,West Virginia,Pittsburgh,ESPN,later,1890.0,1693.496547705656,both
1858,2025,9/13/25,North Texas,Washington St.,ESPNU,later,65.0,91.51558667552793,both
1859,2025,9/13/25,Arkansas St.,Iowa St.,ESPN2,later,523.0,560.5856843060819,both
1860,2025,9/13/25,Miami,South Florida,CW,later,720.0,1462.6887993455612,both
1861,2025,9/13/25,Mississippi,Arkansas,ESPN,later,1440.0,1925.9382176532558,both
1862,2025,9/13/25,Notre Dame,Texas A&M,NBC,later,6200.0,5569.81430544515,both
1863,2025,9/13/25,LSU,Florida,ABC,later,7640.0,6577.060757905794,both
1864,2025,9/13/25,Kentucky,Eastern Michigan,ESPNU,later,111.0,128.496217365328,both
1865,2025,9/13/25,Tulane,Duke,ESPN2,later,150.0,308.50663266081125,both
1866,2025,9/13/25,California,Minnesota,ESPN,later,958.0,1365.4163649872032,both
1867,2025,9/18/25,Charlotte,Rice,ESPN,later,671.0,264.46686591345787,both
1868,2025,9/19/25,Oklahoma St.,Tulsa,ESPN,later,1570.0,1552.8056424306387,both
1869,2025,9/19/25,Rutgers,Iowa,FOX,later,3010.0,2351.3246138839927,both
1870,2025,9/20/25,Memphis,Arkansas,ABC,later,2110.0,1743.7708318923571,both
1871,2025,9/20/25,Clemson,Syracuse,ESPN,later,3390.0,1781.1071223093556,both
1872,2025,9/20/25,Miami Ohio,UNLV,ESPNU,later,74.0,105.40214430965776,both
1873,2025,9/20/25,TCU,SMU,ESPN2,later,662.0,457.0158155470664,both
1874,2025,9/20/25,Wisconsin,Maryland,NBC,later,2000.0,1466.1496298054826,both
1875,2025,9/20/25,Utah,Texas Tech,FOX,later,4040.0,2972.491933262875,both
1876,2025,9/20/25,Oklahoma,Auburn,ABC,later,6120.0,4825.006841536631,both
1877,2025,9/20/25,Liberty,James Madison,ESPNU,later,67.0,56.37538228622717,both
1878,2025,9/20/25,Nebraska,Michigan,CBS,later,5300.0,6196.8409442228385,both
1879,2025,9/20/25,Mississippi,Tulane,ESPN,later,1050.0,886.9273401635483,both
1880,2025,9/20/25,Duke,North Carolina St.,ESPN2,later,663.0,682.49862085857,both
1881,2025,9/20/25,Missouri,South Carolina,ESPN,later,1850.0,1688.3060151009167,both
1882,2025,9/20/25,Indiana,Illinois,NBC,later,2700.0,2184.34330426972,both
1883,2025,9/20/25,Miami,Florida,ABC,later,6460.0,6149.12227777155,both
1884,2025,9/20/25,Vanderbilt,Georgia St.,ESPNU,later,52.0,97.88384482234122,both
1885,2025,9/20/25,East Carolina,BYU,ESPN2,later,623.0,457.6108739241531,both
1886,2025,9/20/25,Washington St.,Washington,CBS,later,1650.0,2974.1404758881704,both
1887,2025,9/20/25,Colorado,Wyoming,ESPN,later,1340.0,1054.7174738780598,both
1888,2025,9/25/25,East Carolina,Army,ESPN,later,891.0,939.686482873505,both
1889,2025,9/26/25,Virginia,Florida St.,ESPN,later,4390.0,3277.3981169266085,both
1890,2025,9/26/25,Oregon St.,Houston,ESPN,later,1550.0,1299.5551532724367,both
1891,2025,9/27/25,Illinois,USC,FOX,later,4120.0,3340.8960455013234,both
1892,2025,9/27/25,Wake Forest,Georgia Tech,ESPN,later,1850.0,934.8081603963177,both
1893,2025,9/27/25,North Texas,South Alabama,ESPNU,later,50.0,56.7754817787471,both
1894,2025,9/27/25,Arkansas,Notre Dame,ABC,later,4260.0,4493.440100659462,both
1895,2025,9/27/25,Pittsburgh,Louisville,ESPN2,later,580.0,581.5533458741412,both
1896,2025,9/27/25,Oklahoma St.,Baylor,ESPN2,later,396.0,681.0679293559544,both
1897,2025,9/27/25,Mississippi,LSU,ABC,later,6690.0,5195.930165472469,both
1898,2025,9/27/25,Texas A&M,Auburn,ESPN,later,2470.0,3306.8100880756974,both
1899,2025,9/27/25,Washington,Ohio St.,CBS,later,5230.0,4734.469412176313,both
1900,2025,9/27/25,Tulsa,Tulane,ESPNU,later,31.0,83.70089639873396,both
1901,2025,9/27/25,FAU,Memphis,ESPN2,later,151.0,196.95679561785585,both
1902,2025,9/27/25,Iowa St.,Arizona,ESPN,later,1150.0,1095.1939811866234,both
1903,2025,9/27/25,Georgia,Alabama,ABC,later,10420.0,8855.783648757366,both
1904,2025,9/27/25,Penn St.,Oregon,NBC,later,8500.0,4584.465753034476,both
1905,2025,9/27/25,Missouri,Massachusetts,ESPNU,later,102.0,125.72104606899288,both
1906,2025,9/27/25,Colorado,BYU,ESPN,later,2460.0,1813.3455892786023,both
1907,2025,10/3/25,South Florida,Charlotte,ESPN2,later,749.0,364.73817179657397,both
1908,2025,10/3/25,BYU,West Virginia,ESPN,later,1410.0,1863.5453588091036,both
1909,2025,10/4/25,Navy,Air Force,CBS,later,1380.0,1062.937187221725,both
1910,2025,10/4/25,Georgia,Kentucky,ABC,later,3680.0,3675.8659314887045,both
1911,2025,10/4/25,North Carolina,Clemson,ESPN,later,1870.0,1449.9683064531055,both
1912,2025,10/4/25,UAB,Army,ESPNU,later,49.0,101.92522319339608,both
1913,2025,10/4/25,Cincinnati,Iowa St.,ESPN2,later,1110.0,744.492432784654,both
1914,2025,10/4/25,Michigan,Wisconsin,FOX,later,4630.0,4646.292738082364,both
1915,2025,10/4/25,Virginia Tech,Wake Forest,CW,later,463.0,449.1214792779762,both
1916,2025,10/4/25,Alabama,Vanderbilt,ABC,later,6410.0,5682.549803652512,both
1917,2025,10/4/25,Florida,Texas,ESPN,later,3980.0,4005.3308949630564,both
1918,2025,10/4/25,Louisville,Virginia,ESPN2,later,603.0,756.1583818207184,both
1919,2025,10/4/25,UCLA,Penn St.,CBS,later,3130.0,3573.5093097884046,both
1920,2025,10/4/25,Nebraska,Michigan St.,FS1,later,1500.0,1295.5427001757348,both
1921,2025,10/4/25,Arkansas St.,Texas St.,ESPNU,later,22.0,45.98235775708366,both
1922,2025,10/4/25,Houston,Texas Tech,ESPN,later,1450.0,1131.1169807673646,both
1923,2025,10/4/25,TCU,Colorado,FOX,later,2140.0,1852.477871727585,both
1924,2025,10/4/25,UCF,Kansas,ESPN2,later,583.0,660.0302138284599,both
1925,2025,10/4/25,Ohio St.,Minnesota,NBC,later,3700.0,4539.965447614507,both
1926,2025,10/4/25,Florida St.,Miami,ABC,later,6030.0,5449.443886667653,both
1927,2025,10/4/25,Memphis,Tulsa,ESPNU,later,41.0,83.17719582836119,both
1928,2025,10/4/25,California,Duke,ESPN,later,1000.0,921.8403084492097,both
1929,2025,10/8/25,Middle Tennessee St.,Missouri State,ESPN2,later,338.0,235.23364566897916,both
1930,2025,10/9/25,Kennesaw State,Louisiana Tech,ESPNU,later,53.0,103.00418598454735,both
1931,2025,10/9/25,Tulane,East Carolina,ESPN,later,576.0,602.0121583796447,both
1932,2025,10/9/25,Georgia Southern,Southern Miss,ESPN2,later,145.0,230.5991840782276,both
1933,2025,10/10/25,North Texas,South Florida,ESPN2,later,1100.0,573.3325901013036,both
1934,2025,10/11/25,Bowling Green,Toledo,ESPNU,later,27.0,56.55855238132344,both
1935,2025,10/11/25,Missouri,Alabama,ABC,later,6990.0,6112.497796868275,both
1936,2025,10/11/25,Florida St.,Pittsburgh,ESPN,later,2050.0,1652.9503751858174,both
1937,2025,10/11/25,James Madison,Louisiana,ESPN2,later,207.0,160.56566018402805,both
1938,2025,10/11/25,SMU,Stanford,CW,later,249.0,293.8195153922191,both
1939,2025,10/11/25,Illinois,Ohio St.,FOX,later,5280.0,5171.81786938303,both
1940,2025,10/11/25,Colorado,Iowa St.,ESPN,later,1440.0,1441.417445950604,both
1941,2025,10/11/25,Texas,Oklahoma,ABC,later,8730.0,6347.463204891623,both
1942,2025,10/11/25,Oregon,Indiana,CBS,later,5590.0,5349.263149495221,both
1943,2025,10/11/25,Oregon St.,Wake Forest,CW,later,257.0,340.92026940721325,both
1944,2025,10/11/25,Temple,Navy,ESPN2,later,215.0,274.1682796896368,both
1945,2025,10/11/25,Texas A&M,Florida,ESPN,later,2620.0,3988.739689830618,both
1946,2025,10/11/25,Auburn,Georgia,ABC,later,6690.0,6002.482425369903,both
1947,2025,10/11/25,UTSA,Rice,ESPNU,later,20.0,44.521078922382266,both
1948,2025,10/11/25,Arizona,BYU,ESPN2,later,868.0,832.7581348641961,both
1949,2025,10/11/25,Utah,Arizona St.,ESPN,later,1270.0,1246.0682272809781,both
1950,2025,10/14/25,South Alabama,Arkansas St.,ESPN2,later,306.0,243.13219618473872,both
1951,2025,10/14/25,Western Kentucky,FIU,ESPNU,later,47.0,71.63274164459197,both
1952,2025,10/15/25,Jacksonville St.,Delaware,ESPN,later,580.0,531.3820917834769,both
1953,2025,10/16/25,East Carolina,Tulsa,ESPN,later,527.0,549.2939550084484,both
1954,2025,10/17/25,Miami,Louisville,ESPN,later,3410.0,2747.9407330371005,both
1955,2025,10/17/25,Minnesota,Nebraska,FOX,later,2660.0,3628.336954913025,both
1956,2025,10/17/25,California,North Carolina,ESPN,later,1580.0,1373.5254317838057,both
1957,2025,10/18/25,TCU,Baylor,ESPN2,later,423.0,497.0877717875459,both
1958,2025,10/18/25,Duke,Georgia Tech,ESPN,later,1710.0,911.6344987247801,both
1959,2025,10/18/25,Michigan,Washington,FOX,later,4320.0,2850.1611491273943,both
1960,2025,10/18/25,Vanderbilt,LSU,ABC,later,5940.0,2890.5844420835842,both
1961,2025,10/18/25,Tulane,Army,ESPNU,later,70.0,96.50817569045773,both
1962,2025,10/18/25,James Madison,Old Dominion,ESPNU,later,37.0,79.62357424931571,both
1963,2025,10/18/25,Arkansas,Texas A&M,ESPN,later,1570.0,2946.392696858718,both
1964,2025,10/18/25,Wisconsin,Ohio St.,CBS,later,4030.0,5546.01008018106,both
1965,2025,10/18/25,Georgia,Mississippi,ABC,later,9790.0,9261.7539808922,both
1966,2025,10/18/25,UAB,Memphis,ESPN2,later,246.0,283.5986910546749,both
1967,2025,10/18/25,Arizona St.,Texas Tech,FOX,later,2560.0,2279.978656939838,both
1968,2025,10/18/25,Virginia,Washington St.,CW,later,594.0,468.38788499442603,both
1969,2025,10/18/25,Rutgers,Oregon,BTN,later,530.0,596.9799931023578,both
1970,2025,10/18/25,UCLA,Maryland,FS1,later,410.0,319.889723148194,both
1971,2025,10/18/25,Kentucky,Texas,ESPN,later,2640.0,1788.8501538358335,both
1972,2025,10/18/25,Alabama,Tennessee,ABC,later,8010.0,7925.17517894557,both
1973,2025,10/18/25,South Florida,FAU,ESPNU,later,38.0,56.342832634430025,both
1974,2025,10/18/25,Notre Dame,USC,NBC,later,4640.0,3521.3901975105964,both
1975,2025,10/18/25,BYU,Utah,FOX,later,1970.0,2691.1026870981364,both
1976,2025,10/18/25,Oklahoma St.,Cincinnati,ESPN2,later,316.0,443.51954471983845,both
1977,2025,10/18/25,Oregon St.,Lafayette,CW,later,304.0,314.5914365302656,both
1978,2025,10/18/25,Stanford,Florida St.,ESPN,later,1420.0,1449.4019965670054,both
1979,2025,10/21/25,FIU,Kennesaw State,ESPN2,later,282.0,302.2400154343428,both
1980,2025,10/22/25,Delaware,Middle Tennessee St.,ESPN2,later,417.0,277.7483710201002,both
1981,2025,10/23/25,Georgia St.,South Alabama,ESPN2,later,400.0,238.27902473676397,both
1982,2025,10/24/25,Charlotte,North Texas,ESPN2,later,317.0,217.54991470705664,both
1983,2025,10/24/25,Virginia Tech,California,ESPN,later,1110.0,1709.1420163800017,both
1984,2025,10/25/25,Memphis,South Florida,ESPN2,later,392.0,332.623909432049,both
1985,2025,10/25/25,Old Dominion,Appalachian St.,ESPNU,later,33.0,100.87363260280375,both
1986,2025,10/25/25,Indiana,UCLA,FOX,later,3020.0,2851.586244072185,both
1987,2025,10/25/25,Oklahoma,Mississippi,ABC,later,6550.0,5265.351585763355,both
1988,2025,10/25/25,Georgia Tech,Syracuse,ESPN,later,1270.0,1339.0263868438062,both
1989,2025,10/25/25,Wake Forest,SMU,CW,later,285.0,312.05997404363546,both
1990,2025,10/25/25,Washington St.,Toledo,CW,later,311.0,275.7538118585885,both
1991,2025,10/25/25,Iowa St.,BYU,FOX,later,2570.0,2511.4019292724065,both
1992,2025,10/25/25,South Carolina,Alabama,ABC,later,7840.0,6121.178410552918,both
1993,2025,10/25/25,Vanderbilt,Missouri,ESPN,later,3070.0,2507.323883053004,both
1994,2025,10/25/25,Iowa,Minnesota,CBS,later,1600.0,2531.659163378534,both
1995,2025,10/25/25,Texas Tech,Oklahoma St.,ESPNU,later,110.0,245.76254448215383,both
1996,2025,10/25/25,Cincinnati,Baylor,ESPN2,later,453.0,602.5263204668821,both
1997,2025,10/25/25,Oregon,Wisconsin,FS1,later,1170.0,1157.7007094046742,both
1998,2025,10/25/25,Miami,Stanford,ESPN,later,1210.0,1462.0484690172925,both
1999,2025,10/25/25,Michigan St.,Michigan,NBC,later,3630.0,4102.61864465401,both
2000,2025,10/25/25,LSU,Texas A&M,ABC,later,6760.0,6577.09871696577,both
2001,2025,10/25/25,Arizona St.,Houston,ESPN2,later,402.0,554.2119063480795,both
2002,2025,10/25/25,Utah,Colorado,ESPN,later,1290.0,1466.638963884253,both
2003,2025,10/28/25,Texas St.,James Madison,ESPN2,later,245.0,289.58459823850933,both
2004,2025,10/28/25,Kennesaw State,UTEP,ESPNU,later,50.0,106.89571131399816,both
2005,2025,10/29/25,Middle Tennessee St.,Jacksonville St.,ESPN2,later,303.0,288.50379112179235,both
2006,2025,10/30/25,Coastal Carolina,Marshall,ESPN2,later,288.0,302.0456156609085,both
2007,2025,10/30/25,UTSA,Tulane,ESPN,later,659.0,477.3915621141623,both
2008,2025,10/31/25,Rice,Memphis,ESPN2,later,244.0,510.3297165360053,both
2009,2025,10/31/25,Syracuse,North Carolina,ESPN,later,983.0,1484.9441893131577,both
2010,2025,11/1/25,Ohio St.,Penn St.,FOX,later,7190.0,6856.989397146735,both
2011,2025,11/1/25,Baylor,UCF,ESPNU,later,58.0,140.26184276827837,both
2012,2025,11/1/25,North Texas,Navy,ESPN2,later,216.0,214.6947159669799,both
2013,2025,11/1/25,SMU,Miami,ESPN,later,1500.0,1163.547996616828,both
2014,2025,11/1/25,Texas,Vanderbilt,ABC,later,4510.0,3641.7824276762703,both
2015,2025,11/1/25,Air Force,Army,CBS,later,1030.0,1077.3222071157443,both
2016,2025,11/1/25,Virginia Tech,Louisville,CW,later,593.0,727.4516744940942,both
2017,2025,11/1/25,Maryland,Indiana,CBS,later,2890.0,2601.2868282392174,both
2018,2025,11/1/25,Boston College,Notre Dame,ESPN,later,1730.0,1531.30518795317,both
2019,2025,11/1/25,Kansas St.,Texas Tech,FOX,later,3130.0,2027.8354434930443,both
2020,2025,11/1/25,Florida,Georgia,ABC,later,7790.0,6774.741446466108,both
2021,2025,11/1/25,California,Virginia,ESPN2,later,326.0,584.4570982351545,both
2022,2025,11/1/25,Western Michigan,Central Michigan,ESPNU,later,32.0,67.36280875538357,both
2023,2025,11/1/25,Colorado,Arizona,FS1,later,374.0,405.72874578730557,both
2024,2025,11/1/25,Mississippi,South Carolina,ESPN,later,1320.0,2196.82660477794,both
2025,2025,11/1/25,Michigan,Purdue,BTN,later,1610.0,1019.5560436108304,both
2026,2025,11/1/25,Oregon St.,Washington St.,CBS,later,823.0,932.7359360766498,both
2027,2025,11/1/25,Nebraska,USC,NBC,later,2200.0,3232.2336764431107,both
2028,2025,11/1/25,Tennessee,Oklahoma,ABC,later,4810.0,5548.184174464884,both
2029,2025,11/1/25,North Carolina St.,Georgia Tech,ESPN2,later,604.0,654.772603312065,both
2030,2025,11/1/25,Troy,Arkansas St.,ESPNU,later,9.0,52.455773682326935,both
2031,2025,11/1/25,Utah,Cincinnati,ESPN,later,819.0,2237.3289557027997,both
2032,2025,11/4/25,Ohio,Miami Ohio,ESPN2,later,470.0,385.7109628215186,both
2033,2025,11/5/25,Toledo,Northern Illinois,ESPN2,later,301.0,293.9955077602053,both
2034,2025,11/5/25,Ball St.,Kent St.,ESPNU,later,99.0,99.27945576546885,both
2035,2025,11/6/25,South Florida,UTSA,ESPN,later,586.0,470.0001563666914,both
2036,2025,11/6/25,Appalachian St.,Georgia Southern,ESPN2,later,220.0,366.9099508424898,both
2037,2025,11/7/25,UCF,Houston,FS1,later,652.0,510.0215301493794,both
2038,2025,11/7/25,Memphis,Tulane,ESPN,later,792.0,829.515377240612,both
2039,2025,11/7/25,USC,Northwestern,FOX,later,1911.0,2049.171584502672,both
2040,2025,11/8/25,Penn St.,Indiana,FOX,later,6025.0,3027.8823818567116,both
2041,2025,11/8/25,Arkansas St.,Southern Miss,ESPNU,later,27.0,50.96696414076149,both
2042,2025,11/8/25,Mississippi St.,Georgia,ESPN,later,2324.0,2877.9328843080943,both
2043,2025,11/8/25,Marshall,James Madison,ESPN2,later,118.0,186.66868485456627,both
2044,2025,11/8/25,Texas Tech,BYU,ABC,later,3976.0,5225.364968709256,both
2045,2025,11/8/25,Purdue,Ohio St.,BTN,later,1847.0,1748.4172070285272,both
2046,2025,11/8/25,Rutgers,Maryland,FS1,later,261.0,351.6562005266194,both
2047,2025,11/8/25,TCU,Iowa St.,FOX,later,2419.0,1538.5495811729206,both
2048,2025,11/8/25,Iowa,Oregon,CBS,later,5370.0,4309.829166935027,both
2049,2025,11/8/25,Missouri,Texas A&M,ABC,later,4871.0,5319.1847370381065,both
2050,2025,11/8/25,Arizona,Kansas,ESPN2,later,480.0,483.3099851379542,both
2051,2025,11/8/25,Miami,Syracuse,ESPN,later,1198.0,1292.5807739575405,both
2052,2025,11/8/25,North Carolina,Stanford,CW,later,514.0,521.6197064884744,both
2053,2025,11/8/25,Wisconsin,Washington,BTN,later,1088.0,757.3524135680937,both
2054,2025,11/8/25,San Jose St.,Air Force,FS1,later,203.0,152.42826079157226,both
2055,2025,11/8/25,Virginia,Wake Forest,ESPN,later,734.0,867.3928611890988,both
2056,2025,11/8/25,Louisville,California,ESPN2,later,450.0,618.6545723589037,both
2057,2025,11/8/25,Notre Dame,Navy,NBC,later,3192.0,2635.2774052125073,both
2058,2025,11/8/25,Alabama,LSU,ABC,later,7540.0,9232.116455522048,both
2059,2025,11/8/25,UCLA,Nebraska,FOX,later,2248.0,1904.1241022654426,both
2060,2025,11/8/25,Colorado St.,UNLV,FS1,later,152.0,215.08330498615925,both
2061,2025,11/8/25,Oregon St.,Sam Houston,CW,later,295.0,239.60688128094367,both
2062,2025,11/11/25,Akron,Kent St.,ESPNU,later,70.0,83.19854024688564,both
2063,2025,11/11/25,Western Michigan,Ohio,ESPN2,later,312.0,469.6277403016765,both
2064,2025,11/12/25,Miami Ohio,Toledo,ESPN2,later,349.0,308.1558171168516,both
2065,2025,11/12/25,Massachusetts,Northern Illinois,ESPNU,later,33.0,90.67959754561063,both
2066,2025,11/13/25,Old Dominion,Troy,ESPN,later,508.0,387.2284505200462,both
2067,2025,11/14/25,Louisville,Clemson,ESPN,later,2564.0,2113.189872714592,both
2068,2025,11/14/25,Oregon,Minnesota,FOX,later,2327.0,2619.2437380136234,both
2069,2025,11/15/25,Indiana,Wisconsin,BTN,later,1058.0,926.5177853208897,both
2070,2025,11/15/25,Texas A&M,South Carolina,ESPN,later,4281.0,2678.3260477269914,both
2071,2025,11/15/25,Pittsburgh,Notre Dame,ABC,later,3957.0,6270.544367532497,both
2072,2025,11/15/25,Navy,South Florida,ESPN2,later,463.0,338.64943981078704,both
2073,2025,11/15/25,Oklahoma St.,Kansas St.,ESPNU,later,133.0,156.40071646594936,both
2074,2025,11/15/25,Cincinnati,Arizona,FS1,later,299.0,392.2810219219721,both
2075,2025,11/15/25,Northwestern,Michigan,FOX,later,3764.0,3148.3631783622604,both
2076,2025,11/15/25,Texas Tech,UCF,FOX,later,1398.0,1911.0490788982847,both
2077,2025,11/15/25,Alabama,Oklahoma,ABC,later,10479.0,9421.20943011947,both
2078,2025,11/15/25,USC,Iowa,BTN,later,1440.0,1375.5454879208955,both
2079,2025,11/15/25,Illinois,Maryland,FS1,later,316.0,347.70892252806317,both
2080,2025,11/15/25,Miami,North Carolina St.,ESPN,later,1380.0,1071.893123937623,both
2081,2025,11/15/25,Duke,Virginia,ESPN2,later,443.0,447.377416851564,both
2082,2025,11/15/25,Michigan St.,Penn St.,CBS,later,2476.0,2326.8168962633695,both
2083,2025,11/15/25,East Carolina,Memphis,ESPNU,later,54.0,70.52175067509467,both
2084,2025,11/15/25,Wake Forest,North Carolina,CW,later,402.0,383.05765531449345,both
2085,2025,11/15/25,Mississippi,Florida,ESPN,later,2501.0,2318.540616502726,both
2086,2025,11/15/25,Baylor,Utah,ESPN2,later,415.0,497.1248520219469,both
2087,2025,11/15/25,Washington,Purdue,FS1,later,457.0,432.1765926401072,both
2088,2025,11/15/25,Georgia,Texas,ABC,later,10432.0,8660.763878099566,both
2089,2025,11/15/25,Ohio St.,UCLA,NBC,later,3376.0,3122.0764494439163,both
2090,2025,11/15/25,Jacksonville St.,Kennesaw State,ESPNU,later,31.0,58.2550959815766,both
2091,2025,11/15/25,Washington St.,Louisiana Tech,CW,later,301.0,384.378370195289,both
2092,2025,11/15/25,BYU,TCU,ESPN,later,1563.0,1934.2794081331708,both
2093,2025,11/15/25,Fresno St.,Wyoming,FS1,later,121.0,228.53413486731728,both
2094,2025,11/21/25,North Carolina St.,Florida St.,ESPN,later,2127.0,2113.8089734267473,both
2095,2025,11/21/25,UNLV,Hawaii,FS1,later,259.0,327.72270626179574,both
2096,2025,11/22/25,Maryland,Michigan,BTN,later,1500.0,889.3249348733953,both
2097,2025,11/22/25,Oregon,USC,CBS,later,5428.0,5607.4198220096,both
2098,2025,11/22/25,Iowa,Michigan St.,FS1,later,1103.0,886.7561124776787,both
2099,2025,11/22/25,Ohio St.,Rutgers,FOX,later,4063.0,3677.9638325934425,both
2100,2025,11/22/25,SMU,Louisville,ESPN2,later,306.0,330.7273450311447,both
2101,2025,11/22/25,Iowa St.,Kansas,FS1,later,539.0,450.0403719531349,both
2102,2025,11/22/25,UCLA,Washington,NBC,later,1617.0,1838.2565081638973,both
2103,2025,11/22/25,Vanderbilt,Kentucky,ESPN,later,1144.0,844.0574944992536,both
2104,2025,11/22/25,San Diego St.,San Jose St.,FS1,later,120.0,203.45943255665094,both
2105,2025,11/22/25,Utah,Kansas St.,ESPN2,later,955.0,634.188727580418,both
2106,2025,11/22/25,Colorado,Arizona St.,ESPN2,later,1106.0,616.8916889254206,both
2107,2025,11/22/25,Temple,Tulane,ESPNU,later,26.0,62.40313858267089,both
2108,2025,11/22/25,Northwestern,Minnesota,BTN,later,421.0,456.47579980784184,both
2109,2025,11/22/25,Wisconsin,Illinois,BTN,later,979.0,772.7526799677025,both
2110,2025,11/22/25,Florida,Tennessee,ABC,later,4761.0,4395.542079026572,both
2111,2025,11/22/25,Georgia Tech,Pittsburgh,ESPN,later,2034.0,1418.0425437232352,both
2112,2025,11/22/25,Texas,Arkansas,ABC,later,5612.0,3400.5886382478507,both
2113,2025,11/22/25,Penn St.,Nebraska,NBC,later,3104.0,3407.5925470626544,both
2114,2025,11/22/25,Virginia Tech,Miami,ESPN,later,1942.0,1648.1971863358704,both
2115,2025,11/22/25,Boise St.,Colorado St.,FS1,later,299.0,309.3997280129763,both
2116,2025,11/22/25,Cincinnati,BYU,FOX,later,2598.0,2026.8492533792405,both
2117,2025,11/22/25,Houston,TCU,FOX,later,1300.0,1406.936435386041,both
2118,2025,11/22/25,Oklahoma,Missouri,ABC,later,5365.0,4602.2452502228525,both
2119,2025,11/22/25,Notre Dame,Syracuse,NBC,later,1887.0,2329.3785348089114,both
2120,2025,11/25/25,Eastern Michigan,Western Michigan,ESPN2,later,403.0,335.11576231380485,both
2121,2025,11/25/25,Massachusetts,Bowling Green,ESPNU,later,60.0,88.71482528817008,both
2122,2025,11/27/25,Memphis,Navy,ESPN,later,780.0,737.0933697328778,both
2123,2025,11/28/25,Nebraska,Iowa,CBS,later,3769.0,4555.039197145123,both
2124,2025,11/28/25,Mississippi St.,Mississippi,ABC,later,5232.0,4106.529379116078,both
2125,2025,11/28/25,Kansas,Utah,ESPN,later,1116.0,1496.2947287273746,both
2126,2025,11/28/25,Buffalo,Ohio,ESPNU,later,63.0,101.98046077073826,both
2127,2025,11/28/25,Colorado St.,Air Force,FS1,later,148.0,200.8371134289104,both
2128,2025,11/28/25,Georgia Tech,Georgia,ABC,later,8716.0,9398.53531623945,both
2129,2025,11/28/25,North Texas,Temple,ESPN,later,480.0,373.80837537243644,both
2130,2025,11/28/25,Utah St.,Boise St.,CBS,later,2008.0,1187.3631646626409,both
2131,2025,11/28/25,Texas,Texas A&M,ABC,later,13044.0,11322.035629275337,both
2132,2025,11/28/25,Purdue,Indiana,NBC,later,2685.0,1697.0487756235157,both
2133,2025,11/28/25,Arizona St.,Arizona,FOX,later,1824.0,2303.1438936308823,both
2134,2025,11/29/25,San Jose St.,Fresno St.,FS1,later,223.0,196.70128410017918,both
2135,2025,11/29/25,Illinois,Northwestern,FOX,later,1527.0,1254.2445928386453,both
2136,2025,11/29/25,Virginia,Virginia Tech,ESPN,later,1404.0,1422.1248587085172,both
2137,2025,11/29/25,Tulane,Charlotte,ESPNU,later,38.0,44.57652454459358,both
2138,2025,11/29/25,Pittsburgh,Miami,ABC,later,2217.0,2644.9684845196607,both
2139,2025,11/29/25,California,SMU,ESPN2,later,531.0,337.92620881976023,both
2140,2025,11/29/25,Washington,Oregon,CBS,later,4270.0,3706.4636016000386,both
2141,2025,11/29/25,Oklahoma,LSU,ABC,later,6385.0,5347.542026531163,both
2142,2025,11/29/25,Rutgers,Penn St.,BTN,later,950.0,610.460802743066,both
2143,2025,11/29/25,Kansas St.,Colorado,FS1,later,467.0,316.86428234682154,both
2144,2025,11/29/25,Florida,Florida St.,ESPN2,later,1761.0,1183.2950703668091,both
2145,2025,11/29/25,Oklahoma St.,Iowa St.,ESPNU,later,148.0,140.94859865137852,both
2146,2025,11/29/25,Coastal Carolina,James Madison,ESPNU,later,36.0,58.33479749380048,both
2147,2025,11/29/25,Tennessee,Vanderbilt,ESPN,later,4010.0,3469.65093929935,both
2148,2025,11/29/25,Minnesota,Wisconsin,FS1,later,1274.0,954.070060290047,both
2149,2025,11/29/25,Auburn,Alabama,ABC,later,11310.0,8924.774672788084,both
2150,2025,11/29/25,BYU,UCF,ESPN2,later,716.0,497.5017978319663,both
2151,2025,11/29/25,Syracuse,Boston College,CW,later,305.0,318.85816031106526,both
2152,2025,11/29/25,TCU,Cincinnati,FOX,later,2741.0,1354.259715092241,both
2153,2025,11/29/25,Stanford,Notre Dame,ESPN,later,1518.0,2636.0700178886364,both
2154,2025,11/29/25,USC,UCLA,NBC,later,2224.0,2127.982218115899,both
2155,2025,11/29/25,Michigan St.,Maryland,FS1,later,660.0,481.41518669640146,both
2156,2025,11/29/25,West Virginia,Texas Tech,ESPN,later,895.0,1399.4839646071734,both
2157,2025,11/29/25,Michigan,Ohio St.,FOX,later,18424.0,15636.491872539864,both
2158,2025,11/29/25,Washington St.,Oregon St.,CW,later,515.0,432.4944357485749,both
2159,2025,12/6/25,Indiana,Ohio St.,FOX,later,18332.0,11074.576895438215,both
2160,2025,12/6/25,Alabama,Georgia,ABC,later,16864.0,20056.455906666994,both
2161,2025,12/6/25,BYU,Texas Tech,ABC,later,8988.0,6145.992161263899,both
2162,2025,12/6/25,Duke,Virginia,ABC,later,3880.0,2210.9115307222132,both
2163,2025,12/5/25,North Texas,Tulane,ABC,later,2412.0,2400.1295739960487,both
2164,2025,12/5/25,UNLV,Boise St.,FOX,later,1516.0,1785.7172372911991,both
2165,2025,12/5/25,Troy,James Madison,ESPN,later,1146.0,773.3273112561941,both
2166,2025,12/6/25,Miami Ohio,Western Michigan,ESPN,later,1061.0,549.6899607614764,both
2167,2025,8/30/25,Utah,UCLA,FOX,Week1,1528.0,1468.2240644324231,both
1488,2021,8/28/21,Illinois,Nebraska,FOX,Week0,3217.0,4777.701159428351,past_selected
1489,2021,8/28/21,UCLA,Hawaii,ESPN,Week0,976.0,986.5225306554971,past_selected
1490,2021,9/1/21,Jacksonville St.,UAB,ESPN,Week1,841.0,842.622418764799,past_selected
1491,2021,9/2/21,UCF,Boise St.,ESPN,Week1,841.0,1125.8132487761698,past_selected
1492,2021,9/2/21,Appalachian St.,East Carolina,ESPNU,Week1,245.0,137.95919675314155,past_selected
1493,2021,9/2/21,Minnesota,Ohio St.,FOX,Week1,6295.0,5069.06606422012,past_selected
1494,2021,9/3/21,Virginia Tech,North Carolina,ESPN,Week1,2579.0,2138.352058313718,past_selected
1495,2021,9/3/21,Colorado St.,South Dakota State,FS1,Week1,199.0,260.23121418178715,past_selected
1496,2021,9/3/21,Northwestern,Michigan St.,ESPN,Week1,2101.0,1832.859896385342,past_selected
1497,2021,9/4/21,Oklahoma,Tulane,ABC,Week1,2526.0,1789.0805978343692,past_selected
1498,2021,9/4/21,Kansas St.,Stanford,FS1,Week1,312.0,565.228697264048,past_selected
1499,2021,9/4/21,Michigan,Western Michigan,ESPN,Week1,1623.0,1928.613819838958,past_selected
1500,2021,9/4/21,Wisconsin,Penn St.,FOX,Week1,5409.0,4044.273700317921,past_selected
1501,2021,9/4/21,Miami,Alabama,ABC,Week1,5674.0,4122.3074191750675,past_selected
1502,2021,9/4/21,Maryland,West Virginia,ESPN,Week1,1350.0,1175.3198952845103,past_selected
1503,2021,9/4/21,Iowa,Indiana,BTN,Week1,554.0,1173.037827371597,past_selected
1504,2021,9/4/21,Mississippi St.,Louisiana Tech,ESPNU,Week1,228.0,231.6943921561049,past_selected
1505,2021,9/4/21,Texas,Louisiana,FOX,Week1,2879.0,2626.9954363295074,past_selected
1506,2021,9/4/21,Purdue,Oregon St.,FS1,Week1,439.0,391.21142980444904,past_selected
1507,2021,9/4/21,Houston,Texas Tech,ESPN,Week1,831.0,1130.0418306824438,past_selected
1508,2021,9/4/21,Illinois,UTSA,BTN,Week1,211.0,529.9326886560298,past_selected
1509,2021,9/4/21,Clemson,Georgia,ABC,Week1,8863.0,6235.285224404599,past_selected
1510,2021,9/4/21,Texas A&M,Kent St.,ESPNU,Week1,285.0,322.42302238050354,past_selected
1511,2021,9/5/21,UCLA,LSU,FOX,Week1,3219.0,2922.4009488102383,past_selected
1512,2021,9/4/21,California,Nevada,FS1,Week1,255.0,257.958418344353,past_selected
1513,2021,9/4/21,Arizona,BYU,ESPN,Week1,933.0,1552.6279889235325,past_selected
1514,2021,9/5/21,Florida St.,Notre Dame,ABC,Week1,7751.0,7683.0254966749035,past_selected
1515,2021,9/6/21,Mississippi,Louisville,ESPN,Week1,3078.0,2154.9805110919883,past_selected
1516,2021,9/10/21,Coastal Carolina,Kansas,ESPN2,later,1299.0,861.7473557681378,past_selected
1517,2021,9/10/21,Boise St.,UTEP,FS1,later,347.0,697.9950872281013,past_selected
1518,2021,9/11/21,East Carolina,South Carolina,ESPN2,later,585.0,709.9031713188776,past_selected
1519,2021,9/11/21,Ohio St.,Oregon,FOX,later,7730.0,5929.404214435324,past_selected
1520,2021,9/11/21,Oklahoma St.,Tulsa,FS1,later,321.0,421.457191376236,past_selected
1521,2021,9/11/21,Tennessee,Pittsburgh,ESPN,later,1739.0,1954.5488899602092,past_selected
1522,2021,9/11/21,South Florida,Florida,ABC,later,1597.0,2063.4891607192867,past_selected
1523,2021,9/11/21,Penn St.,Ball St.,FS1,later,881.0,688.1505721415965,past_selected
1524,2021,9/11/21,Colorado,Texas A&M,FOX,later,4502.0,3109.2907815017056,past_selected
1525,2021,9/11/21,TCU,California,ESPNU,later,193.0,206.8284250639299,past_selected
1526,2021,9/11/21,Nebraska,Buffalo,BTN,later,626.0,641.7026710605652,past_selected
1527,2021,9/11/21,Georgia,UAB,ESPN2,later,1118.0,949.8050443939223,past_selected
1528,2021,9/11/21,Navy,Air Force,CBS,later,1076.0,743.0183148027023,past_selected
1529,2021,9/11/21,Iowa St.,Iowa,ABC,later,3890.0,5163.082819119461,past_selected
1530,2021,9/11/21,Mississippi St.,North Carolina St.,ESPN2,later,756.0,573.9563794488843,past_selected
1531,2021,9/11/21,Arkansas,Texas,ESPN,later,3356.0,2471.3433165979063,past_selected
1532,2021,9/11/21,Wisconsin,Eastern Michigan,FS1,later,557.0,682.3366735686398,past_selected
1533,2021,9/11/21,Miami,Appalachian St.,ESPNU,later,395.0,263.2003556613147,past_selected
1534,2021,9/11/21,Michigan,Washington,ABC,later,4748.0,4499.051347902372,past_selected
1535,2021,9/11/21,BYU,Utah,ESPN,later,1503.0,1644.658742854524,past_selected
1536,2021,9/11/21,Arizona St.,UNLV,ESPN2,later,407.0,480.8843720854753,past_selected
1537,2021,9/11/21,USC,Stanford,FOX,later,1441.0,1961.827588342318,past_selected
1538,2021,9/11/21,Oregon St.,Hawaii,FS1,later,204.0,499.585433328623,past_selected
1539,2021,9/16/21,Louisiana,Ohio,ESPN,later,698.0,721.9124354427929,past_selected
1540,2021,9/17/21,Louisville,UCF,ESPN,later,1881.0,1790.6558079868219,past_selected
1541,2021,9/17/21,Illinois,Maryland,FS1,later,690.0,521.8658430334062,past_selected
1542,2021,9/18/21,Miami,Michigan St.,ABC,later,2774.0,2118.446016577025,past_selected
1543,2021,9/18/21,Buffalo,Coastal Carolina,ESPN2,later,285.0,613.3385315476663,past_selected
1544,2021,9/18/21,Michigan,Northern Illinois,BTN,later,512.0,1037.4076372564123,past_selected
1545,2021,9/18/21,Oklahoma,Nebraska,FOX,later,4210.0,3507.879156736444,past_selected
1546,2021,9/18/21,Indiana,Cincinnati,ESPN,later,1681.0,1452.0782785849494,past_selected
1547,2021,9/18/21,West Virginia,Virginia Tech,FS1,later,932.0,591.3792567474584,past_selected
1548,2021,9/18/21,Notre Dame,Purdue,NBC,later,2584.0,1993.4976535889564,past_selected
1549,2021,9/18/21,Washington St.,USC,FOX,later,1583.0,2029.692256951565,past_selected
1550,2021,9/18/21,Florida,Alabama,CBS,later,7863.0,4444.72873452969,past_selected
1551,2021,9/18/21,Ohio St.,Tulsa,FS1,later,1831.0,1235.2068112270597,past_selected
1552,2021,9/18/21,Wake Forest,Florida St.,ESPN,later,689.0,1174.7083979828499,past_selected
1553,2021,9/18/21,Clemson,Georgia Tech,ABC,later,2101.0,2217.0659140070247,past_selected
1554,2021,9/18/21,Memphis,Mississippi St.,ESPN2,later,401.0,510.74340380873383,past_selected
1555,2021,9/18/21,Georgia,South Carolina,ESPN,later,2548.0,2727.3377862423176,past_selected
1556,2021,9/18/21,Penn St.,Auburn,ABC,later,7606.0,6089.855059898455,past_selected
1557,2021,9/18/21,Mississippi,Tulane,ESPN2,later,350.0,404.29106034539234,past_selected
1558,2021,9/18/21,Boise St.,Oklahoma St.,FS1,later,596.0,757.2895332489895,past_selected
1559,2021,9/18/21,BYU,Arizona St.,ESPN,later,1498.0,1852.667237353472,past_selected
1560,2021,9/18/21,Hawaii,San Jose St.,FS1,later,259.0,449.0216861099884,past_selected
1561,2021,9/23/21,Appalachian St.,Marshall,ESPN,later,1014.0,872.3853204062923,past_selected
1562,2021,9/24/21,Virginia,Wake Forest,ESPN2,later,1113.0,683.5785447457245,past_selected
1563,2021,9/25/21,Boston College,Missouri,ESPN2,later,404.0,461.9725538155974,past_selected
1564,2021,9/25/21,Mississippi St.,LSU,ESPN,later,1791.0,1824.3387062460008,past_selected
1565,2021,9/25/21,Texas,Texas Tech,ABC,later,1728.0,2634.898330812264,past_selected
1566,2021,9/25/21,TCU,SMU,FS1,later,186.0,365.6454202555998,past_selected
1567,2021,9/25/21,Wisconsin,Notre Dame,FOX,later,5369.0,3862.0565498932933,past_selected
1568,2021,9/25/21,Utah St.,Boise St.,CBS,later,804.0,1095.7178565422728,past_selected
1569,2021,9/25/21,North Carolina St.,Clemson,ESPN,later,2185.0,1248.239788339291,past_selected
1570,2021,9/25/21,Baylor,Iowa St.,FOX,later,2012.0,1394.4982832006103,past_selected
1571,2021,9/25/21,Michigan,Rutgers,ABC,later,2806.0,2900.160024778301,past_selected
1572,2021,9/25/21,Iowa,Colorado St.,FS1,later,513.0,534.9410884002328,past_selected
1573,2021,9/25/21,Arkansas,Texas A&M,CBS,later,4071.0,4717.444146967362,past_selected
1574,2021,9/25/21,Florida St.,Louisville,ESPN2,later,643.0,779.5730472226604,past_selected
1575,2021,9/25/21,South Carolina,Kentucky,ESPN2,later,941.0,1063.3313698321258,past_selected
1576,2021,9/25/21,Florida,Tennessee,ESPN,later,3282.0,2094.361149403084,past_selected
1577,2021,9/25/21,Michigan St.,Nebraska,FS1,later,1664.0,1209.5547631313038,past_selected
1578,2021,9/25/21,Ohio St.,Akron,BTN,later,1075.0,1473.594066515967,past_selected
1579,2021,9/25/21,Oklahoma,West Virginia,ABC,later,4502.0,3826.7178042749083,past_selected
1580,2021,9/25/21,BYU,South Florida,ESPN2,later,491.0,478.7190885123222,past_selected
1581,2021,9/25/21,Oregon,Arizona,ESPN,later,1656.0,2106.428645666834,past_selected
1582,2021,9/25/21,USC,Oregon St.,FS1,later,754.0,687.5619417385647,past_selected
1583,2021,9/25/21,Arizona St.,Colorado,ESPNU,later,170.0,314.61424456103316,past_selected
1584,2021,9/30/21,Miami,Virginia,ESPN,later,1408.0,1120.0331781601055,past_selected
1585,2021,10/1/21,Tulsa,Houston,ESPN,later,548.0,1047.101317706707,past_selected
1586,2021,10/1/21,Maryland,Iowa,FS1,later,1381.0,1050.203453461802,past_selected
1587,2021,10/2/21,Wisconsin,Michigan,FOX,later,4313.0,3826.864701771687,past_selected
1588,2021,10/2/21,Georgia,Arkansas,ESPN,later,3845.0,4781.009640779295,past_selected
1589,2021,10/2/21,TCU,Texas,ABC,later,2384.0,2477.4985506391768,past_selected
1590,2021,10/2/21,North Carolina,Duke,ESPN2,later,303.0,472.12356836960055,past_selected
1591,2021,10/2/21,Notre Dame,Cincinnati,NBC,later,3805.0,3639.7427155294213,past_selected
1592,2021,10/2/21,Stanford,Oregon,ABC,later,2641.0,2818.668213621563,past_selected
1593,2021,10/2/21,Kansas St.,Oklahoma,FOX,later,2616.0,2883.727366265687,past_selected
1594,2021,10/2/21,Alabama,Mississippi,CBS,later,4792.0,3418.308560473125,past_selected
1595,2021,10/2/21,Rutgers,Ohio St.,BTN,later,1190.0,1158.8378742248144,past_selected
1596,2021,10/2/21,West Virginia,Texas Tech,ESPN2,later,666.0,697.3202800991661,past_selected
1597,2021,10/2/21,Boise St.,Nevada,FS1,later,197.0,370.5566617393748,past_selected
1598,2021,10/2/21,Kentucky,Florida,ESPN,later,3063.0,2312.54030237504,past_selected
1599,2021,10/2/21,Iowa St.,Kansas,FS1,later,262.0,403.34677168854523,past_selected
1600,2021,10/2/21,Oklahoma St.,Baylor,ESPN2,later,995.0,1446.0855336884613,past_selected
1601,2021,10/2/21,Penn St.,Indiana,ABC,later,3996.0,3205.537444874945,past_selected
1602,2021,10/2/21,LSU,Auburn,ESPN,later,3791.0,2898.304941566989,past_selected
1603,2021,10/2/21,UCLA,Arizona St.,FS1,later,673.0,468.0166357948827,past_selected
1604,2021,10/7/21,Tulane,Houston,ESPN,later,464.0,466.36210199065476,past_selected
1605,2021,10/8/21,Cincinnati,Temple,ESPN,later,1111.0,1828.526370797531,past_selected
1606,2021,10/8/21,Arizona St.,Stanford,ESPN,later,1134.0,1393.7353281482992,past_selected
1607,2021,10/9/21,Tennessee,South Carolina,ESPN2,later,795.0,1148.6853477699178,past_selected
1608,2021,10/9/21,Ohio St.,Maryland,FOX,later,2788.0,3385.851986257488,past_selected
1609,2021,10/9/21,Rutgers,Michigan St.,BTN,later,642.0,646.9935821977632,past_selected
1610,2021,10/9/21,Texas,Oklahoma,ABC,later,5940.0,6271.656327849781,past_selected
1611,2021,10/9/21,Mississippi,Arkansas,ESPN,later,2230.0,2109.0547861015402,past_selected
1612,2021,10/9/21,Baylor,West Virginia,FS1,later,456.0,391.23546584496205,past_selected
1613,2021,10/9/21,Illinois,Wisconsin,BTN,later,416.0,567.3102475124497,past_selected
1614,2021,10/9/21,Syracuse,Wake Forest,ESPN2,later,509.0,405.5257487302739,past_selected
1615,2021,10/9/21,North Carolina,Florida St.,ESPN,later,1073.0,1037.1361474052044,past_selected
1616,2021,10/9/21,BYU,Boise St.,ABC,later,2244.0,2010.199581727478,past_selected
1617,2021,10/9/21,Auburn,Georgia,CBS,later,4581.0,5286.509591337049,past_selected
1618,2021,10/9/21,Iowa,Penn St.,FOX,later,6904.0,6913.687441501077,past_selected
1619,2021,10/9/21,Texas Tech,TCU,ESPN,later,625.0,1025.804041461267,past_selected
1620,2021,10/9/21,Nebraska,Michigan,ABC,later,4629.0,6276.066235841819,past_selected
1621,2021,10/9/21,Texas A&M,Alabama,CBS,later,8334.0,3686.647807866712,past_selected
1622,2021,10/9/21,USC,Utah,FOX,later,1376.0,1784.4807932451854,past_selected
1623,2021,10/9/21,Nevada,New Mexico St.,ESPN,later,799.0,600.7457429106472,past_selected
1624,2021,10/12/21,Louisiana,Appalachian St.,ESPN2,later,428.0,462.6176568696551,past_selected
1625,2021,10/14/21,Memphis,Navy,ESPN,later,514.0,507.0587703768032,past_selected
1626,2021,10/15/21,Syracuse,Clemson,ESPN,later,2115.0,1510.8967059060142,past_selected
1627,2021,10/15/21,Oregon,California,ESPN,later,1446.0,1593.222515858245,past_selected
1628,2021,10/16/21,Cincinnati,UCF,ABC,later,1374.0,2142.7247132840002,past_selected
1629,2021,10/16/21,LSU,Florida,ESPN,later,2926.0,1974.031508324784,past_selected
1630,2021,10/16/21,Arkansas,Auburn,CBS,later,2404.0,2293.0871639578804,past_selected
1631,2021,10/16/21,Northwestern,Rutgers,BTN,later,204.0,342.4237062346465,past_selected
1632,2021,10/16/21,Minnesota,Nebraska,ESPN2,later,1062.0,674.0489458215303,past_selected
1633,2021,10/16/21,Texas,Oklahoma St.,FOX,later,3129.0,5600.318886807401,past_selected
1634,2021,10/16/21,Indiana,Michigan St.,FS1,later,1276.0,639.1841367482363,past_selected
1635,2021,10/16/21,Georgia,Kentucky,CBS,later,6369.0,6140.872066312701,past_selected
1636,2021,10/16/21,Iowa,Purdue,ABC,later,3446.0,4486.632469201437,past_selected
1637,2021,10/16/21,Virginia Tech,Pittsburgh,ESPN2,later,640.0,658.8924858743358,past_selected
1638,2021,10/16/21,Baylor,BYU,ESPN,later,1440.0,1188.7989585076593,past_selected
1639,2021,10/16/21,Mississippi St.,Alabama,ESPN,later,3526.0,2403.6253137133667,past_selected
1640,2021,10/16/21,Washington St.,Stanford,ESPNU,later,210.0,242.44460478635187,past_selected
1641,2021,10/16/21,Oklahoma,TCU,ABC,later,3434.0,3843.517928727989,past_selected
1642,2021,10/16/21,Kansas St.,Iowa St.,ESPN2,later,608.0,588.5293205240619,past_selected
1643,2021,10/16/21,Wisconsin,Army,BTN,later,639.0,561.0624007841195,past_selected
1644,2021,10/16/21,Washington,UCLA,FOX,later,1532.0,1583.234507467944,past_selected
1645,2021,10/16/21,Boise St.,Air Force,FS1,later,289.0,526.6189676116358,past_selected
1646,2021,10/16/21,Utah,Arizona St.,ESPN,later,1393.0,1167.8186678451252,past_selected
1647,2021,10/20/21,Appalachian St.,Coastal Carolina,ESPN2,later,804.0,565.0543496509566,past_selected
1648,2021,10/21/21,SMU,Tulane,ESPN,later,392.0,596.0526321616767,past_selected
1649,2021,10/22/21,UCF,Memphis,ESPN2,later,793.0,850.503841958295,past_selected
1650,2021,10/22/21,Arizona,Washington,ESPN2,later,660.0,731.3413177623391,past_selected
1651,2021,10/23/21,Texas Tech,Kansas St.,FS1,later,359.0,468.00679216687564,past_selected
1652,2021,10/23/21,Penn St.,Illinois,ABC,later,3765.0,2669.853647888787,past_selected
1653,2021,10/23/21,Michigan,Northwestern,FOX,later,3235.0,3040.0279319256692,past_selected
1654,2021,10/23/21,Kansas,Oklahoma,ESPN,later,2645.0,1340.1056340559464,past_selected
1655,2021,10/23/21,Navy,Cincinnati,ESPN2,later,769.0,550.7732763498495,past_selected
1656,2021,10/23/21,Purdue,Wisconsin,BTN,later,734.0,773.7215502404706,past_selected
1657,2021,10/23/21,Minnesota,Maryland,ESPN2,later,533.0,475.9569349967304,past_selected
1658,2021,10/23/21,Mississippi,LSU,CBS,later,3109.0,2363.048436880212,past_selected
1659,2021,10/23/21,Washington St.,BYU,FS1,later,466.0,473.7175993579358,past_selected
1660,2021,10/23/21,UCLA,Oregon,ABC,later,3845.0,2947.0224547882585,past_selected
1661,2021,10/23/21,Iowa St.,Oklahoma St.,FOX,later,2659.0,2741.429225156927,past_selected
1662,2021,10/23/21,Pittsburgh,Clemson,ESPN,later,2162.0,1562.7806579731482,past_selected
1663,2021,10/23/21,Fresno St.,Nevada,FS1,later,233.0,288.1425006147374,past_selected
1664,2021,10/23/21,Alabama,Tennessee,ESPN,later,4679.0,3572.207451690169,past_selected
1665,2021,10/23/21,Indiana,Ohio St.,ABC,later,3347.0,3437.606414828246,past_selected
1666,2021,10/23/21,Notre Dame,USC,NBC,later,2868.0,2265.8589953146106,past_selected
1667,2021,10/23/21,TCU,West Virginia,ESPNU,later,369.0,225.9151565011607,past_selected
1668,2021,10/23/21,Miami,North Carolina St.,ESPN2,later,675.0,414.4528455933672,past_selected
1669,2021,10/28/21,Coastal Carolina,Troy,ESPN2,later,290.0,575.9317584256928,past_selected
1670,2021,10/28/21,East Carolina,South Florida,ESPN,later,395.0,599.0572488799522,past_selected
1671,2021,10/29/21,Tulsa,Navy,ESPN2,later,684.0,663.9145887508641,past_selected
1672,2021,10/30/21,Michigan St.,Michigan,FOX,later,9289.0,7762.899485940598,past_selected
1673,2021,10/30/21,Wisconsin,Iowa,ESPN,later,1828.0,2121.9820672587957,past_selected
1674,2021,10/30/21,Baylor,Texas,ABC,later,2395.0,1991.3375416994952,past_selected
1675,2021,10/30/21,Tulane,Cincinnati,ESPN2,later,580.0,369.23573566298387,past_selected
1676,2021,10/30/21,Arizona St.,Washington St.,FS1,later,337.0,551.4988490168719,past_selected
1677,2021,10/30/21,Clemson,Florida St.,ESPN,later,1883.0,1282.9217762014505,past_selected
1678,2021,10/30/21,Oregon,Colorado,FOX,later,2673.0,2495.611561987908,past_selected
1679,2021,10/30/21,Nebraska,Purdue,ESPN2,later,1295.0,730.7238878722758,past_selected
1680,2021,10/30/21,Northwestern,Minnesota,BTN,later,401.0,381.1373100726039,past_selected
1681,2021,10/30/21,Oklahoma,Texas Tech,ABC,later,2370.0,2969.2714325124025,past_selected
1682,2021,10/30/21,Florida,Georgia,CBS,later,6120.0,3405.176262524937,past_selected
1683,2021,10/30/21,Auburn,Mississippi,ESPN,later,2525.0,3133.8576865663754,past_selected
1684,2021,10/30/21,Oklahoma St.,Kansas,FS1,later,344.0,489.8412909806358,past_selected
1685,2021,10/30/21,Houston,SMU,ESPN2,later,332.0,538.0195998310132,past_selected
1686,2021,10/30/21,Notre Dame,North Carolina,NBC,later,2346.0,1697.2901767080411,past_selected
1687,2021,10/30/21,Ohio St.,Penn St.,ABC,later,7051.0,7837.206445746982,past_selected
1688,2021,10/30/21,Utah,UCLA,ESPN,later,829.0,1024.6416751970073,past_selected
1689,2021,10/30/21,BYU,Virginia,ESPN2,later,678.0,578.8146314541023,past_selected
1690,2021,10/30/21,Stanford,Washington,FS1,later,402.0,465.0141249336349,past_selected
1691,2021,11/2/21,Toledo,Eastern Michigan,ESPN2,later,180.0,301.6433892013738,past_selected
1692,2021,11/3/21,Kent St.,Northern Illinois,ESPN2,later,454.0,355.93276501038395,past_selected
1693,2021,11/4/21,Louisiana,Georgia St.,ESPN,later,620.0,731.4939997254132,past_selected
1694,2021,11/5/21,Boston College,Virginia Tech,ESPN2,later,1215.0,703.6362778066264,past_selected
1695,2021,11/5/21,Stanford,Utah,FS1,later,452.0,450.4164151673473,past_selected
1696,2021,11/6/21,Air Force,Army,CBS,later,1444.0,835.9994591190093,past_selected
1697,2021,11/6/21,North Carolina,Wake Forest,ABC,later,2200.0,1844.1401405636695,past_selected
1698,2021,11/6/21,Minnesota,Illinois,ESPN2,later,595.0,443.8708372481295,past_selected
1699,2021,11/6/21,Nebraska,Ohio St.,FOX,later,5328.0,4484.275115337117,past_selected
1700,2021,11/6/21,Georgia,Missouri,ESPN,later,2186.0,2074.697111308495,past_selected
1701,2021,11/6/21,Kansas,Kansas St.,FS1,later,344.0,157.27574671738796,past_selected
1702,2021,11/6/21,Maryland,Penn St.,FS1,later,936.0,721.0761028533515,past_selected
1703,2021,11/6/21,West Virginia,Oklahoma St.,ESPN,later,1140.0,1179.889660294582,past_selected
1704,2021,11/6/21,Texas A&M,Auburn,CBS,later,3759.0,3698.9151053175538,past_selected
1705,2021,11/6/21,Notre Dame,Navy,NBC,later,1863.0,1424.1475586752056,past_selected
1706,2021,11/6/21,TCU,Baylor,FOX,later,1807.0,1306.1765063781215,past_selected
1707,2021,11/6/21,Cincinnati,Tulsa,ESPN2,later,796.0,621.036816477307,past_selected
1708,2021,11/6/21,Purdue,Michigan St.,ABC,later,4400.0,4413.49388000844,past_selected
1709,2021,11/6/21,Rutgers,Wisconsin,BTN,later,433.0,495.6794991986128,past_selected
1710,2021,11/6/21,Northwestern,Iowa,BTN,later,552.0,523.6432641476845,past_selected
1711,2021,11/6/21,Alabama,LSU,ESPN,later,5000.0,5572.979557734684,past_selected
1712,2021,11/6/21,Kentucky,Tennessee,ESPN2,later,1478.0,1015.2008056903727,past_selected
1713,2021,11/6/21,Iowa St.,Texas,FS1,later,907.0,722.573019673592,past_selected
1714,2021,11/6/21,Michigan,Indiana,FOX,later,2683.0,3541.9940250686413,past_selected
1715,2021,11/6/21,Washington,Oregon,ABC,later,2726.0,3027.5624084603305,past_selected
1716,2021,11/6/21,UTEP,UTSA,ESPN2,later,412.0,457.1899845488907,past_selected
1717,2021,11/6/21,Arizona St.,USC,ESPN,later,1608.0,1419.5367443348573,past_selected
1718,2021,11/6/21,Hawaii,San Diego St.,FS1,later,226.0,336.1272899218311,past_selected
1719,2021,11/9/21,Eastern Michigan,Ohio,ESPN2,later,294.0,350.429245375014,past_selected
1720,2021,11/10/21,Northern Illinois,Ball St.,ESPN2,later,470.0,394.9996708117925,past_selected
1721,2021,11/10/21,Central Michigan,Kent St.,ESPNU,later,155.0,196.46563016911483,past_selected
1722,2021,11/11/21,Pittsburgh,North Carolina,ESPN,later,1213.0,1159.6052396671928,past_selected
1723,2021,11/12/21,South Florida,Cincinnati,ESPN2,later,1157.0,1243.0963460855312,past_selected
1724,2021,11/12/21,Boise St.,Wyoming,FS1,later,454.0,626.4393929798381,past_selected
1725,2021,11/13/21,Penn St.,Michigan,ABC,later,5942.0,7867.12104395554,past_selected
1726,2021,11/13/21,Wisconsin,Northwestern,ESPN2,later,667.0,536.1766093671978,past_selected
1727,2021,11/13/21,Indiana,Rutgers,BTN,later,180.0,282.33953260492336,past_selected
1728,2021,11/13/21,Auburn,Mississippi St.,ESPN,later,1529.0,1574.2077372341876,past_selected
1729,2021,11/13/21,Baylor,Oklahoma,FOX,later,3719.0,3644.931495721907,past_selected
1730,2021,11/13/21,Kansas St.,West Virginia,FS1,later,476.0,394.8213397505085,past_selected
1731,2021,11/13/21,Ohio St.,Purdue,ABC,later,4739.0,4927.97148856302,past_selected
1732,2021,11/13/21,Florida St.,Miami,ESPN,later,1534.0,1023.5889724735673,past_selected
1733,2021,11/13/21,Tennessee,Georgia,CBS,later,5781.0,4407.422434818175,past_selected
1734,2021,11/13/21,Iowa,Minnesota,BTN,later,980.0,607.9988162852637,past_selected
1735,2021,11/13/21,Texas Tech,Iowa St.,ESPN2,later,676.0,505.29035602776094,past_selected
1736,2021,11/13/21,Michigan St.,Maryland,FOX,later,2204.0,2560.9215033229802,past_selected
1737,2021,11/13/21,Mississippi,Texas A&M,ESPN,later,3531.0,2553.691065138285,past_selected
1738,2021,11/13/21,Washington,Arizona St.,FS1,later,538.0,561.4641802800504,past_selected
1739,2021,11/13/21,Vanderbilt,Kentucky,ESPN2,later,446.0,486.0543737875258,past_selected
1740,2021,11/13/21,Texas,Kansas,ESPNU,later,487.0,236.51111171948713,past_selected
1741,2021,11/13/21,Virginia,Notre Dame,ABC,later,3278.0,4408.751321053479,past_selected
1742,2021,11/13/21,Oklahoma St.,TCU,FOX,later,1373.0,2411.7279083236813,past_selected
1743,2021,11/13/21,San Jose St.,Utah St.,FS1,later,144.0,287.89282590753965,past_selected
1744,2021,11/13/21,Oregon,Washington St.,ESPN,later,1991.0,2107.8785382609963,past_selected
1745,2021,11/16/21,Eastern Michigan,Western Michigan,ESPN2,later,428.0,334.56155782283423,past_selected
1746,2021,11/17/21,Buffalo,Northern Illinois,ESPN2,later,516.0,409.0738394681978,past_selected
1747,2021,11/18/21,Duke,Louisville,ESPN,later,466.0,958.5912353412602,past_selected
1748,2021,11/19/21,Nevada,Air Force,FS1,later,245.0,539.9939505961038,past_selected
1749,2021,11/19/21,Houston,Memphis,ESPN2,later,611.0,525.4001952908761,past_selected
1750,2021,11/20/21,Ohio St.,Michigan St.,ABC,later,5287.0,8192.954573148396,past_selected
1751,2021,11/20/21,Clemson,Wake Forest,ESPN,later,1553.0,1105.9297409862802,past_selected
1752,2021,11/20/21,Oklahoma,Iowa St.,FOX,later,3103.0,2001.692549497327,past_selected
1753,2021,11/20/21,West Virginia,Texas,ESPN2,later,1005.0,825.1934236681085,past_selected
1754,2021,11/20/21,Iowa,Illinois,FS1,later,677.0,503.6395104855041,past_selected
1755,2021,11/20/21,Notre Dame,Georgia Tech,NBC,later,1455.0,1453.2888448642016,past_selected
1756,2021,11/20/21,Alabama,Arkansas,CBS,later,5464.0,4093.377955992779,past_selected
1757,2021,11/20/21,Pittsburgh,Virginia,ESPN2,later,851.0,702.6620195250482,past_selected
1758,2021,11/20/21,Wisconsin,Nebraska,ABC,later,3534.0,2839.5660175606113,past_selected
1759,2021,11/20/21,Cincinnati,SMU,ESPN,later,938.0,1682.5242838394188,past_selected
1760,2021,11/20/21,USC,UCLA,FOX,later,1836.0,1749.8035510365285,past_selected
1761,2021,11/20/21,Kansas St.,Baylor,FS1,later,665.0,693.2065808058707,past_selected
1762,2021,11/20/21,South Carolina,Auburn,ESPN,later,2033.0,1758.2330122163662,past_selected
1763,2021,11/20/21,Tennessee,South Alabama,ESPNU,later,307.0,365.1494319472341,past_selected
1764,2021,11/20/21,Utah,Oregon,ABC,later,4818.0,4258.7685641842445,past_selected
1765,2021,11/20/21,Texas Tech,Oklahoma St.,FOX,later,1911.0,2665.642347757519,past_selected
1766,2021,11/20/21,Boise St.,New Mexico,FS1,later,165.0,376.3587764862466,past_selected
1767,2021,11/20/21,LSU,Louisiana Monroe,ESPN2,later,598.0,724.3257094921072,past_selected
1768,2021,11/20/21,Oregon St.,Arizona St.,ESPN,later,1114.0,859.2483519081428,past_selected
1769,2021,11/25/21,San Jose St.,Fresno St.,FS1,later,309.0,211.09140776401676,past_selected
1770,2021,11/25/21,Mississippi St.,Mississippi,ESPN,later,2060.0,1991.2065307683324,past_selected
1771,2021,11/26/21,San Diego St.,Boise St.,CBS,later,1950.0,1473.0940190346614,past_selected
1772,2021,11/26/21,Texas,Kansas St.,FOX,later,2861.0,3346.674950507805,past_selected
1773,2021,11/26/21,New Mexico,Utah St.,FS1,later,139.0,391.8853489336056,past_selected
1774,2021,11/26/21,Nebraska,Iowa,BTN,later,1945.0,1349.2602689423466,past_selected
1775,2021,11/26/21,East Carolina,Cincinnati,ABC,later,2392.0,3502.785035012671,past_selected
1776,2021,11/26/21,Arkansas,Missouri,CBS,later,2956.0,2023.3734339158566,past_selected
1777,2021,11/26/21,UCF,South Florida,ESPN,later,711.0,894.1718178837498,past_selected
1778,2021,11/26/21,Utah,Colorado,FOX,later,1554.0,2493.7214421012914,past_selected
1779,2021,11/26/21,Iowa St.,TCU,FS1,later,518.0,593.602310067175,past_selected
1780,2021,11/26/21,North Carolina St.,North Carolina,ESPN,later,2681.0,1323.332320345393,past_selected
1781,2021,11/26/21,Washington,Washington St.,FS1,later,1210.0,971.4362108347188,past_selected
1782,2021,11/27/21,Florida,Florida St.,ESPN,later,1629.0,1362.0929689611667,past_selected
1783,2021,11/27/21,Georgia Tech,Georgia,ABC,later,1947.0,1933.9895985064395,past_selected
1784,2021,11/27/21,Baylor,Texas Tech,FS1,later,412.0,490.8356488401578,past_selected
1785,2021,11/27/21,Rutgers,Maryland,BTN,later,158.0,285.1121833491504,past_selected
1786,2021,11/27/21,Michigan,Ohio St.,FOX,later,15893.0,13984.751294539543,past_selected
1787,2021,11/27/21,Boston College,Wake Forest,ESPN2,later,247.0,302.134800223782,past_selected
1788,2021,11/27/21,Oregon,Oregon St.,ESPN,later,1337.0,1492.4987584716107,past_selected
1789,2021,11/27/21,Auburn,Alabama,CBS,later,10369.0,7762.956114713977,past_selected
1790,2021,11/27/21,Purdue,Indiana,FS1,later,484.0,328.9842742554124,past_selected
1791,2021,11/27/21,Michigan St.,Penn St.,ABC,later,3893.0,3304.4073616720043,past_selected
1792,2021,11/27/21,Illinois,Northwestern,BTN,later,139.0,287.67665956536405,past_selected
1793,2021,11/27/21,SMU,Tulsa,ESPN2,later,119.0,322.28309130373214,past_selected
1794,2021,11/27/21,Minnesota,Wisconsin,FOX,later,5049.0,2702.2265578567963,past_selected
1795,2021,11/27/21,Kansas,West Virginia,FS1,later,485.0,316.5224946863414,past_selected
1796,2021,11/27/21,LSU,Texas A&M,ESPN,later,2351.0,1881.470633032949,past_selected
1797,2021,11/27/21,Louisville,Kentucky,ESPN2,later,700.0,634.2373443416843,past_selected
1798,2021,11/27/21,Oklahoma St.,Oklahoma,ABC,later,6486.0,9718.356117338933,past_selected
1799,2021,11/27/21,Stanford,Notre Dame,FOX,later,2743.0,2508.3510587093947,past_selected
1800,2021,11/27/21,UCLA,California,FS1,later,386.0,345.2956181876085,past_selected
1801,2021,11/27/21,USC,BYU,ESPN,later,1458.0,1385.1640098897128,past_selected
1802,2021,12/3/21,Utah,Oregon,ABC,later,4247.0,5089.37550736909,past_selected
1803,2021,12/4/21,Oklahoma St.,Baylor,ABC,later,8021.0,8523.567060779791,past_selected
1804,2021,12/4/21,Northern Illinois,Kent St.,ESPN,later,867.0,679.7339404940478,past_selected
1805,2021,12/4/21,San Diego St.,Utah St.,FOX,later,816.0,1408.1380128691242,past_selected
1806,2021,12/4/21,Louisiana,Appalachian St.,ESPN,later,440.0,1064.912332940851,past_selected
1807,2021,12/4/21,Cincinnati,Houston,ABC,later,3415.0,4472.216748458204,past_selected
1808,2021,12/4/21,Alabama,Georgia,CBS,later,15277.0,6365.883587201835,past_selected
1809,2021,12/4/21,Iowa,Michigan,FOX,later,11658.0,8692.509354901267,past_selected
1810,2021,12/4/21,Wake Forest,Pittsburgh,ABC,later,2661.0,2867.012339883594,past_selected
1811,2021,12/4/21,California,USC,FS1,later,390.0,531.9922482042183,past_selected
1812,2021,12/11/21,Army,Navy,CBS,later,7570.0,1150.6764966941641,past_selected
1145,2022,8/27/22,Northwestern,Nebraska,FOX,Week0,4420.0,3588.240523170398,past_selected
1146,2022,8/27/22,Illinois,Wyoming,BTN,Week0,512.0,445.0526495737005,past_selected
1147,2022,8/27/22,Utah St.,Connecticut,FS1,Week0,517.0,263.7729253437584,past_selected
1148,2022,8/27/22,New Mexico St.,Nevada,ESPN2,Week0,304.0,297.06923217441204,past_selected
1149,2022,9/1/22,Oklahoma St.,Central Michigan,FS1,Week1,402.0,373.0419829198537,past_selected
1150,2022,9/1/22,Pittsburgh,West Virginia,ESPN,Week1,3150.0,1846.0154528616565,past_selected
1151,2022,9/1/22,Missouri,Louisiana Tech,ESPNU,Week1,122.0,182.926856299202,past_selected
1152,2022,9/1/22,Purdue,Penn St.,FOX,Week1,3510.0,5927.388590569151,past_selected
1153,2022,9/1/22,Minnesota,New Mexico St.,BTN,Week1,241.0,295.7894802557096,past_selected
1154,2022,9/1/22,Fresno St.,Cal Poly,FS1,Week1,167.0,223.97013734033402,past_selected
1155,2022,9/2/22,Michigan St.,Western Michigan,ESPN2,Week1,1350.0,1491.8725500307442,past_selected
1156,2022,9/2/22,Old Dominion,Virginia Tech,ESPNU,Week1,334.0,386.33208874259753,past_selected
1157,2022,9/2/22,Indiana,Illinois,FS1,Week1,965.0,694.5583448117909,past_selected
1158,2022,9/2/22,Colorado,TCU,ESPN,Week1,1250.0,1962.879057925719,past_selected
1159,2022,9/3/22,Iowa,South Dakota State,FS1,Week1,1010.0,460.73941901897035,past_selected
1160,2022,9/3/22,Appalachian St.,North Carolina,ESPNU,Week1,520.0,306.5148245171506,past_selected
1161,2022,9/3/22,Maryland,Buffalo,BTN,Week1,181.0,313.23802163265805,past_selected
1162,2022,9/3/22,Michigan,Colorado St.,ABC,Week1,3930.0,2666.6989796068992,past_selected
1163,2022,9/3/22,East Carolina,North Carolina St.,ESPN,Week1,2030.0,951.0350557029847,past_selected
1164,2022,9/3/22,Wyoming,Tulsa,FS1,Week1,361.0,334.71118859074636,past_selected
1165,2022,9/3/22,Nebraska,North Dakota,BTN,Week1,889.0,480.5965706626632,past_selected
1166,2022,9/3/22,Arkansas,Cincinnati,ESPN,Week1,2900.0,1949.4760115659697,past_selected
1167,2022,9/3/22,San Diego St.,Arizona,CBS,Week1,921.0,1163.4807284051367,past_selected
1168,2022,9/3/22,Georgia,Oregon,ABC,Week1,6200.0,6362.034040654587,past_selected
1169,2022,9/3/22,Oklahoma,UTEP,FOX,Week1,1220.0,2053.362237070904,past_selected
1170,2022,9/3/22,Wisconsin,Illinois State,FS1,Week1,498.0,434.6364159988434,past_selected
1171,2022,9/3/22,Florida,Utah,ESPN,Week1,2950.0,1930.8314005927984,past_selected
1172,2022,9/3/22,Ohio St.,Notre Dame,ABC,Week1,10530.0,13669.060215872909,past_selected
1173,2022,9/3/22,Washington,Kent St.,FS1,Week1,319.0,521.4286019784184,past_selected
1174,2022,9/3/22,Oregon St.,Boise St.,ESPN,Week1,1250.0,1187.221256188423,past_selected
1175,2022,9/4/22,Florida St.,LSU,ABC,Week1,7550.0,8542.758639960828,past_selected
1176,2022,9/5/22,Georgia Tech,Clemson,ESPN,Week1,4860.0,3736.687637252401,past_selected
1177,2022,9/9/22,UCF,Louisville,ESPN2,later,1850.0,966.2509467778716,past_selected
1178,2022,9/10/22,Arkansas,South Carolina,ESPN,later,1520.0,1724.7562316809126,past_selected
1179,2022,9/10/22,Kansas St.,Missouri,ESPN2,later,490.0,593.969505020319,past_selected
1180,2022,9/10/22,Northwestern,Duke,FS1,later,160.0,336.5763434074322,past_selected
1181,2022,9/10/22,Texas,Alabama,FOX,later,10600.0,8001.1179744354195,past_selected
1182,2022,9/10/22,Penn St.,Ohio,ABC,later,1550.0,1724.932887823496,past_selected
1183,2022,9/10/22,Notre Dame,Marshall,NBC,later,2480.0,2184.448767144081,past_selected
1184,2022,9/10/22,Wisconsin,Washington St.,FOX,later,3920.0,2432.815832205747,past_selected
1185,2022,9/10/22,Air Force,Colorado,CBS,later,808.0,1084.305826524569,past_selected
1186,2022,9/10/22,Texas A&M,Appalachian St.,ESPN2,later,1770.0,1076.0304545336571,past_selected
1187,2022,9/10/22,Pittsburgh,Tennessee,ABC,later,4460.0,4258.850589404647,past_selected
1188,2022,9/10/22,Illinois,Virginia,ESPNU,later,159.0,376.9836705588192,past_selected
1189,2022,9/10/22,Texas Tech,Houston,FS1,later,633.0,489.6706424833906,past_selected
1190,2022,9/10/22,Florida,Kentucky,ESPN,later,4330.0,3586.313854135918,past_selected
1191,2022,9/10/22,Auburn,San Jose St.,ESPNU,later,364.0,331.58400526312596,past_selected
1192,2022,9/10/22,Oklahoma St.,Arizona St.,ESPN2,later,1020.0,921.8461069371297,past_selected
1193,2022,9/10/22,Stanford,USC,ABC,later,2960.0,3174.929062898985,past_selected
1194,2022,9/10/22,Nebraska,Georgia Southern,FS1,later,1240.0,647.6226823876755,past_selected
1195,2022,9/10/22,BYU,Baylor,ESPN,later,2370.0,2222.4480573696333,past_selected
1196,2022,9/10/22,Arizona,Mississippi St.,FS1,later,471.0,557.629557879,past_selected
1197,2022,9/16/22,Louisville,Florida St.,ESPN,later,2750.0,1936.6598832755421,past_selected
1198,2022,9/17/22,Nebraska,Oklahoma,FOX,later,3410.0,5770.461678386161,past_selected
1199,2022,9/17/22,South Carolina,Georgia,ESPN,later,3000.0,2904.563696758357,past_selected
1200,2022,9/17/22,Baylor,Texas St.,FS1,later,221.0,315.4948240201069,past_selected
1201,2022,9/17/22,Miami Ohio,Cincinnati,ESPNU,later,185.0,202.79293234654762,past_selected
1202,2022,9/17/22,Michigan,Connecticut,ABC,later,2030.0,2349.2389097434834,past_selected
1203,2022,9/17/22,Syracuse,Purdue,ESPN2,later,1210.0,655.2094781717768,past_selected
1204,2022,9/17/22,Notre Dame,California,NBC,later,2910.0,1624.0326220878328,past_selected
1205,2022,9/17/22,Minnesota,Colorado,ESPN2,later,690.0,799.9621744808901,past_selected
1206,2022,9/17/22,Georgia Tech,Mississippi,ABC,later,1390.0,1726.6144278261172,past_selected
1207,2022,9/17/22,Auburn,Penn St.,CBS,later,4050.0,4358.158169963507,past_selected
1208,2022,9/17/22,Wisconsin,New Mexico St.,BTN,later,426.0,390.1963313469061,past_selected
1209,2022,9/17/22,Oregon,BYU,FOX,later,2580.0,3084.0187759503265,past_selected
1210,2022,9/17/22,Boise St.,UT Martin,FS1,later,214.0,316.56971384841,past_selected
1211,2022,9/17/22,Houston,Kansas,ESPNU,later,225.0,229.42160228975155,past_selected
1212,2022,9/17/22,Bowling Green,Marshall,NFLN,later,169.0,68.8661552870969,past_selected
1213,2022,9/17/22,LSU,Mississippi St.,ESPN,later,3060.0,2320.9500164557385,past_selected
1214,2022,9/17/22,North Carolina St.,Texas Tech,ESPN2,later,747.0,674.8857837858161,past_selected
1215,2022,9/17/22,Ohio St.,Toledo,FOX,later,3050.0,2328.824643625515,past_selected
1216,2022,9/17/22,Iowa,Nevada,BTN,later,348.0,417.95635672547485,past_selected
1217,2022,9/17/22,Western Michigan,Pittsburgh,ESPNU,later,195.0,254.9748372161133,past_selected
1218,2022,9/17/22,Maryland,SMU,FS1,later,257.0,336.4901589111922,past_selected
1219,2022,9/17/22,Washington,Michigan St.,ABC,later,2790.0,3371.4854778215117,past_selected
1220,2022,9/17/22,Texas A&M,Miami,ESPN,later,3400.0,2466.033994551186,past_selected
1221,2022,9/17/22,Utah,San Diego St.,ESPN2,later,326.0,512.599218057717,past_selected
1222,2022,9/17/22,USC,Fresno St.,FOX,later,1620.0,1618.9707901923487,past_selected
1223,2022,9/17/22,Arizona,North Dakota State,FS1,later,335.0,350.4373705579891,past_selected
1224,2022,9/22/22,Georgia St.,Coastal Carolina,ESPN2,later,224.0,349.73489368001174,past_selected
1225,2022,9/22/22,Virginia Tech,West Virginia,ESPN,later,1600.0,1522.823131874473,past_selected
1226,2022,9/22/22,Illinois,Chattanooga,BTN,later,176.0,301.54408963248636,past_selected
1227,2022,9/23/22,Syracuse,Virginia,ESPN,later,1790.0,1502.6120997960163,past_selected
1228,2022,9/23/22,Air Force,Nevada,FS1,later,312.0,381.72820930948774,past_selected
1229,2022,9/24/22,Kansas,Duke,FS1,later,441.0,323.2693443363911,past_selected
1230,2022,9/24/22,Iowa St.,Baylor,ESPN2,later,762.0,732.332597902194,past_selected
1231,2022,9/24/22,Auburn,Missouri,ESPN,later,2070.0,1687.8226833308886,past_selected
1232,2022,9/24/22,Penn St.,Central Michigan,BTN,later,628.0,505.14470913507375,past_selected
1233,2022,9/24/22,Wake Forest,Clemson,ABC,later,3180.0,3221.4761195185524,past_selected
1234,2022,9/24/22,Michigan,Maryland,FOX,later,4380.0,4309.103516061445,past_selected
1235,2022,9/24/22,San Diego St.,Toledo,FS1,later,145.0,251.50934801691395,past_selected
1236,2022,9/24/22,Tennessee,Florida,CBS,later,5570.0,3827.224484865836,past_selected
1237,2022,9/24/22,Texas Tech,Texas,ESPN,later,2280.0,1935.2809430179889,past_selected
1238,2022,9/24/22,North Carolina,Notre Dame,ABC,later,3460.0,2995.8647912191223,past_selected
1239,2022,9/24/22,Michigan St.,Minnesota,BTN,later,1110.0,734.8049602166197,past_selected
1240,2022,9/24/22,Cincinnati,Indiana,ESPN2,later,482.0,594.9503692565777,past_selected
1241,2022,9/24/22,Washington St.,Oregon,FOX,later,2270.0,2368.383536781498,past_selected
1242,2022,9/24/22,UCF,Georgia Tech,ESPNU,later,107.0,256.3695836589875,past_selected
1243,2022,9/24/22,Texas A&M,Arkansas,ESPN,later,3500.0,3107.5271224959656,past_selected
1244,2022,9/24/22,Kentucky,Northern Illinois,ESPN2,later,555.0,860.6113331899039,past_selected
1245,2022,9/24/22,Rutgers,Iowa,FS1,later,739.0,628.9054300770398,past_selected
1246,2022,9/24/22,Ohio St.,Wisconsin,ABC,later,4590.0,6181.608697576126,past_selected
1247,2022,9/24/22,South Carolina,Charlotte,ESPNU,later,177.0,230.20802602760745,past_selected
1248,2022,9/24/22,Oklahoma,Kansas St.,FOX,later,3370.0,2792.7998533988666,past_selected
1249,2022,9/24/22,BYU,Wyoming,ESPN2,later,609.0,640.7765121885569,past_selected
1250,2022,9/24/22,Arizona St.,Utah,ESPN,later,1210.0,1182.2653243806276,past_selected
1251,2022,9/24/22,Washington,Stanford,FS1,later,532.0,630.731356792543,past_selected
1252,2022,9/29/22,BYU,Utah St.,ESPN,later,1260.0,746.2684215295003,past_selected
1253,2022,9/30/22,Houston,Tulane,ESPN,later,1220.0,895.137699143309,past_selected
1254,2022,9/30/22,Boise St.,San Diego St.,FS1,later,407.0,668.551518206077,past_selected
1255,2022,9/30/22,UCLA,Washington,ESPN,later,1700.0,1766.0644139671274,past_selected
1256,2022,10/1/22,TCU,Oklahoma,ABC,later,2470.0,2306.928401970128,past_selected
1257,2022,10/1/22,Wisconsin,Illinois,BTN,later,573.0,484.86330413718247,past_selected
1258,2022,10/1/22,Minnesota,Purdue,ESPN2,later,829.0,778.0933204885343,past_selected
1259,2022,10/1/22,Iowa,Michigan,FOX,later,4200.0,5303.587407593386,past_selected
1260,2022,10/1/22,Air Force,Navy,CBS,later,1130.0,1086.546749361142,past_selected
1261,2022,10/1/22,Mississippi,Kentucky,ESPN,later,2790.0,2595.0871788493746,past_selected
1262,2022,10/1/22,Maryland,Michigan St.,FS1,later,904.0,733.7791939759726,past_selected
1263,2022,10/1/22,Florida St.,Wake Forest,ABC,later,2480.0,2470.710934287678,past_selected
1264,2022,10/1/22,Ohio St.,Rutgers,BTN,later,1790.0,1317.2611570174577,past_selected
1265,2022,10/1/22,Arkansas,Alabama,CBS,later,5830.0,5617.304798264417,past_selected
1266,2022,10/1/22,Kansas,Iowa St.,ESPN2,later,865.0,555.8671849594891,past_selected
1267,2022,10/1/22,Penn St.,Northwestern,ESPN,later,1620.0,1669.9461297188802,past_selected
1268,2022,10/1/22,Baylor,Oklahoma St.,FOX,later,2410.0,3065.98939560463,past_selected
1269,2022,10/1/22,Auburn,LSU,ESPN,later,2790.0,2795.793374207003,past_selected
1270,2022,10/1/22,Clemson,North Carolina St.,ABC,later,4980.0,4655.94319663796,past_selected
1271,2022,10/1/22,Texas,West Virginia,FS1,later,1190.0,1093.258999913894,past_selected
1272,2022,10/1/22,Nebraska,Indiana,BTN,later,1140.0,726.8362111615102,past_selected
1273,2022,10/1/22,USC,Arizona St.,ESPN,later,1920.0,2188.311521876507,past_selected
1274,2022,10/1/22,Oregon,Stanford,FS1,later,672.0,730.6863097951846,past_selected
1275,2022,10/5/22,UCF,SMU,ESPN2,later,866.0,579.0985748892299,past_selected
1276,2022,10/7/22,Rutgers,Nebraska,FS1,later,1150.0,978.8243524311614,past_selected
1277,2022,10/7/22,Memphis,Houston,ESPN2,later,699.0,688.855870161136,past_selected
1278,2022,10/7/22,Nevada,Colorado St.,FS1,later,433.0,262.8479815827212,past_selected
1279,2022,10/8/22,Indiana,Michigan,FOX,later,4010.0,3813.0121033926316,past_selected
1280,2022,10/8/22,LSU,Tennessee,ESPN,later,2960.0,4793.334123662729,past_selected
1281,2022,10/8/22,Kansas,TCU,FS1,later,1310.0,820.5400789442662,past_selected
1282,2022,10/8/22,Florida,Missouri,ESPNU,later,488.0,453.79579081264865,past_selected
1283,2022,10/8/22,Maryland,Purdue,BTN,later,400.0,370.7862613997541,past_selected
1284,2022,10/8/22,Oklahoma,Texas,ABC,later,3360.0,3321.380577930039,past_selected
1285,2022,10/8/22,UCLA,Utah,FOX,later,2650.0,2274.5154749294807,past_selected
1286,2022,10/8/22,Oklahoma St.,Texas Tech,FS1,later,1630.0,747.7229286881693,past_selected
1287,2022,10/8/22,Georgia,Auburn,CBS,later,4240.0,4485.936500222046,past_selected
1288,2022,10/8/22,Northwestern,Wisconsin,BTN,later,572.0,449.7618752156028,past_selected
1289,2022,10/8/22,Miami,North Carolina,ESPN2,later,1250.0,656.296692016413,past_selected
1290,2022,10/8/22,Michigan St.,Ohio St.,ABC,later,4440.0,6583.985973734254,past_selected
1291,2022,10/8/22,Utah St.,Air Force,FS1,later,433.0,176.70023850383183,past_selected
1292,2022,10/8/22,Arkansas St.,James Madison,NFLN,later,103.0,50.229153284364486,past_selected
1293,2022,10/8/22,Notre Dame,BYU,NBC,later,2530.0,2147.2639996493263,past_selected
1294,2022,10/8/22,Boston College,Clemson,ABC,later,1930.0,2262.8460736676366,past_selected
1295,2022,10/8/22,Iowa St.,Kansas St.,ESPNU,later,373.0,345.7482421362954,past_selected
1296,2022,10/8/22,USC,Washington St.,FOX,later,1840.0,2340.360948794998,past_selected
1297,2022,10/8/22,Illinois,Iowa,BTN,later,855.0,572.7962849031417,past_selected
1298,2022,10/8/22,Alabama,Texas A&M,CBS,later,7150.0,6112.815555514364,past_selected
1299,2022,10/8/22,Boise St.,Fresno St.,FS1,later,375.0,357.9853026544401,past_selected
1300,2022,10/8/22,Stanford,Oregon St.,ESPN,later,1080.0,995.7002991181245,past_selected
1301,2022,10/12/22,Marshall,Louisiana,ESPN2,later,496.0,391.66100906323527,past_selected
1302,2022,10/13/22,UCF,Temple,ESPN,later,603.0,624.4187302666148,past_selected
1303,2022,10/13/22,West Virginia,Baylor,FS1,later,1150.0,601.176986079304,past_selected
1304,2022,10/14/22,SMU,Navy,ESPN,later,959.0,933.8085242158687,past_selected
1305,2022,10/15/22,Oklahoma,Kansas,ESPN2,later,1210.0,817.3565796542605,past_selected
1306,2022,10/15/22,Illinois,Minnesota,BTN,later,619.0,429.7467861287646,past_selected
1307,2022,10/15/22,Mississippi,Auburn,ESPN,later,2060.0,2119.0354505917867,past_selected
1308,2022,10/15/22,Texas,Iowa St.,ABC,later,2350.0,2725.553747462757,past_selected
1309,2022,10/15/22,Michigan,Penn St.,FOX,later,6450.0,9367.415872874806,past_selected
1310,2022,10/15/22,TCU,Oklahoma St.,ABC,later,2140.0,3287.6493392455677,past_selected
1311,2022,10/15/22,BYU,Arkansas,ESPN,later,1060.0,987.3297948115678,past_selected
1312,2022,10/15/22,Indiana,Maryland,ESPN2,later,392.0,469.84710975761095,past_selected
1313,2022,10/15/22,Tennessee,Alabama,CBS,later,11560.0,9919.010412901336,past_selected
1314,2022,10/15/22,Michigan St.,Wisconsin,FOX,later,2450.0,2824.777512811043,past_selected
1315,2022,10/15/22,Florida,LSU,ESPN,later,2460.0,2639.3617206400177,past_selected
1316,2022,10/15/22,Florida St.,Clemson,ABC,later,3380.0,4352.667653183755,past_selected
1317,2022,10/15/22,Purdue,Nebraska,BTN,later,943.0,743.2948817782876,past_selected
1318,2022,10/15/22,Notre Dame,Stanford,NBC,later,2150.0,1528.6587401212157,past_selected
1319,2022,10/15/22,Utah,USC,FOX,later,2740.0,2923.3647098307015,past_selected
1320,2022,10/19/22,Appalachian St.,Georgia St.,ESPN2,later,439.0,385.17024876454815,past_selected
1321,2022,10/20/22,Georgia Tech,Virginia,ESPN,later,891.0,842.0382627458043,past_selected
1322,2022,10/21/22,Temple,Tulsa,ESPN2,later,502.0,483.0011827830042,past_selected
1323,2022,10/22/22,Baylor,Kansas,ESPN2,later,744.0,463.3289596373027,past_selected
1324,2022,10/22/22,Clemson,Syracuse,ABC,later,4750.0,4109.592458025224,past_selected
1325,2022,10/22/22,Ohio St.,Iowa,FOX,later,4380.0,6446.905691064969,past_selected
1326,2022,10/22/22,Rutgers,Indiana,BTN,later,238.0,297.8203737177678,past_selected
1327,2022,10/22/22,SMU,Cincinnati,ESPN,later,682.0,798.5920496206866,past_selected
1328,2022,10/22/22,Texas Tech,West Virginia,FS1,later,542.0,561.6237714207692,past_selected
1329,2022,10/22/22,Tulane,Memphis,ESPN2,later,168.0,267.30752425034933,past_selected
1330,2022,10/22/22,Maryland,Northwestern,BTN,later,252.0,285.7767889655138,past_selected
1331,2022,10/22/22,Oregon,UCLA,FOX,later,3340.0,4116.563965805381,past_selected
1332,2022,10/22/22,Oklahoma St.,Texas,ABC,later,4460.0,4806.973313847462,past_selected
1333,2022,10/22/22,Wisconsin,Purdue,ESPN,later,1010.0,1344.0051104145318,past_selected
1334,2022,10/22/22,LSU,Mississippi,CBS,later,3860.0,3704.9635399818744,past_selected
1335,2022,10/22/22,Alabama,Mississippi St.,ESPN,later,3590.0,4452.168836995444,past_selected
1336,2022,10/22/22,Penn St.,Minnesota,ABC,later,3540.0,3999.1696782663835,past_selected
1337,2022,10/22/22,TCU,Kansas St.,FS1,later,1530.0,1231.010775521921,past_selected
1338,2022,10/22/22,Wyoming,Utah St.,FS2,later,109.0,553.7807404857288,past_selected
1339,2022,10/22/22,California,Washington,ESPN,later,1320.0,1070.655997234669,past_selected
1340,2022,10/27/22,Southern Miss,Louisiana,ESPN2,later,190.0,370.75933597176686,past_selected
1341,2022,10/27/22,North Carolina St.,Virginia Tech,ESPN,later,1230.0,1243.6192092998397,past_selected
1342,2022,10/27/22,Washington St.,Utah,FS1,later,470.0,400.6190317948725,past_selected
1343,2022,10/28/22,BYU,East Carolina,ESPN2,later,823.0,802.9839338513676,past_selected
1344,2022,10/29/22,Houston,South Florida,ESPN2,later,131.0,247.14540650864512,past_selected
1345,2022,10/29/22,Penn St.,Ohio St.,FOX,later,8270.0,8220.839349291367,past_selected
1346,2022,10/29/22,Syracuse,Notre Dame,ABC,later,2340.0,3064.358634984663,past_selected
1347,2022,10/29/22,Iowa St.,Oklahoma,FS1,later,711.0,632.7909498273874,past_selected
1348,2022,10/29/22,West Virginia,TCU,ESPN,later,1510.0,1487.9409818414952,past_selected
1349,2022,10/29/22,Minnesota,Rutgers,BTN,later,302.0,385.9997860247667,past_selected
1350,2022,10/29/22,California,Oregon,FS1,later,738.0,715.2189261317257,past_selected
1351,2022,10/29/22,UCF,Cincinnati,ESPN,later,1060.0,1212.6578593993852,past_selected
1352,2022,10/29/22,Iowa,Northwestern,ESPN2,later,483.0,607.464994984351,past_selected
1353,2022,10/29/22,Kansas St.,Oklahoma St.,FOX,later,3380.0,3187.637973240017,past_selected
1354,2022,10/29/22,Georgia,Florida,CBS,later,5620.0,5014.570437748359,past_selected
1355,2022,10/29/22,Nebraska,Illinois,ABC,later,2490.0,2594.847361013067,past_selected
1356,2022,10/29/22,Boise St.,Colorado St.,FS1,later,269.0,246.84895824262694,past_selected
1357,2022,10/29/22,Tennessee,Kentucky,ESPN,later,4040.0,4392.23084536243,past_selected
1358,2022,10/29/22,Michigan,Michigan St.,ABC,later,5580.0,6622.6651440374535,past_selected
1359,2022,10/29/22,Texas Tech,Baylor,ESPN2,later,572.0,575.9997095228784,past_selected
1360,2022,10/29/22,Fresno St.,San Diego St.,FS1,later,219.0,270.2078968161693,past_selected
1361,2022,10/29/22,UCLA,Stanford,ESPN,later,1260.0,1331.234812845523,past_selected
1362,2022,11/1/22,Ohio,Buffalo,ESPN2,later,276.0,402.6550091612903,past_selected
1363,2022,11/2/22,Bowling Green,Western Michigan,ESPN2,later,361.0,325.46754927402924,past_selected
1364,2022,11/3/22,Coastal Carolina,Appalachian St.,ESPN,later,743.0,635.7385268161422,past_selected
1365,2022,11/4/22,Boston College,Duke,ESPN2,later,787.0,569.9151306496227,past_selected
1366,2022,11/4/22,Washington,Oregon St.,ESPN2,later,1130.0,1137.0821487895669,past_selected
1367,2022,11/5/22,Army,Air Force,CBS,later,1230.0,1316.3800874451847,past_selected
1368,2022,11/5/22,Purdue,Iowa,FS1,later,582.0,615.0888251100237,past_selected
1369,2022,11/5/22,Nebraska,Minnesota,ESPN2,later,1070.0,885.56146175864,past_selected
1370,2022,11/5/22,TCU,Texas Tech,FOX,later,2510.0,2204.967861431853,past_selected
1371,2022,11/5/22,Wisconsin,Maryland,BTN,later,576.0,429.4344769351857,past_selected
1372,2022,11/5/22,Texas A&M,Florida,ESPN,later,2730.0,2059.8465200276073,past_selected
1373,2022,11/5/22,Northwestern,Ohio St.,ABC,later,4760.0,3177.267155921458,past_selected
1374,2022,11/5/22,Kansas,Oklahoma St.,FS1,later,734.0,475.6163517004925,past_selected
1375,2022,11/5/22,Indiana,Penn St.,ABC,later,2230.0,2568.0421484025856,past_selected
1376,2022,11/5/22,Illinois,Michigan St.,BTN,later,928.0,676.5235238697879,past_selected
1377,2022,11/5/22,Memphis,UCF,ESPN2,later,321.0,426.4136296154002,past_selected
1378,2022,11/5/22,Colorado,Oregon,ESPN,later,962.0,1624.1157185291854,past_selected
1379,2022,11/5/22,Georgia,Tennessee,CBS,later,13060.0,9732.803224094738,past_selected
1380,2022,11/5/22,Boise St.,BYU,FS2,later,281.0,769.3772740586113,past_selected
1381,2022,11/5/22,LSU,Alabama,ESPN,later,7580.0,7187.623794664627,past_selected
1382,2022,11/5/22,Kansas St.,Texas,FS1,later,1250.0,823.1897167337897,past_selected
1383,2022,11/5/22,Miami,Florida St.,ABC,later,1500.0,2187.917990484472,past_selected
1384,2022,11/5/22,Mississippi St.,Auburn,ESPN2,later,512.0,754.3170623514625,past_selected
1385,2022,11/5/22,Rutgers,Michigan,BTN,later,1290.0,962.4561867654934,past_selected
1386,2022,11/5/22,Notre Dame,Clemson,NBC,later,3220.0,3616.090615266571,past_selected
1387,2022,11/5/22,USC,California,ESPN,later,2040.0,1809.230395978599,past_selected
1388,2022,11/5/22,Arizona St.,UCLA,FS1,later,490.0,654.711377570444,past_selected
1389,2022,11/8/22,Miami Ohio,Ohio,ESPN2,later,258.0,318.2963707115575,past_selected
1390,2022,11/8/22,Toledo,Ball St.,ESPN,later,482.0,441.01675670049667,past_selected
1391,2022,11/9/22,Central Michigan,Buffalo,ESPN2,later,350.0,384.0055282387832,past_selected
1392,2022,11/10/22,Memphis,Tulsa,ESPN,later,574.0,549.35474078318,past_selected
1393,2022,11/10/22,Louisiana,Georgia Southern,ESPN2,later,254.0,359.6147603035264,past_selected
1394,2022,11/11/22,Cincinnati,East Carolina,ESPN2,later,803.0,837.7237126291931,past_selected
1395,2022,11/11/22,USC,Colorado,FS1,later,525.0,955.8896471012592,past_selected
1396,2022,11/12/22,Ohio St.,Indiana,FOX,later,3340.0,3733.981542204656,past_selected
1397,2022,11/12/22,Michigan St.,Rutgers,BTN,later,591.0,449.50430906004715,past_selected
1398,2022,11/12/22,Navy,Notre Dame,ABC,later,2070.0,2149.5191662766047,past_selected
1399,2022,11/12/22,West Virginia,Oklahoma,FS1,later,956.0,673.5735457770338,past_selected
1400,2022,11/12/22,Tennessee,Missouri,CBS,later,3010.0,3381.5865246773055,past_selected
1401,2022,11/12/22,Illinois,Purdue,ESPN2,later,835.0,653.513672411593,past_selected
1402,2022,11/12/22,Arkansas,LSU,ESPN,later,3570.0,2814.3173209055713,past_selected
1403,2022,11/12/22,Iowa,Wisconsin,FS1,later,1090.0,761.5293557686058,past_selected
1404,2022,11/12/22,Oklahoma St.,Iowa St.,ESPNU,later,272.0,299.5477572779564,past_selected
1405,2022,11/12/22,Mississippi,Alabama,CBS,later,8710.0,5924.92058773007,past_selected
1406,2022,11/12/22,Michigan,Nebraska,ABC,later,3880.0,5547.386571080278,past_selected
1407,2022,11/12/22,Penn St.,Maryland,FOX,later,1880.0,2193.888276853293,past_selected
1408,2022,11/12/22,Tulane,UCF,ESPN2,later,368.0,781.8582324867772,past_selected
1409,2022,11/12/22,Clemson,Louisville,ESPN,later,1350.0,1370.6102686579993,past_selected
1410,2022,11/12/22,Minnesota,Northwestern,BTN,later,331.0,311.6130068283637,past_selected
1411,2022,11/12/22,Oregon,Washington,FOX,later,3630.0,3886.9877639021233,past_selected
1412,2022,11/12/22,Baylor,Kansas St.,FS1,later,528.0,511.912360610095,past_selected
1413,2022,11/12/22,Mississippi St.,Georgia,ESPN,later,3340.0,2836.734873649246,past_selected
1414,2022,11/12/22,Texas,TCU,ABC,later,5030.0,5734.055937719086,past_selected
1415,2022,11/12/22,Wake Forest,North Carolina,ESPN2,later,610.0,536.8899185441783,past_selected
1416,2022,11/12/22,Utah,Stanford,ESPN,later,1040.0,921.7062532351176,past_selected
1417,2022,11/12/22,San Diego St.,San Jose St.,FS1,later,146.0,243.22537050906064,past_selected
1418,2022,11/12/22,UCLA,Arizona,FOX,later,1860.0,1732.689323844248,past_selected
1419,2022,11/15/22,Ball St.,Ohio,ESPN2,later,250.0,365.2156104860795,past_selected
1420,2022,11/16/22,Kent St.,Eastern Michigan,ESPN2,later,399.0,301.02897093977083,past_selected
1421,2022,11/16/22,Central Michigan,Western Michigan,ESPNU,later,179.0,135.69343697829908,past_selected
1422,2022,11/17/22,Tulane,SMU,ESPN,later,767.0,585.3709286679228,past_selected
1423,2022,11/18/22,Tulsa,South Florida,ESPN2,later,510.0,466.131073405624,past_selected
1424,2022,11/18/22,New Mexico,San Diego St.,FS1,later,210.0,313.3612314477857,past_selected
1425,2022,11/19/22,UCF,Navy,ESPN2,later,610.0,502.57778704008547,past_selected
1426,2022,11/19/22,Michigan St.,Indiana,BTN,later,369.0,463.6859545563657,past_selected
1427,2022,11/19/22,Nebraska,Wisconsin,ESPN,later,1630.0,1758.7617641162942,past_selected
1428,2022,11/19/22,Baylor,TCU,FOX,later,4350.0,2983.150201675833,past_selected
1429,2022,11/19/22,Purdue,Northwestern,FS1,later,209.0,383.75182447535724,past_selected
1430,2022,11/19/22,Michigan,Illinois,ABC,later,5470.0,4641.420665883753,past_selected
1431,2022,11/19/22,Arizona St.,Oregon St.,ESPN2,later,484.0,449.9625697447415,past_selected
1432,2022,11/19/22,Notre Dame,Boston College,NBC,later,1270.0,1399.7453466306183,past_selected
1433,2022,11/19/22,Maryland,Ohio St.,ABC,later,6600.0,3597.201043269256,past_selected
1434,2022,11/19/22,Kansas,Texas,FS1,later,940.0,629.5862233368975,past_selected
1435,2022,11/19/22,Rutgers,Penn St.,BTN,later,856.0,607.7051497485373,past_selected
1436,2022,11/19/22,Clemson,Miami,ESPN,later,1140.0,1840.2401059353078,past_selected
1437,2022,11/19/22,Kentucky,Georgia,CBS,later,4480.0,4362.901251883831,past_selected
1438,2022,11/19/22,Minnesota,Iowa,FOX,later,2500.0,1992.3296174957538,past_selected
1439,2022,11/19/22,North Carolina,Georgia Tech,ESPN2,later,732.0,600.4688611409468,past_selected
1440,2022,11/19/22,Iowa St.,Texas Tech,FS1,later,545.0,459.0101260569471,past_selected
1441,2022,11/19/22,South Carolina,Tennessee,ESPN,later,4870.0,2996.0308773824213,past_selected
1442,2022,11/19/22,Missouri,New Mexico St.,ESPNU,later,63.0,160.4301370556317,past_selected
1443,2022,11/19/22,Oklahoma,Oklahoma St.,ABC,later,3060.0,2826.2002419943246,past_selected
1444,2022,11/19/22,UCLA,USC,FOX,later,4530.0,4121.050353798413,past_selected
1445,2022,11/19/22,LSU,UAB,ESPN2,later,848.0,853.0487281640053,past_selected
1446,2022,11/19/22,Utah St.,San Jose St.,FS1,later,128.0,164.7238005380233,past_selected
1447,2022,11/19/22,Oregon,Utah,ESPN,later,2540.0,2892.7736976973342,past_selected
1448,2022,11/22/22,Ohio,Bowling Green,ESPNU,later,229.0,142.56654225859364,past_selected
1449,2022,11/24/22,Mississippi,Mississippi St.,ESPN,later,2230.0,1513.5959377925446,past_selected
1450,2022,11/25/22,Cincinnati,Tulane,ABC,later,1720.0,2984.09392284868,past_selected
1451,2022,11/25/22,Boise St.,Utah St.,CBS,later,1440.0,1090.6572291995567,past_selected
1452,2022,11/25/22,Texas,Baylor,ESPN,later,2690.0,2976.53586739547,past_selected
1453,2022,11/25/22,Arizona,Arizona St.,FS1,later,567.0,903.9860516826334,past_selected
1454,2022,11/25/22,Missouri,Arkansas,CBS,later,3270.0,1962.1127834315212,past_selected
1455,2022,11/25/22,North Carolina,North Carolina St.,ABC,later,3610.0,2496.267493861672,past_selected
1456,2022,11/25/22,Iowa,Nebraska,BTN,later,1470.0,1136.241167548624,past_selected
1457,2022,11/25/22,California,UCLA,FOX,later,3270.0,1922.4810350033592,past_selected
1458,2022,11/25/22,Florida St.,Florida,ABC,later,6710.0,5949.014329097074,past_selected
1459,2022,11/25/22,Fresno St.,Wyoming,FS1,later,260.0,394.8230072878554,past_selected
1460,2022,11/26/22,Clemson,South Carolina,ABC,later,2320.0,2514.743267565663,past_selected
1461,2022,11/26/22,Ohio St.,Michigan,FOX,later,17140.0,16872.691021227452,past_selected
1462,2022,11/26/22,Maryland,Rutgers,BTN,later,97.0,213.21557565117308,past_selected
1463,2022,11/26/22,Georgia,Georgia Tech,ESPN,later,2060.0,1446.1720802233162,past_selected
1464,2022,11/26/22,Oklahoma St.,West Virginia,ESPN2,later,694.0,525.7020430911606,past_selected
1465,2022,11/26/22,Alabama,Auburn,CBS,later,6270.0,8339.182332882523,past_selected
1466,2022,11/26/22,Wisconsin,Minnesota,ESPN,later,1710.0,1858.908290024705,past_selected
1467,2022,11/26/22,SMU,Memphis,ESPN2,later,213.0,223.1232243231774,past_selected
1468,2022,11/26/22,Oregon St.,Oregon,ABC,later,3560.0,3937.5701460428586,past_selected
1469,2022,11/26/22,Penn St.,Michigan St.,FS1,later,1990.0,1164.3304680395804,past_selected
1470,2022,11/26/22,TCU,Iowa St.,FOX,later,4340.0,1882.9371603916816,past_selected
1471,2022,11/26/22,Texas A&M,LSU,ESPN,later,3920.0,3126.9690109458415,past_selected
1472,2022,11/26/22,South Florida,UCF,ESPN2,later,329.0,383.8532148195102,past_selected
1473,2022,11/26/22,Texas Tech,Oklahoma,FS1,later,1210.0,653.699814273883,past_selected
1474,2022,11/26/22,USC,Notre Dame,ABC,later,6680.0,8527.587183461144,past_selected
1475,2022,11/26/22,Kansas St.,Kansas,FOX,later,2320.0,991.5988566445518,past_selected
1476,2022,11/26/22,Washington St.,Washington,ESPN,later,2380.0,2081.621496182825,past_selected
1477,2022,11/26/22,Stanford,BYU,FS1,later,453.0,374.65639999379295,past_selected
1478,2022,12/2/22,USC,Utah,FOX,later,5970.0,5674.7839350656595,past_selected
1479,2022,12/3/22,TCU,Kansas St.,ABC,later,9410.0,4211.340379642742,past_selected
1480,2022,12/3/22,Ohio,Toledo,ESPN,later,721.0,411.7617614201612,past_selected
1481,2022,12/3/22,Troy,Coastal Carolina,ESPN,later,332.0,447.6725457891572,past_selected
1482,2022,12/3/22,Tulane,UCF,ABC,later,2700.0,2274.8778270725725,past_selected
1483,2022,12/3/22,Boise St.,Fresno St.,FOX,later,1940.0,990.942958869113,past_selected
1484,2022,12/3/22,Georgia,LSU,CBS,later,10890.0,8799.679712388817,past_selected
1485,2022,12/3/22,North Carolina,Clemson,ABC,later,3470.0,5749.909493693607,past_selected
1486,2022,12/3/22,Michigan,Purdue,FOX,later,10700.0,7388.795475319059,past_selected
1487,2022,12/10/22,Army,Navy,CBS,later,6940.0,6045.508799636481,past_selected
0,2023,8/26/23,Navy,Notre Dame,NBC,Week0,3560.0,2301.504640692856,past_selected
1,2023,9/2/23,Colorado,TCU,FOX,Week1,7260.0,2631.470716236268,past_selected
2,2023,9/4/23,Clemson,Duke,ESPN,Week1,4390.0,3920.0799349035606,past_selected
3,2023,8/31/23,Nebraska,Minnesota,FOX,Week1,3490.0,4168.311679108575,past_selected
4,2023,9/2/23,North Carolina,South Carolina,ABC,Week1,3400.0,3734.2822639116425,past_selected
5,2023,8/31/23,Florida,Utah,ESPN,Week1,3190.0,3154.6379742780728,past_selected
6,2023,9/3/23,Northwestern,Rutgers,CBS,Week1,2680.0,2126.3142575538413,past_selected
7,2023,9/2/23,Virginia,Tennessee,ABC,Week1,2460.0,3998.9408910031602,past_selected
8,2023,9/1/23,Louisville,Georgia Tech,ESPN,Week1,1650.0,1361.7151580404143,past_selected
9,2023,9/2/23,Texas Tech,Wyoming,CBS,Week1,1430.0,1637.7855810176084,past_selected
10,2023,9/2/23,Massachusetts,Auburn,ESPN,Week1,1030.0,1622.4501180504365,past_selected
11,2023,9/2/23,Buffalo,Wisconsin,FS1,Week1,784.0,780.843331377933,past_selected
12,2023,9/2/23,Toledo,Illinois,BTN,Week1,294.0,328.36767980606885,past_selected
13,2023,9/2/23,California,North Texas,ESPNU,Week1,88.0,224.2679756038949,past_selected
766,2023,9/8/23,Indiana,Indiana State,BTN,later,243.0,476.11996822770493,past_selected
767,2023,9/8/23,Kansas,Illinois,ESPN2,later,1360.0,1003.3110561643466,past_selected
768,2023,9/9/23,Baylor,Utah,ESPN,later,1310.0,1397.897996351323,past_selected
769,2023,9/9/23,North Carolina St.,Notre Dame,ABC,later,2930.0,3539.1948032454657,past_selected
770,2023,9/9/23,Virginia,James Madison,ESPNU,later,119.0,213.86806872669317,past_selected
771,2023,9/9/23,Colorado,Nebraska,FOX,later,8730.0,3654.1553882821277,past_selected
772,2023,9/9/23,Ohio St.,Youngstown State,BTN,later,1220.0,980.9953869899184,past_selected
773,2023,9/9/23,Virginia Tech,Purdue,ESPN2,later,294.0,851.6905982763226,past_selected
774,2023,9/9/23,Kansas St.,Troy,FS1,later,282.0,336.1289794970137,past_selected
775,2023,9/9/23,Tulane,Mississippi,ESPN2,later,1440.0,1113.763202678143,past_selected
776,2023,9/9/23,Iowa St.,Iowa,FOX,later,3380.0,2881.348248157321,past_selected
777,2023,9/9/23,Miami,Texas A&M,ABC,later,4020.0,2749.8764901119675,past_selected
778,2023,9/9/23,Michigan,UNLV,CBS,later,2970.0,2765.723707209847,past_selected
779,2023,9/9/23,East Carolina,Marshall,ESPNU,later,90.0,278.17459693672913,past_selected
780,2023,9/9/23,Pittsburgh,Cincinnati,CW,later,617.0,819.5744117949716,past_selected
781,2023,9/9/23,Boise St.,UCF,FS1,later,306.0,471.8852876298106,past_selected
782,2023,9/9/23,Rice,Houston,NFLN,later,83.0,103.99864127585298,past_selected
783,2023,9/9/23,Texas Tech,Oregon,FOX,later,2550.0,2004.330263219851,past_selected
784,2023,9/9/23,Alabama,Texas,ESPN,later,8760.0,5397.904974398441,past_selected
785,2023,9/9/23,San Diego St.,UCLA,CBS,later,1080.0,1042.424810798255,past_selected
786,2023,9/9/23,Washington St.,Wisconsin,ABC,later,2280.0,2385.4230752924923,past_selected
787,2023,9/9/23,Florida,McNeese,ESPNU,later,150.0,326.4612073539864,past_selected
788,2023,9/9/23,Maryland,Charlotte,NBC,later,665.0,640.1085547689416,past_selected
789,2023,9/9/23,California,Auburn,ESPN,later,2230.0,1597.4997352060593,past_selected
790,2023,9/9/23,Arizona St.,Oklahoma St.,FS1,later,91.0,534.4938907730186,past_selected
791,2023,9/9/23,USC,Stanford,FOX,later,1750.0,2193.438653522474,past_selected
792,2023,9/14/23,Memphis,Navy,ESPN,later,1050.0,711.0573792946478,past_selected
793,2023,9/15/23,UTSA,Army,ESPN,later,916.0,1369.4891028841646,past_selected
794,2023,9/15/23,Maryland,Virginia,FS1,later,776.0,689.1117059243551,past_selected
795,2023,9/16/23,Old Dominion,Wake Forest,ESPN2,later,324.0,308.4923224579182,past_selected
796,2023,9/16/23,Boise St.,North Dakota,FS1,later,247.0,294.0796923391781,past_selected
797,2023,9/16/23,Boston College,Florida St.,ABC,later,3480.0,2462.684170791439,past_selected
798,2023,9/16/23,Mississippi St.,LSU,ESPN,later,2800.0,2503.311529310472,past_selected
799,2023,9/16/23,Ohio,Iowa St.,ESPNU,later,162.0,268.2790299133498,past_selected
800,2023,9/16/23,Illinois,Penn St.,FOX,later,3220.0,3271.1150500310137,past_selected
801,2023,9/16/23,North Carolina St.,VMI,CW,later,205.0,697.198302381903,past_selected
802,2023,9/16/23,Oregon St.,San Diego St.,FS1,later,418.0,373.8131441624073,past_selected
803,2023,9/16/23,Tulsa,Oklahoma,ESPN2,later,641.0,825.5960312483505,past_selected
804,2023,9/16/23,South Florida,Alabama,ABC,later,4840.0,2846.4982792410983,past_selected
805,2023,9/16/23,Georgia,South Carolina,CBS,later,5420.0,3740.2654244618834,past_selected
806,2023,9/16/23,North Carolina,Minnesota,ESPN,later,1580.0,1400.321571835586,past_selected
807,2023,9/16/23,Ohio St.,Western Kentucky,FOX,later,2820.0,2750.1375956926704,past_selected
808,2023,9/16/23,Southern Miss,Tulane,ESPNU,later,53.0,131.06047536741926,past_selected
809,2023,9/16/23,Florida,Tennessee,ESPN,later,5310.0,3090.1368991360428,past_selected
810,2023,9/16/23,Troy,James Madison,NFLN,later,81.0,99.90762042080428,past_selected
811,2023,9/16/23,Nebraska,Northern Illinois,FS1,later,907.0,815.4527639254502,past_selected
812,2023,9/16/23,West Virginia,Pittsburgh,ABC,later,2410.0,3869.6412036058346,past_selected
813,2023,9/16/23,Arkansas,BYU,ESPN2,later,1080.0,807.8128100224064,past_selected
814,2023,9/16/23,Kentucky,Akron,ESPNU,later,115.0,229.69509600738377,past_selected
815,2023,9/16/23,Purdue,Syracuse,NBC,later,1250.0,1292.1321184550413,past_selected
816,2023,9/16/23,Michigan,Bowling Green,BTN,later,1320.0,773.5198808764424,past_selected
817,2023,9/16/23,Houston,TCU,FOX,later,1200.0,1277.238363392469,past_selected
818,2023,9/16/23,Colorado,Colorado St.,ESPN,later,9300.0,1496.965108614078,past_selected
819,2023,9/16/23,Arizona St.,Fresno St.,FS1,later,195.0,367.4862380314039,past_selected
820,2023,11/25/23,Ohio St.,Michigan,FOX,later,19070.0,17821.675633995368,past_selected
821,2023,9/21/23,Coastal Carolina,Georgia St.,ESPN,later,671.0,510.7581679082971,past_selected
822,2023,9/22/23,Purdue,Wisconsin,FS1,later,1190.0,1035.335182336179,past_selected
823,2023,9/22/23,Virginia,North Carolina St.,ESPN,later,1590.0,1574.0729538587864,past_selected
824,2023,9/22/23,San Jose St.,Air Force,FS1,later,512.0,296.4079240689614,past_selected
825,2023,9/23/23,Troy,Western Kentucky,ESPNU,later,29.0,132.63527746192142,past_selected
826,2023,9/23/23,TCU,SMU,FS1,later,269.0,315.5684529634462,past_selected
827,2023,9/23/23,Michigan,Rutgers,BTN,later,1940.0,904.0426320059617,past_selected
828,2023,9/23/23,Clemson,Florida St.,ABC,later,6710.0,3739.235364966795,past_selected
829,2023,9/23/23,Marshall,Virginia Tech,ESPN2,later,319.0,753.9335016904229,past_selected
830,2023,9/23/23,Texas A&M,Auburn,ESPN,later,2180.0,2324.693762154997,past_selected
831,2023,9/23/23,Cincinnati,Oklahoma,FOX,later,2170.0,2991.979479857268,past_selected
832,2023,9/23/23,Michigan St.,Maryland,NBC,later,1240.0,1712.886117287886,past_selected
833,2023,9/23/23,Temple,Miami,ESPN2,later,353.0,397.23872408306124,past_selected
834,2023,9/23/23,Kansas,BYU,ESPN,later,1030.0,972.7324802330659,past_selected
835,2023,9/23/23,Oregon,Colorado,ABC,later,10030.0,3905.9334805136155,past_selected
836,2023,9/23/23,Alabama,Mississippi,CBS,later,4610.0,4892.553985131424,past_selected
837,2023,9/23/23,Utah,UCLA,FOX,later,1320.0,2392.1375067523823,past_selected
838,2023,9/23/23,Iowa St.,Oklahoma St.,FS1,later,444.0,687.2555150305243,past_selected
839,2023,9/23/23,South Florida,Rice,ESPNU,later,51.0,137.60498638550882,past_selected
840,2023,9/23/23,Wake Forest,Georgia Tech,CW,later,332.0,379.6225432223365,past_selected
841,2023,9/23/23,LSU,Arkansas,ESPN,later,2440.0,1862.1844889344443,past_selected
842,2023,9/23/23,Washington St.,Oregon St.,FOX,later,1480.0,1558.8173598586857,past_selected
843,2023,9/23/23,Baylor,Texas,ABC,later,2630.0,2473.026882904922,past_selected
844,2023,9/23/23,Notre Dame,Ohio St.,NBC,later,9980.0,6291.808185664381,past_selected
845,2023,9/23/23,Penn St.,Iowa,CBS,later,2750.0,3791.7718802226204,past_selected
846,2023,9/23/23,Georgia,UAB,ESPN2,later,1080.0,826.3102625264867,past_selected
847,2023,9/23/23,Missouri,Memphis,ESPNU,later,181.0,140.24105166853454,past_selected
848,2023,9/23/23,Kansas St.,UCF,FS1,later,531.0,428.7790960479716,past_selected
849,2023,9/23/23,Washington,California,ESPN,later,1160.0,1749.1896497530836,past_selected
850,2023,9/23/23,Arizona St.,USC,FOX,later,2630.0,2197.523980446545,past_selected
851,2023,9/28/23,Tulsa,Temple,ESPN,later,567.0,516.6219676140593,past_selected
852,2023,9/28/23,Sam Houston,Jacksonville St.,ESPNU,later,74.0,141.24873497414404,past_selected
853,2023,9/29/23,North Carolina St.,Louisville,ESPN,later,1890.0,1503.146031031325,past_selected
854,2023,9/29/23,Oregon St.,Utah,FS1,later,1280.0,1172.7567911091087,past_selected
855,2023,9/29/23,BYU,Cincinnati,ESPN,later,1230.0,1429.2023519543798,past_selected
856,2023,9/30/23,Kentucky,Florida,ESPN,later,2320.0,2955.7657465132406,past_selected
857,2023,9/30/23,James Madison,South Alabama,ESPNU,later,30.0,137.98105794767483,past_selected
858,2023,9/30/23,Tulane,UAB,ESPN2,later,181.0,372.6133599725121,past_selected
859,2023,9/30/23,Syracuse,Clemson,ABC,later,1980.0,2651.9545186790288,past_selected
860,2023,9/30/23,Colorado,USC,FOX,later,7240.0,3338.8513778295396,past_selected
861,2023,9/30/23,Boston College,Virginia,CW,later,367.0,748.0632075103616,past_selected
862,2023,9/30/23,UCF,Baylor,FS1,later,340.0,460.6950651510572,past_selected
863,2023,9/30/23,Texas Tech,Houston,FS2,later,188.0,214.04129015815138,past_selected
864,2023,9/30/23,Auburn,Georgia,CBS,later,6400.0,4154.678934533391,past_selected
865,2023,9/30/23,Texas,Kansas,ABC,later,3320.0,3962.094214585411,past_selected
866,2023,9/30/23,Nebraska,Michigan,FOX,later,4480.0,5432.6723507314355,past_selected
867,2023,9/30/23,Toledo,Northern Illinois,ESPNU,later,37.0,118.22438746938943,past_selected
868,2023,9/30/23,Memphis,Boise St.,ESPN2,later,319.0,361.8568854031769,past_selected
869,2023,9/30/23,Mississippi,LSU,ESPN,later,3720.0,3221.229487789635,past_selected
870,2023,9/30/23,Oklahoma,Iowa St.,FS1,later,808.0,1075.4970871414912,past_selected
871,2023,9/30/23,SMU,Charlotte,ESPNU,later,18.0,133.44474829225922,past_selected
872,2023,9/30/23,Iowa,Michigan St.,NBC,later,2170.0,2863.9644406706993,past_selected
873,2023,9/30/23,Duke,Notre Dame,ABC,later,5320.0,3652.1999744134905,past_selected
874,2023,9/30/23,TCU,West Virginia,ESPN2,later,739.0,818.8346464717383,past_selected
875,2023,9/30/23,Mississippi St.,Alabama,ESPN,later,3350.0,2830.1519161604783,past_selected
876,2023,9/30/23,Fresno St.,Nevada,FS1,later,369.0,272.5665684839408,past_selected
877,2023,10/4/23,Middle Tennessee St.,Jacksonville St.,ESPNU,later,145.0,129.7365002196073,past_selected
878,2023,10/5/23,Louisiana Tech,Western Kentucky,ESPN,later,567.0,443.767573729015,past_selected
879,2023,10/6/23,Oklahoma St.,Kansas St.,ESPN,later,2270.0,1866.9184244350827,past_selected
880,2023,10/6/23,Illinois,Nebraska,FS1,later,1360.0,937.1506589673157,past_selected
881,2023,10/7/23,Massachusetts,Toledo,ESPNU,later,16.0,91.3099674976257,past_selected
882,2023,10/7/23,Ohio St.,Maryland,FOX,later,4510.0,4184.148694748192,past_selected
883,2023,10/7/23,Missouri,LSU,ESPN,later,2340.0,2499.6539392289765,past_selected
884,2023,10/7/23,Texas,Oklahoma,ABC,later,7870.0,7577.845820019001,past_selected
885,2023,10/7/23,North Carolina St.,Marshall,CW,later,386.0,1165.63337105745,past_selected
886,2023,10/7/23,Louisiana,Texas St.,ESPNU,later,43.0,114.05391772011706,past_selected
887,2023,10/7/23,Texas A&M,Alabama,CBS,later,7230.0,5107.007696763503,past_selected
888,2023,10/7/23,North Carolina,Syracuse,ESPN,later,987.0,1303.0539489674816,past_selected
889,2023,10/7/23,Florida St.,Virginia Tech,ABC,later,3020.0,3000.570348264304,past_selected
890,2023,10/7/23,UAB,South Florida,ESPN2,later,143.0,302.49779704697977,past_selected
891,2023,10/7/23,Kansas,UCF,FOX,later,1450.0,1584.9747735937622,past_selected
892,2023,10/7/23,Georgia,Kentucky,ESPN,later,3190.0,4371.164164149593,past_selected
893,2023,10/7/23,Minnesota,Michigan,NBC,later,3060.0,3503.9006952261143,past_selected
894,2023,10/7/23,Louisville,Notre Dame,ABC,later,5120.0,4603.990972956164,past_selected
895,2023,10/7/23,Iowa St.,TCU,FS1,later,480.0,487.06160439539565,past_selected
896,2023,10/7/23,Wyoming,Fresno St.,FOX,later,737.0,999.3246175373747,past_selected
897,2023,10/7/23,Baylor,Texas Tech,ESPN2,later,481.0,502.90461875687254,past_selected
898,2023,10/7/23,USC,Arizona,ESPN,later,2550.0,2240.4314740288664,past_selected
899,2023,10/10/23,Jacksonville St.,Liberty,ESPNU,later,117.0,170.59522513064684,past_selected
900,2023,10/10/23,Appalachian St.,Coastal Carolina,ESPN2,later,499.0,388.46254206108614,past_selected
901,2023,10/11/23,FIU,UTEP,ESPN2,later,332.0,260.7733063808909,past_selected
902,2023,10/12/23,Houston,West Virginia,FS1,later,729.0,506.81263707130813,past_selected
903,2023,10/12/23,East Carolina,SMU,ESPN,later,467.0,544.578846367949,past_selected
904,2023,10/13/23,Memphis,Tulane,ESPN,later,1720.0,858.9140956192415,past_selected
905,2023,10/13/23,Colorado,Stanford,ESPN,later,3290.0,1217.36046325078,past_selected
906,2023,10/14/23,Florida St.,Syracuse,ABC,later,2090.0,2623.970609047007,past_selected
907,2023,10/14/23,Michigan,Indiana,FOX,later,3550.0,2857.256189927082,past_selected
908,2023,10/14/23,Alabama,Arkansas,ESPN,later,3430.0,2602.0763459946174,past_selected
909,2023,10/14/23,Cincinnati,Iowa St.,FS1,later,534.0,446.0500497344161,past_selected
910,2023,10/14/23,James Madison,Georgia Southern,ESPN2,later,169.0,234.78827066104813,past_selected
911,2023,10/14/23,Rutgers,Michigan St.,BTN,later,503.0,500.85665169541505,past_selected
912,2023,10/14/23,North Texas,Temple,ESPNU,later,37.0,83.04663934411184,past_selected
913,2023,10/14/23,Vanderbilt,Georgia,CBS,later,2460.0,1876.1681634140264,past_selected
914,2023,10/14/23,Maryland,Illinois,NBC,later,1140.0,949.9573810955368,past_selected
915,2023,10/14/23,TCU,BYU,ESPN,later,1020.0,910.7405103819185,past_selected
916,2023,10/14/23,South Florida,FAU,ESPN2,later,84.0,204.82226479042907,past_selected
917,2023,10/14/23,Oklahoma St.,Kansas,FS1,later,796.0,588.0660401041214,past_selected
918,2023,10/14/23,Tennessee,Texas A&M,CBS,later,4380.0,3902.9742556463857,past_selected
919,2023,10/14/23,Washington,Oregon,ABC,later,7040.0,4770.668570781734,past_selected
920,2023,10/14/23,Penn St.,Massachusetts,BTN,later,693.0,540.0008384216558,past_selected
921,2023,10/14/23,Wisconsin,Iowa,FOX,later,2340.0,2925.429498811537,past_selected
922,2023,10/14/23,Northern Illinois,Ohio,ESPNU,later,46.0,135.01112465376113,past_selected
923,2023,10/14/23,Pittsburgh,Louisville,CW,later,569.0,887.2447761620089,past_selected
924,2023,10/14/23,Georgia St.,Marshall,ESPN2,later,129.0,442.52113058288325,past_selected
925,2023,10/14/23,LSU,Auburn,ESPN,later,2160.0,2615.9539425526937,past_selected
926,2023,10/14/23,Texas Tech,Kansas St.,FS1,later,770.0,501.2052471736487,past_selected
927,2023,10/14/23,Notre Dame,USC,NBC,later,6430.0,5683.580905723801,past_selected
928,2023,10/14/23,North Carolina,Miami,ABC,later,3080.0,3149.1951137601905,past_selected
929,2023,10/14/23,Oregon St.,UCLA,FOX,later,1430.0,2036.9775406073672,past_selected
930,2023,10/14/23,UTSA,UAB,ESPNU,later,49.0,118.30979470508517,past_selected
931,2023,10/14/23,Colorado St.,Boise St.,FS1,later,471.0,287.83401875748655,past_selected
932,2023,10/17/23,Jacksonville St.,Western Kentucky,ESPNU,later,110.0,142.07539555639852,past_selected
933,2023,10/17/23,South Alabama,Southern Miss,ESPN2,later,256.0,249.65215624257712,past_selected
934,2023,10/18/23,UTEP,New Mexico St.,ESPN2,later,293.0,216.99894093121475,past_selected
935,2023,10/19/23,Tulsa,Rice,ESPN2,later,179.0,345.3395502067764,past_selected
936,2023,10/19/23,Marshall,James Madison,ESPN,later,603.0,864.9109054968899,past_selected
937,2023,10/20/23,Temple,SMU,ESPN,later,548.0,646.5289040587988,past_selected
938,2023,10/21/23,Arkansas,Mississippi St.,ESPN,later,1220.0,1040.5029890570581,past_selected
939,2023,10/21/23,Ohio St.,Penn St.,FOX,later,9960.0,9821.297736028011,past_selected
940,2023,10/21/23,Oklahoma,UCF,ABC,later,2170.0,2448.973252839459,past_selected
941,2023,10/21/23,UAB,Memphis,ESPN2,later,97.0,264.337752797819,past_selected
942,2023,10/21/23,Indiana,Rutgers,BTN,later,232.0,276.51082911808544,past_selected
943,2023,10/21/23,Navy,Air Force,CBS,later,1210.0,1179.5648854231204,past_selected
944,2023,10/21/23,Illinois,Wisconsin,FS1,later,684.0,581.6095163088974,past_selected
945,2023,10/21/23,Oregon,Washington St.,ABC,later,2350.0,2505.866994072935,past_selected
946,2023,10/21/23,Tulane,North Texas,ESPN2,later,112.0,233.0089655179338,past_selected
947,2023,10/21/23,Iowa,Minnesota,NBC,later,1680.0,1632.6309254041853,past_selected
948,2023,10/21/23,Alabama,Tennessee,CBS,later,8010.0,6305.541735486674,past_selected
949,2023,10/21/23,Nebraska,Northwestern,BTN,later,560.0,511.5699398258045,past_selected
950,2023,10/21/23,West Virginia,Oklahoma St.,ESPN,later,1010.0,1228.5038216934222,past_selected
951,2023,10/21/23,Houston,Texas,FOX,later,3080.0,2168.7469694553524,past_selected
952,2023,10/21/23,Miami Ohio,Toledo,ESPNU,later,46.0,100.48875240423732,past_selected
953,2023,10/21/23,North Carolina,Virginia,CW,later,788.0,1104.9458848492927,past_selected
954,2023,10/21/23,Auburn,Mississippi,ESPN,later,1800.0,1734.748817105929,past_selected
955,2023,10/21/23,BYU,Texas Tech,FS1,later,545.0,464.8015894496997,past_selected
956,2023,10/21/23,Old Dominion,Appalachian St.,NFLN,later,60.0,106.43711971068291,past_selected
957,2023,10/21/23,Kansas St.,TCU,ESPN2,later,432.0,545.1854705017838,past_selected
958,2023,10/21/23,Florida St.,Duke,ABC,later,4080.0,2951.9792047391115,past_selected
959,2023,10/21/23,Michigan St.,Michigan,NBC,later,3730.0,4397.07705381151,past_selected
960,2023,10/21/23,USC,Utah,FOX,later,3230.0,2613.411610288765,past_selected
961,2023,10/21/23,Louisiana,Georgia St.,ESPNU,later,25.0,117.00530999459161,past_selected
962,2023,10/21/23,San Diego St.,Nevada,FS2,later,47.0,69.54410857533806,past_selected
963,2023,10/21/23,Stanford,UCLA,ESPN,later,852.0,1275.9617684215427,past_selected
964,2023,10/21/23,Washington,Arizona St.,FS1,later,1080.0,702.3628627364565,past_selected
965,2023,10/24/23,Western Kentucky,Liberty,ESPNU,later,136.0,152.75549774821997,past_selected
966,2023,10/25/23,Sam Houston,UTEP,ESPN2,later,332.0,255.6602075519533,past_selected
967,2023,10/26/23,Georgia Southern,Georgia St.,ESPN2,later,242.0,356.1316763280287,past_selected
968,2023,10/26/23,Virginia Tech,Syracuse,ESPN,later,782.0,1136.5924460884041,past_selected
969,2023,10/27/23,Charlotte,FAU,ESPN2,later,329.0,434.7653515531676,past_selected
970,2023,10/28/23,Wake Forest,Florida St.,ABC,later,2090.0,1873.4671848797893,past_selected
971,2023,10/28/23,Kansas,Oklahoma,FOX,later,3600.0,3130.7375650677454,past_selected
972,2023,10/28/23,Kansas St.,Houston,ESPN2,later,371.0,438.3587244612671,past_selected
973,2023,10/28/23,UCF,West Virginia,FS1,later,409.0,516.4647497874108,past_selected
974,2023,10/28/23,Penn St.,Indiana,CBS,later,3400.0,2588.5383618263168,past_selected
975,2023,10/28/23,Northwestern,Maryland,BTN,later,270.0,269.58202539934155,past_selected
976,2023,10/28/23,Texas A&M,South Carolina,ESPN,later,1900.0,1408.6743533984823,past_selected
977,2023,10/28/23,SMU,Tulsa,ESPNU,later,33.0,153.6751652227022,past_selected
978,2023,10/28/23,North Carolina St.,Clemson,CW,later,642.0,1316.3902375900743,past_selected
979,2023,10/28/23,Utah,Oregon,FOX,later,2810.0,3104.7177189724366,past_selected
980,2023,10/28/23,Nebraska,Purdue,FS1,later,1020.0,735.7903766444558,past_selected
981,2023,10/28/23,Notre Dame,Pittsburgh,NBC,later,1890.0,1762.4526341853511,past_selected
982,2023,10/28/23,Louisville,Duke,ESPN,later,928.0,1326.2893725133772,past_selected
983,2023,10/28/23,Texas,BYU,ABC,later,2380.0,3008.762924997761,past_selected
984,2023,10/28/23,Florida,Georgia,CBS,later,5950.0,5442.810400787945,past_selected
985,2023,10/28/23,Minnesota,Michigan St.,BTN,later,783.0,646.2901931666293,past_selected
986,2023,10/28/23,Rice,Tulane,ESPN2,later,215.0,235.4307185937011,past_selected
987,2023,10/28/23,Boise St.,Wyoming,FS2,later,169.0,286.3848632955691,past_selected
988,2023,10/28/23,Coastal Carolina,Marshall,NFLN,later,60.0,99.6032294874823,past_selected
989,2023,10/28/23,Stanford,Washington,FS1,later,700.0,720.8404431664565,past_selected
990,2023,10/28/23,Kentucky,Tennessee,ESPN,later,2510.0,2583.2705360974483,past_selected
991,2023,10/28/23,Wisconsin,Ohio St.,NBC,later,4870.0,5492.084208480157,past_selected
992,2023,10/28/23,UCLA,Colorado,ABC,later,4660.0,1901.8738223980913,past_selected
993,2023,10/28/23,James Madison,Old Dominion,ESPNU,later,59.0,145.67514868378777,past_selected
994,2023,10/28/23,Oklahoma St.,Cincinnati,ESPN2,later,412.0,645.352854161024,past_selected
995,2023,10/28/23,Arizona,Oregon St.,ESPN,later,1400.0,1169.592916571596,past_selected
996,2023,10/28/23,Fresno St.,UNLV,FS1,later,260.0,250.2490165732762,past_selected
997,2023,10/31/23,Central Michigan,Northern Illinois,ESPNU,later,124.0,169.45435982372692,past_selected
998,2023,10/31/23,Toledo,Buffalo,ESPN2,later,324.0,305.8996564434656,past_selected
999,2023,11/1/23,Bowling Green,Ball St.,ESPN2,later,341.0,274.3205929566575,past_selected
1000,2023,11/1/23,Akron,Kent St.,ESPNU,later,61.0,107.16164995962549,past_selected
1001,2023,11/2/23,Texas Tech,TCU,FS1,later,616.0,472.56010434270473,past_selected
1002,2023,11/2/23,Duke,Wake Forest,ESPN,later,814.0,647.7053430670492,past_selected
1003,2023,11/2/23,Troy,South Alabama,ESPN2,later,223.0,282.55539667432134,past_selected
1004,2023,11/3/23,Syracuse,Boston College,ESPN2,later,1100.0,839.5748201115522,past_selected
1005,2023,11/4/23,Texas,Kansas St.,FOX,later,2950.0,5713.395189993643,past_selected
1006,2023,11/4/23,South Carolina,Jacksonville St.,ESPNU,later,79.0,167.95223890485767,past_selected
1007,2023,11/4/23,Indiana,Wisconsin,BTN,later,491.0,364.77415143322935,past_selected
1008,2023,11/4/23,Clemson,Notre Dame,ABC,later,3240.0,3160.943873412043,past_selected
1009,2023,11/4/23,Michigan St.,Nebraska,FS1,later,900.0,789.520107090009,past_selected
1010,2023,11/4/23,Rutgers,Ohio St.,CBS,later,3960.0,2706.4228490608275,past_selected
1011,2023,11/4/23,Florida,Arkansas,ESPN2,later,1140.0,888.12878686825,past_selected
1012,2023,11/4/23,Mississippi,Texas A&M,ESPN,later,1830.0,1717.8660368196838,past_selected
1013,2023,11/4/23,Virginia,Georgia Tech,CW,later,262.0,498.7906773475619,past_selected
1014,2023,11/4/23,Georgia St.,James Madison,ESPN2,later,276.0,340.94499235900435,past_selected
1015,2023,11/4/23,Oklahoma St.,Oklahoma,ABC,later,3760.0,4126.062014676751,past_selected
1016,2023,11/4/23,Maryland,Penn St.,FOX,later,2390.0,2955.5296924966506,past_selected
1017,2023,11/4/23,Pittsburgh,Florida St.,ESPN,later,1760.0,1442.51951911501,past_selected
1018,2023,11/4/23,Cincinnati,UCF,FS1,later,264.0,413.6665305568215,past_selected
1019,2023,11/4/23,Minnesota,Illinois,BTN,later,499.0,424.02972314023964,past_selected
1020,2023,11/4/23,East Carolina,Tulane,ESPNU,later,76.0,128.51640266825328,past_selected
1021,2023,11/4/23,Georgia,Missouri,CBS,later,7000.0,5056.343856456999,past_selected
1022,2023,11/4/23,Appalachian St.,Marshall,NFLN,later,78.0,132.24977086548827,past_selected
1023,2023,11/4/23,San Diego St.,Utah St.,FS1,later,95.0,155.89131677925295,past_selected
1024,2023,11/4/23,West Virginia,BYU,FOX,later,1260.0,1381.465814446729,past_selected
1025,2023,11/4/23,Iowa St.,Kansas,ESPN,later,1270.0,994.5666643088058,past_selected
1026,2023,11/4/23,USC,Washington,ABC,later,4450.0,3789.82754280201,past_selected
1027,2023,11/4/23,Rice,SMU,ESPNU,later,29.0,88.50968082968646,past_selected
1028,2023,11/4/23,Michigan,Purdue,NBC,later,2600.0,2762.9274397369836,past_selected
1029,2023,11/4/23,Alabama,LSU,CBS,later,8820.0,9560.41128462804,past_selected
1030,2023,11/4/23,Colorado,Oregon St.,ESPN,later,2770.0,1237.4992837429,past_selected
1031,2023,11/4/23,Arizona,UCLA,FS1,later,522.0,600.813582184206,past_selected
1032,2023,11/7/23,Western Michigan,Central Michigan,ESPNU,later,139.0,155.80461332956082,past_selected
1033,2023,11/7/23,Buffalo,Ohio,ESPN2,later,368.0,338.75618063420137,past_selected
1034,2023,11/8/23,Miami Ohio,Akron,ESPNU,later,82.0,120.060659126828,past_selected
1035,2023,11/8/23,Toledo,Eastern Michigan,ESPN2,later,238.0,308.53835131956373,past_selected
1036,2023,11/9/23,Louisville,Virginia,ESPN,later,1290.0,1076.342323895905,past_selected
1037,2023,11/9/23,Louisiana,Southern Miss,ESPNU,later,83.0,108.38618320097693,past_selected
1038,2023,11/10/23,SMU,North Texas,ESPN2,later,618.0,411.5306531256192,past_selected
1039,2023,11/10/23,UNLV,Wyoming,FS1,later,214.0,368.30868525230665,past_selected
1040,2023,11/11/23,Kansas,Texas Tech,FS1,later,780.0,420.56307510243516,past_selected
1041,2023,11/11/23,Clemson,Georgia Tech,ABC,later,1620.0,1311.5773889336447,past_selected
1042,2023,11/11/23,Illinois,Indiana,BTN,later,368.0,261.7047619235446,past_selected
1043,2023,11/11/23,Penn St.,Michigan,FOX,later,9160.0,10689.650047210294,past_selected
1044,2023,11/11/23,Tulane,Tulsa,ESPN2,later,169.0,248.6632361606979,past_selected
1045,2023,11/11/23,Kentucky,Alabama,ESPN,later,2760.0,3656.0103104141917,past_selected
1046,2023,11/11/23,Wake Forest,North Carolina St.,CW,later,289.0,663.1609530108176,past_selected
1047,2023,11/11/23,Missouri,Tennessee,CBS,later,3620.0,4055.9217420069713,past_selected
1048,2023,11/11/23,Washington,Utah,FOX,later,5170.0,3403.2189046307353,past_selected
1049,2023,11/11/23,UCF,Oklahoma St.,ESPN,later,1210.0,1144.9546919054192,past_selected
1050,2023,11/11/23,Iowa,Rutgers,BTN,later,714.0,613.4519986432645,past_selected
1051,2023,11/11/23,Florida St.,Miami,ABC,later,4140.0,3266.1114092409844,past_selected
1052,2023,11/11/23,Wisconsin,Northwestern,FS1,later,612.0,529.0475620905611,past_selected
1053,2023,11/11/23,Purdue,Minnesota,NBC,later,1170.0,1060.2515913448462,past_selected
1054,2023,11/11/23,California,Washington St.,ESPN2,later,263.0,437.2923595823578,past_selected
1055,2023,11/11/23,Oklahoma,West Virginia,FOX,later,2390.0,2798.437757458528,past_selected
1056,2023,11/11/23,Georgia,Mississippi,ESPN,later,4830.0,4827.976840957819,past_selected
1057,2023,11/11/23,Marshall,Georgia Southern,NFLN,later,84.0,103.69777636722532,past_selected
1058,2023,11/11/23,Houston,Cincinnati,FS1,later,176.0,273.65837411005066,past_selected
1059,2023,11/11/23,TCU,Texas,ABC,later,2820.0,2890.4792827528217,past_selected
1060,2023,11/11/23,Ohio St.,Michigan St.,NBC,later,3570.0,4280.142556238078,past_selected
1061,2023,11/11/23,UTSA,Rice,ESPNU,later,22.0,81.90391210946461,past_selected
1062,2023,11/11/23,Texas A&M,Mississippi St.,ESPN2,later,409.0,718.7932449379338,past_selected
1063,2023,11/11/23,Boise St.,New Mexico,FS1,later,164.0,155.53900862277564,past_selected
1064,2023,11/11/23,BYU,Iowa St.,ESPN,later,943.0,1144.0867329914886,past_selected
1065,2023,11/11/23,Oregon,USC,FOX,later,3010.0,3434.6584295213615,past_selected
1066,2023,11/14/23,Bowling Green,Toledo,ESPN2,later,403.0,311.8525917659071,past_selected
1067,2023,11/14/23,Northern Illinois,Western Michigan,ESPNU,later,47.0,177.02143356508367,past_selected
1068,2023,11/15/23,Miami Ohio,Buffalo,ESPN2,later,385.0,327.55073997968185,past_selected
1069,2023,11/15/23,Ohio,Central Michigan,ESPNU,later,90.0,161.25228791311275,past_selected
1070,2023,11/16/23,Pittsburgh,Boston College,ESPN,later,1030.0,804.6755584538533,past_selected
1071,2023,11/17/23,UTSA,South Florida,ESPN2,later,429.0,393.12527524202255,past_selected
1072,2023,11/17/23,Washington St.,Colorado,FS1,later,727.0,646.8317177361923,past_selected
1073,2023,11/18/23,Maryland,Michigan,FOX,later,5430.0,5372.321194562468,past_selected
1074,2023,11/18/23,BYU,Oklahoma,ESPN,later,2170.0,1816.3426441212164,past_selected
1075,2023,11/18/23,Miami,Louisville,ABC,later,2890.0,2645.9560915521356,past_selected
1076,2023,11/18/23,Penn St.,Rutgers,FS1,later,765.0,864.1678843494747,past_selected
1077,2023,11/18/23,Memphis,SMU,ESPN2,later,276.0,318.1473845390943,past_selected
1078,2023,11/18/23,Virginia,Duke,CW,later,307.0,517.2206459218182,past_selected
1079,2023,11/18/23,Troy,Louisiana,NFLN,later,33.0,47.51060006342908,past_selected
1080,2023,11/18/23,USC,UCLA,ABC,later,2650.0,1813.8935102883738,past_selected
1081,2023,11/18/23,Tennessee,Georgia,CBS,later,5730.0,7480.44422618358,past_selected
1082,2023,11/18/23,Notre Dame,Wake Forest,NBC,later,1480.0,1194.385681473252,past_selected
1083,2023,11/18/23,Iowa,Illinois,FS1,later,847.0,608.8333786399405,past_selected
1084,2023,11/18/23,Clemson,North Carolina,ESPN,later,1760.0,1347.3693306504604,past_selected
1085,2023,11/18/23,Ohio St.,Minnesota,BTN,later,2020.0,1556.5683268967562,past_selected
1086,2023,11/18/23,Arizona St.,Oregon,FOX,later,1900.0,2231.4059024558555,past_selected
1087,2023,11/18/23,Houston,Oklahoma St.,ESPN2,later,704.0,439.18370854047464,past_selected
1088,2023,11/18/23,Texas Tech,UCF,FS2,later,270.0,236.3218331361565,past_selected
1089,2023,11/18/23,Florida St.,North Alabama,CW,later,1330.0,862.6790424411423,past_selected
1090,2023,11/18/23,Kansas,Kansas St.,FS1,later,869.0,518.0028023145046,past_selected
1091,2023,11/18/23,Arkansas,FIU,ESPNU,later,173.0,165.54471402716194,past_selected
1092,2023,11/18/23,Oregon St.,Washington,ABC,later,4730.0,3741.1757732831525,past_selected
1093,2023,11/18/23,Missouri,Florida,ESPN,later,2270.0,2013.0539768567605,past_selected
1094,2023,11/18/23,Wisconsin,Nebraska,NBC,later,2450.0,2070.2136072414987,past_selected
1095,2023,11/18/23,Iowa St.,Texas,FOX,later,2470.0,3836.30840440634,past_selected
1096,2023,11/18/23,LSU,Georgia St.,ESPN2,later,741.0,780.3694987602416,past_selected
1097,2023,11/18/23,Fresno St.,New Mexico,FS1,later,255.0,144.4006697763397,past_selected
1098,2023,11/21/23,Western Michigan,Bowling Green,ESPNU,later,116.0,146.54627462642566,past_selected
1099,2023,11/21/23,Buffalo,Eastern Michigan,ESPN2,later,384.0,295.0212389686819,past_selected
1100,2023,11/23/23,Mississippi St.,Mississippi,ESPN,later,2290.0,1855.1737381684507,past_selected
1101,2023,11/24/23,Oklahoma,TCU,FOX,later,2220.0,3083.4229225808763,past_selected
1102,2023,11/24/23,Nebraska,Iowa,CBS,later,4390.0,5283.100505766622,past_selected
1103,2023,11/24/23,Boston College,Miami,ABC,later,1430.0,1749.5816989263453,past_selected
1104,2023,11/24/23,Central Michigan,Toledo,ESPNU,later,74.0,174.25315866427985,past_selected
1105,2023,11/24/23,Temple,Memphis,ESPN,later,394.0,422.9498658941271,past_selected
1106,2023,11/24/23,Tulane,UTSA,ABC,later,1720.0,1624.7780157837608,past_selected
1107,2023,11/24/23,Arkansas,Missouri,CBS,later,4090.0,4108.357993798222,past_selected
1108,2023,11/24/23,Boise St.,Air Force,FS1,later,409.0,458.70134230243616,past_selected
1109,2023,11/24/23,Michigan St.,Penn St.,NBC,later,3380.0,4298.387664153497,past_selected
1110,2023,11/24/23,Texas,Texas Tech,ABC,later,3770.0,4704.185041937251,past_selected
1111,2023,11/24/23,Oregon,Oregon St.,FOX,later,4120.0,5379.990099088892,past_selected
1112,2023,11/25/23,Purdue,Indiana,BTN,later,246.0,233.48877155467113,past_selected
1113,2023,11/25/23,Louisville,Kentucky,ABC,later,1570.0,2084.2816016263114,past_selected
1114,2023,11/25/23,LSU,Texas A&M,ESPN,later,2000.0,2283.475341274381,past_selected
1115,2023,11/25/23,Southern Miss,Troy,ESPNU,later,31.0,75.46961126198806,past_selected
1116,2023,11/25/23,UCF,Houston,FS1,later,185.0,207.08490013970618,past_selected
1117,2023,11/25/23,SMU,Navy,ESPN2,later,76.0,223.3798825437607,past_selected
1118,2023,11/25/23,Syracuse,Wake Forest,CW,later,248.0,659.8712217630529,past_selected
1119,2023,11/25/23,Arizona St.,Arizona,ESPN,later,740.0,1324.4665077940667,past_selected
1120,2023,11/25/23,Auburn,Alabama,CBS,later,9090.0,8473.466302464949,past_selected
1121,2023,11/25/23,Minnesota,Wisconsin,FS1,later,1230.0,975.9539126089206,past_selected
1122,2023,11/25/23,Appalachian St.,Georgia Southern,ESPNU,later,53.0,132.37116404238168,past_selected
1123,2023,11/25/23,Coastal Carolina,James Madison,ESPN2,later,139.0,263.59156090581973,past_selected
1124,2023,11/25/23,Oklahoma St.,BYU,ABC,later,2390.0,1631.9798066871426,past_selected
1125,2023,11/25/23,Washington,Washington St.,FOX,later,5850.0,3488.2474862394583,past_selected
1126,2023,11/25/23,Florida,Florida St.,ESPN,later,5070.0,3534.0452224209394,past_selected
1127,2023,11/25/23,Baylor,West Virginia,FS1,later,691.0,602.6753858393001,past_selected
1128,2023,11/25/23,Texas St.,South Alabama,NFLN,later,79.0,84.69711148547883,past_selected
1129,2023,11/25/23,Georgia Tech,Georgia,ABC,later,5330.0,4104.437662766779,past_selected
1130,2023,11/25/23,Cincinnati,Kansas,ESPN2,later,374.0,553.805113470045,past_selected
1131,2023,11/26/23,South Florida,Charlotte,ESPNU,later,17.0,177.34705445625087,past_selected
1132,2023,11/25/23,Kansas St.,Iowa St.,FOX,later,3290.0,2039.241420413443,past_selected
1133,2023,11/25/23,UCLA,California,ESPN,later,1660.0,1253.0158367371532,past_selected
1134,2023,11/25/23,San Diego St.,Fresno St.,FS1,later,198.0,223.77462745320122,past_selected
1135,2023,12/1/23,Washington,Oregon,ABC,later,9250.0,9610.001677967399,past_selected
1136,2023,12/2/23,Texas,Oklahoma St.,ABC,later,7890.0,8627.907338715511,past_selected
1137,2023,12/2/23,Toledo,Miami Ohio,ESPN,later,1290.0,522.7420282538221,past_selected
1138,2023,12/2/23,UNLV,Boise St.,FOX,later,1260.0,796.5029451808036,past_selected
1139,2023,12/2/23,Alabama,Georgia,CBS,later,17520.0,15978.59358857136,past_selected
1140,2023,12/2/23,Troy,Appalachian St.,ESPN,later,372.0,490.16689676403064,past_selected
1141,2023,12/2/23,Tulane,SMU,ABC,later,1880.0,1736.074324995081,past_selected
1142,2023,12/2/23,Iowa,Michigan,FOX,later,10020.0,10580.80302591171,past_selected
1143,2023,12/2/23,Florida St.,Louisville,ABC,later,7030.0,4623.005433907579,past_selected
1144,2023,12/9/23,Army,Navy,CBS,later,7180.0,6187.606667963241,past_selected
361,2024,9/1/24,USC,LSU,ABC,Week1,8620.0,8179.730631067696,past_selected
362,2024,8/31/24,Notre Dame,Texas A&M,ABC,Week1,7920.0,7481.331997329348,past_selected
363,2024,8/31/24,Clemson,Georgia,ABC,Week1,7580.0,6642.857464311622,past_selected
364,2024,8/31/24,Miami,Florida,ABC,Week1,6350.0,3980.907023838087,past_selected
365,2024,8/24/24,Florida St.,Georgia Tech,ESPN,Week0,4990.0,3065.5293963590047,past_selected
366,2024,9/2/24,Boston College,Florida St.,ESPN,Week1,4440.0,4798.273188351284,past_selected
367,2024,8/31/24,Penn St.,West Virginia,FOX,Week1,2990.0,4801.101168332709,past_selected
368,2024,8/31/24,Akron,Ohio St.,CBS,Week1,2970.0,2522.869296508574,past_selected
369,2024,8/31/24,Fresno St.,Michigan,NBC,Week1,2560.0,2340.962369820084,past_selected
370,2024,8/31/24,Western Kentucky,Alabama,ESPN,Week1,1850.0,1700.5358259120371,past_selected
371,2024,8/31/24,Colorado St.,Texas,ESPN,Week1,1840.0,1959.9910118390067,past_selected
372,2024,8/29/24,North Carolina,Minnesota,FOX,Week1,1830.0,1997.7537263647794,past_selected
373,2024,8/31/24,UTEP,Nebraska,FOX,Week1,1670.0,2013.4645463528161,past_selected
374,2024,8/30/24,Temple,Oklahoma,ESPN,Week1,1650.0,1625.4318097220523,past_selected
375,2024,8/30/24,TCU,Stanford,ESPN,Week1,1490.0,1188.1448221468206,past_selected
376,2024,8/31/24,Virginia Tech,Vanderbilt,ESPN,Week1,1450.0,863.3337555983348,past_selected
377,2024,8/31/24,UCLA,Hawaii,CBS,Week1,1130.0,974.5498411984995,past_selected
378,2024,8/30/24,Western Michigan,Wisconsin,FS1,Week1,963.0,658.6097842253989,past_selected
379,2024,8/31/24,New Mexico,Arizona,ESPN,Week1,953.0,852.4326191756741,past_selected
380,2024,8/30/24,FAU,Michigan St.,BTN,Week1,744.0,697.3017524116484,past_selected
381,2024,8/31/24,Idaho,Oregon,BTN,Week1,425.0,459.2568054593851,past_selected
382,2024,8/31/24,North Dakota,Iowa St.,FS1,Week1,315.0,350.92735303871723,past_selected
383,2024,8/29/24,Howard,Rutgers,BTN,Week1,269.0,292.31920937878925,past_selected
384,2024,8/31/24,Wyoming,Arizona St.,FS1,Week1,253.0,343.45839155348654,past_selected
385,2024,8/31/24,UNLV,Houston,FS1,Week1,172.0,278.4083093415601,past_selected
386,2024,8/31/24,Boise St.,Georgia Southern,ESPNU,Week1,158.0,137.29470174742033,past_selected
387,2024,8/31/24,Connecticut,Maryland,FS1,Week1,133.0,231.621727005075,past_selected
388,2024,8/29/24,Eastern Illinois,Illinois,BTN,Week1,112.0,233.55477897023582,past_selected
389,2024,8/31/24,Kent St.,Pittsburgh,ESPNU,Week1,82.0,155.97085515569196,past_selected
390,2024,9/6/24,SMU,BYU,ESPN2,later,917.0,775.1382942088638,past_selected
391,2024,9/7/24,Northwestern,Duke,FS1,later,514.0,288.1307533093589,past_selected
392,2024,9/7/24,Michigan,Texas,FOX,later,9190.0,11061.280362905067,past_selected
393,2024,9/7/24,Oklahoma St.,Arkansas,ABC,later,2800.0,2504.0566788599644,past_selected
394,2024,9/7/24,Tulane,Kansas St.,ESPN,later,790.0,777.8271549269116,past_selected
395,2024,9/7/24,Memphis,Troy,ESPNU,later,20.0,72.30913321009882,past_selected
396,2024,9/7/24,Cincinnati,Pittsburgh,ESPN2,later,304.0,513.4067936016096,past_selected
397,2024,9/7/24,Notre Dame,Northern Illinois,ABC,later,3930.0,3013.9973346416946,past_selected
398,2024,9/7/24,Utah,Baylor,FOX,later,2080.0,1649.1833359993207,past_selected
399,2024,9/7/24,Wisconsin,South Dakota,FS1,later,537.0,467.87457684201524,past_selected
400,2024,9/7/24,Kentucky,South Carolina,ABC,later,2730.0,2351.2554383457145,past_selected
401,2024,9/7/24,Auburn,California,ESPN2,later,1120.0,808.9901337735427,past_selected
402,2024,9/7/24,Iowa,Iowa St.,CBS,later,2280.0,2661.3694656815032,past_selected
403,2024,9/7/24,Texas St.,UTSA,ESPNU,later,24.0,71.29248933726821,past_selected
404,2024,9/7/24,Virginia Tech,Marshall,CW,later,407.0,555.3939195763508,past_selected
405,2024,9/7/24,Wake Forest,Virginia,ESPN2,later,358.0,394.6132640359101,past_selected
406,2024,9/7/24,Alabama,South Florida,ESPN,later,2580.0,1913.2269757871554,past_selected
407,2024,9/7/24,Illinois,Kansas,FS1,later,841.0,587.2839679993783,past_selected
408,2024,9/7/24,Ohio St.,Western Michigan,BTN,later,1720.0,1209.6299590811745,past_selected
409,2024,9/7/24,North Carolina St.,Tennessee,ABC,later,2960.0,3848.159479972939,past_selected
410,2024,9/7/24,Vanderbilt,Alcorn State,ESPNU,later,17.0,112.14933474418083,past_selected
411,2024,9/7/24,Nebraska,Colorado,NBC,later,5670.0,5228.564563223559,past_selected
412,2024,9/7/24,New Mexico St.,Liberty,ESPN2,later,160.0,259.5910656307859,past_selected
413,2024,9/7/24,Arizona St.,Mississippi St.,ESPN,later,954.0,1298.2820371268235,past_selected
414,2024,9/7/24,USC,Utah St.,BTN,later,589.0,623.3850303119224,past_selected
415,2024,9/12/24,Texas St.,Arizona St.,ESPN,later,993.0,825.1567155707005,past_selected
416,2024,9/13/24,Kansas,UNLV,ESPN,later,1320.0,1310.8847203475418,past_selected
417,2024,9/13/24,Kansas St.,Arizona,FOX,later,2580.0,3692.584768082201,past_selected
418,2024,9/14/24,South Carolina,LSU,ABC,later,4940.0,3929.2217203486443,past_selected
419,2024,9/14/24,Miami Ohio,Cincinnati,ESPNU,later,51.0,155.36065091411064,past_selected
420,2024,9/14/24,Michigan,Arkansas St.,BTN,later,979.0,597.5964094265893,past_selected
421,2024,9/14/24,Texas Tech,North Texas,FS1,later,138.0,285.26041827722054,past_selected
422,2024,9/14/24,Florida St.,Memphis,ESPN,later,1590.0,1150.000966855261,past_selected
423,2024,9/14/24,Wisconsin,Alabama,FOX,later,5030.0,6848.6847303691375,past_selected
424,2024,9/14/24,Tulsa,Oklahoma St.,ESPN2,later,308.0,526.737196814303,past_selected
425,2024,9/14/24,Pittsburgh,West Virginia,ESPN2,later,1150.0,1044.4349407408513,past_selected
426,2024,9/14/24,Purdue,Notre Dame,CBS,later,2280.0,3592.558347589423,past_selected
427,2024,9/14/24,Oklahoma,Tulane,ESPN,later,1390.0,1303.642436030344,past_selected
428,2024,9/14/24,Florida,Texas A&M,ABC,later,4800.0,4214.215575808533,past_selected
429,2024,9/14/24,Oregon St.,Oregon,FOX,later,2820.0,2975.925066020298,past_selected
430,2024,9/14/24,East Carolina,Appalachian St.,ESPNU,later,81.0,157.66073230951073,past_selected
431,2024,9/14/24,Iowa,Troy,FS1,later,446.0,372.3277694177282,past_selected
432,2024,9/14/24,Wake Forest,Mississippi,CW,later,419.0,850.7239280702513,past_selected
433,2024,9/14/24,Texas,UTSA,ESPN,later,1480.0,1532.9798596267658,past_selected
434,2024,9/14/24,Mississippi St.,Toledo,ESPNU,later,69.0,132.92333163890436,past_selected
435,2024,9/14/24,Auburn,New Mexico,ESPN2,later,662.0,456.14269801603814,past_selected
436,2024,9/14/24,Baylor,Air Force,FS1,later,128.0,290.71505152858083,past_selected
437,2024,9/14/24,UCLA,Indiana,NBC,later,1290.0,1097.8665453510112,past_selected
438,2024,9/14/24,Kentucky,Georgia,ABC,later,6600.0,4282.57664320206,past_selected
439,2024,9/14/24,Colorado St.,Colorado,CBS,later,3250.0,3291.5722397250047,past_selected
440,2024,9/14/24,TCU,UCF,FOX,later,1030.0,1479.6197160347501,past_selected
441,2024,9/14/24,California,San Diego St.,ESPN,later,938.0,825.4439144224955,past_selected
442,2024,9/19/24,Appalachian St.,South Alabama,ESPN,later,629.0,860.5455454925102,past_selected
443,2024,9/20/24,Syracuse,Stanford,ESPN,later,1370.0,1276.177950940265,past_selected
444,2024,9/20/24,Nebraska,Illinois,FOX,later,4210.0,4335.757545549986,past_selected
445,2024,9/20/24,Washington St.,San Jose St.,CW,later,542.0,811.9315670562266,past_selected
446,2024,9/21/24,Ohio St.,Marshall,FOX,later,3960.0,3334.327020115862,past_selected
447,2024,9/21/24,West Virginia,Kansas,ESPN2,later,1150.0,821.1425981096041,past_selected
448,2024,9/21/24,Louisiana,Tulane,ESPNU,later,86.0,93.2440541692659,past_selected
449,2024,9/21/24,Mississippi St.,Florida,ESPN,later,2640.0,2367.9353310971146,past_selected
450,2024,9/21/24,Cincinnati,Houston,FS1,later,195.0,368.3380366635737,past_selected
451,2024,9/21/24,Clemson,North Carolina St.,ABC,later,1950.0,2453.149627592331,past_selected
452,2024,9/21/24,Notre Dame,Miami Ohio,NBC,later,1690.0,1794.1800494591116,past_selected
453,2024,9/21/24,Auburn,Arkansas,ESPN,later,2020.0,1647.789657283444,past_selected
454,2024,9/21/24,Louisville,Georgia Tech,ESPN2,later,782.0,464.24791973161507,past_selected
455,2024,9/21/24,Michigan,USC,CBS,later,6320.0,4124.820450930914,past_selected
456,2024,9/21/24,Texas Tech,Arizona St.,FS1,later,410.0,508.9542648343307,past_selected
457,2024,9/21/24,Penn St.,Kent St.,BTN,later,434.0,695.5677897113092,past_selected
458,2024,9/21/24,LSU,UCLA,ABC,later,2730.0,3083.1016415612053,past_selected
459,2024,9/21/24,Oklahoma St.,Utah,FOX,later,2140.0,2555.5127141821704,past_selected
460,2024,9/21/24,Middle Tennessee St.,Duke,ESPNU,later,53.0,91.97130132152347,past_selected
461,2024,9/21/24,SMU,TCU,CW,later,322.0,380.25834756694246,past_selected
462,2024,9/21/24,Florida St.,California,ESPN2,later,887.0,749.9556602682932,past_selected
463,2024,9/21/24,South Florida,Miami,ESPN,later,1250.0,871.3160065707991,past_selected
464,2024,9/21/24,Washington,Northwestern,FS1,later,378.0,513.9704395905841,past_selected
465,2024,9/21/24,Minnesota,Iowa,NBC,later,1890.0,1545.9612171554525,past_selected
466,2024,9/21/24,Oklahoma,Tennessee,ABC,later,6270.0,6013.176966543253,past_selected
467,2024,9/21/24,South Carolina,Akron,ESPNU,later,89.0,182.42415883860724,past_selected
468,2024,9/21/24,Colorado,Baylor,FOX,later,3640.0,3277.9284942498552,past_selected
469,2024,9/21/24,Oregon St.,Purdue,CW,later,452.0,733.5089347979999,past_selected
470,2024,9/21/24,Boise St.,Portland State,FS1,later,248.0,257.1359140833987,past_selected
471,2024,9/21/24,BYU,Kansas St.,ESPN,later,1500.0,1739.8546777400247,past_selected
472,2024,9/26/24,Temple,Army,ESPN,later,684.0,815.1020663230113,past_selected
473,2024,9/27/24,Miami,Virginia Tech,ESPN,later,3260.0,2998.899107187077,past_selected
474,2024,9/27/24,Rutgers,Washington,FOX,later,1930.0,2299.5731289920304,past_selected
475,2024,9/28/24,Kansas St.,Oklahoma St.,ESPN,later,1880.0,2346.833332776479,past_selected
476,2024,9/28/24,Indiana,Maryland,BTN,later,547.0,383.5099160124764,past_selected
477,2024,9/28/24,Tulane,South Florida,ESPNU,later,41.0,92.70033409172589,past_selected
478,2024,9/28/24,Baylor,BYU,FS1,later,428.0,560.2136712349459,past_selected
479,2024,9/28/24,UAB,Navy,ESPN2,later,185.0,310.45745459595025,past_selected
480,2024,9/28/24,Mississippi,Kentucky,ABC,later,3990.0,3160.0085887768196,past_selected
481,2024,9/28/24,North Carolina St.,Northern Illinois,CW,later,427.0,390.2269256121901,past_selected
482,2024,9/28/24,Michigan,Minnesota,FOX,later,3600.0,3649.864537833914,past_selected
483,2024,9/28/24,UCF,Colorado,FOX,later,4170.0,5079.084526665974,past_selected
484,2024,9/28/24,Auburn,Oklahoma,ABC,later,5040.0,4321.514557151531,past_selected
485,2024,9/28/24,Georgia St.,Georgia Southern,ESPNU,later,29.0,78.24700313478039,past_selected
486,2024,9/28/24,Texas A&M,Arkansas,ESPN,later,1800.0,2271.2653875005108,past_selected
487,2024,9/28/24,UNLV,Fresno St.,FS1,later,174.0,286.3631264479999,past_selected
488,2024,9/28/24,Duke,North Carolina,ESPN2,later,521.0,591.2520703132336,past_selected
489,2024,9/28/24,Houston,Iowa St.,FS1,later,372.0,440.65794054579226,past_selected
490,2024,9/28/24,Clemson,Stanford,ESPN,later,1000.0,1251.4624605239062,past_selected
491,2024,9/28/24,Memphis,Middle Tennessee St.,ESPNU,later,39.0,75.82733651851768,past_selected
492,2024,9/28/24,Alabama,Georgia,ABC,later,11990.0,11638.184856284506,past_selected
493,2024,9/28/24,Penn St.,Illinois,NBC,later,3090.0,2557.1710491234253,past_selected
494,2024,9/28/24,Texas Tech,Cincinnati,ESPN2,later,417.0,503.2459359246568,past_selected
495,2024,9/28/24,Boise St.,Washington St.,FS1,later,535.0,520.7965332445142,past_selected
496,2024,9/28/24,Utah,Arizona,ESPN,later,907.0,1401.6931720047799,past_selected
497,2024,9/28/24,UCLA,Oregon,FOX,later,1500.0,2493.680290326831,past_selected
498,2024,10/3/24,Troy,Texas St.,ESPN2,later,343.0,266.84841985335623,past_selected
499,2024,10/4/24,TCU,Houston,ESPN,later,1510.0,963.7515225279393,past_selected
500,2024,10/4/24,UNLV,Syracuse,FS1,later,698.0,544.8948209298189,past_selected
501,2024,10/4/24,Oregon,Michigan St.,FOX,later,2840.0,4096.241046704562,past_selected
502,2024,10/5/24,Texas A&M,Missouri,ABC,later,3270.0,3997.9474805086634,past_selected
503,2024,10/5/24,Tulsa,Army,ESPNU,later,72.0,187.6064567788361,past_selected
504,2024,10/5/24,Air Force,Navy,CBS,later,1280.0,1207.267515115892,past_selected
505,2024,10/5/24,North Carolina St.,Wake Forest,CW,later,446.0,382.00245567099216,past_selected
506,2024,10/5/24,North Carolina,Pittsburgh,ESPN2,later,645.0,675.7813551689793,past_selected
507,2024,10/5/24,Louisville,SMU,ESPN,later,1410.0,796.4770810878308,past_selected
508,2024,10/5/24,Penn St.,UCLA,FOX,later,2750.0,3959.8643428685364,past_selected
509,2024,10/5/24,Wisconsin,Purdue,BTN,later,588.0,673.7071487241521,past_selected
510,2024,10/5/24,Charlotte,East Carolina,ESPNU,later,28.0,40.01007922434057,past_selected
511,2024,10/5/24,Ohio St.,Iowa,CBS,later,4460.0,5319.756618111958,past_selected
512,2024,10/5/24,Northwestern,Indiana,BTN,later,439.0,518.1299960307354,past_selected
513,2024,10/5/24,South Carolina,Mississippi,ESPN,later,1230.0,2056.9173078145186,past_selected
514,2024,10/5/24,Georgia,Auburn,ABC,later,4930.0,5093.139579888708,past_selected
515,2024,10/5/24,Nebraska,Rutgers,FS1,later,1030.0,900.9100399744332,past_selected
516,2024,10/5/24,Oklahoma St.,West Virginia,ESPN2,later,634.0,813.94025169286,past_selected
517,2024,10/5/24,Oregon St.,Colorado St.,CW,later,568.0,449.0058319281332,past_selected
518,2024,10/5/24,Florida St.,Clemson,ESPN,later,1410.0,2147.513545622406,past_selected
519,2024,10/5/24,Boise St.,Utah St.,FS2,later,239.0,251.96622023088065,past_selected
520,2024,10/5/24,Louisiana Monroe,James Madison,ESPNU,later,42.0,72.13084913209948,past_selected
521,2024,10/5/24,Iowa St.,Baylor,FOX,later,1200.0,1636.0155890065234,past_selected
522,2024,10/5/24,Minnesota,USC,BTN,later,701.0,735.9510863267093,past_selected
523,2024,10/5/24,Arkansas,Tennessee,ABC,later,5290.0,4805.991121789071,past_selected
524,2024,10/5/24,Washington,Michigan,NBC,later,4040.0,3612.4703973846426,past_selected
525,2024,10/5/24,Arizona St.,Kansas,ESPN2,later,525.0,465.20347358070484,past_selected
526,2024,10/5/24,California,Miami,ESPN,later,1920.0,2009.576880718335,past_selected
527,2024,10/5/24,Arizona,Texas Tech,FOX,later,943.0,1785.3056276720572,past_selected
528,2024,10/9/24,Jacksonville St.,New Mexico St.,ESPN2,later,310.0,319.05803052281277,past_selected
529,2024,10/10/24,James Madison,Coastal Carolina,ESPN2,later,390.0,326.7967485613397,past_selected
530,2024,10/10/24,Western Kentucky,UTEP,ESPNU,later,81.0,94.17735466675197,past_selected
531,2024,10/11/24,Maryland,Northwestern,FS1,later,712.0,557.0261904539034,past_selected
532,2024,10/11/24,Arizona St.,Utah,ESPN,later,1290.0,1344.953166461375,past_selected
533,2024,10/12/24,Rutgers,Wisconsin,BTN,later,620.0,565.5156300214585,past_selected
534,2024,10/12/24,Iowa,Washington,FOX,later,2370.0,2185.7853648446526,past_selected
535,2024,10/12/24,Alabama,South Carolina,ABC,later,6000.0,5921.284121086561,past_selected
536,2024,10/12/24,Buffalo,Toledo,ESPNU,later,40.0,75.12472328636645,past_selected
537,2024,10/12/24,Massachusetts,Missouri,ESPN2,later,276.0,344.99276816587195,past_selected
538,2024,10/12/24,Wake Forest,Clemson,ESPN,later,1300.0,1323.6064835704215,past_selected
539,2024,10/12/24,North Carolina,Georgia Tech,CW,later,541.0,434.8137706880259,past_selected
540,2024,10/12/24,Illinois,Purdue,FS1,later,440.0,555.811277825871,past_selected
541,2024,10/12/24,UCF,Cincinnati,ESPN2,later,280.0,473.3188013593018,past_selected
542,2024,10/12/24,Pittsburgh,California,ESPN,later,741.0,1065.1355808090843,past_selected
543,2024,10/12/24,USC,Penn St.,CBS,later,4280.0,3714.4627755659412,past_selected
544,2024,10/12/24,Oklahoma,Texas,ABC,later,7630.0,6392.789335262849,past_selected
545,2024,10/12/24,Notre Dame,Stanford,NBC,later,1870.0,1777.8038011992687,past_selected
546,2024,10/12/24,Central Michigan,Ohio,ESPNU,later,24.0,71.1066806245401,past_selected
547,2024,10/12/24,BYU,Arizona,FOX,later,1310.0,2067.8250236960675,past_selected
548,2024,10/12/24,FAU,North Texas,ESPN2,later,82.0,158.41042329226605,past_selected
549,2024,10/12/24,Fresno St.,Washington St.,FS1,later,246.0,296.81647031539654,past_selected
550,2024,10/12/24,Tennessee,Florida,ESPN,later,3250.0,3139.4285698155263,past_selected
551,2024,10/12/24,LSU,Mississippi,ABC,later,4240.0,4922.451577461654,past_selected
552,2024,10/12/24,Oregon,Ohio St.,NBC,later,9600.0,5079.938834500298,past_selected
553,2024,10/12/24,West Virginia,Iowa St.,FOX,later,1220.0,2172.4427997837465,past_selected
554,2024,10/12/24,Georgia Southern,Marshall,ESPNU,later,15.0,80.35350531505722,past_selected
555,2024,10/12/24,UCLA,Minnesota,BTN,later,312.0,359.58348950327616,past_selected
556,2024,10/12/24,Colorado,Kansas St.,ESPN,later,3260.0,4421.67578048767,past_selected
557,2024,10/15/24,South Alabama,Troy,ESPN2,later,352.0,223.54225186409894,past_selected
558,2024,10/15/24,New Mexico St.,Louisiana Tech,ESPNU,later,64.0,72.08658417004192,past_selected
559,2024,10/16/24,Sam Houston,Western Kentucky,ESPN2,later,403.0,306.2684643276681,past_selected
560,2024,10/17/24,Marshall,Georgia St.,ESPN2,later,209.0,329.2095220990665,past_selected
561,2024,10/17/24,Virginia Tech,Boston College,ESPN,later,712.0,1073.3504310804633,past_selected
562,2024,10/18/24,Duke,Florida St.,ESPN,later,1260.0,1276.7095782344547,past_selected
563,2024,10/18/24,Purdue,Oregon,FOX,later,2150.0,3771.125214716652,past_selected
564,2024,10/18/24,BYU,Oklahoma St.,ESPN,later,1660.0,1709.6461814878612,past_selected
565,2024,10/19/24,Missouri,Auburn,ESPN,later,2450.0,1627.3028452638134,past_selected
566,2024,10/19/24,Indiana,Nebraska,FOX,later,3180.0,3746.1273400843484,past_selected
567,2024,10/19/24,Louisville,Miami,ABC,later,4070.0,2761.943357553163,past_selected
568,2024,10/19/24,Rutgers,UCLA,FS1,later,426.0,398.08539972988854,past_selected
569,2024,10/19/24,Coastal Carolina,Louisiana,ESPNU,later,54.0,81.70643273436227,past_selected
570,2024,10/19/24,Northwestern,Wisconsin,BTN,later,502.0,522.7813321985625,past_selected
571,2024,10/19/24,Army,East Carolina,ESPN2,later,323.0,632.8364683088321,past_selected
572,2024,10/19/24,Illinois,Michigan,CBS,later,3010.0,3183.8418004075356,past_selected
573,2024,10/19/24,Tennessee,Alabama,ABC,later,10230.0,8698.875938379002,past_selected
574,2024,10/19/24,Georgia Tech,Notre Dame,ESPN,later,1590.0,1556.5191418745962,past_selected
575,2024,10/19/24,Washington St.,Hawaii,CW,later,258.0,293.7496374447365,past_selected
576,2024,10/19/24,Texas Tech,Baylor,ESPN2,later,316.0,466.40694139446623,past_selected
577,2024,10/19/24,Maryland,USC,FS1,later,516.0,440.6635097402507,past_selected
578,2024,10/19/24,Arizona,Colorado,FOX,later,2020.0,2947.720920214816,past_selected
579,2024,10/19/24,Arkansas,LSU,ESPN,later,1360.0,2835.2417033304787,past_selected
580,2024,10/19/24,Iowa St.,UCF,FS1,later,526.0,693.6727176464453,past_selected
581,2024,10/19/24,Memphis,North Texas,ESPNU,later,30.0,90.23423142291767,past_selected
582,2024,10/19/24,Michigan St.,Iowa,NBC,later,1570.0,2046.2956979543997,past_selected
583,2024,10/19/24,West Virginia,Kansas St.,FOX,later,1140.0,2032.140227937311,past_selected
584,2024,10/19/24,Texas,Georgia,ABC,later,13190.0,8668.892989070127,past_selected
585,2024,10/19/24,Oregon St.,UNLV,CW,later,507.0,595.4207036238558,past_selected
586,2024,10/19/24,Utah,TCU,ESPN,later,912.0,1018.6631594885132,past_selected
587,2024,10/22/24,FIU,Sam Houston,ESPNU,later,132.0,96.7940471567713,past_selected
588,2024,10/23/24,Jacksonville St.,Middle Tennessee St.,ESPN2,later,434.0,267.26548284639676,past_selected
589,2024,10/24/24,Old Dominion,Georgia Southern,ESPN2,later,214.0,283.1746974237998,past_selected
590,2024,10/24/24,Pittsburgh,Syracuse,ESPN,later,948.0,1610.5793497085779,past_selected
591,2024,10/25/24,Boston College,Louisville,ESPN2,later,879.0,867.5533586349871,past_selected
592,2024,10/25/24,USC,Rutgers,FOX,later,2010.0,1847.1532402402102,past_selected
593,2024,10/26/24,Navy,Notre Dame,ABC,later,2790.0,3583.4970568308636,past_selected
594,2024,10/26/24,Memphis,Charlotte,ESPNU,later,41.0,40.612641679784254,past_selected
595,2024,10/26/24,Indiana,Washington,BTN,later,1070.0,560.2608538544035,past_selected
596,2024,10/26/24,North Texas,Tulane,ESPN2,later,130.0,186.2670320375626,past_selected
597,2024,10/26/24,Ohio St.,Nebraska,FOX,later,5960.0,7756.021935958468,past_selected
598,2024,10/26/24,Mississippi,Oklahoma,ESPN,later,2600.0,1990.6889059728492,past_selected
599,2024,10/26/24,Virginia,North Carolina,CW,later,398.0,468.52325900841385,past_selected
600,2024,10/26/24,Minnesota,Maryland,FS1,later,340.0,507.3188886160269,past_selected
601,2024,10/26/24,Alabama,Missouri,ABC,later,5540.0,5391.346020274972,past_selected
602,2024,10/26/24,Iowa,Northwestern,BTN,later,609.0,532.1552194244025,past_selected
603,2024,10/26/24,Oregon,Illinois,CBS,later,2750.0,3942.32420952619,past_selected
604,2024,10/26/24,UCF,BYU,ESPN,later,1240.0,1256.9108184535105,past_selected
605,2024,10/26/24,TCU,Texas Tech,FOX,later,2360.0,1717.780772873748,past_selected
606,2024,10/26/24,California,Oregon St.,ESPN2,later,183.0,468.2586976319544,past_selected
607,2024,10/26/24,Arizona,West Virginia,FS1,later,347.0,523.3045291711562,past_selected
608,2024,10/26/24,Miami,Florida St.,ESPN,later,1530.0,2047.656640138015,past_selected
609,2024,10/26/24,Wisconsin,Penn St.,NBC,later,3340.0,3940.151137535165,past_selected
610,2024,10/26/24,Texas A&M,LSU,ABC,later,5060.0,6592.872386870526,past_selected
611,2024,10/26/24,Michigan,Michigan St.,BTN,later,1730.0,1202.574421922412,past_selected
612,2024,10/26/24,Kansas St.,Kansas,ESPN2,later,708.0,633.5562987487428,past_selected
613,2024,10/26/24,Colorado,Cincinnati,ESPN,later,2340.0,2714.643711915474,past_selected
614,2024,10/29/24,Texas St.,Louisiana,ESPN2,later,227.0,312.0568901107775,past_selected
615,2024,10/29/24,Sam Houston,Louisiana Tech,ESPNU,later,33.0,97.24722162309797,past_selected
616,2024,10/30/24,Western Kentucky,Kennesaw St.,ESPN2,later,182.0,302.16328990131035,past_selected
617,2024,10/31/24,Charlotte,Tulane,ESPN,later,492.0,238.50785934229202,past_selected
618,2024,11/1/24,FAU,South Florida,ESPN2,later,562.0,390.0568214058483,past_selected
619,2024,11/1/24,Boise St.,San Diego St.,FS1,later,656.0,731.758275546259,past_selected
620,2024,11/2/24,Illinois,Minnesota,FS1,later,551.0,550.1232691285786,past_selected
621,2024,11/2/24,Penn St.,Ohio St.,FOX,later,9770.0,10868.684804763041,past_selected
622,2024,11/2/24,UTSA,Memphis,ESPN2,later,147.0,164.51893191430355,past_selected
623,2024,11/2/24,Miami,Duke,ABC,later,1960.0,1968.2376907484343,past_selected
624,2024,11/2/24,Eastern Michigan,Toledo,ESPNU,later,27.0,54.88361893758174,past_selected
625,2024,11/2/24,Arkansas,Mississippi,ESPN,later,1180.0,1705.6729933178083,past_selected
626,2024,11/2/24,Houston,Kansas St.,FOX,later,1510.0,1505.6226766708946,past_selected
627,2024,11/2/24,Nebraska,UCLA,BTN,later,882.0,748.6391284654349,past_selected
628,2024,11/2/24,Georgia,Florida,ABC,later,6970.0,6843.201597373167,past_selected
629,2024,11/2/24,Iowa St.,Texas Tech,ESPN,later,1240.0,1622.6165363668856,past_selected
630,2024,11/2/24,UCF,Arizona,FS1,later,213.0,453.65404829174895,past_selected
631,2024,11/2/24,Rice,Navy,ESPN2,later,218.0,211.41603149580635,past_selected
632,2024,11/2/24,South Alabama,Georgia Southern,ESPNU,later,18.0,90.47130130365825,past_selected
633,2024,11/2/24,Washington,USC,BTN,later,727.0,657.0397941990002,past_selected
634,2024,11/2/24,Clemson,Louisville,ESPN,later,1430.0,1675.2322969721724,past_selected
635,2024,11/2/24,South Carolina,Texas A&M,ABC,later,5560.0,4872.327729802272,past_selected
636,2024,11/2/24,Iowa,Wisconsin,NBC,later,2730.0,2264.370690255944,past_selected
637,2024,11/2/24,Baylor,TCU,ESPN2,later,483.0,590.2025589442515,past_selected
638,2024,11/5/24,Central Michigan,Bowling Green,ESPN2,later,286.0,428.0172170389179,past_selected
639,2024,11/5/24,Ball St.,Miami Ohio,ESPN,later,378.0,534.1913178196825,past_selected
640,2024,11/6/24,Kent St.,Ohio,ESPNU,later,49.0,100.22893597653257,past_selected
641,2024,11/6/24,Western Michigan,Northern Illinois,ESPN2,later,442.0,376.49855622457085,past_selected
642,2024,11/7/24,East Carolina,FAU,ESPN2,later,196.0,355.1581089643777,past_selected
643,2024,11/7/24,Coastal Carolina,Appalachian St.,ESPN,later,412.0,595.5160581526302,past_selected
644,2024,11/8/24,Memphis,Rice,ESPN2,later,407.0,277.90829250120265,past_selected
645,2024,11/8/24,UCLA,Iowa,FOX,later,1890.0,2163.3067835864717,past_selected
646,2024,11/9/24,Texas,Florida,ABC,later,3700.0,5922.912956336413,past_selected
647,2024,11/9/24,Georgia Tech,Miami,ESPN,later,3460.0,1721.0008847955885,past_selected
648,2024,11/9/24,South Florida,Navy,ESPN2,later,247.0,245.40749334317113,past_selected
649,2024,11/9/24,Louisiana Monroe,Texas St.,ESPNU,later,27.0,65.06622603653558,past_selected
650,2024,11/9/24,Rutgers,Minnesota,NBC,later,1200.0,995.0480825517815,past_selected
651,2024,11/9/24,Ohio St.,Purdue,FOX,later,3480.0,3345.4681140205494,past_selected
652,2024,11/9/24,Indiana,Michigan,CBS,later,4390.0,4127.873040507791,past_selected
653,2024,11/9/24,Virginia Tech,Clemson,ESPN,later,1440.0,1479.5610403250373,past_selected
654,2024,11/9/24,Mississippi,Georgia,ABC,later,7080.0,5759.352454964337,past_selected
655,2024,11/9/24,North Texas,Army,ESPN2,later,322.0,431.289914605959,past_selected
656,2024,11/9/24,Tulane,Temple,ESPNU,later,22.0,50.87624567087556,past_selected
657,2024,11/9/24,Texas Tech,Colorado,FOX,later,3680.0,5300.262507240267,past_selected
658,2024,11/9/24,Arizona St.,UCF,ESPN2,later,378.0,417.4959839822129,past_selected
659,2024,11/9/24,TCU,Oklahoma St.,FS1,later,355.0,405.9017414446223,past_selected
660,2024,11/9/24,Oregon,Maryland,BTN,later,817.0,725.4127801524061,past_selected
661,2024,11/9/24,Tennessee,Mississippi St.,ESPN,later,1600.0,2168.2545762512973,past_selected
662,2024,11/9/24,LSU,Alabama,ABC,later,7900.0,8307.697248514782,past_selected
663,2024,11/9/24,Notre Dame,Florida St.,NBC,later,2190.0,3079.6692760408523,past_selected
664,2024,11/9/24,Boise St.,Nevada,FOX,later,1530.0,844.6909240590007,past_selected
665,2024,11/9/24,Utah,BYU,ESPN,later,2070.0,1976.604519990645,past_selected
666,2024,11/9/24,Washington St.,Utah St.,CW,later,371.0,546.5100734572015,past_selected
667,2024,11/12/24,Toledo,Central Michigan,ESPNU,later,56.0,87.09688062729839,past_selected
668,2024,11/12/24,Bowling Green,Western Michigan,ESPN2,later,269.0,474.0805701552784,past_selected
669,2024,11/13/24,Ohio,Eastern Michigan,ESPN2,later,381.0,331.48332284827575,past_selected
670,2024,11/13/24,Miami Ohio,Kent St.,ESPNU,later,70.0,123.02190139361281,past_selected
671,2024,11/14/24,Tulsa,East Carolina,ESPN,later,563.0,603.8554980012889,past_selected
672,2024,11/15/24,UTSA,North Texas,ESPN2,later,313.0,280.8956463242381,past_selected
673,2024,11/15/24,Washington,UCLA,FOX,later,1260.0,1858.5781009258112,past_selected
674,2024,11/16/24,Pittsburgh,Clemson,ESPN,later,1850.0,1703.5479634573285,past_selected
675,2024,11/16/24,Northwestern,Ohio St.,BTN,later,1890.0,1313.5534328871686,past_selected
676,2024,11/16/24,Arkansas,Texas,ABC,later,4560.0,4442.27316793424,past_selected
677,2024,11/16/24,Navy,Tulane,ESPN2,later,269.0,322.28556765435803,past_selected
678,2024,11/16/24,Colorado,Utah,FOX,later,4000.0,4169.038794447665,past_selected
679,2024,11/16/24,California,Syracuse,CW,later,298.0,468.36589835319535,past_selected
680,2024,11/16/24,SMU,Boston College,ESPN,later,957.0,575.7558199725304,past_selected
681,2024,11/16/24,Notre Dame,Virginia,NBC,later,1960.0,2397.1735956382568,past_selected
682,2024,11/16/24,Purdue,Penn St.,CBS,later,1800.0,2784.5704300583525,past_selected
683,2024,11/16/24,Florida,LSU,ABC,later,6020.0,4877.209151852902,past_selected
684,2024,11/16/24,West Virginia,Baylor,ESPN2,later,513.0,614.7305458883645,past_selected
685,2024,11/16/24,Old Dominion,James Madison,ESPNU,later,45.0,61.60678751819418,past_selected
686,2024,11/16/24,USC,Nebraska,FOX,later,2980.0,2551.0431204222577,past_selected
687,2024,11/16/24,Maryland,Rutgers,FS1,later,304.0,367.43548151214526,past_selected
688,2024,11/16/24,Kansas St.,Arizona St.,ESPN,later,849.0,1138.1365875523347,past_selected
689,2024,11/16/24,Wisconsin,Oregon,NBC,later,4120.0,3064.217321006194,past_selected
690,2024,11/16/24,Georgia,Tennessee,ABC,later,9960.0,8663.308340065303,past_selected
691,2024,11/16/24,Iowa St.,Cincinnati,FOX,later,1000.0,1262.8078101431788,past_selected
692,2024,11/16/24,Memphis,UAB,ESPN2,later,117.0,208.54041492649347,past_selected
693,2024,11/16/24,New Mexico,Washington St.,FS1,later,244.0,237.5938230211773,past_selected
694,2024,11/16/24,BYU,Kansas,ESPN,later,1750.0,1767.8552039378574,past_selected
695,2024,11/19/24,Central Michigan,Western Michigan,ESPN2,later,236.0,336.52042548819577,past_selected
696,2024,11/19/24,Miami Ohio,Northern Illinois,ESPN,later,497.0,659.5696116048236,past_selected
697,2024,11/20/24,Eastern Michigan,Buffalo,ESPNU,later,64.0,119.7978216443633,past_selected
698,2024,11/20/24,Toledo,Ohio,ESPN2,later,414.0,284.60305243953144,past_selected
699,2024,11/21/24,Georgia Tech,North Carolina St.,ESPN,later,897.0,901.1894582049376,past_selected
700,2024,11/22/24,UTSA,Temple,ESPN2,later,512.0,285.8467763915908,past_selected
701,2024,11/22/24,Michigan St.,Purdue,FOX,later,1840.0,2573.4375045385987,past_selected
702,2024,11/23/24,Florida,Mississippi,ABC,later,3820.0,4578.76193817636,past_selected
703,2024,11/23/24,Maryland,Iowa,BTN,later,419.0,423.5979646971447,past_selected
704,2024,11/23/24,Ohio St.,Indiana,FOX,later,9320.0,6630.086650313629,past_selected
705,2024,11/23/24,Virginia,SMU,ESPN2,later,262.0,428.6427054433284,past_selected
706,2024,11/23/24,Miami,Wake Forest,ESPN,later,985.0,973.6788136838786,past_selected
707,2024,11/23/24,Nebraska,Wisconsin,BTN,later,1140.0,962.985940595994,past_selected
708,2024,11/23/24,Michigan,Northwestern,FS1,later,975.0,758.2980556149357,past_selected
709,2024,11/23/24,Texas,Kentucky,ABC,later,4470.0,4133.809531409992,past_selected
710,2024,11/23/24,Arizona St.,BYU,ESPN,later,1310.0,2128.3067373333347,past_selected
711,2024,11/23/24,Kansas,Colorado,FOX,later,6220.0,4713.698379100843,past_selected
712,2024,11/23/24,West Virginia,UCF,ESPNU,later,117.0,230.65098192807903,past_selected
713,2024,11/23/24,Louisville,Pittsburgh,ESPN2,later,240.0,540.0425084926218,past_selected
714,2024,11/23/24,Houston,Baylor,FS1,later,210.0,283.6817430377248,past_selected
715,2024,11/23/24,Notre Dame,Army,NBC,later,3890.0,5324.454513630912,past_selected
716,2024,11/23/24,Oregon St.,Washington St.,CW,later,695.0,536.4275972672076,past_selected
717,2024,11/23/24,Utah,Iowa St.,FOX,later,1910.0,1341.9128383168631,past_selected
718,2024,11/23/24,Old Dominion,Marshall,ESPNU,later,48.0,75.6043619159284,past_selected
719,2024,11/23/24,Auburn,Texas A&M,ESPN,later,2530.0,2032.4261034858368,past_selected
720,2024,11/23/24,Oklahoma,Alabama,ABC,later,6980.0,5931.294541924489,past_selected
721,2024,11/23/24,Kansas St.,Cincinnati,ESPN2,later,369.0,474.4143304173082,past_selected
722,2024,11/23/24,UCLA,USC,NBC,later,2160.0,1826.7236117090645,past_selected
723,2024,11/23/24,Nevada,Air Force,FS1,later,98.0,150.1065488553358,past_selected
724,2024,11/26/24,Akron,Toledo,ESPN2,later,347.0,235.25539937858136,past_selected
725,2024,11/28/24,Tulane,Memphis,ESPN,later,655.0,781.3993559091134,past_selected
726,2024,11/29/24,East Carolina,Navy,ESPN,later,626.0,721.6980761785044,past_selected
727,2024,11/29/24,Boise St.,Oregon St.,FOX,later,1700.0,1641.1939515772747,past_selected
728,2024,11/29/24,Wisconsin,Minnesota,CBS,later,2770.0,3760.7142127809902,past_selected
729,2024,11/29/24,Colorado,Oklahoma St.,ABC,later,3310.0,6837.946138750263,past_selected
730,2024,11/29/24,Bowling Green,Miami Ohio,ESPNU,later,46.0,155.5567318545888,past_selected
731,2024,11/29/24,Mississippi,Mississippi St.,ABC,later,4330.0,3434.0409216733624,past_selected
732,2024,11/29/24,Georgia,Georgia Tech,ABC,later,8470.0,5344.641229420706,past_selected
733,2024,11/29/24,Iowa,Nebraska,NBC,later,3600.0,3038.0143581797206,past_selected
734,2024,11/29/24,UCF,Utah,FOX,later,844.0,1363.6492611263736,past_selected
735,2024,11/30/24,Texas Tech,West Virginia,FS1,later,294.0,467.50688620541064,past_selected
736,2024,11/30/24,Louisiana Monroe,Louisiana,ESPNU,later,9.0,55.669289032411854,past_selected
737,2024,11/30/24,Ohio St.,Michigan,FOX,later,12300.0,11611.063140278708,past_selected
738,2024,11/30/24,Northwestern,Illinois,BTN,later,275.0,341.9158369876193,past_selected
739,2024,11/30/24,Clemson,South Carolina,ESPN,later,2400.0,2457.460391709419,past_selected
740,2024,11/30/24,Baylor,Kansas,ESPN2,later,412.0,427.0832767127471,past_selected
741,2024,11/30/24,Vanderbilt,Tennessee,ABC,later,3610.0,2409.5482112547465,past_selected
742,2024,11/30/24,SMU,California,ESPN2,later,228.0,506.2481776954654,past_selected
743,2024,11/30/24,Michigan St.,Rutgers,FS1,later,556.0,691.4512186460473,past_selected
744,2024,11/30/24,Alabama,Auburn,ABC,later,7160.0,8576.428472497977,past_selected
745,2024,11/30/24,Syracuse,Miami,ESPN,later,2110.0,1852.225999387444,past_selected
746,2024,11/30/24,Western Kentucky,Jacksonville St.,ESPNU,later,20.0,77.46738718696389,past_selected
747,2024,11/30/24,Washington St.,Wyoming,CW,later,399.0,365.616210986184,past_selected
748,2024,11/30/24,Florida St.,Florida,ESPN2,later,1370.0,1092.206903057233,past_selected
749,2024,11/30/24,LSU,Oklahoma,ESPN,later,2090.0,2218.963196134962,past_selected
750,2024,11/30/24,Indiana,Purdue,FS1,later,717.0,660.071086278678,past_selected
751,2024,11/30/24,Oregon,Washington,NBC,later,2570.0,2667.710862942949,past_selected
752,2024,11/30/24,Iowa St.,Kansas St.,FOX,later,2010.0,1832.100101770333,past_selected
753,2024,11/30/24,Texas A&M,Texas,ABC,later,9450.0,7323.993857021067,past_selected
754,2024,11/30/24,James Madison,Marshall,ESPNU,later,37.0,80.76726890356777,past_selected
755,2024,11/30/24,BYU,Houston,ESPN,later,1560.0,1141.3875801606755,past_selected
756,2024,11/30/24,San Diego St.,Air Force,FS1,later,157.0,159.56564174363774,past_selected
757,2024,12/6/24,Army,Tulane,ABC,later,2000.0,2741.1726517848056,past_selected
758,2024,12/6/24,Boise St.,UNLV,FOX,later,3010.0,4710.425957082827,past_selected
759,2024,12/7/24,Arizona St.,Iowa St.,ABC,later,6900.0,4028.132472336364,past_selected
760,2024,12/7/24,Miami Ohio,Ohio,ESPN,later,1130.0,573.408194663588,past_selected
761,2024,12/7/24,Texas,Georgia,ABC,later,16630.0,13803.317638133636,past_selected
762,2024,12/7/24,Louisiana,Marshall,ESPN,later,392.0,496.80800496355965,past_selected
763,2024,12/7/24,SMU,Clemson,ABC,later,5980.0,4475.050952064614,past_selected
764,2024,12/7/24,Oregon,Penn St.,CBS,later,10500.0,8290.922003331632,past_selected
765,2024,12/14/24,Army,Navy,CBS,later,9400.0,10675.616204580258,past_selected
1813,2025,8/23/25,Kansas St.,Iowa St.,ESPN,Week0,4470.0,4575.616725681943,past_selected
1814,2025,8/28/25,South Florida,Boise St.,ESPN,Week1,2040.0,1275.6723232425097,past_selected
1815,2025,8/28/25,Cincinnati,Nebraska,ESPN,Week1,3330.0,2760.0661153890387,past_selected
1816,2025,8/29/25,Charlotte,Appalachian St.,ESPNU,Week1,76.0,141.33721247292837,past_selected
1817,2025,8/29/25,Colorado,Georgia Tech,ESPN,Week1,3740.0,1816.9708279843,past_selected
1818,2025,8/30/25,Ohio St.,Texas,FOX,Week1,16620.0,12144.29326489118,past_selected
1819,2025,8/30/25,Southern Miss,Mississippi St.,ESPN,Week1,771.0,655.8452821858671,past_selected
1820,2025,8/30/25,Tennessee,Syracuse,ABC,Week1,2590.0,2960.723409699844,past_selected
1821,2025,8/30/25,Tulane,Northwestern,ESPNU,Week1,75.0,91.66886221151522,past_selected
1822,2025,8/30/25,Florida St.,Alabama,ABC,Week1,10660.0,9468.82412863561,past_selected
1823,2025,8/30/25,Penn St.,Nevada,CBS,Week1,2240.0,2453.3531011536406,past_selected
1824,2025,8/30/25,Georgia,Marshall,ESPN,Week1,1670.0,1645.2089300597486,past_selected
1825,2025,8/30/25,Texas A&M,UTSA,ESPN,Week1,1070.0,1251.3028122783337,past_selected
1826,2025,8/30/25,Clemson,LSU,ABC,Week1,10450.0,9956.218920520016,past_selected
1827,2025,8/30/25,Oregon St.,California,ESPN,Week1,565.0,1039.521758195873,past_selected
1828,2025,8/31/25,South Carolina,Virginia Tech,ESPN,Week1,5430.0,3477.4414251799067,past_selected
1829,2025,8/31/25,Miami,Notre Dame,ABC,Week1,10800.0,10766.12244862586,past_selected
1830,2025,9/1/25,North Carolina,TCU,ESPN,Week1,6070.0,2883.2000888774564,past_selected
1831,2025,9/5/25,Louisville,James Madison,ESPN2,later,893.0,838.0617527090012,past_selected
1832,2025,9/6/25,Pittsburgh,Central Michigan,ESPNU,later,125.0,124.14273165945565,past_selected
1833,2025,9/6/25,Duke,Illinois,ESPN,later,2180.0,1221.1996893862608,past_selected
1834,2025,9/6/25,Texas,San Jose St.,ABC,later,3750.0,2947.7158740873765,past_selected
1835,2025,9/6/25,SMU,Baylor,CW,later,1130.0,487.1659436391468,past_selected
1836,2025,9/6/25,Iowa St.,Iowa,FOX,later,4280.0,3062.5910640685556,past_selected
1837,2025,9/6/25,North Carolina St.,Virginia,ESPN2,later,659.0,546.9058877838874,past_selected
1838,2025,9/6/25,Oregon,Oklahoma St.,CBS,later,2320.0,3204.1573648229714,past_selected
1839,2025,9/6/25,Missouri,Kansas,ESPN2,later,1830.0,782.9285396570467,past_selected
1840,2025,9/6/25,Kentucky,Mississippi,ABC,later,4780.0,3449.3720600499555,past_selected
1841,2025,9/6/25,Colorado,Delaware,FOX,later,2690.0,1625.8542055013193,past_selected
1842,2025,9/6/25,Oregon St.,Fresno St.,CW,later,658.0,486.267231810897,past_selected
1843,2025,9/6/25,Ohio,West Virginia,ESPNU,later,234.0,185.01241337919603,past_selected
1844,2025,9/6/25,Kansas St.,Army,ESPN,later,873.0,1172.7659075639795,past_selected
1845,2025,9/6/25,Oklahoma,Michigan,ABC,later,9670.0,7987.011912663623,past_selected
1846,2025,9/6/25,Auburn,Ball St.,ESPNU,later,158.0,240.19573924631484,past_selected
1847,2025,9/6/25,Mississippi St.,Arizona St.,ESPN2,later,953.0,808.5883382319607,past_selected
1848,2025,9/6/25,BYU,Stanford,ESPN,later,1210.0,1145.4687465908312,past_selected
1849,2025,9/6/25,Washington St.,San Diego St.,CW,later,541.0,480.800176175437,past_selected
1850,2025,9/11/25,Wake Forest,North Carolina St.,ESPN,later,1180.0,990.0604056814534,past_selected
1851,2025,9/12/25,Houston,Colorado,ESPN,later,2940.0,1678.7688767593095,past_selected
1852,2025,9/13/25,Temple,Oklahoma,ESPN2,later,787.0,659.8646861912702,past_selected
1853,2025,9/13/25,Alabama,Wisconsin,ABC,later,4510.0,6666.423629309621,past_selected
1854,2025,9/13/25,Georgia Tech,Clemson,ESPN,later,4760.0,1808.4152785178385,past_selected
1855,2025,9/13/25,Troy,Memphis,ESPNU,later,49.0,79.78819842764649,past_selected
1856,2025,9/13/25,Tennessee,Georgia,ABC,later,12580.0,8957.349830552403,past_selected
1857,2025,9/13/25,West Virginia,Pittsburgh,ESPN,later,1890.0,1767.643289515936,past_selected
1858,2025,9/13/25,North Texas,Washington St.,ESPNU,later,65.0,91.86478473772218,past_selected
1859,2025,9/13/25,Arkansas St.,Iowa St.,ESPN2,later,523.0,563.4750600095541,past_selected
1860,2025,9/13/25,Miami,South Florida,CW,later,720.0,1596.7433987177615,past_selected
1861,2025,9/13/25,Mississippi,Arkansas,ESPN,later,1440.0,1907.188190183801,past_selected
1862,2025,9/13/25,Notre Dame,Texas A&M,NBC,later,6200.0,5924.674519822482,past_selected
1863,2025,9/13/25,LSU,Florida,ABC,later,7640.0,6811.527351015942,past_selected
1864,2025,9/13/25,Kentucky,Eastern Michigan,ESPNU,later,111.0,127.2969452273565,past_selected
1865,2025,9/13/25,Tulane,Duke,ESPN2,later,150.0,310.3728158783037,past_selected
1866,2025,9/13/25,California,Minnesota,ESPN,later,958.0,1372.5716617516582,past_selected
1867,2025,9/18/25,Charlotte,Rice,ESPN,later,671.0,264.87285536188847,past_selected
1868,2025,9/19/25,Oklahoma St.,Tulsa,ESPN,later,1570.0,1547.362805329888,past_selected
1869,2025,9/19/25,Rutgers,Iowa,FOX,later,3010.0,2326.3562800077707,past_selected
1870,2025,9/20/25,Memphis,Arkansas,ABC,later,2110.0,1762.0068193561779,past_selected
1871,2025,9/20/25,Clemson,Syracuse,ESPN,later,3390.0,1781.1711353612968,past_selected
1872,2025,9/20/25,Miami Ohio,UNLV,ESPNU,later,74.0,105.63438201118763,past_selected
1873,2025,9/20/25,TCU,SMU,ESPN2,later,662.0,462.681222654993,past_selected
1874,2025,9/20/25,Wisconsin,Maryland,NBC,later,2000.0,1453.5655006418037,past_selected
1875,2025,9/20/25,Utah,Texas Tech,FOX,later,4040.0,3178.772981566849,past_selected
1876,2025,9/20/25,Oklahoma,Auburn,ABC,later,6120.0,5004.812477453336,past_selected
1877,2025,9/20/25,Liberty,James Madison,ESPNU,later,67.0,56.48643558226543,past_selected
1878,2025,9/20/25,Nebraska,Michigan,CBS,later,5300.0,6162.3555686297095,past_selected
1879,2025,9/20/25,Mississippi,Tulane,ESPN,later,1050.0,882.9816942098164,past_selected
1880,2025,9/20/25,Duke,North Carolina St.,ESPN2,later,663.0,687.7490198423546,past_selected
1881,2025,9/20/25,Missouri,South Carolina,ESPN,later,1850.0,1684.28384216371,past_selected
1882,2025,9/20/25,Indiana,Illinois,NBC,later,2700.0,2320.369672957387,past_selected
1883,2025,9/20/25,Miami,Florida,ABC,later,6460.0,5124.276690617502,past_selected
1884,2025,9/20/25,Vanderbilt,Georgia St.,ESPNU,later,52.0,97.9025953875985,past_selected
1885,2025,9/20/25,East Carolina,BYU,ESPN2,later,623.0,457.89430642446,past_selected
1886,2025,9/20/25,Washington St.,Washington,CBS,later,1650.0,2953.2910294035573,past_selected
1887,2025,9/20/25,Colorado,Wyoming,ESPN,later,1340.0,1058.8361460870901,past_selected
1888,2025,9/25/25,East Carolina,Army,ESPN,later,891.0,941.305333905847,past_selected
1889,2025,9/26/25,Virginia,Florida St.,ESPN,later,4390.0,3277.1961490240255,past_selected
1890,2025,9/26/25,Oregon St.,Houston,ESPN,later,1550.0,1287.7876905687472,past_selected
1891,2025,9/27/25,Illinois,USC,FOX,later,4120.0,3540.1612535911754,past_selected
1892,2025,9/27/25,Wake Forest,Georgia Tech,ESPN,later,1850.0,934.9440125957439,past_selected
1893,2025,9/27/25,North Texas,South Alabama,ESPNU,later,50.0,56.74649347193736,past_selected
1894,2025,9/27/25,Arkansas,Notre Dame,ABC,later,4260.0,4654.881599362981,past_selected
1895,2025,9/27/25,Pittsburgh,Louisville,ESPN2,later,580.0,577.9869515540549,past_selected
1896,2025,9/27/25,Oklahoma St.,Baylor,ESPN2,later,396.0,673.2294345391132,past_selected
1897,2025,9/27/25,Mississippi,LSU,ABC,later,6690.0,5441.94454681333,past_selected
1898,2025,9/27/25,Texas A&M,Auburn,ESPN,later,2470.0,3357.6439883829426,past_selected
1899,2025,9/27/25,Washington,Ohio St.,CBS,later,5230.0,4773.679069140424,past_selected
1900,2025,9/27/25,Tulsa,Tulane,ESPNU,later,31.0,84.8067243952529,past_selected
1901,2025,9/27/25,FAU,Memphis,ESPN2,later,151.0,197.38722516257175,past_selected
1902,2025,9/27/25,Iowa St.,Arizona,ESPN,later,1150.0,1098.3728768611911,past_selected
1903,2025,9/27/25,Georgia,Alabama,ABC,later,10420.0,10195.46418606575,past_selected
1904,2025,9/27/25,Penn St.,Oregon,NBC,later,8500.0,4131.068870728231,past_selected
1905,2025,9/27/25,Missouri,Massachusetts,ESPNU,later,102.0,125.62253566937531,past_selected
1906,2025,9/27/25,Colorado,BYU,ESPN,later,2460.0,1806.6112179987476,past_selected
1907,2025,10/3/25,South Florida,Charlotte,ESPN2,later,749.0,365.23171458370564,past_selected
1908,2025,10/3/25,BYU,West Virginia,ESPN,later,1410.0,1835.1355571305492,past_selected
1909,2025,10/4/25,Navy,Air Force,CBS,later,1380.0,1032.7456104572068,past_selected
1910,2025,10/4/25,Georgia,Kentucky,ABC,later,3680.0,3671.617116864305,past_selected
1911,2025,10/4/25,North Carolina,Clemson,ESPN,later,1870.0,1453.4529814356351,past_selected
1912,2025,10/4/25,UAB,Army,ESPNU,later,49.0,101.10532096909114,past_selected
1913,2025,10/4/25,Cincinnati,Iowa St.,ESPN2,later,1110.0,745.7657422093456,past_selected
1914,2025,10/4/25,Michigan,Wisconsin,FOX,later,4630.0,4734.2258011704325,past_selected
1915,2025,10/4/25,Virginia Tech,Wake Forest,CW,later,463.0,447.3677261119606,past_selected
1916,2025,10/4/25,Alabama,Vanderbilt,ABC,later,6410.0,4923.171103758558,past_selected
1917,2025,10/4/25,Florida,Texas,ESPN,later,3980.0,4162.823737592422,past_selected
1918,2025,10/4/25,Louisville,Virginia,ESPN2,later,603.0,753.5712861553471,past_selected
1919,2025,10/4/25,UCLA,Penn St.,CBS,later,3130.0,3550.7811801547305,past_selected
1920,2025,10/4/25,Nebraska,Michigan St.,FS1,later,1500.0,1293.623233059251,past_selected
1921,2025,10/4/25,Arkansas St.,Texas St.,ESPNU,later,22.0,45.76870135103707,past_selected
1922,2025,10/4/25,Houston,Texas Tech,ESPN,later,1450.0,1133.106558561843,past_selected
1923,2025,10/4/25,TCU,Colorado,FOX,later,2140.0,1855.5784461820992,past_selected
1924,2025,10/4/25,UCF,Kansas,ESPN2,later,583.0,662.5409564411646,past_selected
1925,2025,10/4/25,Ohio St.,Minnesota,NBC,later,3700.0,4612.075036934741,past_selected
1926,2025,10/4/25,Florida St.,Miami,ABC,later,6030.0,5629.5055743712,past_selected
1927,2025,10/4/25,Memphis,Tulsa,ESPNU,later,41.0,85.04181556214705,past_selected
1928,2025,10/4/25,California,Duke,ESPN,later,1000.0,926.5412414517683,past_selected
1929,2025,10/8/25,Middle Tennessee St.,Missouri State,ESPN2,later,338.0,234.64492401938747,past_selected
1930,2025,10/9/25,Kennesaw State,Louisiana Tech,ESPNU,later,53.0,103.50034331096126,past_selected
1931,2025,10/9/25,Tulane,East Carolina,ESPN,later,576.0,600.6592739338353,past_selected
1932,2025,10/9/25,Georgia Southern,Southern Miss,ESPN2,later,145.0,231.24756333980156,past_selected
1933,2025,10/10/25,North Texas,South Florida,ESPN2,later,1100.0,577.9187478022175,past_selected
1934,2025,10/11/25,Bowling Green,Toledo,ESPNU,later,27.0,56.081274594943615,past_selected
1935,2025,10/11/25,Missouri,Alabama,ABC,later,6990.0,6348.599300842131,past_selected
1936,2025,10/11/25,Florida St.,Pittsburgh,ESPN,later,2050.0,1646.2828227830305,past_selected
1937,2025,10/11/25,James Madison,Louisiana,ESPN2,later,207.0,159.7909658884292,past_selected
1938,2025,10/11/25,SMU,Stanford,CW,later,249.0,293.86373038093905,past_selected
1939,2025,10/11/25,Illinois,Ohio St.,FOX,later,5280.0,5338.659802991615,past_selected
1940,2025,10/11/25,Colorado,Iowa St.,ESPN,later,1440.0,1434.2256193649114,past_selected
1941,2025,10/11/25,Texas,Oklahoma,ABC,later,8730.0,6780.628171521764,past_selected
1942,2025,10/11/25,Oregon,Indiana,CBS,later,5590.0,5142.830847729652,past_selected
1943,2025,10/11/25,Oregon St.,Wake Forest,CW,later,257.0,337.08054987115133,past_selected
1944,2025,10/11/25,Temple,Navy,ESPN2,later,215.0,272.39790542646097,past_selected
1945,2025,10/11/25,Texas A&M,Florida,ESPN,later,2620.0,4070.199492983619,past_selected
1946,2025,10/11/25,Auburn,Georgia,ABC,later,6690.0,6257.093429741317,past_selected
1947,2025,10/11/25,UTSA,Rice,ESPNU,later,20.0,44.641709634571434,past_selected
1948,2025,10/11/25,Arizona,BYU,ESPN2,later,868.0,834.1813236504175,past_selected
1949,2025,10/11/25,Utah,Arizona St.,ESPN,later,1270.0,1246.3831799093377,past_selected
1950,2025,10/14/25,South Alabama,Arkansas St.,ESPN2,later,306.0,243.18206155905915,past_selected
1951,2025,10/14/25,Western Kentucky,FIU,ESPNU,later,47.0,71.75390752232099,past_selected
1952,2025,10/15/25,Jacksonville St.,Delaware,ESPN,later,580.0,530.8698451277027,past_selected
1953,2025,10/16/25,East Carolina,Tulsa,ESPN,later,527.0,555.1961485360864,past_selected
1954,2025,10/17/25,Miami,Louisville,ESPN,later,3410.0,2827.8766559340647,past_selected
1955,2025,10/17/25,Minnesota,Nebraska,FOX,later,2660.0,3626.4576635938906,past_selected
1956,2025,10/17/25,California,North Carolina,ESPN,later,1580.0,1375.955566326009,past_selected
1957,2025,10/18/25,TCU,Baylor,ESPN2,later,423.0,499.5297396277606,past_selected
1958,2025,10/18/25,Duke,Georgia Tech,ESPN,later,1710.0,918.2322820666018,past_selected
1959,2025,10/18/25,Michigan,Washington,FOX,later,4320.0,2807.7284769176304,past_selected
1960,2025,10/18/25,Vanderbilt,LSU,ABC,later,5940.0,3051.283432323946,past_selected
1961,2025,10/18/25,Tulane,Army,ESPNU,later,70.0,95.88784260080897,past_selected
1962,2025,10/18/25,James Madison,Old Dominion,ESPNU,later,37.0,79.8180043980497,past_selected
1963,2025,10/18/25,Arkansas,Texas A&M,ESPN,later,1570.0,2998.1367571967794,past_selected
1964,2025,10/18/25,Wisconsin,Ohio St.,CBS,later,4030.0,5620.983545025076,past_selected
1965,2025,10/18/25,Georgia,Mississippi,ABC,later,9790.0,8598.515173675103,past_selected
1966,2025,10/18/25,UAB,Memphis,ESPN2,later,246.0,285.8604649202423,past_selected
1967,2025,10/18/25,Arizona St.,Texas Tech,FOX,later,2560.0,2285.267000507135,past_selected
1968,2025,10/18/25,Virginia,Washington St.,CW,later,594.0,470.2090363547388,past_selected
1969,2025,10/18/25,Rutgers,Oregon,BTN,later,530.0,610.79386598209,past_selected
1970,2025,10/18/25,UCLA,Maryland,FS1,later,410.0,320.444045374135,past_selected
1971,2025,10/18/25,Kentucky,Texas,ESPN,later,2640.0,1796.1963523692493,past_selected
1972,2025,10/18/25,Alabama,Tennessee,ABC,later,8010.0,8429.436678321727,past_selected
1973,2025,10/18/25,South Florida,FAU,ESPNU,later,38.0,56.313662780867936,past_selected
1974,2025,10/18/25,Notre Dame,USC,NBC,later,4640.0,3581.6853247294703,past_selected
1975,2025,10/18/25,BYU,Utah,FOX,later,1970.0,2830.803958403533,past_selected
1976,2025,10/18/25,Oklahoma St.,Cincinnati,ESPN2,later,316.0,440.2607556431167,past_selected
1977,2025,10/18/25,Oregon St.,Lafayette,CW,later,304.0,310.20216241898277,past_selected
1978,2025,10/18/25,Stanford,Florida St.,ESPN,later,1420.0,1446.2837290241628,past_selected
1979,2025,10/21/25,FIU,Kennesaw State,ESPN2,later,282.0,303.1767784016312,past_selected
1980,2025,10/22/25,Delaware,Middle Tennessee St.,ESPN2,later,417.0,276.6868354063719,past_selected
1981,2025,10/23/25,Georgia St.,South Alabama,ESPN2,later,400.0,239.2364922329032,past_selected
1982,2025,10/24/25,Charlotte,North Texas,ESPN2,later,317.0,217.0233070886066,past_selected
1983,2025,10/24/25,Virginia Tech,California,ESPN,later,1110.0,1710.2892893382377,past_selected
1984,2025,10/25/25,Memphis,South Florida,ESPN2,later,392.0,336.82272587629785,past_selected
1985,2025,10/25/25,Old Dominion,Appalachian St.,ESPNU,later,33.0,101.12099404735037,past_selected
1986,2025,10/25/25,Indiana,UCLA,FOX,later,3020.0,2956.0031359907225,past_selected
1987,2025,10/25/25,Oklahoma,Mississippi,ABC,later,6550.0,5580.140426455738,past_selected
1988,2025,10/25/25,Georgia Tech,Syracuse,ESPN,later,1270.0,1352.351312928739,past_selected
1989,2025,10/25/25,Wake Forest,SMU,CW,later,285.0,311.21935691499084,past_selected
1990,2025,10/25/25,Washington St.,Toledo,CW,later,311.0,274.6369549075873,past_selected
1991,2025,10/25/25,Iowa St.,BYU,FOX,later,2570.0,2488.31992193575,past_selected
1992,2025,10/25/25,South Carolina,Alabama,ABC,later,7840.0,6342.108270984334,past_selected
1993,2025,10/25/25,Vanderbilt,Missouri,ESPN,later,3070.0,2176.42709534607,past_selected
1994,2025,10/25/25,Iowa,Minnesota,CBS,later,1600.0,2495.7068627035624,past_selected
1995,2025,10/25/25,Texas Tech,Oklahoma St.,ESPNU,later,110.0,243.22754437642797,past_selected
1996,2025,10/25/25,Cincinnati,Baylor,ESPN2,later,453.0,604.1803129522348,past_selected
1997,2025,10/25/25,Oregon,Wisconsin,FS1,later,1170.0,1189.4623115524,past_selected
1998,2025,10/25/25,Miami,Stanford,ESPN,later,1210.0,1485.921192994038,past_selected
1999,2025,10/25/25,Michigan St.,Michigan,NBC,later,3630.0,4127.763318595376,past_selected
2000,2025,10/25/25,LSU,Texas A&M,ABC,later,6760.0,6966.666398604605,past_selected
2001,2025,10/25/25,Arizona St.,Houston,ESPN2,later,402.0,555.4848407519156,past_selected
2002,2025,10/25/25,Utah,Colorado,ESPN,later,1290.0,1467.7120300149504,past_selected
2003,2025,10/28/25,Texas St.,James Madison,ESPN2,later,245.0,288.44092821738803,past_selected
2004,2025,10/28/25,Kennesaw State,UTEP,ESPNU,later,50.0,107.06572116552516,past_selected
2005,2025,10/29/25,Middle Tennessee St.,Jacksonville St.,ESPN2,later,303.0,287.95274746129667,past_selected
2006,2025,10/30/25,Coastal Carolina,Marshall,ESPN2,later,288.0,301.4637131094098,past_selected
2007,2025,10/30/25,UTSA,Tulane,ESPN,later,659.0,474.28733831146917,past_selected
2008,2025,10/31/25,Rice,Memphis,ESPN2,later,244.0,515.5970493350968,past_selected
2009,2025,10/31/25,Syracuse,North Carolina,ESPN,later,983.0,1473.9871456713474,past_selected
2010,2025,11/1/25,Ohio St.,Penn St.,FOX,later,7190.0,7258.249264672135,past_selected
2011,2025,11/1/25,Baylor,UCF,ESPNU,later,58.0,139.993172886901,past_selected
2012,2025,11/1/25,North Texas,Navy,ESPN2,later,216.0,215.16556389038487,past_selected
2013,2025,11/1/25,SMU,Miami,ESPN,later,1500.0,1190.0034082972368,past_selected
2014,2025,11/1/25,Texas,Vanderbilt,ABC,later,4510.0,3879.626524243165,past_selected
2015,2025,11/1/25,Air Force,Army,CBS,later,1030.0,1068.988385972105,past_selected
2016,2025,11/1/25,Virginia Tech,Louisville,CW,later,593.0,725.005572990448,past_selected
2017,2025,11/1/25,Maryland,Indiana,CBS,later,2890.0,2562.895547565172,past_selected
2018,2025,11/1/25,Boston College,Notre Dame,ESPN,later,1730.0,1513.5975110220415,past_selected
2019,2025,11/1/25,Kansas St.,Texas Tech,FOX,later,3130.0,2011.5369044394442,past_selected
2020,2025,11/1/25,Florida,Georgia,ABC,later,7790.0,6961.935526669605,past_selected
2021,2025,11/1/25,California,Virginia,ESPN2,later,326.0,586.4141608974326,past_selected
2022,2025,11/1/25,Western Michigan,Central Michigan,ESPNU,later,32.0,67.33346744778632,past_selected
2023,2025,11/1/25,Colorado,Arizona,FS1,later,374.0,402.96105678464346,past_selected
2024,2025,11/1/25,Mississippi,South Carolina,ESPN,later,1320.0,2230.8216042809318,past_selected
2025,2025,11/1/25,Michigan,Purdue,BTN,later,1610.0,1017.280341096753,past_selected
2026,2025,11/1/25,Oregon St.,Washington St.,CBS,later,823.0,925.0279481729592,past_selected
2027,2025,11/1/25,Nebraska,USC,NBC,later,2200.0,3262.1381709539946,past_selected
2028,2025,11/1/25,Tennessee,Oklahoma,ABC,later,4810.0,5874.211941360462,past_selected
2029,2025,11/1/25,North Carolina St.,Georgia Tech,ESPN2,later,604.0,661.0567706208583,past_selected
2030,2025,11/1/25,Troy,Arkansas St.,ESPNU,later,9.0,52.48305129574071,past_selected
2031,2025,11/1/25,Utah,Cincinnati,ESPN,later,819.0,2017.6195451647704,past_selected
2032,2025,11/4/25,Ohio,Miami Ohio,ESPN2,later,470.0,386.5299842198709,past_selected
2033,2025,11/5/25,Toledo,Northern Illinois,ESPN2,later,301.0,293.6068962180941,past_selected
2034,2025,11/5/25,Ball St.,Kent St.,ESPNU,later,99.0,99.03110318050211,past_selected
2035,2025,11/6/25,South Florida,UTSA,ESPN,later,586.0,469.7783234574755,past_selected
2036,2025,11/6/25,Appalachian St.,Georgia Southern,ESPN2,later,220.0,365.67730050717233,past_selected
2037,2025,11/7/25,UCF,Houston,FS1,later,652.0,510.0959122047773,past_selected
2038,2025,11/7/25,Memphis,Tulane,ESPN,later,792.0,831.7142037964301,past_selected
2039,2025,11/7/25,USC,Northwestern,FOX,later,1911.0,2017.378939293223,past_selected
2040,2025,11/8/25,Penn St.,Indiana,FOX,later,6025.0,3008.05993107235,past_selected
2041,2025,11/8/25,Arkansas St.,Southern Miss,ESPNU,later,27.0,51.078176660999944,past_selected
2042,2025,11/8/25,Mississippi St.,Georgia,ESPN,later,2324.0,2881.9136718433583,past_selected
2043,2025,11/8/25,Marshall,James Madison,ESPN2,later,118.0,185.82253439384382,past_selected
2044,2025,11/8/25,Texas Tech,BYU,ABC,later,3976.0,5013.392858566028,past_selected
2045,2025,11/8/25,Purdue,Ohio St.,BTN,later,1847.0,1749.0798136169033,past_selected
2046,2025,11/8/25,Rutgers,Maryland,FS1,later,261.0,351.6824560917715,past_selected
2047,2025,11/8/25,TCU,Iowa St.,FOX,later,2419.0,1538.983529085312,past_selected
2048,2025,11/8/25,Iowa,Oregon,CBS,later,5370.0,4373.645425067001,past_selected
2049,2025,11/8/25,Missouri,Texas A&M,ABC,later,4871.0,5488.5801503722505,past_selected
2050,2025,11/8/25,Arizona,Kansas,ESPN2,later,480.0,484.5792579332023,past_selected
2051,2025,11/8/25,Miami,Syracuse,ESPN,later,1198.0,1271.2577202688237,past_selected
2052,2025,11/8/25,North Carolina,Stanford,CW,later,514.0,520.7610868206827,past_selected
2053,2025,11/8/25,Wisconsin,Washington,BTN,later,1088.0,760.9885841924038,past_selected
2054,2025,11/8/25,San Jose St.,Air Force,FS1,later,203.0,152.38850074100202,past_selected
2055,2025,11/8/25,Virginia,Wake Forest,ESPN,later,734.0,866.3930500890567,past_selected
2056,2025,11/8/25,Louisville,California,ESPN2,later,450.0,617.6610808133319,past_selected
2057,2025,11/8/25,Notre Dame,Navy,NBC,later,3192.0,2659.2085924181756,past_selected
2058,2025,11/8/25,Alabama,LSU,ABC,later,7540.0,10070.224535771202,past_selected
2059,2025,11/8/25,UCLA,Nebraska,FOX,later,2248.0,1869.4115372354395,past_selected
2060,2025,11/8/25,Colorado St.,UNLV,FS1,later,152.0,217.15960127909116,past_selected
2061,2025,11/8/25,Oregon St.,Sam Houston,CW,later,295.0,237.74478262451282,past_selected
2062,2025,11/11/25,Akron,Kent St.,ESPNU,later,70.0,83.3382920976924,past_selected
2063,2025,11/11/25,Western Michigan,Ohio,ESPN2,later,312.0,470.9790056164103,past_selected
2064,2025,11/12/25,Miami Ohio,Toledo,ESPN2,later,349.0,309.14708766724664,past_selected
2065,2025,11/12/25,Massachusetts,Northern Illinois,ESPNU,later,33.0,90.70068164733424,past_selected
2066,2025,11/13/25,Old Dominion,Troy,ESPN,later,508.0,389.8438879692043,past_selected
2067,2025,11/14/25,Louisville,Clemson,ESPN,later,2564.0,2108.969596552216,past_selected
2068,2025,11/14/25,Oregon,Minnesota,FOX,later,2327.0,2637.8284968039943,past_selected
2069,2025,11/15/25,Indiana,Wisconsin,BTN,later,1058.0,935.7797489065765,past_selected
2070,2025,11/15/25,Texas A&M,South Carolina,ESPN,later,4281.0,2699.0794519944784,past_selected
2071,2025,11/15/25,Pittsburgh,Notre Dame,ABC,later,3957.0,5475.382606895907,past_selected
2072,2025,11/15/25,Navy,South Florida,ESPN2,later,463.0,338.4264804177757,past_selected
2073,2025,11/15/25,Oklahoma St.,Kansas St.,ESPNU,later,133.0,154.1998328560311,past_selected
2074,2025,11/15/25,Cincinnati,Arizona,FS1,later,299.0,392.9648692590912,past_selected
2075,2025,11/15/25,Northwestern,Michigan,FOX,later,3764.0,3128.250859565687,past_selected
2076,2025,11/15/25,Texas Tech,UCF,FOX,later,1398.0,1907.6713670275262,past_selected
2077,2025,11/15/25,Alabama,Oklahoma,ABC,later,10479.0,9976.95490201882,past_selected
2078,2025,11/15/25,USC,Iowa,BTN,later,1440.0,1476.5190769077449,past_selected
2079,2025,11/15/25,Illinois,Maryland,FS1,later,316.0,344.87801263760844,past_selected
2080,2025,11/15/25,Miami,North Carolina St.,ESPN,later,1380.0,1066.538302105891,past_selected
2081,2025,11/15/25,Duke,Virginia,ESPN2,later,443.0,448.43252851556366,past_selected
2082,2025,11/15/25,Michigan St.,Penn St.,CBS,later,2476.0,2273.42607066478,past_selected
2083,2025,11/15/25,East Carolina,Memphis,ESPNU,later,54.0,70.87652010182731,past_selected
2084,2025,11/15/25,Wake Forest,North Carolina,CW,later,402.0,380.90526994658745,past_selected
2085,2025,11/15/25,Mississippi,Florida,ESPN,later,2501.0,2327.1253424299416,past_selected
2086,2025,11/15/25,Baylor,Utah,ESPN2,later,415.0,493.9531441110232,past_selected
2087,2025,11/15/25,Washington,Purdue,FS1,later,457.0,431.42422019701763,past_selected
2088,2025,11/15/25,Georgia,Texas,ABC,later,10432.0,10008.229403580213,past_selected
2089,2025,11/15/25,Ohio St.,UCLA,NBC,later,3376.0,3177.4149656562686,past_selected
2090,2025,11/15/25,Jacksonville St.,Kennesaw State,ESPNU,later,31.0,58.35980557663329,past_selected
2091,2025,11/15/25,Washington St.,Louisiana Tech,CW,later,301.0,385.1600137776943,past_selected
2092,2025,11/15/25,BYU,TCU,ESPN,later,1563.0,1955.3594414515414,past_selected
2093,2025,11/15/25,Fresno St.,Wyoming,FS1,later,121.0,228.08953861292815,past_selected
2094,2025,11/21/25,North Carolina St.,Florida St.,ESPN,later,2127.0,2095.080328888075,past_selected
2095,2025,11/21/25,UNLV,Hawaii,FS1,later,259.0,328.0872492684122,past_selected
2096,2025,11/22/25,Maryland,Michigan,BTN,later,1500.0,889.5400693267836,past_selected
2097,2025,11/22/25,Oregon,USC,CBS,later,5428.0,4957.9247048110765,past_selected
2098,2025,11/22/25,Iowa,Michigan St.,FS1,later,1103.0,879.0668415768284,past_selected
2099,2025,11/22/25,Ohio St.,Rutgers,FOX,later,4063.0,3698.2753437534034,past_selected
2100,2025,11/22/25,SMU,Louisville,ESPN2,later,306.0,331.1231047801728,past_selected
2101,2025,11/22/25,Iowa St.,Kansas,FS1,later,539.0,452.20926934531474,past_selected
2102,2025,11/22/25,UCLA,Washington,NBC,later,1617.0,1835.3811829484262,past_selected
2103,2025,11/22/25,Vanderbilt,Kentucky,ESPN,later,1144.0,828.3430444529662,past_selected
2104,2025,11/22/25,San Diego St.,San Jose St.,FS1,later,120.0,203.4493116127354,past_selected
2105,2025,11/22/25,Utah,Kansas St.,ESPN2,later,955.0,629.6282792791496,past_selected
2106,2025,11/22/25,Colorado,Arizona St.,ESPN2,later,1106.0,617.3276156222994,past_selected
2107,2025,11/22/25,Temple,Tulane,ESPNU,later,26.0,62.22542183795092,past_selected
2108,2025,11/22/25,Northwestern,Minnesota,BTN,later,421.0,457.17503268022153,past_selected
2109,2025,11/22/25,Wisconsin,Illinois,BTN,later,979.0,776.4829461024242,past_selected
2110,2025,11/22/25,Florida,Tennessee,ABC,later,4761.0,4548.499846300397,past_selected
2111,2025,11/22/25,Georgia Tech,Pittsburgh,ESPN,later,2034.0,1401.971344953014,past_selected
2112,2025,11/22/25,Texas,Arkansas,ABC,later,5612.0,3426.893994414031,past_selected
2113,2025,11/22/25,Penn St.,Nebraska,NBC,later,3104.0,3379.6299170733027,past_selected
2114,2025,11/22/25,Virginia Tech,Miami,ESPN,later,1942.0,1650.637334134035,past_selected
2115,2025,11/22/25,Boise St.,Colorado St.,FS1,later,299.0,312.8878787453747,past_selected
2116,2025,11/22/25,Cincinnati,BYU,FOX,later,2598.0,2042.7635934869113,past_selected
2117,2025,11/22/25,Houston,TCU,FOX,later,1300.0,1419.5552455717677,past_selected
2118,2025,11/22/25,Oklahoma,Missouri,ABC,later,5365.0,4841.26149631132,past_selected
2119,2025,11/22/25,Notre Dame,Syracuse,NBC,later,1887.0,2325.00269106478,past_selected
2120,2025,11/25/25,Eastern Michigan,Western Michigan,ESPN2,later,403.0,335.59241016366303,past_selected
2121,2025,11/25/25,Massachusetts,Bowling Green,ESPNU,later,60.0,88.92178303154478,past_selected
2122,2025,11/27/25,Memphis,Navy,ESPN,later,780.0,738.5420676099512,past_selected
2123,2025,11/28/25,Nebraska,Iowa,CBS,later,3769.0,4429.049778888822,past_selected
2124,2025,11/28/25,Mississippi St.,Mississippi,ABC,later,5232.0,4070.7554862761435,past_selected
2125,2025,11/28/25,Kansas,Utah,ESPN,later,1116.0,1478.8179769432961,past_selected
2126,2025,11/28/25,Buffalo,Ohio,ESPNU,later,63.0,102.39426387227726,past_selected
2127,2025,11/28/25,Colorado St.,Air Force,FS1,later,148.0,203.36958769409387,past_selected
2128,2025,11/28/25,Georgia Tech,Georgia,ABC,later,8716.0,9604.789123184079,past_selected
2129,2025,11/28/25,North Texas,Temple,ESPN,later,480.0,375.6456165271828,past_selected
2130,2025,11/28/25,Utah St.,Boise St.,CBS,later,2008.0,1183.2349519694399,past_selected
2131,2025,11/28/25,Texas,Texas A&M,ABC,later,13044.0,13329.279854246306,past_selected
2132,2025,11/28/25,Purdue,Indiana,NBC,later,2685.0,1699.4643753980467,past_selected
2133,2025,11/28/25,Arizona St.,Arizona,FOX,later,1824.0,2338.6797835415678,past_selected
2134,2025,11/29/25,San Jose St.,Fresno St.,FS1,later,223.0,196.23032680543326,past_selected
2135,2025,11/29/25,Illinois,Northwestern,FOX,later,1527.0,1238.414742705145,past_selected
2136,2025,11/29/25,Virginia,Virginia Tech,ESPN,later,1404.0,1427.700209919417,past_selected
2137,2025,11/29/25,Tulane,Charlotte,ESPNU,later,38.0,44.80755591299317,past_selected
2138,2025,11/29/25,Pittsburgh,Miami,ABC,later,2217.0,2767.8900470862377,past_selected
2139,2025,11/29/25,California,SMU,ESPN2,later,531.0,340.9487369422415,past_selected
2140,2025,11/29/25,Washington,Oregon,CBS,later,4270.0,3621.6006820000257,past_selected
2141,2025,11/29/25,Oklahoma,LSU,ABC,later,6385.0,5367.8682604950345,past_selected
2142,2025,11/29/25,Rutgers,Penn St.,BTN,later,950.0,606.6443794815556,past_selected
2143,2025,11/29/25,Kansas St.,Colorado,FS1,later,467.0,314.3503830172391,past_selected
2144,2025,11/29/25,Florida,Florida St.,ESPN2,later,1761.0,1184.704411033469,past_selected
2145,2025,11/29/25,Oklahoma St.,Iowa St.,ESPNU,later,148.0,138.8255948041652,past_selected
2146,2025,11/29/25,Coastal Carolina,James Madison,ESPNU,later,36.0,57.93329269441632,past_selected
2147,2025,11/29/25,Tennessee,Vanderbilt,ESPN,later,4010.0,3623.593339994477,past_selected
2148,2025,11/29/25,Minnesota,Wisconsin,FS1,later,1274.0,977.1153033548399,past_selected
2149,2025,11/29/25,Auburn,Alabama,ABC,later,11310.0,9299.407915066058,past_selected
2150,2025,11/29/25,BYU,UCF,ESPN2,later,716.0,494.1787796767351,past_selected
2151,2025,11/29/25,Syracuse,Boston College,CW,later,305.0,318.5694306623767,past_selected
2152,2025,11/29/25,TCU,Cincinnati,FOX,later,2741.0,1318.372110287322,past_selected
2153,2025,11/29/25,Stanford,Notre Dame,ESPN,later,1518.0,2678.6395925926486,past_selected
2154,2025,11/29/25,USC,UCLA,NBC,later,2224.0,2104.6813087778446,past_selected
2155,2025,11/29/25,Michigan St.,Maryland,FS1,later,660.0,482.69721826228397,past_selected
2156,2025,11/29/25,West Virginia,Texas Tech,ESPN,later,895.0,1389.408084942199,past_selected
2157,2025,11/29/25,Michigan,Ohio St.,FOX,later,18424.0,14339.99185910762,past_selected
2158,2025,11/29/25,Washington St.,Oregon St.,CW,later,515.0,431.45464623546434,past_selected
2159,2025,12/6/25,Indiana,Ohio St.,FOX,later,18332.0,11902.320598749964,past_selected
2160,2025,12/6/25,Alabama,Georgia,ABC,later,16864.0,19693.24657076581,past_selected
2161,2025,12/6/25,BYU,Texas Tech,ABC,later,8988.0,6499.512626885696,past_selected
2162,2025,12/6/25,Duke,Virginia,ABC,later,3880.0,2238.7962716350644,past_selected
2163,2025,12/5/25,North Texas,Tulane,ABC,later,2412.0,2533.383455574818,past_selected
2164,2025,12/5/25,UNLV,Boise St.,FOX,later,1516.0,1773.3190651306484,past_selected
2165,2025,12/5/25,Troy,James Madison,ESPN,later,1146.0,774.6200008263255,past_selected
2166,2025,12/6/25,Miami Ohio,Western Michigan,ESPN,later,1061.0,550.3708691649248,past_selected
2167,2025,8/30/25,Utah,UCLA,FOX,Week1,1528.0,1476.0552863983044,past_selected
