source_index,Year,Date,Team 1,Team 2,Station,period,actual,pred,variant
1488,2021,8/28/21,Illinois,Nebraska,FOX,Week0,3217.0,4777.701159428351,current
1489,2021,8/28/21,UCLA,Hawaii,ESPN,Week0,976.0,986.5225306554971,current
1490,2021,9/1/21,Jacksonville St.,UAB,ESPN,Week1,841.0,842.622418764799,current
1491,2021,9/2/21,UCF,Boise St.,ESPN,Week1,841.0,1125.8132487761698,current
1492,2021,9/2/21,Appalachian St.,East Carolina,ESPNU,Week1,245.0,137.95919675314155,current
1493,2021,9/2/21,Minnesota,Ohio St.,FOX,Week1,6295.0,5069.06606422012,current
1494,2021,9/3/21,Virginia Tech,North Carolina,ESPN,Week1,2579.0,2138.352058313718,current
1495,2021,9/3/21,Colorado St.,South Dakota State,FS1,Week1,199.0,260.23121418178715,current
1496,2021,9/3/21,Northwestern,Michigan St.,ESPN,Week1,2101.0,1832.859896385342,current
1497,2021,9/4/21,Oklahoma,Tulane,ABC,Week1,2526.0,1789.0805978343692,current
1498,2021,9/4/21,Kansas St.,Stanford,FS1,Week1,312.0,565.228697264048,current
1499,2021,9/4/21,Michigan,Western Michigan,ESPN,Week1,1623.0,1928.613819838958,current
1500,2021,9/4/21,Wisconsin,Penn St.,FOX,Week1,5409.0,4044.273700317921,current
1501,2021,9/4/21,Miami,Alabama,ABC,Week1,5674.0,4122.3074191750675,current
1502,2021,9/4/21,Maryland,West Virginia,ESPN,Week1,1350.0,1175.3198952845103,current
1503,2021,9/4/21,Iowa,Indiana,BTN,Week1,554.0,1173.037827371597,current
1504,2021,9/4/21,Mississippi St.,Louisiana Tech,ESPNU,Week1,228.0,231.6943921561049,current
1505,2021,9/4/21,Texas,Louisiana,FOX,Week1,2879.0,2626.9954363295074,current
1506,2021,9/4/21,Purdue,Oregon St.,FS1,Week1,439.0,391.21142980444904,current
1507,2021,9/4/21,Houston,Texas Tech,ESPN,Week1,831.0,1130.0418306824438,current
1508,2021,9/4/21,Illinois,UTSA,BTN,Week1,211.0,529.9326886560298,current
1509,2021,9/4/21,Clemson,Georgia,ABC,Week1,8863.0,6235.285224404599,current
1510,2021,9/4/21,Texas A&M,Kent St.,ESPNU,Week1,285.0,322.42302238050354,current
1511,2021,9/5/21,UCLA,LSU,FOX,Week1,3219.0,2922.4009488102383,current
1512,2021,9/4/21,California,Nevada,FS1,Week1,255.0,257.958418344353,current
1513,2021,9/4/21,Arizona,BYU,ESPN,Week1,933.0,1552.6279889235325,current
1514,2021,9/5/21,Florida St.,Notre Dame,ABC,Week1,7751.0,7683.0254966749035,current
1515,2021,9/6/21,Mississippi,Louisville,ESPN,Week1,3078.0,2154.9805110919883,current
1516,2021,9/10/21,Coastal Carolina,Kansas,ESPN2,later,1299.0,861.7473557681378,current
1517,2021,9/10/21,Boise St.,UTEP,FS1,later,347.0,697.9950872281013,current
1518,2021,9/11/21,East Carolina,South Carolina,ESPN2,later,585.0,709.9031713188776,current
1519,2021,9/11/21,Ohio St.,Oregon,FOX,later,7730.0,5929.404214435324,current
1520,2021,9/11/21,Oklahoma St.,Tulsa,FS1,later,321.0,421.457191376236,current
1521,2021,9/11/21,Tennessee,Pittsburgh,ESPN,later,1739.0,1954.5488899602092,current
1522,2021,9/11/21,South Florida,Florida,ABC,later,1597.0,2063.4891607192867,current
1523,2021,9/11/21,Penn St.,Ball St.,FS1,later,881.0,688.1505721415965,current
1524,2021,9/11/21,Colorado,Texas A&M,FOX,later,4502.0,3109.2907815017056,current
1525,2021,9/11/21,TCU,California,ESPNU,later,193.0,206.8284250639299,current
1526,2021,9/11/21,Nebraska,Buffalo,BTN,later,626.0,641.7026710605652,current
1527,2021,9/11/21,Georgia,UAB,ESPN2,later,1118.0,949.8050443939223,current
1528,2021,9/11/21,Navy,Air Force,CBS,later,1076.0,743.0183148027023,current
1529,2021,9/11/21,Iowa St.,Iowa,ABC,later,3890.0,5163.082819119461,current
1530,2021,9/11/21,Mississippi St.,North Carolina St.,ESPN2,later,756.0,573.9563794488843,current
1531,2021,9/11/21,Arkansas,Texas,ESPN,later,3356.0,2471.3433165979063,current
1532,2021,9/11/21,Wisconsin,Eastern Michigan,FS1,later,557.0,682.3366735686398,current
1533,2021,9/11/21,Miami,Appalachian St.,ESPNU,later,395.0,263.2003556613147,current
1534,2021,9/11/21,Michigan,Washington,ABC,later,4748.0,4499.051347902372,current
1535,2021,9/11/21,BYU,Utah,ESPN,later,1503.0,1644.658742854524,current
1536,2021,9/11/21,Arizona St.,UNLV,ESPN2,later,407.0,480.8843720854753,current
1537,2021,9/11/21,USC,Stanford,FOX,later,1441.0,1961.827588342318,current
1538,2021,9/11/21,Oregon St.,Hawaii,FS1,later,204.0,499.585433328623,current
1539,2021,9/16/21,Louisiana,Ohio,ESPN,later,698.0,721.9124354427929,current
1540,2021,9/17/21,Louisville,UCF,ESPN,later,1881.0,1790.6558079868219,current
1541,2021,9/17/21,Illinois,Maryland,FS1,later,690.0,521.8658430334062,current
1542,2021,9/18/21,Miami,Michigan St.,ABC,later,2774.0,2118.446016577025,current
1543,2021,9/18/21,Buffalo,Coastal Carolina,ESPN2,later,285.0,613.3385315476663,current
1544,2021,9/18/21,Michigan,Northern Illinois,BTN,later,512.0,1037.4076372564123,current
1545,2021,9/18/21,Oklahoma,Nebraska,FOX,later,4210.0,3507.879156736444,current
1546,2021,9/18/21,Indiana,Cincinnati,ESPN,later,1681.0,1452.0782785849494,current
1547,2021,9/18/21,West Virginia,Virginia Tech,FS1,later,932.0,591.3792567474584,current
1548,2021,9/18/21,Notre Dame,Purdue,NBC,later,2584.0,1993.4976535889564,current
1549,2021,9/18/21,Washington St.,USC,FOX,later,1583.0,2029.692256951565,current
1550,2021,9/18/21,Florida,Alabama,CBS,later,7863.0,4444.72873452969,current
1551,2021,9/18/21,Ohio St.,Tulsa,FS1,later,1831.0,1235.2068112270597,current
1552,2021,9/18/21,Wake Forest,Florida St.,ESPN,later,689.0,1174.7083979828499,current
1553,2021,9/18/21,Clemson,Georgia Tech,ABC,later,2101.0,2217.0659140070247,current
1554,2021,9/18/21,Memphis,Mississippi St.,ESPN2,later,401.0,510.74340380873383,current
1555,2021,9/18/21,Georgia,South Carolina,ESPN,later,2548.0,2727.3377862423176,current
1556,2021,9/18/21,Penn St.,Auburn,ABC,later,7606.0,6089.855059898455,current
1557,2021,9/18/21,Mississippi,Tulane,ESPN2,later,350.0,404.29106034539234,current
1558,2021,9/18/21,Boise St.,Oklahoma St.,FS1,later,596.0,757.2895332489895,current
1559,2021,9/18/21,BYU,Arizona St.,ESPN,later,1498.0,1852.667237353472,current
1560,2021,9/18/21,Hawaii,San Jose St.,FS1,later,259.0,449.0216861099884,current
1561,2021,9/23/21,Appalachian St.,Marshall,ESPN,later,1014.0,872.3853204062923,current
1562,2021,9/24/21,Virginia,Wake Forest,ESPN2,later,1113.0,683.5785447457245,current
1563,2021,9/25/21,Boston College,Missouri,ESPN2,later,404.0,461.9725538155974,current
1564,2021,9/25/21,Mississippi St.,LSU,ESPN,later,1791.0,1824.3387062460008,current
1565,2021,9/25/21,Texas,Texas Tech,ABC,later,1728.0,2634.898330812264,current
1566,2021,9/25/21,TCU,SMU,FS1,later,186.0,365.6454202555998,current
1567,2021,9/25/21,Wisconsin,Notre Dame,FOX,later,5369.0,3862.0565498932933,current
1568,2021,9/25/21,Utah St.,Boise St.,CBS,later,804.0,1095.7178565422728,current
1569,2021,9/25/21,North Carolina St.,Clemson,ESPN,later,2185.0,1248.239788339291,current
1570,2021,9/25/21,Baylor,Iowa St.,FOX,later,2012.0,1394.4982832006103,current
1571,2021,9/25/21,Michigan,Rutgers,ABC,later,2806.0,2900.160024778301,current
1572,2021,9/25/21,Iowa,Colorado St.,FS1,later,513.0,534.9410884002328,current
1573,2021,9/25/21,Arkansas,Texas A&M,CBS,later,4071.0,4717.444146967362,current
1574,2021,9/25/21,Florida St.,Louisville,ESPN2,later,643.0,779.5730472226604,current
1575,2021,9/25/21,South Carolina,Kentucky,ESPN2,later,941.0,1063.3313698321258,current
1576,2021,9/25/21,Florida,Tennessee,ESPN,later,3282.0,2094.361149403084,current
1577,2021,9/25/21,Michigan St.,Nebraska,FS1,later,1664.0,1209.5547631313038,current
1578,2021,9/25/21,Ohio St.,Akron,BTN,later,1075.0,1473.594066515967,current
1579,2021,9/25/21,Oklahoma,West Virginia,ABC,later,4502.0,3826.7178042749083,current
1580,2021,9/25/21,BYU,South Florida,ESPN2,later,491.0,478.7190885123222,current
1581,2021,9/25/21,Oregon,Arizona,ESPN,later,1656.0,2106.428645666834,current
1582,2021,9/25/21,USC,Oregon St.,FS1,later,754.0,687.5619417385647,current
1583,2021,9/25/21,Arizona St.,Colorado,ESPNU,later,170.0,314.61424456103316,current
1584,2021,9/30/21,Miami,Virginia,ESPN,later,1408.0,1120.0331781601055,current
1585,2021,10/1/21,Tulsa,Houston,ESPN,later,548.0,1047.101317706707,current
1586,2021,10/1/21,Maryland,Iowa,FS1,later,1381.0,1050.203453461802,current
1587,2021,10/2/21,Wisconsin,Michigan,FOX,later,4313.0,3826.864701771687,current
1588,2021,10/2/21,Georgia,Arkansas,ESPN,later,3845.0,4781.009640779295,current
1589,2021,10/2/21,TCU,Texas,ABC,later,2384.0,2477.4985506391768,current
1590,2021,10/2/21,North Carolina,Duke,ESPN2,later,303.0,472.12356836960055,current
1591,2021,10/2/21,Notre Dame,Cincinnati,NBC,later,3805.0,3639.7427155294213,current
1592,2021,10/2/21,Stanford,Oregon,ABC,later,2641.0,2818.668213621563,current
1593,2021,10/2/21,Kansas St.,Oklahoma,FOX,later,2616.0,2883.727366265687,current
1594,2021,10/2/21,Alabama,Mississippi,CBS,later,4792.0,3418.308560473125,current
1595,2021,10/2/21,Rutgers,Ohio St.,BTN,later,1190.0,1158.8378742248144,current
1596,2021,10/2/21,West Virginia,Texas Tech,ESPN2,later,666.0,697.3202800991661,current
1597,2021,10/2/21,Boise St.,Nevada,FS1,later,197.0,370.5566617393748,current
1598,2021,10/2/21,Kentucky,Florida,ESPN,later,3063.0,2312.54030237504,current
1599,2021,10/2/21,Iowa St.,Kansas,FS1,later,262.0,403.34677168854523,current
1600,2021,10/2/21,Oklahoma St.,Baylor,ESPN2,later,995.0,1446.0855336884613,current
1601,2021,10/2/21,Penn St.,Indiana,ABC,later,3996.0,3205.537444874945,current
1602,2021,10/2/21,LSU,Auburn,ESPN,later,3791.0,2898.304941566989,current
1603,2021,10/2/21,UCLA,Arizona St.,FS1,later,673.0,468.0166357948827,current
1604,2021,10/7/21,Tulane,Houston,ESPN,later,464.0,466.36210199065476,current
1605,2021,10/8/21,Cincinnati,Temple,ESPN,later,1111.0,1828.526370797531,current
1606,2021,10/8/21,Arizona St.,Stanford,ESPN,later,1134.0,1393.7353281482992,current
1607,2021,10/9/21,Tennessee,South Carolina,ESPN2,later,795.0,1148.6853477699178,current
1608,2021,10/9/21,Ohio St.,Maryland,FOX,later,2788.0,3385.851986257488,current
1609,2021,10/9/21,Rutgers,Michigan St.,BTN,later,642.0,646.9935821977632,current
1610,2021,10/9/21,Texas,Oklahoma,ABC,later,5940.0,6271.656327849781,current
1611,2021,10/9/21,Mississippi,Arkansas,ESPN,later,2230.0,2109.0547861015402,current
1612,2021,10/9/21,Baylor,West Virginia,FS1,later,456.0,391.23546584496205,current
1613,2021,10/9/21,Illinois,Wisconsin,BTN,later,416.0,567.3102475124497,current
1614,2021,10/9/21,Syracuse,Wake Forest,ESPN2,later,509.0,405.5257487302739,current
1615,2021,10/9/21,North Carolina,Florida St.,ESPN,later,1073.0,1037.1361474052044,current
1616,2021,10/9/21,BYU,Boise St.,ABC,later,2244.0,2010.199581727478,current
1617,2021,10/9/21,Auburn,Georgia,CBS,later,4581.0,5286.509591337049,current
1618,2021,10/9/21,Iowa,Penn St.,FOX,later,6904.0,6913.687441501077,current
1619,2021,10/9/21,Texas Tech,TCU,ESPN,later,625.0,1025.804041461267,current
1620,2021,10/9/21,Nebraska,Michigan,ABC,later,4629.0,6276.066235841819,current
1621,2021,10/9/21,Texas A&M,Alabama,CBS,later,8334.0,3686.647807866712,current
1622,2021,10/9/21,USC,Utah,FOX,later,1376.0,1784.4807932451854,current
1623,2021,10/9/21,Nevada,New Mexico St.,ESPN,later,799.0,600.7457429106472,current
1624,2021,10/12/21,Louisiana,Appalachian St.,ESPN2,later,428.0,462.6176568696551,current
1625,2021,10/14/21,Memphis,Navy,ESPN,later,514.0,507.0587703768032,current
1626,2021,10/15/21,Syracuse,Clemson,ESPN,later,2115.0,1510.8967059060142,current
1627,2021,10/15/21,Oregon,California,ESPN,later,1446.0,1593.222515858245,current
1628,2021,10/16/21,Cincinnati,UCF,ABC,later,1374.0,2142.7247132840002,current
1629,2021,10/16/21,LSU,Florida,ESPN,later,2926.0,1974.031508324784,current
1630,2021,10/16/21,Arkansas,Auburn,CBS,later,2404.0,2293.0871639578804,current
1631,2021,10/16/21,Northwestern,Rutgers,BTN,later,204.0,342.4237062346465,current
1632,2021,10/16/21,Minnesota,Nebraska,ESPN2,later,1062.0,674.0489458215303,current
1633,2021,10/16/21,Texas,Oklahoma St.,FOX,later,3129.0,5600.318886807401,current
1634,2021,10/16/21,Indiana,Michigan St.,FS1,later,1276.0,639.1841367482363,current
1635,2021,10/16/21,Georgia,Kentucky,CBS,later,6369.0,6140.872066312701,current
1636,2021,10/16/21,Iowa,Purdue,ABC,later,3446.0,4486.632469201437,current
1637,2021,10/16/21,Virginia Tech,Pittsburgh,ESPN2,later,640.0,658.8924858743358,current
1638,2021,10/16/21,Baylor,BYU,ESPN,later,1440.0,1188.7989585076593,current
1639,2021,10/16/21,Mississippi St.,Alabama,ESPN,later,3526.0,2403.6253137133667,current
1640,2021,10/16/21,Washington St.,Stanford,ESPNU,later,210.0,242.44460478635187,current
1641,2021,10/16/21,Oklahoma,TCU,ABC,later,3434.0,3843.517928727989,current
1642,2021,10/16/21,Kansas St.,Iowa St.,ESPN2,later,608.0,588.5293205240619,current
1643,2021,10/16/21,Wisconsin,Army,BTN,later,639.0,561.0624007841195,current
1644,2021,10/16/21,Washington,UCLA,FOX,later,1532.0,1583.234507467944,current
1645,2021,10/16/21,Boise St.,Air Force,FS1,later,289.0,526.6189676116358,current
1646,2021,10/16/21,Utah,Arizona St.,ESPN,later,1393.0,1167.8186678451252,current
1647,2021,10/20/21,Appalachian St.,Coastal Carolina,ESPN2,later,804.0,565.0543496509566,current
1648,2021,10/21/21,SMU,Tulane,ESPN,later,392.0,596.0526321616767,current
1649,2021,10/22/21,UCF,Memphis,ESPN2,later,793.0,850.503841958295,current
1650,2021,10/22/21,Arizona,Washington,ESPN2,later,660.0,731.3413177623391,current
1651,2021,10/23/21,Texas Tech,Kansas St.,FS1,later,359.0,468.00679216687564,current
1652,2021,10/23/21,Penn St.,Illinois,ABC,later,3765.0,2669.853647888787,current
1653,2021,10/23/21,Michigan,Northwestern,FOX,later,3235.0,3040.0279319256692,current
1654,2021,10/23/21,Kansas,Oklahoma,ESPN,later,2645.0,1340.1056340559464,current
1655,2021,10/23/21,Navy,Cincinnati,ESPN2,later,769.0,550.7732763498495,current
1656,2021,10/23/21,Purdue,Wisconsin,BTN,later,734.0,773.7215502404706,current
1657,2021,10/23/21,Minnesota,Maryland,ESPN2,later,533.0,475.9569349967304,current
1658,2021,10/23/21,Mississippi,LSU,CBS,later,3109.0,2363.048436880212,current
1659,2021,10/23/21,Washington St.,BYU,FS1,later,466.0,473.7175993579358,current
1660,2021,10/23/21,UCLA,Oregon,ABC,later,3845.0,2947.0224547882585,current
1661,2021,10/23/21,Iowa St.,Oklahoma St.,FOX,later,2659.0,2741.429225156927,current
1662,2021,10/23/21,Pittsburgh,Clemson,ESPN,later,2162.0,1562.7806579731482,current
1663,2021,10/23/21,Fresno St.,Nevada,FS1,later,233.0,288.1425006147374,current
1664,2021,10/23/21,Alabama,Tennessee,ESPN,later,4679.0,3572.207451690169,current
1665,2021,10/23/21,Indiana,Ohio St.,ABC,later,3347.0,3437.606414828246,current
1666,2021,10/23/21,Notre Dame,USC,NBC,later,2868.0,2265.8589953146106,current
1667,2021,10/23/21,TCU,West Virginia,ESPNU,later,369.0,225.9151565011607,current
1668,2021,10/23/21,Miami,North Carolina St.,ESPN2,later,675.0,414.4528455933672,current
1669,2021,10/28/21,Coastal Carolina,Troy,ESPN2,later,290.0,575.9317584256928,current
1670,2021,10/28/21,East Carolina,South Florida,ESPN,later,395.0,599.0572488799522,current
1671,2021,10/29/21,Tulsa,Navy,ESPN2,later,684.0,663.9145887508641,current
1672,2021,10/30/21,Michigan St.,Michigan,FOX,later,9289.0,7762.899485940598,current
1673,2021,10/30/21,Wisconsin,Iowa,ESPN,later,1828.0,2121.9820672587957,current
1674,2021,10/30/21,Baylor,Texas,ABC,later,2395.0,1991.3375416994952,current
1675,2021,10/30/21,Tulane,Cincinnati,ESPN2,later,580.0,369.23573566298387,current
1676,2021,10/30/21,Arizona St.,Washington St.,FS1,later,337.0,551.4988490168719,current
1677,2021,10/30/21,Clemson,Florida St.,ESPN,later,1883.0,1282.9217762014505,current
1678,2021,10/30/21,Oregon,Colorado,FOX,later,2673.0,2495.611561987908,current
1679,2021,10/30/21,Nebraska,Purdue,ESPN2,later,1295.0,730.7238878722758,current
1680,2021,10/30/21,Northwestern,Minnesota,BTN,later,401.0,381.1373100726039,current
1681,2021,10/30/21,Oklahoma,Texas Tech,ABC,later,2370.0,2969.2714325124025,current
1682,2021,10/30/21,Florida,Georgia,CBS,later,6120.0,3405.176262524937,current
1683,2021,10/30/21,Auburn,Mississippi,ESPN,later,2525.0,3133.8576865663754,current
1684,2021,10/30/21,Oklahoma St.,Kansas,FS1,later,344.0,489.8412909806358,current
1685,2021,10/30/21,Houston,SMU,ESPN2,later,332.0,538.0195998310132,current
1686,2021,10/30/21,Notre Dame,North Carolina,NBC,later,2346.0,1697.2901767080411,current
1687,2021,10/30/21,Ohio St.,Penn St.,ABC,later,7051.0,7837.206445746982,current
1688,2021,10/30/21,Utah,UCLA,ESPN,later,829.0,1024.6416751970073,current
1689,2021,10/30/21,BYU,Virginia,ESPN2,later,678.0,578.8146314541023,current
1690,2021,10/30/21,Stanford,Washington,FS1,later,402.0,465.0141249336349,current
1691,2021,11/2/21,Toledo,Eastern Michigan,ESPN2,later,180.0,301.6433892013738,current
1692,2021,11/3/21,Kent St.,Northern Illinois,ESPN2,later,454.0,355.93276501038395,current
1693,2021,11/4/21,Louisiana,Georgia St.,ESPN,later,620.0,731.4939997254132,current
1694,2021,11/5/21,Boston College,Virginia Tech,ESPN2,later,1215.0,703.6362778066264,current
1695,2021,11/5/21,Stanford,Utah,FS1,later,452.0,450.4164151673473,current
1696,2021,11/6/21,Air Force,Army,CBS,later,1444.0,835.9994591190093,current
1697,2021,11/6/21,North Carolina,Wake Forest,ABC,later,2200.0,1844.1401405636695,current
1698,2021,11/6/21,Minnesota,Illinois,ESPN2,later,595.0,443.8708372481295,current
1699,2021,11/6/21,Nebraska,Ohio St.,FOX,later,5328.0,4484.275115337117,current
1700,2021,11/6/21,Georgia,Missouri,ESPN,later,2186.0,2074.697111308495,current
1701,2021,11/6/21,Kansas,Kansas St.,FS1,later,344.0,157.27574671738796,current
1702,2021,11/6/21,Maryland,Penn St.,FS1,later,936.0,721.0761028533515,current
1703,2021,11/6/21,West Virginia,Oklahoma St.,ESPN,later,1140.0,1179.889660294582,current
1704,2021,11/6/21,Texas A&M,Auburn,CBS,later,3759.0,3698.9151053175538,current
1705,2021,11/6/21,Notre Dame,Navy,NBC,later,1863.0,1424.1475586752056,current
1706,2021,11/6/21,TCU,Baylor,FOX,later,1807.0,1306.1765063781215,current
1707,2021,11/6/21,Cincinnati,Tulsa,ESPN2,later,796.0,621.036816477307,current
1708,2021,11/6/21,Purdue,Michigan St.,ABC,later,4400.0,4413.49388000844,current
1709,2021,11/6/21,Rutgers,Wisconsin,BTN,later,433.0,495.6794991986128,current
1710,2021,11/6/21,Northwestern,Iowa,BTN,later,552.0,523.6432641476845,current
1711,2021,11/6/21,Alabama,LSU,ESPN,later,5000.0,5572.979557734684,current
1712,2021,11/6/21,Kentucky,Tennessee,ESPN2,later,1478.0,1015.2008056903727,current
1713,2021,11/6/21,Iowa St.,Texas,FS1,later,907.0,722.573019673592,current
1714,2021,11/6/21,Michigan,Indiana,FOX,later,2683.0,3541.9940250686413,current
1715,2021,11/6/21,Washington,Oregon,ABC,later,2726.0,3027.5624084603305,current
1716,2021,11/6/21,UTEP,UTSA,ESPN2,later,412.0,457.1899845488907,current
1717,2021,11/6/21,Arizona St.,USC,ESPN,later,1608.0,1419.5367443348573,current
1718,2021,11/6/21,Hawaii,San Diego St.,FS1,later,226.0,336.1272899218311,current
1719,2021,11/9/21,Eastern Michigan,Ohio,ESPN2,later,294.0,350.429245375014,current
1720,2021,11/10/21,Northern Illinois,Ball St.,ESPN2,later,470.0,394.9996708117925,current
1721,2021,11/10/21,Central Michigan,Kent St.,ESPNU,later,155.0,196.46563016911483,current
1722,2021,11/11/21,Pittsburgh,North Carolina,ESPN,later,1213.0,1159.6052396671928,current
1723,2021,11/12/21,South Florida,Cincinnati,ESPN2,later,1157.0,1243.0963460855312,current
1724,2021,11/12/21,Boise St.,Wyoming,FS1,later,454.0,626.4393929798381,current
1725,2021,11/13/21,Penn St.,Michigan,ABC,later,5942.0,7867.12104395554,current
1726,2021,11/13/21,Wisconsin,Northwestern,ESPN2,later,667.0,536.1766093671978,current
1727,2021,11/13/21,Indiana,Rutgers,BTN,later,180.0,282.33953260492336,current
1728,2021,11/13/21,Auburn,Mississippi St.,ESPN,later,1529.0,1574.2077372341876,current
1729,2021,11/13/21,Baylor,Oklahoma,FOX,later,3719.0,3644.931495721907,current
1730,2021,11/13/21,Kansas St.,West Virginia,FS1,later,476.0,394.8213397505085,current
1731,2021,11/13/21,Ohio St.,Purdue,ABC,later,4739.0,4927.97148856302,current
1732,2021,11/13/21,Florida St.,Miami,ESPN,later,1534.0,1023.5889724735673,current
1733,2021,11/13/21,Tennessee,Georgia,CBS,later,5781.0,4407.422434818175,current
1734,2021,11/13/21,Iowa,Minnesota,BTN,later,980.0,607.9988162852637,current
1735,2021,11/13/21,Texas Tech,Iowa St.,ESPN2,later,676.0,505.29035602776094,current
1736,2021,11/13/21,Michigan St.,Maryland,FOX,later,2204.0,2560.9215033229802,current
1737,2021,11/13/21,Mississippi,Texas A&M,ESPN,later,3531.0,2553.691065138285,current
1738,2021,11/13/21,Washington,Arizona St.,FS1,later,538.0,561.4641802800504,current
1739,2021,11/13/21,Vanderbilt,Kentucky,ESPN2,later,446.0,486.0543737875258,current
1740,2021,11/13/21,Texas,Kansas,ESPNU,later,487.0,236.51111171948713,current
1741,2021,11/13/21,Virginia,Notre Dame,ABC,later,3278.0,4408.751321053479,current
1742,2021,11/13/21,Oklahoma St.,TCU,FOX,later,1373.0,2411.7279083236813,current
1743,2021,11/13/21,San Jose St.,Utah St.,FS1,later,144.0,287.89282590753965,current
1744,2021,11/13/21,Oregon,Washington St.,ESPN,later,1991.0,2107.8785382609963,current
1745,2021,11/16/21,Eastern Michigan,Western Michigan,ESPN2,later,428.0,334.56155782283423,current
1746,2021,11/17/21,Buffalo,Northern Illinois,ESPN2,later,516.0,409.0738394681978,current
1747,2021,11/18/21,Duke,Louisville,ESPN,later,466.0,958.5912353412602,current
1748,2021,11/19/21,Nevada,Air Force,FS1,later,245.0,539.9939505961038,current
1749,2021,11/19/21,Houston,Memphis,ESPN2,later,611.0,525.4001952908761,current
1750,2021,11/20/21,Ohio St.,Michigan St.,ABC,later,5287.0,8192.954573148396,current
1751,2021,11/20/21,Clemson,Wake Forest,ESPN,later,1553.0,1105.9297409862802,current
1752,2021,11/20/21,Oklahoma,Iowa St.,FOX,later,3103.0,2001.692549497327,current
1753,2021,11/20/21,West Virginia,Texas,ESPN2,later,1005.0,825.1934236681085,current
1754,2021,11/20/21,Iowa,Illinois,FS1,later,677.0,503.6395104855041,current
1755,2021,11/20/21,Notre Dame,Georgia Tech,NBC,later,1455.0,1453.2888448642016,current
1756,2021,11/20/21,Alabama,Arkansas,CBS,later,5464.0,4093.377955992779,current
1757,2021,11/20/21,Pittsburgh,Virginia,ESPN2,later,851.0,702.6620195250482,current
1758,2021,11/20/21,Wisconsin,Nebraska,ABC,later,3534.0,2839.5660175606113,current
1759,2021,11/20/21,Cincinnati,SMU,ESPN,later,938.0,1682.5242838394188,current
1760,2021,11/20/21,USC,UCLA,FOX,later,1836.0,1749.8035510365285,current
1761,2021,11/20/21,Kansas St.,Baylor,FS1,later,665.0,693.2065808058707,current
1762,2021,11/20/21,South Carolina,Auburn,ESPN,later,2033.0,1758.2330122163662,current
1763,2021,11/20/21,Tennessee,South Alabama,ESPNU,later,307.0,365.1494319472341,current
1764,2021,11/20/21,Utah,Oregon,ABC,later,4818.0,4258.7685641842445,current
1765,2021,11/20/21,Texas Tech,Oklahoma St.,FOX,later,1911.0,2665.642347757519,current
1766,2021,11/20/21,Boise St.,New Mexico,FS1,later,165.0,376.3587764862466,current
1767,2021,11/20/21,LSU,Louisiana Monroe,ESPN2,later,598.0,724.3257094921072,current
1768,2021,11/20/21,Oregon St.,Arizona St.,ESPN,later,1114.0,859.2483519081428,current
1769,2021,11/25/21,San Jose St.,Fresno St.,FS1,later,309.0,211.09140776401676,current
1770,2021,11/25/21,Mississippi St.,Mississippi,ESPN,later,2060.0,1991.2065307683324,current
1771,2021,11/26/21,San Diego St.,Boise St.,CBS,later,1950.0,1473.0940190346614,current
1772,2021,11/26/21,Texas,Kansas St.,FOX,later,2861.0,3346.674950507805,current
1773,2021,11/26/21,New Mexico,Utah St.,FS1,later,139.0,391.8853489336056,current
1774,2021,11/26/21,Nebraska,Iowa,BTN,later,1945.0,1349.2602689423466,current
1775,2021,11/26/21,East Carolina,Cincinnati,ABC,later,2392.0,3502.785035012671,current
1776,2021,11/26/21,Arkansas,Missouri,CBS,later,2956.0,2023.3734339158566,current
1777,2021,11/26/21,UCF,South Florida,ESPN,later,711.0,894.1718178837498,current
1778,2021,11/26/21,Utah,Colorado,FOX,later,1554.0,2493.7214421012914,current
1779,2021,11/26/21,Iowa St.,TCU,FS1,later,518.0,593.602310067175,current
1780,2021,11/26/21,North Carolina St.,North Carolina,ESPN,later,2681.0,1323.332320345393,current
1781,2021,11/26/21,Washington,Washington St.,FS1,later,1210.0,971.4362108347188,current
1782,2021,11/27/21,Florida,Florida St.,ESPN,later,1629.0,1362.0929689611667,current
1783,2021,11/27/21,Georgia Tech,Georgia,ABC,later,1947.0,1933.9895985064395,current
1784,2021,11/27/21,Baylor,Texas Tech,FS1,later,412.0,490.8356488401578,current
1785,2021,11/27/21,Rutgers,Maryland,BTN,later,158.0,285.1121833491504,current
1786,2021,11/27/21,Michigan,Ohio St.,FOX,later,15893.0,13984.751294539543,current
1787,2021,11/27/21,Boston College,Wake Forest,ESPN2,later,247.0,302.134800223782,current
1788,2021,11/27/21,Oregon,Oregon St.,ESPN,later,1337.0,1492.4987584716107,current
1789,2021,11/27/21,Auburn,Alabama,CBS,later,10369.0,7762.956114713977,current
1790,2021,11/27/21,Purdue,Indiana,FS1,later,484.0,328.9842742554124,current
1791,2021,11/27/21,Michigan St.,Penn St.,ABC,later,3893.0,3304.4073616720043,current
1792,2021,11/27/21,Illinois,Northwestern,BTN,later,139.0,287.67665956536405,current
1793,2021,11/27/21,SMU,Tulsa,ESPN2,later,119.0,322.28309130373214,current
1794,2021,11/27/21,Minnesota,Wisconsin,FOX,later,5049.0,2702.2265578567963,current
1795,2021,11/27/21,Kansas,West Virginia,FS1,later,485.0,316.5224946863414,current
1796,2021,11/27/21,LSU,Texas A&M,ESPN,later,2351.0,1881.470633032949,current
1797,2021,11/27/21,Louisville,Kentucky,ESPN2,later,700.0,634.2373443416843,current
1798,2021,11/27/21,Oklahoma St.,Oklahoma,ABC,later,6486.0,9718.356117338933,current
1799,2021,11/27/21,Stanford,Notre Dame,FOX,later,2743.0,2508.3510587093947,current
1800,2021,11/27/21,UCLA,California,FS1,later,386.0,345.2956181876085,current
1801,2021,11/27/21,USC,BYU,ESPN,later,1458.0,1385.1640098897128,current
1802,2021,12/3/21,Utah,Oregon,ABC,later,4247.0,5089.37550736909,current
1803,2021,12/4/21,Oklahoma St.,Baylor,ABC,later,8021.0,8523.567060779791,current
1804,2021,12/4/21,Northern Illinois,Kent St.,ESPN,later,867.0,679.7339404940478,current
1805,2021,12/4/21,San Diego St.,Utah St.,FOX,later,816.0,1408.1380128691242,current
1806,2021,12/4/21,Louisiana,Appalachian St.,ESPN,later,440.0,1064.912332940851,current
1807,2021,12/4/21,Cincinnati,Houston,ABC,later,3415.0,4472.216748458204,current
1808,2021,12/4/21,Alabama,Georgia,CBS,later,15277.0,6365.883587201835,current
1809,2021,12/4/21,Iowa,Michigan,FOX,later,11658.0,8692.509354901267,current
1810,2021,12/4/21,Wake Forest,Pittsburgh,ABC,later,2661.0,2867.012339883594,current
1811,2021,12/4/21,California,USC,FS1,later,390.0,531.9922482042183,current
1812,2021,12/11/21,Army,Navy,CBS,later,7570.0,1150.6764966941641,current
1488,2021,8/28/21,Illinois,Nebraska,FOX,Week0,3217.0,4777.701159428351,fox_friday_night
1489,2021,8/28/21,UCLA,Hawaii,ESPN,Week0,976.0,986.5225306554971,fox_friday_night
1490,2021,9/1/21,Jacksonville St.,UAB,ESPN,Week1,841.0,842.622418764799,fox_friday_night
1491,2021,9/2/21,UCF,Boise St.,ESPN,Week1,841.0,1125.8132487761698,fox_friday_night
1492,2021,9/2/21,Appalachian St.,East Carolina,ESPNU,Week1,245.0,137.95919675314155,fox_friday_night
1493,2021,9/2/21,Minnesota,Ohio St.,FOX,Week1,6295.0,5069.06606422012,fox_friday_night
1494,2021,9/3/21,Virginia Tech,North Carolina,ESPN,Week1,2579.0,2138.352058313718,fox_friday_night
1495,2021,9/3/21,Colorado St.,South Dakota State,FS1,Week1,199.0,260.23121418178715,fox_friday_night
1496,2021,9/3/21,Northwestern,Michigan St.,ESPN,Week1,2101.0,1832.859896385342,fox_friday_night
1497,2021,9/4/21,Oklahoma,Tulane,ABC,Week1,2526.0,1789.0805978343692,fox_friday_night
1498,2021,9/4/21,Kansas St.,Stanford,FS1,Week1,312.0,565.228697264048,fox_friday_night
1499,2021,9/4/21,Michigan,Western Michigan,ESPN,Week1,1623.0,1928.613819838958,fox_friday_night
1500,2021,9/4/21,Wisconsin,Penn St.,FOX,Week1,5409.0,4044.273700317921,fox_friday_night
1501,2021,9/4/21,Miami,Alabama,ABC,Week1,5674.0,4122.3074191750675,fox_friday_night
1502,2021,9/4/21,Maryland,West Virginia,ESPN,Week1,1350.0,1175.3198952845103,fox_friday_night
1503,2021,9/4/21,Iowa,Indiana,BTN,Week1,554.0,1173.037827371597,fox_friday_night
1504,2021,9/4/21,Mississippi St.,Louisiana Tech,ESPNU,Week1,228.0,231.6943921561049,fox_friday_night
1505,2021,9/4/21,Texas,Louisiana,FOX,Week1,2879.0,2626.9954363295074,fox_friday_night
1506,2021,9/4/21,Purdue,Oregon St.,FS1,Week1,439.0,391.21142980444904,fox_friday_night
1507,2021,9/4/21,Houston,Texas Tech,ESPN,Week1,831.0,1130.0418306824438,fox_friday_night
1508,2021,9/4/21,Illinois,UTSA,BTN,Week1,211.0,529.9326886560298,fox_friday_night
1509,2021,9/4/21,Clemson,Georgia,ABC,Week1,8863.0,6235.285224404599,fox_friday_night
1510,2021,9/4/21,Texas A&M,Kent St.,ESPNU,Week1,285.0,322.42302238050354,fox_friday_night
1511,2021,9/5/21,UCLA,LSU,FOX,Week1,3219.0,2922.4009488102383,fox_friday_night
1512,2021,9/4/21,California,Nevada,FS1,Week1,255.0,257.958418344353,fox_friday_night
1513,2021,9/4/21,Arizona,BYU,ESPN,Week1,933.0,1552.6279889235325,fox_friday_night
1514,2021,9/5/21,Florida St.,Notre Dame,ABC,Week1,7751.0,7683.0254966749035,fox_friday_night
1515,2021,9/6/21,Mississippi,Louisville,ESPN,Week1,3078.0,2154.9805110919883,fox_friday_night
1516,2021,9/10/21,Coastal Carolina,Kansas,ESPN2,later,1299.0,861.7473557681378,fox_friday_night
1517,2021,9/10/21,Boise St.,UTEP,FS1,later,347.0,697.9950872281013,fox_friday_night
1518,2021,9/11/21,East Carolina,South Carolina,ESPN2,later,585.0,709.9031713188776,fox_friday_night
1519,2021,9/11/21,Ohio St.,Oregon,FOX,later,7730.0,5929.404214435324,fox_friday_night
1520,2021,9/11/21,Oklahoma St.,Tulsa,FS1,later,321.0,421.457191376236,fox_friday_night
1521,2021,9/11/21,Tennessee,Pittsburgh,ESPN,later,1739.0,1954.5488899602092,fox_friday_night
1522,2021,9/11/21,South Florida,Florida,ABC,later,1597.0,2063.4891607192867,fox_friday_night
1523,2021,9/11/21,Penn St.,Ball St.,FS1,later,881.0,688.1505721415965,fox_friday_night
1524,2021,9/11/21,Colorado,Texas A&M,FOX,later,4502.0,3109.2907815017056,fox_friday_night
1525,2021,9/11/21,TCU,California,ESPNU,later,193.0,206.8284250639299,fox_friday_night
1526,2021,9/11/21,Nebraska,Buffalo,BTN,later,626.0,641.7026710605652,fox_friday_night
1527,2021,9/11/21,Georgia,UAB,ESPN2,later,1118.0,949.8050443939223,fox_friday_night
1528,2021,9/11/21,Navy,Air Force,CBS,later,1076.0,743.0183148027023,fox_friday_night
1529,2021,9/11/21,Iowa St.,Iowa,ABC,later,3890.0,5163.082819119461,fox_friday_night
1530,2021,9/11/21,Mississippi St.,North Carolina St.,ESPN2,later,756.0,573.9563794488843,fox_friday_night
1531,2021,9/11/21,Arkansas,Texas,ESPN,later,3356.0,2471.3433165979063,fox_friday_night
1532,2021,9/11/21,Wisconsin,Eastern Michigan,FS1,later,557.0,682.3366735686398,fox_friday_night
1533,2021,9/11/21,Miami,Appalachian St.,ESPNU,later,395.0,263.2003556613147,fox_friday_night
1534,2021,9/11/21,Michigan,Washington,ABC,later,4748.0,4499.051347902372,fox_friday_night
1535,2021,9/11/21,BYU,Utah,ESPN,later,1503.0,1644.658742854524,fox_friday_night
1536,2021,9/11/21,Arizona St.,UNLV,ESPN2,later,407.0,480.8843720854753,fox_friday_night
1537,2021,9/11/21,USC,Stanford,FOX,later,1441.0,1961.827588342318,fox_friday_night
1538,2021,9/11/21,Oregon St.,Hawaii,FS1,later,204.0,499.585433328623,fox_friday_night
1539,2021,9/16/21,Louisiana,Ohio,ESPN,later,698.0,721.9124354427929,fox_friday_night
1540,2021,9/17/21,Louisville,UCF,ESPN,later,1881.0,1790.6558079868219,fox_friday_night
1541,2021,9/17/21,Illinois,Maryland,FS1,later,690.0,521.8658430334062,fox_friday_night
1542,2021,9/18/21,Miami,Michigan St.,ABC,later,2774.0,2118.446016577025,fox_friday_night
1543,2021,9/18/21,Buffalo,Coastal Carolina,ESPN2,later,285.0,613.3385315476663,fox_friday_night
1544,2021,9/18/21,Michigan,Northern Illinois,BTN,later,512.0,1037.4076372564123,fox_friday_night
1545,2021,9/18/21,Oklahoma,Nebraska,FOX,later,4210.0,3507.879156736444,fox_friday_night
1546,2021,9/18/21,Indiana,Cincinnati,ESPN,later,1681.0,1452.0782785849494,fox_friday_night
1547,2021,9/18/21,West Virginia,Virginia Tech,FS1,later,932.0,591.3792567474584,fox_friday_night
1548,2021,9/18/21,Notre Dame,Purdue,NBC,later,2584.0,1993.4976535889564,fox_friday_night
1549,2021,9/18/21,Washington St.,USC,FOX,later,1583.0,2029.692256951565,fox_friday_night
1550,2021,9/18/21,Florida,Alabama,CBS,later,7863.0,4444.72873452969,fox_friday_night
1551,2021,9/18/21,Ohio St.,Tulsa,FS1,later,1831.0,1235.2068112270597,fox_friday_night
1552,2021,9/18/21,Wake Forest,Florida St.,ESPN,later,689.0,1174.7083979828499,fox_friday_night
1553,2021,9/18/21,Clemson,Georgia Tech,ABC,later,2101.0,2217.0659140070247,fox_friday_night
1554,2021,9/18/21,Memphis,Mississippi St.,ESPN2,later,401.0,510.74340380873383,fox_friday_night
1555,2021,9/18/21,Georgia,South Carolina,ESPN,later,2548.0,2727.3377862423176,fox_friday_night
1556,2021,9/18/21,Penn St.,Auburn,ABC,later,7606.0,6089.855059898455,fox_friday_night
1557,2021,9/18/21,Mississippi,Tulane,ESPN2,later,350.0,404.29106034539234,fox_friday_night
1558,2021,9/18/21,Boise St.,Oklahoma St.,FS1,later,596.0,757.2895332489895,fox_friday_night
1559,2021,9/18/21,BYU,Arizona St.,ESPN,later,1498.0,1852.667237353472,fox_friday_night
1560,2021,9/18/21,Hawaii,San Jose St.,FS1,later,259.0,449.0216861099884,fox_friday_night
1561,2021,9/23/21,Appalachian St.,Marshall,ESPN,later,1014.0,872.3853204062923,fox_friday_night
1562,2021,9/24/21,Virginia,Wake Forest,ESPN2,later,1113.0,683.5785447457245,fox_friday_night
1563,2021,9/25/21,Boston College,Missouri,ESPN2,later,404.0,461.9725538155974,fox_friday_night
1564,2021,9/25/21,Mississippi St.,LSU,ESPN,later,1791.0,1824.3387062460008,fox_friday_night
1565,2021,9/25/21,Texas,Texas Tech,ABC,later,1728.0,2634.898330812264,fox_friday_night
1566,2021,9/25/21,TCU,SMU,FS1,later,186.0,365.6454202555998,fox_friday_night
1567,2021,9/25/21,Wisconsin,Notre Dame,FOX,later,5369.0,3862.0565498932933,fox_friday_night
1568,2021,9/25/21,Utah St.,Boise St.,CBS,later,804.0,1095.7178565422728,fox_friday_night
1569,2021,9/25/21,North Carolina St.,Clemson,ESPN,later,2185.0,1248.239788339291,fox_friday_night
1570,2021,9/25/21,Baylor,Iowa St.,FOX,later,2012.0,1394.4982832006103,fox_friday_night
1571,2021,9/25/21,Michigan,Rutgers,ABC,later,2806.0,2900.160024778301,fox_friday_night
1572,2021,9/25/21,Iowa,Colorado St.,FS1,later,513.0,534.9410884002328,fox_friday_night
1573,2021,9/25/21,Arkansas,Texas A&M,CBS,later,4071.0,4717.444146967362,fox_friday_night
1574,2021,9/25/21,Florida St.,Louisville,ESPN2,later,643.0,779.5730472226604,fox_friday_night
1575,2021,9/25/21,South Carolina,Kentucky,ESPN2,later,941.0,1063.3313698321258,fox_friday_night
1576,2021,9/25/21,Florida,Tennessee,ESPN,later,3282.0,2094.361149403084,fox_friday_night
1577,2021,9/25/21,Michigan St.,Nebraska,FS1,later,1664.0,1209.5547631313038,fox_friday_night
1578,2021,9/25/21,Ohio St.,Akron,BTN,later,1075.0,1473.594066515967,fox_friday_night
1579,2021,9/25/21,Oklahoma,West Virginia,ABC,later,4502.0,3826.7178042749083,fox_friday_night
1580,2021,9/25/21,BYU,South Florida,ESPN2,later,491.0,478.7190885123222,fox_friday_night
1581,2021,9/25/21,Oregon,Arizona,ESPN,later,1656.0,2106.428645666834,fox_friday_night
1582,2021,9/25/21,USC,Oregon St.,FS1,later,754.0,687.5619417385647,fox_friday_night
1583,2021,9/25/21,Arizona St.,Colorado,ESPNU,later,170.0,314.61424456103316,fox_friday_night
1584,2021,9/30/21,Miami,Virginia,ESPN,later,1408.0,1120.0331781601055,fox_friday_night
1585,2021,10/1/21,Tulsa,Houston,ESPN,later,548.0,1047.101317706707,fox_friday_night
1586,2021,10/1/21,Maryland,Iowa,FS1,later,1381.0,1050.203453461802,fox_friday_night
1587,2021,10/2/21,Wisconsin,Michigan,FOX,later,4313.0,3826.864701771687,fox_friday_night
1588,2021,10/2/21,Georgia,Arkansas,ESPN,later,3845.0,4781.009640779295,fox_friday_night
1589,2021,10/2/21,TCU,Texas,ABC,later,2384.0,2477.4985506391768,fox_friday_night
1590,2021,10/2/21,North Carolina,Duke,ESPN2,later,303.0,472.12356836960055,fox_friday_night
1591,2021,10/2/21,Notre Dame,Cincinnati,NBC,later,3805.0,3639.7427155294213,fox_friday_night
1592,2021,10/2/21,Stanford,Oregon,ABC,later,2641.0,2818.668213621563,fox_friday_night
1593,2021,10/2/21,Kansas St.,Oklahoma,FOX,later,2616.0,2883.727366265687,fox_friday_night
1594,2021,10/2/21,Alabama,Mississippi,CBS,later,4792.0,3418.308560473125,fox_friday_night
1595,2021,10/2/21,Rutgers,Ohio St.,BTN,later,1190.0,1158.8378742248144,fox_friday_night
1596,2021,10/2/21,West Virginia,Texas Tech,ESPN2,later,666.0,697.3202800991661,fox_friday_night
1597,2021,10/2/21,Boise St.,Nevada,FS1,later,197.0,370.5566617393748,fox_friday_night
1598,2021,10/2/21,Kentucky,Florida,ESPN,later,3063.0,2312.54030237504,fox_friday_night
1599,2021,10/2/21,Iowa St.,Kansas,FS1,later,262.0,403.34677168854523,fox_friday_night
1600,2021,10/2/21,Oklahoma St.,Baylor,ESPN2,later,995.0,1446.0855336884613,fox_friday_night
1601,2021,10/2/21,Penn St.,Indiana,ABC,later,3996.0,3205.537444874945,fox_friday_night
1602,2021,10/2/21,LSU,Auburn,ESPN,later,3791.0,2898.304941566989,fox_friday_night
1603,2021,10/2/21,UCLA,Arizona St.,FS1,later,673.0,468.0166357948827,fox_friday_night
1604,2021,10/7/21,Tulane,Houston,ESPN,later,464.0,466.36210199065476,fox_friday_night
1605,2021,10/8/21,Cincinnati,Temple,ESPN,later,1111.0,1828.526370797531,fox_friday_night
1606,2021,10/8/21,Arizona St.,Stanford,ESPN,later,1134.0,1393.7353281482992,fox_friday_night
1607,2021,10/9/21,Tennessee,South Carolina,ESPN2,later,795.0,1148.6853477699178,fox_friday_night
1608,2021,10/9/21,Ohio St.,Maryland,FOX,later,2788.0,3385.851986257488,fox_friday_night
1609,2021,10/9/21,Rutgers,Michigan St.,BTN,later,642.0,646.9935821977632,fox_friday_night
1610,2021,10/9/21,Texas,Oklahoma,ABC,later,5940.0,6271.656327849781,fox_friday_night
1611,2021,10/9/21,Mississippi,Arkansas,ESPN,later,2230.0,2109.0547861015402,fox_friday_night
1612,2021,10/9/21,Baylor,West Virginia,FS1,later,456.0,391.23546584496205,fox_friday_night
1613,2021,10/9/21,Illinois,Wisconsin,BTN,later,416.0,567.3102475124497,fox_friday_night
1614,2021,10/9/21,Syracuse,Wake Forest,ESPN2,later,509.0,405.5257487302739,fox_friday_night
1615,2021,10/9/21,North Carolina,Florida St.,ESPN,later,1073.0,1037.1361474052044,fox_friday_night
1616,2021,10/9/21,BYU,Boise St.,ABC,later,2244.0,2010.199581727478,fox_friday_night
1617,2021,10/9/21,Auburn,Georgia,CBS,later,4581.0,5286.509591337049,fox_friday_night
1618,2021,10/9/21,Iowa,Penn St.,FOX,later,6904.0,6913.687441501077,fox_friday_night
1619,2021,10/9/21,Texas Tech,TCU,ESPN,later,625.0,1025.804041461267,fox_friday_night
1620,2021,10/9/21,Nebraska,Michigan,ABC,later,4629.0,6276.066235841819,fox_friday_night
1621,2021,10/9/21,Texas A&M,Alabama,CBS,later,8334.0,3686.647807866712,fox_friday_night
1622,2021,10/9/21,USC,Utah,FOX,later,1376.0,1784.4807932451854,fox_friday_night
1623,2021,10/9/21,Nevada,New Mexico St.,ESPN,later,799.0,600.7457429106472,fox_friday_night
1624,2021,10/12/21,Louisiana,Appalachian St.,ESPN2,later,428.0,462.6176568696551,fox_friday_night
1625,2021,10/14/21,Memphis,Navy,ESPN,later,514.0,507.0587703768032,fox_friday_night
1626,2021,10/15/21,Syracuse,Clemson,ESPN,later,2115.0,1510.8967059060142,fox_friday_night
1627,2021,10/15/21,Oregon,California,ESPN,later,1446.0,1593.222515858245,fox_friday_night
1628,2021,10/16/21,Cincinnati,UCF,ABC,later,1374.0,2142.7247132840002,fox_friday_night
1629,2021,10/16/21,LSU,Florida,ESPN,later,2926.0,1974.031508324784,fox_friday_night
1630,2021,10/16/21,Arkansas,Auburn,CBS,later,2404.0,2293.0871639578804,fox_friday_night
1631,2021,10/16/21,Northwestern,Rutgers,BTN,later,204.0,342.4237062346465,fox_friday_night
1632,2021,10/16/21,Minnesota,Nebraska,ESPN2,later,1062.0,674.0489458215303,fox_friday_night
1633,2021,10/16/21,Texas,Oklahoma St.,FOX,later,3129.0,5600.318886807401,fox_friday_night
1634,2021,10/16/21,Indiana,Michigan St.,FS1,later,1276.0,639.1841367482363,fox_friday_night
1635,2021,10/16/21,Georgia,Kentucky,CBS,later,6369.0,6140.872066312701,fox_friday_night
1636,2021,10/16/21,Iowa,Purdue,ABC,later,3446.0,4486.632469201437,fox_friday_night
1637,2021,10/16/21,Virginia Tech,Pittsburgh,ESPN2,later,640.0,658.8924858743358,fox_friday_night
1638,2021,10/16/21,Baylor,BYU,ESPN,later,1440.0,1188.7989585076593,fox_friday_night
1639,2021,10/16/21,Mississippi St.,Alabama,ESPN,later,3526.0,2403.6253137133667,fox_friday_night
1640,2021,10/16/21,Washington St.,Stanford,ESPNU,later,210.0,242.44460478635187,fox_friday_night
1641,2021,10/16/21,Oklahoma,TCU,ABC,later,3434.0,3843.517928727989,fox_friday_night
1642,2021,10/16/21,Kansas St.,Iowa St.,ESPN2,later,608.0,588.5293205240619,fox_friday_night
1643,2021,10/16/21,Wisconsin,Army,BTN,later,639.0,561.0624007841195,fox_friday_night
1644,2021,10/16/21,Washington,UCLA,FOX,later,1532.0,1583.234507467944,fox_friday_night
1645,2021,10/16/21,Boise St.,Air Force,FS1,later,289.0,526.6189676116358,fox_friday_night
1646,2021,10/16/21,Utah,Arizona St.,ESPN,later,1393.0,1167.8186678451252,fox_friday_night
1647,2021,10/20/21,Appalachian St.,Coastal Carolina,ESPN2,later,804.0,565.0543496509566,fox_friday_night
1648,2021,10/21/21,SMU,Tulane,ESPN,later,392.0,596.0526321616767,fox_friday_night
1649,2021,10/22/21,UCF,Memphis,ESPN2,later,793.0,850.503841958295,fox_friday_night
1650,2021,10/22/21,Arizona,Washington,ESPN2,later,660.0,731.3413177623391,fox_friday_night
1651,2021,10/23/21,Texas Tech,Kansas St.,FS1,later,359.0,468.00679216687564,fox_friday_night
1652,2021,10/23/21,Penn St.,Illinois,ABC,later,3765.0,2669.853647888787,fox_friday_night
1653,2021,10/23/21,Michigan,Northwestern,FOX,later,3235.0,3040.0279319256692,fox_friday_night
1654,2021,10/23/21,Kansas,Oklahoma,ESPN,later,2645.0,1340.1056340559464,fox_friday_night
1655,2021,10/23/21,Navy,Cincinnati,ESPN2,later,769.0,550.7732763498495,fox_friday_night
1656,2021,10/23/21,Purdue,Wisconsin,BTN,later,734.0,773.7215502404706,fox_friday_night
1657,2021,10/23/21,Minnesota,Maryland,ESPN2,later,533.0,475.9569349967304,fox_friday_night
1658,2021,10/23/21,Mississippi,LSU,CBS,later,3109.0,2363.048436880212,fox_friday_night
1659,2021,10/23/21,Washington St.,BYU,FS1,later,466.0,473.7175993579358,fox_friday_night
1660,2021,10/23/21,UCLA,Oregon,ABC,later,3845.0,2947.0224547882585,fox_friday_night
1661,2021,10/23/21,Iowa St.,Oklahoma St.,FOX,later,2659.0,2741.429225156927,fox_friday_night
1662,2021,10/23/21,Pittsburgh,Clemson,ESPN,later,2162.0,1562.7806579731482,fox_friday_night
1663,2021,10/23/21,Fresno St.,Nevada,FS1,later,233.0,288.1425006147374,fox_friday_night
1664,2021,10/23/21,Alabama,Tennessee,ESPN,later,4679.0,3572.207451690169,fox_friday_night
1665,2021,10/23/21,Indiana,Ohio St.,ABC,later,3347.0,3437.606414828246,fox_friday_night
1666,2021,10/23/21,Notre Dame,USC,NBC,later,2868.0,2265.8589953146106,fox_friday_night
1667,2021,10/23/21,TCU,West Virginia,ESPNU,later,369.0,225.9151565011607,fox_friday_night
1668,2021,10/23/21,Miami,North Carolina St.,ESPN2,later,675.0,414.4528455933672,fox_friday_night
1669,2021,10/28/21,Coastal Carolina,Troy,ESPN2,later,290.0,575.9317584256928,fox_friday_night
1670,2021,10/28/21,East Carolina,South Florida,ESPN,later,395.0,599.0572488799522,fox_friday_night
1671,2021,10/29/21,Tulsa,Navy,ESPN2,later,684.0,663.9145887508641,fox_friday_night
1672,2021,10/30/21,Michigan St.,Michigan,FOX,later,9289.0,7762.899485940598,fox_friday_night
1673,2021,10/30/21,Wisconsin,Iowa,ESPN,later,1828.0,2121.9820672587957,fox_friday_night
1674,2021,10/30/21,Baylor,Texas,ABC,later,2395.0,1991.3375416994952,fox_friday_night
1675,2021,10/30/21,Tulane,Cincinnati,ESPN2,later,580.0,369.23573566298387,fox_friday_night
1676,2021,10/30/21,Arizona St.,Washington St.,FS1,later,337.0,551.4988490168719,fox_friday_night
1677,2021,10/30/21,Clemson,Florida St.,ESPN,later,1883.0,1282.9217762014505,fox_friday_night
1678,2021,10/30/21,Oregon,Colorado,FOX,later,2673.0,2495.611561987908,fox_friday_night
1679,2021,10/30/21,Nebraska,Purdue,ESPN2,later,1295.0,730.7238878722758,fox_friday_night
1680,2021,10/30/21,Northwestern,Minnesota,BTN,later,401.0,381.1373100726039,fox_friday_night
1681,2021,10/30/21,Oklahoma,Texas Tech,ABC,later,2370.0,2969.2714325124025,fox_friday_night
1682,2021,10/30/21,Florida,Georgia,CBS,later,6120.0,3405.176262524937,fox_friday_night
1683,2021,10/30/21,Auburn,Mississippi,ESPN,later,2525.0,3133.8576865663754,fox_friday_night
1684,2021,10/30/21,Oklahoma St.,Kansas,FS1,later,344.0,489.8412909806358,fox_friday_night
1685,2021,10/30/21,Houston,SMU,ESPN2,later,332.0,538.0195998310132,fox_friday_night
1686,2021,10/30/21,Notre Dame,North Carolina,NBC,later,2346.0,1697.2901767080411,fox_friday_night
1687,2021,10/30/21,Ohio St.,Penn St.,ABC,later,7051.0,7837.206445746982,fox_friday_night
1688,2021,10/30/21,Utah,UCLA,ESPN,later,829.0,1024.6416751970073,fox_friday_night
1689,2021,10/30/21,BYU,Virginia,ESPN2,later,678.0,578.8146314541023,fox_friday_night
1690,2021,10/30/21,Stanford,Washington,FS1,later,402.0,465.0141249336349,fox_friday_night
1691,2021,11/2/21,Toledo,Eastern Michigan,ESPN2,later,180.0,301.6433892013738,fox_friday_night
1692,2021,11/3/21,Kent St.,Northern Illinois,ESPN2,later,454.0,355.93276501038395,fox_friday_night
1693,2021,11/4/21,Louisiana,Georgia St.,ESPN,later,620.0,731.4939997254132,fox_friday_night
1694,2021,11/5/21,Boston College,Virginia Tech,ESPN2,later,1215.0,703.6362778066264,fox_friday_night
1695,2021,11/5/21,Stanford,Utah,FS1,later,452.0,450.4164151673473,fox_friday_night
1696,2021,11/6/21,Air Force,Army,CBS,later,1444.0,835.9994591190093,fox_friday_night
1697,2021,11/6/21,North Carolina,Wake Forest,ABC,later,2200.0,1844.1401405636695,fox_friday_night
1698,2021,11/6/21,Minnesota,Illinois,ESPN2,later,595.0,443.8708372481295,fox_friday_night
1699,2021,11/6/21,Nebraska,Ohio St.,FOX,later,5328.0,4484.275115337117,fox_friday_night
1700,2021,11/6/21,Georgia,Missouri,ESPN,later,2186.0,2074.697111308495,fox_friday_night
1701,2021,11/6/21,Kansas,Kansas St.,FS1,later,344.0,157.27574671738796,fox_friday_night
1702,2021,11/6/21,Maryland,Penn St.,FS1,later,936.0,721.0761028533515,fox_friday_night
1703,2021,11/6/21,West Virginia,Oklahoma St.,ESPN,later,1140.0,1179.889660294582,fox_friday_night
1704,2021,11/6/21,Texas A&M,Auburn,CBS,later,3759.0,3698.9151053175538,fox_friday_night
1705,2021,11/6/21,Notre Dame,Navy,NBC,later,1863.0,1424.1475586752056,fox_friday_night
1706,2021,11/6/21,TCU,Baylor,FOX,later,1807.0,1306.1765063781215,fox_friday_night
1707,2021,11/6/21,Cincinnati,Tulsa,ESPN2,later,796.0,621.036816477307,fox_friday_night
1708,2021,11/6/21,Purdue,Michigan St.,ABC,later,4400.0,4413.49388000844,fox_friday_night
1709,2021,11/6/21,Rutgers,Wisconsin,BTN,later,433.0,495.6794991986128,fox_friday_night
1710,2021,11/6/21,Northwestern,Iowa,BTN,later,552.0,523.6432641476845,fox_friday_night
1711,2021,11/6/21,Alabama,LSU,ESPN,later,5000.0,5572.979557734684,fox_friday_night
1712,2021,11/6/21,Kentucky,Tennessee,ESPN2,later,1478.0,1015.2008056903727,fox_friday_night
1713,2021,11/6/21,Iowa St.,Texas,FS1,later,907.0,722.573019673592,fox_friday_night
1714,2021,11/6/21,Michigan,Indiana,FOX,later,2683.0,3541.9940250686413,fox_friday_night
1715,2021,11/6/21,Washington,Oregon,ABC,later,2726.0,3027.5624084603305,fox_friday_night
1716,2021,11/6/21,UTEP,UTSA,ESPN2,later,412.0,457.1899845488907,fox_friday_night
1717,2021,11/6/21,Arizona St.,USC,ESPN,later,1608.0,1419.5367443348573,fox_friday_night
1718,2021,11/6/21,Hawaii,San Diego St.,FS1,later,226.0,336.1272899218311,fox_friday_night
1719,2021,11/9/21,Eastern Michigan,Ohio,ESPN2,later,294.0,350.429245375014,fox_friday_night
1720,2021,11/10/21,Northern Illinois,Ball St.,ESPN2,later,470.0,394.9996708117925,fox_friday_night
1721,2021,11/10/21,Central Michigan,Kent St.,ESPNU,later,155.0,196.46563016911483,fox_friday_night
1722,2021,11/11/21,Pittsburgh,North Carolina,ESPN,later,1213.0,1159.6052396671928,fox_friday_night
1723,2021,11/12/21,South Florida,Cincinnati,ESPN2,later,1157.0,1243.0963460855312,fox_friday_night
1724,2021,11/12/21,Boise St.,Wyoming,FS1,later,454.0,626.4393929798381,fox_friday_night
1725,2021,11/13/21,Penn St.,Michigan,ABC,later,5942.0,7867.12104395554,fox_friday_night
1726,2021,11/13/21,Wisconsin,Northwestern,ESPN2,later,667.0,536.1766093671978,fox_friday_night
1727,2021,11/13/21,Indiana,Rutgers,BTN,later,180.0,282.33953260492336,fox_friday_night
1728,2021,11/13/21,Auburn,Mississippi St.,ESPN,later,1529.0,1574.2077372341876,fox_friday_night
1729,2021,11/13/21,Baylor,Oklahoma,FOX,later,3719.0,3644.931495721907,fox_friday_night
1730,2021,11/13/21,Kansas St.,West Virginia,FS1,later,476.0,394.8213397505085,fox_friday_night
1731,2021,11/13/21,Ohio St.,Purdue,ABC,later,4739.0,4927.97148856302,fox_friday_night
1732,2021,11/13/21,Florida St.,Miami,ESPN,later,1534.0,1023.5889724735673,fox_friday_night
1733,2021,11/13/21,Tennessee,Georgia,CBS,later,5781.0,4407.422434818175,fox_friday_night
1734,2021,11/13/21,Iowa,Minnesota,BTN,later,980.0,607.9988162852637,fox_friday_night
1735,2021,11/13/21,Texas Tech,Iowa St.,ESPN2,later,676.0,505.29035602776094,fox_friday_night
1736,2021,11/13/21,Michigan St.,Maryland,FOX,later,2204.0,2560.9215033229802,fox_friday_night
1737,2021,11/13/21,Mississippi,Texas A&M,ESPN,later,3531.0,2553.691065138285,fox_friday_night
1738,2021,11/13/21,Washington,Arizona St.,FS1,later,538.0,561.4641802800504,fox_friday_night
1739,2021,11/13/21,Vanderbilt,Kentucky,ESPN2,later,446.0,486.0543737875258,fox_friday_night
1740,2021,11/13/21,Texas,Kansas,ESPNU,later,487.0,236.51111171948713,fox_friday_night
1741,2021,11/13/21,Virginia,Notre Dame,ABC,later,3278.0,4408.751321053479,fox_friday_night
1742,2021,11/13/21,Oklahoma St.,TCU,FOX,later,1373.0,2411.7279083236813,fox_friday_night
1743,2021,11/13/21,San Jose St.,Utah St.,FS1,later,144.0,287.89282590753965,fox_friday_night
1744,2021,11/13/21,Oregon,Washington St.,ESPN,later,1991.0,2107.8785382609963,fox_friday_night
1745,2021,11/16/21,Eastern Michigan,Western Michigan,ESPN2,later,428.0,334.56155782283423,fox_friday_night
1746,2021,11/17/21,Buffalo,Northern Illinois,ESPN2,later,516.0,409.0738394681978,fox_friday_night
1747,2021,11/18/21,Duke,Louisville,ESPN,later,466.0,958.5912353412602,fox_friday_night
1748,2021,11/19/21,Nevada,Air Force,FS1,later,245.0,539.9939505961038,fox_friday_night
1749,2021,11/19/21,Houston,Memphis,ESPN2,later,611.0,525.4001952908761,fox_friday_night
1750,2021,11/20/21,Ohio St.,Michigan St.,ABC,later,5287.0,8192.954573148396,fox_friday_night
1751,2021,11/20/21,Clemson,Wake Forest,ESPN,later,1553.0,1105.9297409862802,fox_friday_night
1752,2021,11/20/21,Oklahoma,Iowa St.,FOX,later,3103.0,2001.692549497327,fox_friday_night
1753,2021,11/20/21,West Virginia,Texas,ESPN2,later,1005.0,825.1934236681085,fox_friday_night
1754,2021,11/20/21,Iowa,Illinois,FS1,later,677.0,503.6395104855041,fox_friday_night
1755,2021,11/20/21,Notre Dame,Georgia Tech,NBC,later,1455.0,1453.2888448642016,fox_friday_night
1756,2021,11/20/21,Alabama,Arkansas,CBS,later,5464.0,4093.377955992779,fox_friday_night
1757,2021,11/20/21,Pittsburgh,Virginia,ESPN2,later,851.0,702.6620195250482,fox_friday_night
1758,2021,11/20/21,Wisconsin,Nebraska,ABC,later,3534.0,2839.5660175606113,fox_friday_night
1759,2021,11/20/21,Cincinnati,SMU,ESPN,later,938.0,1682.5242838394188,fox_friday_night
1760,2021,11/20/21,USC,UCLA,FOX,later,1836.0,1749.8035510365285,fox_friday_night
1761,2021,11/20/21,Kansas St.,Baylor,FS1,later,665.0,693.2065808058707,fox_friday_night
1762,2021,11/20/21,South Carolina,Auburn,ESPN,later,2033.0,1758.2330122163662,fox_friday_night
1763,2021,11/20/21,Tennessee,South Alabama,ESPNU,later,307.0,365.1494319472341,fox_friday_night
1764,2021,11/20/21,Utah,Oregon,ABC,later,4818.0,4258.7685641842445,fox_friday_night
1765,2021,11/20/21,Texas Tech,Oklahoma St.,FOX,later,1911.0,2665.642347757519,fox_friday_night
1766,2021,11/20/21,Boise St.,New Mexico,FS1,later,165.0,376.3587764862466,fox_friday_night
1767,2021,11/20/21,LSU,Louisiana Monroe,ESPN2,later,598.0,724.3257094921072,fox_friday_night
1768,2021,11/20/21,Oregon St.,Arizona St.,ESPN,later,1114.0,859.2483519081428,fox_friday_night
1769,2021,11/25/21,San Jose St.,Fresno St.,FS1,later,309.0,211.09140776401676,fox_friday_night
1770,2021,11/25/21,Mississippi St.,Mississippi,ESPN,later,2060.0,1991.2065307683324,fox_friday_night
1771,2021,11/26/21,San Diego St.,Boise St.,CBS,later,1950.0,1473.0940190346614,fox_friday_night
1772,2021,11/26/21,Texas,Kansas St.,FOX,later,2861.0,3346.674950507805,fox_friday_night
1773,2021,11/26/21,New Mexico,Utah St.,FS1,later,139.0,391.8853489336056,fox_friday_night
1774,2021,11/26/21,Nebraska,Iowa,BTN,later,1945.0,1349.2602689423466,fox_friday_night
1775,2021,11/26/21,East Carolina,Cincinnati,ABC,later,2392.0,3502.785035012671,fox_friday_night
1776,2021,11/26/21,Arkansas,Missouri,CBS,later,2956.0,2023.3734339158566,fox_friday_night
1777,2021,11/26/21,UCF,South Florida,ESPN,later,711.0,894.1718178837498,fox_friday_night
1778,2021,11/26/21,Utah,Colorado,FOX,later,1554.0,2493.7214421012914,fox_friday_night
1779,2021,11/26/21,Iowa St.,TCU,FS1,later,518.0,593.602310067175,fox_friday_night
1780,2021,11/26/21,North Carolina St.,North Carolina,ESPN,later,2681.0,1323.332320345393,fox_friday_night
1781,2021,11/26/21,Washington,Washington St.,FS1,later,1210.0,971.4362108347188,fox_friday_night
1782,2021,11/27/21,Florida,Florida St.,ESPN,later,1629.0,1362.0929689611667,fox_friday_night
1783,2021,11/27/21,Georgia Tech,Georgia,ABC,later,1947.0,1933.9895985064395,fox_friday_night
1784,2021,11/27/21,Baylor,Texas Tech,FS1,later,412.0,490.8356488401578,fox_friday_night
1785,2021,11/27/21,Rutgers,Maryland,BTN,later,158.0,285.1121833491504,fox_friday_night
1786,2021,11/27/21,Michigan,Ohio St.,FOX,later,15893.0,13984.751294539543,fox_friday_night
1787,2021,11/27/21,Boston College,Wake Forest,ESPN2,later,247.0,302.134800223782,fox_friday_night
1788,2021,11/27/21,Oregon,Oregon St.,ESPN,later,1337.0,1492.4987584716107,fox_friday_night
1789,2021,11/27/21,Auburn,Alabama,CBS,later,10369.0,7762.956114713977,fox_friday_night
1790,2021,11/27/21,Purdue,Indiana,FS1,later,484.0,328.9842742554124,fox_friday_night
1791,2021,11/27/21,Michigan St.,Penn St.,ABC,later,3893.0,3304.4073616720043,fox_friday_night
1792,2021,11/27/21,Illinois,Northwestern,BTN,later,139.0,287.67665956536405,fox_friday_night
1793,2021,11/27/21,SMU,Tulsa,ESPN2,later,119.0,322.28309130373214,fox_friday_night
1794,2021,11/27/21,Minnesota,Wisconsin,FOX,later,5049.0,2702.2265578567963,fox_friday_night
1795,2021,11/27/21,Kansas,West Virginia,FS1,later,485.0,316.5224946863414,fox_friday_night
1796,2021,11/27/21,LSU,Texas A&M,ESPN,later,2351.0,1881.470633032949,fox_friday_night
1797,2021,11/27/21,Louisville,Kentucky,ESPN2,later,700.0,634.2373443416843,fox_friday_night
1798,2021,11/27/21,Oklahoma St.,Oklahoma,ABC,later,6486.0,9718.356117338933,fox_friday_night
1799,2021,11/27/21,Stanford,Notre Dame,FOX,later,2743.0,2508.3510587093947,fox_friday_night
1800,2021,11/27/21,UCLA,California,FS1,later,386.0,345.2956181876085,fox_friday_night
1801,2021,11/27/21,USC,BYU,ESPN,later,1458.0,1385.1640098897128,fox_friday_night
1802,2021,12/3/21,Utah,Oregon,ABC,later,4247.0,5089.37550736909,fox_friday_night
1803,2021,12/4/21,Oklahoma St.,Baylor,ABC,later,8021.0,8523.567060779791,fox_friday_night
1804,2021,12/4/21,Northern Illinois,Kent St.,ESPN,later,867.0,679.7339404940478,fox_friday_night
1805,2021,12/4/21,San Diego St.,Utah St.,FOX,later,816.0,1408.1380128691242,fox_friday_night
1806,2021,12/4/21,Louisiana,Appalachian St.,ESPN,later,440.0,1064.912332940851,fox_friday_night
1807,2021,12/4/21,Cincinnati,Houston,ABC,later,3415.0,4472.216748458204,fox_friday_night
1808,2021,12/4/21,Alabama,Georgia,CBS,later,15277.0,6365.883587201835,fox_friday_night
1809,2021,12/4/21,Iowa,Michigan,FOX,later,11658.0,8692.509354901267,fox_friday_night
1810,2021,12/4/21,Wake Forest,Pittsburgh,ABC,later,2661.0,2867.012339883594,fox_friday_night
1811,2021,12/4/21,California,USC,FS1,later,390.0,531.9922482042183,fox_friday_night
1812,2021,12/11/21,Army,Navy,CBS,later,7570.0,1150.6764966941641,fox_friday_night
1145,2022,8/27/22,Northwestern,Nebraska,FOX,Week0,4420.0,3642.1103802164066,current
1146,2022,8/27/22,Illinois,Wyoming,BTN,Week0,512.0,436.41528810093143,current
1147,2022,8/27/22,Utah St.,Connecticut,FS1,Week0,517.0,263.0356320880787,current
1148,2022,8/27/22,New Mexico St.,Nevada,ESPN2,Week0,304.0,297.2203696609525,current
1149,2022,9/1/22,Oklahoma St.,Central Michigan,FS1,Week1,402.0,376.9512677520398,current
1150,2022,9/1/22,Pittsburgh,West Virginia,ESPN,Week1,3150.0,1910.977360091095,current
1151,2022,9/1/22,Missouri,Louisiana Tech,ESPNU,Week1,122.0,185.8498379237608,current
1152,2022,9/1/22,Purdue,Penn St.,FOX,Week1,3510.0,5068.97289802551,current
1153,2022,9/1/22,Minnesota,New Mexico St.,BTN,Week1,241.0,305.0635849204958,current
1154,2022,9/1/22,Fresno St.,Cal Poly,FS1,Week1,167.0,227.03819740837767,current
1155,2022,9/2/22,Michigan St.,Western Michigan,ESPN2,Week1,1350.0,1468.8586983834505,current
1156,2022,9/2/22,Old Dominion,Virginia Tech,ESPNU,Week1,334.0,386.6709055621095,current
1157,2022,9/2/22,Indiana,Illinois,FS1,Week1,965.0,705.4668107710916,current
1158,2022,9/2/22,Colorado,TCU,ESPN,Week1,1250.0,1970.3082025569836,current
1159,2022,9/3/22,Iowa,South Dakota State,FS1,Week1,1010.0,462.7492389238213,current
1160,2022,9/3/22,Appalachian St.,North Carolina,ESPNU,Week1,520.0,305.5313375834596,current
1161,2022,9/3/22,Maryland,Buffalo,BTN,Week1,181.0,308.8815532353435,current
1162,2022,9/3/22,Michigan,Colorado St.,ABC,Week1,3930.0,2658.3527132014488,current
1163,2022,9/3/22,East Carolina,North Carolina St.,ESPN,Week1,2030.0,947.2085229885462,current
1164,2022,9/3/22,Wyoming,Tulsa,FS1,Week1,361.0,333.47645127122144,current
1165,2022,9/3/22,Nebraska,North Dakota,BTN,Week1,889.0,472.8689096251823,current
1166,2022,9/3/22,Arkansas,Cincinnati,ESPN,Week1,2900.0,1903.9302958765957,current
1167,2022,9/3/22,San Diego St.,Arizona,CBS,Week1,921.0,1137.0516461749119,current
1168,2022,9/3/22,Georgia,Oregon,ABC,Week1,6200.0,6380.993374416354,current
1169,2022,9/3/22,Oklahoma,UTEP,FOX,Week1,1220.0,2083.1623815596968,current
1170,2022,9/3/22,Wisconsin,Illinois State,FS1,Week1,498.0,443.96315552490637,current
1171,2022,9/3/22,Florida,Utah,ESPN,Week1,2950.0,1965.2362232303983,current
1172,2022,9/3/22,Ohio St.,Notre Dame,ABC,Week1,10530.0,14500.504849570636,current
1173,2022,9/3/22,Washington,Kent St.,FS1,Week1,319.0,518.0897121738109,current
1174,2022,9/3/22,Oregon St.,Boise St.,ESPN,Week1,1250.0,1170.4631510415675,current
1175,2022,9/4/22,Florida St.,LSU,ABC,Week1,7550.0,8416.544674585768,current
1176,2022,9/5/22,Georgia Tech,Clemson,ESPN,Week1,4860.0,3728.5999514852424,current
1177,2022,9/9/22,UCF,Louisville,ESPN2,later,1850.0,973.9869392000037,current
1178,2022,9/10/22,Arkansas,South Carolina,ESPN,later,1520.0,1729.2407861545212,current
1179,2022,9/10/22,Kansas St.,Missouri,ESPN2,later,490.0,595.8249209172393,current
1180,2022,9/10/22,Northwestern,Duke,FS1,later,160.0,335.1945051203587,current
1181,2022,9/10/22,Texas,Alabama,FOX,later,10600.0,6743.3400216635055,current
1182,2022,9/10/22,Penn St.,Ohio,ABC,later,1550.0,1727.5848239722775,current
1183,2022,9/10/22,Notre Dame,Marshall,NBC,later,2480.0,2172.8742434111837,current
1184,2022,9/10/22,Wisconsin,Washington St.,FOX,later,3920.0,2509.016762058477,current
1185,2022,9/10/22,Air Force,Colorado,CBS,later,808.0,1067.2226821953686,current
1186,2022,9/10/22,Texas A&M,Appalachian St.,ESPN2,later,1770.0,1070.4832955345184,current
1187,2022,9/10/22,Pittsburgh,Tennessee,ABC,later,4460.0,4173.733790123713,current
1188,2022,9/10/22,Illinois,Virginia,ESPNU,later,159.0,374.8903175471533,current
1189,2022,9/10/22,Texas Tech,Houston,FS1,later,633.0,486.95068313972587,current
1190,2022,9/10/22,Florida,Kentucky,ESPN,later,4330.0,3500.133009544387,current
1191,2022,9/10/22,Auburn,San Jose St.,ESPNU,later,364.0,331.0749675648517,current
1192,2022,9/10/22,Oklahoma St.,Arizona St.,ESPN2,later,1020.0,917.6221294004765,current
1193,2022,9/10/22,Stanford,USC,ABC,later,2960.0,3133.4626447142446,current
1194,2022,9/10/22,Nebraska,Georgia Southern,FS1,later,1240.0,644.5514287452991,current
1195,2022,9/10/22,BYU,Baylor,ESPN,later,2370.0,2186.1859675560177,current
1196,2022,9/10/22,Arizona,Mississippi St.,FS1,later,471.0,559.7602819967401,current
1197,2022,9/16/22,Louisville,Florida St.,ESPN,later,2750.0,1942.4829698072513,current
1198,2022,9/17/22,Nebraska,Oklahoma,FOX,later,3410.0,4972.288822482269,current
1199,2022,9/17/22,South Carolina,Georgia,ESPN,later,3000.0,2912.4314131445926,current
1200,2022,9/17/22,Baylor,Texas St.,FS1,later,221.0,316.9566334407213,current
1201,2022,9/17/22,Miami Ohio,Cincinnati,ESPNU,later,185.0,203.59185531984173,current
1202,2022,9/17/22,Michigan,Connecticut,ABC,later,2030.0,2343.62653746298,current
1203,2022,9/17/22,Syracuse,Purdue,ESPN2,later,1210.0,659.1334281977422,current
1204,2022,9/17/22,Notre Dame,California,NBC,later,2910.0,1609.9265483624501,current
1205,2022,9/17/22,Minnesota,Colorado,ESPN2,later,690.0,802.6208151927176,current
1206,2022,9/17/22,Georgia Tech,Mississippi,ABC,later,1390.0,1713.7826054388634,current
1207,2022,9/17/22,Auburn,Penn St.,CBS,later,4050.0,4400.910184416415,current
1208,2022,9/17/22,Wisconsin,New Mexico St.,BTN,later,426.0,395.37726413062734,current
1209,2022,9/17/22,Oregon,BYU,FOX,later,2580.0,3087.365947391381,current
1210,2022,9/17/22,Boise St.,UT Martin,FS1,later,214.0,316.28413992187984,current
1211,2022,9/17/22,Houston,Kansas,ESPNU,later,225.0,230.2209048412885,current
1212,2022,9/17/22,Bowling Green,Marshall,NFLN,later,169.0,69.50777186139378,current
1213,2022,9/17/22,LSU,Mississippi St.,ESPN,later,3060.0,2319.02979083848,current
1214,2022,9/17/22,North Carolina St.,Texas Tech,ESPN2,later,747.0,670.3843893917779,current
1215,2022,9/17/22,Ohio St.,Toledo,FOX,later,3050.0,2368.838515590485,current
1216,2022,9/17/22,Iowa,Nevada,BTN,later,348.0,419.54098481284746,current
1217,2022,9/17/22,Western Michigan,Pittsburgh,ESPNU,later,195.0,252.98536177608082,current
1218,2022,9/17/22,Maryland,SMU,FS1,later,257.0,332.5971221505994,current
1219,2022,9/17/22,Washington,Michigan St.,ABC,later,2790.0,3271.736970230412,current
1220,2022,9/17/22,Texas A&M,Miami,ESPN,later,3400.0,2432.329530456002,current
1221,2022,9/17/22,Utah,San Diego St.,ESPN2,later,326.0,520.2610612904725,current
1222,2022,9/17/22,USC,Fresno St.,FOX,later,1620.0,1646.7657509797862,current
1223,2022,9/17/22,Arizona,North Dakota State,FS1,later,335.0,348.57743216926906,current
1224,2022,9/22/22,Georgia St.,Coastal Carolina,ESPN2,later,224.0,351.5173426124213,current
1225,2022,9/22/22,Virginia Tech,West Virginia,ESPN,later,1600.0,1527.8139551906104,current
1226,2022,9/22/22,Illinois,Chattanooga,BTN,later,176.0,304.97531200105715,current
1227,2022,9/23/22,Syracuse,Virginia,ESPN,later,1790.0,1504.913345095434,current
1228,2022,9/23/22,Air Force,Nevada,FS1,later,312.0,382.64819534227956,current
1229,2022,9/24/22,Kansas,Duke,FS1,later,441.0,325.15394841207865,current
1230,2022,9/24/22,Iowa St.,Baylor,ESPN2,later,762.0,746.5746878168982,current
1231,2022,9/24/22,Auburn,Missouri,ESPN,later,2070.0,1690.314388901089,current
1232,2022,9/24/22,Penn St.,Central Michigan,BTN,later,628.0,513.67779923508,current
1233,2022,9/24/22,Wake Forest,Clemson,ABC,later,3180.0,3184.9010947908605,current
1234,2022,9/24/22,Michigan,Maryland,FOX,later,4380.0,3684.98054100829,current
1235,2022,9/24/22,San Diego St.,Toledo,FS1,later,145.0,249.48602986102247,current
1236,2022,9/24/22,Tennessee,Florida,CBS,later,5570.0,3747.4874960109673,current
1237,2022,9/24/22,Texas Tech,Texas,ESPN,later,2280.0,1914.5479674691755,current
1238,2022,9/24/22,North Carolina,Notre Dame,ABC,later,3460.0,3015.390294504332,current
1239,2022,9/24/22,Michigan St.,Minnesota,BTN,later,1110.0,734.2687646872779,current
1240,2022,9/24/22,Cincinnati,Indiana,ESPN2,later,482.0,590.4588969798529,current
1241,2022,9/24/22,Washington St.,Oregon,FOX,later,2270.0,2414.725715657333,current
1242,2022,9/24/22,UCF,Georgia Tech,ESPNU,later,107.0,258.8725895997254,current
1243,2022,9/24/22,Texas A&M,Arkansas,ESPN,later,3500.0,3051.710986579577,current
1244,2022,9/24/22,Kentucky,Northern Illinois,ESPN2,later,555.0,858.183985005388,current
1245,2022,9/24/22,Rutgers,Iowa,FS1,later,739.0,634.8141528520266,current
1246,2022,9/24/22,Ohio St.,Wisconsin,ABC,later,4590.0,6313.046642385741,current
1247,2022,9/24/22,South Carolina,Charlotte,ESPNU,later,177.0,230.4753076817833,current
1248,2022,9/24/22,Oklahoma,Kansas St.,FOX,later,3370.0,2868.540320555948,current
1249,2022,9/24/22,BYU,Wyoming,ESPN2,later,609.0,640.8184831777521,current
1250,2022,9/24/22,Arizona St.,Utah,ESPN,later,1210.0,1199.4097681895942,current
1251,2022,9/24/22,Washington,Stanford,FS1,later,532.0,626.3329219292588,current
1252,2022,9/29/22,BYU,Utah St.,ESPN,later,1260.0,751.4518532693946,current
1253,2022,9/30/22,Houston,Tulane,ESPN,later,1220.0,889.6543473342615,current
1254,2022,9/30/22,Boise St.,San Diego St.,FS1,later,407.0,673.2038274095337,current
1255,2022,9/30/22,UCLA,Washington,ESPN,later,1700.0,1761.8477044770257,current
1256,2022,10/1/22,TCU,Oklahoma,ABC,later,2470.0,2326.3089501249697,current
1257,2022,10/1/22,Wisconsin,Illinois,BTN,later,573.0,498.15602840494273,current
1258,2022,10/1/22,Minnesota,Purdue,ESPN2,later,829.0,792.2899847172821,current
1259,2022,10/1/22,Iowa,Michigan,FOX,later,4200.0,4501.906343832052,current
1260,2022,10/1/22,Air Force,Navy,CBS,later,1130.0,1093.4868696258459,current
1261,2022,10/1/22,Mississippi,Kentucky,ESPN,later,2790.0,2552.92734906302,current
1262,2022,10/1/22,Maryland,Michigan St.,FS1,later,904.0,722.4517753857117,current
1263,2022,10/1/22,Florida St.,Wake Forest,ABC,later,2480.0,2435.170344338167,current
1264,2022,10/1/22,Ohio St.,Rutgers,BTN,later,1790.0,1320.6113053289062,current
1265,2022,10/1/22,Arkansas,Alabama,CBS,later,5830.0,5569.95726719032,current
1266,2022,10/1/22,Kansas,Iowa St.,ESPN2,later,865.0,559.7543596060132,current
1267,2022,10/1/22,Penn St.,Northwestern,ESPN,later,1620.0,1675.8018300452627,current
1268,2022,10/1/22,Baylor,Oklahoma St.,FOX,later,2410.0,3107.000579754645,current
1269,2022,10/1/22,Auburn,LSU,ESPN,later,2790.0,2797.3828457870495,current
1270,2022,10/1/22,Clemson,North Carolina St.,ABC,later,4980.0,4896.899184424867,current
1271,2022,10/1/22,Texas,West Virginia,FS1,later,1190.0,1091.9948907148441,current
1272,2022,10/1/22,Nebraska,Indiana,BTN,later,1140.0,723.990629991961,current
1273,2022,10/1/22,USC,Arizona St.,ESPN,later,1920.0,2227.0501801993405,current
1274,2022,10/1/22,Oregon,Stanford,FS1,later,672.0,738.0765023955179,current
1275,2022,10/5/22,UCF,SMU,ESPN2,later,866.0,592.5841430834557,current
1276,2022,10/7/22,Rutgers,Nebraska,FS1,later,1150.0,990.1844247331528,current
1277,2022,10/7/22,Memphis,Houston,ESPN2,later,699.0,686.8963529383218,current
1278,2022,10/7/22,Nevada,Colorado St.,FS1,later,433.0,266.41523077470856,current
1279,2022,10/8/22,Indiana,Michigan,FOX,later,4010.0,3218.274877425679,current
1280,2022,10/8/22,LSU,Tennessee,ESPN,later,2960.0,4760.901142350412,current
1281,2022,10/8/22,Kansas,TCU,FS1,later,1310.0,806.3637035159071,current
1282,2022,10/8/22,Florida,Missouri,ESPNU,later,488.0,456.15683745443937,current
1283,2022,10/8/22,Maryland,Purdue,BTN,later,400.0,365.65667202800813,current
1284,2022,10/8/22,Oklahoma,Texas,ABC,later,3360.0,3408.3828249881462,current
1285,2022,10/8/22,UCLA,Utah,FOX,later,2650.0,2249.8884193904996,current
1286,2022,10/8/22,Oklahoma St.,Texas Tech,FS1,later,1630.0,746.5179722743537,current
1287,2022,10/8/22,Georgia,Auburn,CBS,later,4240.0,4462.036132233235,current
1288,2022,10/8/22,Northwestern,Wisconsin,BTN,later,572.0,447.8676637089224,current
1289,2022,10/8/22,Miami,North Carolina,ESPN2,later,1250.0,659.6463397792456,current
1290,2022,10/8/22,Michigan St.,Ohio St.,ABC,later,4440.0,6520.154272355801,current
1291,2022,10/8/22,Utah St.,Air Force,FS1,later,433.0,173.91850662371843,current
1292,2022,10/8/22,Arkansas St.,James Madison,NFLN,later,103.0,50.98916650615739,current
1293,2022,10/8/22,Notre Dame,BYU,NBC,later,2530.0,2138.056830578238,current
1294,2022,10/8/22,Boston College,Clemson,ABC,later,1930.0,2216.3562970266466,current
1295,2022,10/8/22,Iowa St.,Kansas St.,ESPNU,later,373.0,346.5056917352694,current
1296,2022,10/8/22,USC,Washington St.,FOX,later,1840.0,2390.5525252386356,current
1297,2022,10/8/22,Illinois,Iowa,BTN,later,855.0,569.6953316789411,current
1298,2022,10/8/22,Alabama,Texas A&M,CBS,later,7150.0,6055.741104393939,current
1299,2022,10/8/22,Boise St.,Fresno St.,FS1,later,375.0,359.2899272657739,current
1300,2022,10/8/22,Stanford,Oregon St.,ESPN,later,1080.0,982.3956027279048,current
1301,2022,10/12/22,Marshall,Louisiana,ESPN2,later,496.0,390.27761989263234,current
1302,2022,10/13/22,UCF,Temple,ESPN,later,603.0,622.7469686340561,current
1303,2022,10/13/22,West Virginia,Baylor,FS1,later,1150.0,610.2513827168942,current
1304,2022,10/14/22,SMU,Navy,ESPN,later,959.0,923.6655943008112,current
1305,2022,10/15/22,Oklahoma,Kansas,ESPN2,later,1210.0,834.958239821299,current
1306,2022,10/15/22,Illinois,Minnesota,BTN,later,619.0,434.2994693953085,current
1307,2022,10/15/22,Mississippi,Auburn,ESPN,later,2060.0,2130.131452995947,current
1308,2022,10/15/22,Texas,Iowa St.,ABC,later,2350.0,2702.6209900401755,current
1309,2022,10/15/22,Michigan,Penn St.,FOX,later,6450.0,8370.329507026592,current
1310,2022,10/15/22,TCU,Oklahoma St.,ABC,later,2140.0,3258.97968166889,current
1311,2022,10/15/22,BYU,Arkansas,ESPN,later,1060.0,980.1070376961984,current
1312,2022,10/15/22,Indiana,Maryland,ESPN2,later,392.0,456.99400148127006,current
1313,2022,10/15/22,Tennessee,Alabama,CBS,later,11560.0,10059.271098428646,current
1314,2022,10/15/22,Michigan St.,Wisconsin,FOX,later,2450.0,2883.6397779943068,current
1315,2022,10/15/22,Florida,LSU,ESPN,later,2460.0,2640.869522510745,current
1316,2022,10/15/22,Florida St.,Clemson,ABC,later,3380.0,4318.861574292907,current
1317,2022,10/15/22,Purdue,Nebraska,BTN,later,943.0,740.8855072072843,current
1318,2022,10/15/22,Notre Dame,Stanford,NBC,later,2150.0,1494.7894567590108,current
1319,2022,10/15/22,Utah,USC,FOX,later,2740.0,2947.8413304870924,current
1320,2022,10/19/22,Appalachian St.,Georgia St.,ESPN2,later,439.0,382.72030431297446,current
1321,2022,10/20/22,Georgia Tech,Virginia,ESPN,later,891.0,842.1188658296347,current
1322,2022,10/21/22,Temple,Tulsa,ESPN2,later,502.0,475.68982515068217,current
1323,2022,10/22/22,Baylor,Kansas,ESPN2,later,744.0,466.684049029638,current
1324,2022,10/22/22,Clemson,Syracuse,ABC,later,4750.0,4101.496720267533,current
1325,2022,10/22/22,Ohio St.,Iowa,FOX,later,4380.0,5278.983809955436,current
1326,2022,10/22/22,Rutgers,Indiana,BTN,later,238.0,296.150471451651,current
1327,2022,10/22/22,SMU,Cincinnati,ESPN,later,682.0,796.6365922071848,current
1328,2022,10/22/22,Texas Tech,West Virginia,FS1,later,542.0,555.1010795333499,current
1329,2022,10/22/22,Tulane,Memphis,ESPN2,later,168.0,267.0098331625147,current
1330,2022,10/22/22,Maryland,Northwestern,BTN,later,252.0,273.8872490270394,current
1331,2022,10/22/22,Oregon,UCLA,FOX,later,3340.0,4254.4720746365,current
1332,2022,10/22/22,Oklahoma St.,Texas,ABC,later,4460.0,4730.142294973015,current
1333,2022,10/22/22,Wisconsin,Purdue,ESPN,later,1010.0,1359.621591951021,current
1334,2022,10/22/22,LSU,Mississippi,CBS,later,3860.0,3728.5098442466588,current
1335,2022,10/22/22,Alabama,Mississippi St.,ESPN,later,3590.0,4430.050203097881,current
1336,2022,10/22/22,Penn St.,Minnesota,ABC,later,3540.0,4017.566223932212,current
1337,2022,10/22/22,TCU,Kansas St.,FS1,later,1530.0,1218.6725401765834,current
1338,2022,10/22/22,Wyoming,Utah St.,FS2,later,109.0,548.7932277019178,current
1339,2022,10/22/22,California,Washington,ESPN,later,1320.0,1060.3802497905829,current
1340,2022,10/27/22,Southern Miss,Louisiana,ESPN2,later,190.0,372.4246472750365,current
1341,2022,10/27/22,North Carolina St.,Virginia Tech,ESPN,later,1230.0,1245.2948803409959,current
1342,2022,10/27/22,Washington St.,Utah,FS1,later,470.0,414.734548244463,current
1343,2022,10/28/22,BYU,East Carolina,ESPN2,later,823.0,800.7704597084635,current
1344,2022,10/29/22,Houston,South Florida,ESPN2,later,131.0,247.5774372821536,current
1345,2022,10/29/22,Penn St.,Ohio St.,FOX,later,8270.0,7243.535069554213,current
1346,2022,10/29/22,Syracuse,Notre Dame,ABC,later,2340.0,3099.5557429313985,current
1347,2022,10/29/22,Iowa St.,Oklahoma,FS1,later,711.0,652.7065291651016,current
1348,2022,10/29/22,West Virginia,TCU,ESPN,later,1510.0,1482.3994931894845,current
1349,2022,10/29/22,Minnesota,Rutgers,BTN,later,302.0,388.4228426634472,current
1350,2022,10/29/22,California,Oregon,FS1,later,738.0,719.6265358635677,current
1351,2022,10/29/22,UCF,Cincinnati,ESPN,later,1060.0,1214.0465527619604,current
1352,2022,10/29/22,Iowa,Northwestern,ESPN2,later,483.0,597.116137451031,current
1353,2022,10/29/22,Kansas St.,Oklahoma St.,FOX,later,3380.0,3206.8228782330507,current
1354,2022,10/29/22,Georgia,Florida,CBS,later,5620.0,5019.051965712177,current
1355,2022,10/29/22,Nebraska,Illinois,ABC,later,2490.0,2546.54064289214,current
1356,2022,10/29/22,Boise St.,Colorado St.,FS1,later,269.0,246.0794467802994,current
1357,2022,10/29/22,Tennessee,Kentucky,ESPN,later,4040.0,4318.582281203545,current
1358,2022,10/29/22,Michigan,Michigan St.,ABC,later,5580.0,6487.293542028283,current
1359,2022,10/29/22,Texas Tech,Baylor,ESPN2,later,572.0,573.7861175336227,current
1360,2022,10/29/22,Fresno St.,San Diego St.,FS1,later,219.0,268.5527903431434,current
1361,2022,10/29/22,UCLA,Stanford,ESPN,later,1260.0,1306.2180795600088,current
1362,2022,11/1/22,Ohio,Buffalo,ESPN2,later,276.0,405.6845799514772,current
1363,2022,11/2/22,Bowling Green,Western Michigan,ESPN2,later,361.0,324.78140020748253,current
1364,2022,11/3/22,Coastal Carolina,Appalachian St.,ESPN,later,743.0,633.1111573075746,current
1365,2022,11/4/22,Boston College,Duke,ESPN2,later,787.0,568.7925045887629,current
1366,2022,11/4/22,Washington,Oregon St.,ESPN2,later,1130.0,1140.0670445154258,current
1367,2022,11/5/22,Army,Air Force,CBS,later,1230.0,1314.2951355110133,current
1368,2022,11/5/22,Purdue,Iowa,FS1,later,582.0,619.742181459334,current
1369,2022,11/5/22,Nebraska,Minnesota,ESPN2,later,1070.0,901.1217045142243,current
1370,2022,11/5/22,TCU,Texas Tech,FOX,later,2510.0,1872.3649961583756,current
1371,2022,11/5/22,Wisconsin,Maryland,BTN,later,576.0,437.0193571008302,current
1372,2022,11/5/22,Texas A&M,Florida,ESPN,later,2730.0,2063.0371728953246,current
1373,2022,11/5/22,Northwestern,Ohio St.,ABC,later,4760.0,3145.270148580533,current
1374,2022,11/5/22,Kansas,Oklahoma St.,FS1,later,734.0,475.75060628240794,current
1375,2022,11/5/22,Indiana,Penn St.,ABC,later,2230.0,2535.6659320093254,current
1376,2022,11/5/22,Illinois,Michigan St.,BTN,later,928.0,658.0474262967994,current
1377,2022,11/5/22,Memphis,UCF,ESPN2,later,321.0,428.4095705302161,current
1378,2022,11/5/22,Colorado,Oregon,ESPN,later,962.0,1613.2490623654749,current
1379,2022,11/5/22,Georgia,Tennessee,CBS,later,13060.0,10167.572979069824,current
1380,2022,11/5/22,Boise St.,BYU,FS2,later,281.0,763.1324059778012,current
1381,2022,11/5/22,LSU,Alabama,ESPN,later,7580.0,7079.70698457563,current
1382,2022,11/5/22,Kansas St.,Texas,FS1,later,1250.0,818.9995718704049,current
1383,2022,11/5/22,Miami,Florida St.,ABC,later,1500.0,2168.000196030207,current
1384,2022,11/5/22,Mississippi St.,Auburn,ESPN2,later,512.0,752.9564441341782,current
1385,2022,11/5/22,Rutgers,Michigan,BTN,later,1290.0,974.4547450231976,current
1386,2022,11/5/22,Notre Dame,Clemson,NBC,later,3220.0,3624.067033755655,current
1387,2022,11/5/22,USC,California,ESPN,later,2040.0,1810.4174720129713,current
1388,2022,11/5/22,Arizona St.,UCLA,FS1,later,490.0,652.9437756948728,current
1389,2022,11/8/22,Miami Ohio,Ohio,ESPN2,later,258.0,319.20796101958456,current
1390,2022,11/8/22,Toledo,Ball St.,ESPN,later,482.0,439.38471720286964,current
1391,2022,11/9/22,Central Michigan,Buffalo,ESPN2,later,350.0,384.3491083607304,current
1392,2022,11/10/22,Memphis,Tulsa,ESPN,later,574.0,553.0244703966285,current
1393,2022,11/10/22,Louisiana,Georgia Southern,ESPN2,later,254.0,360.90622237219486,current
1394,2022,11/11/22,Cincinnati,East Carolina,ESPN2,later,803.0,841.8456672328057,current
1395,2022,11/11/22,USC,Colorado,FS1,later,525.0,968.1794477818803,current
1396,2022,11/12/22,Ohio St.,Indiana,FOX,later,3340.0,3017.9385712874778,current
1397,2022,11/12/22,Michigan St.,Rutgers,BTN,later,591.0,449.9134276312074,current
1398,2022,11/12/22,Navy,Notre Dame,ABC,later,2070.0,2170.549312762515,current
1399,2022,11/12/22,West Virginia,Oklahoma,FS1,later,956.0,687.4808881563322,current
1400,2022,11/12/22,Tennessee,Missouri,CBS,later,3010.0,3383.665262396262,current
1401,2022,11/12/22,Illinois,Purdue,ESPN2,later,835.0,651.5245244970675,current
1402,2022,11/12/22,Arkansas,LSU,ESPN,later,3570.0,2834.0679788792495,current
1403,2022,11/12/22,Iowa,Wisconsin,FS1,later,1090.0,788.0087524689134,current
1404,2022,11/12/22,Oklahoma St.,Iowa St.,ESPNU,later,272.0,301.7508301619994,current
1405,2022,11/12/22,Mississippi,Alabama,CBS,later,8710.0,5991.765303319041,current
1406,2022,11/12/22,Michigan,Nebraska,ABC,later,3880.0,5509.302485548571,current
1407,2022,11/12/22,Penn St.,Maryland,FOX,later,1880.0,2226.834130960411,current
1408,2022,11/12/22,Tulane,UCF,ESPN2,later,368.0,759.5796317970432,current
1409,2022,11/12/22,Clemson,Louisville,ESPN,later,1350.0,1370.8727311856067,current
1410,2022,11/12/22,Minnesota,Northwestern,BTN,later,331.0,306.76301083321096,current
1411,2022,11/12/22,Oregon,Washington,FOX,later,3630.0,3879.47371168842,current
1412,2022,11/12/22,Baylor,Kansas St.,FS1,later,528.0,513.6495169171026,current
1413,2022,11/12/22,Mississippi St.,Georgia,ESPN,later,3340.0,2834.9078198120005,current
1414,2022,11/12/22,Texas,TCU,ABC,later,5030.0,5636.006748914274,current
1415,2022,11/12/22,Wake Forest,North Carolina,ESPN2,later,610.0,534.9906063111064,current
1416,2022,11/12/22,Utah,Stanford,ESPN,later,1040.0,919.9444185435486,current
1417,2022,11/12/22,San Diego St.,San Jose St.,FS1,later,146.0,242.89827182054265,current
1418,2022,11/12/22,UCLA,Arizona,FOX,later,1860.0,1726.2487268381535,current
1419,2022,11/15/22,Ball St.,Ohio,ESPN2,later,250.0,366.5736239528402,current
1420,2022,11/16/22,Kent St.,Eastern Michigan,ESPN2,later,399.0,298.03428142715177,current
1421,2022,11/16/22,Central Michigan,Western Michigan,ESPNU,later,179.0,136.11735475567679,current
1422,2022,11/17/22,Tulane,SMU,ESPN,later,767.0,588.9649107560716,current
1423,2022,11/18/22,Tulsa,South Florida,ESPN2,later,510.0,465.7996335653281,current
1424,2022,11/18/22,New Mexico,San Diego St.,FS1,later,210.0,312.96027753879133,current
1425,2022,11/19/22,UCF,Navy,ESPN2,later,610.0,507.3656093600384,current
1426,2022,11/19/22,Michigan St.,Indiana,BTN,later,369.0,458.3829460390299,current
1427,2022,11/19/22,Nebraska,Wisconsin,ESPN,later,1630.0,1797.4493148516112,current
1428,2022,11/19/22,Baylor,TCU,FOX,later,4350.0,2626.527191290946,current
1429,2022,11/19/22,Purdue,Northwestern,FS1,later,209.0,379.3331093580717,current
1430,2022,11/19/22,Michigan,Illinois,ABC,later,5470.0,4638.130327260003,current
1431,2022,11/19/22,Arizona St.,Oregon St.,ESPN2,later,484.0,446.5665899074464,current
1432,2022,11/19/22,Notre Dame,Boston College,NBC,later,1270.0,1388.2518356773676,current
1433,2022,11/19/22,Maryland,Ohio St.,ABC,later,6600.0,3566.0007870484533,current
1434,2022,11/19/22,Kansas,Texas,FS1,later,940.0,631.8068899919172,current
1435,2022,11/19/22,Rutgers,Penn St.,BTN,later,856.0,614.1200088256164,current
1436,2022,11/19/22,Clemson,Miami,ESPN,later,1140.0,1854.0848163629717,current
1437,2022,11/19/22,Kentucky,Georgia,CBS,later,4480.0,4348.601790521147,current
1438,2022,11/19/22,Minnesota,Iowa,FOX,later,2500.0,2035.5560306166474,current
1439,2022,11/19/22,North Carolina,Georgia Tech,ESPN2,later,732.0,597.287824641435,current
1440,2022,11/19/22,Iowa St.,Texas Tech,FS1,later,545.0,459.9500931166172,current
1441,2022,11/19/22,South Carolina,Tennessee,ESPN,later,4870.0,3003.7822623940297,current
1442,2022,11/19/22,Missouri,New Mexico St.,ESPNU,later,63.0,160.22565459357747,current
1443,2022,11/19/22,Oklahoma,Oklahoma St.,ABC,later,3060.0,2811.7479559133762,current
1444,2022,11/19/22,UCLA,USC,FOX,later,4530.0,4166.974696746648,current
1445,2022,11/19/22,LSU,UAB,ESPN2,later,848.0,856.40863767324,current
1446,2022,11/19/22,Utah St.,San Jose St.,FS1,later,128.0,165.13957537118603,current
1447,2022,11/19/22,Oregon,Utah,ESPN,later,2540.0,2959.574507725056,current
1448,2022,11/22/22,Ohio,Bowling Green,ESPNU,later,229.0,144.43283736536273,current
1449,2022,11/24/22,Mississippi,Mississippi St.,ESPN,later,2230.0,1517.1190125836565,current
1450,2022,11/25/22,Cincinnati,Tulane,ABC,later,1720.0,2893.5527868780955,current
1451,2022,11/25/22,Boise St.,Utah St.,CBS,later,1440.0,1092.490943692205,current
1452,2022,11/25/22,Texas,Baylor,ESPN,later,2690.0,2948.2766680094905,current
1453,2022,11/25/22,Arizona,Arizona St.,FS1,later,567.0,900.9598583024208,current
1454,2022,11/25/22,Missouri,Arkansas,CBS,later,3270.0,1966.4995843659772,current
1455,2022,11/25/22,North Carolina,North Carolina St.,ABC,later,3610.0,2461.1754537847746,current
1456,2022,11/25/22,Iowa,Nebraska,BTN,later,1470.0,1136.2582150738024,current
1457,2022,11/25/22,California,UCLA,FOX,later,3270.0,1930.4407208816451,current
1458,2022,11/25/22,Florida St.,Florida,ABC,later,6710.0,5914.644726171894,current
1459,2022,11/25/22,Fresno St.,Wyoming,FS1,later,260.0,394.2184444842769,current
1460,2022,11/26/22,Clemson,South Carolina,ABC,later,2320.0,2512.6672803743013,current
1461,2022,11/26/22,Ohio St.,Michigan,FOX,later,17140.0,15759.517968007576,current
1462,2022,11/26/22,Maryland,Rutgers,BTN,later,97.0,211.41270901381827,current
1463,2022,11/26/22,Georgia,Georgia Tech,ESPN,later,2060.0,1461.4941882508651,current
1464,2022,11/26/22,Oklahoma St.,West Virginia,ESPN2,later,694.0,525.8183749109975,current
1465,2022,11/26/22,Alabama,Auburn,CBS,later,6270.0,8309.634298071287,current
1466,2022,11/26/22,Wisconsin,Minnesota,ESPN,later,1710.0,1827.4063770930425,current
1467,2022,11/26/22,SMU,Memphis,ESPN2,later,213.0,224.76411368567193,current
1468,2022,11/26/22,Oregon St.,Oregon,ABC,later,3560.0,3846.626738554452,current
1469,2022,11/26/22,Penn St.,Michigan St.,FS1,later,1990.0,1182.406326298758,current
1470,2022,11/26/22,TCU,Iowa St.,FOX,later,4340.0,1909.3246036441637,current
1471,2022,11/26/22,Texas A&M,LSU,ESPN,later,3920.0,3130.4920332301945,current
1472,2022,11/26/22,South Florida,UCF,ESPN2,later,329.0,383.1540397348032,current
1473,2022,11/26/22,Texas Tech,Oklahoma,FS1,later,1210.0,666.2596916582193,current
1474,2022,11/26/22,USC,Notre Dame,ABC,later,6680.0,8681.20826040787,current
1475,2022,11/26/22,Kansas St.,Kansas,FOX,later,2320.0,1007.1887119854715,current
1476,2022,11/26/22,Washington St.,Washington,ESPN,later,2380.0,2046.2460333737847,current
1477,2022,11/26/22,Stanford,BYU,FS1,later,453.0,371.8654930667224,current
1478,2022,12/2/22,USC,Utah,FOX,later,5970.0,5087.560097147267,current
1479,2022,12/3/22,TCU,Kansas St.,ABC,later,9410.0,4106.934543763744,current
1480,2022,12/3/22,Ohio,Toledo,ESPN,later,721.0,409.3688583829585,current
1481,2022,12/3/22,Troy,Coastal Carolina,ESPN,later,332.0,445.12569836818,current
1482,2022,12/3/22,Tulane,UCF,ABC,later,2700.0,2212.389893470479,current
1483,2022,12/3/22,Boise St.,Fresno St.,FOX,later,1940.0,1003.2290578682916,current
1484,2022,12/3/22,Georgia,LSU,CBS,later,10890.0,8828.51378295594,current
1485,2022,12/3/22,North Carolina,Clemson,ABC,later,3470.0,5627.733514070765,current
1486,2022,12/3/22,Michigan,Purdue,FOX,later,10700.0,6178.486296248925,current
1487,2022,12/10/22,Army,Navy,CBS,later,6940.0,6060.5140748994345,current
1145,2022,8/27/22,Northwestern,Nebraska,FOX,Week0,4420.0,3642.1103802164066,fox_friday_night
1146,2022,8/27/22,Illinois,Wyoming,BTN,Week0,512.0,436.41528810093143,fox_friday_night
1147,2022,8/27/22,Utah St.,Connecticut,FS1,Week0,517.0,263.0356320880787,fox_friday_night
1148,2022,8/27/22,New Mexico St.,Nevada,ESPN2,Week0,304.0,297.2203696609525,fox_friday_night
1149,2022,9/1/22,Oklahoma St.,Central Michigan,FS1,Week1,402.0,376.9512677520398,fox_friday_night
1150,2022,9/1/22,Pittsburgh,West Virginia,ESPN,Week1,3150.0,1910.977360091095,fox_friday_night
1151,2022,9/1/22,Missouri,Louisiana Tech,ESPNU,Week1,122.0,185.8498379237608,fox_friday_night
1152,2022,9/1/22,Purdue,Penn St.,FOX,Week1,3510.0,5068.97289802551,fox_friday_night
1153,2022,9/1/22,Minnesota,New Mexico St.,BTN,Week1,241.0,305.0635849204958,fox_friday_night
1154,2022,9/1/22,Fresno St.,Cal Poly,FS1,Week1,167.0,227.03819740837767,fox_friday_night
1155,2022,9/2/22,Michigan St.,Western Michigan,ESPN2,Week1,1350.0,1468.8586983834505,fox_friday_night
1156,2022,9/2/22,Old Dominion,Virginia Tech,ESPNU,Week1,334.0,386.6709055621095,fox_friday_night
1157,2022,9/2/22,Indiana,Illinois,FS1,Week1,965.0,705.4668107710916,fox_friday_night
1158,2022,9/2/22,Colorado,TCU,ESPN,Week1,1250.0,1970.3082025569836,fox_friday_night
1159,2022,9/3/22,Iowa,South Dakota State,FS1,Week1,1010.0,462.7492389238213,fox_friday_night
1160,2022,9/3/22,Appalachian St.,North Carolina,ESPNU,Week1,520.0,305.5313375834596,fox_friday_night
1161,2022,9/3/22,Maryland,Buffalo,BTN,Week1,181.0,308.8815532353435,fox_friday_night
1162,2022,9/3/22,Michigan,Colorado St.,ABC,Week1,3930.0,2658.3527132014488,fox_friday_night
1163,2022,9/3/22,East Carolina,North Carolina St.,ESPN,Week1,2030.0,947.2085229885462,fox_friday_night
1164,2022,9/3/22,Wyoming,Tulsa,FS1,Week1,361.0,333.47645127122144,fox_friday_night
1165,2022,9/3/22,Nebraska,North Dakota,BTN,Week1,889.0,472.8689096251823,fox_friday_night
1166,2022,9/3/22,Arkansas,Cincinnati,ESPN,Week1,2900.0,1903.9302958765957,fox_friday_night
1167,2022,9/3/22,San Diego St.,Arizona,CBS,Week1,921.0,1137.0516461749119,fox_friday_night
1168,2022,9/3/22,Georgia,Oregon,ABC,Week1,6200.0,6380.993374416354,fox_friday_night
1169,2022,9/3/22,Oklahoma,UTEP,FOX,Week1,1220.0,2083.1623815596968,fox_friday_night
1170,2022,9/3/22,Wisconsin,Illinois State,FS1,Week1,498.0,443.96315552490637,fox_friday_night
1171,2022,9/3/22,Florida,Utah,ESPN,Week1,2950.0,1965.2362232303983,fox_friday_night
1172,2022,9/3/22,Ohio St.,Notre Dame,ABC,Week1,10530.0,14500.504849570636,fox_friday_night
1173,2022,9/3/22,Washington,Kent St.,FS1,Week1,319.0,518.0897121738109,fox_friday_night
1174,2022,9/3/22,Oregon St.,Boise St.,ESPN,Week1,1250.0,1170.4631510415675,fox_friday_night
1175,2022,9/4/22,Florida St.,LSU,ABC,Week1,7550.0,8416.544674585768,fox_friday_night
1176,2022,9/5/22,Georgia Tech,Clemson,ESPN,Week1,4860.0,3728.5999514852424,fox_friday_night
1177,2022,9/9/22,UCF,Louisville,ESPN2,later,1850.0,973.9869392000037,fox_friday_night
1178,2022,9/10/22,Arkansas,South Carolina,ESPN,later,1520.0,1729.2407861545212,fox_friday_night
1179,2022,9/10/22,Kansas St.,Missouri,ESPN2,later,490.0,595.8249209172393,fox_friday_night
1180,2022,9/10/22,Northwestern,Duke,FS1,later,160.0,335.1945051203587,fox_friday_night
1181,2022,9/10/22,Texas,Alabama,FOX,later,10600.0,6743.3400216635055,fox_friday_night
1182,2022,9/10/22,Penn St.,Ohio,ABC,later,1550.0,1727.5848239722775,fox_friday_night
1183,2022,9/10/22,Notre Dame,Marshall,NBC,later,2480.0,2172.8742434111837,fox_friday_night
1184,2022,9/10/22,Wisconsin,Washington St.,FOX,later,3920.0,2509.016762058477,fox_friday_night
1185,2022,9/10/22,Air Force,Colorado,CBS,later,808.0,1067.2226821953686,fox_friday_night
1186,2022,9/10/22,Texas A&M,Appalachian St.,ESPN2,later,1770.0,1070.4832955345184,fox_friday_night
1187,2022,9/10/22,Pittsburgh,Tennessee,ABC,later,4460.0,4173.733790123713,fox_friday_night
1188,2022,9/10/22,Illinois,Virginia,ESPNU,later,159.0,374.8903175471533,fox_friday_night
1189,2022,9/10/22,Texas Tech,Houston,FS1,later,633.0,486.95068313972587,fox_friday_night
1190,2022,9/10/22,Florida,Kentucky,ESPN,later,4330.0,3500.133009544387,fox_friday_night
1191,2022,9/10/22,Auburn,San Jose St.,ESPNU,later,364.0,331.0749675648517,fox_friday_night
1192,2022,9/10/22,Oklahoma St.,Arizona St.,ESPN2,later,1020.0,917.6221294004765,fox_friday_night
1193,2022,9/10/22,Stanford,USC,ABC,later,2960.0,3133.4626447142446,fox_friday_night
1194,2022,9/10/22,Nebraska,Georgia Southern,FS1,later,1240.0,644.5514287452991,fox_friday_night
1195,2022,9/10/22,BYU,Baylor,ESPN,later,2370.0,2186.1859675560177,fox_friday_night
1196,2022,9/10/22,Arizona,Mississippi St.,FS1,later,471.0,559.7602819967401,fox_friday_night
1197,2022,9/16/22,Louisville,Florida St.,ESPN,later,2750.0,1942.4829698072513,fox_friday_night
1198,2022,9/17/22,Nebraska,Oklahoma,FOX,later,3410.0,4972.288822482269,fox_friday_night
1199,2022,9/17/22,South Carolina,Georgia,ESPN,later,3000.0,2912.4314131445926,fox_friday_night
1200,2022,9/17/22,Baylor,Texas St.,FS1,later,221.0,316.9566334407213,fox_friday_night
1201,2022,9/17/22,Miami Ohio,Cincinnati,ESPNU,later,185.0,203.59185531984173,fox_friday_night
1202,2022,9/17/22,Michigan,Connecticut,ABC,later,2030.0,2343.62653746298,fox_friday_night
1203,2022,9/17/22,Syracuse,Purdue,ESPN2,later,1210.0,659.1334281977422,fox_friday_night
1204,2022,9/17/22,Notre Dame,California,NBC,later,2910.0,1609.9265483624501,fox_friday_night
1205,2022,9/17/22,Minnesota,Colorado,ESPN2,later,690.0,802.6208151927176,fox_friday_night
1206,2022,9/17/22,Georgia Tech,Mississippi,ABC,later,1390.0,1713.7826054388634,fox_friday_night
1207,2022,9/17/22,Auburn,Penn St.,CBS,later,4050.0,4400.910184416415,fox_friday_night
1208,2022,9/17/22,Wisconsin,New Mexico St.,BTN,later,426.0,395.37726413062734,fox_friday_night
1209,2022,9/17/22,Oregon,BYU,FOX,later,2580.0,3087.365947391381,fox_friday_night
1210,2022,9/17/22,Boise St.,UT Martin,FS1,later,214.0,316.28413992187984,fox_friday_night
1211,2022,9/17/22,Houston,Kansas,ESPNU,later,225.0,230.2209048412885,fox_friday_night
1212,2022,9/17/22,Bowling Green,Marshall,NFLN,later,169.0,69.50777186139378,fox_friday_night
1213,2022,9/17/22,LSU,Mississippi St.,ESPN,later,3060.0,2319.02979083848,fox_friday_night
1214,2022,9/17/22,North Carolina St.,Texas Tech,ESPN2,later,747.0,670.3843893917779,fox_friday_night
1215,2022,9/17/22,Ohio St.,Toledo,FOX,later,3050.0,2368.838515590485,fox_friday_night
1216,2022,9/17/22,Iowa,Nevada,BTN,later,348.0,419.54098481284746,fox_friday_night
1217,2022,9/17/22,Western Michigan,Pittsburgh,ESPNU,later,195.0,252.98536177608082,fox_friday_night
1218,2022,9/17/22,Maryland,SMU,FS1,later,257.0,332.5971221505994,fox_friday_night
1219,2022,9/17/22,Washington,Michigan St.,ABC,later,2790.0,3271.736970230412,fox_friday_night
1220,2022,9/17/22,Texas A&M,Miami,ESPN,later,3400.0,2432.329530456002,fox_friday_night
1221,2022,9/17/22,Utah,San Diego St.,ESPN2,later,326.0,520.2610612904725,fox_friday_night
1222,2022,9/17/22,USC,Fresno St.,FOX,later,1620.0,1646.7657509797862,fox_friday_night
1223,2022,9/17/22,Arizona,North Dakota State,FS1,later,335.0,348.57743216926906,fox_friday_night
1224,2022,9/22/22,Georgia St.,Coastal Carolina,ESPN2,later,224.0,351.5173426124213,fox_friday_night
1225,2022,9/22/22,Virginia Tech,West Virginia,ESPN,later,1600.0,1527.8139551906104,fox_friday_night
1226,2022,9/22/22,Illinois,Chattanooga,BTN,later,176.0,304.97531200105715,fox_friday_night
1227,2022,9/23/22,Syracuse,Virginia,ESPN,later,1790.0,1504.913345095434,fox_friday_night
1228,2022,9/23/22,Air Force,Nevada,FS1,later,312.0,382.64819534227956,fox_friday_night
1229,2022,9/24/22,Kansas,Duke,FS1,later,441.0,325.15394841207865,fox_friday_night
1230,2022,9/24/22,Iowa St.,Baylor,ESPN2,later,762.0,746.5746878168982,fox_friday_night
1231,2022,9/24/22,Auburn,Missouri,ESPN,later,2070.0,1690.314388901089,fox_friday_night
1232,2022,9/24/22,Penn St.,Central Michigan,BTN,later,628.0,513.67779923508,fox_friday_night
1233,2022,9/24/22,Wake Forest,Clemson,ABC,later,3180.0,3184.9010947908605,fox_friday_night
1234,2022,9/24/22,Michigan,Maryland,FOX,later,4380.0,3684.98054100829,fox_friday_night
1235,2022,9/24/22,San Diego St.,Toledo,FS1,later,145.0,249.48602986102247,fox_friday_night
1236,2022,9/24/22,Tennessee,Florida,CBS,later,5570.0,3747.4874960109673,fox_friday_night
1237,2022,9/24/22,Texas Tech,Texas,ESPN,later,2280.0,1914.5479674691755,fox_friday_night
1238,2022,9/24/22,North Carolina,Notre Dame,ABC,later,3460.0,3015.390294504332,fox_friday_night
1239,2022,9/24/22,Michigan St.,Minnesota,BTN,later,1110.0,734.2687646872779,fox_friday_night
1240,2022,9/24/22,Cincinnati,Indiana,ESPN2,later,482.0,590.4588969798529,fox_friday_night
1241,2022,9/24/22,Washington St.,Oregon,FOX,later,2270.0,2414.725715657333,fox_friday_night
1242,2022,9/24/22,UCF,Georgia Tech,ESPNU,later,107.0,258.8725895997254,fox_friday_night
1243,2022,9/24/22,Texas A&M,Arkansas,ESPN,later,3500.0,3051.710986579577,fox_friday_night
1244,2022,9/24/22,Kentucky,Northern Illinois,ESPN2,later,555.0,858.183985005388,fox_friday_night
1245,2022,9/24/22,Rutgers,Iowa,FS1,later,739.0,634.8141528520266,fox_friday_night
1246,2022,9/24/22,Ohio St.,Wisconsin,ABC,later,4590.0,6313.046642385741,fox_friday_night
1247,2022,9/24/22,South Carolina,Charlotte,ESPNU,later,177.0,230.4753076817833,fox_friday_night
1248,2022,9/24/22,Oklahoma,Kansas St.,FOX,later,3370.0,2868.540320555948,fox_friday_night
1249,2022,9/24/22,BYU,Wyoming,ESPN2,later,609.0,640.8184831777521,fox_friday_night
1250,2022,9/24/22,Arizona St.,Utah,ESPN,later,1210.0,1199.4097681895942,fox_friday_night
1251,2022,9/24/22,Washington,Stanford,FS1,later,532.0,626.3329219292588,fox_friday_night
1252,2022,9/29/22,BYU,Utah St.,ESPN,later,1260.0,751.4518532693946,fox_friday_night
1253,2022,9/30/22,Houston,Tulane,ESPN,later,1220.0,889.6543473342615,fox_friday_night
1254,2022,9/30/22,Boise St.,San Diego St.,FS1,later,407.0,673.2038274095337,fox_friday_night
1255,2022,9/30/22,UCLA,Washington,ESPN,later,1700.0,1761.8477044770257,fox_friday_night
1256,2022,10/1/22,TCU,Oklahoma,ABC,later,2470.0,2326.3089501249697,fox_friday_night
1257,2022,10/1/22,Wisconsin,Illinois,BTN,later,573.0,498.15602840494273,fox_friday_night
1258,2022,10/1/22,Minnesota,Purdue,ESPN2,later,829.0,792.2899847172821,fox_friday_night
1259,2022,10/1/22,Iowa,Michigan,FOX,later,4200.0,4501.906343832052,fox_friday_night
1260,2022,10/1/22,Air Force,Navy,CBS,later,1130.0,1093.4868696258459,fox_friday_night
1261,2022,10/1/22,Mississippi,Kentucky,ESPN,later,2790.0,2552.92734906302,fox_friday_night
1262,2022,10/1/22,Maryland,Michigan St.,FS1,later,904.0,722.4517753857117,fox_friday_night
1263,2022,10/1/22,Florida St.,Wake Forest,ABC,later,2480.0,2435.170344338167,fox_friday_night
1264,2022,10/1/22,Ohio St.,Rutgers,BTN,later,1790.0,1320.6113053289062,fox_friday_night
1265,2022,10/1/22,Arkansas,Alabama,CBS,later,5830.0,5569.95726719032,fox_friday_night
1266,2022,10/1/22,Kansas,Iowa St.,ESPN2,later,865.0,559.7543596060132,fox_friday_night
1267,2022,10/1/22,Penn St.,Northwestern,ESPN,later,1620.0,1675.8018300452627,fox_friday_night
1268,2022,10/1/22,Baylor,Oklahoma St.,FOX,later,2410.0,3107.000579754645,fox_friday_night
1269,2022,10/1/22,Auburn,LSU,ESPN,later,2790.0,2797.3828457870495,fox_friday_night
1270,2022,10/1/22,Clemson,North Carolina St.,ABC,later,4980.0,4896.899184424867,fox_friday_night
1271,2022,10/1/22,Texas,West Virginia,FS1,later,1190.0,1091.9948907148441,fox_friday_night
1272,2022,10/1/22,Nebraska,Indiana,BTN,later,1140.0,723.990629991961,fox_friday_night
1273,2022,10/1/22,USC,Arizona St.,ESPN,later,1920.0,2227.0501801993405,fox_friday_night
1274,2022,10/1/22,Oregon,Stanford,FS1,later,672.0,738.0765023955179,fox_friday_night
1275,2022,10/5/22,UCF,SMU,ESPN2,later,866.0,592.5841430834557,fox_friday_night
1276,2022,10/7/22,Rutgers,Nebraska,FS1,later,1150.0,990.1844247331528,fox_friday_night
1277,2022,10/7/22,Memphis,Houston,ESPN2,later,699.0,686.8963529383218,fox_friday_night
1278,2022,10/7/22,Nevada,Colorado St.,FS1,later,433.0,266.41523077470856,fox_friday_night
1279,2022,10/8/22,Indiana,Michigan,FOX,later,4010.0,3218.274877425679,fox_friday_night
1280,2022,10/8/22,LSU,Tennessee,ESPN,later,2960.0,4760.901142350412,fox_friday_night
1281,2022,10/8/22,Kansas,TCU,FS1,later,1310.0,806.3637035159071,fox_friday_night
1282,2022,10/8/22,Florida,Missouri,ESPNU,later,488.0,456.15683745443937,fox_friday_night
1283,2022,10/8/22,Maryland,Purdue,BTN,later,400.0,365.65667202800813,fox_friday_night
1284,2022,10/8/22,Oklahoma,Texas,ABC,later,3360.0,3408.3828249881462,fox_friday_night
1285,2022,10/8/22,UCLA,Utah,FOX,later,2650.0,2249.8884193904996,fox_friday_night
1286,2022,10/8/22,Oklahoma St.,Texas Tech,FS1,later,1630.0,746.5179722743537,fox_friday_night
1287,2022,10/8/22,Georgia,Auburn,CBS,later,4240.0,4462.036132233235,fox_friday_night
1288,2022,10/8/22,Northwestern,Wisconsin,BTN,later,572.0,447.8676637089224,fox_friday_night
1289,2022,10/8/22,Miami,North Carolina,ESPN2,later,1250.0,659.6463397792456,fox_friday_night
1290,2022,10/8/22,Michigan St.,Ohio St.,ABC,later,4440.0,6520.154272355801,fox_friday_night
1291,2022,10/8/22,Utah St.,Air Force,FS1,later,433.0,173.91850662371843,fox_friday_night
1292,2022,10/8/22,Arkansas St.,James Madison,NFLN,later,103.0,50.98916650615739,fox_friday_night
1293,2022,10/8/22,Notre Dame,BYU,NBC,later,2530.0,2138.056830578238,fox_friday_night
1294,2022,10/8/22,Boston College,Clemson,ABC,later,1930.0,2216.3562970266466,fox_friday_night
1295,2022,10/8/22,Iowa St.,Kansas St.,ESPNU,later,373.0,346.5056917352694,fox_friday_night
1296,2022,10/8/22,USC,Washington St.,FOX,later,1840.0,2390.5525252386356,fox_friday_night
1297,2022,10/8/22,Illinois,Iowa,BTN,later,855.0,569.6953316789411,fox_friday_night
1298,2022,10/8/22,Alabama,Texas A&M,CBS,later,7150.0,6055.741104393939,fox_friday_night
1299,2022,10/8/22,Boise St.,Fresno St.,FS1,later,375.0,359.2899272657739,fox_friday_night
1300,2022,10/8/22,Stanford,Oregon St.,ESPN,later,1080.0,982.3956027279048,fox_friday_night
1301,2022,10/12/22,Marshall,Louisiana,ESPN2,later,496.0,390.27761989263234,fox_friday_night
1302,2022,10/13/22,UCF,Temple,ESPN,later,603.0,622.7469686340561,fox_friday_night
1303,2022,10/13/22,West Virginia,Baylor,FS1,later,1150.0,610.2513827168942,fox_friday_night
1304,2022,10/14/22,SMU,Navy,ESPN,later,959.0,923.6655943008112,fox_friday_night
1305,2022,10/15/22,Oklahoma,Kansas,ESPN2,later,1210.0,834.958239821299,fox_friday_night
1306,2022,10/15/22,Illinois,Minnesota,BTN,later,619.0,434.2994693953085,fox_friday_night
1307,2022,10/15/22,Mississippi,Auburn,ESPN,later,2060.0,2130.131452995947,fox_friday_night
1308,2022,10/15/22,Texas,Iowa St.,ABC,later,2350.0,2702.6209900401755,fox_friday_night
1309,2022,10/15/22,Michigan,Penn St.,FOX,later,6450.0,8370.329507026592,fox_friday_night
1310,2022,10/15/22,TCU,Oklahoma St.,ABC,later,2140.0,3258.97968166889,fox_friday_night
1311,2022,10/15/22,BYU,Arkansas,ESPN,later,1060.0,980.1070376961984,fox_friday_night
1312,2022,10/15/22,Indiana,Maryland,ESPN2,later,392.0,456.99400148127006,fox_friday_night
1313,2022,10/15/22,Tennessee,Alabama,CBS,later,11560.0,10059.271098428646,fox_friday_night
1314,2022,10/15/22,Michigan St.,Wisconsin,FOX,later,2450.0,2883.6397779943068,fox_friday_night
1315,2022,10/15/22,Florida,LSU,ESPN,later,2460.0,2640.869522510745,fox_friday_night
1316,2022,10/15/22,Florida St.,Clemson,ABC,later,3380.0,4318.861574292907,fox_friday_night
1317,2022,10/15/22,Purdue,Nebraska,BTN,later,943.0,740.8855072072843,fox_friday_night
1318,2022,10/15/22,Notre Dame,Stanford,NBC,later,2150.0,1494.7894567590108,fox_friday_night
1319,2022,10/15/22,Utah,USC,FOX,later,2740.0,2947.8413304870924,fox_friday_night
1320,2022,10/19/22,Appalachian St.,Georgia St.,ESPN2,later,439.0,382.72030431297446,fox_friday_night
1321,2022,10/20/22,Georgia Tech,Virginia,ESPN,later,891.0,842.1188658296347,fox_friday_night
1322,2022,10/21/22,Temple,Tulsa,ESPN2,later,502.0,475.68982515068217,fox_friday_night
1323,2022,10/22/22,Baylor,Kansas,ESPN2,later,744.0,466.684049029638,fox_friday_night
1324,2022,10/22/22,Clemson,Syracuse,ABC,later,4750.0,4101.496720267533,fox_friday_night
1325,2022,10/22/22,Ohio St.,Iowa,FOX,later,4380.0,5278.983809955436,fox_friday_night
1326,2022,10/22/22,Rutgers,Indiana,BTN,later,238.0,296.150471451651,fox_friday_night
1327,2022,10/22/22,SMU,Cincinnati,ESPN,later,682.0,796.6365922071848,fox_friday_night
1328,2022,10/22/22,Texas Tech,West Virginia,FS1,later,542.0,555.1010795333499,fox_friday_night
1329,2022,10/22/22,Tulane,Memphis,ESPN2,later,168.0,267.0098331625147,fox_friday_night
1330,2022,10/22/22,Maryland,Northwestern,BTN,later,252.0,273.8872490270394,fox_friday_night
1331,2022,10/22/22,Oregon,UCLA,FOX,later,3340.0,4254.4720746365,fox_friday_night
1332,2022,10/22/22,Oklahoma St.,Texas,ABC,later,4460.0,4730.142294973015,fox_friday_night
1333,2022,10/22/22,Wisconsin,Purdue,ESPN,later,1010.0,1359.621591951021,fox_friday_night
1334,2022,10/22/22,LSU,Mississippi,CBS,later,3860.0,3728.5098442466588,fox_friday_night
1335,2022,10/22/22,Alabama,Mississippi St.,ESPN,later,3590.0,4430.050203097881,fox_friday_night
1336,2022,10/22/22,Penn St.,Minnesota,ABC,later,3540.0,4017.566223932212,fox_friday_night
1337,2022,10/22/22,TCU,Kansas St.,FS1,later,1530.0,1218.6725401765834,fox_friday_night
1338,2022,10/22/22,Wyoming,Utah St.,FS2,later,109.0,548.7932277019178,fox_friday_night
1339,2022,10/22/22,California,Washington,ESPN,later,1320.0,1060.3802497905829,fox_friday_night
1340,2022,10/27/22,Southern Miss,Louisiana,ESPN2,later,190.0,372.4246472750365,fox_friday_night
1341,2022,10/27/22,North Carolina St.,Virginia Tech,ESPN,later,1230.0,1245.2948803409959,fox_friday_night
1342,2022,10/27/22,Washington St.,Utah,FS1,later,470.0,414.734548244463,fox_friday_night
1343,2022,10/28/22,BYU,East Carolina,ESPN2,later,823.0,800.7704597084635,fox_friday_night
1344,2022,10/29/22,Houston,South Florida,ESPN2,later,131.0,247.5774372821536,fox_friday_night
1345,2022,10/29/22,Penn St.,Ohio St.,FOX,later,8270.0,7243.535069554213,fox_friday_night
1346,2022,10/29/22,Syracuse,Notre Dame,ABC,later,2340.0,3099.5557429313985,fox_friday_night
1347,2022,10/29/22,Iowa St.,Oklahoma,FS1,later,711.0,652.7065291651016,fox_friday_night
1348,2022,10/29/22,West Virginia,TCU,ESPN,later,1510.0,1482.3994931894845,fox_friday_night
1349,2022,10/29/22,Minnesota,Rutgers,BTN,later,302.0,388.4228426634472,fox_friday_night
1350,2022,10/29/22,California,Oregon,FS1,later,738.0,719.6265358635677,fox_friday_night
1351,2022,10/29/22,UCF,Cincinnati,ESPN,later,1060.0,1214.0465527619604,fox_friday_night
1352,2022,10/29/22,Iowa,Northwestern,ESPN2,later,483.0,597.116137451031,fox_friday_night
1353,2022,10/29/22,Kansas St.,Oklahoma St.,FOX,later,3380.0,3206.8228782330507,fox_friday_night
1354,2022,10/29/22,Georgia,Florida,CBS,later,5620.0,5019.051965712177,fox_friday_night
1355,2022,10/29/22,Nebraska,Illinois,ABC,later,2490.0,2546.54064289214,fox_friday_night
1356,2022,10/29/22,Boise St.,Colorado St.,FS1,later,269.0,246.0794467802994,fox_friday_night
1357,2022,10/29/22,Tennessee,Kentucky,ESPN,later,4040.0,4318.582281203545,fox_friday_night
1358,2022,10/29/22,Michigan,Michigan St.,ABC,later,5580.0,6487.293542028283,fox_friday_night
1359,2022,10/29/22,Texas Tech,Baylor,ESPN2,later,572.0,573.7861175336227,fox_friday_night
1360,2022,10/29/22,Fresno St.,San Diego St.,FS1,later,219.0,268.5527903431434,fox_friday_night
1361,2022,10/29/22,UCLA,Stanford,ESPN,later,1260.0,1306.2180795600088,fox_friday_night
1362,2022,11/1/22,Ohio,Buffalo,ESPN2,later,276.0,405.6845799514772,fox_friday_night
1363,2022,11/2/22,Bowling Green,Western Michigan,ESPN2,later,361.0,324.78140020748253,fox_friday_night
1364,2022,11/3/22,Coastal Carolina,Appalachian St.,ESPN,later,743.0,633.1111573075746,fox_friday_night
1365,2022,11/4/22,Boston College,Duke,ESPN2,later,787.0,568.7925045887629,fox_friday_night
1366,2022,11/4/22,Washington,Oregon St.,ESPN2,later,1130.0,1140.0670445154258,fox_friday_night
1367,2022,11/5/22,Army,Air Force,CBS,later,1230.0,1314.2951355110133,fox_friday_night
1368,2022,11/5/22,Purdue,Iowa,FS1,later,582.0,619.742181459334,fox_friday_night
1369,2022,11/5/22,Nebraska,Minnesota,ESPN2,later,1070.0,901.1217045142243,fox_friday_night
1370,2022,11/5/22,TCU,Texas Tech,FOX,later,2510.0,1872.3649961583756,fox_friday_night
1371,2022,11/5/22,Wisconsin,Maryland,BTN,later,576.0,437.0193571008302,fox_friday_night
1372,2022,11/5/22,Texas A&M,Florida,ESPN,later,2730.0,2063.0371728953246,fox_friday_night
1373,2022,11/5/22,Northwestern,Ohio St.,ABC,later,4760.0,3145.270148580533,fox_friday_night
1374,2022,11/5/22,Kansas,Oklahoma St.,FS1,later,734.0,475.75060628240794,fox_friday_night
1375,2022,11/5/22,Indiana,Penn St.,ABC,later,2230.0,2535.6659320093254,fox_friday_night
1376,2022,11/5/22,Illinois,Michigan St.,BTN,later,928.0,658.0474262967994,fox_friday_night
1377,2022,11/5/22,Memphis,UCF,ESPN2,later,321.0,428.4095705302161,fox_friday_night
1378,2022,11/5/22,Colorado,Oregon,ESPN,later,962.0,1613.2490623654749,fox_friday_night
1379,2022,11/5/22,Georgia,Tennessee,CBS,later,13060.0,10167.572979069824,fox_friday_night
1380,2022,11/5/22,Boise St.,BYU,FS2,later,281.0,763.1324059778012,fox_friday_night
1381,2022,11/5/22,LSU,Alabama,ESPN,later,7580.0,7079.70698457563,fox_friday_night
1382,2022,11/5/22,Kansas St.,Texas,FS1,later,1250.0,818.9995718704049,fox_friday_night
1383,2022,11/5/22,Miami,Florida St.,ABC,later,1500.0,2168.000196030207,fox_friday_night
1384,2022,11/5/22,Mississippi St.,Auburn,ESPN2,later,512.0,752.9564441341782,fox_friday_night
1385,2022,11/5/22,Rutgers,Michigan,BTN,later,1290.0,974.4547450231976,fox_friday_night
1386,2022,11/5/22,Notre Dame,Clemson,NBC,later,3220.0,3624.067033755655,fox_friday_night
1387,2022,11/5/22,USC,California,ESPN,later,2040.0,1810.4174720129713,fox_friday_night
1388,2022,11/5/22,Arizona St.,UCLA,FS1,later,490.0,652.9437756948728,fox_friday_night
1389,2022,11/8/22,Miami Ohio,Ohio,ESPN2,later,258.0,319.20796101958456,fox_friday_night
1390,2022,11/8/22,Toledo,Ball St.,ESPN,later,482.0,439.38471720286964,fox_friday_night
1391,2022,11/9/22,Central Michigan,Buffalo,ESPN2,later,350.0,384.3491083607304,fox_friday_night
1392,2022,11/10/22,Memphis,Tulsa,ESPN,later,574.0,553.0244703966285,fox_friday_night
1393,2022,11/10/22,Louisiana,Georgia Southern,ESPN2,later,254.0,360.90622237219486,fox_friday_night
1394,2022,11/11/22,Cincinnati,East Carolina,ESPN2,later,803.0,841.8456672328057,fox_friday_night
1395,2022,11/11/22,USC,Colorado,FS1,later,525.0,968.1794477818803,fox_friday_night
1396,2022,11/12/22,Ohio St.,Indiana,FOX,later,3340.0,3017.9385712874778,fox_friday_night
1397,2022,11/12/22,Michigan St.,Rutgers,BTN,later,591.0,449.9134276312074,fox_friday_night
1398,2022,11/12/22,Navy,Notre Dame,ABC,later,2070.0,2170.549312762515,fox_friday_night
1399,2022,11/12/22,West Virginia,Oklahoma,FS1,later,956.0,687.4808881563322,fox_friday_night
1400,2022,11/12/22,Tennessee,Missouri,CBS,later,3010.0,3383.665262396262,fox_friday_night
1401,2022,11/12/22,Illinois,Purdue,ESPN2,later,835.0,651.5245244970675,fox_friday_night
1402,2022,11/12/22,Arkansas,LSU,ESPN,later,3570.0,2834.0679788792495,fox_friday_night
1403,2022,11/12/22,Iowa,Wisconsin,FS1,later,1090.0,788.0087524689134,fox_friday_night
1404,2022,11/12/22,Oklahoma St.,Iowa St.,ESPNU,later,272.0,301.7508301619994,fox_friday_night
1405,2022,11/12/22,Mississippi,Alabama,CBS,later,8710.0,5991.765303319041,fox_friday_night
1406,2022,11/12/22,Michigan,Nebraska,ABC,later,3880.0,5509.302485548571,fox_friday_night
1407,2022,11/12/22,Penn St.,Maryland,FOX,later,1880.0,2226.834130960411,fox_friday_night
1408,2022,11/12/22,Tulane,UCF,ESPN2,later,368.0,759.5796317970432,fox_friday_night
1409,2022,11/12/22,Clemson,Louisville,ESPN,later,1350.0,1370.8727311856067,fox_friday_night
1410,2022,11/12/22,Minnesota,Northwestern,BTN,later,331.0,306.76301083321096,fox_friday_night
1411,2022,11/12/22,Oregon,Washington,FOX,later,3630.0,3879.47371168842,fox_friday_night
1412,2022,11/12/22,Baylor,Kansas St.,FS1,later,528.0,513.6495169171026,fox_friday_night
1413,2022,11/12/22,Mississippi St.,Georgia,ESPN,later,3340.0,2834.9078198120005,fox_friday_night
1414,2022,11/12/22,Texas,TCU,ABC,later,5030.0,5636.006748914274,fox_friday_night
1415,2022,11/12/22,Wake Forest,North Carolina,ESPN2,later,610.0,534.9906063111064,fox_friday_night
1416,2022,11/12/22,Utah,Stanford,ESPN,later,1040.0,919.9444185435486,fox_friday_night
1417,2022,11/12/22,San Diego St.,San Jose St.,FS1,later,146.0,242.89827182054265,fox_friday_night
1418,2022,11/12/22,UCLA,Arizona,FOX,later,1860.0,1726.2487268381535,fox_friday_night
1419,2022,11/15/22,Ball St.,Ohio,ESPN2,later,250.0,366.5736239528402,fox_friday_night
1420,2022,11/16/22,Kent St.,Eastern Michigan,ESPN2,later,399.0,298.03428142715177,fox_friday_night
1421,2022,11/16/22,Central Michigan,Western Michigan,ESPNU,later,179.0,136.11735475567679,fox_friday_night
1422,2022,11/17/22,Tulane,SMU,ESPN,later,767.0,588.9649107560716,fox_friday_night
1423,2022,11/18/22,Tulsa,South Florida,ESPN2,later,510.0,465.7996335653281,fox_friday_night
1424,2022,11/18/22,New Mexico,San Diego St.,FS1,later,210.0,312.96027753879133,fox_friday_night
1425,2022,11/19/22,UCF,Navy,ESPN2,later,610.0,507.3656093600384,fox_friday_night
1426,2022,11/19/22,Michigan St.,Indiana,BTN,later,369.0,458.3829460390299,fox_friday_night
1427,2022,11/19/22,Nebraska,Wisconsin,ESPN,later,1630.0,1797.4493148516112,fox_friday_night
1428,2022,11/19/22,Baylor,TCU,FOX,later,4350.0,2626.527191290946,fox_friday_night
1429,2022,11/19/22,Purdue,Northwestern,FS1,later,209.0,379.3331093580717,fox_friday_night
1430,2022,11/19/22,Michigan,Illinois,ABC,later,5470.0,4638.130327260003,fox_friday_night
1431,2022,11/19/22,Arizona St.,Oregon St.,ESPN2,later,484.0,446.5665899074464,fox_friday_night
1432,2022,11/19/22,Notre Dame,Boston College,NBC,later,1270.0,1388.2518356773676,fox_friday_night
1433,2022,11/19/22,Maryland,Ohio St.,ABC,later,6600.0,3566.0007870484533,fox_friday_night
1434,2022,11/19/22,Kansas,Texas,FS1,later,940.0,631.8068899919172,fox_friday_night
1435,2022,11/19/22,Rutgers,Penn St.,BTN,later,856.0,614.1200088256164,fox_friday_night
1436,2022,11/19/22,Clemson,Miami,ESPN,later,1140.0,1854.0848163629717,fox_friday_night
1437,2022,11/19/22,Kentucky,Georgia,CBS,later,4480.0,4348.601790521147,fox_friday_night
1438,2022,11/19/22,Minnesota,Iowa,FOX,later,2500.0,2035.5560306166474,fox_friday_night
1439,2022,11/19/22,North Carolina,Georgia Tech,ESPN2,later,732.0,597.287824641435,fox_friday_night
1440,2022,11/19/22,Iowa St.,Texas Tech,FS1,later,545.0,459.9500931166172,fox_friday_night
1441,2022,11/19/22,South Carolina,Tennessee,ESPN,later,4870.0,3003.7822623940297,fox_friday_night
1442,2022,11/19/22,Missouri,New Mexico St.,ESPNU,later,63.0,160.22565459357747,fox_friday_night
1443,2022,11/19/22,Oklahoma,Oklahoma St.,ABC,later,3060.0,2811.7479559133762,fox_friday_night
1444,2022,11/19/22,UCLA,USC,FOX,later,4530.0,4166.974696746648,fox_friday_night
1445,2022,11/19/22,LSU,UAB,ESPN2,later,848.0,856.40863767324,fox_friday_night
1446,2022,11/19/22,Utah St.,San Jose St.,FS1,later,128.0,165.13957537118603,fox_friday_night
1447,2022,11/19/22,Oregon,Utah,ESPN,later,2540.0,2959.574507725056,fox_friday_night
1448,2022,11/22/22,Ohio,Bowling Green,ESPNU,later,229.0,144.43283736536273,fox_friday_night
1449,2022,11/24/22,Mississippi,Mississippi St.,ESPN,later,2230.0,1517.1190125836565,fox_friday_night
1450,2022,11/25/22,Cincinnati,Tulane,ABC,later,1720.0,2893.5527868780955,fox_friday_night
1451,2022,11/25/22,Boise St.,Utah St.,CBS,later,1440.0,1092.490943692205,fox_friday_night
1452,2022,11/25/22,Texas,Baylor,ESPN,later,2690.0,2948.2766680094905,fox_friday_night
1453,2022,11/25/22,Arizona,Arizona St.,FS1,later,567.0,900.9598583024208,fox_friday_night
1454,2022,11/25/22,Missouri,Arkansas,CBS,later,3270.0,1966.4995843659772,fox_friday_night
1455,2022,11/25/22,North Carolina,North Carolina St.,ABC,later,3610.0,2461.1754537847746,fox_friday_night
1456,2022,11/25/22,Iowa,Nebraska,BTN,later,1470.0,1136.2582150738024,fox_friday_night
1457,2022,11/25/22,California,UCLA,FOX,later,3270.0,1930.4407208816451,fox_friday_night
1458,2022,11/25/22,Florida St.,Florida,ABC,later,6710.0,5914.644726171894,fox_friday_night
1459,2022,11/25/22,Fresno St.,Wyoming,FS1,later,260.0,394.2184444842769,fox_friday_night
1460,2022,11/26/22,Clemson,South Carolina,ABC,later,2320.0,2512.6672803743013,fox_friday_night
1461,2022,11/26/22,Ohio St.,Michigan,FOX,later,17140.0,15759.517968007576,fox_friday_night
1462,2022,11/26/22,Maryland,Rutgers,BTN,later,97.0,211.41270901381827,fox_friday_night
1463,2022,11/26/22,Georgia,Georgia Tech,ESPN,later,2060.0,1461.4941882508651,fox_friday_night
1464,2022,11/26/22,Oklahoma St.,West Virginia,ESPN2,later,694.0,525.8183749109975,fox_friday_night
1465,2022,11/26/22,Alabama,Auburn,CBS,later,6270.0,8309.634298071287,fox_friday_night
1466,2022,11/26/22,Wisconsin,Minnesota,ESPN,later,1710.0,1827.4063770930425,fox_friday_night
1467,2022,11/26/22,SMU,Memphis,ESPN2,later,213.0,224.76411368567193,fox_friday_night
1468,2022,11/26/22,Oregon St.,Oregon,ABC,later,3560.0,3846.626738554452,fox_friday_night
1469,2022,11/26/22,Penn St.,Michigan St.,FS1,later,1990.0,1182.406326298758,fox_friday_night
1470,2022,11/26/22,TCU,Iowa St.,FOX,later,4340.0,1909.3246036441637,fox_friday_night
1471,2022,11/26/22,Texas A&M,LSU,ESPN,later,3920.0,3130.4920332301945,fox_friday_night
1472,2022,11/26/22,South Florida,UCF,ESPN2,later,329.0,383.1540397348032,fox_friday_night
1473,2022,11/26/22,Texas Tech,Oklahoma,FS1,later,1210.0,666.2596916582193,fox_friday_night
1474,2022,11/26/22,USC,Notre Dame,ABC,later,6680.0,8681.20826040787,fox_friday_night
1475,2022,11/26/22,Kansas St.,Kansas,FOX,later,2320.0,1007.1887119854715,fox_friday_night
1476,2022,11/26/22,Washington St.,Washington,ESPN,later,2380.0,2046.2460333737847,fox_friday_night
1477,2022,11/26/22,Stanford,BYU,FS1,later,453.0,371.8654930667224,fox_friday_night
1478,2022,12/2/22,USC,Utah,FOX,later,5970.0,5087.560097147267,fox_friday_night
1479,2022,12/3/22,TCU,Kansas St.,ABC,later,9410.0,4106.934543763744,fox_friday_night
1480,2022,12/3/22,Ohio,Toledo,ESPN,later,721.0,409.3688583829585,fox_friday_night
1481,2022,12/3/22,Troy,Coastal Carolina,ESPN,later,332.0,445.12569836818,fox_friday_night
1482,2022,12/3/22,Tulane,UCF,ABC,later,2700.0,2212.389893470479,fox_friday_night
1483,2022,12/3/22,Boise St.,Fresno St.,FOX,later,1940.0,1003.2290578682916,fox_friday_night
1484,2022,12/3/22,Georgia,LSU,CBS,later,10890.0,8828.51378295594,fox_friday_night
1485,2022,12/3/22,North Carolina,Clemson,ABC,later,3470.0,5627.733514070765,fox_friday_night
1486,2022,12/3/22,Michigan,Purdue,FOX,later,10700.0,6178.486296248925,fox_friday_night
1487,2022,12/10/22,Army,Navy,CBS,later,6940.0,6060.5140748994345,fox_friday_night
0,2023,8/26/23,Navy,Notre Dame,NBC,Week0,3560.0,2289.1051739935597,current
1,2023,9/2/23,Colorado,TCU,FOX,Week1,7260.0,2409.106405208453,current
2,2023,9/4/23,Clemson,Duke,ESPN,Week1,4390.0,3947.270747559267,current
3,2023,8/31/23,Nebraska,Minnesota,FOX,Week1,3490.0,3738.2589807674813,current
4,2023,9/2/23,North Carolina,South Carolina,ABC,Week1,3400.0,3684.1722252486597,current
5,2023,8/31/23,Florida,Utah,ESPN,Week1,3190.0,3284.2480974565347,current
6,2023,9/3/23,Northwestern,Rutgers,CBS,Week1,2680.0,2085.333127570372,current
7,2023,9/2/23,Virginia,Tennessee,ABC,Week1,2460.0,3981.2425649676097,current
8,2023,9/1/23,Louisville,Georgia Tech,ESPN,Week1,1650.0,1355.4759870682678,current
9,2023,9/2/23,Texas Tech,Wyoming,CBS,Week1,1430.0,1606.706947352924,current
10,2023,9/2/23,Massachusetts,Auburn,ESPN,Week1,1030.0,1618.436176152039,current
11,2023,9/2/23,Buffalo,Wisconsin,FS1,Week1,784.0,783.8279982138235,current
12,2023,9/2/23,Toledo,Illinois,BTN,Week1,294.0,325.09770348900724,current
13,2023,9/2/23,California,North Texas,ESPNU,Week1,88.0,222.63750194564804,current
766,2023,9/8/23,Indiana,Indiana State,BTN,later,243.0,478.07282791278794,current
767,2023,9/8/23,Kansas,Illinois,ESPN2,later,1360.0,1000.8979116580938,current
768,2023,9/9/23,Baylor,Utah,ESPN,later,1310.0,1396.101093980575,current
769,2023,9/9/23,North Carolina St.,Notre Dame,ABC,later,2930.0,3583.5752157153997,current
770,2023,9/9/23,Virginia,James Madison,ESPNU,later,119.0,214.11319028183243,current
771,2023,9/9/23,Colorado,Nebraska,FOX,later,8730.0,3221.4542940092447,current
772,2023,9/9/23,Ohio St.,Youngstown State,BTN,later,1220.0,986.8980913002899,current
773,2023,9/9/23,Virginia Tech,Purdue,ESPN2,later,294.0,860.0515436335464,current
774,2023,9/9/23,Kansas St.,Troy,FS1,later,282.0,333.4449758259658,current
775,2023,9/9/23,Tulane,Mississippi,ESPN2,later,1440.0,1082.1653221469328,current
776,2023,9/9/23,Iowa St.,Iowa,FOX,later,3380.0,2913.7089895060544,current
777,2023,9/9/23,Miami,Texas A&M,ABC,later,4020.0,2729.495225439856,current
778,2023,9/9/23,Michigan,UNLV,CBS,later,2970.0,2791.2716674814465,current
779,2023,9/9/23,East Carolina,Marshall,ESPNU,later,90.0,277.10143817972755,current
780,2023,9/9/23,Pittsburgh,Cincinnati,CW,later,617.0,814.0604654667268,current
781,2023,9/9/23,Boise St.,UCF,FS1,later,306.0,472.20950275247884,current
782,2023,9/9/23,Rice,Houston,NFLN,later,83.0,104.5072600536141,current
783,2023,9/9/23,Texas Tech,Oregon,FOX,later,2550.0,2017.7765824206003,current
784,2023,9/9/23,Alabama,Texas,ESPN,later,8760.0,5417.525371973638,current
785,2023,9/9/23,San Diego St.,UCLA,CBS,later,1080.0,1011.790524844231,current
786,2023,9/9/23,Washington St.,Wisconsin,ABC,later,2280.0,2345.763812442468,current
787,2023,9/9/23,Florida,McNeese,ESPNU,later,150.0,324.3024641684609,current
788,2023,9/9/23,Maryland,Charlotte,NBC,later,665.0,621.951135732431,current
789,2023,9/9/23,California,Auburn,ESPN,later,2230.0,1586.7972794907187,current
790,2023,9/9/23,Arizona St.,Oklahoma St.,FS1,later,91.0,535.762305164081,current
791,2023,9/9/23,USC,Stanford,FOX,later,1750.0,2214.8435620219393,current
792,2023,9/14/23,Memphis,Navy,ESPN,later,1050.0,718.0742221249941,current
793,2023,9/15/23,UTSA,Army,ESPN,later,916.0,1328.6142575396127,current
794,2023,9/15/23,Maryland,Virginia,FS1,later,776.0,693.0534959128757,current
795,2023,9/16/23,Old Dominion,Wake Forest,ESPN2,later,324.0,307.985902542686,current
796,2023,9/16/23,Boise St.,North Dakota,FS1,later,247.0,294.55808839445626,current
797,2023,9/16/23,Boston College,Florida St.,ABC,later,3480.0,2474.5630043777683,current
798,2023,9/16/23,Mississippi St.,LSU,ESPN,later,2800.0,2505.17982609475,current
799,2023,9/16/23,Ohio,Iowa St.,ESPNU,later,162.0,270.38146839639404,current
800,2023,9/16/23,Illinois,Penn St.,FOX,later,3220.0,3568.665566460914,current
801,2023,9/16/23,North Carolina St.,VMI,CW,later,205.0,688.2031667601423,current
802,2023,9/16/23,Oregon St.,San Diego St.,FS1,later,418.0,370.46189410624356,current
803,2023,9/16/23,Tulsa,Oklahoma,ESPN2,later,641.0,827.8420805524111,current
804,2023,9/16/23,South Florida,Alabama,ABC,later,4840.0,2858.6271795677735,current
805,2023,9/16/23,Georgia,South Carolina,CBS,later,5420.0,3748.0496481978985,current
806,2023,9/16/23,North Carolina,Minnesota,ESPN,later,1580.0,1387.488464671873,current
807,2023,9/16/23,Ohio St.,Western Kentucky,FOX,later,2820.0,2789.344001258756,current
808,2023,9/16/23,Southern Miss,Tulane,ESPNU,later,53.0,130.45765096920286,current
809,2023,9/16/23,Florida,Tennessee,ESPN,later,5310.0,3084.6174157855635,current
810,2023,9/16/23,Troy,James Madison,NFLN,later,81.0,100.08547867634293,current
811,2023,9/16/23,Nebraska,Northern Illinois,FS1,later,907.0,809.0693273476646,current
812,2023,9/16/23,West Virginia,Pittsburgh,ABC,later,2410.0,3766.728169521488,current
813,2023,9/16/23,Arkansas,BYU,ESPN2,later,1080.0,807.7404151379479,current
814,2023,9/16/23,Kentucky,Akron,ESPNU,later,115.0,229.82547712824885,current
815,2023,9/16/23,Purdue,Syracuse,NBC,later,1250.0,1282.419150356714,current
816,2023,9/16/23,Michigan,Bowling Green,BTN,later,1320.0,785.7247950771118,current
817,2023,9/16/23,Houston,TCU,FOX,later,1200.0,1303.532808560397,current
818,2023,9/16/23,Colorado,Colorado St.,ESPN,later,9300.0,1185.8600945517533,current
819,2023,9/16/23,Arizona St.,Fresno St.,FS1,later,195.0,368.13444365793504,current
820,2023,11/25/23,Ohio St.,Michigan,FOX,later,19070.0,17202.65484449246,current
821,2023,9/21/23,Coastal Carolina,Georgia St.,ESPN,later,671.0,513.5139380759521,current
822,2023,9/22/23,Purdue,Wisconsin,FS1,later,1190.0,1062.8941133588833,current
823,2023,9/22/23,Virginia,North Carolina St.,ESPN,later,1590.0,1585.4705676944427,current
824,2023,9/22/23,San Jose St.,Air Force,FS1,later,512.0,296.204123421667,current
825,2023,9/23/23,Troy,Western Kentucky,ESPNU,later,29.0,132.2290706871131,current
826,2023,9/23/23,TCU,SMU,FS1,later,269.0,319.01151680884544,current
827,2023,9/23/23,Michigan,Rutgers,BTN,later,1940.0,929.8174845391279,current
828,2023,9/23/23,Clemson,Florida St.,ABC,later,6710.0,3772.1453629312396,current
829,2023,9/23/23,Marshall,Virginia Tech,ESPN2,later,319.0,754.4884768922274,current
830,2023,9/23/23,Texas A&M,Auburn,ESPN,later,2180.0,2337.4999103393307,current
831,2023,9/23/23,Cincinnati,Oklahoma,FOX,later,2170.0,2683.398480183181,current
832,2023,9/23/23,Michigan St.,Maryland,NBC,later,1240.0,1668.7323195214005,current
833,2023,9/23/23,Temple,Miami,ESPN2,later,353.0,396.35483897302095,current
834,2023,9/23/23,Kansas,BYU,ESPN,later,1030.0,965.5569850561286,current
835,2023,9/23/23,Oregon,Colorado,ABC,later,10030.0,3849.737807829502,current
836,2023,9/23/23,Alabama,Mississippi,CBS,later,4610.0,4842.92503918773,current
837,2023,9/23/23,Utah,UCLA,FOX,later,1320.0,2365.845890950942,current
838,2023,9/23/23,Iowa St.,Oklahoma St.,FS1,later,444.0,686.5688489936178,current
839,2023,9/23/23,South Florida,Rice,ESPNU,later,51.0,137.5105344362151,current
840,2023,9/23/23,Wake Forest,Georgia Tech,CW,later,332.0,377.42989382693406,current
841,2023,9/23/23,LSU,Arkansas,ESPN,later,2440.0,1861.8613632506108,current
842,2023,9/23/23,Washington St.,Oregon St.,FOX,later,1480.0,1556.876106288496,current
843,2023,9/23/23,Baylor,Texas,ABC,later,2630.0,2462.589959093398,current
844,2023,9/23/23,Notre Dame,Ohio St.,NBC,later,9980.0,6600.640565474925,current
845,2023,9/23/23,Penn St.,Iowa,CBS,later,2750.0,3861.564080802444,current
846,2023,9/23/23,Georgia,UAB,ESPN2,later,1080.0,821.5243414533862,current
847,2023,9/23/23,Missouri,Memphis,ESPNU,later,181.0,140.4012248932144,current
848,2023,9/23/23,Kansas St.,UCF,FS1,later,531.0,426.93041093173986,current
849,2023,9/23/23,Washington,California,ESPN,later,1160.0,1738.1167016886457,current
850,2023,9/23/23,Arizona St.,USC,FOX,later,2630.0,2261.7625424176304,current
851,2023,9/28/23,Tulsa,Temple,ESPN,later,567.0,518.6382023234395,current
852,2023,9/28/23,Sam Houston,Jacksonville St.,ESPNU,later,74.0,142.11512701694693,current
853,2023,9/29/23,North Carolina St.,Louisville,ESPN,later,1890.0,1512.1170896260865,current
854,2023,9/29/23,Oregon St.,Utah,FS1,later,1280.0,1187.8189431170404,current
855,2023,9/29/23,BYU,Cincinnati,ESPN,later,1230.0,1423.75034332636,current
856,2023,9/30/23,Kentucky,Florida,ESPN,later,2320.0,2968.034838751736,current
857,2023,9/30/23,James Madison,South Alabama,ESPNU,later,30.0,137.92108309316075,current
858,2023,9/30/23,Tulane,UAB,ESPN2,later,181.0,374.6354143057687,current
859,2023,9/30/23,Syracuse,Clemson,ABC,later,1980.0,2637.8045828806876,current
860,2023,9/30/23,Colorado,USC,FOX,later,7240.0,3026.270774620287,current
861,2023,9/30/23,Boston College,Virginia,CW,later,367.0,738.6113714939079,current
862,2023,9/30/23,UCF,Baylor,FS1,later,340.0,464.1683275835602,current
863,2023,9/30/23,Texas Tech,Houston,FS2,later,188.0,213.6763518463025,current
864,2023,9/30/23,Auburn,Georgia,CBS,later,6400.0,4151.990299001996,current
865,2023,9/30/23,Texas,Kansas,ABC,later,3320.0,3914.8831156470665,current
866,2023,9/30/23,Nebraska,Michigan,FOX,later,4480.0,5597.66316537477,current
867,2023,9/30/23,Toledo,Northern Illinois,ESPNU,later,37.0,117.27300377986352,current
868,2023,9/30/23,Memphis,Boise St.,ESPN2,later,319.0,362.3938846637729,current
869,2023,9/30/23,Mississippi,LSU,ESPN,later,3720.0,3174.1926206953262,current
870,2023,9/30/23,Oklahoma,Iowa St.,FS1,later,808.0,1086.0287219504398,current
871,2023,9/30/23,SMU,Charlotte,ESPNU,later,18.0,132.94080257506374,current
872,2023,9/30/23,Iowa,Michigan St.,NBC,later,2170.0,2834.4083570351304,current
873,2023,9/30/23,Duke,Notre Dame,ABC,later,5320.0,3621.32973151243,current
874,2023,9/30/23,TCU,West Virginia,ESPN2,later,739.0,821.4330114291859,current
875,2023,9/30/23,Mississippi St.,Alabama,ESPN,later,3350.0,2838.509839125308,current
876,2023,9/30/23,Fresno St.,Nevada,FS1,later,369.0,271.81609974951687,current
877,2023,10/4/23,Middle Tennessee St.,Jacksonville St.,ESPNU,later,145.0,129.19875675137675,current
878,2023,10/5/23,Louisiana Tech,Western Kentucky,ESPN,later,567.0,439.3131484548173,current
879,2023,10/6/23,Oklahoma St.,Kansas St.,ESPN,later,2270.0,1862.1775175647635,current
880,2023,10/6/23,Illinois,Nebraska,FS1,later,1360.0,936.678764374296,current
881,2023,10/7/23,Massachusetts,Toledo,ESPNU,later,16.0,90.22960303697774,current
882,2023,10/7/23,Ohio St.,Maryland,FOX,later,4510.0,3673.47623080163,current
883,2023,10/7/23,Missouri,LSU,ESPN,later,2340.0,2461.1294895713463,current
884,2023,10/7/23,Texas,Oklahoma,ABC,later,7870.0,7714.960823543119,current
885,2023,10/7/23,North Carolina St.,Marshall,CW,later,386.0,1155.9211671083021,current
886,2023,10/7/23,Louisiana,Texas St.,ESPNU,later,43.0,112.95290498837582,current
887,2023,10/7/23,Texas A&M,Alabama,CBS,later,7230.0,5118.780990010722,current
888,2023,10/7/23,North Carolina,Syracuse,ESPN,later,987.0,1296.0165635266549,current
889,2023,10/7/23,Florida St.,Virginia Tech,ABC,later,3020.0,3000.9869355444353,current
890,2023,10/7/23,UAB,South Florida,ESPN2,later,143.0,299.7322193456031,current
891,2023,10/7/23,Kansas,UCF,FOX,later,1450.0,1593.331541160401,current
892,2023,10/7/23,Georgia,Kentucky,ESPN,later,3190.0,4325.954265067272,current
893,2023,10/7/23,Minnesota,Michigan,NBC,later,3060.0,3519.167127731913,current
894,2023,10/7/23,Louisville,Notre Dame,ABC,later,5120.0,4552.157861431501,current
895,2023,10/7/23,Iowa St.,TCU,FS1,later,480.0,488.48061671212065,current
896,2023,10/7/23,Wyoming,Fresno St.,FOX,later,737.0,1005.9556089627497,current
897,2023,10/7/23,Baylor,Texas Tech,ESPN2,later,481.0,499.82013549693,current
898,2023,10/7/23,USC,Arizona,ESPN,later,2550.0,2257.7626813465513,current
899,2023,10/10/23,Jacksonville St.,Liberty,ESPNU,later,117.0,171.97916195166206,current
900,2023,10/10/23,Appalachian St.,Coastal Carolina,ESPN2,later,499.0,387.8378604291031,current
901,2023,10/11/23,FIU,UTEP,ESPN2,later,332.0,257.91668928585545,current
902,2023,10/12/23,Houston,West Virginia,FS1,later,729.0,510.99628367296816,current
903,2023,10/12/23,East Carolina,SMU,ESPN,later,467.0,540.7050141845975,current
904,2023,10/13/23,Memphis,Tulane,ESPN,later,1720.0,862.7373062226065,current
905,2023,10/13/23,Colorado,Stanford,ESPN,later,3290.0,1194.885603175299,current
906,2023,10/14/23,Florida St.,Syracuse,ABC,later,2090.0,2639.9067869049786,current
907,2023,10/14/23,Michigan,Indiana,FOX,later,3550.0,3075.4896896520777,current
908,2023,10/14/23,Alabama,Arkansas,ESPN,later,3430.0,2600.0684406867877,current
909,2023,10/14/23,Cincinnati,Iowa St.,FS1,later,534.0,445.1055987006222,current
910,2023,10/14/23,James Madison,Georgia Southern,ESPN2,later,169.0,233.70146205061434,current
911,2023,10/14/23,Rutgers,Michigan St.,BTN,later,503.0,496.72448716240626,current
912,2023,10/14/23,North Texas,Temple,ESPNU,later,37.0,82.16221501880062,current
913,2023,10/14/23,Vanderbilt,Georgia,CBS,later,2460.0,1857.4185728180591,current
914,2023,10/14/23,Maryland,Illinois,NBC,later,1140.0,918.5547913401878,current
915,2023,10/14/23,TCU,BYU,ESPN,later,1020.0,906.0188349482596,current
916,2023,10/14/23,South Florida,FAU,ESPN2,later,84.0,202.6751963045947,current
917,2023,10/14/23,Oklahoma St.,Kansas,FS1,later,796.0,582.7187041356649,current
918,2023,10/14/23,Tennessee,Texas A&M,CBS,later,4380.0,3861.0003808638176,current
919,2023,10/14/23,Washington,Oregon,ABC,later,7040.0,4994.576652870496,current
920,2023,10/14/23,Penn St.,Massachusetts,BTN,later,693.0,543.7901573955244,current
921,2023,10/14/23,Wisconsin,Iowa,FOX,later,2340.0,3008.868481033769,current
922,2023,10/14/23,Northern Illinois,Ohio,ESPNU,later,46.0,133.27589317633047,current
923,2023,10/14/23,Pittsburgh,Louisville,CW,later,569.0,872.707756332515,current
924,2023,10/14/23,Georgia St.,Marshall,ESPN2,later,129.0,440.462782926024,current
925,2023,10/14/23,LSU,Auburn,ESPN,later,2160.0,2602.5874556917356,current
926,2023,10/14/23,Texas Tech,Kansas St.,FS1,later,770.0,495.59240236099356,current
927,2023,10/14/23,Notre Dame,USC,NBC,later,6430.0,4828.896090507361,current
928,2023,10/14/23,North Carolina,Miami,ABC,later,3080.0,3080.9294786014716,current
929,2023,10/14/23,Oregon St.,UCLA,FOX,later,1430.0,2032.9694862035487,current
930,2023,10/14/23,UTSA,UAB,ESPNU,later,49.0,116.61217241174118,current
931,2023,10/14/23,Colorado St.,Boise St.,FS1,later,471.0,287.47026996288525,current
932,2023,10/17/23,Jacksonville St.,Western Kentucky,ESPNU,later,110.0,142.84313825760623,current
933,2023,10/17/23,South Alabama,Southern Miss,ESPN2,later,256.0,247.09458067595415,current
934,2023,10/18/23,UTEP,New Mexico St.,ESPN2,later,293.0,215.82532889049713,current
935,2023,10/19/23,Tulsa,Rice,ESPN2,later,179.0,345.9356604765978,current
936,2023,10/19/23,Marshall,James Madison,ESPN,later,603.0,863.4636292165367,current
937,2023,10/20/23,Temple,SMU,ESPN,later,548.0,637.7101700160638,current
938,2023,10/21/23,Arkansas,Mississippi St.,ESPN,later,1220.0,1036.6513938966432,current
939,2023,10/21/23,Ohio St.,Penn St.,FOX,later,9960.0,9597.693935955485,current
940,2023,10/21/23,Oklahoma,UCF,ABC,later,2170.0,2482.716533793107,current
941,2023,10/21/23,UAB,Memphis,ESPN2,later,97.0,263.392642834024,current
942,2023,10/21/23,Indiana,Rutgers,BTN,later,232.0,275.8250402660014,current
943,2023,10/21/23,Navy,Air Force,CBS,later,1210.0,1179.4340988464915,current
944,2023,10/21/23,Illinois,Wisconsin,FS1,later,684.0,579.7377171778999,current
945,2023,10/21/23,Oregon,Washington St.,ABC,later,2350.0,2481.1907626702496,current
946,2023,10/21/23,Tulane,North Texas,ESPN2,later,112.0,230.0900093706941,current
947,2023,10/21/23,Iowa,Minnesota,NBC,later,1680.0,1627.1970526577745,current
948,2023,10/21/23,Alabama,Tennessee,CBS,later,8010.0,6251.446406552607,current
949,2023,10/21/23,Nebraska,Northwestern,BTN,later,560.0,504.21179489486224,current
950,2023,10/21/23,West Virginia,Oklahoma St.,ESPN,later,1010.0,1211.9021598778127,current
951,2023,10/21/23,Houston,Texas,FOX,later,3080.0,2205.559864680444,current
952,2023,10/21/23,Miami Ohio,Toledo,ESPNU,later,46.0,100.07494961527138,current
953,2023,10/21/23,North Carolina,Virginia,CW,later,788.0,1092.915476985251,current
954,2023,10/21/23,Auburn,Mississippi,ESPN,later,1800.0,1728.0014648179558,current
955,2023,10/21/23,BYU,Texas Tech,FS1,later,545.0,461.4476916615908,current
956,2023,10/21/23,Old Dominion,Appalachian St.,NFLN,later,60.0,106.26115953410905,current
957,2023,10/21/23,Kansas St.,TCU,ESPN2,later,432.0,543.4364907535303,current
958,2023,10/21/23,Florida St.,Duke,ABC,later,4080.0,2952.8191957446697,current
959,2023,10/21/23,Michigan St.,Michigan,NBC,later,3730.0,4385.1120635437,current
960,2023,10/21/23,USC,Utah,FOX,later,3230.0,2608.6698119016173,current
961,2023,10/21/23,Louisiana,Georgia St.,ESPNU,later,25.0,116.75831612970865,current
962,2023,10/21/23,San Diego St.,Nevada,FS2,later,47.0,68.29733522404081,current
963,2023,10/21/23,Stanford,UCLA,ESPN,later,852.0,1265.3380812478003,current
964,2023,10/21/23,Washington,Arizona St.,FS1,later,1080.0,704.8904832180292,current
965,2023,10/24/23,Western Kentucky,Liberty,ESPNU,later,136.0,153.62697506804187,current
966,2023,10/25/23,Sam Houston,UTEP,ESPN2,later,332.0,251.51241799607214,current
967,2023,10/26/23,Georgia Southern,Georgia St.,ESPN2,later,242.0,358.1263037440366,current
968,2023,10/26/23,Virginia Tech,Syracuse,ESPN,later,782.0,1133.8188216226429,current
969,2023,10/27/23,Charlotte,FAU,ESPN2,later,329.0,427.8251466985617,current
970,2023,10/28/23,Wake Forest,Florida St.,ABC,later,2090.0,1885.8983744238699,current
971,2023,10/28/23,Kansas,Oklahoma,FOX,later,3600.0,2814.3666224266226,current
972,2023,10/28/23,Kansas St.,Houston,ESPN2,later,371.0,436.826561713307,current
973,2023,10/28/23,UCF,West Virginia,FS1,later,409.0,516.5999735928606,current
974,2023,10/28/23,Penn St.,Indiana,CBS,later,3400.0,2628.4798050385207,current
975,2023,10/28/23,Northwestern,Maryland,BTN,later,270.0,266.95298659973434,current
976,2023,10/28/23,Texas A&M,South Carolina,ESPN,later,1900.0,1406.3300543406954,current
977,2023,10/28/23,SMU,Tulsa,ESPNU,later,33.0,154.47381337562393,current
978,2023,10/28/23,North Carolina St.,Clemson,CW,later,642.0,1319.9220009957628,current
979,2023,10/28/23,Utah,Oregon,FOX,later,2810.0,3159.887267193859,current
980,2023,10/28/23,Nebraska,Purdue,FS1,later,1020.0,733.6858276546398,current
981,2023,10/28/23,Notre Dame,Pittsburgh,NBC,later,1890.0,1739.0128350505202,current
982,2023,10/28/23,Louisville,Duke,ESPN,later,928.0,1289.1613258765624,current
983,2023,10/28/23,Texas,BYU,ABC,later,2380.0,3006.1671684384464,current
984,2023,10/28/23,Florida,Georgia,CBS,later,5950.0,5440.291762403549,current
985,2023,10/28/23,Minnesota,Michigan St.,BTN,later,783.0,639.2054688128774,current
986,2023,10/28/23,Rice,Tulane,ESPN2,later,215.0,233.08099055577227,current
987,2023,10/28/23,Boise St.,Wyoming,FS2,later,169.0,286.4773043018423,current
988,2023,10/28/23,Coastal Carolina,Marshall,NFLN,later,60.0,101.44654143633456,current
989,2023,10/28/23,Stanford,Washington,FS1,later,700.0,719.6623541084896,current
990,2023,10/28/23,Kentucky,Tennessee,ESPN,later,2510.0,2569.9213151019626,current
991,2023,10/28/23,Wisconsin,Ohio St.,NBC,later,4870.0,5550.913440993194,current
992,2023,10/28/23,UCLA,Colorado,ABC,later,4660.0,1840.3823522590508,current
993,2023,10/28/23,James Madison,Old Dominion,ESPNU,later,59.0,144.08521796401422,current
994,2023,10/28/23,Oklahoma St.,Cincinnati,ESPN2,later,412.0,636.5736646976982,current
995,2023,10/28/23,Arizona,Oregon St.,ESPN,later,1400.0,1161.5767584974215,current
996,2023,10/28/23,Fresno St.,UNLV,FS1,later,260.0,250.20394500898834,current
997,2023,10/31/23,Central Michigan,Northern Illinois,ESPNU,later,124.0,170.16419259043104,current
998,2023,10/31/23,Toledo,Buffalo,ESPN2,later,324.0,305.64691961632377,current
999,2023,11/1/23,Bowling Green,Ball St.,ESPN2,later,341.0,272.95588829062433,current
1000,2023,11/1/23,Akron,Kent St.,ESPNU,later,61.0,106.17616391942136,current
1001,2023,11/2/23,Texas Tech,TCU,FS1,later,616.0,480.21929808378405,current
1002,2023,11/2/23,Duke,Wake Forest,ESPN,later,814.0,649.6910726212905,current
1003,2023,11/2/23,Troy,South Alabama,ESPN2,later,223.0,282.2908192194169,current
1004,2023,11/3/23,Syracuse,Boston College,ESPN2,later,1100.0,843.9229806332851,current
1005,2023,11/4/23,Texas,Kansas St.,FOX,later,2950.0,4964.875415406819,current
1006,2023,11/4/23,South Carolina,Jacksonville St.,ESPNU,later,79.0,167.32150741106835,current
1007,2023,11/4/23,Indiana,Wisconsin,BTN,later,491.0,368.35273760714756,current
1008,2023,11/4/23,Clemson,Notre Dame,ABC,later,3240.0,3170.802735637299,current
1009,2023,11/4/23,Michigan St.,Nebraska,FS1,later,900.0,780.5569138882015,current
1010,2023,11/4/23,Rutgers,Ohio St.,CBS,later,3960.0,2731.063821228839,current
1011,2023,11/4/23,Florida,Arkansas,ESPN2,later,1140.0,890.1280916938352,current
1012,2023,11/4/23,Mississippi,Texas A&M,ESPN,later,1830.0,1724.9809358662953,current
1013,2023,11/4/23,Virginia,Georgia Tech,CW,later,262.0,494.32798371642866,current
1014,2023,11/4/23,Georgia St.,James Madison,ESPN2,later,276.0,338.44762148043685,current
1015,2023,11/4/23,Oklahoma St.,Oklahoma,ABC,later,3760.0,4137.648304128834,current
1016,2023,11/4/23,Maryland,Penn St.,FOX,later,2390.0,3040.0854412110184,current
1017,2023,11/4/23,Pittsburgh,Florida St.,ESPN,later,1760.0,1446.9556095622856,current
1018,2023,11/4/23,Cincinnati,UCF,FS1,later,264.0,410.20042750182273,current
1019,2023,11/4/23,Minnesota,Illinois,BTN,later,499.0,421.3434274674172,current
1020,2023,11/4/23,East Carolina,Tulane,ESPNU,later,76.0,127.40418880002133,current
1021,2023,11/4/23,Georgia,Missouri,CBS,later,7000.0,4981.706794226011,current
1022,2023,11/4/23,Appalachian St.,Marshall,NFLN,later,78.0,133.93622720246555,current
1023,2023,11/4/23,San Diego St.,Utah St.,FS1,later,95.0,154.6114567480073,current
1024,2023,11/4/23,West Virginia,BYU,FOX,later,1260.0,1378.086415927019,current
1025,2023,11/4/23,Iowa St.,Kansas,ESPN,later,1270.0,986.7500992110839,current
1026,2023,11/4/23,USC,Washington,ABC,later,4450.0,3741.3827691544507,current
1027,2023,11/4/23,Rice,SMU,ESPNU,later,29.0,87.83262701271565,current
1028,2023,11/4/23,Michigan,Purdue,NBC,later,2600.0,2802.6606033254498,current
1029,2023,11/4/23,Alabama,LSU,CBS,later,8820.0,9304.900846951108,current
1030,2023,11/4/23,Colorado,Oregon St.,ESPN,later,2770.0,1219.2747496724837,current
1031,2023,11/4/23,Arizona,UCLA,FS1,later,522.0,596.7377752726973,current
1032,2023,11/7/23,Western Michigan,Central Michigan,ESPNU,later,139.0,155.74655009984957,current
1033,2023,11/7/23,Buffalo,Ohio,ESPN2,later,368.0,338.10373774077686,current
1034,2023,11/8/23,Miami Ohio,Akron,ESPNU,later,82.0,120.12305371859023,current
1035,2023,11/8/23,Toledo,Eastern Michigan,ESPN2,later,238.0,308.7936057852698,current
1036,2023,11/9/23,Louisville,Virginia,ESPN,later,1290.0,1079.037402661395,current
1037,2023,11/9/23,Louisiana,Southern Miss,ESPNU,later,83.0,108.49985213917402,current
1038,2023,11/10/23,SMU,North Texas,ESPN2,later,618.0,409.7077588333957,current
1039,2023,11/10/23,UNLV,Wyoming,FS1,later,214.0,370.8321741630461,current
1040,2023,11/11/23,Kansas,Texas Tech,FS1,later,780.0,420.38115270795726,current
1041,2023,11/11/23,Clemson,Georgia Tech,ABC,later,1620.0,1296.3541370190192,current
1042,2023,11/11/23,Illinois,Indiana,BTN,later,368.0,260.6982649362454,current
1043,2023,11/11/23,Penn St.,Michigan,FOX,later,9160.0,10024.354138799717,current
1044,2023,11/11/23,Tulane,Tulsa,ESPN2,later,169.0,249.08044473833633,current
1045,2023,11/11/23,Kentucky,Alabama,ESPN,later,2760.0,3704.116160761202,current
1046,2023,11/11/23,Wake Forest,North Carolina St.,CW,later,289.0,656.203307360529,current
1047,2023,11/11/23,Missouri,Tennessee,CBS,later,3620.0,3995.7156471112785,current
1048,2023,11/11/23,Washington,Utah,FOX,later,5170.0,3476.912309366414,current
1049,2023,11/11/23,UCF,Oklahoma St.,ESPN,later,1210.0,1132.4899516851738,current
1050,2023,11/11/23,Iowa,Rutgers,BTN,later,714.0,618.8161745431973,current
1051,2023,11/11/23,Florida St.,Miami,ABC,later,4140.0,3314.9318885057455,current
1052,2023,11/11/23,Wisconsin,Northwestern,FS1,later,612.0,528.1066334647155,current
1053,2023,11/11/23,Purdue,Minnesota,NBC,later,1170.0,1051.1706922690487,current
1054,2023,11/11/23,California,Washington St.,ESPN2,later,263.0,429.733559344128,current
1055,2023,11/11/23,Oklahoma,West Virginia,FOX,later,2390.0,2841.914830359092,current
1056,2023,11/11/23,Georgia,Mississippi,ESPN,later,4830.0,5099.013323336469,current
1057,2023,11/11/23,Marshall,Georgia Southern,NFLN,later,84.0,103.96719170881553,current
1058,2023,11/11/23,Houston,Cincinnati,FS1,later,176.0,270.7507109540442,current
1059,2023,11/11/23,TCU,Texas,ABC,later,2820.0,2897.0494920057977,current
1060,2023,11/11/23,Ohio St.,Michigan St.,NBC,later,3570.0,4221.952242257936,current
1061,2023,11/11/23,UTSA,Rice,ESPNU,later,22.0,80.9539720606569,current
1062,2023,11/11/23,Texas A&M,Mississippi St.,ESPN2,later,409.0,717.3853201321001,current
1063,2023,11/11/23,Boise St.,New Mexico,FS1,later,164.0,156.16848688215896,current
1064,2023,11/11/23,BYU,Iowa St.,ESPN,later,943.0,1145.0031821461764,current
1065,2023,11/11/23,Oregon,USC,FOX,later,3010.0,3536.5312308017037,current
1066,2023,11/14/23,Bowling Green,Toledo,ESPN2,later,403.0,312.948273630735,current
1067,2023,11/14/23,Northern Illinois,Western Michigan,ESPNU,later,47.0,177.46254975241442,current
1068,2023,11/15/23,Miami Ohio,Buffalo,ESPN2,later,385.0,326.6547739899365,current
1069,2023,11/15/23,Ohio,Central Michigan,ESPNU,later,90.0,162.21269779423585,current
1070,2023,11/16/23,Pittsburgh,Boston College,ESPN,later,1030.0,805.638076978428,current
1071,2023,11/17/23,UTSA,South Florida,ESPN2,later,429.0,394.8113746037113,current
1072,2023,11/17/23,Washington St.,Colorado,FS1,later,727.0,642.5447666947921,current
1073,2023,11/18/23,Maryland,Michigan,FOX,later,5430.0,5002.421700055705,current
1074,2023,11/18/23,BYU,Oklahoma,ESPN,later,2170.0,1836.660357005345,current
1075,2023,11/18/23,Miami,Louisville,ABC,later,2890.0,2651.099029080918,current
1076,2023,11/18/23,Penn St.,Rutgers,FS1,later,765.0,880.4810204921955,current
1077,2023,11/18/23,Memphis,SMU,ESPN2,later,276.0,322.54019411355375,current
1078,2023,11/18/23,Virginia,Duke,CW,later,307.0,509.91146089762293,current
1079,2023,11/18/23,Troy,Louisiana,NFLN,later,33.0,48.09123155584595,current
1080,2023,11/18/23,USC,UCLA,ABC,later,2650.0,1785.1546800825427,current
1081,2023,11/18/23,Tennessee,Georgia,CBS,later,5730.0,7403.676633531458,current
1082,2023,11/18/23,Notre Dame,Wake Forest,NBC,later,1480.0,1191.6116538796516,current
1083,2023,11/18/23,Iowa,Illinois,FS1,later,847.0,609.997404465129,current
1084,2023,11/18/23,Clemson,North Carolina,ESPN,later,1760.0,1334.7868209468998,current
1085,2023,11/18/23,Ohio St.,Minnesota,BTN,later,2020.0,1570.725410337573,current
1086,2023,11/18/23,Arizona St.,Oregon,FOX,later,1900.0,2275.594039285594,current
1087,2023,11/18/23,Houston,Oklahoma St.,ESPN2,later,704.0,434.14503140276497,current
1088,2023,11/18/23,Texas Tech,UCF,FS2,later,270.0,235.9130697566598,current
1089,2023,11/18/23,Florida St.,North Alabama,CW,later,1330.0,862.8034430738032,current
1090,2023,11/18/23,Kansas,Kansas St.,FS1,later,869.0,519.6727436254641,current
1091,2023,11/18/23,Arkansas,FIU,ESPNU,later,173.0,164.74397552977408,current
1092,2023,11/18/23,Oregon St.,Washington,ABC,later,4730.0,3912.8684712230997,current
1093,2023,11/18/23,Missouri,Florida,ESPN,later,2270.0,2017.2678840256,current
1094,2023,11/18/23,Wisconsin,Nebraska,NBC,later,2450.0,2056.995484305182,current
1095,2023,11/18/23,Iowa St.,Texas,FOX,later,2470.0,3947.9137300234825,current
1096,2023,11/18/23,LSU,Georgia St.,ESPN2,later,741.0,779.0263881212773,current
1097,2023,11/18/23,Fresno St.,New Mexico,FS1,later,255.0,144.5379911180142,current
1098,2023,11/21/23,Western Michigan,Bowling Green,ESPNU,later,116.0,146.82514811753822,current
1099,2023,11/21/23,Buffalo,Eastern Michigan,ESPN2,later,384.0,294.33144731139373,current
1100,2023,11/23/23,Mississippi St.,Mississippi,ESPN,later,2290.0,1850.8798233909465,current
1101,2023,11/24/23,Oklahoma,TCU,FOX,later,2220.0,3226.7639793897797,current
1102,2023,11/24/23,Nebraska,Iowa,CBS,later,4390.0,5310.627258601457,current
1103,2023,11/24/23,Boston College,Miami,ABC,later,1430.0,1743.249374006516,current
1104,2023,11/24/23,Central Michigan,Toledo,ESPNU,later,74.0,170.31982997515553,current
1105,2023,11/24/23,Temple,Memphis,ESPN,later,394.0,412.11066419726075,current
1106,2023,11/24/23,Tulane,UTSA,ABC,later,1720.0,1585.2532318450244,current
1107,2023,11/24/23,Arkansas,Missouri,CBS,later,4090.0,4144.289453083677,current
1108,2023,11/24/23,Boise St.,Air Force,FS1,later,409.0,453.5945932232332,current
1109,2023,11/24/23,Michigan St.,Penn St.,NBC,later,3380.0,4206.728619100249,current
1110,2023,11/24/23,Texas,Texas Tech,ABC,later,3770.0,4718.879588738763,current
1111,2023,11/24/23,Oregon,Oregon St.,FOX,later,4120.0,5614.839689320044,current
1112,2023,11/25/23,Purdue,Indiana,BTN,later,246.0,235.0305118801885,current
1113,2023,11/25/23,Louisville,Kentucky,ABC,later,1570.0,2095.466451334746,current
1114,2023,11/25/23,LSU,Texas A&M,ESPN,later,2000.0,2282.1746143351766,current
1115,2023,11/25/23,Southern Miss,Troy,ESPNU,later,31.0,74.80850916682407,current
1116,2023,11/25/23,UCF,Houston,FS1,later,185.0,207.28812363093897,current
1117,2023,11/25/23,SMU,Navy,ESPN2,later,76.0,224.357114677776,current
1118,2023,11/25/23,Syracuse,Wake Forest,CW,later,248.0,648.5863893670487,current
1119,2023,11/25/23,Arizona St.,Arizona,ESPN,later,740.0,1317.8112572139676,current
1120,2023,11/25/23,Auburn,Alabama,CBS,later,9090.0,8571.031876701238,current
1121,2023,11/25/23,Minnesota,Wisconsin,FS1,later,1230.0,961.1391810399406,current
1122,2023,11/25/23,Appalachian St.,Georgia Southern,ESPNU,later,53.0,130.9852238832537,current
1123,2023,11/25/23,Coastal Carolina,James Madison,ESPN2,later,139.0,261.1832219278113,current
1124,2023,11/25/23,Oklahoma St.,BYU,ABC,later,2390.0,1601.6974728914681,current
1125,2023,11/25/23,Washington,Washington St.,FOX,later,5850.0,3486.359553129728,current
1126,2023,11/25/23,Florida,Florida St.,ESPN,later,5070.0,3573.7666709804207,current
1127,2023,11/25/23,Baylor,West Virginia,FS1,later,691.0,603.8789119562491,current
1128,2023,11/25/23,Texas St.,South Alabama,NFLN,later,79.0,85.2638136485962,current
1129,2023,11/25/23,Georgia Tech,Georgia,ABC,later,5330.0,4127.449226446701,current
1130,2023,11/25/23,Cincinnati,Kansas,ESPN2,later,374.0,549.6711111513941,current
1131,2023,11/26/23,South Florida,Charlotte,ESPNU,later,17.0,171.9589134406251,current
1132,2023,11/25/23,Kansas St.,Iowa St.,FOX,later,3290.0,2064.3085291656557,current
1133,2023,11/25/23,UCLA,California,ESPN,later,1660.0,1250.8341807721258,current
1134,2023,11/25/23,San Diego St.,Fresno St.,FS1,later,198.0,222.8182988915426,current
1135,2023,12/1/23,Washington,Oregon,ABC,later,9250.0,10216.95838267032,current
1136,2023,12/2/23,Texas,Oklahoma St.,ABC,later,7890.0,8548.388767612767,current
1137,2023,12/2/23,Toledo,Miami Ohio,ESPN,later,1290.0,521.4711293142022,current
1138,2023,12/2/23,UNLV,Boise St.,FOX,later,1260.0,803.2412063280988,current
1139,2023,12/2/23,Alabama,Georgia,CBS,later,17520.0,16112.893501064224,current
1140,2023,12/2/23,Troy,Appalachian St.,ESPN,later,372.0,483.5506471367833,current
1141,2023,12/2/23,Tulane,SMU,ABC,later,1880.0,1742.7006628762347,current
1142,2023,12/2/23,Iowa,Michigan,FOX,later,10020.0,9443.73060966839,current
1143,2023,12/2/23,Florida St.,Louisville,ABC,later,7030.0,4566.481613792946,current
1144,2023,12/9/23,Army,Navy,CBS,later,7180.0,6187.7530570091985,current
0,2023,8/26/23,Navy,Notre Dame,NBC,Week0,3560.0,2289.1051739935597,fox_friday_night
1,2023,9/2/23,Colorado,TCU,FOX,Week1,7260.0,2409.106405208453,fox_friday_night
2,2023,9/4/23,Clemson,Duke,ESPN,Week1,4390.0,3947.270747559267,fox_friday_night
3,2023,8/31/23,Nebraska,Minnesota,FOX,Week1,3490.0,3738.2589807674813,fox_friday_night
4,2023,9/2/23,North Carolina,South Carolina,ABC,Week1,3400.0,3684.1722252486597,fox_friday_night
5,2023,8/31/23,Florida,Utah,ESPN,Week1,3190.0,3284.2480974565347,fox_friday_night
6,2023,9/3/23,Northwestern,Rutgers,CBS,Week1,2680.0,2085.333127570372,fox_friday_night
7,2023,9/2/23,Virginia,Tennessee,ABC,Week1,2460.0,3981.2425649676097,fox_friday_night
8,2023,9/1/23,Louisville,Georgia Tech,ESPN,Week1,1650.0,1355.4759870682678,fox_friday_night
9,2023,9/2/23,Texas Tech,Wyoming,CBS,Week1,1430.0,1606.706947352924,fox_friday_night
10,2023,9/2/23,Massachusetts,Auburn,ESPN,Week1,1030.0,1618.436176152039,fox_friday_night
11,2023,9/2/23,Buffalo,Wisconsin,FS1,Week1,784.0,783.8279982138235,fox_friday_night
12,2023,9/2/23,Toledo,Illinois,BTN,Week1,294.0,325.09770348900724,fox_friday_night
13,2023,9/2/23,California,North Texas,ESPNU,Week1,88.0,222.63750194564804,fox_friday_night
766,2023,9/8/23,Indiana,Indiana State,BTN,later,243.0,478.07282791278794,fox_friday_night
767,2023,9/8/23,Kansas,Illinois,ESPN2,later,1360.0,1000.8979116580938,fox_friday_night
768,2023,9/9/23,Baylor,Utah,ESPN,later,1310.0,1396.101093980575,fox_friday_night
769,2023,9/9/23,North Carolina St.,Notre Dame,ABC,later,2930.0,3583.5752157153997,fox_friday_night
770,2023,9/9/23,Virginia,James Madison,ESPNU,later,119.0,214.11319028183243,fox_friday_night
771,2023,9/9/23,Colorado,Nebraska,FOX,later,8730.0,3221.4542940092447,fox_friday_night
772,2023,9/9/23,Ohio St.,Youngstown State,BTN,later,1220.0,986.8980913002899,fox_friday_night
773,2023,9/9/23,Virginia Tech,Purdue,ESPN2,later,294.0,860.0515436335464,fox_friday_night
774,2023,9/9/23,Kansas St.,Troy,FS1,later,282.0,333.4449758259658,fox_friday_night
775,2023,9/9/23,Tulane,Mississippi,ESPN2,later,1440.0,1082.1653221469328,fox_friday_night
776,2023,9/9/23,Iowa St.,Iowa,FOX,later,3380.0,2913.7089895060544,fox_friday_night
777,2023,9/9/23,Miami,Texas A&M,ABC,later,4020.0,2729.495225439856,fox_friday_night
778,2023,9/9/23,Michigan,UNLV,CBS,later,2970.0,2791.2716674814465,fox_friday_night
779,2023,9/9/23,East Carolina,Marshall,ESPNU,later,90.0,277.10143817972755,fox_friday_night
780,2023,9/9/23,Pittsburgh,Cincinnati,CW,later,617.0,814.0604654667268,fox_friday_night
781,2023,9/9/23,Boise St.,UCF,FS1,later,306.0,472.20950275247884,fox_friday_night
782,2023,9/9/23,Rice,Houston,NFLN,later,83.0,104.5072600536141,fox_friday_night
783,2023,9/9/23,Texas Tech,Oregon,FOX,later,2550.0,2017.7765824206003,fox_friday_night
784,2023,9/9/23,Alabama,Texas,ESPN,later,8760.0,5417.525371973638,fox_friday_night
785,2023,9/9/23,San Diego St.,UCLA,CBS,later,1080.0,1011.790524844231,fox_friday_night
786,2023,9/9/23,Washington St.,Wisconsin,ABC,later,2280.0,2345.763812442468,fox_friday_night
787,2023,9/9/23,Florida,McNeese,ESPNU,later,150.0,324.3024641684609,fox_friday_night
788,2023,9/9/23,Maryland,Charlotte,NBC,later,665.0,621.951135732431,fox_friday_night
789,2023,9/9/23,California,Auburn,ESPN,later,2230.0,1586.7972794907187,fox_friday_night
790,2023,9/9/23,Arizona St.,Oklahoma St.,FS1,later,91.0,535.762305164081,fox_friday_night
791,2023,9/9/23,USC,Stanford,FOX,later,1750.0,2214.8435620219393,fox_friday_night
792,2023,9/14/23,Memphis,Navy,ESPN,later,1050.0,718.0742221249941,fox_friday_night
793,2023,9/15/23,UTSA,Army,ESPN,later,916.0,1328.6142575396127,fox_friday_night
794,2023,9/15/23,Maryland,Virginia,FS1,later,776.0,693.0534959128757,fox_friday_night
795,2023,9/16/23,Old Dominion,Wake Forest,ESPN2,later,324.0,307.985902542686,fox_friday_night
796,2023,9/16/23,Boise St.,North Dakota,FS1,later,247.0,294.55808839445626,fox_friday_night
797,2023,9/16/23,Boston College,Florida St.,ABC,later,3480.0,2474.5630043777683,fox_friday_night
798,2023,9/16/23,Mississippi St.,LSU,ESPN,later,2800.0,2505.17982609475,fox_friday_night
799,2023,9/16/23,Ohio,Iowa St.,ESPNU,later,162.0,270.38146839639404,fox_friday_night
800,2023,9/16/23,Illinois,Penn St.,FOX,later,3220.0,3568.665566460914,fox_friday_night
801,2023,9/16/23,North Carolina St.,VMI,CW,later,205.0,688.2031667601423,fox_friday_night
802,2023,9/16/23,Oregon St.,San Diego St.,FS1,later,418.0,370.46189410624356,fox_friday_night
803,2023,9/16/23,Tulsa,Oklahoma,ESPN2,later,641.0,827.8420805524111,fox_friday_night
804,2023,9/16/23,South Florida,Alabama,ABC,later,4840.0,2858.6271795677735,fox_friday_night
805,2023,9/16/23,Georgia,South Carolina,CBS,later,5420.0,3748.0496481978985,fox_friday_night
806,2023,9/16/23,North Carolina,Minnesota,ESPN,later,1580.0,1387.488464671873,fox_friday_night
807,2023,9/16/23,Ohio St.,Western Kentucky,FOX,later,2820.0,2789.344001258756,fox_friday_night
808,2023,9/16/23,Southern Miss,Tulane,ESPNU,later,53.0,130.45765096920286,fox_friday_night
809,2023,9/16/23,Florida,Tennessee,ESPN,later,5310.0,3084.6174157855635,fox_friday_night
810,2023,9/16/23,Troy,James Madison,NFLN,later,81.0,100.08547867634293,fox_friday_night
811,2023,9/16/23,Nebraska,Northern Illinois,FS1,later,907.0,809.0693273476646,fox_friday_night
812,2023,9/16/23,West Virginia,Pittsburgh,ABC,later,2410.0,3766.728169521488,fox_friday_night
813,2023,9/16/23,Arkansas,BYU,ESPN2,later,1080.0,807.7404151379479,fox_friday_night
814,2023,9/16/23,Kentucky,Akron,ESPNU,later,115.0,229.82547712824885,fox_friday_night
815,2023,9/16/23,Purdue,Syracuse,NBC,later,1250.0,1282.419150356714,fox_friday_night
816,2023,9/16/23,Michigan,Bowling Green,BTN,later,1320.0,785.7247950771118,fox_friday_night
817,2023,9/16/23,Houston,TCU,FOX,later,1200.0,1303.532808560397,fox_friday_night
818,2023,9/16/23,Colorado,Colorado St.,ESPN,later,9300.0,1185.8600945517533,fox_friday_night
819,2023,9/16/23,Arizona St.,Fresno St.,FS1,later,195.0,368.13444365793504,fox_friday_night
820,2023,11/25/23,Ohio St.,Michigan,FOX,later,19070.0,17202.65484449246,fox_friday_night
821,2023,9/21/23,Coastal Carolina,Georgia St.,ESPN,later,671.0,513.5139380759521,fox_friday_night
822,2023,9/22/23,Purdue,Wisconsin,FS1,later,1190.0,1062.8941133588833,fox_friday_night
823,2023,9/22/23,Virginia,North Carolina St.,ESPN,later,1590.0,1585.4705676944427,fox_friday_night
824,2023,9/22/23,San Jose St.,Air Force,FS1,later,512.0,296.204123421667,fox_friday_night
825,2023,9/23/23,Troy,Western Kentucky,ESPNU,later,29.0,132.2290706871131,fox_friday_night
826,2023,9/23/23,TCU,SMU,FS1,later,269.0,319.01151680884544,fox_friday_night
827,2023,9/23/23,Michigan,Rutgers,BTN,later,1940.0,929.8174845391279,fox_friday_night
828,2023,9/23/23,Clemson,Florida St.,ABC,later,6710.0,3772.1453629312396,fox_friday_night
829,2023,9/23/23,Marshall,Virginia Tech,ESPN2,later,319.0,754.4884768922274,fox_friday_night
830,2023,9/23/23,Texas A&M,Auburn,ESPN,later,2180.0,2337.4999103393307,fox_friday_night
831,2023,9/23/23,Cincinnati,Oklahoma,FOX,later,2170.0,2683.398480183181,fox_friday_night
832,2023,9/23/23,Michigan St.,Maryland,NBC,later,1240.0,1668.7323195214005,fox_friday_night
833,2023,9/23/23,Temple,Miami,ESPN2,later,353.0,396.35483897302095,fox_friday_night
834,2023,9/23/23,Kansas,BYU,ESPN,later,1030.0,965.5569850561286,fox_friday_night
835,2023,9/23/23,Oregon,Colorado,ABC,later,10030.0,3849.737807829502,fox_friday_night
836,2023,9/23/23,Alabama,Mississippi,CBS,later,4610.0,4842.92503918773,fox_friday_night
837,2023,9/23/23,Utah,UCLA,FOX,later,1320.0,2365.845890950942,fox_friday_night
838,2023,9/23/23,Iowa St.,Oklahoma St.,FS1,later,444.0,686.5688489936178,fox_friday_night
839,2023,9/23/23,South Florida,Rice,ESPNU,later,51.0,137.5105344362151,fox_friday_night
840,2023,9/23/23,Wake Forest,Georgia Tech,CW,later,332.0,377.42989382693406,fox_friday_night
841,2023,9/23/23,LSU,Arkansas,ESPN,later,2440.0,1861.8613632506108,fox_friday_night
842,2023,9/23/23,Washington St.,Oregon St.,FOX,later,1480.0,1556.876106288496,fox_friday_night
843,2023,9/23/23,Baylor,Texas,ABC,later,2630.0,2462.589959093398,fox_friday_night
844,2023,9/23/23,Notre Dame,Ohio St.,NBC,later,9980.0,6600.640565474925,fox_friday_night
845,2023,9/23/23,Penn St.,Iowa,CBS,later,2750.0,3861.564080802444,fox_friday_night
846,2023,9/23/23,Georgia,UAB,ESPN2,later,1080.0,821.5243414533862,fox_friday_night
847,2023,9/23/23,Missouri,Memphis,ESPNU,later,181.0,140.4012248932144,fox_friday_night
848,2023,9/23/23,Kansas St.,UCF,FS1,later,531.0,426.93041093173986,fox_friday_night
849,2023,9/23/23,Washington,California,ESPN,later,1160.0,1738.1167016886457,fox_friday_night
850,2023,9/23/23,Arizona St.,USC,FOX,later,2630.0,2261.7625424176304,fox_friday_night
851,2023,9/28/23,Tulsa,Temple,ESPN,later,567.0,518.6382023234395,fox_friday_night
852,2023,9/28/23,Sam Houston,Jacksonville St.,ESPNU,later,74.0,142.11512701694693,fox_friday_night
853,2023,9/29/23,North Carolina St.,Louisville,ESPN,later,1890.0,1512.1170896260865,fox_friday_night
854,2023,9/29/23,Oregon St.,Utah,FS1,later,1280.0,1187.8189431170404,fox_friday_night
855,2023,9/29/23,BYU,Cincinnati,ESPN,later,1230.0,1423.75034332636,fox_friday_night
856,2023,9/30/23,Kentucky,Florida,ESPN,later,2320.0,2968.034838751736,fox_friday_night
857,2023,9/30/23,James Madison,South Alabama,ESPNU,later,30.0,137.92108309316075,fox_friday_night
858,2023,9/30/23,Tulane,UAB,ESPN2,later,181.0,374.6354143057687,fox_friday_night
859,2023,9/30/23,Syracuse,Clemson,ABC,later,1980.0,2637.8045828806876,fox_friday_night
860,2023,9/30/23,Colorado,USC,FOX,later,7240.0,3026.270774620287,fox_friday_night
861,2023,9/30/23,Boston College,Virginia,CW,later,367.0,738.6113714939079,fox_friday_night
862,2023,9/30/23,UCF,Baylor,FS1,later,340.0,464.1683275835602,fox_friday_night
863,2023,9/30/23,Texas Tech,Houston,FS2,later,188.0,213.6763518463025,fox_friday_night
864,2023,9/30/23,Auburn,Georgia,CBS,later,6400.0,4151.990299001996,fox_friday_night
865,2023,9/30/23,Texas,Kansas,ABC,later,3320.0,3914.8831156470665,fox_friday_night
866,2023,9/30/23,Nebraska,Michigan,FOX,later,4480.0,5597.66316537477,fox_friday_night
867,2023,9/30/23,Toledo,Northern Illinois,ESPNU,later,37.0,117.27300377986352,fox_friday_night
868,2023,9/30/23,Memphis,Boise St.,ESPN2,later,319.0,362.3938846637729,fox_friday_night
869,2023,9/30/23,Mississippi,LSU,ESPN,later,3720.0,3174.1926206953262,fox_friday_night
870,2023,9/30/23,Oklahoma,Iowa St.,FS1,later,808.0,1086.0287219504398,fox_friday_night
871,2023,9/30/23,SMU,Charlotte,ESPNU,later,18.0,132.94080257506374,fox_friday_night
872,2023,9/30/23,Iowa,Michigan St.,NBC,later,2170.0,2834.4083570351304,fox_friday_night
873,2023,9/30/23,Duke,Notre Dame,ABC,later,5320.0,3621.32973151243,fox_friday_night
874,2023,9/30/23,TCU,West Virginia,ESPN2,later,739.0,821.4330114291859,fox_friday_night
875,2023,9/30/23,Mississippi St.,Alabama,ESPN,later,3350.0,2838.509839125308,fox_friday_night
876,2023,9/30/23,Fresno St.,Nevada,FS1,later,369.0,271.81609974951687,fox_friday_night
877,2023,10/4/23,Middle Tennessee St.,Jacksonville St.,ESPNU,later,145.0,129.19875675137675,fox_friday_night
878,2023,10/5/23,Louisiana Tech,Western Kentucky,ESPN,later,567.0,439.3131484548173,fox_friday_night
879,2023,10/6/23,Oklahoma St.,Kansas St.,ESPN,later,2270.0,1862.1775175647635,fox_friday_night
880,2023,10/6/23,Illinois,Nebraska,FS1,later,1360.0,936.678764374296,fox_friday_night
881,2023,10/7/23,Massachusetts,Toledo,ESPNU,later,16.0,90.22960303697774,fox_friday_night
882,2023,10/7/23,Ohio St.,Maryland,FOX,later,4510.0,3673.47623080163,fox_friday_night
883,2023,10/7/23,Missouri,LSU,ESPN,later,2340.0,2461.1294895713463,fox_friday_night
884,2023,10/7/23,Texas,Oklahoma,ABC,later,7870.0,7714.960823543119,fox_friday_night
885,2023,10/7/23,North Carolina St.,Marshall,CW,later,386.0,1155.9211671083021,fox_friday_night
886,2023,10/7/23,Louisiana,Texas St.,ESPNU,later,43.0,112.95290498837582,fox_friday_night
887,2023,10/7/23,Texas A&M,Alabama,CBS,later,7230.0,5118.780990010722,fox_friday_night
888,2023,10/7/23,North Carolina,Syracuse,ESPN,later,987.0,1296.0165635266549,fox_friday_night
889,2023,10/7/23,Florida St.,Virginia Tech,ABC,later,3020.0,3000.9869355444353,fox_friday_night
890,2023,10/7/23,UAB,South Florida,ESPN2,later,143.0,299.7322193456031,fox_friday_night
891,2023,10/7/23,Kansas,UCF,FOX,later,1450.0,1593.331541160401,fox_friday_night
892,2023,10/7/23,Georgia,Kentucky,ESPN,later,3190.0,4325.954265067272,fox_friday_night
893,2023,10/7/23,Minnesota,Michigan,NBC,later,3060.0,3519.167127731913,fox_friday_night
894,2023,10/7/23,Louisville,Notre Dame,ABC,later,5120.0,4552.157861431501,fox_friday_night
895,2023,10/7/23,Iowa St.,TCU,FS1,later,480.0,488.48061671212065,fox_friday_night
896,2023,10/7/23,Wyoming,Fresno St.,FOX,later,737.0,1005.9556089627497,fox_friday_night
897,2023,10/7/23,Baylor,Texas Tech,ESPN2,later,481.0,499.82013549693,fox_friday_night
898,2023,10/7/23,USC,Arizona,ESPN,later,2550.0,2257.7626813465513,fox_friday_night
899,2023,10/10/23,Jacksonville St.,Liberty,ESPNU,later,117.0,171.97916195166206,fox_friday_night
900,2023,10/10/23,Appalachian St.,Coastal Carolina,ESPN2,later,499.0,387.8378604291031,fox_friday_night
901,2023,10/11/23,FIU,UTEP,ESPN2,later,332.0,257.91668928585545,fox_friday_night
902,2023,10/12/23,Houston,West Virginia,FS1,later,729.0,510.99628367296816,fox_friday_night
903,2023,10/12/23,East Carolina,SMU,ESPN,later,467.0,540.7050141845975,fox_friday_night
904,2023,10/13/23,Memphis,Tulane,ESPN,later,1720.0,862.7373062226065,fox_friday_night
905,2023,10/13/23,Colorado,Stanford,ESPN,later,3290.0,1194.885603175299,fox_friday_night
906,2023,10/14/23,Florida St.,Syracuse,ABC,later,2090.0,2639.9067869049786,fox_friday_night
907,2023,10/14/23,Michigan,Indiana,FOX,later,3550.0,3075.4896896520777,fox_friday_night
908,2023,10/14/23,Alabama,Arkansas,ESPN,later,3430.0,2600.0684406867877,fox_friday_night
909,2023,10/14/23,Cincinnati,Iowa St.,FS1,later,534.0,445.1055987006222,fox_friday_night
910,2023,10/14/23,James Madison,Georgia Southern,ESPN2,later,169.0,233.70146205061434,fox_friday_night
911,2023,10/14/23,Rutgers,Michigan St.,BTN,later,503.0,496.72448716240626,fox_friday_night
912,2023,10/14/23,North Texas,Temple,ESPNU,later,37.0,82.16221501880062,fox_friday_night
913,2023,10/14/23,Vanderbilt,Georgia,CBS,later,2460.0,1857.4185728180591,fox_friday_night
914,2023,10/14/23,Maryland,Illinois,NBC,later,1140.0,918.5547913401878,fox_friday_night
915,2023,10/14/23,TCU,BYU,ESPN,later,1020.0,906.0188349482596,fox_friday_night
916,2023,10/14/23,South Florida,FAU,ESPN2,later,84.0,202.6751963045947,fox_friday_night
917,2023,10/14/23,Oklahoma St.,Kansas,FS1,later,796.0,582.7187041356649,fox_friday_night
918,2023,10/14/23,Tennessee,Texas A&M,CBS,later,4380.0,3861.0003808638176,fox_friday_night
919,2023,10/14/23,Washington,Oregon,ABC,later,7040.0,4994.576652870496,fox_friday_night
920,2023,10/14/23,Penn St.,Massachusetts,BTN,later,693.0,543.7901573955244,fox_friday_night
921,2023,10/14/23,Wisconsin,Iowa,FOX,later,2340.0,3008.868481033769,fox_friday_night
922,2023,10/14/23,Northern Illinois,Ohio,ESPNU,later,46.0,133.27589317633047,fox_friday_night
923,2023,10/14/23,Pittsburgh,Louisville,CW,later,569.0,872.707756332515,fox_friday_night
924,2023,10/14/23,Georgia St.,Marshall,ESPN2,later,129.0,440.462782926024,fox_friday_night
925,2023,10/14/23,LSU,Auburn,ESPN,later,2160.0,2602.5874556917356,fox_friday_night
926,2023,10/14/23,Texas Tech,Kansas St.,FS1,later,770.0,495.59240236099356,fox_friday_night
927,2023,10/14/23,Notre Dame,USC,NBC,later,6430.0,4828.896090507361,fox_friday_night
928,2023,10/14/23,North Carolina,Miami,ABC,later,3080.0,3080.9294786014716,fox_friday_night
929,2023,10/14/23,Oregon St.,UCLA,FOX,later,1430.0,2032.9694862035487,fox_friday_night
930,2023,10/14/23,UTSA,UAB,ESPNU,later,49.0,116.61217241174118,fox_friday_night
931,2023,10/14/23,Colorado St.,Boise St.,FS1,later,471.0,287.47026996288525,fox_friday_night
932,2023,10/17/23,Jacksonville St.,Western Kentucky,ESPNU,later,110.0,142.84313825760623,fox_friday_night
933,2023,10/17/23,South Alabama,Southern Miss,ESPN2,later,256.0,247.09458067595415,fox_friday_night
934,2023,10/18/23,UTEP,New Mexico St.,ESPN2,later,293.0,215.82532889049713,fox_friday_night
935,2023,10/19/23,Tulsa,Rice,ESPN2,later,179.0,345.9356604765978,fox_friday_night
936,2023,10/19/23,Marshall,James Madison,ESPN,later,603.0,863.4636292165367,fox_friday_night
937,2023,10/20/23,Temple,SMU,ESPN,later,548.0,637.7101700160638,fox_friday_night
938,2023,10/21/23,Arkansas,Mississippi St.,ESPN,later,1220.0,1036.6513938966432,fox_friday_night
939,2023,10/21/23,Ohio St.,Penn St.,FOX,later,9960.0,9597.693935955485,fox_friday_night
940,2023,10/21/23,Oklahoma,UCF,ABC,later,2170.0,2482.716533793107,fox_friday_night
941,2023,10/21/23,UAB,Memphis,ESPN2,later,97.0,263.392642834024,fox_friday_night
942,2023,10/21/23,Indiana,Rutgers,BTN,later,232.0,275.8250402660014,fox_friday_night
943,2023,10/21/23,Navy,Air Force,CBS,later,1210.0,1179.4340988464915,fox_friday_night
944,2023,10/21/23,Illinois,Wisconsin,FS1,later,684.0,579.7377171778999,fox_friday_night
945,2023,10/21/23,Oregon,Washington St.,ABC,later,2350.0,2481.1907626702496,fox_friday_night
946,2023,10/21/23,Tulane,North Texas,ESPN2,later,112.0,230.0900093706941,fox_friday_night
947,2023,10/21/23,Iowa,Minnesota,NBC,later,1680.0,1627.1970526577745,fox_friday_night
948,2023,10/21/23,Alabama,Tennessee,CBS,later,8010.0,6251.446406552607,fox_friday_night
949,2023,10/21/23,Nebraska,Northwestern,BTN,later,560.0,504.21179489486224,fox_friday_night
950,2023,10/21/23,West Virginia,Oklahoma St.,ESPN,later,1010.0,1211.9021598778127,fox_friday_night
951,2023,10/21/23,Houston,Texas,FOX,later,3080.0,2205.559864680444,fox_friday_night
952,2023,10/21/23,Miami Ohio,Toledo,ESPNU,later,46.0,100.07494961527138,fox_friday_night
953,2023,10/21/23,North Carolina,Virginia,CW,later,788.0,1092.915476985251,fox_friday_night
954,2023,10/21/23,Auburn,Mississippi,ESPN,later,1800.0,1728.0014648179558,fox_friday_night
955,2023,10/21/23,BYU,Texas Tech,FS1,later,545.0,461.4476916615908,fox_friday_night
956,2023,10/21/23,Old Dominion,Appalachian St.,NFLN,later,60.0,106.26115953410905,fox_friday_night
957,2023,10/21/23,Kansas St.,TCU,ESPN2,later,432.0,543.4364907535303,fox_friday_night
958,2023,10/21/23,Florida St.,Duke,ABC,later,4080.0,2952.8191957446697,fox_friday_night
959,2023,10/21/23,Michigan St.,Michigan,NBC,later,3730.0,4385.1120635437,fox_friday_night
960,2023,10/21/23,USC,Utah,FOX,later,3230.0,2608.6698119016173,fox_friday_night
961,2023,10/21/23,Louisiana,Georgia St.,ESPNU,later,25.0,116.75831612970865,fox_friday_night
962,2023,10/21/23,San Diego St.,Nevada,FS2,later,47.0,68.29733522404081,fox_friday_night
963,2023,10/21/23,Stanford,UCLA,ESPN,later,852.0,1265.3380812478003,fox_friday_night
964,2023,10/21/23,Washington,Arizona St.,FS1,later,1080.0,704.8904832180292,fox_friday_night
965,2023,10/24/23,Western Kentucky,Liberty,ESPNU,later,136.0,153.62697506804187,fox_friday_night
966,2023,10/25/23,Sam Houston,UTEP,ESPN2,later,332.0,251.51241799607214,fox_friday_night
967,2023,10/26/23,Georgia Southern,Georgia St.,ESPN2,later,242.0,358.1263037440366,fox_friday_night
968,2023,10/26/23,Virginia Tech,Syracuse,ESPN,later,782.0,1133.8188216226429,fox_friday_night
969,2023,10/27/23,Charlotte,FAU,ESPN2,later,329.0,427.8251466985617,fox_friday_night
970,2023,10/28/23,Wake Forest,Florida St.,ABC,later,2090.0,1885.8983744238699,fox_friday_night
971,2023,10/28/23,Kansas,Oklahoma,FOX,later,3600.0,2814.3666224266226,fox_friday_night
972,2023,10/28/23,Kansas St.,Houston,ESPN2,later,371.0,436.826561713307,fox_friday_night
973,2023,10/28/23,UCF,West Virginia,FS1,later,409.0,516.5999735928606,fox_friday_night
974,2023,10/28/23,Penn St.,Indiana,CBS,later,3400.0,2628.4798050385207,fox_friday_night
975,2023,10/28/23,Northwestern,Maryland,BTN,later,270.0,266.95298659973434,fox_friday_night
976,2023,10/28/23,Texas A&M,South Carolina,ESPN,later,1900.0,1406.3300543406954,fox_friday_night
977,2023,10/28/23,SMU,Tulsa,ESPNU,later,33.0,154.47381337562393,fox_friday_night
978,2023,10/28/23,North Carolina St.,Clemson,CW,later,642.0,1319.9220009957628,fox_friday_night
979,2023,10/28/23,Utah,Oregon,FOX,later,2810.0,3159.887267193859,fox_friday_night
980,2023,10/28/23,Nebraska,Purdue,FS1,later,1020.0,733.6858276546398,fox_friday_night
981,2023,10/28/23,Notre Dame,Pittsburgh,NBC,later,1890.0,1739.0128350505202,fox_friday_night
982,2023,10/28/23,Louisville,Duke,ESPN,later,928.0,1289.1613258765624,fox_friday_night
983,2023,10/28/23,Texas,BYU,ABC,later,2380.0,3006.1671684384464,fox_friday_night
984,2023,10/28/23,Florida,Georgia,CBS,later,5950.0,5440.291762403549,fox_friday_night
985,2023,10/28/23,Minnesota,Michigan St.,BTN,later,783.0,639.2054688128774,fox_friday_night
986,2023,10/28/23,Rice,Tulane,ESPN2,later,215.0,233.08099055577227,fox_friday_night
987,2023,10/28/23,Boise St.,Wyoming,FS2,later,169.0,286.4773043018423,fox_friday_night
988,2023,10/28/23,Coastal Carolina,Marshall,NFLN,later,60.0,101.44654143633456,fox_friday_night
989,2023,10/28/23,Stanford,Washington,FS1,later,700.0,719.6623541084896,fox_friday_night
990,2023,10/28/23,Kentucky,Tennessee,ESPN,later,2510.0,2569.9213151019626,fox_friday_night
991,2023,10/28/23,Wisconsin,Ohio St.,NBC,later,4870.0,5550.913440993194,fox_friday_night
992,2023,10/28/23,UCLA,Colorado,ABC,later,4660.0,1840.3823522590508,fox_friday_night
993,2023,10/28/23,James Madison,Old Dominion,ESPNU,later,59.0,144.08521796401422,fox_friday_night
994,2023,10/28/23,Oklahoma St.,Cincinnati,ESPN2,later,412.0,636.5736646976982,fox_friday_night
995,2023,10/28/23,Arizona,Oregon St.,ESPN,later,1400.0,1161.5767584974215,fox_friday_night
996,2023,10/28/23,Fresno St.,UNLV,FS1,later,260.0,250.20394500898834,fox_friday_night
997,2023,10/31/23,Central Michigan,Northern Illinois,ESPNU,later,124.0,170.16419259043104,fox_friday_night
998,2023,10/31/23,Toledo,Buffalo,ESPN2,later,324.0,305.64691961632377,fox_friday_night
999,2023,11/1/23,Bowling Green,Ball St.,ESPN2,later,341.0,272.95588829062433,fox_friday_night
1000,2023,11/1/23,Akron,Kent St.,ESPNU,later,61.0,106.17616391942136,fox_friday_night
1001,2023,11/2/23,Texas Tech,TCU,FS1,later,616.0,480.21929808378405,fox_friday_night
1002,2023,11/2/23,Duke,Wake Forest,ESPN,later,814.0,649.6910726212905,fox_friday_night
1003,2023,11/2/23,Troy,South Alabama,ESPN2,later,223.0,282.2908192194169,fox_friday_night
1004,2023,11/3/23,Syracuse,Boston College,ESPN2,later,1100.0,843.9229806332851,fox_friday_night
1005,2023,11/4/23,Texas,Kansas St.,FOX,later,2950.0,4964.875415406819,fox_friday_night
1006,2023,11/4/23,South Carolina,Jacksonville St.,ESPNU,later,79.0,167.32150741106835,fox_friday_night
1007,2023,11/4/23,Indiana,Wisconsin,BTN,later,491.0,368.35273760714756,fox_friday_night
1008,2023,11/4/23,Clemson,Notre Dame,ABC,later,3240.0,3170.802735637299,fox_friday_night
1009,2023,11/4/23,Michigan St.,Nebraska,FS1,later,900.0,780.5569138882015,fox_friday_night
1010,2023,11/4/23,Rutgers,Ohio St.,CBS,later,3960.0,2731.063821228839,fox_friday_night
1011,2023,11/4/23,Florida,Arkansas,ESPN2,later,1140.0,890.1280916938352,fox_friday_night
1012,2023,11/4/23,Mississippi,Texas A&M,ESPN,later,1830.0,1724.9809358662953,fox_friday_night
1013,2023,11/4/23,Virginia,Georgia Tech,CW,later,262.0,494.32798371642866,fox_friday_night
1014,2023,11/4/23,Georgia St.,James Madison,ESPN2,later,276.0,338.44762148043685,fox_friday_night
1015,2023,11/4/23,Oklahoma St.,Oklahoma,ABC,later,3760.0,4137.648304128834,fox_friday_night
1016,2023,11/4/23,Maryland,Penn St.,FOX,later,2390.0,3040.0854412110184,fox_friday_night
1017,2023,11/4/23,Pittsburgh,Florida St.,ESPN,later,1760.0,1446.9556095622856,fox_friday_night
1018,2023,11/4/23,Cincinnati,UCF,FS1,later,264.0,410.20042750182273,fox_friday_night
1019,2023,11/4/23,Minnesota,Illinois,BTN,later,499.0,421.3434274674172,fox_friday_night
1020,2023,11/4/23,East Carolina,Tulane,ESPNU,later,76.0,127.40418880002133,fox_friday_night
1021,2023,11/4/23,Georgia,Missouri,CBS,later,7000.0,4981.706794226011,fox_friday_night
1022,2023,11/4/23,Appalachian St.,Marshall,NFLN,later,78.0,133.93622720246555,fox_friday_night
1023,2023,11/4/23,San Diego St.,Utah St.,FS1,later,95.0,154.6114567480073,fox_friday_night
1024,2023,11/4/23,West Virginia,BYU,FOX,later,1260.0,1378.086415927019,fox_friday_night
1025,2023,11/4/23,Iowa St.,Kansas,ESPN,later,1270.0,986.7500992110839,fox_friday_night
1026,2023,11/4/23,USC,Washington,ABC,later,4450.0,3741.3827691544507,fox_friday_night
1027,2023,11/4/23,Rice,SMU,ESPNU,later,29.0,87.83262701271565,fox_friday_night
1028,2023,11/4/23,Michigan,Purdue,NBC,later,2600.0,2802.6606033254498,fox_friday_night
1029,2023,11/4/23,Alabama,LSU,CBS,later,8820.0,9304.900846951108,fox_friday_night
1030,2023,11/4/23,Colorado,Oregon St.,ESPN,later,2770.0,1219.2747496724837,fox_friday_night
1031,2023,11/4/23,Arizona,UCLA,FS1,later,522.0,596.7377752726973,fox_friday_night
1032,2023,11/7/23,Western Michigan,Central Michigan,ESPNU,later,139.0,155.74655009984957,fox_friday_night
1033,2023,11/7/23,Buffalo,Ohio,ESPN2,later,368.0,338.10373774077686,fox_friday_night
1034,2023,11/8/23,Miami Ohio,Akron,ESPNU,later,82.0,120.12305371859023,fox_friday_night
1035,2023,11/8/23,Toledo,Eastern Michigan,ESPN2,later,238.0,308.7936057852698,fox_friday_night
1036,2023,11/9/23,Louisville,Virginia,ESPN,later,1290.0,1079.037402661395,fox_friday_night
1037,2023,11/9/23,Louisiana,Southern Miss,ESPNU,later,83.0,108.49985213917402,fox_friday_night
1038,2023,11/10/23,SMU,North Texas,ESPN2,later,618.0,409.7077588333957,fox_friday_night
1039,2023,11/10/23,UNLV,Wyoming,FS1,later,214.0,370.8321741630461,fox_friday_night
1040,2023,11/11/23,Kansas,Texas Tech,FS1,later,780.0,420.38115270795726,fox_friday_night
1041,2023,11/11/23,Clemson,Georgia Tech,ABC,later,1620.0,1296.3541370190192,fox_friday_night
1042,2023,11/11/23,Illinois,Indiana,BTN,later,368.0,260.6982649362454,fox_friday_night
1043,2023,11/11/23,Penn St.,Michigan,FOX,later,9160.0,10024.354138799717,fox_friday_night
1044,2023,11/11/23,Tulane,Tulsa,ESPN2,later,169.0,249.08044473833633,fox_friday_night
1045,2023,11/11/23,Kentucky,Alabama,ESPN,later,2760.0,3704.116160761202,fox_friday_night
1046,2023,11/11/23,Wake Forest,North Carolina St.,CW,later,289.0,656.203307360529,fox_friday_night
1047,2023,11/11/23,Missouri,Tennessee,CBS,later,3620.0,3995.7156471112785,fox_friday_night
1048,2023,11/11/23,Washington,Utah,FOX,later,5170.0,3476.912309366414,fox_friday_night
1049,2023,11/11/23,UCF,Oklahoma St.,ESPN,later,1210.0,1132.4899516851738,fox_friday_night
1050,2023,11/11/23,Iowa,Rutgers,BTN,later,714.0,618.8161745431973,fox_friday_night
1051,2023,11/11/23,Florida St.,Miami,ABC,later,4140.0,3314.9318885057455,fox_friday_night
1052,2023,11/11/23,Wisconsin,Northwestern,FS1,later,612.0,528.1066334647155,fox_friday_night
1053,2023,11/11/23,Purdue,Minnesota,NBC,later,1170.0,1051.1706922690487,fox_friday_night
1054,2023,11/11/23,California,Washington St.,ESPN2,later,263.0,429.733559344128,fox_friday_night
1055,2023,11/11/23,Oklahoma,West Virginia,FOX,later,2390.0,2841.914830359092,fox_friday_night
1056,2023,11/11/23,Georgia,Mississippi,ESPN,later,4830.0,5099.013323336469,fox_friday_night
1057,2023,11/11/23,Marshall,Georgia Southern,NFLN,later,84.0,103.96719170881553,fox_friday_night
1058,2023,11/11/23,Houston,Cincinnati,FS1,later,176.0,270.7507109540442,fox_friday_night
1059,2023,11/11/23,TCU,Texas,ABC,later,2820.0,2897.0494920057977,fox_friday_night
1060,2023,11/11/23,Ohio St.,Michigan St.,NBC,later,3570.0,4221.952242257936,fox_friday_night
1061,2023,11/11/23,UTSA,Rice,ESPNU,later,22.0,80.9539720606569,fox_friday_night
1062,2023,11/11/23,Texas A&M,Mississippi St.,ESPN2,later,409.0,717.3853201321001,fox_friday_night
1063,2023,11/11/23,Boise St.,New Mexico,FS1,later,164.0,156.16848688215896,fox_friday_night
1064,2023,11/11/23,BYU,Iowa St.,ESPN,later,943.0,1145.0031821461764,fox_friday_night
1065,2023,11/11/23,Oregon,USC,FOX,later,3010.0,3536.5312308017037,fox_friday_night
1066,2023,11/14/23,Bowling Green,Toledo,ESPN2,later,403.0,312.948273630735,fox_friday_night
1067,2023,11/14/23,Northern Illinois,Western Michigan,ESPNU,later,47.0,177.46254975241442,fox_friday_night
1068,2023,11/15/23,Miami Ohio,Buffalo,ESPN2,later,385.0,326.6547739899365,fox_friday_night
1069,2023,11/15/23,Ohio,Central Michigan,ESPNU,later,90.0,162.21269779423585,fox_friday_night
1070,2023,11/16/23,Pittsburgh,Boston College,ESPN,later,1030.0,805.638076978428,fox_friday_night
1071,2023,11/17/23,UTSA,South Florida,ESPN2,later,429.0,394.8113746037113,fox_friday_night
1072,2023,11/17/23,Washington St.,Colorado,FS1,later,727.0,642.5447666947921,fox_friday_night
1073,2023,11/18/23,Maryland,Michigan,FOX,later,5430.0,5002.421700055705,fox_friday_night
1074,2023,11/18/23,BYU,Oklahoma,ESPN,later,2170.0,1836.660357005345,fox_friday_night
1075,2023,11/18/23,Miami,Louisville,ABC,later,2890.0,2651.099029080918,fox_friday_night
1076,2023,11/18/23,Penn St.,Rutgers,FS1,later,765.0,880.4810204921955,fox_friday_night
1077,2023,11/18/23,Memphis,SMU,ESPN2,later,276.0,322.54019411355375,fox_friday_night
1078,2023,11/18/23,Virginia,Duke,CW,later,307.0,509.91146089762293,fox_friday_night
1079,2023,11/18/23,Troy,Louisiana,NFLN,later,33.0,48.09123155584595,fox_friday_night
1080,2023,11/18/23,USC,UCLA,ABC,later,2650.0,1785.1546800825427,fox_friday_night
1081,2023,11/18/23,Tennessee,Georgia,CBS,later,5730.0,7403.676633531458,fox_friday_night
1082,2023,11/18/23,Notre Dame,Wake Forest,NBC,later,1480.0,1191.6116538796516,fox_friday_night
1083,2023,11/18/23,Iowa,Illinois,FS1,later,847.0,609.997404465129,fox_friday_night
1084,2023,11/18/23,Clemson,North Carolina,ESPN,later,1760.0,1334.7868209468998,fox_friday_night
1085,2023,11/18/23,Ohio St.,Minnesota,BTN,later,2020.0,1570.725410337573,fox_friday_night
1086,2023,11/18/23,Arizona St.,Oregon,FOX,later,1900.0,2275.594039285594,fox_friday_night
1087,2023,11/18/23,Houston,Oklahoma St.,ESPN2,later,704.0,434.14503140276497,fox_friday_night
1088,2023,11/18/23,Texas Tech,UCF,FS2,later,270.0,235.9130697566598,fox_friday_night
1089,2023,11/18/23,Florida St.,North Alabama,CW,later,1330.0,862.8034430738032,fox_friday_night
1090,2023,11/18/23,Kansas,Kansas St.,FS1,later,869.0,519.6727436254641,fox_friday_night
1091,2023,11/18/23,Arkansas,FIU,ESPNU,later,173.0,164.74397552977408,fox_friday_night
1092,2023,11/18/23,Oregon St.,Washington,ABC,later,4730.0,3912.8684712230997,fox_friday_night
1093,2023,11/18/23,Missouri,Florida,ESPN,later,2270.0,2017.2678840256,fox_friday_night
1094,2023,11/18/23,Wisconsin,Nebraska,NBC,later,2450.0,2056.995484305182,fox_friday_night
1095,2023,11/18/23,Iowa St.,Texas,FOX,later,2470.0,3947.9137300234825,fox_friday_night
1096,2023,11/18/23,LSU,Georgia St.,ESPN2,later,741.0,779.0263881212773,fox_friday_night
1097,2023,11/18/23,Fresno St.,New Mexico,FS1,later,255.0,144.5379911180142,fox_friday_night
1098,2023,11/21/23,Western Michigan,Bowling Green,ESPNU,later,116.0,146.82514811753822,fox_friday_night
1099,2023,11/21/23,Buffalo,Eastern Michigan,ESPN2,later,384.0,294.33144731139373,fox_friday_night
1100,2023,11/23/23,Mississippi St.,Mississippi,ESPN,later,2290.0,1850.8798233909465,fox_friday_night
1101,2023,11/24/23,Oklahoma,TCU,FOX,later,2220.0,3226.7639793897797,fox_friday_night
1102,2023,11/24/23,Nebraska,Iowa,CBS,later,4390.0,5310.627258601457,fox_friday_night
1103,2023,11/24/23,Boston College,Miami,ABC,later,1430.0,1743.249374006516,fox_friday_night
1104,2023,11/24/23,Central Michigan,Toledo,ESPNU,later,74.0,170.31982997515553,fox_friday_night
1105,2023,11/24/23,Temple,Memphis,ESPN,later,394.0,412.11066419726075,fox_friday_night
1106,2023,11/24/23,Tulane,UTSA,ABC,later,1720.0,1585.2532318450244,fox_friday_night
1107,2023,11/24/23,Arkansas,Missouri,CBS,later,4090.0,4144.289453083677,fox_friday_night
1108,2023,11/24/23,Boise St.,Air Force,FS1,later,409.0,453.5945932232332,fox_friday_night
1109,2023,11/24/23,Michigan St.,Penn St.,NBC,later,3380.0,4206.728619100249,fox_friday_night
1110,2023,11/24/23,Texas,Texas Tech,ABC,later,3770.0,4718.879588738763,fox_friday_night
1111,2023,11/24/23,Oregon,Oregon St.,FOX,later,4120.0,5614.839689320044,fox_friday_night
1112,2023,11/25/23,Purdue,Indiana,BTN,later,246.0,235.0305118801885,fox_friday_night
1113,2023,11/25/23,Louisville,Kentucky,ABC,later,1570.0,2095.466451334746,fox_friday_night
1114,2023,11/25/23,LSU,Texas A&M,ESPN,later,2000.0,2282.1746143351766,fox_friday_night
1115,2023,11/25/23,Southern Miss,Troy,ESPNU,later,31.0,74.80850916682407,fox_friday_night
1116,2023,11/25/23,UCF,Houston,FS1,later,185.0,207.28812363093897,fox_friday_night
1117,2023,11/25/23,SMU,Navy,ESPN2,later,76.0,224.357114677776,fox_friday_night
1118,2023,11/25/23,Syracuse,Wake Forest,CW,later,248.0,648.5863893670487,fox_friday_night
1119,2023,11/25/23,Arizona St.,Arizona,ESPN,later,740.0,1317.8112572139676,fox_friday_night
1120,2023,11/25/23,Auburn,Alabama,CBS,later,9090.0,8571.031876701238,fox_friday_night
1121,2023,11/25/23,Minnesota,Wisconsin,FS1,later,1230.0,961.1391810399406,fox_friday_night
1122,2023,11/25/23,Appalachian St.,Georgia Southern,ESPNU,later,53.0,130.9852238832537,fox_friday_night
1123,2023,11/25/23,Coastal Carolina,James Madison,ESPN2,later,139.0,261.1832219278113,fox_friday_night
1124,2023,11/25/23,Oklahoma St.,BYU,ABC,later,2390.0,1601.6974728914681,fox_friday_night
1125,2023,11/25/23,Washington,Washington St.,FOX,later,5850.0,3486.359553129728,fox_friday_night
1126,2023,11/25/23,Florida,Florida St.,ESPN,later,5070.0,3573.7666709804207,fox_friday_night
1127,2023,11/25/23,Baylor,West Virginia,FS1,later,691.0,603.8789119562491,fox_friday_night
1128,2023,11/25/23,Texas St.,South Alabama,NFLN,later,79.0,85.2638136485962,fox_friday_night
1129,2023,11/25/23,Georgia Tech,Georgia,ABC,later,5330.0,4127.449226446701,fox_friday_night
1130,2023,11/25/23,Cincinnati,Kansas,ESPN2,later,374.0,549.6711111513941,fox_friday_night
1131,2023,11/26/23,South Florida,Charlotte,ESPNU,later,17.0,171.9589134406251,fox_friday_night
1132,2023,11/25/23,Kansas St.,Iowa St.,FOX,later,3290.0,2064.3085291656557,fox_friday_night
1133,2023,11/25/23,UCLA,California,ESPN,later,1660.0,1250.8341807721258,fox_friday_night
1134,2023,11/25/23,San Diego St.,Fresno St.,FS1,later,198.0,222.8182988915426,fox_friday_night
1135,2023,12/1/23,Washington,Oregon,ABC,later,9250.0,10216.95838267032,fox_friday_night
1136,2023,12/2/23,Texas,Oklahoma St.,ABC,later,7890.0,8548.388767612767,fox_friday_night
1137,2023,12/2/23,Toledo,Miami Ohio,ESPN,later,1290.0,521.4711293142022,fox_friday_night
1138,2023,12/2/23,UNLV,Boise St.,FOX,later,1260.0,803.2412063280988,fox_friday_night
1139,2023,12/2/23,Alabama,Georgia,CBS,later,17520.0,16112.893501064224,fox_friday_night
1140,2023,12/2/23,Troy,Appalachian St.,ESPN,later,372.0,483.5506471367833,fox_friday_night
1141,2023,12/2/23,Tulane,SMU,ABC,later,1880.0,1742.7006628762347,fox_friday_night
1142,2023,12/2/23,Iowa,Michigan,FOX,later,10020.0,9443.73060966839,fox_friday_night
1143,2023,12/2/23,Florida St.,Louisville,ABC,later,7030.0,4566.481613792946,fox_friday_night
1144,2023,12/9/23,Army,Navy,CBS,later,7180.0,6187.7530570091985,fox_friday_night
361,2024,9/1/24,USC,LSU,ABC,Week1,8620.0,8124.357016006435,current
362,2024,8/31/24,Notre Dame,Texas A&M,ABC,Week1,7920.0,7460.388596335194,current
363,2024,8/31/24,Clemson,Georgia,ABC,Week1,7580.0,6644.9588322793625,current
364,2024,8/31/24,Miami,Florida,ABC,Week1,6350.0,4015.453283780915,current
365,2024,8/24/24,Florida St.,Georgia Tech,ESPN,Week0,4990.0,2933.2352518758016,current
366,2024,9/2/24,Boston College,Florida St.,ESPN,Week1,4440.0,4813.960434542834,current
367,2024,8/31/24,Penn St.,West Virginia,FOX,Week1,2990.0,4291.720348787081,current
368,2024,8/31/24,Akron,Ohio St.,CBS,Week1,2970.0,2500.295040509257,current
369,2024,8/31/24,Fresno St.,Michigan,NBC,Week1,2560.0,2347.017031349371,current
370,2024,8/31/24,Western Kentucky,Alabama,ESPN,Week1,1850.0,1686.702019614924,current
371,2024,8/31/24,Colorado St.,Texas,ESPN,Week1,1840.0,1972.7849753939206,current
372,2024,8/29/24,North Carolina,Minnesota,FOX,Week1,1830.0,2163.671278435826,current
373,2024,8/31/24,UTEP,Nebraska,FOX,Week1,1670.0,2043.223583668645,current
374,2024,8/30/24,Temple,Oklahoma,ESPN,Week1,1650.0,1621.099460996071,current
375,2024,8/30/24,TCU,Stanford,ESPN,Week1,1490.0,1203.5886550386015,current
376,2024,8/31/24,Virginia Tech,Vanderbilt,ESPN,Week1,1450.0,871.2150020862703,current
377,2024,8/31/24,UCLA,Hawaii,CBS,Week1,1130.0,950.1599071589358,current
378,2024,8/30/24,Western Michigan,Wisconsin,FS1,Week1,963.0,661.298721531535,current
379,2024,8/31/24,New Mexico,Arizona,ESPN,Week1,953.0,848.6809869740704,current
380,2024,8/30/24,FAU,Michigan St.,BTN,Week1,744.0,692.7359908826037,current
381,2024,8/31/24,Idaho,Oregon,BTN,Week1,425.0,457.1449438601116,current
382,2024,8/31/24,North Dakota,Iowa St.,FS1,Week1,315.0,349.3262720668035,current
383,2024,8/29/24,Howard,Rutgers,BTN,Week1,269.0,294.1981797510266,current
384,2024,8/31/24,Wyoming,Arizona St.,FS1,Week1,253.0,344.81674958162574,current
385,2024,8/31/24,UNLV,Houston,FS1,Week1,172.0,275.6541675402049,current
386,2024,8/31/24,Boise St.,Georgia Southern,ESPNU,Week1,158.0,136.5648427998839,current
387,2024,8/31/24,Connecticut,Maryland,FS1,Week1,133.0,231.92003272412228,current
388,2024,8/29/24,Eastern Illinois,Illinois,BTN,Week1,112.0,234.1430045608396,current
389,2024,8/31/24,Kent St.,Pittsburgh,ESPNU,Week1,82.0,156.4209174597487,current
390,2024,9/6/24,SMU,BYU,ESPN2,later,917.0,778.9534666474044,current
391,2024,9/7/24,Northwestern,Duke,FS1,later,514.0,285.1996186742166,current
392,2024,9/7/24,Michigan,Texas,FOX,later,9190.0,10298.9938748019,current
393,2024,9/7/24,Oklahoma St.,Arkansas,ABC,later,2800.0,2481.008931958145,current
394,2024,9/7/24,Tulane,Kansas St.,ESPN,later,790.0,776.7988590297916,current
395,2024,9/7/24,Memphis,Troy,ESPNU,later,20.0,73.01134823466623,current
396,2024,9/7/24,Cincinnati,Pittsburgh,ESPN2,later,304.0,518.6549099257519,current
397,2024,9/7/24,Notre Dame,Northern Illinois,ABC,later,3930.0,2986.627002933376,current
398,2024,9/7/24,Utah,Baylor,FOX,later,2080.0,1675.6049603375557,current
399,2024,9/7/24,Wisconsin,South Dakota,FS1,later,537.0,468.6584989514574,current
400,2024,9/7/24,Kentucky,South Carolina,ABC,later,2730.0,2335.748513449866,current
401,2024,9/7/24,Auburn,California,ESPN2,later,1120.0,806.9178699410609,current
402,2024,9/7/24,Iowa,Iowa St.,CBS,later,2280.0,2626.5845989140553,current
403,2024,9/7/24,Texas St.,UTSA,ESPNU,later,24.0,71.70712728044356,current
404,2024,9/7/24,Virginia Tech,Marshall,CW,later,407.0,554.922156367875,current
405,2024,9/7/24,Wake Forest,Virginia,ESPN2,later,358.0,392.3651198281128,current
406,2024,9/7/24,Alabama,South Florida,ESPN,later,2580.0,1920.1698145184268,current
407,2024,9/7/24,Illinois,Kansas,FS1,later,841.0,582.1746622132946,current
408,2024,9/7/24,Ohio St.,Western Michigan,BTN,later,1720.0,1201.5441181254057,current
409,2024,9/7/24,North Carolina St.,Tennessee,ABC,later,2960.0,3783.0437270853,current
410,2024,9/7/24,Vanderbilt,Alcorn State,ESPNU,later,17.0,111.75249983957937,current
411,2024,9/7/24,Nebraska,Colorado,NBC,later,5670.0,5558.594011243518,current
412,2024,9/7/24,New Mexico St.,Liberty,ESPN2,later,160.0,258.69405495515343,current
413,2024,9/7/24,Arizona St.,Mississippi St.,ESPN,later,954.0,1302.398054499312,current
414,2024,9/7/24,USC,Utah St.,BTN,later,589.0,630.9565373793826,current
415,2024,9/12/24,Texas St.,Arizona St.,ESPN,later,993.0,828.2692662970421,current
416,2024,9/13/24,Kansas,UNLV,ESPN,later,1320.0,1313.352661849041,current
417,2024,9/13/24,Kansas St.,Arizona,FOX,later,2580.0,3886.3610170753645,current
418,2024,9/14/24,South Carolina,LSU,ABC,later,4940.0,3882.348656814092,current
419,2024,9/14/24,Miami Ohio,Cincinnati,ESPNU,later,51.0,156.35525720117175,current
420,2024,9/14/24,Michigan,Arkansas St.,BTN,later,979.0,608.4474619823009,current
421,2024,9/14/24,Texas Tech,North Texas,FS1,later,138.0,285.1962479015932,current
422,2024,9/14/24,Florida St.,Memphis,ESPN,later,1590.0,1158.5081925506727,current
423,2024,9/14/24,Wisconsin,Alabama,FOX,later,5030.0,6165.309295855551,current
424,2024,9/14/24,Tulsa,Oklahoma St.,ESPN2,later,308.0,525.95146436206,current
425,2024,9/14/24,Pittsburgh,West Virginia,ESPN2,later,1150.0,1039.0723513912644,current
426,2024,9/14/24,Purdue,Notre Dame,CBS,later,2280.0,3580.7960098765857,current
427,2024,9/14/24,Oklahoma,Tulane,ESPN,later,1390.0,1302.5950912606452,current
428,2024,9/14/24,Florida,Texas A&M,ABC,later,4800.0,4179.931729188712,current
429,2024,9/14/24,Oregon St.,Oregon,FOX,later,2820.0,3004.5078454944473,current
430,2024,9/14/24,East Carolina,Appalachian St.,ESPNU,later,81.0,157.08329944943898,current
431,2024,9/14/24,Iowa,Troy,FS1,later,446.0,374.86449150454513,current
432,2024,9/14/24,Wake Forest,Mississippi,CW,later,419.0,855.8009270654404,current
433,2024,9/14/24,Texas,UTSA,ESPN,later,1480.0,1540.0908073452122,current
434,2024,9/14/24,Mississippi St.,Toledo,ESPNU,later,69.0,132.86941716637568,current
435,2024,9/14/24,Auburn,New Mexico,ESPN2,later,662.0,457.3746017791219,current
436,2024,9/14/24,Baylor,Air Force,FS1,later,128.0,290.67630386491743,current
437,2024,9/14/24,UCLA,Indiana,NBC,later,1290.0,1080.78232918105,current
438,2024,9/14/24,Kentucky,Georgia,ABC,later,6600.0,4228.150420649289,current
439,2024,9/14/24,Colorado St.,Colorado,CBS,later,3250.0,3542.9352984917614,current
440,2024,9/14/24,TCU,UCF,FOX,later,1030.0,1508.6087221320597,current
441,2024,9/14/24,California,San Diego St.,ESPN,later,938.0,825.7223140040151,current
442,2024,9/19/24,Appalachian St.,South Alabama,ESPN,later,629.0,860.5203576776098,current
443,2024,9/20/24,Syracuse,Stanford,ESPN,later,1370.0,1277.326426566522,current
444,2024,9/20/24,Nebraska,Illinois,FOX,later,4210.0,4539.934730288492,current
445,2024,9/20/24,Washington St.,San Jose St.,CW,later,542.0,808.0291805068877,current
446,2024,9/21/24,Ohio St.,Marshall,FOX,later,3960.0,2939.4253126940657,current
447,2024,9/21/24,West Virginia,Kansas,ESPN2,later,1150.0,825.5731881229624,current
448,2024,9/21/24,Louisiana,Tulane,ESPNU,later,86.0,93.89067731310153,current
449,2024,9/21/24,Mississippi St.,Florida,ESPN,later,2640.0,2379.8483196384514,current
450,2024,9/21/24,Cincinnati,Houston,FS1,later,195.0,371.64835369430216,current
451,2024,9/21/24,Clemson,North Carolina St.,ABC,later,1950.0,2444.6641542321486,current
452,2024,9/21/24,Notre Dame,Miami Ohio,NBC,later,1690.0,1791.7106946861732,current
453,2024,9/21/24,Auburn,Arkansas,ESPN,later,2020.0,1649.6686586408684,current
454,2024,9/21/24,Louisville,Georgia Tech,ESPN2,later,782.0,461.2281484691269,current
455,2024,9/21/24,Michigan,USC,CBS,later,6320.0,4160.607616804239,current
456,2024,9/21/24,Texas Tech,Arizona St.,FS1,later,410.0,508.36117188747465,current
457,2024,9/21/24,Penn St.,Kent St.,BTN,later,434.0,700.4948190927721,current
458,2024,9/21/24,LSU,UCLA,ABC,later,2730.0,3010.90553911638,current
459,2024,9/21/24,Oklahoma St.,Utah,FOX,later,2140.0,2579.393760131077,current
460,2024,9/21/24,Middle Tennessee St.,Duke,ESPNU,later,53.0,91.66545374767989,current
461,2024,9/21/24,SMU,TCU,CW,later,322.0,382.0838842542832,current
462,2024,9/21/24,Florida St.,California,ESPN2,later,887.0,749.7436429325384,current
463,2024,9/21/24,South Florida,Miami,ESPN,later,1250.0,878.4612128434021,current
464,2024,9/21/24,Washington,Northwestern,FS1,later,378.0,508.8265681583709,current
465,2024,9/21/24,Minnesota,Iowa,NBC,later,1890.0,1562.3034880151229,current
466,2024,9/21/24,Oklahoma,Tennessee,ABC,later,6270.0,5923.315610167685,current
467,2024,9/21/24,South Carolina,Akron,ESPNU,later,89.0,182.280949803718,current
468,2024,9/21/24,Colorado,Baylor,FOX,later,3640.0,3568.6751491840637,current
469,2024,9/21/24,Oregon St.,Purdue,CW,later,452.0,734.2146744060612,current
470,2024,9/21/24,Boise St.,Portland State,FS1,later,248.0,257.0327147581203,current
471,2024,9/21/24,BYU,Kansas St.,ESPN,later,1500.0,1738.393115060289,current
472,2024,9/26/24,Temple,Army,ESPN,later,684.0,798.5192855838304,current
473,2024,9/27/24,Miami,Virginia Tech,ESPN,later,3260.0,3024.174732689754,current
474,2024,9/27/24,Rutgers,Washington,FOX,later,1930.0,2408.604841470347,current
475,2024,9/28/24,Kansas St.,Oklahoma St.,ESPN,later,1880.0,2343.074602484564,current
476,2024,9/28/24,Indiana,Maryland,BTN,later,547.0,386.7098151475313,current
477,2024,9/28/24,Tulane,South Florida,ESPNU,later,41.0,94.42478102745142,current
478,2024,9/28/24,Baylor,BYU,FS1,later,428.0,565.2695793635487,current
479,2024,9/28/24,UAB,Navy,ESPN2,later,185.0,312.5611893005033,current
480,2024,9/28/24,Mississippi,Kentucky,ABC,later,3990.0,3155.6927300062553,current
481,2024,9/28/24,North Carolina St.,Northern Illinois,CW,later,427.0,393.2566914388483,current
482,2024,9/28/24,Michigan,Minnesota,FOX,later,3600.0,4026.440073649686,current
483,2024,9/28/24,UCF,Colorado,FOX,later,4170.0,4456.293399965388,current
484,2024,9/28/24,Auburn,Oklahoma,ABC,later,5040.0,4278.582372948937,current
485,2024,9/28/24,Georgia St.,Georgia Southern,ESPNU,later,29.0,77.94360646994355,current
486,2024,9/28/24,Texas A&M,Arkansas,ESPN,later,1800.0,2275.775803391093,current
487,2024,9/28/24,UNLV,Fresno St.,FS1,later,174.0,283.4746553100628,current
488,2024,9/28/24,Duke,North Carolina,ESPN2,later,521.0,590.7621487039485,current
489,2024,9/28/24,Houston,Iowa St.,FS1,later,372.0,438.62980609538215,current
490,2024,9/28/24,Clemson,Stanford,ESPN,later,1000.0,1240.0580288564083,current
491,2024,9/28/24,Memphis,Middle Tennessee St.,ESPNU,later,39.0,75.6346999117984,current
492,2024,9/28/24,Alabama,Georgia,ABC,later,11990.0,11376.728607484054,current
493,2024,9/28/24,Penn St.,Illinois,NBC,later,3090.0,2590.0042010069456,current
494,2024,9/28/24,Texas Tech,Cincinnati,ESPN2,later,417.0,503.39088183618765,current
495,2024,9/28/24,Boise St.,Washington St.,FS1,later,535.0,519.2109404570967,current
496,2024,9/28/24,Utah,Arizona,ESPN,later,907.0,1412.5978668230082,current
497,2024,9/28/24,UCLA,Oregon,FOX,later,1500.0,2518.297853902309,current
498,2024,10/3/24,Troy,Texas St.,ESPN2,later,343.0,267.52122514111227,current
499,2024,10/4/24,TCU,Houston,ESPN,later,1510.0,956.6820942553229,current
500,2024,10/4/24,UNLV,Syracuse,FS1,later,698.0,542.5292521526924,current
501,2024,10/4/24,Oregon,Michigan St.,FOX,later,2840.0,4321.005521826997,current
502,2024,10/5/24,Texas A&M,Missouri,ABC,later,3270.0,3962.38963423103,current
503,2024,10/5/24,Tulsa,Army,ESPNU,later,72.0,184.37649519700872,current
504,2024,10/5/24,Air Force,Navy,CBS,later,1280.0,1216.3985189805776,current
505,2024,10/5/24,North Carolina St.,Wake Forest,CW,later,446.0,386.8394391135871,current
506,2024,10/5/24,North Carolina,Pittsburgh,ESPN2,later,645.0,681.2124819065446,current
507,2024,10/5/24,Louisville,SMU,ESPN,later,1410.0,795.7106787936641,current
508,2024,10/5/24,Penn St.,UCLA,FOX,later,2750.0,3490.1714405423013,current
509,2024,10/5/24,Wisconsin,Purdue,BTN,later,588.0,688.9773291571822,current
510,2024,10/5/24,Charlotte,East Carolina,ESPNU,later,28.0,40.01885401823438,current
511,2024,10/5/24,Ohio St.,Iowa,CBS,later,4460.0,5377.773742285617,current
512,2024,10/5/24,Northwestern,Indiana,BTN,later,439.0,513.1209758798851,current
513,2024,10/5/24,South Carolina,Mississippi,ESPN,later,1230.0,2047.4062367794877,current
514,2024,10/5/24,Georgia,Auburn,ABC,later,4930.0,5036.1839311139465,current
515,2024,10/5/24,Nebraska,Rutgers,FS1,later,1030.0,901.1231954975824,current
516,2024,10/5/24,Oklahoma St.,West Virginia,ESPN2,later,634.0,807.4261817720229,current
517,2024,10/5/24,Oregon St.,Colorado St.,CW,later,568.0,453.65426725126486,current
518,2024,10/5/24,Florida St.,Clemson,ESPN,later,1410.0,2134.142479211794,current
519,2024,10/5/24,Boise St.,Utah St.,FS2,later,239.0,252.66355177126752,current
520,2024,10/5/24,Louisiana Monroe,James Madison,ESPNU,later,42.0,71.74879085379021,current
521,2024,10/5/24,Iowa St.,Baylor,FOX,later,1200.0,1667.4011670071895,current
522,2024,10/5/24,Minnesota,USC,BTN,later,701.0,743.2899084096318,current
523,2024,10/5/24,Arkansas,Tennessee,ABC,later,5290.0,4759.686696322044,current
524,2024,10/5/24,Washington,Michigan,NBC,later,4040.0,3654.3582894869364,current
525,2024,10/5/24,Arizona St.,Kansas,ESPN2,later,525.0,463.99839048321985,current
526,2024,10/5/24,California,Miami,ESPN,later,1920.0,2019.6153324463996,current
527,2024,10/5/24,Arizona,Texas Tech,FOX,later,943.0,1810.3909207952229,current
528,2024,10/9/24,Jacksonville St.,New Mexico St.,ESPN2,later,310.0,315.75564992126937,current
529,2024,10/10/24,James Madison,Coastal Carolina,ESPN2,later,390.0,328.7781016898179,current
530,2024,10/10/24,Western Kentucky,UTEP,ESPNU,later,81.0,93.17378427592908,current
531,2024,10/11/24,Maryland,Northwestern,FS1,later,712.0,555.6626887117628,current
532,2024,10/11/24,Arizona St.,Utah,ESPN,later,1290.0,1352.9920424656466,current
533,2024,10/12/24,Rutgers,Wisconsin,BTN,later,620.0,571.5642936537217,current
534,2024,10/12/24,Iowa,Washington,FOX,later,2370.0,2363.547954195357,current
535,2024,10/12/24,Alabama,South Carolina,ABC,later,6000.0,5930.411857129882,current
536,2024,10/12/24,Buffalo,Toledo,ESPNU,later,40.0,75.14978383151941,current
537,2024,10/12/24,Massachusetts,Missouri,ESPN2,later,276.0,341.6469121672326,current
538,2024,10/12/24,Wake Forest,Clemson,ESPN,later,1300.0,1329.417226820246,current
539,2024,10/12/24,North Carolina,Georgia Tech,CW,later,541.0,437.5718291024987,current
540,2024,10/12/24,Illinois,Purdue,FS1,later,440.0,547.669440627486,current
541,2024,10/12/24,UCF,Cincinnati,ESPN2,later,280.0,473.5900737351939,current
542,2024,10/12/24,Pittsburgh,California,ESPN,later,741.0,1055.7219586179838,current
543,2024,10/12/24,USC,Penn St.,CBS,later,4280.0,3772.307248520729,current
544,2024,10/12/24,Oklahoma,Texas,ABC,later,7630.0,6289.521308225758,current
545,2024,10/12/24,Notre Dame,Stanford,NBC,later,1870.0,1764.8113050562663,current
546,2024,10/12/24,Central Michigan,Ohio,ESPNU,later,24.0,70.42170184076764,current
547,2024,10/12/24,BYU,Arizona,FOX,later,1310.0,1711.8999624432718,current
548,2024,10/12/24,FAU,North Texas,ESPN2,later,82.0,155.97606881470637,current
549,2024,10/12/24,Fresno St.,Washington St.,FS1,later,246.0,293.10585272021706,current
550,2024,10/12/24,Tennessee,Florida,ESPN,later,3250.0,3143.1433143829145,current
551,2024,10/12/24,LSU,Mississippi,ABC,later,4240.0,4839.496019626691,current
552,2024,10/12/24,Oregon,Ohio St.,NBC,later,9600.0,5489.879865542436,current
553,2024,10/12/24,West Virginia,Iowa St.,FOX,later,1220.0,2195.590780227492,current
554,2024,10/12/24,Georgia Southern,Marshall,ESPNU,later,15.0,79.50282685871628,current
555,2024,10/12/24,UCLA,Minnesota,BTN,later,312.0,354.9827308036265,current
556,2024,10/12/24,Colorado,Kansas St.,ESPN,later,3260.0,4749.318516311642,current
557,2024,10/15/24,South Alabama,Troy,ESPN2,later,352.0,222.7714537155785,current
558,2024,10/15/24,New Mexico St.,Louisiana Tech,ESPNU,later,64.0,71.96915654284754,current
559,2024,10/16/24,Sam Houston,Western Kentucky,ESPN2,later,403.0,306.4633505816679,current
560,2024,10/17/24,Marshall,Georgia St.,ESPN2,later,209.0,329.65781912743347,current
561,2024,10/17/24,Virginia Tech,Boston College,ESPN,later,712.0,1081.3923205141803,current
562,2024,10/18/24,Duke,Florida St.,ESPN,later,1260.0,1275.623824219949,current
563,2024,10/18/24,Purdue,Oregon,FOX,later,2150.0,3979.875936011291,current
564,2024,10/18/24,BYU,Oklahoma St.,ESPN,later,1660.0,1700.366640533326,current
565,2024,10/19/24,Missouri,Auburn,ESPN,later,2450.0,1622.7262750958657,current
566,2024,10/19/24,Indiana,Nebraska,FOX,later,3180.0,3346.1258352912337,current
567,2024,10/19/24,Louisville,Miami,ABC,later,4070.0,2766.0906477169856,current
568,2024,10/19/24,Rutgers,UCLA,FS1,later,426.0,390.97220957396195,current
569,2024,10/19/24,Coastal Carolina,Louisiana,ESPNU,later,54.0,81.971448673988,current
570,2024,10/19/24,Northwestern,Wisconsin,BTN,later,502.0,525.2949021653551,current
571,2024,10/19/24,Army,East Carolina,ESPN2,later,323.0,617.1387025460194,current
572,2024,10/19/24,Illinois,Michigan,CBS,later,3010.0,3191.2350809787376,current
573,2024,10/19/24,Tennessee,Alabama,ABC,later,10230.0,8606.1809406381,current
574,2024,10/19/24,Georgia Tech,Notre Dame,ESPN,later,1590.0,1567.7968564108253,current
575,2024,10/19/24,Washington St.,Hawaii,CW,later,258.0,291.70405904578445,current
576,2024,10/19/24,Texas Tech,Baylor,ESPN2,later,316.0,464.20156862389626,current
577,2024,10/19/24,Maryland,USC,FS1,later,516.0,441.43504683792787,current
578,2024,10/19/24,Arizona,Colorado,FOX,later,2020.0,3147.851422473149,current
579,2024,10/19/24,Arkansas,LSU,ESPN,later,1360.0,2835.3471894676977,current
580,2024,10/19/24,Iowa St.,UCF,FS1,later,526.0,695.8359950619938,current
581,2024,10/19/24,Memphis,North Texas,ESPNU,later,30.0,90.57035188924216,current
582,2024,10/19/24,Michigan St.,Iowa,NBC,later,1570.0,2029.9174508779588,current
583,2024,10/19/24,West Virginia,Kansas St.,FOX,later,1140.0,2045.9350903022203,current
584,2024,10/19/24,Texas,Georgia,ABC,later,13190.0,8771.116195069979,current
585,2024,10/19/24,Oregon St.,UNLV,CW,later,507.0,595.1757403014046,current
586,2024,10/19/24,Utah,TCU,ESPN,later,912.0,1030.2100911868702,current
587,2024,10/22/24,FIU,Sam Houston,ESPNU,later,132.0,97.14957787710668,current
588,2024,10/23/24,Jacksonville St.,Middle Tennessee St.,ESPN2,later,434.0,264.28210528121826,current
589,2024,10/24/24,Old Dominion,Georgia Southern,ESPN2,later,214.0,283.26770544293356,current
590,2024,10/24/24,Pittsburgh,Syracuse,ESPN,later,948.0,1620.2017699611313,current
591,2024,10/25/24,Boston College,Louisville,ESPN2,later,879.0,869.4222017795307,current
592,2024,10/25/24,USC,Rutgers,FOX,later,2010.0,1950.2346356780067,current
593,2024,10/26/24,Navy,Notre Dame,ABC,later,2790.0,3545.7919998515927,current
594,2024,10/26/24,Memphis,Charlotte,ESPNU,later,41.0,41.24811547166814,current
595,2024,10/26/24,Indiana,Washington,BTN,later,1070.0,562.2940059134498,current
596,2024,10/26/24,North Texas,Tulane,ESPN2,later,130.0,187.0544782353769,current
597,2024,10/26/24,Ohio St.,Nebraska,FOX,later,5960.0,6881.31601426757,current
598,2024,10/26/24,Mississippi,Oklahoma,ESPN,later,2600.0,1998.1506114337578,current
599,2024,10/26/24,Virginia,North Carolina,CW,later,398.0,470.0923476070566,current
600,2024,10/26/24,Minnesota,Maryland,FS1,later,340.0,510.1593737236563,current
601,2024,10/26/24,Alabama,Missouri,ABC,later,5540.0,5301.372779201529,current
602,2024,10/26/24,Iowa,Northwestern,BTN,later,609.0,530.0065550214556,current
603,2024,10/26/24,Oregon,Illinois,CBS,later,2750.0,3925.6880919890264,current
604,2024,10/26/24,UCF,BYU,ESPN,later,1240.0,1248.2820231822755,current
605,2024,10/26/24,TCU,Texas Tech,FOX,later,2360.0,1723.9410661037539,current
606,2024,10/26/24,California,Oregon St.,ESPN2,later,183.0,461.9691932272816,current
607,2024,10/26/24,Arizona,West Virginia,FS1,later,347.0,517.072267547734,current
608,2024,10/26/24,Miami,Florida St.,ESPN,later,1530.0,2054.370954945101,current
609,2024,10/26/24,Wisconsin,Penn St.,NBC,later,3340.0,4016.3030467401245,current
610,2024,10/26/24,Texas A&M,LSU,ABC,later,5060.0,6510.763242509347,current
611,2024,10/26/24,Michigan,Michigan St.,BTN,later,1730.0,1208.4968680650782,current
612,2024,10/26/24,Kansas St.,Kansas,ESPN2,later,708.0,626.6144950319508,current
613,2024,10/26/24,Colorado,Cincinnati,ESPN,later,2340.0,2918.757883391019,current
614,2024,10/29/24,Texas St.,Louisiana,ESPN2,later,227.0,313.11404284521393,current
615,2024,10/29/24,Sam Houston,Louisiana Tech,ESPNU,later,33.0,97.88614441633075,current
616,2024,10/30/24,Western Kentucky,Kennesaw St.,ESPN2,later,182.0,299.44606833825276,current
617,2024,10/31/24,Charlotte,Tulane,ESPN,later,492.0,241.1667641302938,current
618,2024,11/1/24,FAU,South Florida,ESPN2,later,562.0,388.32950309251976,current
619,2024,11/1/24,Boise St.,San Diego St.,FS1,later,656.0,733.5474809920318,current
620,2024,11/2/24,Illinois,Minnesota,FS1,later,551.0,551.3409999601338,current
621,2024,11/2/24,Penn St.,Ohio St.,FOX,later,9770.0,10641.332947218103,current
622,2024,11/2/24,UTSA,Memphis,ESPN2,later,147.0,166.38317607875672,current
623,2024,11/2/24,Miami,Duke,ABC,later,1960.0,1958.0597443527795,current
624,2024,11/2/24,Eastern Michigan,Toledo,ESPNU,later,27.0,55.02644831691822,current
625,2024,11/2/24,Arkansas,Mississippi,ESPN,later,1180.0,1708.193724667559,current
626,2024,11/2/24,Houston,Kansas St.,FOX,later,1510.0,1513.003365508584,current
627,2024,11/2/24,Nebraska,UCLA,BTN,later,882.0,738.0319977722488,current
628,2024,11/2/24,Georgia,Florida,ABC,later,6970.0,6765.313894016641,current
629,2024,11/2/24,Iowa St.,Texas Tech,ESPN,later,1240.0,1614.2271975567019,current
630,2024,11/2/24,UCF,Arizona,FS1,later,213.0,450.86877647725623,current
631,2024,11/2/24,Rice,Navy,ESPN2,later,218.0,209.45186768003006,current
632,2024,11/2/24,South Alabama,Georgia Southern,ESPNU,later,18.0,89.63779183080041,current
633,2024,11/2/24,Washington,USC,BTN,later,727.0,659.4352909171056,current
634,2024,11/2/24,Clemson,Louisville,ESPN,later,1430.0,1669.408595170257,current
635,2024,11/2/24,South Carolina,Texas A&M,ABC,later,5560.0,4828.203504542909,current
636,2024,11/2/24,Iowa,Wisconsin,NBC,later,2730.0,2286.414105919463,current
637,2024,11/2/24,Baylor,TCU,ESPN2,later,483.0,592.296915315206,current
638,2024,11/5/24,Central Michigan,Bowling Green,ESPN2,later,286.0,425.29508348229336,current
639,2024,11/5/24,Ball St.,Miami Ohio,ESPN,later,378.0,530.0326337957172,current
640,2024,11/6/24,Kent St.,Ohio,ESPNU,later,49.0,99.69450649892266,current
641,2024,11/6/24,Western Michigan,Northern Illinois,ESPN2,later,442.0,376.13608215975125,current
642,2024,11/7/24,East Carolina,FAU,ESPN2,later,196.0,354.55453929765054,current
643,2024,11/7/24,Coastal Carolina,Appalachian St.,ESPN,later,412.0,592.9354676821956,current
644,2024,11/8/24,Memphis,Rice,ESPN2,later,407.0,276.86889031883163,current
645,2024,11/8/24,UCLA,Iowa,FOX,later,1890.0,2255.1425039576316,current
646,2024,11/9/24,Texas,Florida,ABC,later,3700.0,5912.350970729111,current
647,2024,11/9/24,Georgia Tech,Miami,ESPN,later,3460.0,1728.0115172717562,current
648,2024,11/9/24,South Florida,Navy,ESPN2,later,247.0,247.92527873283035,current
649,2024,11/9/24,Louisiana Monroe,Texas St.,ESPNU,later,27.0,65.06727726205811,current
650,2024,11/9/24,Rutgers,Minnesota,NBC,later,1200.0,995.0476392893106,current
651,2024,11/9/24,Ohio St.,Purdue,FOX,later,3480.0,3646.6457555613506,current
652,2024,11/9/24,Indiana,Michigan,CBS,later,4390.0,4132.095629428299,current
653,2024,11/9/24,Virginia Tech,Clemson,ESPN,later,1440.0,1469.7343506004381,current
654,2024,11/9/24,Mississippi,Georgia,ABC,later,7080.0,5729.313969815116,current
655,2024,11/9/24,North Texas,Army,ESPN2,later,322.0,417.9073439507534,current
656,2024,11/9/24,Tulane,Temple,ESPNU,later,22.0,50.713017081914266,current
657,2024,11/9/24,Texas Tech,Colorado,FOX,later,3680.0,4609.150592476438,current
658,2024,11/9/24,Arizona St.,UCF,ESPN2,later,378.0,416.01145553137377,current
659,2024,11/9/24,TCU,Oklahoma St.,FS1,later,355.0,403.1259689629537,current
660,2024,11/9/24,Oregon,Maryland,BTN,later,817.0,730.1060386780975,current
661,2024,11/9/24,Tennessee,Mississippi St.,ESPN,later,1600.0,2158.5565414770913,current
662,2024,11/9/24,LSU,Alabama,ABC,later,7900.0,8085.932144710162,current
663,2024,11/9/24,Notre Dame,Florida St.,NBC,later,2190.0,3091.947818235156,current
664,2024,11/9/24,Boise St.,Nevada,FOX,later,1530.0,851.8647891163943,current
665,2024,11/9/24,Utah,BYU,ESPN,later,2070.0,1982.4905501362819,current
666,2024,11/9/24,Washington St.,Utah St.,CW,later,371.0,545.1213816203951,current
667,2024,11/12/24,Toledo,Central Michigan,ESPNU,later,56.0,87.52043303798413,current
668,2024,11/12/24,Bowling Green,Western Michigan,ESPN2,later,269.0,472.63410414762654,current
669,2024,11/13/24,Ohio,Eastern Michigan,ESPN2,later,381.0,332.54455325149615,current
670,2024,11/13/24,Miami Ohio,Kent St.,ESPNU,later,70.0,122.15164525662172,current
671,2024,11/14/24,Tulsa,East Carolina,ESPN,later,563.0,604.053822144489,current
672,2024,11/15/24,UTSA,North Texas,ESPN2,later,313.0,281.2990761864578,current
673,2024,11/15/24,Washington,UCLA,FOX,later,1260.0,1957.196651492754,current
674,2024,11/16/24,Pittsburgh,Clemson,ESPN,later,1850.0,1709.2793823013958,current
675,2024,11/16/24,Northwestern,Ohio St.,BTN,later,1890.0,1315.1408743963154,current
676,2024,11/16/24,Arkansas,Texas,ABC,later,4560.0,4489.531569123121,current
677,2024,11/16/24,Navy,Tulane,ESPN2,later,269.0,325.5283911603609,current
678,2024,11/16/24,Colorado,Utah,FOX,later,4000.0,3917.838006343014,current
679,2024,11/16/24,California,Syracuse,CW,later,298.0,467.40675813722464,current
680,2024,11/16/24,SMU,Boston College,ESPN,later,957.0,572.0272909594644,current
681,2024,11/16/24,Notre Dame,Virginia,NBC,later,1960.0,2413.997809393542,current
682,2024,11/16/24,Purdue,Penn St.,CBS,later,1800.0,2804.038787546038,current
683,2024,11/16/24,Florida,LSU,ABC,later,6020.0,4793.06420513758,current
684,2024,11/16/24,West Virginia,Baylor,ESPN2,later,513.0,612.9500356184876,current
685,2024,11/16/24,Old Dominion,James Madison,ESPNU,later,45.0,61.3397301964754,current
686,2024,11/16/24,USC,Nebraska,FOX,later,2980.0,2592.7425988472505,current
687,2024,11/16/24,Maryland,Rutgers,FS1,later,304.0,364.8648878534102,current
688,2024,11/16/24,Kansas St.,Arizona St.,ESPN,later,849.0,1133.465789595984,current
689,2024,11/16/24,Wisconsin,Oregon,NBC,later,4120.0,3087.7302006010977,current
690,2024,11/16/24,Georgia,Tennessee,ABC,later,9960.0,8591.852893967689,current
691,2024,11/16/24,Iowa St.,Cincinnati,FOX,later,1000.0,1291.1869672355704,current
692,2024,11/16/24,Memphis,UAB,ESPN2,later,117.0,207.36906405592458,current
693,2024,11/16/24,New Mexico,Washington St.,FS1,later,244.0,237.35866389012878,current
694,2024,11/16/24,BYU,Kansas,ESPN,later,1750.0,1785.782830666215,current
695,2024,11/19/24,Central Michigan,Western Michigan,ESPN2,later,236.0,335.1152418079976,current
696,2024,11/19/24,Miami Ohio,Northern Illinois,ESPN,later,497.0,657.2918849205939,current
697,2024,11/20/24,Eastern Michigan,Buffalo,ESPNU,later,64.0,120.61268403257024,current
698,2024,11/20/24,Toledo,Ohio,ESPN2,later,414.0,286.75664345962986,current
699,2024,11/21/24,Georgia Tech,North Carolina St.,ESPN,later,897.0,908.5132068287062,current
700,2024,11/22/24,UTSA,Temple,ESPN2,later,512.0,286.36134404890316,current
701,2024,11/22/24,Michigan St.,Purdue,FOX,later,1840.0,2695.7388193949546,current
702,2024,11/23/24,Florida,Mississippi,ABC,later,3820.0,4597.05181084365,current
703,2024,11/23/24,Maryland,Iowa,BTN,later,419.0,430.5012983977048,current
704,2024,11/23/24,Ohio St.,Indiana,FOX,later,9320.0,6293.073531221161,current
705,2024,11/23/24,Virginia,SMU,ESPN2,later,262.0,430.68404033740967,current
706,2024,11/23/24,Miami,Wake Forest,ESPN,later,985.0,983.3641729265221,current
707,2024,11/23/24,Nebraska,Wisconsin,BTN,later,1140.0,970.6068265321466,current
708,2024,11/23/24,Michigan,Northwestern,FS1,later,975.0,760.1645720422036,current
709,2024,11/23/24,Texas,Kentucky,ABC,later,4470.0,4136.272516177667,current
710,2024,11/23/24,Arizona St.,BYU,ESPN,later,1310.0,2122.4411277662425,current
711,2024,11/23/24,Kansas,Colorado,FOX,later,6220.0,5071.403752931874,current
712,2024,11/23/24,West Virginia,UCF,ESPNU,later,117.0,229.83024304169817,current
713,2024,11/23/24,Louisville,Pittsburgh,ESPN2,later,240.0,539.7692336703542,current
714,2024,11/23/24,Houston,Baylor,FS1,later,210.0,283.24683788409595,current
715,2024,11/23/24,Notre Dame,Army,NBC,later,3890.0,5275.742797233147,current
716,2024,11/23/24,Oregon St.,Washington St.,CW,later,695.0,529.9243530072443,current
717,2024,11/23/24,Utah,Iowa St.,FOX,later,1910.0,1363.9488249695846,current
718,2024,11/23/24,Old Dominion,Marshall,ESPNU,later,48.0,75.31157209219856,current
719,2024,11/23/24,Auburn,Texas A&M,ESPN,later,2530.0,2026.0603033977359,current
720,2024,11/23/24,Oklahoma,Alabama,ABC,later,6980.0,5927.604660159657,current
721,2024,11/23/24,Kansas St.,Cincinnati,ESPN2,later,369.0,474.3319598434446,current
722,2024,11/23/24,UCLA,USC,NBC,later,2160.0,1834.1293706430258,current
723,2024,11/23/24,Nevada,Air Force,FS1,later,98.0,149.0620377837128,current
724,2024,11/26/24,Akron,Toledo,ESPN2,later,347.0,235.4765115024623,current
725,2024,11/28/24,Tulane,Memphis,ESPN,later,655.0,794.5769012334536,current
726,2024,11/29/24,East Carolina,Navy,ESPN,later,626.0,707.8158245019954,current
727,2024,11/29/24,Boise St.,Oregon St.,FOX,later,1700.0,1693.9394976368644,current
728,2024,11/29/24,Wisconsin,Minnesota,CBS,later,2770.0,3700.704198868947,current
729,2024,11/29/24,Colorado,Oklahoma St.,ABC,later,3310.0,7157.779701679714,current
730,2024,11/29/24,Bowling Green,Miami Ohio,ESPNU,later,46.0,152.1803610490537,current
731,2024,11/29/24,Mississippi,Mississippi St.,ABC,later,4330.0,3344.863682698776,current
732,2024,11/29/24,Georgia,Georgia Tech,ABC,later,8470.0,5339.47957602297,current
733,2024,11/29/24,Iowa,Nebraska,NBC,later,3600.0,3057.900578474579,current
734,2024,11/29/24,UCF,Utah,FOX,later,844.0,1405.1339750903621,current
735,2024,11/30/24,Texas Tech,West Virginia,FS1,later,294.0,467.2619245751969,current
736,2024,11/30/24,Louisiana Monroe,Louisiana,ESPNU,later,9.0,55.71093918262047,current
737,2024,11/30/24,Ohio St.,Michigan,FOX,later,12300.0,10879.862284681572,current
738,2024,11/30/24,Northwestern,Illinois,BTN,later,275.0,337.81891213924507,current
739,2024,11/30/24,Clemson,South Carolina,ESPN,later,2400.0,2427.812914508423,current
740,2024,11/30/24,Baylor,Kansas,ESPN2,later,412.0,431.77181118960243,current
741,2024,11/30/24,Vanderbilt,Tennessee,ABC,later,3610.0,2403.816935397379,current
742,2024,11/30/24,SMU,California,ESPN2,later,228.0,508.27450254409,current
743,2024,11/30/24,Michigan St.,Rutgers,FS1,later,556.0,682.15275682127,current
744,2024,11/30/24,Alabama,Auburn,ABC,later,7160.0,8471.749647598841,current
745,2024,11/30/24,Syracuse,Miami,ESPN,later,2110.0,1873.922499474972,current
746,2024,11/30/24,Western Kentucky,Jacksonville St.,ESPNU,later,20.0,76.66014799443624,current
747,2024,11/30/24,Washington St.,Wyoming,CW,later,399.0,362.44859354693835,current
748,2024,11/30/24,Florida St.,Florida,ESPN2,later,1370.0,1089.1071680061018,current
749,2024,11/30/24,LSU,Oklahoma,ESPN,later,2090.0,2214.6310476061904,current
750,2024,11/30/24,Indiana,Purdue,FS1,later,717.0,660.918061486354,current
751,2024,11/30/24,Oregon,Washington,NBC,later,2570.0,2684.793851623039,current
752,2024,11/30/24,Iowa St.,Kansas St.,FOX,later,2010.0,1868.1862308719742,current
753,2024,11/30/24,Texas A&M,Texas,ABC,later,9450.0,7264.725407731408,current
754,2024,11/30/24,James Madison,Marshall,ESPNU,later,37.0,80.73773615588776,current
755,2024,11/30/24,BYU,Houston,ESPN,later,1560.0,1141.058966999305,current
756,2024,11/30/24,San Diego St.,Air Force,FS1,later,157.0,159.06537829979655,current
757,2024,12/6/24,Army,Tulane,ABC,later,2000.0,2706.822886634216,current
758,2024,12/6/24,Boise St.,UNLV,FOX,later,3010.0,4067.4531413683317,current
759,2024,12/7/24,Arizona St.,Iowa St.,ABC,later,6900.0,4026.3844945655933,current
760,2024,12/7/24,Miami Ohio,Ohio,ESPN,later,1130.0,571.5000590971126,current
761,2024,12/7/24,Texas,Georgia,ABC,later,16630.0,14301.52117870991,current
762,2024,12/7/24,Louisiana,Marshall,ESPN,later,392.0,493.9144930125808,current
763,2024,12/7/24,SMU,Clemson,ABC,later,5980.0,4448.703186410752,current
764,2024,12/7/24,Oregon,Penn St.,CBS,later,10500.0,8847.898512277345,current
765,2024,12/14/24,Army,Navy,CBS,later,9400.0,10677.53684794562,current
361,2024,9/1/24,USC,LSU,ABC,Week1,8620.0,8124.357016006435,fox_friday_night
362,2024,8/31/24,Notre Dame,Texas A&M,ABC,Week1,7920.0,7460.388596335194,fox_friday_night
363,2024,8/31/24,Clemson,Georgia,ABC,Week1,7580.0,6644.9588322793625,fox_friday_night
364,2024,8/31/24,Miami,Florida,ABC,Week1,6350.0,4015.453283780915,fox_friday_night
365,2024,8/24/24,Florida St.,Georgia Tech,ESPN,Week0,4990.0,2933.2352518758016,fox_friday_night
366,2024,9/2/24,Boston College,Florida St.,ESPN,Week1,4440.0,4813.960434542834,fox_friday_night
367,2024,8/31/24,Penn St.,West Virginia,FOX,Week1,2990.0,4291.720348787081,fox_friday_night
368,2024,8/31/24,Akron,Ohio St.,CBS,Week1,2970.0,2500.295040509257,fox_friday_night
369,2024,8/31/24,Fresno St.,Michigan,NBC,Week1,2560.0,2347.017031349371,fox_friday_night
370,2024,8/31/24,Western Kentucky,Alabama,ESPN,Week1,1850.0,1686.702019614924,fox_friday_night
371,2024,8/31/24,Colorado St.,Texas,ESPN,Week1,1840.0,1972.7849753939206,fox_friday_night
372,2024,8/29/24,North Carolina,Minnesota,FOX,Week1,1830.0,2163.671278435826,fox_friday_night
373,2024,8/31/24,UTEP,Nebraska,FOX,Week1,1670.0,2043.223583668645,fox_friday_night
374,2024,8/30/24,Temple,Oklahoma,ESPN,Week1,1650.0,1621.099460996071,fox_friday_night
375,2024,8/30/24,TCU,Stanford,ESPN,Week1,1490.0,1203.5886550386015,fox_friday_night
376,2024,8/31/24,Virginia Tech,Vanderbilt,ESPN,Week1,1450.0,871.2150020862703,fox_friday_night
377,2024,8/31/24,UCLA,Hawaii,CBS,Week1,1130.0,950.1599071589358,fox_friday_night
378,2024,8/30/24,Western Michigan,Wisconsin,FS1,Week1,963.0,661.298721531535,fox_friday_night
379,2024,8/31/24,New Mexico,Arizona,ESPN,Week1,953.0,848.6809869740704,fox_friday_night
380,2024,8/30/24,FAU,Michigan St.,BTN,Week1,744.0,692.7359908826037,fox_friday_night
381,2024,8/31/24,Idaho,Oregon,BTN,Week1,425.0,457.1449438601116,fox_friday_night
382,2024,8/31/24,North Dakota,Iowa St.,FS1,Week1,315.0,349.3262720668035,fox_friday_night
383,2024,8/29/24,Howard,Rutgers,BTN,Week1,269.0,294.1981797510266,fox_friday_night
384,2024,8/31/24,Wyoming,Arizona St.,FS1,Week1,253.0,344.81674958162574,fox_friday_night
385,2024,8/31/24,UNLV,Houston,FS1,Week1,172.0,275.6541675402049,fox_friday_night
386,2024,8/31/24,Boise St.,Georgia Southern,ESPNU,Week1,158.0,136.5648427998839,fox_friday_night
387,2024,8/31/24,Connecticut,Maryland,FS1,Week1,133.0,231.92003272412228,fox_friday_night
388,2024,8/29/24,Eastern Illinois,Illinois,BTN,Week1,112.0,234.1430045608396,fox_friday_night
389,2024,8/31/24,Kent St.,Pittsburgh,ESPNU,Week1,82.0,156.4209174597487,fox_friday_night
390,2024,9/6/24,SMU,BYU,ESPN2,later,917.0,778.9534666474044,fox_friday_night
391,2024,9/7/24,Northwestern,Duke,FS1,later,514.0,285.1996186742166,fox_friday_night
392,2024,9/7/24,Michigan,Texas,FOX,later,9190.0,10298.9938748019,fox_friday_night
393,2024,9/7/24,Oklahoma St.,Arkansas,ABC,later,2800.0,2481.008931958145,fox_friday_night
394,2024,9/7/24,Tulane,Kansas St.,ESPN,later,790.0,776.7988590297916,fox_friday_night
395,2024,9/7/24,Memphis,Troy,ESPNU,later,20.0,73.01134823466623,fox_friday_night
396,2024,9/7/24,Cincinnati,Pittsburgh,ESPN2,later,304.0,518.6549099257519,fox_friday_night
397,2024,9/7/24,Notre Dame,Northern Illinois,ABC,later,3930.0,2986.627002933376,fox_friday_night
398,2024,9/7/24,Utah,Baylor,FOX,later,2080.0,1675.6049603375557,fox_friday_night
399,2024,9/7/24,Wisconsin,South Dakota,FS1,later,537.0,468.6584989514574,fox_friday_night
400,2024,9/7/24,Kentucky,South Carolina,ABC,later,2730.0,2335.748513449866,fox_friday_night
401,2024,9/7/24,Auburn,California,ESPN2,later,1120.0,806.9178699410609,fox_friday_night
402,2024,9/7/24,Iowa,Iowa St.,CBS,later,2280.0,2626.5845989140553,fox_friday_night
403,2024,9/7/24,Texas St.,UTSA,ESPNU,later,24.0,71.70712728044356,fox_friday_night
404,2024,9/7/24,Virginia Tech,Marshall,CW,later,407.0,554.922156367875,fox_friday_night
405,2024,9/7/24,Wake Forest,Virginia,ESPN2,later,358.0,392.3651198281128,fox_friday_night
406,2024,9/7/24,Alabama,South Florida,ESPN,later,2580.0,1920.1698145184268,fox_friday_night
407,2024,9/7/24,Illinois,Kansas,FS1,later,841.0,582.1746622132946,fox_friday_night
408,2024,9/7/24,Ohio St.,Western Michigan,BTN,later,1720.0,1201.5441181254057,fox_friday_night
409,2024,9/7/24,North Carolina St.,Tennessee,ABC,later,2960.0,3783.0437270853,fox_friday_night
410,2024,9/7/24,Vanderbilt,Alcorn State,ESPNU,later,17.0,111.75249983957937,fox_friday_night
411,2024,9/7/24,Nebraska,Colorado,NBC,later,5670.0,5558.594011243518,fox_friday_night
412,2024,9/7/24,New Mexico St.,Liberty,ESPN2,later,160.0,258.69405495515343,fox_friday_night
413,2024,9/7/24,Arizona St.,Mississippi St.,ESPN,later,954.0,1302.398054499312,fox_friday_night
414,2024,9/7/24,USC,Utah St.,BTN,later,589.0,630.9565373793826,fox_friday_night
415,2024,9/12/24,Texas St.,Arizona St.,ESPN,later,993.0,828.2692662970421,fox_friday_night
416,2024,9/13/24,Kansas,UNLV,ESPN,later,1320.0,1313.352661849041,fox_friday_night
417,2024,9/13/24,Kansas St.,Arizona,FOX,later,2580.0,3886.3610170753645,fox_friday_night
418,2024,9/14/24,South Carolina,LSU,ABC,later,4940.0,3882.348656814092,fox_friday_night
419,2024,9/14/24,Miami Ohio,Cincinnati,ESPNU,later,51.0,156.35525720117175,fox_friday_night
420,2024,9/14/24,Michigan,Arkansas St.,BTN,later,979.0,608.4474619823009,fox_friday_night
421,2024,9/14/24,Texas Tech,North Texas,FS1,later,138.0,285.1962479015932,fox_friday_night
422,2024,9/14/24,Florida St.,Memphis,ESPN,later,1590.0,1158.5081925506727,fox_friday_night
423,2024,9/14/24,Wisconsin,Alabama,FOX,later,5030.0,6165.309295855551,fox_friday_night
424,2024,9/14/24,Tulsa,Oklahoma St.,ESPN2,later,308.0,525.95146436206,fox_friday_night
425,2024,9/14/24,Pittsburgh,West Virginia,ESPN2,later,1150.0,1039.0723513912644,fox_friday_night
426,2024,9/14/24,Purdue,Notre Dame,CBS,later,2280.0,3580.7960098765857,fox_friday_night
427,2024,9/14/24,Oklahoma,Tulane,ESPN,later,1390.0,1302.5950912606452,fox_friday_night
428,2024,9/14/24,Florida,Texas A&M,ABC,later,4800.0,4179.931729188712,fox_friday_night
429,2024,9/14/24,Oregon St.,Oregon,FOX,later,2820.0,3004.5078454944473,fox_friday_night
430,2024,9/14/24,East Carolina,Appalachian St.,ESPNU,later,81.0,157.08329944943898,fox_friday_night
431,2024,9/14/24,Iowa,Troy,FS1,later,446.0,374.86449150454513,fox_friday_night
432,2024,9/14/24,Wake Forest,Mississippi,CW,later,419.0,855.8009270654404,fox_friday_night
433,2024,9/14/24,Texas,UTSA,ESPN,later,1480.0,1540.0908073452122,fox_friday_night
434,2024,9/14/24,Mississippi St.,Toledo,ESPNU,later,69.0,132.86941716637568,fox_friday_night
435,2024,9/14/24,Auburn,New Mexico,ESPN2,later,662.0,457.3746017791219,fox_friday_night
436,2024,9/14/24,Baylor,Air Force,FS1,later,128.0,290.67630386491743,fox_friday_night
437,2024,9/14/24,UCLA,Indiana,NBC,later,1290.0,1080.78232918105,fox_friday_night
438,2024,9/14/24,Kentucky,Georgia,ABC,later,6600.0,4228.150420649289,fox_friday_night
439,2024,9/14/24,Colorado St.,Colorado,CBS,later,3250.0,3542.9352984917614,fox_friday_night
440,2024,9/14/24,TCU,UCF,FOX,later,1030.0,1508.6087221320597,fox_friday_night
441,2024,9/14/24,California,San Diego St.,ESPN,later,938.0,825.7223140040151,fox_friday_night
442,2024,9/19/24,Appalachian St.,South Alabama,ESPN,later,629.0,860.5203576776098,fox_friday_night
443,2024,9/20/24,Syracuse,Stanford,ESPN,later,1370.0,1277.326426566522,fox_friday_night
444,2024,9/20/24,Nebraska,Illinois,FOX,later,4210.0,4539.934730288492,fox_friday_night
445,2024,9/20/24,Washington St.,San Jose St.,CW,later,542.0,808.0291805068877,fox_friday_night
446,2024,9/21/24,Ohio St.,Marshall,FOX,later,3960.0,2939.4253126940657,fox_friday_night
447,2024,9/21/24,West Virginia,Kansas,ESPN2,later,1150.0,825.5731881229624,fox_friday_night
448,2024,9/21/24,Louisiana,Tulane,ESPNU,later,86.0,93.89067731310153,fox_friday_night
449,2024,9/21/24,Mississippi St.,Florida,ESPN,later,2640.0,2379.8483196384514,fox_friday_night
450,2024,9/21/24,Cincinnati,Houston,FS1,later,195.0,371.64835369430216,fox_friday_night
451,2024,9/21/24,Clemson,North Carolina St.,ABC,later,1950.0,2444.6641542321486,fox_friday_night
452,2024,9/21/24,Notre Dame,Miami Ohio,NBC,later,1690.0,1791.7106946861732,fox_friday_night
453,2024,9/21/24,Auburn,Arkansas,ESPN,later,2020.0,1649.6686586408684,fox_friday_night
454,2024,9/21/24,Louisville,Georgia Tech,ESPN2,later,782.0,461.2281484691269,fox_friday_night
455,2024,9/21/24,Michigan,USC,CBS,later,6320.0,4160.607616804239,fox_friday_night
456,2024,9/21/24,Texas Tech,Arizona St.,FS1,later,410.0,508.36117188747465,fox_friday_night
457,2024,9/21/24,Penn St.,Kent St.,BTN,later,434.0,700.4948190927721,fox_friday_night
458,2024,9/21/24,LSU,UCLA,ABC,later,2730.0,3010.90553911638,fox_friday_night
459,2024,9/21/24,Oklahoma St.,Utah,FOX,later,2140.0,2579.393760131077,fox_friday_night
460,2024,9/21/24,Middle Tennessee St.,Duke,ESPNU,later,53.0,91.66545374767989,fox_friday_night
461,2024,9/21/24,SMU,TCU,CW,later,322.0,382.0838842542832,fox_friday_night
462,2024,9/21/24,Florida St.,California,ESPN2,later,887.0,749.7436429325384,fox_friday_night
463,2024,9/21/24,South Florida,Miami,ESPN,later,1250.0,878.4612128434021,fox_friday_night
464,2024,9/21/24,Washington,Northwestern,FS1,later,378.0,508.8265681583709,fox_friday_night
465,2024,9/21/24,Minnesota,Iowa,NBC,later,1890.0,1562.3034880151229,fox_friday_night
466,2024,9/21/24,Oklahoma,Tennessee,ABC,later,6270.0,5923.315610167685,fox_friday_night
467,2024,9/21/24,South Carolina,Akron,ESPNU,later,89.0,182.280949803718,fox_friday_night
468,2024,9/21/24,Colorado,Baylor,FOX,later,3640.0,3568.6751491840637,fox_friday_night
469,2024,9/21/24,Oregon St.,Purdue,CW,later,452.0,734.2146744060612,fox_friday_night
470,2024,9/21/24,Boise St.,Portland State,FS1,later,248.0,257.0327147581203,fox_friday_night
471,2024,9/21/24,BYU,Kansas St.,ESPN,later,1500.0,1738.393115060289,fox_friday_night
472,2024,9/26/24,Temple,Army,ESPN,later,684.0,798.5192855838304,fox_friday_night
473,2024,9/27/24,Miami,Virginia Tech,ESPN,later,3260.0,3024.174732689754,fox_friday_night
474,2024,9/27/24,Rutgers,Washington,FOX,later,1930.0,2408.604841470347,fox_friday_night
475,2024,9/28/24,Kansas St.,Oklahoma St.,ESPN,later,1880.0,2343.074602484564,fox_friday_night
476,2024,9/28/24,Indiana,Maryland,BTN,later,547.0,386.7098151475313,fox_friday_night
477,2024,9/28/24,Tulane,South Florida,ESPNU,later,41.0,94.42478102745142,fox_friday_night
478,2024,9/28/24,Baylor,BYU,FS1,later,428.0,565.2695793635487,fox_friday_night
479,2024,9/28/24,UAB,Navy,ESPN2,later,185.0,312.5611893005033,fox_friday_night
480,2024,9/28/24,Mississippi,Kentucky,ABC,later,3990.0,3155.6927300062553,fox_friday_night
481,2024,9/28/24,North Carolina St.,Northern Illinois,CW,later,427.0,393.2566914388483,fox_friday_night
482,2024,9/28/24,Michigan,Minnesota,FOX,later,3600.0,4026.440073649686,fox_friday_night
483,2024,9/28/24,UCF,Colorado,FOX,later,4170.0,4456.293399965388,fox_friday_night
484,2024,9/28/24,Auburn,Oklahoma,ABC,later,5040.0,4278.582372948937,fox_friday_night
485,2024,9/28/24,Georgia St.,Georgia Southern,ESPNU,later,29.0,77.94360646994355,fox_friday_night
486,2024,9/28/24,Texas A&M,Arkansas,ESPN,later,1800.0,2275.775803391093,fox_friday_night
487,2024,9/28/24,UNLV,Fresno St.,FS1,later,174.0,283.4746553100628,fox_friday_night
488,2024,9/28/24,Duke,North Carolina,ESPN2,later,521.0,590.7621487039485,fox_friday_night
489,2024,9/28/24,Houston,Iowa St.,FS1,later,372.0,438.62980609538215,fox_friday_night
490,2024,9/28/24,Clemson,Stanford,ESPN,later,1000.0,1240.0580288564083,fox_friday_night
491,2024,9/28/24,Memphis,Middle Tennessee St.,ESPNU,later,39.0,75.6346999117984,fox_friday_night
492,2024,9/28/24,Alabama,Georgia,ABC,later,11990.0,11376.728607484054,fox_friday_night
493,2024,9/28/24,Penn St.,Illinois,NBC,later,3090.0,2590.0042010069456,fox_friday_night
494,2024,9/28/24,Texas Tech,Cincinnati,ESPN2,later,417.0,503.39088183618765,fox_friday_night
495,2024,9/28/24,Boise St.,Washington St.,FS1,later,535.0,519.2109404570967,fox_friday_night
496,2024,9/28/24,Utah,Arizona,ESPN,later,907.0,1412.5978668230082,fox_friday_night
497,2024,9/28/24,UCLA,Oregon,FOX,later,1500.0,2518.297853902309,fox_friday_night
498,2024,10/3/24,Troy,Texas St.,ESPN2,later,343.0,267.52122514111227,fox_friday_night
499,2024,10/4/24,TCU,Houston,ESPN,later,1510.0,956.6820942553229,fox_friday_night
500,2024,10/4/24,UNLV,Syracuse,FS1,later,698.0,542.5292521526924,fox_friday_night
501,2024,10/4/24,Oregon,Michigan St.,FOX,later,2840.0,4321.005521826997,fox_friday_night
502,2024,10/5/24,Texas A&M,Missouri,ABC,later,3270.0,3962.38963423103,fox_friday_night
503,2024,10/5/24,Tulsa,Army,ESPNU,later,72.0,184.37649519700872,fox_friday_night
504,2024,10/5/24,Air Force,Navy,CBS,later,1280.0,1216.3985189805776,fox_friday_night
505,2024,10/5/24,North Carolina St.,Wake Forest,CW,later,446.0,386.8394391135871,fox_friday_night
506,2024,10/5/24,North Carolina,Pittsburgh,ESPN2,later,645.0,681.2124819065446,fox_friday_night
507,2024,10/5/24,Louisville,SMU,ESPN,later,1410.0,795.7106787936641,fox_friday_night
508,2024,10/5/24,Penn St.,UCLA,FOX,later,2750.0,3490.1714405423013,fox_friday_night
509,2024,10/5/24,Wisconsin,Purdue,BTN,later,588.0,688.9773291571822,fox_friday_night
510,2024,10/5/24,Charlotte,East Carolina,ESPNU,later,28.0,40.01885401823438,fox_friday_night
511,2024,10/5/24,Ohio St.,Iowa,CBS,later,4460.0,5377.773742285617,fox_friday_night
512,2024,10/5/24,Northwestern,Indiana,BTN,later,439.0,513.1209758798851,fox_friday_night
513,2024,10/5/24,South Carolina,Mississippi,ESPN,later,1230.0,2047.4062367794877,fox_friday_night
514,2024,10/5/24,Georgia,Auburn,ABC,later,4930.0,5036.1839311139465,fox_friday_night
515,2024,10/5/24,Nebraska,Rutgers,FS1,later,1030.0,901.1231954975824,fox_friday_night
516,2024,10/5/24,Oklahoma St.,West Virginia,ESPN2,later,634.0,807.4261817720229,fox_friday_night
517,2024,10/5/24,Oregon St.,Colorado St.,CW,later,568.0,453.65426725126486,fox_friday_night
518,2024,10/5/24,Florida St.,Clemson,ESPN,later,1410.0,2134.142479211794,fox_friday_night
519,2024,10/5/24,Boise St.,Utah St.,FS2,later,239.0,252.66355177126752,fox_friday_night
520,2024,10/5/24,Louisiana Monroe,James Madison,ESPNU,later,42.0,71.74879085379021,fox_friday_night
521,2024,10/5/24,Iowa St.,Baylor,FOX,later,1200.0,1667.4011670071895,fox_friday_night
522,2024,10/5/24,Minnesota,USC,BTN,later,701.0,743.2899084096318,fox_friday_night
523,2024,10/5/24,Arkansas,Tennessee,ABC,later,5290.0,4759.686696322044,fox_friday_night
524,2024,10/5/24,Washington,Michigan,NBC,later,4040.0,3654.3582894869364,fox_friday_night
525,2024,10/5/24,Arizona St.,Kansas,ESPN2,later,525.0,463.99839048321985,fox_friday_night
526,2024,10/5/24,California,Miami,ESPN,later,1920.0,2019.6153324463996,fox_friday_night
527,2024,10/5/24,Arizona,Texas Tech,FOX,later,943.0,1810.3909207952229,fox_friday_night
528,2024,10/9/24,Jacksonville St.,New Mexico St.,ESPN2,later,310.0,315.75564992126937,fox_friday_night
529,2024,10/10/24,James Madison,Coastal Carolina,ESPN2,later,390.0,328.7781016898179,fox_friday_night
530,2024,10/10/24,Western Kentucky,UTEP,ESPNU,later,81.0,93.17378427592908,fox_friday_night
531,2024,10/11/24,Maryland,Northwestern,FS1,later,712.0,555.6626887117628,fox_friday_night
532,2024,10/11/24,Arizona St.,Utah,ESPN,later,1290.0,1352.9920424656466,fox_friday_night
533,2024,10/12/24,Rutgers,Wisconsin,BTN,later,620.0,571.5642936537217,fox_friday_night
534,2024,10/12/24,Iowa,Washington,FOX,later,2370.0,2363.547954195357,fox_friday_night
535,2024,10/12/24,Alabama,South Carolina,ABC,later,6000.0,5930.411857129882,fox_friday_night
536,2024,10/12/24,Buffalo,Toledo,ESPNU,later,40.0,75.14978383151941,fox_friday_night
537,2024,10/12/24,Massachusetts,Missouri,ESPN2,later,276.0,341.6469121672326,fox_friday_night
538,2024,10/12/24,Wake Forest,Clemson,ESPN,later,1300.0,1329.417226820246,fox_friday_night
539,2024,10/12/24,North Carolina,Georgia Tech,CW,later,541.0,437.5718291024987,fox_friday_night
540,2024,10/12/24,Illinois,Purdue,FS1,later,440.0,547.669440627486,fox_friday_night
541,2024,10/12/24,UCF,Cincinnati,ESPN2,later,280.0,473.5900737351939,fox_friday_night
542,2024,10/12/24,Pittsburgh,California,ESPN,later,741.0,1055.7219586179838,fox_friday_night
543,2024,10/12/24,USC,Penn St.,CBS,later,4280.0,3772.307248520729,fox_friday_night
544,2024,10/12/24,Oklahoma,Texas,ABC,later,7630.0,6289.521308225758,fox_friday_night
545,2024,10/12/24,Notre Dame,Stanford,NBC,later,1870.0,1764.8113050562663,fox_friday_night
546,2024,10/12/24,Central Michigan,Ohio,ESPNU,later,24.0,70.42170184076764,fox_friday_night
547,2024,10/12/24,BYU,Arizona,FOX,later,1310.0,1711.8999624432718,fox_friday_night
548,2024,10/12/24,FAU,North Texas,ESPN2,later,82.0,155.97606881470637,fox_friday_night
549,2024,10/12/24,Fresno St.,Washington St.,FS1,later,246.0,293.10585272021706,fox_friday_night
550,2024,10/12/24,Tennessee,Florida,ESPN,later,3250.0,3143.1433143829145,fox_friday_night
551,2024,10/12/24,LSU,Mississippi,ABC,later,4240.0,4839.496019626691,fox_friday_night
552,2024,10/12/24,Oregon,Ohio St.,NBC,later,9600.0,5489.879865542436,fox_friday_night
553,2024,10/12/24,West Virginia,Iowa St.,FOX,later,1220.0,2195.590780227492,fox_friday_night
554,2024,10/12/24,Georgia Southern,Marshall,ESPNU,later,15.0,79.50282685871628,fox_friday_night
555,2024,10/12/24,UCLA,Minnesota,BTN,later,312.0,354.9827308036265,fox_friday_night
556,2024,10/12/24,Colorado,Kansas St.,ESPN,later,3260.0,4749.318516311642,fox_friday_night
557,2024,10/15/24,South Alabama,Troy,ESPN2,later,352.0,222.7714537155785,fox_friday_night
558,2024,10/15/24,New Mexico St.,Louisiana Tech,ESPNU,later,64.0,71.96915654284754,fox_friday_night
559,2024,10/16/24,Sam Houston,Western Kentucky,ESPN2,later,403.0,306.4633505816679,fox_friday_night
560,2024,10/17/24,Marshall,Georgia St.,ESPN2,later,209.0,329.65781912743347,fox_friday_night
561,2024,10/17/24,Virginia Tech,Boston College,ESPN,later,712.0,1081.3923205141803,fox_friday_night
562,2024,10/18/24,Duke,Florida St.,ESPN,later,1260.0,1275.623824219949,fox_friday_night
563,2024,10/18/24,Purdue,Oregon,FOX,later,2150.0,3979.875936011291,fox_friday_night
564,2024,10/18/24,BYU,Oklahoma St.,ESPN,later,1660.0,1700.366640533326,fox_friday_night
565,2024,10/19/24,Missouri,Auburn,ESPN,later,2450.0,1622.7262750958657,fox_friday_night
566,2024,10/19/24,Indiana,Nebraska,FOX,later,3180.0,3346.1258352912337,fox_friday_night
567,2024,10/19/24,Louisville,Miami,ABC,later,4070.0,2766.0906477169856,fox_friday_night
568,2024,10/19/24,Rutgers,UCLA,FS1,later,426.0,390.97220957396195,fox_friday_night
569,2024,10/19/24,Coastal Carolina,Louisiana,ESPNU,later,54.0,81.971448673988,fox_friday_night
570,2024,10/19/24,Northwestern,Wisconsin,BTN,later,502.0,525.2949021653551,fox_friday_night
571,2024,10/19/24,Army,East Carolina,ESPN2,later,323.0,617.1387025460194,fox_friday_night
572,2024,10/19/24,Illinois,Michigan,CBS,later,3010.0,3191.2350809787376,fox_friday_night
573,2024,10/19/24,Tennessee,Alabama,ABC,later,10230.0,8606.1809406381,fox_friday_night
574,2024,10/19/24,Georgia Tech,Notre Dame,ESPN,later,1590.0,1567.7968564108253,fox_friday_night
575,2024,10/19/24,Washington St.,Hawaii,CW,later,258.0,291.70405904578445,fox_friday_night
576,2024,10/19/24,Texas Tech,Baylor,ESPN2,later,316.0,464.20156862389626,fox_friday_night
577,2024,10/19/24,Maryland,USC,FS1,later,516.0,441.43504683792787,fox_friday_night
578,2024,10/19/24,Arizona,Colorado,FOX,later,2020.0,3147.851422473149,fox_friday_night
579,2024,10/19/24,Arkansas,LSU,ESPN,later,1360.0,2835.3471894676977,fox_friday_night
580,2024,10/19/24,Iowa St.,UCF,FS1,later,526.0,695.8359950619938,fox_friday_night
581,2024,10/19/24,Memphis,North Texas,ESPNU,later,30.0,90.57035188924216,fox_friday_night
582,2024,10/19/24,Michigan St.,Iowa,NBC,later,1570.0,2029.9174508779588,fox_friday_night
583,2024,10/19/24,West Virginia,Kansas St.,FOX,later,1140.0,2045.9350903022203,fox_friday_night
584,2024,10/19/24,Texas,Georgia,ABC,later,13190.0,8771.116195069979,fox_friday_night
585,2024,10/19/24,Oregon St.,UNLV,CW,later,507.0,595.1757403014046,fox_friday_night
586,2024,10/19/24,Utah,TCU,ESPN,later,912.0,1030.2100911868702,fox_friday_night
587,2024,10/22/24,FIU,Sam Houston,ESPNU,later,132.0,97.14957787710668,fox_friday_night
588,2024,10/23/24,Jacksonville St.,Middle Tennessee St.,ESPN2,later,434.0,264.28210528121826,fox_friday_night
589,2024,10/24/24,Old Dominion,Georgia Southern,ESPN2,later,214.0,283.26770544293356,fox_friday_night
590,2024,10/24/24,Pittsburgh,Syracuse,ESPN,later,948.0,1620.2017699611313,fox_friday_night
591,2024,10/25/24,Boston College,Louisville,ESPN2,later,879.0,869.4222017795307,fox_friday_night
592,2024,10/25/24,USC,Rutgers,FOX,later,2010.0,1950.2346356780067,fox_friday_night
593,2024,10/26/24,Navy,Notre Dame,ABC,later,2790.0,3545.7919998515927,fox_friday_night
594,2024,10/26/24,Memphis,Charlotte,ESPNU,later,41.0,41.24811547166814,fox_friday_night
595,2024,10/26/24,Indiana,Washington,BTN,later,1070.0,562.2940059134498,fox_friday_night
596,2024,10/26/24,North Texas,Tulane,ESPN2,later,130.0,187.0544782353769,fox_friday_night
597,2024,10/26/24,Ohio St.,Nebraska,FOX,later,5960.0,6881.31601426757,fox_friday_night
598,2024,10/26/24,Mississippi,Oklahoma,ESPN,later,2600.0,1998.1506114337578,fox_friday_night
599,2024,10/26/24,Virginia,North Carolina,CW,later,398.0,470.0923476070566,fox_friday_night
600,2024,10/26/24,Minnesota,Maryland,FS1,later,340.0,510.1593737236563,fox_friday_night
601,2024,10/26/24,Alabama,Missouri,ABC,later,5540.0,5301.372779201529,fox_friday_night
602,2024,10/26/24,Iowa,Northwestern,BTN,later,609.0,530.0065550214556,fox_friday_night
603,2024,10/26/24,Oregon,Illinois,CBS,later,2750.0,3925.6880919890264,fox_friday_night
604,2024,10/26/24,UCF,BYU,ESPN,later,1240.0,1248.2820231822755,fox_friday_night
605,2024,10/26/24,TCU,Texas Tech,FOX,later,2360.0,1723.9410661037539,fox_friday_night
606,2024,10/26/24,California,Oregon St.,ESPN2,later,183.0,461.9691932272816,fox_friday_night
607,2024,10/26/24,Arizona,West Virginia,FS1,later,347.0,517.072267547734,fox_friday_night
608,2024,10/26/24,Miami,Florida St.,ESPN,later,1530.0,2054.370954945101,fox_friday_night
609,2024,10/26/24,Wisconsin,Penn St.,NBC,later,3340.0,4016.3030467401245,fox_friday_night
610,2024,10/26/24,Texas A&M,LSU,ABC,later,5060.0,6510.763242509347,fox_friday_night
611,2024,10/26/24,Michigan,Michigan St.,BTN,later,1730.0,1208.4968680650782,fox_friday_night
612,2024,10/26/24,Kansas St.,Kansas,ESPN2,later,708.0,626.6144950319508,fox_friday_night
613,2024,10/26/24,Colorado,Cincinnati,ESPN,later,2340.0,2918.757883391019,fox_friday_night
614,2024,10/29/24,Texas St.,Louisiana,ESPN2,later,227.0,313.11404284521393,fox_friday_night
615,2024,10/29/24,Sam Houston,Louisiana Tech,ESPNU,later,33.0,97.88614441633075,fox_friday_night
616,2024,10/30/24,Western Kentucky,Kennesaw St.,ESPN2,later,182.0,299.44606833825276,fox_friday_night
617,2024,10/31/24,Charlotte,Tulane,ESPN,later,492.0,241.1667641302938,fox_friday_night
618,2024,11/1/24,FAU,South Florida,ESPN2,later,562.0,388.32950309251976,fox_friday_night
619,2024,11/1/24,Boise St.,San Diego St.,FS1,later,656.0,733.5474809920318,fox_friday_night
620,2024,11/2/24,Illinois,Minnesota,FS1,later,551.0,551.3409999601338,fox_friday_night
621,2024,11/2/24,Penn St.,Ohio St.,FOX,later,9770.0,10641.332947218103,fox_friday_night
622,2024,11/2/24,UTSA,Memphis,ESPN2,later,147.0,166.38317607875672,fox_friday_night
623,2024,11/2/24,Miami,Duke,ABC,later,1960.0,1958.0597443527795,fox_friday_night
624,2024,11/2/24,Eastern Michigan,Toledo,ESPNU,later,27.0,55.02644831691822,fox_friday_night
625,2024,11/2/24,Arkansas,Mississippi,ESPN,later,1180.0,1708.193724667559,fox_friday_night
626,2024,11/2/24,Houston,Kansas St.,FOX,later,1510.0,1513.003365508584,fox_friday_night
627,2024,11/2/24,Nebraska,UCLA,BTN,later,882.0,738.0319977722488,fox_friday_night
628,2024,11/2/24,Georgia,Florida,ABC,later,6970.0,6765.313894016641,fox_friday_night
629,2024,11/2/24,Iowa St.,Texas Tech,ESPN,later,1240.0,1614.2271975567019,fox_friday_night
630,2024,11/2/24,UCF,Arizona,FS1,later,213.0,450.86877647725623,fox_friday_night
631,2024,11/2/24,Rice,Navy,ESPN2,later,218.0,209.45186768003006,fox_friday_night
632,2024,11/2/24,South Alabama,Georgia Southern,ESPNU,later,18.0,89.63779183080041,fox_friday_night
633,2024,11/2/24,Washington,USC,BTN,later,727.0,659.4352909171056,fox_friday_night
634,2024,11/2/24,Clemson,Louisville,ESPN,later,1430.0,1669.408595170257,fox_friday_night
635,2024,11/2/24,South Carolina,Texas A&M,ABC,later,5560.0,4828.203504542909,fox_friday_night
636,2024,11/2/24,Iowa,Wisconsin,NBC,later,2730.0,2286.414105919463,fox_friday_night
637,2024,11/2/24,Baylor,TCU,ESPN2,later,483.0,592.296915315206,fox_friday_night
638,2024,11/5/24,Central Michigan,Bowling Green,ESPN2,later,286.0,425.29508348229336,fox_friday_night
639,2024,11/5/24,Ball St.,Miami Ohio,ESPN,later,378.0,530.0326337957172,fox_friday_night
640,2024,11/6/24,Kent St.,Ohio,ESPNU,later,49.0,99.69450649892266,fox_friday_night
641,2024,11/6/24,Western Michigan,Northern Illinois,ESPN2,later,442.0,376.13608215975125,fox_friday_night
642,2024,11/7/24,East Carolina,FAU,ESPN2,later,196.0,354.55453929765054,fox_friday_night
643,2024,11/7/24,Coastal Carolina,Appalachian St.,ESPN,later,412.0,592.9354676821956,fox_friday_night
644,2024,11/8/24,Memphis,Rice,ESPN2,later,407.0,276.86889031883163,fox_friday_night
645,2024,11/8/24,UCLA,Iowa,FOX,later,1890.0,2255.1425039576316,fox_friday_night
646,2024,11/9/24,Texas,Florida,ABC,later,3700.0,5912.350970729111,fox_friday_night
647,2024,11/9/24,Georgia Tech,Miami,ESPN,later,3460.0,1728.0115172717562,fox_friday_night
648,2024,11/9/24,South Florida,Navy,ESPN2,later,247.0,247.92527873283035,fox_friday_night
649,2024,11/9/24,Louisiana Monroe,Texas St.,ESPNU,later,27.0,65.06727726205811,fox_friday_night
650,2024,11/9/24,Rutgers,Minnesota,NBC,later,1200.0,995.0476392893106,fox_friday_night
651,2024,11/9/24,Ohio St.,Purdue,FOX,later,3480.0,3646.6457555613506,fox_friday_night
652,2024,11/9/24,Indiana,Michigan,CBS,later,4390.0,4132.095629428299,fox_friday_night
653,2024,11/9/24,Virginia Tech,Clemson,ESPN,later,1440.0,1469.7343506004381,fox_friday_night
654,2024,11/9/24,Mississippi,Georgia,ABC,later,7080.0,5729.313969815116,fox_friday_night
655,2024,11/9/24,North Texas,Army,ESPN2,later,322.0,417.9073439507534,fox_friday_night
656,2024,11/9/24,Tulane,Temple,ESPNU,later,22.0,50.713017081914266,fox_friday_night
657,2024,11/9/24,Texas Tech,Colorado,FOX,later,3680.0,4609.150592476438,fox_friday_night
658,2024,11/9/24,Arizona St.,UCF,ESPN2,later,378.0,416.01145553137377,fox_friday_night
659,2024,11/9/24,TCU,Oklahoma St.,FS1,later,355.0,403.1259689629537,fox_friday_night
660,2024,11/9/24,Oregon,Maryland,BTN,later,817.0,730.1060386780975,fox_friday_night
661,2024,11/9/24,Tennessee,Mississippi St.,ESPN,later,1600.0,2158.5565414770913,fox_friday_night
662,2024,11/9/24,LSU,Alabama,ABC,later,7900.0,8085.932144710162,fox_friday_night
663,2024,11/9/24,Notre Dame,Florida St.,NBC,later,2190.0,3091.947818235156,fox_friday_night
664,2024,11/9/24,Boise St.,Nevada,FOX,later,1530.0,851.8647891163943,fox_friday_night
665,2024,11/9/24,Utah,BYU,ESPN,later,2070.0,1982.4905501362819,fox_friday_night
666,2024,11/9/24,Washington St.,Utah St.,CW,later,371.0,545.1213816203951,fox_friday_night
667,2024,11/12/24,Toledo,Central Michigan,ESPNU,later,56.0,87.52043303798413,fox_friday_night
668,2024,11/12/24,Bowling Green,Western Michigan,ESPN2,later,269.0,472.63410414762654,fox_friday_night
669,2024,11/13/24,Ohio,Eastern Michigan,ESPN2,later,381.0,332.54455325149615,fox_friday_night
670,2024,11/13/24,Miami Ohio,Kent St.,ESPNU,later,70.0,122.15164525662172,fox_friday_night
671,2024,11/14/24,Tulsa,East Carolina,ESPN,later,563.0,604.053822144489,fox_friday_night
672,2024,11/15/24,UTSA,North Texas,ESPN2,later,313.0,281.2990761864578,fox_friday_night
673,2024,11/15/24,Washington,UCLA,FOX,later,1260.0,1957.196651492754,fox_friday_night
674,2024,11/16/24,Pittsburgh,Clemson,ESPN,later,1850.0,1709.2793823013958,fox_friday_night
675,2024,11/16/24,Northwestern,Ohio St.,BTN,later,1890.0,1315.1408743963154,fox_friday_night
676,2024,11/16/24,Arkansas,Texas,ABC,later,4560.0,4489.531569123121,fox_friday_night
677,2024,11/16/24,Navy,Tulane,ESPN2,later,269.0,325.5283911603609,fox_friday_night
678,2024,11/16/24,Colorado,Utah,FOX,later,4000.0,3917.838006343014,fox_friday_night
679,2024,11/16/24,California,Syracuse,CW,later,298.0,467.40675813722464,fox_friday_night
680,2024,11/16/24,SMU,Boston College,ESPN,later,957.0,572.0272909594644,fox_friday_night
681,2024,11/16/24,Notre Dame,Virginia,NBC,later,1960.0,2413.997809393542,fox_friday_night
682,2024,11/16/24,Purdue,Penn St.,CBS,later,1800.0,2804.038787546038,fox_friday_night
683,2024,11/16/24,Florida,LSU,ABC,later,6020.0,4793.06420513758,fox_friday_night
684,2024,11/16/24,West Virginia,Baylor,ESPN2,later,513.0,612.9500356184876,fox_friday_night
685,2024,11/16/24,Old Dominion,James Madison,ESPNU,later,45.0,61.3397301964754,fox_friday_night
686,2024,11/16/24,USC,Nebraska,FOX,later,2980.0,2592.7425988472505,fox_friday_night
687,2024,11/16/24,Maryland,Rutgers,FS1,later,304.0,364.8648878534102,fox_friday_night
688,2024,11/16/24,Kansas St.,Arizona St.,ESPN,later,849.0,1133.465789595984,fox_friday_night
689,2024,11/16/24,Wisconsin,Oregon,NBC,later,4120.0,3087.7302006010977,fox_friday_night
690,2024,11/16/24,Georgia,Tennessee,ABC,later,9960.0,8591.852893967689,fox_friday_night
691,2024,11/16/24,Iowa St.,Cincinnati,FOX,later,1000.0,1291.1869672355704,fox_friday_night
692,2024,11/16/24,Memphis,UAB,ESPN2,later,117.0,207.36906405592458,fox_friday_night
693,2024,11/16/24,New Mexico,Washington St.,FS1,later,244.0,237.35866389012878,fox_friday_night
694,2024,11/16/24,BYU,Kansas,ESPN,later,1750.0,1785.782830666215,fox_friday_night
695,2024,11/19/24,Central Michigan,Western Michigan,ESPN2,later,236.0,335.1152418079976,fox_friday_night
696,2024,11/19/24,Miami Ohio,Northern Illinois,ESPN,later,497.0,657.2918849205939,fox_friday_night
697,2024,11/20/24,Eastern Michigan,Buffalo,ESPNU,later,64.0,120.61268403257024,fox_friday_night
698,2024,11/20/24,Toledo,Ohio,ESPN2,later,414.0,286.75664345962986,fox_friday_night
699,2024,11/21/24,Georgia Tech,North Carolina St.,ESPN,later,897.0,908.5132068287062,fox_friday_night
700,2024,11/22/24,UTSA,Temple,ESPN2,later,512.0,286.36134404890316,fox_friday_night
701,2024,11/22/24,Michigan St.,Purdue,FOX,later,1840.0,2695.7388193949546,fox_friday_night
702,2024,11/23/24,Florida,Mississippi,ABC,later,3820.0,4597.05181084365,fox_friday_night
703,2024,11/23/24,Maryland,Iowa,BTN,later,419.0,430.5012983977048,fox_friday_night
704,2024,11/23/24,Ohio St.,Indiana,FOX,later,9320.0,6293.073531221161,fox_friday_night
705,2024,11/23/24,Virginia,SMU,ESPN2,later,262.0,430.68404033740967,fox_friday_night
706,2024,11/23/24,Miami,Wake Forest,ESPN,later,985.0,983.3641729265221,fox_friday_night
707,2024,11/23/24,Nebraska,Wisconsin,BTN,later,1140.0,970.6068265321466,fox_friday_night
708,2024,11/23/24,Michigan,Northwestern,FS1,later,975.0,760.1645720422036,fox_friday_night
709,2024,11/23/24,Texas,Kentucky,ABC,later,4470.0,4136.272516177667,fox_friday_night
710,2024,11/23/24,Arizona St.,BYU,ESPN,later,1310.0,2122.4411277662425,fox_friday_night
711,2024,11/23/24,Kansas,Colorado,FOX,later,6220.0,5071.403752931874,fox_friday_night
712,2024,11/23/24,West Virginia,UCF,ESPNU,later,117.0,229.83024304169817,fox_friday_night
713,2024,11/23/24,Louisville,Pittsburgh,ESPN2,later,240.0,539.7692336703542,fox_friday_night
714,2024,11/23/24,Houston,Baylor,FS1,later,210.0,283.24683788409595,fox_friday_night
715,2024,11/23/24,Notre Dame,Army,NBC,later,3890.0,5275.742797233147,fox_friday_night
716,2024,11/23/24,Oregon St.,Washington St.,CW,later,695.0,529.9243530072443,fox_friday_night
717,2024,11/23/24,Utah,Iowa St.,FOX,later,1910.0,1363.9488249695846,fox_friday_night
718,2024,11/23/24,Old Dominion,Marshall,ESPNU,later,48.0,75.31157209219856,fox_friday_night
719,2024,11/23/24,Auburn,Texas A&M,ESPN,later,2530.0,2026.0603033977359,fox_friday_night
720,2024,11/23/24,Oklahoma,Alabama,ABC,later,6980.0,5927.604660159657,fox_friday_night
721,2024,11/23/24,Kansas St.,Cincinnati,ESPN2,later,369.0,474.3319598434446,fox_friday_night
722,2024,11/23/24,UCLA,USC,NBC,later,2160.0,1834.1293706430258,fox_friday_night
723,2024,11/23/24,Nevada,Air Force,FS1,later,98.0,149.0620377837128,fox_friday_night
724,2024,11/26/24,Akron,Toledo,ESPN2,later,347.0,235.4765115024623,fox_friday_night
725,2024,11/28/24,Tulane,Memphis,ESPN,later,655.0,794.5769012334536,fox_friday_night
726,2024,11/29/24,East Carolina,Navy,ESPN,later,626.0,707.8158245019954,fox_friday_night
727,2024,11/29/24,Boise St.,Oregon St.,FOX,later,1700.0,1693.9394976368644,fox_friday_night
728,2024,11/29/24,Wisconsin,Minnesota,CBS,later,2770.0,3700.704198868947,fox_friday_night
729,2024,11/29/24,Colorado,Oklahoma St.,ABC,later,3310.0,7157.779701679714,fox_friday_night
730,2024,11/29/24,Bowling Green,Miami Ohio,ESPNU,later,46.0,152.1803610490537,fox_friday_night
731,2024,11/29/24,Mississippi,Mississippi St.,ABC,later,4330.0,3344.863682698776,fox_friday_night
732,2024,11/29/24,Georgia,Georgia Tech,ABC,later,8470.0,5339.47957602297,fox_friday_night
733,2024,11/29/24,Iowa,Nebraska,NBC,later,3600.0,3057.900578474579,fox_friday_night
734,2024,11/29/24,UCF,Utah,FOX,later,844.0,1405.1339750903621,fox_friday_night
735,2024,11/30/24,Texas Tech,West Virginia,FS1,later,294.0,467.2619245751969,fox_friday_night
736,2024,11/30/24,Louisiana Monroe,Louisiana,ESPNU,later,9.0,55.71093918262047,fox_friday_night
737,2024,11/30/24,Ohio St.,Michigan,FOX,later,12300.0,10879.862284681572,fox_friday_night
738,2024,11/30/24,Northwestern,Illinois,BTN,later,275.0,337.81891213924507,fox_friday_night
739,2024,11/30/24,Clemson,South Carolina,ESPN,later,2400.0,2427.812914508423,fox_friday_night
740,2024,11/30/24,Baylor,Kansas,ESPN2,later,412.0,431.77181118960243,fox_friday_night
741,2024,11/30/24,Vanderbilt,Tennessee,ABC,later,3610.0,2403.816935397379,fox_friday_night
742,2024,11/30/24,SMU,California,ESPN2,later,228.0,508.27450254409,fox_friday_night
743,2024,11/30/24,Michigan St.,Rutgers,FS1,later,556.0,682.15275682127,fox_friday_night
744,2024,11/30/24,Alabama,Auburn,ABC,later,7160.0,8471.749647598841,fox_friday_night
745,2024,11/30/24,Syracuse,Miami,ESPN,later,2110.0,1873.922499474972,fox_friday_night
746,2024,11/30/24,Western Kentucky,Jacksonville St.,ESPNU,later,20.0,76.66014799443624,fox_friday_night
747,2024,11/30/24,Washington St.,Wyoming,CW,later,399.0,362.44859354693835,fox_friday_night
748,2024,11/30/24,Florida St.,Florida,ESPN2,later,1370.0,1089.1071680061018,fox_friday_night
749,2024,11/30/24,LSU,Oklahoma,ESPN,later,2090.0,2214.6310476061904,fox_friday_night
750,2024,11/30/24,Indiana,Purdue,FS1,later,717.0,660.918061486354,fox_friday_night
751,2024,11/30/24,Oregon,Washington,NBC,later,2570.0,2684.793851623039,fox_friday_night
752,2024,11/30/24,Iowa St.,Kansas St.,FOX,later,2010.0,1868.1862308719742,fox_friday_night
753,2024,11/30/24,Texas A&M,Texas,ABC,later,9450.0,7264.725407731408,fox_friday_night
754,2024,11/30/24,James Madison,Marshall,ESPNU,later,37.0,80.73773615588776,fox_friday_night
755,2024,11/30/24,BYU,Houston,ESPN,later,1560.0,1141.058966999305,fox_friday_night
756,2024,11/30/24,San Diego St.,Air Force,FS1,later,157.0,159.06537829979655,fox_friday_night
757,2024,12/6/24,Army,Tulane,ABC,later,2000.0,2706.822886634216,fox_friday_night
758,2024,12/6/24,Boise St.,UNLV,FOX,later,3010.0,4067.4531413683317,fox_friday_night
759,2024,12/7/24,Arizona St.,Iowa St.,ABC,later,6900.0,4026.3844945655933,fox_friday_night
760,2024,12/7/24,Miami Ohio,Ohio,ESPN,later,1130.0,571.5000590971126,fox_friday_night
761,2024,12/7/24,Texas,Georgia,ABC,later,16630.0,14301.52117870991,fox_friday_night
762,2024,12/7/24,Louisiana,Marshall,ESPN,later,392.0,493.9144930125808,fox_friday_night
763,2024,12/7/24,SMU,Clemson,ABC,later,5980.0,4448.703186410752,fox_friday_night
764,2024,12/7/24,Oregon,Penn St.,CBS,later,10500.0,8847.898512277345,fox_friday_night
765,2024,12/14/24,Army,Navy,CBS,later,9400.0,10677.53684794562,fox_friday_night
1813,2025,8/23/25,Kansas St.,Iowa St.,ESPN,Week0,4470.0,4392.245857311025,current
1814,2025,8/28/25,South Florida,Boise St.,ESPN,Week1,2040.0,1313.9826177865802,current
1815,2025,8/28/25,Cincinnati,Nebraska,ESPN,Week1,3330.0,2712.2927627822596,current
1816,2025,8/29/25,Charlotte,Appalachian St.,ESPNU,Week1,76.0,142.3248616706981,current
1817,2025,8/29/25,Colorado,Georgia Tech,ESPN,Week1,3740.0,1820.5800637823177,current
1818,2025,8/30/25,Ohio St.,Texas,FOX,Week1,16620.0,11837.886359195083,current
1819,2025,8/30/25,Southern Miss,Mississippi St.,ESPN,Week1,771.0,650.5585987741395,current
1820,2025,8/30/25,Tennessee,Syracuse,ABC,Week1,2590.0,2956.9975458381596,current
1821,2025,8/30/25,Tulane,Northwestern,ESPNU,Week1,75.0,91.74419845314529,current
1822,2025,8/30/25,Florida St.,Alabama,ABC,Week1,10660.0,9596.561125278746,current
1823,2025,8/30/25,Penn St.,Nevada,CBS,Week1,2240.0,2462.10289780354,current
1824,2025,8/30/25,Georgia,Marshall,ESPN,Week1,1670.0,1629.1695939470296,current
1825,2025,8/30/25,Texas A&M,UTSA,ESPN,Week1,1070.0,1246.3691315960687,current
1826,2025,8/30/25,Clemson,LSU,ABC,Week1,10450.0,10176.721908254342,current
1827,2025,8/30/25,Oregon St.,California,ESPN,Week1,565.0,1029.1598900380704,current
1828,2025,8/31/25,South Carolina,Virginia Tech,ESPN,Week1,5430.0,3463.9658669345445,current
1829,2025,8/31/25,Miami,Notre Dame,ABC,Week1,10800.0,10889.94205084841,current
1830,2025,9/1/25,North Carolina,TCU,ESPN,Week1,6070.0,2862.0502510183155,current
1831,2025,9/5/25,Louisville,James Madison,ESPN2,later,893.0,844.7001482343114,current
1832,2025,9/6/25,Pittsburgh,Central Michigan,ESPNU,later,125.0,124.74492141253525,current
1833,2025,9/6/25,Duke,Illinois,ESPN,later,2180.0,1216.3217747982214,current
1834,2025,9/6/25,Texas,San Jose St.,ABC,later,3750.0,2961.180557587325,current
1835,2025,9/6/25,SMU,Baylor,CW,later,1130.0,489.5131658150825,current
1836,2025,9/6/25,Iowa St.,Iowa,FOX,later,4280.0,2796.918759425749,current
1837,2025,9/6/25,North Carolina St.,Virginia,ESPN2,later,659.0,553.9638873494223,current
1838,2025,9/6/25,Oregon,Oklahoma St.,CBS,later,2320.0,3162.8314095764367,current
1839,2025,9/6/25,Missouri,Kansas,ESPN2,later,1830.0,785.2178308040109,current
1840,2025,9/6/25,Kentucky,Mississippi,ABC,later,4780.0,3426.9899760220515,current
1841,2025,9/6/25,Colorado,Delaware,FOX,later,2690.0,1666.2777127548673,current
1842,2025,9/6/25,Oregon St.,Fresno St.,CW,later,658.0,484.7437483665169,current
1843,2025,9/6/25,Ohio,West Virginia,ESPNU,later,234.0,184.68823059291628,current
1844,2025,9/6/25,Kansas St.,Army,ESPN,later,873.0,1149.4896724726161,current
1845,2025,9/6/25,Oklahoma,Michigan,ABC,later,9670.0,8000.159154798709,current
1846,2025,9/6/25,Auburn,Ball St.,ESPNU,later,158.0,239.48774377728958,current
1847,2025,9/6/25,Mississippi St.,Arizona St.,ESPN2,later,953.0,812.7980781332343,current
1848,2025,9/6/25,BYU,Stanford,ESPN,later,1210.0,1151.0132426486957,current
1849,2025,9/6/25,Washington St.,San Diego St.,CW,later,541.0,479.1016151955386,current
1850,2025,9/11/25,Wake Forest,North Carolina St.,ESPN,later,1180.0,996.7428132957266,current
1851,2025,9/12/25,Houston,Colorado,ESPN,later,2940.0,1644.7666237913186,current
1852,2025,9/13/25,Temple,Oklahoma,ESPN2,later,787.0,665.1020254966614,current
1853,2025,9/13/25,Alabama,Wisconsin,ABC,later,4510.0,6672.569945398081,current
1854,2025,9/13/25,Georgia Tech,Clemson,ESPN,later,4760.0,1809.950912198295,current
1855,2025,9/13/25,Troy,Memphis,ESPNU,later,49.0,80.06665016526122,current
1856,2025,9/13/25,Tennessee,Georgia,ABC,later,12580.0,8809.457513469148,current
1857,2025,9/13/25,West Virginia,Pittsburgh,ESPN,later,1890.0,1764.3075834022288,current
1858,2025,9/13/25,North Texas,Washington St.,ESPNU,later,65.0,92.1378433896067,current
1859,2025,9/13/25,Arkansas St.,Iowa St.,ESPN2,later,523.0,562.7974537605028,current
1860,2025,9/13/25,Miami,South Florida,CW,later,720.0,1606.2494857324623,current
1861,2025,9/13/25,Mississippi,Arkansas,ESPN,later,1440.0,1900.3601410736358,current
1862,2025,9/13/25,Notre Dame,Texas A&M,NBC,later,6200.0,5949.081996373166,current
1863,2025,9/13/25,LSU,Florida,ABC,later,7640.0,6805.053119612598,current
1864,2025,9/13/25,Kentucky,Eastern Michigan,ESPNU,later,111.0,127.06766776469482,current
1865,2025,9/13/25,Tulane,Duke,ESPN2,later,150.0,310.56759494625896,current
1866,2025,9/13/25,California,Minnesota,ESPN,later,958.0,1362.9241893365397,current
1867,2025,9/18/25,Charlotte,Rice,ESPN,later,671.0,267.0367293696395,current
1868,2025,9/19/25,Oklahoma St.,Tulsa,ESPN,later,1570.0,1548.6406079906264,current
1869,2025,9/19/25,Rutgers,Iowa,FOX,later,3010.0,2652.5644150203625,current
1870,2025,9/20/25,Memphis,Arkansas,ABC,later,2110.0,1758.2820106557142,current
1871,2025,9/20/25,Clemson,Syracuse,ESPN,later,3390.0,1772.9905729586942,current
1872,2025,9/20/25,Miami Ohio,UNLV,ESPNU,later,74.0,107.09025542400357,current
1873,2025,9/20/25,TCU,SMU,ESPN2,later,662.0,467.0738792715821,current
1874,2025,9/20/25,Wisconsin,Maryland,NBC,later,2000.0,1450.5169686353868,current
1875,2025,9/20/25,Utah,Texas Tech,FOX,later,4040.0,2962.5624029564647,current
1876,2025,9/20/25,Oklahoma,Auburn,ABC,later,6120.0,4968.84765656118,current
1877,2025,9/20/25,Liberty,James Madison,ESPNU,later,67.0,56.367396626255854,current
1878,2025,9/20/25,Nebraska,Michigan,CBS,later,5300.0,6236.507510773776,current
1879,2025,9/20/25,Mississippi,Tulane,ESPN,later,1050.0,878.5431095842396,current
1880,2025,9/20/25,Duke,North Carolina St.,ESPN2,later,663.0,692.837346755407,current
1881,2025,9/20/25,Missouri,South Carolina,ESPN,later,1850.0,1676.4419608970334,current
1882,2025,9/20/25,Indiana,Illinois,NBC,later,2700.0,2298.4133735059927,current
1883,2025,9/20/25,Miami,Florida,ABC,later,6460.0,5136.732033332346,current
1884,2025,9/20/25,Vanderbilt,Georgia St.,ESPNU,later,52.0,97.48474349202014,current
1885,2025,9/20/25,East Carolina,BYU,ESPN2,later,623.0,460.16499862056617,current
1886,2025,9/20/25,Washington St.,Washington,CBS,later,1650.0,2899.3131514481856,current
1887,2025,9/20/25,Colorado,Wyoming,ESPN,later,1340.0,1062.834195402761,current
1888,2025,9/25/25,East Carolina,Army,ESPN,later,891.0,936.3839439543766,current
1889,2025,9/26/25,Virginia,Florida St.,ESPN,later,4390.0,3249.412517801399,current
1890,2025,9/26/25,Oregon St.,Houston,ESPN,later,1550.0,1278.6536616976293,current
1891,2025,9/27/25,Illinois,USC,FOX,later,4120.0,3276.2321708195414,current
1892,2025,9/27/25,Wake Forest,Georgia Tech,ESPN,later,1850.0,937.074378234822,current
1893,2025,9/27/25,North Texas,South Alabama,ESPNU,later,50.0,57.22668391370614,current
1894,2025,9/27/25,Arkansas,Notre Dame,ABC,later,4260.0,4628.591304673452,current
1895,2025,9/27/25,Pittsburgh,Louisville,ESPN2,later,580.0,583.7252399143267,current
1896,2025,9/27/25,Oklahoma St.,Baylor,ESPN2,later,396.0,672.9615518993346,current
1897,2025,9/27/25,Mississippi,LSU,ABC,later,6690.0,5403.30450357216,current
1898,2025,9/27/25,Texas A&M,Auburn,ESPN,later,2470.0,3379.9671749842664,current
1899,2025,9/27/25,Washington,Ohio St.,CBS,later,5230.0,4754.055823885268,current
1900,2025,9/27/25,Tulsa,Tulane,ESPNU,later,31.0,84.92941881963267,current
1901,2025,9/27/25,FAU,Memphis,ESPN2,later,151.0,194.65802306125835,current
1902,2025,9/27/25,Iowa St.,Arizona,ESPN,later,1150.0,1096.140580597154,current
1903,2025,9/27/25,Georgia,Alabama,ABC,later,10420.0,9928.293438579592,current
1904,2025,9/27/25,Penn St.,Oregon,NBC,later,8500.0,4468.899681977244,current
1905,2025,9/27/25,Missouri,Massachusetts,ESPNU,later,102.0,125.46907540467227,current
1906,2025,9/27/25,Colorado,BYU,ESPN,later,2460.0,1807.374446626537,current
1907,2025,10/3/25,South Florida,Charlotte,ESPN2,later,749.0,370.00986827163945,current
1908,2025,10/3/25,BYU,West Virginia,ESPN,later,1410.0,1795.261506541272,current
1909,2025,10/4/25,Navy,Air Force,CBS,later,1380.0,1037.4938542447942,current
1910,2025,10/4/25,Georgia,Kentucky,ABC,later,3680.0,3629.3556394199313,current
1911,2025,10/4/25,North Carolina,Clemson,ESPN,later,1870.0,1445.3364587420556,current
1912,2025,10/4/25,UAB,Army,ESPNU,later,49.0,100.67055577900248,current
1913,2025,10/4/25,Cincinnati,Iowa St.,ESPN2,later,1110.0,750.5514937553505,current
1914,2025,10/4/25,Michigan,Wisconsin,FOX,later,4630.0,4380.830743032749,current
1915,2025,10/4/25,Virginia Tech,Wake Forest,CW,later,463.0,449.42282691751586,current
1916,2025,10/4/25,Alabama,Vanderbilt,ABC,later,6410.0,4928.197255176857,current
1917,2025,10/4/25,Florida,Texas,ESPN,later,3980.0,4170.218870158143,current
1918,2025,10/4/25,Louisville,Virginia,ESPN2,later,603.0,760.5495035369067,current
1919,2025,10/4/25,UCLA,Penn St.,CBS,later,3130.0,3564.214380195878,current
1920,2025,10/4/25,Nebraska,Michigan St.,FS1,later,1500.0,1285.6756331736178,current
1921,2025,10/4/25,Arkansas St.,Texas St.,ESPNU,later,22.0,45.351582298273044,current
1922,2025,10/4/25,Houston,Texas Tech,ESPN,later,1450.0,1129.6941356890159,current
1923,2025,10/4/25,TCU,Colorado,FOX,later,2140.0,1891.211090306966,current
1924,2025,10/4/25,UCF,Kansas,ESPN2,later,583.0,663.9798821814768,current
1925,2025,10/4/25,Ohio St.,Minnesota,NBC,later,3700.0,4661.868590182259,current
1926,2025,10/4/25,Florida St.,Miami,ABC,later,6030.0,5620.8629743912015,current
1927,2025,10/4/25,Memphis,Tulsa,ESPNU,later,41.0,84.94537525646189,current
1928,2025,10/4/25,California,Duke,ESPN,later,1000.0,927.2201001541898,current
1929,2025,10/8/25,Middle Tennessee St.,Missouri State,ESPN2,later,338.0,233.78487129986212,current
1930,2025,10/9/25,Kennesaw State,Louisiana Tech,ESPNU,later,53.0,104.15336955110992,current
1931,2025,10/9/25,Tulane,East Carolina,ESPN,later,576.0,601.8054376017669,current
1932,2025,10/9/25,Georgia Southern,Southern Miss,ESPN2,later,145.0,231.02505066120807,current
1933,2025,10/10/25,North Texas,South Florida,ESPN2,later,1100.0,587.1253034934266,current
1934,2025,10/11/25,Bowling Green,Toledo,ESPNU,later,27.0,55.785541911953466,current
1935,2025,10/11/25,Missouri,Alabama,ABC,later,6990.0,6378.675267032836,current
1936,2025,10/11/25,Florida St.,Pittsburgh,ESPN,later,2050.0,1653.2870413969474,current
1937,2025,10/11/25,James Madison,Louisiana,ESPN2,later,207.0,158.8527729392851,current
1938,2025,10/11/25,SMU,Stanford,CW,later,249.0,295.54010914566777,current
1939,2025,10/11/25,Illinois,Ohio St.,FOX,later,5280.0,4927.6973575452585,current
1940,2025,10/11/25,Colorado,Iowa St.,ESPN,later,1440.0,1434.1398652002522,current
1941,2025,10/11/25,Texas,Oklahoma,ABC,later,8730.0,6860.116171772238,current
1942,2025,10/11/25,Oregon,Indiana,CBS,later,5590.0,5253.817905439348,current
1943,2025,10/11/25,Oregon St.,Wake Forest,CW,later,257.0,333.00990627549106,current
1944,2025,10/11/25,Temple,Navy,ESPN2,later,215.0,272.1633930191788,current
1945,2025,10/11/25,Texas A&M,Florida,ESPN,later,2620.0,4110.092440041849,current
1946,2025,10/11/25,Auburn,Georgia,ABC,later,6690.0,6192.602125098571,current
1947,2025,10/11/25,UTSA,Rice,ESPNU,later,20.0,44.65455624282906,current
1948,2025,10/11/25,Arizona,BYU,ESPN2,later,868.0,844.3412993476815,current
1949,2025,10/11/25,Utah,Arizona St.,ESPN,later,1270.0,1261.8591814432664,current
1950,2025,10/14/25,South Alabama,Arkansas St.,ESPN2,later,306.0,242.8926119859753,current
1951,2025,10/14/25,Western Kentucky,FIU,ESPNU,later,47.0,71.90331883332229,current
1952,2025,10/15/25,Jacksonville St.,Delaware,ESPN,later,580.0,528.6678138831431,current
1953,2025,10/16/25,East Carolina,Tulsa,ESPN,later,527.0,554.3898465807113,current
1954,2025,10/17/25,Miami,Louisville,ESPN,later,3410.0,2835.804754544023,current
1955,2025,10/17/25,Minnesota,Nebraska,FOX,later,2660.0,4167.902151965654,current
1956,2025,10/17/25,California,North Carolina,ESPN,later,1580.0,1356.279483630596,current
1957,2025,10/18/25,TCU,Baylor,ESPN2,later,423.0,504.4820233452291,current
1958,2025,10/18/25,Duke,Georgia Tech,ESPN,later,1710.0,924.8307906572651,current
1959,2025,10/18/25,Michigan,Washington,FOX,later,4320.0,3013.6525064642838,current
1960,2025,10/18/25,Vanderbilt,LSU,ABC,later,5940.0,3036.9317563951436,current
1961,2025,10/18/25,Tulane,Army,ESPNU,later,70.0,95.17544594475115,current
1962,2025,10/18/25,James Madison,Old Dominion,ESPNU,later,37.0,79.69360253855456,current
1963,2025,10/18/25,Arkansas,Texas A&M,ESPN,later,1570.0,3008.7885805102324,current
1964,2025,10/18/25,Wisconsin,Ohio St.,CBS,later,4030.0,5704.415017571293,current
1965,2025,10/18/25,Georgia,Mississippi,ABC,later,9790.0,8733.458025505157,current
1966,2025,10/18/25,UAB,Memphis,ESPN2,later,246.0,285.52054648450434,current
1967,2025,10/18/25,Arizona St.,Texas Tech,FOX,later,2560.0,2328.3503982431557,current
1968,2025,10/18/25,Virginia,Washington St.,CW,later,594.0,470.1557930724622,current
1969,2025,10/18/25,Rutgers,Oregon,BTN,later,530.0,600.3523522180558,current
1970,2025,10/18/25,UCLA,Maryland,FS1,later,410.0,317.4358603899435,current
1971,2025,10/18/25,Kentucky,Texas,ESPN,later,2640.0,1781.6845698280697,current
1972,2025,10/18/25,Alabama,Tennessee,ABC,later,8010.0,8327.968896530216,current
1973,2025,10/18/25,South Florida,FAU,ESPNU,later,38.0,55.664502120664295,current
1974,2025,10/18/25,Notre Dame,USC,NBC,later,4640.0,3607.4211781547374,current
1975,2025,10/18/25,BYU,Utah,FOX,later,1970.0,2521.81893158996,current
1976,2025,10/18/25,Oklahoma St.,Cincinnati,ESPN2,later,316.0,436.43221503512126,current
1977,2025,10/18/25,Oregon St.,Lafayette,CW,later,304.0,304.7930313999586,current
1978,2025,10/18/25,Stanford,Florida St.,ESPN,later,1420.0,1447.6371107294885,current
1979,2025,10/21/25,FIU,Kennesaw State,ESPN2,later,282.0,304.3786653739071,current
1980,2025,10/22/25,Delaware,Middle Tennessee St.,ESPN2,later,417.0,275.32145407428874,current
1981,2025,10/23/25,Georgia St.,South Alabama,ESPN2,later,400.0,238.9578707884197,current
1982,2025,10/24/25,Charlotte,North Texas,ESPN2,later,317.0,218.20115736696135,current
1983,2025,10/24/25,Virginia Tech,California,ESPN,later,1110.0,1680.8850127377652,current
1984,2025,10/25/25,Memphis,South Florida,ESPN2,later,392.0,340.5708308480976,current
1985,2025,10/25/25,Old Dominion,Appalachian St.,ESPNU,later,33.0,101.38376427624598,current
1986,2025,10/25/25,Indiana,UCLA,FOX,later,3020.0,2733.919382124308,current
1987,2025,10/25/25,Oklahoma,Mississippi,ABC,later,6550.0,5626.090961331615,current
1988,2025,10/25/25,Georgia Tech,Syracuse,ESPN,later,1270.0,1346.0018781690426,current
1989,2025,10/25/25,Wake Forest,SMU,CW,later,285.0,312.1571205569073,current
1990,2025,10/25/25,Washington St.,Toledo,CW,later,311.0,272.02711278634354,current
1991,2025,10/25/25,Iowa St.,BYU,FOX,later,2570.0,2515.2823528596746,current
1992,2025,10/25/25,South Carolina,Alabama,ABC,later,7840.0,6305.05093264833,current
1993,2025,10/25/25,Vanderbilt,Missouri,ESPN,later,3070.0,2190.3830736093687,current
1994,2025,10/25/25,Iowa,Minnesota,CBS,later,1600.0,2484.050369728594,current
1995,2025,10/25/25,Texas Tech,Oklahoma St.,ESPNU,later,110.0,242.2245103611659,current
1996,2025,10/25/25,Cincinnati,Baylor,ESPN2,later,453.0,604.8737873619767,current
1997,2025,10/25/25,Oregon,Wisconsin,FS1,later,1170.0,1172.842702621978,current
1998,2025,10/25/25,Miami,Stanford,ESPN,later,1210.0,1490.495993662383,current
1999,2025,10/25/25,Michigan St.,Michigan,NBC,later,3630.0,4101.745405273899,current
2000,2025,10/25/25,LSU,Texas A&M,ABC,later,6760.0,6941.184871787614,current
2001,2025,10/25/25,Arizona St.,Houston,ESPN2,later,402.0,558.1303732984977,current
2002,2025,10/25/25,Utah,Colorado,ESPN,later,1290.0,1470.118707797527,current
2003,2025,10/28/25,Texas St.,James Madison,ESPN2,later,245.0,287.41240620225227,current
2004,2025,10/28/25,Kennesaw State,UTEP,ESPNU,later,50.0,107.10632044570644,current
2005,2025,10/29/25,Middle Tennessee St.,Jacksonville St.,ESPN2,later,303.0,286.4208711557052,current
2006,2025,10/30/25,Coastal Carolina,Marshall,ESPN2,later,288.0,303.72590363677466,current
2007,2025,10/30/25,UTSA,Tulane,ESPN,later,659.0,475.1195082990487,current
2008,2025,10/31/25,Rice,Memphis,ESPN2,later,244.0,519.171913846383,current
2009,2025,10/31/25,Syracuse,North Carolina,ESPN,later,983.0,1432.8121807169728,current
2010,2025,11/1/25,Ohio St.,Penn St.,FOX,later,7190.0,7020.876158671123,current
2011,2025,11/1/25,Baylor,UCF,ESPNU,later,58.0,141.1697006694314,current
2012,2025,11/1/25,North Texas,Navy,ESPN2,later,216.0,218.18647544499726,current
2013,2025,11/1/25,SMU,Miami,ESPN,later,1500.0,1193.3125818866974,current
2014,2025,11/1/25,Texas,Vanderbilt,ABC,later,4510.0,3864.1093272441103,current
2015,2025,11/1/25,Air Force,Army,CBS,later,1030.0,1062.8328978341947,current
2016,2025,11/1/25,Virginia Tech,Louisville,CW,later,593.0,726.5431262472174,current
2017,2025,11/1/25,Maryland,Indiana,CBS,later,2890.0,2555.3866259382894,current
2018,2025,11/1/25,Boston College,Notre Dame,ESPN,later,1730.0,1503.968551650254,current
2019,2025,11/1/25,Kansas St.,Texas Tech,FOX,later,3130.0,2009.7138990088138,current
2020,2025,11/1/25,Florida,Georgia,ABC,later,7790.0,7054.950303552849,current
2021,2025,11/1/25,California,Virginia,ESPN2,later,326.0,592.3028528961579,current
2022,2025,11/1/25,Western Michigan,Central Michigan,ESPNU,later,32.0,67.01523797410273,current
2023,2025,11/1/25,Colorado,Arizona,FS1,later,374.0,405.0509941349121,current
2024,2025,11/1/25,Mississippi,South Carolina,ESPN,later,1320.0,2225.4626054092405,current
2025,2025,11/1/25,Michigan,Purdue,BTN,later,1610.0,1019.398434683169,current
2026,2025,11/1/25,Oregon St.,Washington St.,CBS,later,823.0,904.8792224910153,current
2027,2025,11/1/25,Nebraska,USC,NBC,later,2200.0,3273.0329712946996,current
2028,2025,11/1/25,Tennessee,Oklahoma,ABC,later,4810.0,5820.318204303682,current
2029,2025,11/1/25,North Carolina St.,Georgia Tech,ESPN2,later,604.0,665.7457867337004,current
2030,2025,11/1/25,Troy,Arkansas St.,ESPNU,later,9.0,52.2470245642538,current
2031,2025,11/1/25,Utah,Cincinnati,ESPN,later,819.0,2036.6345572499063,current
2032,2025,11/4/25,Ohio,Miami Ohio,ESPN2,later,470.0,388.5009193536288,current
2033,2025,11/5/25,Toledo,Northern Illinois,ESPN2,later,301.0,292.81320822373056,current
2034,2025,11/5/25,Ball St.,Kent St.,ESPNU,later,99.0,98.5967033182958,current
2035,2025,11/6/25,South Florida,UTSA,ESPN,later,586.0,473.14990756254986,current
2036,2025,11/6/25,Appalachian St.,Georgia Southern,ESPN2,later,220.0,364.4068878812511,current
2037,2025,11/7/25,UCF,Houston,FS1,later,652.0,503.3461496195375,current
2038,2025,11/7/25,Memphis,Tulane,ESPN,later,792.0,826.8488869525345,current
2039,2025,11/7/25,USC,Northwestern,FOX,later,1911.0,2286.2322600139905,current
2040,2025,11/8/25,Penn St.,Indiana,FOX,later,6025.0,3246.4729016364727,current
2041,2025,11/8/25,Arkansas St.,Southern Miss,ESPNU,later,27.0,51.258652396382054,current
2042,2025,11/8/25,Mississippi St.,Georgia,ESPN,later,2324.0,2894.6701431842866,current
2043,2025,11/8/25,Marshall,James Madison,ESPN2,later,118.0,186.566717402631,current
2044,2025,11/8/25,Texas Tech,BYU,ABC,later,3976.0,5218.777075469519,current
2045,2025,11/8/25,Purdue,Ohio St.,BTN,later,1847.0,1753.8872748036392,current
2046,2025,11/8/25,Rutgers,Maryland,FS1,later,261.0,347.6757711399061,current
2047,2025,11/8/25,TCU,Iowa St.,FOX,later,2419.0,1550.6033507014968,current
2048,2025,11/8/25,Iowa,Oregon,CBS,later,5370.0,3935.5952524378636,current
2049,2025,11/8/25,Missouri,Texas A&M,ABC,later,4871.0,5525.860209914408,current
2050,2025,11/8/25,Arizona,Kansas,ESPN2,later,480.0,486.43164549565245,current
2051,2025,11/8/25,Miami,Syracuse,ESPN,later,1198.0,1267.1706164597776,current
2052,2025,11/8/25,North Carolina,Stanford,CW,later,514.0,519.8550758907476,current
2053,2025,11/8/25,Wisconsin,Washington,BTN,later,1088.0,755.841202976539,current
2054,2025,11/8/25,San Jose St.,Air Force,FS1,later,203.0,151.44522000822525,current
2055,2025,11/8/25,Virginia,Wake Forest,ESPN,later,734.0,869.2517739516175,current
2056,2025,11/8/25,Louisville,California,ESPN2,later,450.0,622.9944040931507,current
2057,2025,11/8/25,Notre Dame,Navy,NBC,later,3192.0,2650.921016050524,current
2058,2025,11/8/25,Alabama,LSU,ABC,later,7540.0,9952.870046517291,current
2059,2025,11/8/25,UCLA,Nebraska,FOX,later,2248.0,1839.8035272900659,current
2060,2025,11/8/25,Colorado St.,UNLV,FS1,later,152.0,218.7355167368501,current
2061,2025,11/8/25,Oregon St.,Sam Houston,CW,later,295.0,233.63733255968535,current
2062,2025,11/11/25,Akron,Kent St.,ESPNU,later,70.0,83.23785592381897,current
2063,2025,11/11/25,Western Michigan,Ohio,ESPN2,later,312.0,471.69485898622725,current
2064,2025,11/12/25,Miami Ohio,Toledo,ESPN2,later,349.0,310.57520273742205,current
2065,2025,11/12/25,Massachusetts,Northern Illinois,ESPNU,later,33.0,90.16167857101144,current
2066,2025,11/13/25,Old Dominion,Troy,ESPN,later,508.0,391.722282179379,current
2067,2025,11/14/25,Louisville,Clemson,ESPN,later,2564.0,2075.23213146369,current
2068,2025,11/14/25,Oregon,Minnesota,FOX,later,2327.0,3016.744971866376,current
2069,2025,11/15/25,Indiana,Wisconsin,BTN,later,1058.0,956.7399861392967,current
2070,2025,11/15/25,Texas A&M,South Carolina,ESPN,later,4281.0,2712.5337945455017,current
2071,2025,11/15/25,Pittsburgh,Notre Dame,ABC,later,3957.0,5546.961891762567,current
2072,2025,11/15/25,Navy,South Florida,ESPN2,later,463.0,341.7138912285869,current
2073,2025,11/15/25,Oklahoma St.,Kansas St.,ESPNU,later,133.0,153.1537926390286,current
2074,2025,11/15/25,Cincinnati,Arizona,FS1,later,299.0,396.81960862898757,current
2075,2025,11/15/25,Northwestern,Michigan,FOX,later,3764.0,2901.9176494044655,current
2076,2025,11/15/25,Texas Tech,UCF,FOX,later,1398.0,1949.5746093781854,current
2077,2025,11/15/25,Alabama,Oklahoma,ABC,later,10479.0,10101.519068845593,current
2078,2025,11/15/25,USC,Iowa,BTN,later,1440.0,1486.597749168735,current
2079,2025,11/15/25,Illinois,Maryland,FS1,later,316.0,342.8211391000124,current
2080,2025,11/15/25,Miami,North Carolina St.,ESPN,later,1380.0,1067.2096909796282,current
2081,2025,11/15/25,Duke,Virginia,ESPN2,later,443.0,452.0578317884945,current
2082,2025,11/15/25,Michigan St.,Penn St.,CBS,later,2476.0,2246.444199888758,current
2083,2025,11/15/25,East Carolina,Memphis,ESPNU,later,54.0,70.97912721319298,current
2084,2025,11/15/25,Wake Forest,North Carolina,CW,later,402.0,378.56592690416517,current
2085,2025,11/15/25,Mississippi,Florida,ESPN,later,2501.0,2343.3542323475817,current
2086,2025,11/15/25,Baylor,Utah,ESPN2,later,415.0,498.88903280765135,current
2087,2025,11/15/25,Washington,Purdue,FS1,later,457.0,422.26701764322274,current
2088,2025,11/15/25,Georgia,Texas,ABC,later,10432.0,10280.56077776483,current
2089,2025,11/15/25,Ohio St.,UCLA,NBC,later,3376.0,3168.475913442635,current
2090,2025,11/15/25,Jacksonville St.,Kennesaw State,ESPNU,later,31.0,58.15259652604381,current
2091,2025,11/15/25,Washington St.,Louisiana Tech,CW,later,301.0,381.9294735301415,current
2092,2025,11/15/25,BYU,TCU,ESPN,later,1563.0,1957.3794176301885,current
2093,2025,11/15/25,Fresno St.,Wyoming,FS1,later,121.0,227.16601430735585,current
2094,2025,11/21/25,North Carolina St.,Florida St.,ESPN,later,2127.0,2057.5370644692885,current
2095,2025,11/21/25,UNLV,Hawaii,FS1,later,259.0,333.7831280175659,current
2096,2025,11/22/25,Maryland,Michigan,BTN,later,1500.0,901.586789004521,current
2097,2025,11/22/25,Oregon,USC,CBS,later,5428.0,5006.67511492168,current
2098,2025,11/22/25,Iowa,Michigan St.,FS1,later,1103.0,870.389679309822,current
2099,2025,11/22/25,Ohio St.,Rutgers,FOX,later,4063.0,3892.5287387522053,current
2100,2025,11/22/25,SMU,Louisville,ESPN2,later,306.0,335.1244165825738,current
2101,2025,11/22/25,Iowa St.,Kansas,FS1,later,539.0,454.7226844244724,current
2102,2025,11/22/25,UCLA,Washington,NBC,later,1617.0,1801.2926413761288,current
2103,2025,11/22/25,Vanderbilt,Kentucky,ESPN,later,1144.0,826.7773057365832,current
2104,2025,11/22/25,San Diego St.,San Jose St.,FS1,later,120.0,202.98623264163993,current
2105,2025,11/22/25,Utah,Kansas St.,ESPN2,later,955.0,633.7152377169647,current
2106,2025,11/22/25,Colorado,Arizona St.,ESPN2,later,1106.0,621.9412809585551,current
2107,2025,11/22/25,Temple,Tulane,ESPNU,later,26.0,62.06984163200535,current
2108,2025,11/22/25,Northwestern,Minnesota,BTN,later,421.0,459.8592376173442,current
2109,2025,11/22/25,Wisconsin,Illinois,BTN,later,979.0,774.9811279241615,current
2110,2025,11/22/25,Florida,Tennessee,ABC,later,4761.0,4519.042581572596,current
2111,2025,11/22/25,Georgia Tech,Pittsburgh,ESPN,later,2034.0,1395.1985145393476,current
2112,2025,11/22/25,Texas,Arkansas,ABC,later,5612.0,3393.377196387494,current
2113,2025,11/22/25,Penn St.,Nebraska,NBC,later,3104.0,3404.6095708476178,current
2114,2025,11/22/25,Virginia Tech,Miami,ESPN,later,1942.0,1632.777662553974,current
2115,2025,11/22/25,Boise St.,Colorado St.,FS1,later,299.0,313.96366485529035,current
2116,2025,11/22/25,Cincinnati,BYU,FOX,later,2598.0,1803.0947971032317,current
2117,2025,11/22/25,Houston,TCU,FOX,later,1300.0,1407.4981473964235,current
2118,2025,11/22/25,Oklahoma,Missouri,ABC,later,5365.0,4881.570776077443,current
2119,2025,11/22/25,Notre Dame,Syracuse,NBC,later,1887.0,2310.554278677403,current
2120,2025,11/25/25,Eastern Michigan,Western Michigan,ESPN2,later,403.0,335.3636918386111,current
2121,2025,11/25/25,Massachusetts,Bowling Green,ESPNU,later,60.0,88.44178590878474,current
2122,2025,11/27/25,Memphis,Navy,ESPN,later,780.0,742.8410809011091,current
2123,2025,11/28/25,Nebraska,Iowa,CBS,later,3769.0,4436.982167336764,current
2124,2025,11/28/25,Mississippi St.,Mississippi,ABC,later,5232.0,4035.1464897293854,current
2125,2025,11/28/25,Kansas,Utah,ESPN,later,1116.0,1482.946420711643,current
2126,2025,11/28/25,Buffalo,Ohio,ESPNU,later,63.0,101.61349685287215,current
2127,2025,11/28/25,Colorado St.,Air Force,FS1,later,148.0,203.04582209842704,current
2128,2025,11/28/25,Georgia Tech,Georgia,ABC,later,8716.0,9709.250557618694,current
2129,2025,11/28/25,North Texas,Temple,ESPN,later,480.0,373.7665005756719,current
2130,2025,11/28/25,Utah St.,Boise St.,CBS,later,2008.0,1180.5021553688807,current
2131,2025,11/28/25,Texas,Texas A&M,ABC,later,13044.0,13413.278918470705,current
2132,2025,11/28/25,Purdue,Indiana,NBC,later,2685.0,1696.0879671758544,current
2133,2025,11/28/25,Arizona St.,Arizona,FOX,later,1824.0,2326.0839787765567,current
2134,2025,11/29/25,San Jose St.,Fresno St.,FS1,later,223.0,194.9883562029858,current
2135,2025,11/29/25,Illinois,Northwestern,FOX,later,1527.0,1238.1957120505065,current
2136,2025,11/29/25,Virginia,Virginia Tech,ESPN,later,1404.0,1406.1442605649615,current
2137,2025,11/29/25,Tulane,Charlotte,ESPNU,later,38.0,44.65426350109961,current
2138,2025,11/29/25,Pittsburgh,Miami,ABC,later,2217.0,2760.944833278516,current
2139,2025,11/29/25,California,SMU,ESPN2,later,531.0,342.0934188594616,current
2140,2025,11/29/25,Washington,Oregon,CBS,later,4270.0,3576.413566755248,current
2141,2025,11/29/25,Oklahoma,LSU,ABC,later,6385.0,5414.9709397185325,current
2142,2025,11/29/25,Rutgers,Penn St.,BTN,later,950.0,606.1530441136936,current
2143,2025,11/29/25,Kansas St.,Colorado,FS1,later,467.0,314.4960570226744,current
2144,2025,11/29/25,Florida,Florida St.,ESPN2,later,1761.0,1182.854061580846,current
2145,2025,11/29/25,Oklahoma St.,Iowa St.,ESPNU,later,148.0,138.47150400453785,current
2146,2025,11/29/25,Coastal Carolina,James Madison,ESPNU,later,36.0,57.530953840828474,current
2147,2025,11/29/25,Tennessee,Vanderbilt,ESPN,later,4010.0,3593.607395816827,current
2148,2025,11/29/25,Minnesota,Wisconsin,FS1,later,1274.0,974.5291023829907,current
2149,2025,11/29/25,Auburn,Alabama,ABC,later,11310.0,9200.289552688884,current
2150,2025,11/29/25,BYU,UCF,ESPN2,later,716.0,501.4184454800019,current
2151,2025,11/29/25,Syracuse,Boston College,CW,later,305.0,317.16758483303244,current
2152,2025,11/29/25,TCU,Cincinnati,FOX,later,2741.0,1328.117427499802,current
2153,2025,11/29/25,Stanford,Notre Dame,ESPN,later,1518.0,2685.7571510443686,current
2154,2025,11/29/25,USC,UCLA,NBC,later,2224.0,2091.408583451444,current
2155,2025,11/29/25,Michigan St.,Maryland,FS1,later,660.0,477.20232253218273,current
2156,2025,11/29/25,West Virginia,Texas Tech,ESPN,later,895.0,1392.1890368937316,current
2157,2025,11/29/25,Michigan,Ohio St.,FOX,later,18424.0,13918.951449673923,current
2158,2025,11/29/25,Washington St.,Oregon St.,CW,later,515.0,427.13953158340655,current
2159,2025,12/6/25,Indiana,Ohio St.,FOX,later,18332.0,11073.217044575546,current
2160,2025,12/6/25,Alabama,Georgia,ABC,later,16864.0,20028.31579825814,current
2161,2025,12/6/25,BYU,Texas Tech,ABC,later,8988.0,6533.584742095533,current
2162,2025,12/6/25,Duke,Virginia,ABC,later,3880.0,2244.580393915274,current
2163,2025,12/5/25,North Texas,Tulane,ABC,later,2412.0,2543.9770511871748,current
2164,2025,12/5/25,UNLV,Boise St.,FOX,later,1516.0,1816.6578743773732,current
2165,2025,12/5/25,Troy,James Madison,ESPN,later,1146.0,775.1090176090268,current
2166,2025,12/6/25,Miami Ohio,Western Michigan,ESPN,later,1061.0,550.0340861699733,current
2167,2025,8/30/25,Utah,UCLA,FOX,Week1,1528.0,1502.574751753916,current
1813,2025,8/23/25,Kansas St.,Iowa St.,ESPN,Week0,4470.0,4425.334395794571,fox_friday_night
1814,2025,8/28/25,South Florida,Boise St.,ESPN,Week1,2040.0,1307.3410995152653,fox_friday_night
1815,2025,8/28/25,Cincinnati,Nebraska,ESPN,Week1,3330.0,2707.6636617361246,fox_friday_night
1816,2025,8/29/25,Charlotte,Appalachian St.,ESPNU,Week1,76.0,142.30240011425397,fox_friday_night
1817,2025,8/29/25,Colorado,Georgia Tech,ESPN,Week1,3740.0,1822.4889059517232,fox_friday_night
1818,2025,8/30/25,Ohio St.,Texas,FOX,Week1,16620.0,11780.31705265728,fox_friday_night
1819,2025,8/30/25,Southern Miss,Mississippi St.,ESPN,Week1,771.0,652.0349893599464,fox_friday_night
1820,2025,8/30/25,Tennessee,Syracuse,ABC,Week1,2590.0,2950.920164911182,fox_friday_night
1821,2025,8/30/25,Tulane,Northwestern,ESPNU,Week1,75.0,91.53119252204482,fox_friday_night
1822,2025,8/30/25,Florida St.,Alabama,ABC,Week1,10660.0,9586.388487893973,fox_friday_night
1823,2025,8/30/25,Penn St.,Nevada,CBS,Week1,2240.0,2454.41336446271,fox_friday_night
1824,2025,8/30/25,Georgia,Marshall,ESPN,Week1,1670.0,1632.0984582749643,fox_friday_night
1825,2025,8/30/25,Texas A&M,UTSA,ESPN,Week1,1070.0,1248.697490239968,fox_friday_night
1826,2025,8/30/25,Clemson,LSU,ABC,Week1,10450.0,10161.875085628972,fox_friday_night
1827,2025,8/30/25,Oregon St.,California,ESPN,Week1,565.0,1028.0264508202383,fox_friday_night
1828,2025,8/31/25,South Carolina,Virginia Tech,ESPN,Week1,5430.0,3435.8299979739536,fox_friday_night
1829,2025,8/31/25,Miami,Notre Dame,ABC,Week1,10800.0,10856.792423279945,fox_friday_night
1830,2025,9/1/25,North Carolina,TCU,ESPN,Week1,6070.0,2861.578181263864,fox_friday_night
1831,2025,9/5/25,Louisville,James Madison,ESPN2,later,893.0,837.8176569675638,fox_friday_night
1832,2025,9/6/25,Pittsburgh,Central Michigan,ESPNU,later,125.0,124.68935237851673,fox_friday_night
1833,2025,9/6/25,Duke,Illinois,ESPN,later,2180.0,1214.650241790562,fox_friday_night
1834,2025,9/6/25,Texas,San Jose St.,ABC,later,3750.0,2950.610942699171,fox_friday_night
1835,2025,9/6/25,SMU,Baylor,CW,later,1130.0,489.9703638180947,fox_friday_night
1836,2025,9/6/25,Iowa St.,Iowa,FOX,later,4280.0,2809.595905532352,fox_friday_night
1837,2025,9/6/25,North Carolina St.,Virginia,ESPN2,later,659.0,549.5663434255256,fox_friday_night
1838,2025,9/6/25,Oregon,Oklahoma St.,CBS,later,2320.0,3170.4661215823235,fox_friday_night
1839,2025,9/6/25,Missouri,Kansas,ESPN2,later,1830.0,784.1412612484389,fox_friday_night
1840,2025,9/6/25,Kentucky,Mississippi,ABC,later,4780.0,3433.286201470394,fox_friday_night
1841,2025,9/6/25,Colorado,Delaware,FOX,later,2690.0,1663.9637533076825,fox_friday_night
1842,2025,9/6/25,Oregon St.,Fresno St.,CW,later,658.0,484.1277900137919,fox_friday_night
1843,2025,9/6/25,Ohio,West Virginia,ESPNU,later,234.0,184.697779104525,fox_friday_night
1844,2025,9/6/25,Kansas St.,Army,ESPN,later,873.0,1151.5724288154468,fox_friday_night
1845,2025,9/6/25,Oklahoma,Michigan,ABC,later,9670.0,7965.969772954964,fox_friday_night
1846,2025,9/6/25,Auburn,Ball St.,ESPNU,later,158.0,239.8586760098076,fox_friday_night
1847,2025,9/6/25,Mississippi St.,Arizona St.,ESPN2,later,953.0,809.1419337825887,fox_friday_night
1848,2025,9/6/25,BYU,Stanford,ESPN,later,1210.0,1145.05165244367,fox_friday_night
1849,2025,9/6/25,Washington St.,San Diego St.,CW,later,541.0,480.63798968531745,fox_friday_night
1850,2025,9/11/25,Wake Forest,North Carolina St.,ESPN,later,1180.0,993.2972633449706,fox_friday_night
1851,2025,9/12/25,Houston,Colorado,ESPN,later,2940.0,1660.291582686895,fox_friday_night
1852,2025,9/13/25,Temple,Oklahoma,ESPN2,later,787.0,663.2832040936371,fox_friday_night
1853,2025,9/13/25,Alabama,Wisconsin,ABC,later,4510.0,6676.199639344901,fox_friday_night
1854,2025,9/13/25,Georgia Tech,Clemson,ESPN,later,4760.0,1808.784027340068,fox_friday_night
1855,2025,9/13/25,Troy,Memphis,ESPNU,later,49.0,80.11980409836058,fox_friday_night
1856,2025,9/13/25,Tennessee,Georgia,ABC,later,12580.0,8851.854113280122,fox_friday_night
1857,2025,9/13/25,West Virginia,Pittsburgh,ESPN,later,1890.0,1765.2108523204874,fox_friday_night
1858,2025,9/13/25,North Texas,Washington St.,ESPNU,later,65.0,92.00897765229298,fox_friday_night
1859,2025,9/13/25,Arkansas St.,Iowa St.,ESPN2,later,523.0,562.3452996698186,fox_friday_night
1860,2025,9/13/25,Miami,South Florida,CW,later,720.0,1606.9001330742003,fox_friday_night
1861,2025,9/13/25,Mississippi,Arkansas,ESPN,later,1440.0,1900.1884627712304,fox_friday_night
1862,2025,9/13/25,Notre Dame,Texas A&M,NBC,later,6200.0,5953.428365064093,fox_friday_night
1863,2025,9/13/25,LSU,Florida,ABC,later,7640.0,6814.777633994538,fox_friday_night
1864,2025,9/13/25,Kentucky,Eastern Michigan,ESPNU,later,111.0,127.10843232166414,fox_friday_night
1865,2025,9/13/25,Tulane,Duke,ESPN2,later,150.0,309.83856915894273,fox_friday_night
1866,2025,9/13/25,California,Minnesota,ESPN,later,958.0,1357.9307117846038,fox_friday_night
1867,2025,9/18/25,Charlotte,Rice,ESPN,later,671.0,266.8240764564207,fox_friday_night
1868,2025,9/19/25,Oklahoma St.,Tulsa,ESPN,later,1570.0,1542.3653478556766,fox_friday_night
1869,2025,9/19/25,Rutgers,Iowa,FOX,later,3010.0,2361.182833741793,fox_friday_night
1870,2025,9/20/25,Memphis,Arkansas,ABC,later,2110.0,1763.963589495382,fox_friday_night
1871,2025,9/20/25,Clemson,Syracuse,ESPN,later,3390.0,1768.2093804820595,fox_friday_night
1872,2025,9/20/25,Miami Ohio,UNLV,ESPNU,later,74.0,106.87622007924611,fox_friday_night
1873,2025,9/20/25,TCU,SMU,ESPN2,later,662.0,464.9863270094904,fox_friday_night
1874,2025,9/20/25,Wisconsin,Maryland,NBC,later,2000.0,1445.674660297153,fox_friday_night
1875,2025,9/20/25,Utah,Texas Tech,FOX,later,4040.0,2979.7381588247226,fox_friday_night
1876,2025,9/20/25,Oklahoma,Auburn,ABC,later,6120.0,4979.356592573695,fox_friday_night
1877,2025,9/20/25,Liberty,James Madison,ESPNU,later,67.0,56.382227057842684,fox_friday_night
1878,2025,9/20/25,Nebraska,Michigan,CBS,later,5300.0,6219.403958683244,fox_friday_night
1879,2025,9/20/25,Mississippi,Tulane,ESPN,later,1050.0,879.310141154283,fox_friday_night
1880,2025,9/20/25,Duke,North Carolina St.,ESPN2,later,663.0,689.9274351786773,fox_friday_night
1881,2025,9/20/25,Missouri,South Carolina,ESPN,later,1850.0,1675.7782860448046,fox_friday_night
1882,2025,9/20/25,Indiana,Illinois,NBC,later,2700.0,2309.794562463257,fox_friday_night
1883,2025,9/20/25,Miami,Florida,ABC,later,6460.0,5145.694930410882,fox_friday_night
1884,2025,9/20/25,Vanderbilt,Georgia St.,ESPNU,later,52.0,97.71834135678843,fox_friday_night
1885,2025,9/20/25,East Carolina,BYU,ESPN2,later,623.0,458.9899164671929,fox_friday_night
1886,2025,9/20/25,Washington St.,Washington,CBS,later,1650.0,2876.6445167950296,fox_friday_night
1887,2025,9/20/25,Colorado,Wyoming,ESPN,later,1340.0,1053.1996784999474,fox_friday_night
1888,2025,9/25/25,East Carolina,Army,ESPN,later,891.0,936.5887106410817,fox_friday_night
1889,2025,9/26/25,Virginia,Florida St.,ESPN,later,4390.0,3308.5873728702254,fox_friday_night
1890,2025,9/26/25,Oregon St.,Houston,ESPN,later,1550.0,1277.9561236400014,fox_friday_night
1891,2025,9/27/25,Illinois,USC,FOX,later,4120.0,3312.142992491204,fox_friday_night
1892,2025,9/27/25,Wake Forest,Georgia Tech,ESPN,later,1850.0,934.9985464654757,fox_friday_night
1893,2025,9/27/25,North Texas,South Alabama,ESPNU,later,50.0,57.23617101763281,fox_friday_night
1894,2025,9/27/25,Arkansas,Notre Dame,ABC,later,4260.0,4644.502497522982,fox_friday_night
1895,2025,9/27/25,Pittsburgh,Louisville,ESPN2,later,580.0,579.7768020044858,fox_friday_night
1896,2025,9/27/25,Oklahoma St.,Baylor,ESPN2,later,396.0,670.8667663168851,fox_friday_night
1897,2025,9/27/25,Mississippi,LSU,ABC,later,6690.0,5417.90415700644,fox_friday_night
1898,2025,9/27/25,Texas A&M,Auburn,ESPN,later,2470.0,3377.8356652897983,fox_friday_night
1899,2025,9/27/25,Washington,Ohio St.,CBS,later,5230.0,4765.115398119251,fox_friday_night
1900,2025,9/27/25,Tulsa,Tulane,ESPNU,later,31.0,84.99450125583212,fox_friday_night
1901,2025,9/27/25,FAU,Memphis,ESPN2,later,151.0,194.74262153589922,fox_friday_night
1902,2025,9/27/25,Iowa St.,Arizona,ESPN,later,1150.0,1096.2493923275101,fox_friday_night
1903,2025,9/27/25,Georgia,Alabama,ABC,later,10420.0,9988.711557133965,fox_friday_night
1904,2025,9/27/25,Penn St.,Oregon,NBC,later,8500.0,4502.930553406943,fox_friday_night
1905,2025,9/27/25,Missouri,Massachusetts,ESPNU,later,102.0,125.52053185920167,fox_friday_night
1906,2025,9/27/25,Colorado,BYU,ESPN,later,2460.0,1794.2601398853426,fox_friday_night
1907,2025,10/3/25,South Florida,Charlotte,ESPN2,later,749.0,369.5991158647412,fox_friday_night
1908,2025,10/3/25,BYU,West Virginia,ESPN,later,1410.0,1834.8032524378432,fox_friday_night
1909,2025,10/4/25,Navy,Air Force,CBS,later,1380.0,1037.6379193428274,fox_friday_night
1910,2025,10/4/25,Georgia,Kentucky,ABC,later,3680.0,3644.826523832963,fox_friday_night
1911,2025,10/4/25,North Carolina,Clemson,ESPN,later,1870.0,1443.85429534473,fox_friday_night
1912,2025,10/4/25,UAB,Army,ESPNU,later,49.0,100.65270419230822,fox_friday_night
1913,2025,10/4/25,Cincinnati,Iowa St.,ESPN2,later,1110.0,749.3292070859436,fox_friday_night
1914,2025,10/4/25,Michigan,Wisconsin,FOX,later,4630.0,4384.487346814636,fox_friday_night
1915,2025,10/4/25,Virginia Tech,Wake Forest,CW,later,463.0,448.83279616362825,fox_friday_night
1916,2025,10/4/25,Alabama,Vanderbilt,ABC,later,6410.0,4945.377136045746,fox_friday_night
1917,2025,10/4/25,Florida,Texas,ESPN,later,3980.0,4157.434320987726,fox_friday_night
1918,2025,10/4/25,Louisville,Virginia,ESPN2,later,603.0,752.2352201351124,fox_friday_night
1919,2025,10/4/25,UCLA,Penn St.,CBS,later,3130.0,3557.846328947523,fox_friday_night
1920,2025,10/4/25,Nebraska,Michigan St.,FS1,later,1500.0,1290.0432461687983,fox_friday_night
1921,2025,10/4/25,Arkansas St.,Texas St.,ESPNU,later,22.0,45.49009818033408,fox_friday_night
1922,2025,10/4/25,Houston,Texas Tech,ESPN,later,1450.0,1128.7206476262397,fox_friday_night
1923,2025,10/4/25,TCU,Colorado,FOX,later,2140.0,1885.4313756210045,fox_friday_night
1924,2025,10/4/25,UCF,Kansas,ESPN2,later,583.0,663.3193260413341,fox_friday_night
1925,2025,10/4/25,Ohio St.,Minnesota,NBC,later,3700.0,4628.437218281943,fox_friday_night
1926,2025,10/4/25,Florida St.,Miami,ABC,later,6030.0,5639.147283574131,fox_friday_night
1927,2025,10/4/25,Memphis,Tulsa,ESPNU,later,41.0,85.00769079547379,fox_friday_night
1928,2025,10/4/25,California,Duke,ESPN,later,1000.0,922.8362981413198,fox_friday_night
1929,2025,10/8/25,Middle Tennessee St.,Missouri State,ESPN2,later,338.0,233.8286663223912,fox_friday_night
1930,2025,10/9/25,Kennesaw State,Louisiana Tech,ESPNU,later,53.0,104.06555318428155,fox_friday_night
1931,2025,10/9/25,Tulane,East Carolina,ESPN,later,576.0,601.9450365164765,fox_friday_night
1932,2025,10/9/25,Georgia Southern,Southern Miss,ESPN2,later,145.0,230.72116771055875,fox_friday_night
1933,2025,10/10/25,North Texas,South Florida,ESPN2,later,1100.0,585.0030504863286,fox_friday_night
1934,2025,10/11/25,Bowling Green,Toledo,ESPNU,later,27.0,55.85111008474898,fox_friday_night
1935,2025,10/11/25,Missouri,Alabama,ABC,later,6990.0,6390.450884042603,fox_friday_night
1936,2025,10/11/25,Florida St.,Pittsburgh,ESPN,later,2050.0,1650.6457494767524,fox_friday_night
1937,2025,10/11/25,James Madison,Louisiana,ESPN2,later,207.0,158.80015284274316,fox_friday_night
1938,2025,10/11/25,SMU,Stanford,CW,later,249.0,294.06444911284393,fox_friday_night
1939,2025,10/11/25,Illinois,Ohio St.,FOX,later,5280.0,4975.5449493177075,fox_friday_night
1940,2025,10/11/25,Colorado,Iowa St.,ESPN,later,1440.0,1418.1204456875787,fox_friday_night
1941,2025,10/11/25,Texas,Oklahoma,ABC,later,8730.0,6817.052076381727,fox_friday_night
1942,2025,10/11/25,Oregon,Indiana,CBS,later,5590.0,5277.013691141251,fox_friday_night
1943,2025,10/11/25,Oregon St.,Wake Forest,CW,later,257.0,333.18449772647034,fox_friday_night
1944,2025,10/11/25,Temple,Navy,ESPN2,later,215.0,272.2119778367226,fox_friday_night
1945,2025,10/11/25,Texas A&M,Florida,ESPN,later,2620.0,4106.1650906745535,fox_friday_night
1946,2025,10/11/25,Auburn,Georgia,ABC,later,6690.0,6208.726890010287,fox_friday_night
1947,2025,10/11/25,UTSA,Rice,ESPNU,later,20.0,44.63551330987616,fox_friday_night
1948,2025,10/11/25,Arizona,BYU,ESPN2,later,868.0,840.4592735026192,fox_friday_night
1949,2025,10/11/25,Utah,Arizona St.,ESPN,later,1270.0,1248.1017558689878,fox_friday_night
1950,2025,10/14/25,South Alabama,Arkansas St.,ESPN2,later,306.0,242.82738691933662,fox_friday_night
1951,2025,10/14/25,Western Kentucky,FIU,ESPNU,later,47.0,71.95119979205232,fox_friday_night
1952,2025,10/15/25,Jacksonville St.,Delaware,ESPN,later,580.0,528.3342444501047,fox_friday_night
1953,2025,10/16/25,East Carolina,Tulsa,ESPN,later,527.0,555.1582928980757,fox_friday_night
1954,2025,10/17/25,Miami,Louisville,ESPN,later,3410.0,2863.936307368621,fox_friday_night
1955,2025,10/17/25,Minnesota,Nebraska,FOX,later,2660.0,3640.198030491624,fox_friday_night
1956,2025,10/17/25,California,North Carolina,ESPN,later,1580.0,1377.3307688593875,fox_friday_night
1957,2025,10/18/25,TCU,Baylor,ESPN2,later,423.0,502.09001240266923,fox_friday_night
1958,2025,10/18/25,Duke,Georgia Tech,ESPN,later,1710.0,920.6264572439004,fox_friday_night
1959,2025,10/18/25,Michigan,Washington,FOX,later,4320.0,3037.089166483587,fox_friday_night
1960,2025,10/18/25,Vanderbilt,LSU,ABC,later,5940.0,3041.9656527557277,fox_friday_night
1961,2025,10/18/25,Tulane,Army,ESPNU,later,70.0,95.18499045295061,fox_friday_night
1962,2025,10/18/25,James Madison,Old Dominion,ESPNU,later,37.0,79.75061312902369,fox_friday_night
1963,2025,10/18/25,Arkansas,Texas A&M,ESPN,later,1570.0,3005.752124014065,fox_friday_night
1964,2025,10/18/25,Wisconsin,Ohio St.,CBS,later,4030.0,5658.8370956709405,fox_friday_night
1965,2025,10/18/25,Georgia,Mississippi,ABC,later,9790.0,8750.343712401283,fox_friday_night
1966,2025,10/18/25,UAB,Memphis,ESPN2,later,246.0,285.41306182931135,fox_friday_night
1967,2025,10/18/25,Arizona St.,Texas Tech,FOX,later,2560.0,2330.332265320677,fox_friday_night
1968,2025,10/18/25,Virginia,Washington St.,CW,later,594.0,468.3668140796457,fox_friday_night
1969,2025,10/18/25,Rutgers,Oregon,BTN,later,530.0,607.7736850554088,fox_friday_night
1970,2025,10/18/25,UCLA,Maryland,FS1,later,410.0,317.2915307501046,fox_friday_night
1971,2025,10/18/25,Kentucky,Texas,ESPN,later,2640.0,1777.5379388500605,fox_friday_night
1972,2025,10/18/25,Alabama,Tennessee,ABC,later,8010.0,8352.7094512279,fox_friday_night
1973,2025,10/18/25,South Florida,FAU,ESPNU,later,38.0,55.701283302681944,fox_friday_night
1974,2025,10/18/25,Notre Dame,USC,NBC,later,4640.0,3608.8079728406524,fox_friday_night
1975,2025,10/18/25,BYU,Utah,FOX,later,1970.0,2548.478886561742,fox_friday_night
1976,2025,10/18/25,Oklahoma St.,Cincinnati,ESPN2,later,316.0,435.27806686611393,fox_friday_night
1977,2025,10/18/25,Oregon St.,Lafayette,CW,later,304.0,306.48912337218326,fox_friday_night
1978,2025,10/18/25,Stanford,Florida St.,ESPN,later,1420.0,1441.7695532142895,fox_friday_night
1979,2025,10/21/25,FIU,Kennesaw State,ESPN2,later,282.0,303.92265593985553,fox_friday_night
1980,2025,10/22/25,Delaware,Middle Tennessee St.,ESPN2,later,417.0,275.49216927718277,fox_friday_night
1981,2025,10/23/25,Georgia St.,South Alabama,ESPN2,later,400.0,238.97376301118283,fox_friday_night
1982,2025,10/24/25,Charlotte,North Texas,ESPN2,later,317.0,218.05836273723048,fox_friday_night
1983,2025,10/24/25,Virginia Tech,California,ESPN,later,1110.0,1702.456314686002,fox_friday_night
1984,2025,10/25/25,Memphis,South Florida,ESPN2,later,392.0,340.16582729861966,fox_friday_night
1985,2025,10/25/25,Old Dominion,Appalachian St.,ESPNU,later,33.0,101.44503743948836,fox_friday_night
1986,2025,10/25/25,Indiana,UCLA,FOX,later,3020.0,2746.6192266319194,fox_friday_night
1987,2025,10/25/25,Oklahoma,Mississippi,ABC,later,6550.0,5623.173370491903,fox_friday_night
1988,2025,10/25/25,Georgia Tech,Syracuse,ESPN,later,1270.0,1339.4077298905465,fox_friday_night
1989,2025,10/25/25,Wake Forest,SMU,CW,later,285.0,312.17864976884465,fox_friday_night
1990,2025,10/25/25,Washington St.,Toledo,CW,later,311.0,272.6657737013514,fox_friday_night
1991,2025,10/25/25,Iowa St.,BYU,FOX,later,2570.0,2525.409998509732,fox_friday_night
1992,2025,10/25/25,South Carolina,Alabama,ABC,later,7840.0,6316.118717291776,fox_friday_night
1993,2025,10/25/25,Vanderbilt,Missouri,ESPN,later,3070.0,2190.6767637149665,fox_friday_night
1994,2025,10/25/25,Iowa,Minnesota,CBS,later,1600.0,2478.7316382434033,fox_friday_night
1995,2025,10/25/25,Texas Tech,Oklahoma St.,ESPNU,later,110.0,241.6762668194798,fox_friday_night
1996,2025,10/25/25,Cincinnati,Baylor,ESPN2,later,453.0,604.0726171706617,fox_friday_night
1997,2025,10/25/25,Oregon,Wisconsin,FS1,later,1170.0,1173.3813822781544,fox_friday_night
1998,2025,10/25/25,Miami,Stanford,ESPN,later,1210.0,1481.1043569832468,fox_friday_night
1999,2025,10/25/25,Michigan St.,Michigan,NBC,later,3630.0,4107.557860503616,fox_friday_night
2000,2025,10/25/25,LSU,Texas A&M,ABC,later,6760.0,6952.946103334792,fox_friday_night
2001,2025,10/25/25,Arizona St.,Houston,ESPN2,later,402.0,555.0288323363123,fox_friday_night
2002,2025,10/25/25,Utah,Colorado,ESPN,later,1290.0,1456.4372413973376,fox_friday_night
2003,2025,10/28/25,Texas St.,James Madison,ESPN2,later,245.0,287.7140847018898,fox_friday_night
2004,2025,10/28/25,Kennesaw State,UTEP,ESPNU,later,50.0,107.0496137173072,fox_friday_night
2005,2025,10/29/25,Middle Tennessee St.,Jacksonville St.,ESPN2,later,303.0,286.5593096185821,fox_friday_night
2006,2025,10/30/25,Coastal Carolina,Marshall,ESPN2,later,288.0,303.55748554360025,fox_friday_night
2007,2025,10/30/25,UTSA,Tulane,ESPN,later,659.0,475.4290536612799,fox_friday_night
2008,2025,10/31/25,Rice,Memphis,ESPN2,later,244.0,517.7898760232783,fox_friday_night
2009,2025,10/31/25,Syracuse,North Carolina,ESPN,later,983.0,1455.4371268690204,fox_friday_night
2010,2025,11/1/25,Ohio St.,Penn St.,FOX,later,7190.0,6992.812935468042,fox_friday_night
2011,2025,11/1/25,Baylor,UCF,ESPNU,later,58.0,140.9371013931413,fox_friday_night
2012,2025,11/1/25,North Texas,Navy,ESPN2,later,216.0,217.56508182809813,fox_friday_night
2013,2025,11/1/25,SMU,Miami,ESPN,later,1500.0,1191.0611621916846,fox_friday_night
2014,2025,11/1/25,Texas,Vanderbilt,ABC,later,4510.0,3855.8951323636766,fox_friday_night
2015,2025,11/1/25,Air Force,Army,CBS,later,1030.0,1063.8905009414018,fox_friday_night
2016,2025,11/1/25,Virginia Tech,Louisville,CW,later,593.0,722.3454106486811,fox_friday_night
2017,2025,11/1/25,Maryland,Indiana,CBS,later,2890.0,2547.781884474808,fox_friday_night
2018,2025,11/1/25,Boston College,Notre Dame,ESPN,later,1730.0,1501.3261511538449,fox_friday_night
2019,2025,11/1/25,Kansas St.,Texas Tech,FOX,later,3130.0,2028.3666719181372,fox_friday_night
2020,2025,11/1/25,Florida,Georgia,ABC,later,7790.0,7071.95082654287,fox_friday_night
2021,2025,11/1/25,California,Virginia,ESPN2,later,326.0,586.1969124397377,fox_friday_night
2022,2025,11/1/25,Western Michigan,Central Michigan,ESPNU,later,32.0,67.0179536119835,fox_friday_night
2023,2025,11/1/25,Colorado,Arizona,FS1,later,374.0,400.99992724827666,fox_friday_night
2024,2025,11/1/25,Mississippi,South Carolina,ESPN,later,1320.0,2223.9540376836376,fox_friday_night
2025,2025,11/1/25,Michigan,Purdue,BTN,later,1610.0,1021.2716654609931,fox_friday_night
2026,2025,11/1/25,Oregon St.,Washington St.,CBS,later,823.0,903.6943112609492,fox_friday_night
2027,2025,11/1/25,Nebraska,USC,NBC,later,2200.0,3272.6821063004,fox_friday_night
2028,2025,11/1/25,Tennessee,Oklahoma,ABC,later,4810.0,5806.6297157945,fox_friday_night
2029,2025,11/1/25,North Carolina St.,Georgia Tech,ESPN2,later,604.0,663.1453141591068,fox_friday_night
2030,2025,11/1/25,Troy,Arkansas St.,ESPNU,later,9.0,52.29752065120377,fox_friday_night
2031,2025,11/1/25,Utah,Cincinnati,ESPN,later,819.0,2033.6517257471746,fox_friday_night
2032,2025,11/4/25,Ohio,Miami Ohio,ESPN2,later,470.0,387.9520473396934,fox_friday_night
2033,2025,11/5/25,Toledo,Northern Illinois,ESPN2,later,301.0,292.88539030422226,fox_friday_night
2034,2025,11/5/25,Ball St.,Kent St.,ESPNU,later,99.0,98.85996464136201,fox_friday_night
2035,2025,11/6/25,South Florida,UTSA,ESPN,later,586.0,473.3184179612797,fox_friday_night
2036,2025,11/6/25,Appalachian St.,Georgia Southern,ESPN2,later,220.0,364.53250509921355,fox_friday_night
2037,2025,11/7/25,UCF,Houston,FS1,later,652.0,514.5868392267139,fox_friday_night
2038,2025,11/7/25,Memphis,Tulane,ESPN,later,792.0,829.6047379093957,fox_friday_night
2039,2025,11/7/25,USC,Northwestern,FOX,later,1911.0,2028.2737090328017,fox_friday_night
2040,2025,11/8/25,Penn St.,Indiana,FOX,later,6025.0,3242.6292363047564,fox_friday_night
2041,2025,11/8/25,Arkansas St.,Southern Miss,ESPNU,later,27.0,51.22184497011986,fox_friday_night
2042,2025,11/8/25,Mississippi St.,Georgia,ESPN,later,2324.0,2893.455168145035,fox_friday_night
2043,2025,11/8/25,Marshall,James Madison,ESPN2,later,118.0,186.52707133427936,fox_friday_night
2044,2025,11/8/25,Texas Tech,BYU,ABC,later,3976.0,5217.017630032344,fox_friday_night
2045,2025,11/8/25,Purdue,Ohio St.,BTN,later,1847.0,1757.0392483599278,fox_friday_night
2046,2025,11/8/25,Rutgers,Maryland,FS1,later,261.0,349.9649581319792,fox_friday_night
2047,2025,11/8/25,TCU,Iowa St.,FOX,later,2419.0,1557.5862345419441,fox_friday_night
2048,2025,11/8/25,Iowa,Oregon,CBS,later,5370.0,3947.077148144048,fox_friday_night
2049,2025,11/8/25,Missouri,Texas A&M,ABC,later,4871.0,5516.88593603439,fox_friday_night
2050,2025,11/8/25,Arizona,Kansas,ESPN2,later,480.0,486.38834271448184,fox_friday_night
2051,2025,11/8/25,Miami,Syracuse,ESPN,later,1198.0,1263.5978163801037,fox_friday_night
2052,2025,11/8/25,North Carolina,Stanford,CW,later,514.0,517.7184347763955,fox_friday_night
2053,2025,11/8/25,Wisconsin,Washington,BTN,later,1088.0,759.2532226512901,fox_friday_night
2054,2025,11/8/25,San Jose St.,Air Force,FS1,later,203.0,151.24548709923573,fox_friday_night
2055,2025,11/8/25,Virginia,Wake Forest,ESPN,later,734.0,863.006535148697,fox_friday_night
2056,2025,11/8/25,Louisville,California,ESPN2,later,450.0,615.8341472980121,fox_friday_night
2057,2025,11/8/25,Notre Dame,Navy,NBC,later,3192.0,2652.1591599748876,fox_friday_night
2058,2025,11/8/25,Alabama,LSU,ABC,later,7540.0,9997.268535659183,fox_friday_night
2059,2025,11/8/25,UCLA,Nebraska,FOX,later,2248.0,1857.368310764811,fox_friday_night
2060,2025,11/8/25,Colorado St.,UNLV,FS1,later,152.0,219.16822434493082,fox_friday_night
2061,2025,11/8/25,Oregon St.,Sam Houston,CW,later,295.0,234.86906121051032,fox_friday_night
2062,2025,11/11/25,Akron,Kent St.,ESPNU,later,70.0,83.42529785095633,fox_friday_night
2063,2025,11/11/25,Western Michigan,Ohio,ESPN2,later,312.0,471.2052392954929,fox_friday_night
2064,2025,11/12/25,Miami Ohio,Toledo,ESPN2,later,349.0,310.2649948483953,fox_friday_night
2065,2025,11/12/25,Massachusetts,Northern Illinois,ESPNU,later,33.0,90.48738932644223,fox_friday_night
2066,2025,11/13/25,Old Dominion,Troy,ESPN,later,508.0,391.68165883811616,fox_friday_night
2067,2025,11/14/25,Louisville,Clemson,ESPN,later,2564.0,2107.049623206472,fox_friday_night
2068,2025,11/14/25,Oregon,Minnesota,FOX,later,2327.0,2658.208611315739,fox_friday_night
2069,2025,11/15/25,Indiana,Wisconsin,BTN,later,1058.0,948.9665823654816,fox_friday_night
2070,2025,11/15/25,Texas A&M,South Carolina,ESPN,later,4281.0,2709.5370015559924,fox_friday_night
2071,2025,11/15/25,Pittsburgh,Notre Dame,ABC,later,3957.0,5534.537189808198,fox_friday_night
2072,2025,11/15/25,Navy,South Florida,ESPN2,later,463.0,341.4779202857393,fox_friday_night
2073,2025,11/15/25,Oklahoma St.,Kansas St.,ESPNU,later,133.0,153.2978799685127,fox_friday_night
2074,2025,11/15/25,Cincinnati,Arizona,FS1,later,299.0,396.3674529373676,fox_friday_night
2075,2025,11/15/25,Northwestern,Michigan,FOX,later,3764.0,2903.7046550733053,fox_friday_night
2076,2025,11/15/25,Texas Tech,UCF,FOX,later,1398.0,1956.364624431014,fox_friday_night
2077,2025,11/15/25,Alabama,Oklahoma,ABC,later,10479.0,10062.13241301406,fox_friday_night
2078,2025,11/15/25,USC,Iowa,BTN,later,1440.0,1488.2213166396377,fox_friday_night
2079,2025,11/15/25,Illinois,Maryland,FS1,later,316.0,342.2166216224887,fox_friday_night
2080,2025,11/15/25,Miami,North Carolina St.,ESPN,later,1380.0,1065.4725361298817,fox_friday_night
2081,2025,11/15/25,Duke,Virginia,ESPN2,later,443.0,448.6012554493509,fox_friday_night
2082,2025,11/15/25,Michigan St.,Penn St.,CBS,later,2476.0,2251.3342190754606,fox_friday_night
2083,2025,11/15/25,East Carolina,Memphis,ESPNU,later,54.0,71.07439062738953,fox_friday_night
2084,2025,11/15/25,Wake Forest,North Carolina,CW,later,402.0,378.97688027633177,fox_friday_night
2085,2025,11/15/25,Mississippi,Florida,ESPN,later,2501.0,2342.7254168420413,fox_friday_night
2086,2025,11/15/25,Baylor,Utah,ESPN2,later,415.0,494.19297312875085,fox_friday_night
2087,2025,11/15/25,Washington,Purdue,FS1,later,457.0,428.5664697078628,fox_friday_night
2088,2025,11/15/25,Georgia,Texas,ABC,later,10432.0,10240.435513418082,fox_friday_night
2089,2025,11/15/25,Ohio St.,UCLA,NBC,later,3376.0,3165.8175215377137,fox_friday_night
2090,2025,11/15/25,Jacksonville St.,Kennesaw State,ESPNU,later,31.0,58.162572698040364,fox_friday_night
2091,2025,11/15/25,Washington St.,Louisiana Tech,CW,later,301.0,383.40053715153897,fox_friday_night
2092,2025,11/15/25,BYU,TCU,ESPN,later,1563.0,1952.0790810541746,fox_friday_night
2093,2025,11/15/25,Fresno St.,Wyoming,FS1,later,121.0,227.35207641957075,fox_friday_night
2094,2025,11/21/25,North Carolina St.,Florida St.,ESPN,later,2127.0,2105.861289028615,fox_friday_night
2095,2025,11/21/25,UNLV,Hawaii,FS1,later,259.0,333.5469146887052,fox_friday_night
2096,2025,11/22/25,Maryland,Michigan,BTN,later,1500.0,895.2301119366043,fox_friday_night
2097,2025,11/22/25,Oregon,USC,CBS,later,5428.0,5030.373690255923,fox_friday_night
2098,2025,11/22/25,Iowa,Michigan St.,FS1,later,1103.0,874.7124047498993,fox_friday_night
2099,2025,11/22/25,Ohio St.,Rutgers,FOX,later,4063.0,3943.1124617986816,fox_friday_night
2100,2025,11/22/25,SMU,Louisville,ESPN2,later,306.0,332.4263393662071,fox_friday_night
2101,2025,11/22/25,Iowa St.,Kansas,FS1,later,539.0,454.21270165857464,fox_friday_night
2102,2025,11/22/25,UCLA,Washington,NBC,later,1617.0,1818.6990606046966,fox_friday_night
2103,2025,11/22/25,Vanderbilt,Kentucky,ESPN,later,1144.0,827.187461961776,fox_friday_night
2104,2025,11/22/25,San Diego St.,San Jose St.,FS1,later,120.0,203.12050470236426,fox_friday_night
2105,2025,11/22/25,Utah,Kansas St.,ESPN2,later,955.0,629.2728516661546,fox_friday_night
2106,2025,11/22/25,Colorado,Arizona St.,ESPN2,later,1106.0,613.4719167039415,fox_friday_night
2107,2025,11/22/25,Temple,Tulane,ESPNU,later,26.0,62.214608263632215,fox_friday_night
2108,2025,11/22/25,Northwestern,Minnesota,BTN,later,421.0,456.8415520743083,fox_friday_night
2109,2025,11/22/25,Wisconsin,Illinois,BTN,later,979.0,773.4296604215513,fox_friday_night
2110,2025,11/22/25,Florida,Tennessee,ABC,later,4761.0,4534.7243342511465,fox_friday_night
2111,2025,11/22/25,Georgia Tech,Pittsburgh,ESPN,later,2034.0,1393.953903642619,fox_friday_night
2112,2025,11/22/25,Texas,Arkansas,ABC,later,5612.0,3398.5241060936733,fox_friday_night
2113,2025,11/22/25,Penn St.,Nebraska,NBC,later,3104.0,3396.302892903677,fox_friday_night
2114,2025,11/22/25,Virginia Tech,Miami,ESPN,later,1942.0,1630.2496295145695,fox_friday_night
2115,2025,11/22/25,Boise St.,Colorado St.,FS1,later,299.0,313.92514694270153,fox_friday_night
2116,2025,11/22/25,Cincinnati,BYU,FOX,later,2598.0,1808.303527598393,fox_friday_night
2117,2025,11/22/25,Houston,TCU,FOX,later,1300.0,1412.3270296311002,fox_friday_night
2118,2025,11/22/25,Oklahoma,Missouri,ABC,later,5365.0,4865.6499070578,fox_friday_night
2119,2025,11/22/25,Notre Dame,Syracuse,NBC,later,1887.0,2306.9588459984166,fox_friday_night
2120,2025,11/25/25,Eastern Michigan,Western Michigan,ESPN2,later,403.0,335.4847965304574,fox_friday_night
2121,2025,11/25/25,Massachusetts,Bowling Green,ESPNU,later,60.0,88.83014703986916,fox_friday_night
2122,2025,11/27/25,Memphis,Navy,ESPN,later,780.0,743.0246461459308,fox_friday_night
2123,2025,11/28/25,Nebraska,Iowa,CBS,later,3769.0,4438.8065011332055,fox_friday_night
2124,2025,11/28/25,Mississippi St.,Mississippi,ABC,later,5232.0,4039.0195070371346,fox_friday_night
2125,2025,11/28/25,Kansas,Utah,ESPN,later,1116.0,1464.5613409846196,fox_friday_night
2126,2025,11/28/25,Buffalo,Ohio,ESPNU,later,63.0,100.99714469278034,fox_friday_night
2127,2025,11/28/25,Colorado St.,Air Force,FS1,later,148.0,201.91125128015744,fox_friday_night
2128,2025,11/28/25,Georgia Tech,Georgia,ABC,later,8716.0,9651.72236539251,fox_friday_night
2129,2025,11/28/25,North Texas,Temple,ESPN,later,480.0,371.29642844231626,fox_friday_night
2130,2025,11/28/25,Utah St.,Boise St.,CBS,later,2008.0,1179.661260359079,fox_friday_night
2131,2025,11/28/25,Texas,Texas A&M,ABC,later,13044.0,13387.862501809954,fox_friday_night
2132,2025,11/28/25,Purdue,Indiana,NBC,later,2685.0,1703.505891257033,fox_friday_night
2133,2025,11/28/25,Arizona St.,Arizona,FOX,later,1824.0,2392.6573464028706,fox_friday_night
2134,2025,11/29/25,San Jose St.,Fresno St.,FS1,later,223.0,195.13908982505924,fox_friday_night
2135,2025,11/29/25,Illinois,Northwestern,FOX,later,1527.0,1244.6358805067784,fox_friday_night
2136,2025,11/29/25,Virginia,Virginia Tech,ESPN,later,1404.0,1400.818251875374,fox_friday_night
2137,2025,11/29/25,Tulane,Charlotte,ESPNU,later,38.0,44.79378686600187,fox_friday_night
2138,2025,11/29/25,Pittsburgh,Miami,ABC,later,2217.0,2761.657333918614,fox_friday_night
2139,2025,11/29/25,California,SMU,ESPN2,later,531.0,340.3227822403877,fox_friday_night
2140,2025,11/29/25,Washington,Oregon,CBS,later,4270.0,3565.814187945512,fox_friday_night
2141,2025,11/29/25,Oklahoma,LSU,ABC,later,6385.0,5402.238079168156,fox_friday_night
2142,2025,11/29/25,Rutgers,Penn St.,BTN,later,950.0,609.4158636189204,fox_friday_night
2143,2025,11/29/25,Kansas St.,Colorado,FS1,later,467.0,312.03793808047453,fox_friday_night
2144,2025,11/29/25,Florida,Florida St.,ESPN2,later,1761.0,1184.9906742639546,fox_friday_night
2145,2025,11/29/25,Oklahoma St.,Iowa St.,ESPNU,later,148.0,138.32476553379038,fox_friday_night
2146,2025,11/29/25,Coastal Carolina,James Madison,ESPNU,later,36.0,57.67873936804721,fox_friday_night
2147,2025,11/29/25,Tennessee,Vanderbilt,ESPN,later,4010.0,3579.98700093978,fox_friday_night
2148,2025,11/29/25,Minnesota,Wisconsin,FS1,later,1274.0,972.6674390157223,fox_friday_night
2149,2025,11/29/25,Auburn,Alabama,ABC,later,11310.0,9219.561818481672,fox_friday_night
2150,2025,11/29/25,BYU,UCF,ESPN2,later,716.0,499.0314971552622,fox_friday_night
2151,2025,11/29/25,Syracuse,Boston College,CW,later,305.0,315.9557472253573,fox_friday_night
2152,2025,11/29/25,TCU,Cincinnati,FOX,later,2741.0,1332.5296913842953,fox_friday_night
2153,2025,11/29/25,Stanford,Notre Dame,ESPN,later,1518.0,2678.691032329203,fox_friday_night
2154,2025,11/29/25,USC,UCLA,NBC,later,2224.0,2087.547618234898,fox_friday_night
2155,2025,11/29/25,Michigan St.,Maryland,FS1,later,660.0,478.179762054365,fox_friday_night
2156,2025,11/29/25,West Virginia,Texas Tech,ESPN,later,895.0,1391.2278086603621,fox_friday_night
2157,2025,11/29/25,Michigan,Ohio St.,FOX,later,18424.0,13947.526396808853,fox_friday_night
2158,2025,11/29/25,Washington St.,Oregon St.,CW,later,515.0,427.4582175200811,fox_friday_night
2159,2025,12/6/25,Indiana,Ohio St.,FOX,later,18332.0,11076.458520908913,fox_friday_night
2160,2025,12/6/25,Alabama,Georgia,ABC,later,16864.0,20017.267740366624,fox_friday_night
2161,2025,12/6/25,BYU,Texas Tech,ABC,later,8988.0,6539.895931630865,fox_friday_night
2162,2025,12/6/25,Duke,Virginia,ABC,later,3880.0,2239.5459876751634,fox_friday_night
2163,2025,12/5/25,North Texas,Tulane,ABC,later,2412.0,2547.0964499752868,fox_friday_night
2164,2025,12/5/25,UNLV,Boise St.,FOX,later,1516.0,1862.479971430511,fox_friday_night
2165,2025,12/5/25,Troy,James Madison,ESPN,later,1146.0,774.3238767279879,fox_friday_night
2166,2025,12/6/25,Miami Ohio,Western Michigan,ESPN,later,1061.0,549.9665989334084,fox_friday_night
2167,2025,8/30/25,Utah,UCLA,FOX,Week1,1528.0,1506.6035725703089,fox_friday_night
1488,2021,8/28/21,Illinois,Nebraska,FOX,Week0,3217.0,4777.701159428351,past_selected
1489,2021,8/28/21,UCLA,Hawaii,ESPN,Week0,976.0,986.5225306554971,past_selected
1490,2021,9/1/21,Jacksonville St.,UAB,ESPN,Week1,841.0,842.622418764799,past_selected
1491,2021,9/2/21,UCF,Boise St.,ESPN,Week1,841.0,1125.8132487761698,past_selected
1492,2021,9/2/21,Appalachian St.,East Carolina,ESPNU,Week1,245.0,137.95919675314155,past_selected
1493,2021,9/2/21,Minnesota,Ohio St.,FOX,Week1,6295.0,5069.06606422012,past_selected
1494,2021,9/3/21,Virginia Tech,North Carolina,ESPN,Week1,2579.0,2138.352058313718,past_selected
1495,2021,9/3/21,Colorado St.,South Dakota State,FS1,Week1,199.0,260.23121418178715,past_selected
1496,2021,9/3/21,Northwestern,Michigan St.,ESPN,Week1,2101.0,1832.859896385342,past_selected
1497,2021,9/4/21,Oklahoma,Tulane,ABC,Week1,2526.0,1789.0805978343692,past_selected
1498,2021,9/4/21,Kansas St.,Stanford,FS1,Week1,312.0,565.228697264048,past_selected
1499,2021,9/4/21,Michigan,Western Michigan,ESPN,Week1,1623.0,1928.613819838958,past_selected
1500,2021,9/4/21,Wisconsin,Penn St.,FOX,Week1,5409.0,4044.273700317921,past_selected
1501,2021,9/4/21,Miami,Alabama,ABC,Week1,5674.0,4122.3074191750675,past_selected
1502,2021,9/4/21,Maryland,West Virginia,ESPN,Week1,1350.0,1175.3198952845103,past_selected
1503,2021,9/4/21,Iowa,Indiana,BTN,Week1,554.0,1173.037827371597,past_selected
1504,2021,9/4/21,Mississippi St.,Louisiana Tech,ESPNU,Week1,228.0,231.6943921561049,past_selected
1505,2021,9/4/21,Texas,Louisiana,FOX,Week1,2879.0,2626.9954363295074,past_selected
1506,2021,9/4/21,Purdue,Oregon St.,FS1,Week1,439.0,391.21142980444904,past_selected
1507,2021,9/4/21,Houston,Texas Tech,ESPN,Week1,831.0,1130.0418306824438,past_selected
1508,2021,9/4/21,Illinois,UTSA,BTN,Week1,211.0,529.9326886560298,past_selected
1509,2021,9/4/21,Clemson,Georgia,ABC,Week1,8863.0,6235.285224404599,past_selected
1510,2021,9/4/21,Texas A&M,Kent St.,ESPNU,Week1,285.0,322.42302238050354,past_selected
1511,2021,9/5/21,UCLA,LSU,FOX,Week1,3219.0,2922.4009488102383,past_selected
1512,2021,9/4/21,California,Nevada,FS1,Week1,255.0,257.958418344353,past_selected
1513,2021,9/4/21,Arizona,BYU,ESPN,Week1,933.0,1552.6279889235325,past_selected
1514,2021,9/5/21,Florida St.,Notre Dame,ABC,Week1,7751.0,7683.0254966749035,past_selected
1515,2021,9/6/21,Mississippi,Louisville,ESPN,Week1,3078.0,2154.9805110919883,past_selected
1516,2021,9/10/21,Coastal Carolina,Kansas,ESPN2,later,1299.0,861.7473557681378,past_selected
1517,2021,9/10/21,Boise St.,UTEP,FS1,later,347.0,697.9950872281013,past_selected
1518,2021,9/11/21,East Carolina,South Carolina,ESPN2,later,585.0,709.9031713188776,past_selected
1519,2021,9/11/21,Ohio St.,Oregon,FOX,later,7730.0,5929.404214435324,past_selected
1520,2021,9/11/21,Oklahoma St.,Tulsa,FS1,later,321.0,421.457191376236,past_selected
1521,2021,9/11/21,Tennessee,Pittsburgh,ESPN,later,1739.0,1954.5488899602092,past_selected
1522,2021,9/11/21,South Florida,Florida,ABC,later,1597.0,2063.4891607192867,past_selected
1523,2021,9/11/21,Penn St.,Ball St.,FS1,later,881.0,688.1505721415965,past_selected
1524,2021,9/11/21,Colorado,Texas A&M,FOX,later,4502.0,3109.2907815017056,past_selected
1525,2021,9/11/21,TCU,California,ESPNU,later,193.0,206.8284250639299,past_selected
1526,2021,9/11/21,Nebraska,Buffalo,BTN,later,626.0,641.7026710605652,past_selected
1527,2021,9/11/21,Georgia,UAB,ESPN2,later,1118.0,949.8050443939223,past_selected
1528,2021,9/11/21,Navy,Air Force,CBS,later,1076.0,743.0183148027023,past_selected
1529,2021,9/11/21,Iowa St.,Iowa,ABC,later,3890.0,5163.082819119461,past_selected
1530,2021,9/11/21,Mississippi St.,North Carolina St.,ESPN2,later,756.0,573.9563794488843,past_selected
1531,2021,9/11/21,Arkansas,Texas,ESPN,later,3356.0,2471.3433165979063,past_selected
1532,2021,9/11/21,Wisconsin,Eastern Michigan,FS1,later,557.0,682.3366735686398,past_selected
1533,2021,9/11/21,Miami,Appalachian St.,ESPNU,later,395.0,263.2003556613147,past_selected
1534,2021,9/11/21,Michigan,Washington,ABC,later,4748.0,4499.051347902372,past_selected
1535,2021,9/11/21,BYU,Utah,ESPN,later,1503.0,1644.658742854524,past_selected
1536,2021,9/11/21,Arizona St.,UNLV,ESPN2,later,407.0,480.8843720854753,past_selected
1537,2021,9/11/21,USC,Stanford,FOX,later,1441.0,1961.827588342318,past_selected
1538,2021,9/11/21,Oregon St.,Hawaii,FS1,later,204.0,499.585433328623,past_selected
1539,2021,9/16/21,Louisiana,Ohio,ESPN,later,698.0,721.9124354427929,past_selected
1540,2021,9/17/21,Louisville,UCF,ESPN,later,1881.0,1790.6558079868219,past_selected
1541,2021,9/17/21,Illinois,Maryland,FS1,later,690.0,521.8658430334062,past_selected
1542,2021,9/18/21,Miami,Michigan St.,ABC,later,2774.0,2118.446016577025,past_selected
1543,2021,9/18/21,Buffalo,Coastal Carolina,ESPN2,later,285.0,613.3385315476663,past_selected
1544,2021,9/18/21,Michigan,Northern Illinois,BTN,later,512.0,1037.4076372564123,past_selected
1545,2021,9/18/21,Oklahoma,Nebraska,FOX,later,4210.0,3507.879156736444,past_selected
1546,2021,9/18/21,Indiana,Cincinnati,ESPN,later,1681.0,1452.0782785849494,past_selected
1547,2021,9/18/21,West Virginia,Virginia Tech,FS1,later,932.0,591.3792567474584,past_selected
1548,2021,9/18/21,Notre Dame,Purdue,NBC,later,2584.0,1993.4976535889564,past_selected
1549,2021,9/18/21,Washington St.,USC,FOX,later,1583.0,2029.692256951565,past_selected
1550,2021,9/18/21,Florida,Alabama,CBS,later,7863.0,4444.72873452969,past_selected
1551,2021,9/18/21,Ohio St.,Tulsa,FS1,later,1831.0,1235.2068112270597,past_selected
1552,2021,9/18/21,Wake Forest,Florida St.,ESPN,later,689.0,1174.7083979828499,past_selected
1553,2021,9/18/21,Clemson,Georgia Tech,ABC,later,2101.0,2217.0659140070247,past_selected
1554,2021,9/18/21,Memphis,Mississippi St.,ESPN2,later,401.0,510.74340380873383,past_selected
1555,2021,9/18/21,Georgia,South Carolina,ESPN,later,2548.0,2727.3377862423176,past_selected
1556,2021,9/18/21,Penn St.,Auburn,ABC,later,7606.0,6089.855059898455,past_selected
1557,2021,9/18/21,Mississippi,Tulane,ESPN2,later,350.0,404.29106034539234,past_selected
1558,2021,9/18/21,Boise St.,Oklahoma St.,FS1,later,596.0,757.2895332489895,past_selected
1559,2021,9/18/21,BYU,Arizona St.,ESPN,later,1498.0,1852.667237353472,past_selected
1560,2021,9/18/21,Hawaii,San Jose St.,FS1,later,259.0,449.0216861099884,past_selected
1561,2021,9/23/21,Appalachian St.,Marshall,ESPN,later,1014.0,872.3853204062923,past_selected
1562,2021,9/24/21,Virginia,Wake Forest,ESPN2,later,1113.0,683.5785447457245,past_selected
1563,2021,9/25/21,Boston College,Missouri,ESPN2,later,404.0,461.9725538155974,past_selected
1564,2021,9/25/21,Mississippi St.,LSU,ESPN,later,1791.0,1824.3387062460008,past_selected
1565,2021,9/25/21,Texas,Texas Tech,ABC,later,1728.0,2634.898330812264,past_selected
1566,2021,9/25/21,TCU,SMU,FS1,later,186.0,365.6454202555998,past_selected
1567,2021,9/25/21,Wisconsin,Notre Dame,FOX,later,5369.0,3862.0565498932933,past_selected
1568,2021,9/25/21,Utah St.,Boise St.,CBS,later,804.0,1095.7178565422728,past_selected
1569,2021,9/25/21,North Carolina St.,Clemson,ESPN,later,2185.0,1248.239788339291,past_selected
1570,2021,9/25/21,Baylor,Iowa St.,FOX,later,2012.0,1394.4982832006103,past_selected
1571,2021,9/25/21,Michigan,Rutgers,ABC,later,2806.0,2900.160024778301,past_selected
1572,2021,9/25/21,Iowa,Colorado St.,FS1,later,513.0,534.9410884002328,past_selected
1573,2021,9/25/21,Arkansas,Texas A&M,CBS,later,4071.0,4717.444146967362,past_selected
1574,2021,9/25/21,Florida St.,Louisville,ESPN2,later,643.0,779.5730472226604,past_selected
1575,2021,9/25/21,South Carolina,Kentucky,ESPN2,later,941.0,1063.3313698321258,past_selected
1576,2021,9/25/21,Florida,Tennessee,ESPN,later,3282.0,2094.361149403084,past_selected
1577,2021,9/25/21,Michigan St.,Nebraska,FS1,later,1664.0,1209.5547631313038,past_selected
1578,2021,9/25/21,Ohio St.,Akron,BTN,later,1075.0,1473.594066515967,past_selected
1579,2021,9/25/21,Oklahoma,West Virginia,ABC,later,4502.0,3826.7178042749083,past_selected
1580,2021,9/25/21,BYU,South Florida,ESPN2,later,491.0,478.7190885123222,past_selected
1581,2021,9/25/21,Oregon,Arizona,ESPN,later,1656.0,2106.428645666834,past_selected
1582,2021,9/25/21,USC,Oregon St.,FS1,later,754.0,687.5619417385647,past_selected
1583,2021,9/25/21,Arizona St.,Colorado,ESPNU,later,170.0,314.61424456103316,past_selected
1584,2021,9/30/21,Miami,Virginia,ESPN,later,1408.0,1120.0331781601055,past_selected
1585,2021,10/1/21,Tulsa,Houston,ESPN,later,548.0,1047.101317706707,past_selected
1586,2021,10/1/21,Maryland,Iowa,FS1,later,1381.0,1050.203453461802,past_selected
1587,2021,10/2/21,Wisconsin,Michigan,FOX,later,4313.0,3826.864701771687,past_selected
1588,2021,10/2/21,Georgia,Arkansas,ESPN,later,3845.0,4781.009640779295,past_selected
1589,2021,10/2/21,TCU,Texas,ABC,later,2384.0,2477.4985506391768,past_selected
1590,2021,10/2/21,North Carolina,Duke,ESPN2,later,303.0,472.12356836960055,past_selected
1591,2021,10/2/21,Notre Dame,Cincinnati,NBC,later,3805.0,3639.7427155294213,past_selected
1592,2021,10/2/21,Stanford,Oregon,ABC,later,2641.0,2818.668213621563,past_selected
1593,2021,10/2/21,Kansas St.,Oklahoma,FOX,later,2616.0,2883.727366265687,past_selected
1594,2021,10/2/21,Alabama,Mississippi,CBS,later,4792.0,3418.308560473125,past_selected
1595,2021,10/2/21,Rutgers,Ohio St.,BTN,later,1190.0,1158.8378742248144,past_selected
1596,2021,10/2/21,West Virginia,Texas Tech,ESPN2,later,666.0,697.3202800991661,past_selected
1597,2021,10/2/21,Boise St.,Nevada,FS1,later,197.0,370.5566617393748,past_selected
1598,2021,10/2/21,Kentucky,Florida,ESPN,later,3063.0,2312.54030237504,past_selected
1599,2021,10/2/21,Iowa St.,Kansas,FS1,later,262.0,403.34677168854523,past_selected
1600,2021,10/2/21,Oklahoma St.,Baylor,ESPN2,later,995.0,1446.0855336884613,past_selected
1601,2021,10/2/21,Penn St.,Indiana,ABC,later,3996.0,3205.537444874945,past_selected
1602,2021,10/2/21,LSU,Auburn,ESPN,later,3791.0,2898.304941566989,past_selected
1603,2021,10/2/21,UCLA,Arizona St.,FS1,later,673.0,468.0166357948827,past_selected
1604,2021,10/7/21,Tulane,Houston,ESPN,later,464.0,466.36210199065476,past_selected
1605,2021,10/8/21,Cincinnati,Temple,ESPN,later,1111.0,1828.526370797531,past_selected
1606,2021,10/8/21,Arizona St.,Stanford,ESPN,later,1134.0,1393.7353281482992,past_selected
1607,2021,10/9/21,Tennessee,South Carolina,ESPN2,later,795.0,1148.6853477699178,past_selected
1608,2021,10/9/21,Ohio St.,Maryland,FOX,later,2788.0,3385.851986257488,past_selected
1609,2021,10/9/21,Rutgers,Michigan St.,BTN,later,642.0,646.9935821977632,past_selected
1610,2021,10/9/21,Texas,Oklahoma,ABC,later,5940.0,6271.656327849781,past_selected
1611,2021,10/9/21,Mississippi,Arkansas,ESPN,later,2230.0,2109.0547861015402,past_selected
1612,2021,10/9/21,Baylor,West Virginia,FS1,later,456.0,391.23546584496205,past_selected
1613,2021,10/9/21,Illinois,Wisconsin,BTN,later,416.0,567.3102475124497,past_selected
1614,2021,10/9/21,Syracuse,Wake Forest,ESPN2,later,509.0,405.5257487302739,past_selected
1615,2021,10/9/21,North Carolina,Florida St.,ESPN,later,1073.0,1037.1361474052044,past_selected
1616,2021,10/9/21,BYU,Boise St.,ABC,later,2244.0,2010.199581727478,past_selected
1617,2021,10/9/21,Auburn,Georgia,CBS,later,4581.0,5286.509591337049,past_selected
1618,2021,10/9/21,Iowa,Penn St.,FOX,later,6904.0,6913.687441501077,past_selected
1619,2021,10/9/21,Texas Tech,TCU,ESPN,later,625.0,1025.804041461267,past_selected
1620,2021,10/9/21,Nebraska,Michigan,ABC,later,4629.0,6276.066235841819,past_selected
1621,2021,10/9/21,Texas A&M,Alabama,CBS,later,8334.0,3686.647807866712,past_selected
1622,2021,10/9/21,USC,Utah,FOX,later,1376.0,1784.4807932451854,past_selected
1623,2021,10/9/21,Nevada,New Mexico St.,ESPN,later,799.0,600.7457429106472,past_selected
1624,2021,10/12/21,Louisiana,Appalachian St.,ESPN2,later,428.0,462.6176568696551,past_selected
1625,2021,10/14/21,Memphis,Navy,ESPN,later,514.0,507.0587703768032,past_selected
1626,2021,10/15/21,Syracuse,Clemson,ESPN,later,2115.0,1510.8967059060142,past_selected
1627,2021,10/15/21,Oregon,California,ESPN,later,1446.0,1593.222515858245,past_selected
1628,2021,10/16/21,Cincinnati,UCF,ABC,later,1374.0,2142.7247132840002,past_selected
1629,2021,10/16/21,LSU,Florida,ESPN,later,2926.0,1974.031508324784,past_selected
1630,2021,10/16/21,Arkansas,Auburn,CBS,later,2404.0,2293.0871639578804,past_selected
1631,2021,10/16/21,Northwestern,Rutgers,BTN,later,204.0,342.4237062346465,past_selected
1632,2021,10/16/21,Minnesota,Nebraska,ESPN2,later,1062.0,674.0489458215303,past_selected
1633,2021,10/16/21,Texas,Oklahoma St.,FOX,later,3129.0,5600.318886807401,past_selected
1634,2021,10/16/21,Indiana,Michigan St.,FS1,later,1276.0,639.1841367482363,past_selected
1635,2021,10/16/21,Georgia,Kentucky,CBS,later,6369.0,6140.872066312701,past_selected
1636,2021,10/16/21,Iowa,Purdue,ABC,later,3446.0,4486.632469201437,past_selected
1637,2021,10/16/21,Virginia Tech,Pittsburgh,ESPN2,later,640.0,658.8924858743358,past_selected
1638,2021,10/16/21,Baylor,BYU,ESPN,later,1440.0,1188.7989585076593,past_selected
1639,2021,10/16/21,Mississippi St.,Alabama,ESPN,later,3526.0,2403.6253137133667,past_selected
1640,2021,10/16/21,Washington St.,Stanford,ESPNU,later,210.0,242.44460478635187,past_selected
1641,2021,10/16/21,Oklahoma,TCU,ABC,later,3434.0,3843.517928727989,past_selected
1642,2021,10/16/21,Kansas St.,Iowa St.,ESPN2,later,608.0,588.5293205240619,past_selected
1643,2021,10/16/21,Wisconsin,Army,BTN,later,639.0,561.0624007841195,past_selected
1644,2021,10/16/21,Washington,UCLA,FOX,later,1532.0,1583.234507467944,past_selected
1645,2021,10/16/21,Boise St.,Air Force,FS1,later,289.0,526.6189676116358,past_selected
1646,2021,10/16/21,Utah,Arizona St.,ESPN,later,1393.0,1167.8186678451252,past_selected
1647,2021,10/20/21,Appalachian St.,Coastal Carolina,ESPN2,later,804.0,565.0543496509566,past_selected
1648,2021,10/21/21,SMU,Tulane,ESPN,later,392.0,596.0526321616767,past_selected
1649,2021,10/22/21,UCF,Memphis,ESPN2,later,793.0,850.503841958295,past_selected
1650,2021,10/22/21,Arizona,Washington,ESPN2,later,660.0,731.3413177623391,past_selected
1651,2021,10/23/21,Texas Tech,Kansas St.,FS1,later,359.0,468.00679216687564,past_selected
1652,2021,10/23/21,Penn St.,Illinois,ABC,later,3765.0,2669.853647888787,past_selected
1653,2021,10/23/21,Michigan,Northwestern,FOX,later,3235.0,3040.0279319256692,past_selected
1654,2021,10/23/21,Kansas,Oklahoma,ESPN,later,2645.0,1340.1056340559464,past_selected
1655,2021,10/23/21,Navy,Cincinnati,ESPN2,later,769.0,550.7732763498495,past_selected
1656,2021,10/23/21,Purdue,Wisconsin,BTN,later,734.0,773.7215502404706,past_selected
1657,2021,10/23/21,Minnesota,Maryland,ESPN2,later,533.0,475.9569349967304,past_selected
1658,2021,10/23/21,Mississippi,LSU,CBS,later,3109.0,2363.048436880212,past_selected
1659,2021,10/23/21,Washington St.,BYU,FS1,later,466.0,473.7175993579358,past_selected
1660,2021,10/23/21,UCLA,Oregon,ABC,later,3845.0,2947.0224547882585,past_selected
1661,2021,10/23/21,Iowa St.,Oklahoma St.,FOX,later,2659.0,2741.429225156927,past_selected
1662,2021,10/23/21,Pittsburgh,Clemson,ESPN,later,2162.0,1562.7806579731482,past_selected
1663,2021,10/23/21,Fresno St.,Nevada,FS1,later,233.0,288.1425006147374,past_selected
1664,2021,10/23/21,Alabama,Tennessee,ESPN,later,4679.0,3572.207451690169,past_selected
1665,2021,10/23/21,Indiana,Ohio St.,ABC,later,3347.0,3437.606414828246,past_selected
1666,2021,10/23/21,Notre Dame,USC,NBC,later,2868.0,2265.8589953146106,past_selected
1667,2021,10/23/21,TCU,West Virginia,ESPNU,later,369.0,225.9151565011607,past_selected
1668,2021,10/23/21,Miami,North Carolina St.,ESPN2,later,675.0,414.4528455933672,past_selected
1669,2021,10/28/21,Coastal Carolina,Troy,ESPN2,later,290.0,575.9317584256928,past_selected
1670,2021,10/28/21,East Carolina,South Florida,ESPN,later,395.0,599.0572488799522,past_selected
1671,2021,10/29/21,Tulsa,Navy,ESPN2,later,684.0,663.9145887508641,past_selected
1672,2021,10/30/21,Michigan St.,Michigan,FOX,later,9289.0,7762.899485940598,past_selected
1673,2021,10/30/21,Wisconsin,Iowa,ESPN,later,1828.0,2121.9820672587957,past_selected
1674,2021,10/30/21,Baylor,Texas,ABC,later,2395.0,1991.3375416994952,past_selected
1675,2021,10/30/21,Tulane,Cincinnati,ESPN2,later,580.0,369.23573566298387,past_selected
1676,2021,10/30/21,Arizona St.,Washington St.,FS1,later,337.0,551.4988490168719,past_selected
1677,2021,10/30/21,Clemson,Florida St.,ESPN,later,1883.0,1282.9217762014505,past_selected
1678,2021,10/30/21,Oregon,Colorado,FOX,later,2673.0,2495.611561987908,past_selected
1679,2021,10/30/21,Nebraska,Purdue,ESPN2,later,1295.0,730.7238878722758,past_selected
1680,2021,10/30/21,Northwestern,Minnesota,BTN,later,401.0,381.1373100726039,past_selected
1681,2021,10/30/21,Oklahoma,Texas Tech,ABC,later,2370.0,2969.2714325124025,past_selected
1682,2021,10/30/21,Florida,Georgia,CBS,later,6120.0,3405.176262524937,past_selected
1683,2021,10/30/21,Auburn,Mississippi,ESPN,later,2525.0,3133.8576865663754,past_selected
1684,2021,10/30/21,Oklahoma St.,Kansas,FS1,later,344.0,489.8412909806358,past_selected
1685,2021,10/30/21,Houston,SMU,ESPN2,later,332.0,538.0195998310132,past_selected
1686,2021,10/30/21,Notre Dame,North Carolina,NBC,later,2346.0,1697.2901767080411,past_selected
1687,2021,10/30/21,Ohio St.,Penn St.,ABC,later,7051.0,7837.206445746982,past_selected
1688,2021,10/30/21,Utah,UCLA,ESPN,later,829.0,1024.6416751970073,past_selected
1689,2021,10/30/21,BYU,Virginia,ESPN2,later,678.0,578.8146314541023,past_selected
1690,2021,10/30/21,Stanford,Washington,FS1,later,402.0,465.0141249336349,past_selected
1691,2021,11/2/21,Toledo,Eastern Michigan,ESPN2,later,180.0,301.6433892013738,past_selected
1692,2021,11/3/21,Kent St.,Northern Illinois,ESPN2,later,454.0,355.93276501038395,past_selected
1693,2021,11/4/21,Louisiana,Georgia St.,ESPN,later,620.0,731.4939997254132,past_selected
1694,2021,11/5/21,Boston College,Virginia Tech,ESPN2,later,1215.0,703.6362778066264,past_selected
1695,2021,11/5/21,Stanford,Utah,FS1,later,452.0,450.4164151673473,past_selected
1696,2021,11/6/21,Air Force,Army,CBS,later,1444.0,835.9994591190093,past_selected
1697,2021,11/6/21,North Carolina,Wake Forest,ABC,later,2200.0,1844.1401405636695,past_selected
1698,2021,11/6/21,Minnesota,Illinois,ESPN2,later,595.0,443.8708372481295,past_selected
1699,2021,11/6/21,Nebraska,Ohio St.,FOX,later,5328.0,4484.275115337117,past_selected
1700,2021,11/6/21,Georgia,Missouri,ESPN,later,2186.0,2074.697111308495,past_selected
1701,2021,11/6/21,Kansas,Kansas St.,FS1,later,344.0,157.27574671738796,past_selected
1702,2021,11/6/21,Maryland,Penn St.,FS1,later,936.0,721.0761028533515,past_selected
1703,2021,11/6/21,West Virginia,Oklahoma St.,ESPN,later,1140.0,1179.889660294582,past_selected
1704,2021,11/6/21,Texas A&M,Auburn,CBS,later,3759.0,3698.9151053175538,past_selected
1705,2021,11/6/21,Notre Dame,Navy,NBC,later,1863.0,1424.1475586752056,past_selected
1706,2021,11/6/21,TCU,Baylor,FOX,later,1807.0,1306.1765063781215,past_selected
1707,2021,11/6/21,Cincinnati,Tulsa,ESPN2,later,796.0,621.036816477307,past_selected
1708,2021,11/6/21,Purdue,Michigan St.,ABC,later,4400.0,4413.49388000844,past_selected
1709,2021,11/6/21,Rutgers,Wisconsin,BTN,later,433.0,495.6794991986128,past_selected
1710,2021,11/6/21,Northwestern,Iowa,BTN,later,552.0,523.6432641476845,past_selected
1711,2021,11/6/21,Alabama,LSU,ESPN,later,5000.0,5572.979557734684,past_selected
1712,2021,11/6/21,Kentucky,Tennessee,ESPN2,later,1478.0,1015.2008056903727,past_selected
1713,2021,11/6/21,Iowa St.,Texas,FS1,later,907.0,722.573019673592,past_selected
1714,2021,11/6/21,Michigan,Indiana,FOX,later,2683.0,3541.9940250686413,past_selected
1715,2021,11/6/21,Washington,Oregon,ABC,later,2726.0,3027.5624084603305,past_selected
1716,2021,11/6/21,UTEP,UTSA,ESPN2,later,412.0,457.1899845488907,past_selected
1717,2021,11/6/21,Arizona St.,USC,ESPN,later,1608.0,1419.5367443348573,past_selected
1718,2021,11/6/21,Hawaii,San Diego St.,FS1,later,226.0,336.1272899218311,past_selected
1719,2021,11/9/21,Eastern Michigan,Ohio,ESPN2,later,294.0,350.429245375014,past_selected
1720,2021,11/10/21,Northern Illinois,Ball St.,ESPN2,later,470.0,394.9996708117925,past_selected
1721,2021,11/10/21,Central Michigan,Kent St.,ESPNU,later,155.0,196.46563016911483,past_selected
1722,2021,11/11/21,Pittsburgh,North Carolina,ESPN,later,1213.0,1159.6052396671928,past_selected
1723,2021,11/12/21,South Florida,Cincinnati,ESPN2,later,1157.0,1243.0963460855312,past_selected
1724,2021,11/12/21,Boise St.,Wyoming,FS1,later,454.0,626.4393929798381,past_selected
1725,2021,11/13/21,Penn St.,Michigan,ABC,later,5942.0,7867.12104395554,past_selected
1726,2021,11/13/21,Wisconsin,Northwestern,ESPN2,later,667.0,536.1766093671978,past_selected
1727,2021,11/13/21,Indiana,Rutgers,BTN,later,180.0,282.33953260492336,past_selected
1728,2021,11/13/21,Auburn,Mississippi St.,ESPN,later,1529.0,1574.2077372341876,past_selected
1729,2021,11/13/21,Baylor,Oklahoma,FOX,later,3719.0,3644.931495721907,past_selected
1730,2021,11/13/21,Kansas St.,West Virginia,FS1,later,476.0,394.8213397505085,past_selected
1731,2021,11/13/21,Ohio St.,Purdue,ABC,later,4739.0,4927.97148856302,past_selected
1732,2021,11/13/21,Florida St.,Miami,ESPN,later,1534.0,1023.5889724735673,past_selected
1733,2021,11/13/21,Tennessee,Georgia,CBS,later,5781.0,4407.422434818175,past_selected
1734,2021,11/13/21,Iowa,Minnesota,BTN,later,980.0,607.9988162852637,past_selected
1735,2021,11/13/21,Texas Tech,Iowa St.,ESPN2,later,676.0,505.29035602776094,past_selected
1736,2021,11/13/21,Michigan St.,Maryland,FOX,later,2204.0,2560.9215033229802,past_selected
1737,2021,11/13/21,Mississippi,Texas A&M,ESPN,later,3531.0,2553.691065138285,past_selected
1738,2021,11/13/21,Washington,Arizona St.,FS1,later,538.0,561.4641802800504,past_selected
1739,2021,11/13/21,Vanderbilt,Kentucky,ESPN2,later,446.0,486.0543737875258,past_selected
1740,2021,11/13/21,Texas,Kansas,ESPNU,later,487.0,236.51111171948713,past_selected
1741,2021,11/13/21,Virginia,Notre Dame,ABC,later,3278.0,4408.751321053479,past_selected
1742,2021,11/13/21,Oklahoma St.,TCU,FOX,later,1373.0,2411.7279083236813,past_selected
1743,2021,11/13/21,San Jose St.,Utah St.,FS1,later,144.0,287.89282590753965,past_selected
1744,2021,11/13/21,Oregon,Washington St.,ESPN,later,1991.0,2107.8785382609963,past_selected
1745,2021,11/16/21,Eastern Michigan,Western Michigan,ESPN2,later,428.0,334.56155782283423,past_selected
1746,2021,11/17/21,Buffalo,Northern Illinois,ESPN2,later,516.0,409.0738394681978,past_selected
1747,2021,11/18/21,Duke,Louisville,ESPN,later,466.0,958.5912353412602,past_selected
1748,2021,11/19/21,Nevada,Air Force,FS1,later,245.0,539.9939505961038,past_selected
1749,2021,11/19/21,Houston,Memphis,ESPN2,later,611.0,525.4001952908761,past_selected
1750,2021,11/20/21,Ohio St.,Michigan St.,ABC,later,5287.0,8192.954573148396,past_selected
1751,2021,11/20/21,Clemson,Wake Forest,ESPN,later,1553.0,1105.9297409862802,past_selected
1752,2021,11/20/21,Oklahoma,Iowa St.,FOX,later,3103.0,2001.692549497327,past_selected
1753,2021,11/20/21,West Virginia,Texas,ESPN2,later,1005.0,825.1934236681085,past_selected
1754,2021,11/20/21,Iowa,Illinois,FS1,later,677.0,503.6395104855041,past_selected
1755,2021,11/20/21,Notre Dame,Georgia Tech,NBC,later,1455.0,1453.2888448642016,past_selected
1756,2021,11/20/21,Alabama,Arkansas,CBS,later,5464.0,4093.377955992779,past_selected
1757,2021,11/20/21,Pittsburgh,Virginia,ESPN2,later,851.0,702.6620195250482,past_selected
1758,2021,11/20/21,Wisconsin,Nebraska,ABC,later,3534.0,2839.5660175606113,past_selected
1759,2021,11/20/21,Cincinnati,SMU,ESPN,later,938.0,1682.5242838394188,past_selected
1760,2021,11/20/21,USC,UCLA,FOX,later,1836.0,1749.8035510365285,past_selected
1761,2021,11/20/21,Kansas St.,Baylor,FS1,later,665.0,693.2065808058707,past_selected
1762,2021,11/20/21,South Carolina,Auburn,ESPN,later,2033.0,1758.2330122163662,past_selected
1763,2021,11/20/21,Tennessee,South Alabama,ESPNU,later,307.0,365.1494319472341,past_selected
1764,2021,11/20/21,Utah,Oregon,ABC,later,4818.0,4258.7685641842445,past_selected
1765,2021,11/20/21,Texas Tech,Oklahoma St.,FOX,later,1911.0,2665.642347757519,past_selected
1766,2021,11/20/21,Boise St.,New Mexico,FS1,later,165.0,376.3587764862466,past_selected
1767,2021,11/20/21,LSU,Louisiana Monroe,ESPN2,later,598.0,724.3257094921072,past_selected
1768,2021,11/20/21,Oregon St.,Arizona St.,ESPN,later,1114.0,859.2483519081428,past_selected
1769,2021,11/25/21,San Jose St.,Fresno St.,FS1,later,309.0,211.09140776401676,past_selected
1770,2021,11/25/21,Mississippi St.,Mississippi,ESPN,later,2060.0,1991.2065307683324,past_selected
1771,2021,11/26/21,San Diego St.,Boise St.,CBS,later,1950.0,1473.0940190346614,past_selected
1772,2021,11/26/21,Texas,Kansas St.,FOX,later,2861.0,3346.674950507805,past_selected
1773,2021,11/26/21,New Mexico,Utah St.,FS1,later,139.0,391.8853489336056,past_selected
1774,2021,11/26/21,Nebraska,Iowa,BTN,later,1945.0,1349.2602689423466,past_selected
1775,2021,11/26/21,East Carolina,Cincinnati,ABC,later,2392.0,3502.785035012671,past_selected
1776,2021,11/26/21,Arkansas,Missouri,CBS,later,2956.0,2023.3734339158566,past_selected
1777,2021,11/26/21,UCF,South Florida,ESPN,later,711.0,894.1718178837498,past_selected
1778,2021,11/26/21,Utah,Colorado,FOX,later,1554.0,2493.7214421012914,past_selected
1779,2021,11/26/21,Iowa St.,TCU,FS1,later,518.0,593.602310067175,past_selected
1780,2021,11/26/21,North Carolina St.,North Carolina,ESPN,later,2681.0,1323.332320345393,past_selected
1781,2021,11/26/21,Washington,Washington St.,FS1,later,1210.0,971.4362108347188,past_selected
1782,2021,11/27/21,Florida,Florida St.,ESPN,later,1629.0,1362.0929689611667,past_selected
1783,2021,11/27/21,Georgia Tech,Georgia,ABC,later,1947.0,1933.9895985064395,past_selected
1784,2021,11/27/21,Baylor,Texas Tech,FS1,later,412.0,490.8356488401578,past_selected
1785,2021,11/27/21,Rutgers,Maryland,BTN,later,158.0,285.1121833491504,past_selected
1786,2021,11/27/21,Michigan,Ohio St.,FOX,later,15893.0,13984.751294539543,past_selected
1787,2021,11/27/21,Boston College,Wake Forest,ESPN2,later,247.0,302.134800223782,past_selected
1788,2021,11/27/21,Oregon,Oregon St.,ESPN,later,1337.0,1492.4987584716107,past_selected
1789,2021,11/27/21,Auburn,Alabama,CBS,later,10369.0,7762.956114713977,past_selected
1790,2021,11/27/21,Purdue,Indiana,FS1,later,484.0,328.9842742554124,past_selected
1791,2021,11/27/21,Michigan St.,Penn St.,ABC,later,3893.0,3304.4073616720043,past_selected
1792,2021,11/27/21,Illinois,Northwestern,BTN,later,139.0,287.67665956536405,past_selected
1793,2021,11/27/21,SMU,Tulsa,ESPN2,later,119.0,322.28309130373214,past_selected
1794,2021,11/27/21,Minnesota,Wisconsin,FOX,later,5049.0,2702.2265578567963,past_selected
1795,2021,11/27/21,Kansas,West Virginia,FS1,later,485.0,316.5224946863414,past_selected
1796,2021,11/27/21,LSU,Texas A&M,ESPN,later,2351.0,1881.470633032949,past_selected
1797,2021,11/27/21,Louisville,Kentucky,ESPN2,later,700.0,634.2373443416843,past_selected
1798,2021,11/27/21,Oklahoma St.,Oklahoma,ABC,later,6486.0,9718.356117338933,past_selected
1799,2021,11/27/21,Stanford,Notre Dame,FOX,later,2743.0,2508.3510587093947,past_selected
1800,2021,11/27/21,UCLA,California,FS1,later,386.0,345.2956181876085,past_selected
1801,2021,11/27/21,USC,BYU,ESPN,later,1458.0,1385.1640098897128,past_selected
1802,2021,12/3/21,Utah,Oregon,ABC,later,4247.0,5089.37550736909,past_selected
1803,2021,12/4/21,Oklahoma St.,Baylor,ABC,later,8021.0,8523.567060779791,past_selected
1804,2021,12/4/21,Northern Illinois,Kent St.,ESPN,later,867.0,679.7339404940478,past_selected
1805,2021,12/4/21,San Diego St.,Utah St.,FOX,later,816.0,1408.1380128691242,past_selected
1806,2021,12/4/21,Louisiana,Appalachian St.,ESPN,later,440.0,1064.912332940851,past_selected
1807,2021,12/4/21,Cincinnati,Houston,ABC,later,3415.0,4472.216748458204,past_selected
1808,2021,12/4/21,Alabama,Georgia,CBS,later,15277.0,6365.883587201835,past_selected
1809,2021,12/4/21,Iowa,Michigan,FOX,later,11658.0,8692.509354901267,past_selected
1810,2021,12/4/21,Wake Forest,Pittsburgh,ABC,later,2661.0,2867.012339883594,past_selected
1811,2021,12/4/21,California,USC,FS1,later,390.0,531.9922482042183,past_selected
1812,2021,12/11/21,Army,Navy,CBS,later,7570.0,1150.6764966941641,past_selected
1145,2022,8/27/22,Northwestern,Nebraska,FOX,Week0,4420.0,3642.1103802164066,past_selected
1146,2022,8/27/22,Illinois,Wyoming,BTN,Week0,512.0,436.41528810093143,past_selected
1147,2022,8/27/22,Utah St.,Connecticut,FS1,Week0,517.0,263.0356320880787,past_selected
1148,2022,8/27/22,New Mexico St.,Nevada,ESPN2,Week0,304.0,297.2203696609525,past_selected
1149,2022,9/1/22,Oklahoma St.,Central Michigan,FS1,Week1,402.0,376.9512677520398,past_selected
1150,2022,9/1/22,Pittsburgh,West Virginia,ESPN,Week1,3150.0,1910.977360091095,past_selected
1151,2022,9/1/22,Missouri,Louisiana Tech,ESPNU,Week1,122.0,185.8498379237608,past_selected
1152,2022,9/1/22,Purdue,Penn St.,FOX,Week1,3510.0,5068.97289802551,past_selected
1153,2022,9/1/22,Minnesota,New Mexico St.,BTN,Week1,241.0,305.0635849204958,past_selected
1154,2022,9/1/22,Fresno St.,Cal Poly,FS1,Week1,167.0,227.03819740837767,past_selected
1155,2022,9/2/22,Michigan St.,Western Michigan,ESPN2,Week1,1350.0,1468.8586983834505,past_selected
1156,2022,9/2/22,Old Dominion,Virginia Tech,ESPNU,Week1,334.0,386.6709055621095,past_selected
1157,2022,9/2/22,Indiana,Illinois,FS1,Week1,965.0,705.4668107710916,past_selected
1158,2022,9/2/22,Colorado,TCU,ESPN,Week1,1250.0,1970.3082025569836,past_selected
1159,2022,9/3/22,Iowa,South Dakota State,FS1,Week1,1010.0,462.7492389238213,past_selected
1160,2022,9/3/22,Appalachian St.,North Carolina,ESPNU,Week1,520.0,305.5313375834596,past_selected
1161,2022,9/3/22,Maryland,Buffalo,BTN,Week1,181.0,308.8815532353435,past_selected
1162,2022,9/3/22,Michigan,Colorado St.,ABC,Week1,3930.0,2658.3527132014488,past_selected
1163,2022,9/3/22,East Carolina,North Carolina St.,ESPN,Week1,2030.0,947.2085229885462,past_selected
1164,2022,9/3/22,Wyoming,Tulsa,FS1,Week1,361.0,333.47645127122144,past_selected
1165,2022,9/3/22,Nebraska,North Dakota,BTN,Week1,889.0,472.8689096251823,past_selected
1166,2022,9/3/22,Arkansas,Cincinnati,ESPN,Week1,2900.0,1903.9302958765957,past_selected
1167,2022,9/3/22,San Diego St.,Arizona,CBS,Week1,921.0,1137.0516461749119,past_selected
1168,2022,9/3/22,Georgia,Oregon,ABC,Week1,6200.0,6380.993374416354,past_selected
1169,2022,9/3/22,Oklahoma,UTEP,FOX,Week1,1220.0,2083.1623815596968,past_selected
1170,2022,9/3/22,Wisconsin,Illinois State,FS1,Week1,498.0,443.96315552490637,past_selected
1171,2022,9/3/22,Florida,Utah,ESPN,Week1,2950.0,1965.2362232303983,past_selected
1172,2022,9/3/22,Ohio St.,Notre Dame,ABC,Week1,10530.0,14500.504849570636,past_selected
1173,2022,9/3/22,Washington,Kent St.,FS1,Week1,319.0,518.0897121738109,past_selected
1174,2022,9/3/22,Oregon St.,Boise St.,ESPN,Week1,1250.0,1170.4631510415675,past_selected
1175,2022,9/4/22,Florida St.,LSU,ABC,Week1,7550.0,8416.544674585768,past_selected
1176,2022,9/5/22,Georgia Tech,Clemson,ESPN,Week1,4860.0,3728.5999514852424,past_selected
1177,2022,9/9/22,UCF,Louisville,ESPN2,later,1850.0,973.9869392000037,past_selected
1178,2022,9/10/22,Arkansas,South Carolina,ESPN,later,1520.0,1729.2407861545212,past_selected
1179,2022,9/10/22,Kansas St.,Missouri,ESPN2,later,490.0,595.8249209172393,past_selected
1180,2022,9/10/22,Northwestern,Duke,FS1,later,160.0,335.1945051203587,past_selected
1181,2022,9/10/22,Texas,Alabama,FOX,later,10600.0,6743.3400216635055,past_selected
1182,2022,9/10/22,Penn St.,Ohio,ABC,later,1550.0,1727.5848239722775,past_selected
1183,2022,9/10/22,Notre Dame,Marshall,NBC,later,2480.0,2172.8742434111837,past_selected
1184,2022,9/10/22,Wisconsin,Washington St.,FOX,later,3920.0,2509.016762058477,past_selected
1185,2022,9/10/22,Air Force,Colorado,CBS,later,808.0,1067.2226821953686,past_selected
1186,2022,9/10/22,Texas A&M,Appalachian St.,ESPN2,later,1770.0,1070.4832955345184,past_selected
1187,2022,9/10/22,Pittsburgh,Tennessee,ABC,later,4460.0,4173.733790123713,past_selected
1188,2022,9/10/22,Illinois,Virginia,ESPNU,later,159.0,374.8903175471533,past_selected
1189,2022,9/10/22,Texas Tech,Houston,FS1,later,633.0,486.95068313972587,past_selected
1190,2022,9/10/22,Florida,Kentucky,ESPN,later,4330.0,3500.133009544387,past_selected
1191,2022,9/10/22,Auburn,San Jose St.,ESPNU,later,364.0,331.0749675648517,past_selected
1192,2022,9/10/22,Oklahoma St.,Arizona St.,ESPN2,later,1020.0,917.6221294004765,past_selected
1193,2022,9/10/22,Stanford,USC,ABC,later,2960.0,3133.4626447142446,past_selected
1194,2022,9/10/22,Nebraska,Georgia Southern,FS1,later,1240.0,644.5514287452991,past_selected
1195,2022,9/10/22,BYU,Baylor,ESPN,later,2370.0,2186.1859675560177,past_selected
1196,2022,9/10/22,Arizona,Mississippi St.,FS1,later,471.0,559.7602819967401,past_selected
1197,2022,9/16/22,Louisville,Florida St.,ESPN,later,2750.0,1942.4829698072513,past_selected
1198,2022,9/17/22,Nebraska,Oklahoma,FOX,later,3410.0,4972.288822482269,past_selected
1199,2022,9/17/22,South Carolina,Georgia,ESPN,later,3000.0,2912.4314131445926,past_selected
1200,2022,9/17/22,Baylor,Texas St.,FS1,later,221.0,316.9566334407213,past_selected
1201,2022,9/17/22,Miami Ohio,Cincinnati,ESPNU,later,185.0,203.59185531984173,past_selected
1202,2022,9/17/22,Michigan,Connecticut,ABC,later,2030.0,2343.62653746298,past_selected
1203,2022,9/17/22,Syracuse,Purdue,ESPN2,later,1210.0,659.1334281977422,past_selected
1204,2022,9/17/22,Notre Dame,California,NBC,later,2910.0,1609.9265483624501,past_selected
1205,2022,9/17/22,Minnesota,Colorado,ESPN2,later,690.0,802.6208151927176,past_selected
1206,2022,9/17/22,Georgia Tech,Mississippi,ABC,later,1390.0,1713.7826054388634,past_selected
1207,2022,9/17/22,Auburn,Penn St.,CBS,later,4050.0,4400.910184416415,past_selected
1208,2022,9/17/22,Wisconsin,New Mexico St.,BTN,later,426.0,395.37726413062734,past_selected
1209,2022,9/17/22,Oregon,BYU,FOX,later,2580.0,3087.365947391381,past_selected
1210,2022,9/17/22,Boise St.,UT Martin,FS1,later,214.0,316.28413992187984,past_selected
1211,2022,9/17/22,Houston,Kansas,ESPNU,later,225.0,230.2209048412885,past_selected
1212,2022,9/17/22,Bowling Green,Marshall,NFLN,later,169.0,69.50777186139378,past_selected
1213,2022,9/17/22,LSU,Mississippi St.,ESPN,later,3060.0,2319.02979083848,past_selected
1214,2022,9/17/22,North Carolina St.,Texas Tech,ESPN2,later,747.0,670.3843893917779,past_selected
1215,2022,9/17/22,Ohio St.,Toledo,FOX,later,3050.0,2368.838515590485,past_selected
1216,2022,9/17/22,Iowa,Nevada,BTN,later,348.0,419.54098481284746,past_selected
1217,2022,9/17/22,Western Michigan,Pittsburgh,ESPNU,later,195.0,252.98536177608082,past_selected
1218,2022,9/17/22,Maryland,SMU,FS1,later,257.0,332.5971221505994,past_selected
1219,2022,9/17/22,Washington,Michigan St.,ABC,later,2790.0,3271.736970230412,past_selected
1220,2022,9/17/22,Texas A&M,Miami,ESPN,later,3400.0,2432.329530456002,past_selected
1221,2022,9/17/22,Utah,San Diego St.,ESPN2,later,326.0,520.2610612904725,past_selected
1222,2022,9/17/22,USC,Fresno St.,FOX,later,1620.0,1646.7657509797862,past_selected
1223,2022,9/17/22,Arizona,North Dakota State,FS1,later,335.0,348.57743216926906,past_selected
1224,2022,9/22/22,Georgia St.,Coastal Carolina,ESPN2,later,224.0,351.5173426124213,past_selected
1225,2022,9/22/22,Virginia Tech,West Virginia,ESPN,later,1600.0,1527.8139551906104,past_selected
1226,2022,9/22/22,Illinois,Chattanooga,BTN,later,176.0,304.97531200105715,past_selected
1227,2022,9/23/22,Syracuse,Virginia,ESPN,later,1790.0,1504.913345095434,past_selected
1228,2022,9/23/22,Air Force,Nevada,FS1,later,312.0,382.64819534227956,past_selected
1229,2022,9/24/22,Kansas,Duke,FS1,later,441.0,325.15394841207865,past_selected
1230,2022,9/24/22,Iowa St.,Baylor,ESPN2,later,762.0,746.5746878168982,past_selected
1231,2022,9/24/22,Auburn,Missouri,ESPN,later,2070.0,1690.314388901089,past_selected
1232,2022,9/24/22,Penn St.,Central Michigan,BTN,later,628.0,513.67779923508,past_selected
1233,2022,9/24/22,Wake Forest,Clemson,ABC,later,3180.0,3184.9010947908605,past_selected
1234,2022,9/24/22,Michigan,Maryland,FOX,later,4380.0,3684.98054100829,past_selected
1235,2022,9/24/22,San Diego St.,Toledo,FS1,later,145.0,249.48602986102247,past_selected
1236,2022,9/24/22,Tennessee,Florida,CBS,later,5570.0,3747.4874960109673,past_selected
1237,2022,9/24/22,Texas Tech,Texas,ESPN,later,2280.0,1914.5479674691755,past_selected
1238,2022,9/24/22,North Carolina,Notre Dame,ABC,later,3460.0,3015.390294504332,past_selected
1239,2022,9/24/22,Michigan St.,Minnesota,BTN,later,1110.0,734.2687646872779,past_selected
1240,2022,9/24/22,Cincinnati,Indiana,ESPN2,later,482.0,590.4588969798529,past_selected
1241,2022,9/24/22,Washington St.,Oregon,FOX,later,2270.0,2414.725715657333,past_selected
1242,2022,9/24/22,UCF,Georgia Tech,ESPNU,later,107.0,258.8725895997254,past_selected
1243,2022,9/24/22,Texas A&M,Arkansas,ESPN,later,3500.0,3051.710986579577,past_selected
1244,2022,9/24/22,Kentucky,Northern Illinois,ESPN2,later,555.0,858.183985005388,past_selected
1245,2022,9/24/22,Rutgers,Iowa,FS1,later,739.0,634.8141528520266,past_selected
1246,2022,9/24/22,Ohio St.,Wisconsin,ABC,later,4590.0,6313.046642385741,past_selected
1247,2022,9/24/22,South Carolina,Charlotte,ESPNU,later,177.0,230.4753076817833,past_selected
1248,2022,9/24/22,Oklahoma,Kansas St.,FOX,later,3370.0,2868.540320555948,past_selected
1249,2022,9/24/22,BYU,Wyoming,ESPN2,later,609.0,640.8184831777521,past_selected
1250,2022,9/24/22,Arizona St.,Utah,ESPN,later,1210.0,1199.4097681895942,past_selected
1251,2022,9/24/22,Washington,Stanford,FS1,later,532.0,626.3329219292588,past_selected
1252,2022,9/29/22,BYU,Utah St.,ESPN,later,1260.0,751.4518532693946,past_selected
1253,2022,9/30/22,Houston,Tulane,ESPN,later,1220.0,889.6543473342615,past_selected
1254,2022,9/30/22,Boise St.,San Diego St.,FS1,later,407.0,673.2038274095337,past_selected
1255,2022,9/30/22,UCLA,Washington,ESPN,later,1700.0,1761.8477044770257,past_selected
1256,2022,10/1/22,TCU,Oklahoma,ABC,later,2470.0,2326.3089501249697,past_selected
1257,2022,10/1/22,Wisconsin,Illinois,BTN,later,573.0,498.15602840494273,past_selected
1258,2022,10/1/22,Minnesota,Purdue,ESPN2,later,829.0,792.2899847172821,past_selected
1259,2022,10/1/22,Iowa,Michigan,FOX,later,4200.0,4501.906343832052,past_selected
1260,2022,10/1/22,Air Force,Navy,CBS,later,1130.0,1093.4868696258459,past_selected
1261,2022,10/1/22,Mississippi,Kentucky,ESPN,later,2790.0,2552.92734906302,past_selected
1262,2022,10/1/22,Maryland,Michigan St.,FS1,later,904.0,722.4517753857117,past_selected
1263,2022,10/1/22,Florida St.,Wake Forest,ABC,later,2480.0,2435.170344338167,past_selected
1264,2022,10/1/22,Ohio St.,Rutgers,BTN,later,1790.0,1320.6113053289062,past_selected
1265,2022,10/1/22,Arkansas,Alabama,CBS,later,5830.0,5569.95726719032,past_selected
1266,2022,10/1/22,Kansas,Iowa St.,ESPN2,later,865.0,559.7543596060132,past_selected
1267,2022,10/1/22,Penn St.,Northwestern,ESPN,later,1620.0,1675.8018300452627,past_selected
1268,2022,10/1/22,Baylor,Oklahoma St.,FOX,later,2410.0,3107.000579754645,past_selected
1269,2022,10/1/22,Auburn,LSU,ESPN,later,2790.0,2797.3828457870495,past_selected
1270,2022,10/1/22,Clemson,North Carolina St.,ABC,later,4980.0,4896.899184424867,past_selected
1271,2022,10/1/22,Texas,West Virginia,FS1,later,1190.0,1091.9948907148441,past_selected
1272,2022,10/1/22,Nebraska,Indiana,BTN,later,1140.0,723.990629991961,past_selected
1273,2022,10/1/22,USC,Arizona St.,ESPN,later,1920.0,2227.0501801993405,past_selected
1274,2022,10/1/22,Oregon,Stanford,FS1,later,672.0,738.0765023955179,past_selected
1275,2022,10/5/22,UCF,SMU,ESPN2,later,866.0,592.5841430834557,past_selected
1276,2022,10/7/22,Rutgers,Nebraska,FS1,later,1150.0,990.1844247331528,past_selected
1277,2022,10/7/22,Memphis,Houston,ESPN2,later,699.0,686.8963529383218,past_selected
1278,2022,10/7/22,Nevada,Colorado St.,FS1,later,433.0,266.41523077470856,past_selected
1279,2022,10/8/22,Indiana,Michigan,FOX,later,4010.0,3218.274877425679,past_selected
1280,2022,10/8/22,LSU,Tennessee,ESPN,later,2960.0,4760.901142350412,past_selected
1281,2022,10/8/22,Kansas,TCU,FS1,later,1310.0,806.3637035159071,past_selected
1282,2022,10/8/22,Florida,Missouri,ESPNU,later,488.0,456.15683745443937,past_selected
1283,2022,10/8/22,Maryland,Purdue,BTN,later,400.0,365.65667202800813,past_selected
1284,2022,10/8/22,Oklahoma,Texas,ABC,later,3360.0,3408.3828249881462,past_selected
1285,2022,10/8/22,UCLA,Utah,FOX,later,2650.0,2249.8884193904996,past_selected
1286,2022,10/8/22,Oklahoma St.,Texas Tech,FS1,later,1630.0,746.5179722743537,past_selected
1287,2022,10/8/22,Georgia,Auburn,CBS,later,4240.0,4462.036132233235,past_selected
1288,2022,10/8/22,Northwestern,Wisconsin,BTN,later,572.0,447.8676637089224,past_selected
1289,2022,10/8/22,Miami,North Carolina,ESPN2,later,1250.0,659.6463397792456,past_selected
1290,2022,10/8/22,Michigan St.,Ohio St.,ABC,later,4440.0,6520.154272355801,past_selected
1291,2022,10/8/22,Utah St.,Air Force,FS1,later,433.0,173.91850662371843,past_selected
1292,2022,10/8/22,Arkansas St.,James Madison,NFLN,later,103.0,50.98916650615739,past_selected
1293,2022,10/8/22,Notre Dame,BYU,NBC,later,2530.0,2138.056830578238,past_selected
1294,2022,10/8/22,Boston College,Clemson,ABC,later,1930.0,2216.3562970266466,past_selected
1295,2022,10/8/22,Iowa St.,Kansas St.,ESPNU,later,373.0,346.5056917352694,past_selected
1296,2022,10/8/22,USC,Washington St.,FOX,later,1840.0,2390.5525252386356,past_selected
1297,2022,10/8/22,Illinois,Iowa,BTN,later,855.0,569.6953316789411,past_selected
1298,2022,10/8/22,Alabama,Texas A&M,CBS,later,7150.0,6055.741104393939,past_selected
1299,2022,10/8/22,Boise St.,Fresno St.,FS1,later,375.0,359.2899272657739,past_selected
1300,2022,10/8/22,Stanford,Oregon St.,ESPN,later,1080.0,982.3956027279048,past_selected
1301,2022,10/12/22,Marshall,Louisiana,ESPN2,later,496.0,390.27761989263234,past_selected
1302,2022,10/13/22,UCF,Temple,ESPN,later,603.0,622.7469686340561,past_selected
1303,2022,10/13/22,West Virginia,Baylor,FS1,later,1150.0,610.2513827168942,past_selected
1304,2022,10/14/22,SMU,Navy,ESPN,later,959.0,923.6655943008112,past_selected
1305,2022,10/15/22,Oklahoma,Kansas,ESPN2,later,1210.0,834.958239821299,past_selected
1306,2022,10/15/22,Illinois,Minnesota,BTN,later,619.0,434.2994693953085,past_selected
1307,2022,10/15/22,Mississippi,Auburn,ESPN,later,2060.0,2130.131452995947,past_selected
1308,2022,10/15/22,Texas,Iowa St.,ABC,later,2350.0,2702.6209900401755,past_selected
1309,2022,10/15/22,Michigan,Penn St.,FOX,later,6450.0,8370.329507026592,past_selected
1310,2022,10/15/22,TCU,Oklahoma St.,ABC,later,2140.0,3258.97968166889,past_selected
1311,2022,10/15/22,BYU,Arkansas,ESPN,later,1060.0,980.1070376961984,past_selected
1312,2022,10/15/22,Indiana,Maryland,ESPN2,later,392.0,456.99400148127006,past_selected
1313,2022,10/15/22,Tennessee,Alabama,CBS,later,11560.0,10059.271098428646,past_selected
1314,2022,10/15/22,Michigan St.,Wisconsin,FOX,later,2450.0,2883.6397779943068,past_selected
1315,2022,10/15/22,Florida,LSU,ESPN,later,2460.0,2640.869522510745,past_selected
1316,2022,10/15/22,Florida St.,Clemson,ABC,later,3380.0,4318.861574292907,past_selected
1317,2022,10/15/22,Purdue,Nebraska,BTN,later,943.0,740.8855072072843,past_selected
1318,2022,10/15/22,Notre Dame,Stanford,NBC,later,2150.0,1494.7894567590108,past_selected
1319,2022,10/15/22,Utah,USC,FOX,later,2740.0,2947.8413304870924,past_selected
1320,2022,10/19/22,Appalachian St.,Georgia St.,ESPN2,later,439.0,382.72030431297446,past_selected
1321,2022,10/20/22,Georgia Tech,Virginia,ESPN,later,891.0,842.1188658296347,past_selected
1322,2022,10/21/22,Temple,Tulsa,ESPN2,later,502.0,475.68982515068217,past_selected
1323,2022,10/22/22,Baylor,Kansas,ESPN2,later,744.0,466.684049029638,past_selected
1324,2022,10/22/22,Clemson,Syracuse,ABC,later,4750.0,4101.496720267533,past_selected
1325,2022,10/22/22,Ohio St.,Iowa,FOX,later,4380.0,5278.983809955436,past_selected
1326,2022,10/22/22,Rutgers,Indiana,BTN,later,238.0,296.150471451651,past_selected
1327,2022,10/22/22,SMU,Cincinnati,ESPN,later,682.0,796.6365922071848,past_selected
1328,2022,10/22/22,Texas Tech,West Virginia,FS1,later,542.0,555.1010795333499,past_selected
1329,2022,10/22/22,Tulane,Memphis,ESPN2,later,168.0,267.0098331625147,past_selected
1330,2022,10/22/22,Maryland,Northwestern,BTN,later,252.0,273.8872490270394,past_selected
1331,2022,10/22/22,Oregon,UCLA,FOX,later,3340.0,4254.4720746365,past_selected
1332,2022,10/22/22,Oklahoma St.,Texas,ABC,later,4460.0,4730.142294973015,past_selected
1333,2022,10/22/22,Wisconsin,Purdue,ESPN,later,1010.0,1359.621591951021,past_selected
1334,2022,10/22/22,LSU,Mississippi,CBS,later,3860.0,3728.5098442466588,past_selected
1335,2022,10/22/22,Alabama,Mississippi St.,ESPN,later,3590.0,4430.050203097881,past_selected
1336,2022,10/22/22,Penn St.,Minnesota,ABC,later,3540.0,4017.566223932212,past_selected
1337,2022,10/22/22,TCU,Kansas St.,FS1,later,1530.0,1218.6725401765834,past_selected
1338,2022,10/22/22,Wyoming,Utah St.,FS2,later,109.0,548.7932277019178,past_selected
1339,2022,10/22/22,California,Washington,ESPN,later,1320.0,1060.3802497905829,past_selected
1340,2022,10/27/22,Southern Miss,Louisiana,ESPN2,later,190.0,372.4246472750365,past_selected
1341,2022,10/27/22,North Carolina St.,Virginia Tech,ESPN,later,1230.0,1245.2948803409959,past_selected
1342,2022,10/27/22,Washington St.,Utah,FS1,later,470.0,414.734548244463,past_selected
1343,2022,10/28/22,BYU,East Carolina,ESPN2,later,823.0,800.7704597084635,past_selected
1344,2022,10/29/22,Houston,South Florida,ESPN2,later,131.0,247.5774372821536,past_selected
1345,2022,10/29/22,Penn St.,Ohio St.,FOX,later,8270.0,7243.535069554213,past_selected
1346,2022,10/29/22,Syracuse,Notre Dame,ABC,later,2340.0,3099.5557429313985,past_selected
1347,2022,10/29/22,Iowa St.,Oklahoma,FS1,later,711.0,652.7065291651016,past_selected
1348,2022,10/29/22,West Virginia,TCU,ESPN,later,1510.0,1482.3994931894845,past_selected
1349,2022,10/29/22,Minnesota,Rutgers,BTN,later,302.0,388.4228426634472,past_selected
1350,2022,10/29/22,California,Oregon,FS1,later,738.0,719.6265358635677,past_selected
1351,2022,10/29/22,UCF,Cincinnati,ESPN,later,1060.0,1214.0465527619604,past_selected
1352,2022,10/29/22,Iowa,Northwestern,ESPN2,later,483.0,597.116137451031,past_selected
1353,2022,10/29/22,Kansas St.,Oklahoma St.,FOX,later,3380.0,3206.8228782330507,past_selected
1354,2022,10/29/22,Georgia,Florida,CBS,later,5620.0,5019.051965712177,past_selected
1355,2022,10/29/22,Nebraska,Illinois,ABC,later,2490.0,2546.54064289214,past_selected
1356,2022,10/29/22,Boise St.,Colorado St.,FS1,later,269.0,246.0794467802994,past_selected
1357,2022,10/29/22,Tennessee,Kentucky,ESPN,later,4040.0,4318.582281203545,past_selected
1358,2022,10/29/22,Michigan,Michigan St.,ABC,later,5580.0,6487.293542028283,past_selected
1359,2022,10/29/22,Texas Tech,Baylor,ESPN2,later,572.0,573.7861175336227,past_selected
1360,2022,10/29/22,Fresno St.,San Diego St.,FS1,later,219.0,268.5527903431434,past_selected
1361,2022,10/29/22,UCLA,Stanford,ESPN,later,1260.0,1306.2180795600088,past_selected
1362,2022,11/1/22,Ohio,Buffalo,ESPN2,later,276.0,405.6845799514772,past_selected
1363,2022,11/2/22,Bowling Green,Western Michigan,ESPN2,later,361.0,324.78140020748253,past_selected
1364,2022,11/3/22,Coastal Carolina,Appalachian St.,ESPN,later,743.0,633.1111573075746,past_selected
1365,2022,11/4/22,Boston College,Duke,ESPN2,later,787.0,568.7925045887629,past_selected
1366,2022,11/4/22,Washington,Oregon St.,ESPN2,later,1130.0,1140.0670445154258,past_selected
1367,2022,11/5/22,Army,Air Force,CBS,later,1230.0,1314.2951355110133,past_selected
1368,2022,11/5/22,Purdue,Iowa,FS1,later,582.0,619.742181459334,past_selected
1369,2022,11/5/22,Nebraska,Minnesota,ESPN2,later,1070.0,901.1217045142243,past_selected
1370,2022,11/5/22,TCU,Texas Tech,FOX,later,2510.0,1872.3649961583756,past_selected
1371,2022,11/5/22,Wisconsin,Maryland,BTN,later,576.0,437.0193571008302,past_selected
1372,2022,11/5/22,Texas A&M,Florida,ESPN,later,2730.0,2063.0371728953246,past_selected
1373,2022,11/5/22,Northwestern,Ohio St.,ABC,later,4760.0,3145.270148580533,past_selected
1374,2022,11/5/22,Kansas,Oklahoma St.,FS1,later,734.0,475.75060628240794,past_selected
1375,2022,11/5/22,Indiana,Penn St.,ABC,later,2230.0,2535.6659320093254,past_selected
1376,2022,11/5/22,Illinois,Michigan St.,BTN,later,928.0,658.0474262967994,past_selected
1377,2022,11/5/22,Memphis,UCF,ESPN2,later,321.0,428.4095705302161,past_selected
1378,2022,11/5/22,Colorado,Oregon,ESPN,later,962.0,1613.2490623654749,past_selected
1379,2022,11/5/22,Georgia,Tennessee,CBS,later,13060.0,10167.572979069824,past_selected
1380,2022,11/5/22,Boise St.,BYU,FS2,later,281.0,763.1324059778012,past_selected
1381,2022,11/5/22,LSU,Alabama,ESPN,later,7580.0,7079.70698457563,past_selected
1382,2022,11/5/22,Kansas St.,Texas,FS1,later,1250.0,818.9995718704049,past_selected
1383,2022,11/5/22,Miami,Florida St.,ABC,later,1500.0,2168.000196030207,past_selected
1384,2022,11/5/22,Mississippi St.,Auburn,ESPN2,later,512.0,752.9564441341782,past_selected
1385,2022,11/5/22,Rutgers,Michigan,BTN,later,1290.0,974.4547450231976,past_selected
1386,2022,11/5/22,Notre Dame,Clemson,NBC,later,3220.0,3624.067033755655,past_selected
1387,2022,11/5/22,USC,California,ESPN,later,2040.0,1810.4174720129713,past_selected
1388,2022,11/5/22,Arizona St.,UCLA,FS1,later,490.0,652.9437756948728,past_selected
1389,2022,11/8/22,Miami Ohio,Ohio,ESPN2,later,258.0,319.20796101958456,past_selected
1390,2022,11/8/22,Toledo,Ball St.,ESPN,later,482.0,439.38471720286964,past_selected
1391,2022,11/9/22,Central Michigan,Buffalo,ESPN2,later,350.0,384.3491083607304,past_selected
1392,2022,11/10/22,Memphis,Tulsa,ESPN,later,574.0,553.0244703966285,past_selected
1393,2022,11/10/22,Louisiana,Georgia Southern,ESPN2,later,254.0,360.90622237219486,past_selected
1394,2022,11/11/22,Cincinnati,East Carolina,ESPN2,later,803.0,841.8456672328057,past_selected
1395,2022,11/11/22,USC,Colorado,FS1,later,525.0,968.1794477818803,past_selected
1396,2022,11/12/22,Ohio St.,Indiana,FOX,later,3340.0,3017.9385712874778,past_selected
1397,2022,11/12/22,Michigan St.,Rutgers,BTN,later,591.0,449.9134276312074,past_selected
1398,2022,11/12/22,Navy,Notre Dame,ABC,later,2070.0,2170.549312762515,past_selected
1399,2022,11/12/22,West Virginia,Oklahoma,FS1,later,956.0,687.4808881563322,past_selected
1400,2022,11/12/22,Tennessee,Missouri,CBS,later,3010.0,3383.665262396262,past_selected
1401,2022,11/12/22,Illinois,Purdue,ESPN2,later,835.0,651.5245244970675,past_selected
1402,2022,11/12/22,Arkansas,LSU,ESPN,later,3570.0,2834.0679788792495,past_selected
1403,2022,11/12/22,Iowa,Wisconsin,FS1,later,1090.0,788.0087524689134,past_selected
1404,2022,11/12/22,Oklahoma St.,Iowa St.,ESPNU,later,272.0,301.7508301619994,past_selected
1405,2022,11/12/22,Mississippi,Alabama,CBS,later,8710.0,5991.765303319041,past_selected
1406,2022,11/12/22,Michigan,Nebraska,ABC,later,3880.0,5509.302485548571,past_selected
1407,2022,11/12/22,Penn St.,Maryland,FOX,later,1880.0,2226.834130960411,past_selected
1408,2022,11/12/22,Tulane,UCF,ESPN2,later,368.0,759.5796317970432,past_selected
1409,2022,11/12/22,Clemson,Louisville,ESPN,later,1350.0,1370.8727311856067,past_selected
1410,2022,11/12/22,Minnesota,Northwestern,BTN,later,331.0,306.76301083321096,past_selected
1411,2022,11/12/22,Oregon,Washington,FOX,later,3630.0,3879.47371168842,past_selected
1412,2022,11/12/22,Baylor,Kansas St.,FS1,later,528.0,513.6495169171026,past_selected
1413,2022,11/12/22,Mississippi St.,Georgia,ESPN,later,3340.0,2834.9078198120005,past_selected
1414,2022,11/12/22,Texas,TCU,ABC,later,5030.0,5636.006748914274,past_selected
1415,2022,11/12/22,Wake Forest,North Carolina,ESPN2,later,610.0,534.9906063111064,past_selected
1416,2022,11/12/22,Utah,Stanford,ESPN,later,1040.0,919.9444185435486,past_selected
1417,2022,11/12/22,San Diego St.,San Jose St.,FS1,later,146.0,242.89827182054265,past_selected
1418,2022,11/12/22,UCLA,Arizona,FOX,later,1860.0,1726.2487268381535,past_selected
1419,2022,11/15/22,Ball St.,Ohio,ESPN2,later,250.0,366.5736239528402,past_selected
1420,2022,11/16/22,Kent St.,Eastern Michigan,ESPN2,later,399.0,298.03428142715177,past_selected
1421,2022,11/16/22,Central Michigan,Western Michigan,ESPNU,later,179.0,136.11735475567679,past_selected
1422,2022,11/17/22,Tulane,SMU,ESPN,later,767.0,588.9649107560716,past_selected
1423,2022,11/18/22,Tulsa,South Florida,ESPN2,later,510.0,465.7996335653281,past_selected
1424,2022,11/18/22,New Mexico,San Diego St.,FS1,later,210.0,312.96027753879133,past_selected
1425,2022,11/19/22,UCF,Navy,ESPN2,later,610.0,507.3656093600384,past_selected
1426,2022,11/19/22,Michigan St.,Indiana,BTN,later,369.0,458.3829460390299,past_selected
1427,2022,11/19/22,Nebraska,Wisconsin,ESPN,later,1630.0,1797.4493148516112,past_selected
1428,2022,11/19/22,Baylor,TCU,FOX,later,4350.0,2626.527191290946,past_selected
1429,2022,11/19/22,Purdue,Northwestern,FS1,later,209.0,379.3331093580717,past_selected
1430,2022,11/19/22,Michigan,Illinois,ABC,later,5470.0,4638.130327260003,past_selected
1431,2022,11/19/22,Arizona St.,Oregon St.,ESPN2,later,484.0,446.5665899074464,past_selected
1432,2022,11/19/22,Notre Dame,Boston College,NBC,later,1270.0,1388.2518356773676,past_selected
1433,2022,11/19/22,Maryland,Ohio St.,ABC,later,6600.0,3566.0007870484533,past_selected
1434,2022,11/19/22,Kansas,Texas,FS1,later,940.0,631.8068899919172,past_selected
1435,2022,11/19/22,Rutgers,Penn St.,BTN,later,856.0,614.1200088256164,past_selected
1436,2022,11/19/22,Clemson,Miami,ESPN,later,1140.0,1854.0848163629717,past_selected
1437,2022,11/19/22,Kentucky,Georgia,CBS,later,4480.0,4348.601790521147,past_selected
1438,2022,11/19/22,Minnesota,Iowa,FOX,later,2500.0,2035.5560306166474,past_selected
1439,2022,11/19/22,North Carolina,Georgia Tech,ESPN2,later,732.0,597.287824641435,past_selected
1440,2022,11/19/22,Iowa St.,Texas Tech,FS1,later,545.0,459.9500931166172,past_selected
1441,2022,11/19/22,South Carolina,Tennessee,ESPN,later,4870.0,3003.7822623940297,past_selected
1442,2022,11/19/22,Missouri,New Mexico St.,ESPNU,later,63.0,160.22565459357747,past_selected
1443,2022,11/19/22,Oklahoma,Oklahoma St.,ABC,later,3060.0,2811.7479559133762,past_selected
1444,2022,11/19/22,UCLA,USC,FOX,later,4530.0,4166.974696746648,past_selected
1445,2022,11/19/22,LSU,UAB,ESPN2,later,848.0,856.40863767324,past_selected
1446,2022,11/19/22,Utah St.,San Jose St.,FS1,later,128.0,165.13957537118603,past_selected
1447,2022,11/19/22,Oregon,Utah,ESPN,later,2540.0,2959.574507725056,past_selected
1448,2022,11/22/22,Ohio,Bowling Green,ESPNU,later,229.0,144.43283736536273,past_selected
1449,2022,11/24/22,Mississippi,Mississippi St.,ESPN,later,2230.0,1517.1190125836565,past_selected
1450,2022,11/25/22,Cincinnati,Tulane,ABC,later,1720.0,2893.5527868780955,past_selected
1451,2022,11/25/22,Boise St.,Utah St.,CBS,later,1440.0,1092.490943692205,past_selected
1452,2022,11/25/22,Texas,Baylor,ESPN,later,2690.0,2948.2766680094905,past_selected
1453,2022,11/25/22,Arizona,Arizona St.,FS1,later,567.0,900.9598583024208,past_selected
1454,2022,11/25/22,Missouri,Arkansas,CBS,later,3270.0,1966.4995843659772,past_selected
1455,2022,11/25/22,North Carolina,North Carolina St.,ABC,later,3610.0,2461.1754537847746,past_selected
1456,2022,11/25/22,Iowa,Nebraska,BTN,later,1470.0,1136.2582150738024,past_selected
1457,2022,11/25/22,California,UCLA,FOX,later,3270.0,1930.4407208816451,past_selected
1458,2022,11/25/22,Florida St.,Florida,ABC,later,6710.0,5914.644726171894,past_selected
1459,2022,11/25/22,Fresno St.,Wyoming,FS1,later,260.0,394.2184444842769,past_selected
1460,2022,11/26/22,Clemson,South Carolina,ABC,later,2320.0,2512.6672803743013,past_selected
1461,2022,11/26/22,Ohio St.,Michigan,FOX,later,17140.0,15759.517968007576,past_selected
1462,2022,11/26/22,Maryland,Rutgers,BTN,later,97.0,211.41270901381827,past_selected
1463,2022,11/26/22,Georgia,Georgia Tech,ESPN,later,2060.0,1461.4941882508651,past_selected
1464,2022,11/26/22,Oklahoma St.,West Virginia,ESPN2,later,694.0,525.8183749109975,past_selected
1465,2022,11/26/22,Alabama,Auburn,CBS,later,6270.0,8309.634298071287,past_selected
1466,2022,11/26/22,Wisconsin,Minnesota,ESPN,later,1710.0,1827.4063770930425,past_selected
1467,2022,11/26/22,SMU,Memphis,ESPN2,later,213.0,224.76411368567193,past_selected
1468,2022,11/26/22,Oregon St.,Oregon,ABC,later,3560.0,3846.626738554452,past_selected
1469,2022,11/26/22,Penn St.,Michigan St.,FS1,later,1990.0,1182.406326298758,past_selected
1470,2022,11/26/22,TCU,Iowa St.,FOX,later,4340.0,1909.3246036441637,past_selected
1471,2022,11/26/22,Texas A&M,LSU,ESPN,later,3920.0,3130.4920332301945,past_selected
1472,2022,11/26/22,South Florida,UCF,ESPN2,later,329.0,383.1540397348032,past_selected
1473,2022,11/26/22,Texas Tech,Oklahoma,FS1,later,1210.0,666.2596916582193,past_selected
1474,2022,11/26/22,USC,Notre Dame,ABC,later,6680.0,8681.20826040787,past_selected
1475,2022,11/26/22,Kansas St.,Kansas,FOX,later,2320.0,1007.1887119854715,past_selected
1476,2022,11/26/22,Washington St.,Washington,ESPN,later,2380.0,2046.2460333737847,past_selected
1477,2022,11/26/22,Stanford,BYU,FS1,later,453.0,371.8654930667224,past_selected
1478,2022,12/2/22,USC,Utah,FOX,later,5970.0,5087.560097147267,past_selected
1479,2022,12/3/22,TCU,Kansas St.,ABC,later,9410.0,4106.934543763744,past_selected
1480,2022,12/3/22,Ohio,Toledo,ESPN,later,721.0,409.3688583829585,past_selected
1481,2022,12/3/22,Troy,Coastal Carolina,ESPN,later,332.0,445.12569836818,past_selected
1482,2022,12/3/22,Tulane,UCF,ABC,later,2700.0,2212.389893470479,past_selected
1483,2022,12/3/22,Boise St.,Fresno St.,FOX,later,1940.0,1003.2290578682916,past_selected
1484,2022,12/3/22,Georgia,LSU,CBS,later,10890.0,8828.51378295594,past_selected
1485,2022,12/3/22,North Carolina,Clemson,ABC,later,3470.0,5627.733514070765,past_selected
1486,2022,12/3/22,Michigan,Purdue,FOX,later,10700.0,6178.486296248925,past_selected
1487,2022,12/10/22,Army,Navy,CBS,later,6940.0,6060.5140748994345,past_selected
0,2023,8/26/23,Navy,Notre Dame,NBC,Week0,3560.0,2289.1051739935597,past_selected
1,2023,9/2/23,Colorado,TCU,FOX,Week1,7260.0,2409.106405208453,past_selected
2,2023,9/4/23,Clemson,Duke,ESPN,Week1,4390.0,3947.270747559267,past_selected
3,2023,8/31/23,Nebraska,Minnesota,FOX,Week1,3490.0,3738.2589807674813,past_selected
4,2023,9/2/23,North Carolina,South Carolina,ABC,Week1,3400.0,3684.1722252486597,past_selected
5,2023,8/31/23,Florida,Utah,ESPN,Week1,3190.0,3284.2480974565347,past_selected
6,2023,9/3/23,Northwestern,Rutgers,CBS,Week1,2680.0,2085.333127570372,past_selected
7,2023,9/2/23,Virginia,Tennessee,ABC,Week1,2460.0,3981.2425649676097,past_selected
8,2023,9/1/23,Louisville,Georgia Tech,ESPN,Week1,1650.0,1355.4759870682678,past_selected
9,2023,9/2/23,Texas Tech,Wyoming,CBS,Week1,1430.0,1606.706947352924,past_selected
10,2023,9/2/23,Massachusetts,Auburn,ESPN,Week1,1030.0,1618.436176152039,past_selected
11,2023,9/2/23,Buffalo,Wisconsin,FS1,Week1,784.0,783.8279982138235,past_selected
12,2023,9/2/23,Toledo,Illinois,BTN,Week1,294.0,325.09770348900724,past_selected
13,2023,9/2/23,California,North Texas,ESPNU,Week1,88.0,222.63750194564804,past_selected
766,2023,9/8/23,Indiana,Indiana State,BTN,later,243.0,478.07282791278794,past_selected
767,2023,9/8/23,Kansas,Illinois,ESPN2,later,1360.0,1000.8979116580938,past_selected
768,2023,9/9/23,Baylor,Utah,ESPN,later,1310.0,1396.101093980575,past_selected
769,2023,9/9/23,North Carolina St.,Notre Dame,ABC,later,2930.0,3583.5752157153997,past_selected
770,2023,9/9/23,Virginia,James Madison,ESPNU,later,119.0,214.11319028183243,past_selected
771,2023,9/9/23,Colorado,Nebraska,FOX,later,8730.0,3221.4542940092447,past_selected
772,2023,9/9/23,Ohio St.,Youngstown State,BTN,later,1220.0,986.8980913002899,past_selected
773,2023,9/9/23,Virginia Tech,Purdue,ESPN2,later,294.0,860.0515436335464,past_selected
774,2023,9/9/23,Kansas St.,Troy,FS1,later,282.0,333.4449758259658,past_selected
775,2023,9/9/23,Tulane,Mississippi,ESPN2,later,1440.0,1082.1653221469328,past_selected
776,2023,9/9/23,Iowa St.,Iowa,FOX,later,3380.0,2913.7089895060544,past_selected
777,2023,9/9/23,Miami,Texas A&M,ABC,later,4020.0,2729.495225439856,past_selected
778,2023,9/9/23,Michigan,UNLV,CBS,later,2970.0,2791.2716674814465,past_selected
779,2023,9/9/23,East Carolina,Marshall,ESPNU,later,90.0,277.10143817972755,past_selected
780,2023,9/9/23,Pittsburgh,Cincinnati,CW,later,617.0,814.0604654667268,past_selected
781,2023,9/9/23,Boise St.,UCF,FS1,later,306.0,472.20950275247884,past_selected
782,2023,9/9/23,Rice,Houston,NFLN,later,83.0,104.5072600536141,past_selected
783,2023,9/9/23,Texas Tech,Oregon,FOX,later,2550.0,2017.7765824206003,past_selected
784,2023,9/9/23,Alabama,Texas,ESPN,later,8760.0,5417.525371973638,past_selected
785,2023,9/9/23,San Diego St.,UCLA,CBS,later,1080.0,1011.790524844231,past_selected
786,2023,9/9/23,Washington St.,Wisconsin,ABC,later,2280.0,2345.763812442468,past_selected
787,2023,9/9/23,Florida,McNeese,ESPNU,later,150.0,324.3024641684609,past_selected
788,2023,9/9/23,Maryland,Charlotte,NBC,later,665.0,621.951135732431,past_selected
789,2023,9/9/23,California,Auburn,ESPN,later,2230.0,1586.7972794907187,past_selected
790,2023,9/9/23,Arizona St.,Oklahoma St.,FS1,later,91.0,535.762305164081,past_selected
791,2023,9/9/23,USC,Stanford,FOX,later,1750.0,2214.8435620219393,past_selected
792,2023,9/14/23,Memphis,Navy,ESPN,later,1050.0,718.0742221249941,past_selected
793,2023,9/15/23,UTSA,Army,ESPN,later,916.0,1328.6142575396127,past_selected
794,2023,9/15/23,Maryland,Virginia,FS1,later,776.0,693.0534959128757,past_selected
795,2023,9/16/23,Old Dominion,Wake Forest,ESPN2,later,324.0,307.985902542686,past_selected
796,2023,9/16/23,Boise St.,North Dakota,FS1,later,247.0,294.55808839445626,past_selected
797,2023,9/16/23,Boston College,Florida St.,ABC,later,3480.0,2474.5630043777683,past_selected
798,2023,9/16/23,Mississippi St.,LSU,ESPN,later,2800.0,2505.17982609475,past_selected
799,2023,9/16/23,Ohio,Iowa St.,ESPNU,later,162.0,270.38146839639404,past_selected
800,2023,9/16/23,Illinois,Penn St.,FOX,later,3220.0,3568.665566460914,past_selected
801,2023,9/16/23,North Carolina St.,VMI,CW,later,205.0,688.2031667601423,past_selected
802,2023,9/16/23,Oregon St.,San Diego St.,FS1,later,418.0,370.46189410624356,past_selected
803,2023,9/16/23,Tulsa,Oklahoma,ESPN2,later,641.0,827.8420805524111,past_selected
804,2023,9/16/23,South Florida,Alabama,ABC,later,4840.0,2858.6271795677735,past_selected
805,2023,9/16/23,Georgia,South Carolina,CBS,later,5420.0,3748.0496481978985,past_selected
806,2023,9/16/23,North Carolina,Minnesota,ESPN,later,1580.0,1387.488464671873,past_selected
807,2023,9/16/23,Ohio St.,Western Kentucky,FOX,later,2820.0,2789.344001258756,past_selected
808,2023,9/16/23,Southern Miss,Tulane,ESPNU,later,53.0,130.45765096920286,past_selected
809,2023,9/16/23,Florida,Tennessee,ESPN,later,5310.0,3084.6174157855635,past_selected
810,2023,9/16/23,Troy,James Madison,NFLN,later,81.0,100.08547867634293,past_selected
811,2023,9/16/23,Nebraska,Northern Illinois,FS1,later,907.0,809.0693273476646,past_selected
812,2023,9/16/23,West Virginia,Pittsburgh,ABC,later,2410.0,3766.728169521488,past_selected
813,2023,9/16/23,Arkansas,BYU,ESPN2,later,1080.0,807.7404151379479,past_selected
814,2023,9/16/23,Kentucky,Akron,ESPNU,later,115.0,229.82547712824885,past_selected
815,2023,9/16/23,Purdue,Syracuse,NBC,later,1250.0,1282.419150356714,past_selected
816,2023,9/16/23,Michigan,Bowling Green,BTN,later,1320.0,785.7247950771118,past_selected
817,2023,9/16/23,Houston,TCU,FOX,later,1200.0,1303.532808560397,past_selected
818,2023,9/16/23,Colorado,Colorado St.,ESPN,later,9300.0,1185.8600945517533,past_selected
819,2023,9/16/23,Arizona St.,Fresno St.,FS1,later,195.0,368.13444365793504,past_selected
820,2023,11/25/23,Ohio St.,Michigan,FOX,later,19070.0,17202.65484449246,past_selected
821,2023,9/21/23,Coastal Carolina,Georgia St.,ESPN,later,671.0,513.5139380759521,past_selected
822,2023,9/22/23,Purdue,Wisconsin,FS1,later,1190.0,1062.8941133588833,past_selected
823,2023,9/22/23,Virginia,North Carolina St.,ESPN,later,1590.0,1585.4705676944427,past_selected
824,2023,9/22/23,San Jose St.,Air Force,FS1,later,512.0,296.204123421667,past_selected
825,2023,9/23/23,Troy,Western Kentucky,ESPNU,later,29.0,132.2290706871131,past_selected
826,2023,9/23/23,TCU,SMU,FS1,later,269.0,319.01151680884544,past_selected
827,2023,9/23/23,Michigan,Rutgers,BTN,later,1940.0,929.8174845391279,past_selected
828,2023,9/23/23,Clemson,Florida St.,ABC,later,6710.0,3772.1453629312396,past_selected
829,2023,9/23/23,Marshall,Virginia Tech,ESPN2,later,319.0,754.4884768922274,past_selected
830,2023,9/23/23,Texas A&M,Auburn,ESPN,later,2180.0,2337.4999103393307,past_selected
831,2023,9/23/23,Cincinnati,Oklahoma,FOX,later,2170.0,2683.398480183181,past_selected
832,2023,9/23/23,Michigan St.,Maryland,NBC,later,1240.0,1668.7323195214005,past_selected
833,2023,9/23/23,Temple,Miami,ESPN2,later,353.0,396.35483897302095,past_selected
834,2023,9/23/23,Kansas,BYU,ESPN,later,1030.0,965.5569850561286,past_selected
835,2023,9/23/23,Oregon,Colorado,ABC,later,10030.0,3849.737807829502,past_selected
836,2023,9/23/23,Alabama,Mississippi,CBS,later,4610.0,4842.92503918773,past_selected
837,2023,9/23/23,Utah,UCLA,FOX,later,1320.0,2365.845890950942,past_selected
838,2023,9/23/23,Iowa St.,Oklahoma St.,FS1,later,444.0,686.5688489936178,past_selected
839,2023,9/23/23,South Florida,Rice,ESPNU,later,51.0,137.5105344362151,past_selected
840,2023,9/23/23,Wake Forest,Georgia Tech,CW,later,332.0,377.42989382693406,past_selected
841,2023,9/23/23,LSU,Arkansas,ESPN,later,2440.0,1861.8613632506108,past_selected
842,2023,9/23/23,Washington St.,Oregon St.,FOX,later,1480.0,1556.876106288496,past_selected
843,2023,9/23/23,Baylor,Texas,ABC,later,2630.0,2462.589959093398,past_selected
844,2023,9/23/23,Notre Dame,Ohio St.,NBC,later,9980.0,6600.640565474925,past_selected
845,2023,9/23/23,Penn St.,Iowa,CBS,later,2750.0,3861.564080802444,past_selected
846,2023,9/23/23,Georgia,UAB,ESPN2,later,1080.0,821.5243414533862,past_selected
847,2023,9/23/23,Missouri,Memphis,ESPNU,later,181.0,140.4012248932144,past_selected
848,2023,9/23/23,Kansas St.,UCF,FS1,later,531.0,426.93041093173986,past_selected
849,2023,9/23/23,Washington,California,ESPN,later,1160.0,1738.1167016886457,past_selected
850,2023,9/23/23,Arizona St.,USC,FOX,later,2630.0,2261.7625424176304,past_selected
851,2023,9/28/23,Tulsa,Temple,ESPN,later,567.0,518.6382023234395,past_selected
852,2023,9/28/23,Sam Houston,Jacksonville St.,ESPNU,later,74.0,142.11512701694693,past_selected
853,2023,9/29/23,North Carolina St.,Louisville,ESPN,later,1890.0,1512.1170896260865,past_selected
854,2023,9/29/23,Oregon St.,Utah,FS1,later,1280.0,1187.8189431170404,past_selected
855,2023,9/29/23,BYU,Cincinnati,ESPN,later,1230.0,1423.75034332636,past_selected
856,2023,9/30/23,Kentucky,Florida,ESPN,later,2320.0,2968.034838751736,past_selected
857,2023,9/30/23,James Madison,South Alabama,ESPNU,later,30.0,137.92108309316075,past_selected
858,2023,9/30/23,Tulane,UAB,ESPN2,later,181.0,374.6354143057687,past_selected
859,2023,9/30/23,Syracuse,Clemson,ABC,later,1980.0,2637.8045828806876,past_selected
860,2023,9/30/23,Colorado,USC,FOX,later,7240.0,3026.270774620287,past_selected
861,2023,9/30/23,Boston College,Virginia,CW,later,367.0,738.6113714939079,past_selected
862,2023,9/30/23,UCF,Baylor,FS1,later,340.0,464.1683275835602,past_selected
863,2023,9/30/23,Texas Tech,Houston,FS2,later,188.0,213.6763518463025,past_selected
864,2023,9/30/23,Auburn,Georgia,CBS,later,6400.0,4151.990299001996,past_selected
865,2023,9/30/23,Texas,Kansas,ABC,later,3320.0,3914.8831156470665,past_selected
866,2023,9/30/23,Nebraska,Michigan,FOX,later,4480.0,5597.66316537477,past_selected
867,2023,9/30/23,Toledo,Northern Illinois,ESPNU,later,37.0,117.27300377986352,past_selected
868,2023,9/30/23,Memphis,Boise St.,ESPN2,later,319.0,362.3938846637729,past_selected
869,2023,9/30/23,Mississippi,LSU,ESPN,later,3720.0,3174.1926206953262,past_selected
870,2023,9/30/23,Oklahoma,Iowa St.,FS1,later,808.0,1086.0287219504398,past_selected
871,2023,9/30/23,SMU,Charlotte,ESPNU,later,18.0,132.94080257506374,past_selected
872,2023,9/30/23,Iowa,Michigan St.,NBC,later,2170.0,2834.4083570351304,past_selected
873,2023,9/30/23,Duke,Notre Dame,ABC,later,5320.0,3621.32973151243,past_selected
874,2023,9/30/23,TCU,West Virginia,ESPN2,later,739.0,821.4330114291859,past_selected
875,2023,9/30/23,Mississippi St.,Alabama,ESPN,later,3350.0,2838.509839125308,past_selected
876,2023,9/30/23,Fresno St.,Nevada,FS1,later,369.0,271.81609974951687,past_selected
877,2023,10/4/23,Middle Tennessee St.,Jacksonville St.,ESPNU,later,145.0,129.19875675137675,past_selected
878,2023,10/5/23,Louisiana Tech,Western Kentucky,ESPN,later,567.0,439.3131484548173,past_selected
879,2023,10/6/23,Oklahoma St.,Kansas St.,ESPN,later,2270.0,1862.1775175647635,past_selected
880,2023,10/6/23,Illinois,Nebraska,FS1,later,1360.0,936.678764374296,past_selected
881,2023,10/7/23,Massachusetts,Toledo,ESPNU,later,16.0,90.22960303697774,past_selected
882,2023,10/7/23,Ohio St.,Maryland,FOX,later,4510.0,3673.47623080163,past_selected
883,2023,10/7/23,Missouri,LSU,ESPN,later,2340.0,2461.1294895713463,past_selected
884,2023,10/7/23,Texas,Oklahoma,ABC,later,7870.0,7714.960823543119,past_selected
885,2023,10/7/23,North Carolina St.,Marshall,CW,later,386.0,1155.9211671083021,past_selected
886,2023,10/7/23,Louisiana,Texas St.,ESPNU,later,43.0,112.95290498837582,past_selected
887,2023,10/7/23,Texas A&M,Alabama,CBS,later,7230.0,5118.780990010722,past_selected
888,2023,10/7/23,North Carolina,Syracuse,ESPN,later,987.0,1296.0165635266549,past_selected
889,2023,10/7/23,Florida St.,Virginia Tech,ABC,later,3020.0,3000.9869355444353,past_selected
890,2023,10/7/23,UAB,South Florida,ESPN2,later,143.0,299.7322193456031,past_selected
891,2023,10/7/23,Kansas,UCF,FOX,later,1450.0,1593.331541160401,past_selected
892,2023,10/7/23,Georgia,Kentucky,ESPN,later,3190.0,4325.954265067272,past_selected
893,2023,10/7/23,Minnesota,Michigan,NBC,later,3060.0,3519.167127731913,past_selected
894,2023,10/7/23,Louisville,Notre Dame,ABC,later,5120.0,4552.157861431501,past_selected
895,2023,10/7/23,Iowa St.,TCU,FS1,later,480.0,488.48061671212065,past_selected
896,2023,10/7/23,Wyoming,Fresno St.,FOX,later,737.0,1005.9556089627497,past_selected
897,2023,10/7/23,Baylor,Texas Tech,ESPN2,later,481.0,499.82013549693,past_selected
898,2023,10/7/23,USC,Arizona,ESPN,later,2550.0,2257.7626813465513,past_selected
899,2023,10/10/23,Jacksonville St.,Liberty,ESPNU,later,117.0,171.97916195166206,past_selected
900,2023,10/10/23,Appalachian St.,Coastal Carolina,ESPN2,later,499.0,387.8378604291031,past_selected
901,2023,10/11/23,FIU,UTEP,ESPN2,later,332.0,257.91668928585545,past_selected
902,2023,10/12/23,Houston,West Virginia,FS1,later,729.0,510.99628367296816,past_selected
903,2023,10/12/23,East Carolina,SMU,ESPN,later,467.0,540.7050141845975,past_selected
904,2023,10/13/23,Memphis,Tulane,ESPN,later,1720.0,862.7373062226065,past_selected
905,2023,10/13/23,Colorado,Stanford,ESPN,later,3290.0,1194.885603175299,past_selected
906,2023,10/14/23,Florida St.,Syracuse,ABC,later,2090.0,2639.9067869049786,past_selected
907,2023,10/14/23,Michigan,Indiana,FOX,later,3550.0,3075.4896896520777,past_selected
908,2023,10/14/23,Alabama,Arkansas,ESPN,later,3430.0,2600.0684406867877,past_selected
909,2023,10/14/23,Cincinnati,Iowa St.,FS1,later,534.0,445.1055987006222,past_selected
910,2023,10/14/23,James Madison,Georgia Southern,ESPN2,later,169.0,233.70146205061434,past_selected
911,2023,10/14/23,Rutgers,Michigan St.,BTN,later,503.0,496.72448716240626,past_selected
912,2023,10/14/23,North Texas,Temple,ESPNU,later,37.0,82.16221501880062,past_selected
913,2023,10/14/23,Vanderbilt,Georgia,CBS,later,2460.0,1857.4185728180591,past_selected
914,2023,10/14/23,Maryland,Illinois,NBC,later,1140.0,918.5547913401878,past_selected
915,2023,10/14/23,TCU,BYU,ESPN,later,1020.0,906.0188349482596,past_selected
916,2023,10/14/23,South Florida,FAU,ESPN2,later,84.0,202.6751963045947,past_selected
917,2023,10/14/23,Oklahoma St.,Kansas,FS1,later,796.0,582.7187041356649,past_selected
918,2023,10/14/23,Tennessee,Texas A&M,CBS,later,4380.0,3861.0003808638176,past_selected
919,2023,10/14/23,Washington,Oregon,ABC,later,7040.0,4994.576652870496,past_selected
920,2023,10/14/23,Penn St.,Massachusetts,BTN,later,693.0,543.7901573955244,past_selected
921,2023,10/14/23,Wisconsin,Iowa,FOX,later,2340.0,3008.868481033769,past_selected
922,2023,10/14/23,Northern Illinois,Ohio,ESPNU,later,46.0,133.27589317633047,past_selected
923,2023,10/14/23,Pittsburgh,Louisville,CW,later,569.0,872.707756332515,past_selected
924,2023,10/14/23,Georgia St.,Marshall,ESPN2,later,129.0,440.462782926024,past_selected
925,2023,10/14/23,LSU,Auburn,ESPN,later,2160.0,2602.5874556917356,past_selected
926,2023,10/14/23,Texas Tech,Kansas St.,FS1,later,770.0,495.59240236099356,past_selected
927,2023,10/14/23,Notre Dame,USC,NBC,later,6430.0,4828.896090507361,past_selected
928,2023,10/14/23,North Carolina,Miami,ABC,later,3080.0,3080.9294786014716,past_selected
929,2023,10/14/23,Oregon St.,UCLA,FOX,later,1430.0,2032.9694862035487,past_selected
930,2023,10/14/23,UTSA,UAB,ESPNU,later,49.0,116.61217241174118,past_selected
931,2023,10/14/23,Colorado St.,Boise St.,FS1,later,471.0,287.47026996288525,past_selected
932,2023,10/17/23,Jacksonville St.,Western Kentucky,ESPNU,later,110.0,142.84313825760623,past_selected
933,2023,10/17/23,South Alabama,Southern Miss,ESPN2,later,256.0,247.09458067595415,past_selected
934,2023,10/18/23,UTEP,New Mexico St.,ESPN2,later,293.0,215.82532889049713,past_selected
935,2023,10/19/23,Tulsa,Rice,ESPN2,later,179.0,345.9356604765978,past_selected
936,2023,10/19/23,Marshall,James Madison,ESPN,later,603.0,863.4636292165367,past_selected
937,2023,10/20/23,Temple,SMU,ESPN,later,548.0,637.7101700160638,past_selected
938,2023,10/21/23,Arkansas,Mississippi St.,ESPN,later,1220.0,1036.6513938966432,past_selected
939,2023,10/21/23,Ohio St.,Penn St.,FOX,later,9960.0,9597.693935955485,past_selected
940,2023,10/21/23,Oklahoma,UCF,ABC,later,2170.0,2482.716533793107,past_selected
941,2023,10/21/23,UAB,Memphis,ESPN2,later,97.0,263.392642834024,past_selected
942,2023,10/21/23,Indiana,Rutgers,BTN,later,232.0,275.8250402660014,past_selected
943,2023,10/21/23,Navy,Air Force,CBS,later,1210.0,1179.4340988464915,past_selected
944,2023,10/21/23,Illinois,Wisconsin,FS1,later,684.0,579.7377171778999,past_selected
945,2023,10/21/23,Oregon,Washington St.,ABC,later,2350.0,2481.1907626702496,past_selected
946,2023,10/21/23,Tulane,North Texas,ESPN2,later,112.0,230.0900093706941,past_selected
947,2023,10/21/23,Iowa,Minnesota,NBC,later,1680.0,1627.1970526577745,past_selected
948,2023,10/21/23,Alabama,Tennessee,CBS,later,8010.0,6251.446406552607,past_selected
949,2023,10/21/23,Nebraska,Northwestern,BTN,later,560.0,504.21179489486224,past_selected
950,2023,10/21/23,West Virginia,Oklahoma St.,ESPN,later,1010.0,1211.9021598778127,past_selected
951,2023,10/21/23,Houston,Texas,FOX,later,3080.0,2205.559864680444,past_selected
952,2023,10/21/23,Miami Ohio,Toledo,ESPNU,later,46.0,100.07494961527138,past_selected
953,2023,10/21/23,North Carolina,Virginia,CW,later,788.0,1092.915476985251,past_selected
954,2023,10/21/23,Auburn,Mississippi,ESPN,later,1800.0,1728.0014648179558,past_selected
955,2023,10/21/23,BYU,Texas Tech,FS1,later,545.0,461.4476916615908,past_selected
956,2023,10/21/23,Old Dominion,Appalachian St.,NFLN,later,60.0,106.26115953410905,past_selected
957,2023,10/21/23,Kansas St.,TCU,ESPN2,later,432.0,543.4364907535303,past_selected
958,2023,10/21/23,Florida St.,Duke,ABC,later,4080.0,2952.8191957446697,past_selected
959,2023,10/21/23,Michigan St.,Michigan,NBC,later,3730.0,4385.1120635437,past_selected
960,2023,10/21/23,USC,Utah,FOX,later,3230.0,2608.6698119016173,past_selected
961,2023,10/21/23,Louisiana,Georgia St.,ESPNU,later,25.0,116.75831612970865,past_selected
962,2023,10/21/23,San Diego St.,Nevada,FS2,later,47.0,68.29733522404081,past_selected
963,2023,10/21/23,Stanford,UCLA,ESPN,later,852.0,1265.3380812478003,past_selected
964,2023,10/21/23,Washington,Arizona St.,FS1,later,1080.0,704.8904832180292,past_selected
965,2023,10/24/23,Western Kentucky,Liberty,ESPNU,later,136.0,153.62697506804187,past_selected
966,2023,10/25/23,Sam Houston,UTEP,ESPN2,later,332.0,251.51241799607214,past_selected
967,2023,10/26/23,Georgia Southern,Georgia St.,ESPN2,later,242.0,358.1263037440366,past_selected
968,2023,10/26/23,Virginia Tech,Syracuse,ESPN,later,782.0,1133.8188216226429,past_selected
969,2023,10/27/23,Charlotte,FAU,ESPN2,later,329.0,427.8251466985617,past_selected
970,2023,10/28/23,Wake Forest,Florida St.,ABC,later,2090.0,1885.8983744238699,past_selected
971,2023,10/28/23,Kansas,Oklahoma,FOX,later,3600.0,2814.3666224266226,past_selected
972,2023,10/28/23,Kansas St.,Houston,ESPN2,later,371.0,436.826561713307,past_selected
973,2023,10/28/23,UCF,West Virginia,FS1,later,409.0,516.5999735928606,past_selected
974,2023,10/28/23,Penn St.,Indiana,CBS,later,3400.0,2628.4798050385207,past_selected
975,2023,10/28/23,Northwestern,Maryland,BTN,later,270.0,266.95298659973434,past_selected
976,2023,10/28/23,Texas A&M,South Carolina,ESPN,later,1900.0,1406.3300543406954,past_selected
977,2023,10/28/23,SMU,Tulsa,ESPNU,later,33.0,154.47381337562393,past_selected
978,2023,10/28/23,North Carolina St.,Clemson,CW,later,642.0,1319.9220009957628,past_selected
979,2023,10/28/23,Utah,Oregon,FOX,later,2810.0,3159.887267193859,past_selected
980,2023,10/28/23,Nebraska,Purdue,FS1,later,1020.0,733.6858276546398,past_selected
981,2023,10/28/23,Notre Dame,Pittsburgh,NBC,later,1890.0,1739.0128350505202,past_selected
982,2023,10/28/23,Louisville,Duke,ESPN,later,928.0,1289.1613258765624,past_selected
983,2023,10/28/23,Texas,BYU,ABC,later,2380.0,3006.1671684384464,past_selected
984,2023,10/28/23,Florida,Georgia,CBS,later,5950.0,5440.291762403549,past_selected
985,2023,10/28/23,Minnesota,Michigan St.,BTN,later,783.0,639.2054688128774,past_selected
986,2023,10/28/23,Rice,Tulane,ESPN2,later,215.0,233.08099055577227,past_selected
987,2023,10/28/23,Boise St.,Wyoming,FS2,later,169.0,286.4773043018423,past_selected
988,2023,10/28/23,Coastal Carolina,Marshall,NFLN,later,60.0,101.44654143633456,past_selected
989,2023,10/28/23,Stanford,Washington,FS1,later,700.0,719.6623541084896,past_selected
990,2023,10/28/23,Kentucky,Tennessee,ESPN,later,2510.0,2569.9213151019626,past_selected
991,2023,10/28/23,Wisconsin,Ohio St.,NBC,later,4870.0,5550.913440993194,past_selected
992,2023,10/28/23,UCLA,Colorado,ABC,later,4660.0,1840.3823522590508,past_selected
993,2023,10/28/23,James Madison,Old Dominion,ESPNU,later,59.0,144.08521796401422,past_selected
994,2023,10/28/23,Oklahoma St.,Cincinnati,ESPN2,later,412.0,636.5736646976982,past_selected
995,2023,10/28/23,Arizona,Oregon St.,ESPN,later,1400.0,1161.5767584974215,past_selected
996,2023,10/28/23,Fresno St.,UNLV,FS1,later,260.0,250.20394500898834,past_selected
997,2023,10/31/23,Central Michigan,Northern Illinois,ESPNU,later,124.0,170.16419259043104,past_selected
998,2023,10/31/23,Toledo,Buffalo,ESPN2,later,324.0,305.64691961632377,past_selected
999,2023,11/1/23,Bowling Green,Ball St.,ESPN2,later,341.0,272.95588829062433,past_selected
1000,2023,11/1/23,Akron,Kent St.,ESPNU,later,61.0,106.17616391942136,past_selected
1001,2023,11/2/23,Texas Tech,TCU,FS1,later,616.0,480.21929808378405,past_selected
1002,2023,11/2/23,Duke,Wake Forest,ESPN,later,814.0,649.6910726212905,past_selected
1003,2023,11/2/23,Troy,South Alabama,ESPN2,later,223.0,282.2908192194169,past_selected
1004,2023,11/3/23,Syracuse,Boston College,ESPN2,later,1100.0,843.9229806332851,past_selected
1005,2023,11/4/23,Texas,Kansas St.,FOX,later,2950.0,4964.875415406819,past_selected
1006,2023,11/4/23,South Carolina,Jacksonville St.,ESPNU,later,79.0,167.32150741106835,past_selected
1007,2023,11/4/23,Indiana,Wisconsin,BTN,later,491.0,368.35273760714756,past_selected
1008,2023,11/4/23,Clemson,Notre Dame,ABC,later,3240.0,3170.802735637299,past_selected
1009,2023,11/4/23,Michigan St.,Nebraska,FS1,later,900.0,780.5569138882015,past_selected
1010,2023,11/4/23,Rutgers,Ohio St.,CBS,later,3960.0,2731.063821228839,past_selected
1011,2023,11/4/23,Florida,Arkansas,ESPN2,later,1140.0,890.1280916938352,past_selected
1012,2023,11/4/23,Mississippi,Texas A&M,ESPN,later,1830.0,1724.9809358662953,past_selected
1013,2023,11/4/23,Virginia,Georgia Tech,CW,later,262.0,494.32798371642866,past_selected
1014,2023,11/4/23,Georgia St.,James Madison,ESPN2,later,276.0,338.44762148043685,past_selected
1015,2023,11/4/23,Oklahoma St.,Oklahoma,ABC,later,3760.0,4137.648304128834,past_selected
1016,2023,11/4/23,Maryland,Penn St.,FOX,later,2390.0,3040.0854412110184,past_selected
1017,2023,11/4/23,Pittsburgh,Florida St.,ESPN,later,1760.0,1446.9556095622856,past_selected
1018,2023,11/4/23,Cincinnati,UCF,FS1,later,264.0,410.20042750182273,past_selected
1019,2023,11/4/23,Minnesota,Illinois,BTN,later,499.0,421.3434274674172,past_selected
1020,2023,11/4/23,East Carolina,Tulane,ESPNU,later,76.0,127.40418880002133,past_selected
1021,2023,11/4/23,Georgia,Missouri,CBS,later,7000.0,4981.706794226011,past_selected
1022,2023,11/4/23,Appalachian St.,Marshall,NFLN,later,78.0,133.93622720246555,past_selected
1023,2023,11/4/23,San Diego St.,Utah St.,FS1,later,95.0,154.6114567480073,past_selected
1024,2023,11/4/23,West Virginia,BYU,FOX,later,1260.0,1378.086415927019,past_selected
1025,2023,11/4/23,Iowa St.,Kansas,ESPN,later,1270.0,986.7500992110839,past_selected
1026,2023,11/4/23,USC,Washington,ABC,later,4450.0,3741.3827691544507,past_selected
1027,2023,11/4/23,Rice,SMU,ESPNU,later,29.0,87.83262701271565,past_selected
1028,2023,11/4/23,Michigan,Purdue,NBC,later,2600.0,2802.6606033254498,past_selected
1029,2023,11/4/23,Alabama,LSU,CBS,later,8820.0,9304.900846951108,past_selected
1030,2023,11/4/23,Colorado,Oregon St.,ESPN,later,2770.0,1219.2747496724837,past_selected
1031,2023,11/4/23,Arizona,UCLA,FS1,later,522.0,596.7377752726973,past_selected
1032,2023,11/7/23,Western Michigan,Central Michigan,ESPNU,later,139.0,155.74655009984957,past_selected
1033,2023,11/7/23,Buffalo,Ohio,ESPN2,later,368.0,338.10373774077686,past_selected
1034,2023,11/8/23,Miami Ohio,Akron,ESPNU,later,82.0,120.12305371859023,past_selected
1035,2023,11/8/23,Toledo,Eastern Michigan,ESPN2,later,238.0,308.7936057852698,past_selected
1036,2023,11/9/23,Louisville,Virginia,ESPN,later,1290.0,1079.037402661395,past_selected
1037,2023,11/9/23,Louisiana,Southern Miss,ESPNU,later,83.0,108.49985213917402,past_selected
1038,2023,11/10/23,SMU,North Texas,ESPN2,later,618.0,409.7077588333957,past_selected
1039,2023,11/10/23,UNLV,Wyoming,FS1,later,214.0,370.8321741630461,past_selected
1040,2023,11/11/23,Kansas,Texas Tech,FS1,later,780.0,420.38115270795726,past_selected
1041,2023,11/11/23,Clemson,Georgia Tech,ABC,later,1620.0,1296.3541370190192,past_selected
1042,2023,11/11/23,Illinois,Indiana,BTN,later,368.0,260.6982649362454,past_selected
1043,2023,11/11/23,Penn St.,Michigan,FOX,later,9160.0,10024.354138799717,past_selected
1044,2023,11/11/23,Tulane,Tulsa,ESPN2,later,169.0,249.08044473833633,past_selected
1045,2023,11/11/23,Kentucky,Alabama,ESPN,later,2760.0,3704.116160761202,past_selected
1046,2023,11/11/23,Wake Forest,North Carolina St.,CW,later,289.0,656.203307360529,past_selected
1047,2023,11/11/23,Missouri,Tennessee,CBS,later,3620.0,3995.7156471112785,past_selected
1048,2023,11/11/23,Washington,Utah,FOX,later,5170.0,3476.912309366414,past_selected
1049,2023,11/11/23,UCF,Oklahoma St.,ESPN,later,1210.0,1132.4899516851738,past_selected
1050,2023,11/11/23,Iowa,Rutgers,BTN,later,714.0,618.8161745431973,past_selected
1051,2023,11/11/23,Florida St.,Miami,ABC,later,4140.0,3314.9318885057455,past_selected
1052,2023,11/11/23,Wisconsin,Northwestern,FS1,later,612.0,528.1066334647155,past_selected
1053,2023,11/11/23,Purdue,Minnesota,NBC,later,1170.0,1051.1706922690487,past_selected
1054,2023,11/11/23,California,Washington St.,ESPN2,later,263.0,429.733559344128,past_selected
1055,2023,11/11/23,Oklahoma,West Virginia,FOX,later,2390.0,2841.914830359092,past_selected
1056,2023,11/11/23,Georgia,Mississippi,ESPN,later,4830.0,5099.013323336469,past_selected
1057,2023,11/11/23,Marshall,Georgia Southern,NFLN,later,84.0,103.96719170881553,past_selected
1058,2023,11/11/23,Houston,Cincinnati,FS1,later,176.0,270.7507109540442,past_selected
1059,2023,11/11/23,TCU,Texas,ABC,later,2820.0,2897.0494920057977,past_selected
1060,2023,11/11/23,Ohio St.,Michigan St.,NBC,later,3570.0,4221.952242257936,past_selected
1061,2023,11/11/23,UTSA,Rice,ESPNU,later,22.0,80.9539720606569,past_selected
1062,2023,11/11/23,Texas A&M,Mississippi St.,ESPN2,later,409.0,717.3853201321001,past_selected
1063,2023,11/11/23,Boise St.,New Mexico,FS1,later,164.0,156.16848688215896,past_selected
1064,2023,11/11/23,BYU,Iowa St.,ESPN,later,943.0,1145.0031821461764,past_selected
1065,2023,11/11/23,Oregon,USC,FOX,later,3010.0,3536.5312308017037,past_selected
1066,2023,11/14/23,Bowling Green,Toledo,ESPN2,later,403.0,312.948273630735,past_selected
1067,2023,11/14/23,Northern Illinois,Western Michigan,ESPNU,later,47.0,177.46254975241442,past_selected
1068,2023,11/15/23,Miami Ohio,Buffalo,ESPN2,later,385.0,326.6547739899365,past_selected
1069,2023,11/15/23,Ohio,Central Michigan,ESPNU,later,90.0,162.21269779423585,past_selected
1070,2023,11/16/23,Pittsburgh,Boston College,ESPN,later,1030.0,805.638076978428,past_selected
1071,2023,11/17/23,UTSA,South Florida,ESPN2,later,429.0,394.8113746037113,past_selected
1072,2023,11/17/23,Washington St.,Colorado,FS1,later,727.0,642.5447666947921,past_selected
1073,2023,11/18/23,Maryland,Michigan,FOX,later,5430.0,5002.421700055705,past_selected
1074,2023,11/18/23,BYU,Oklahoma,ESPN,later,2170.0,1836.660357005345,past_selected
1075,2023,11/18/23,Miami,Louisville,ABC,later,2890.0,2651.099029080918,past_selected
1076,2023,11/18/23,Penn St.,Rutgers,FS1,later,765.0,880.4810204921955,past_selected
1077,2023,11/18/23,Memphis,SMU,ESPN2,later,276.0,322.54019411355375,past_selected
1078,2023,11/18/23,Virginia,Duke,CW,later,307.0,509.91146089762293,past_selected
1079,2023,11/18/23,Troy,Louisiana,NFLN,later,33.0,48.09123155584595,past_selected
1080,2023,11/18/23,USC,UCLA,ABC,later,2650.0,1785.1546800825427,past_selected
1081,2023,11/18/23,Tennessee,Georgia,CBS,later,5730.0,7403.676633531458,past_selected
1082,2023,11/18/23,Notre Dame,Wake Forest,NBC,later,1480.0,1191.6116538796516,past_selected
1083,2023,11/18/23,Iowa,Illinois,FS1,later,847.0,609.997404465129,past_selected
1084,2023,11/18/23,Clemson,North Carolina,ESPN,later,1760.0,1334.7868209468998,past_selected
1085,2023,11/18/23,Ohio St.,Minnesota,BTN,later,2020.0,1570.725410337573,past_selected
1086,2023,11/18/23,Arizona St.,Oregon,FOX,later,1900.0,2275.594039285594,past_selected
1087,2023,11/18/23,Houston,Oklahoma St.,ESPN2,later,704.0,434.14503140276497,past_selected
1088,2023,11/18/23,Texas Tech,UCF,FS2,later,270.0,235.9130697566598,past_selected
1089,2023,11/18/23,Florida St.,North Alabama,CW,later,1330.0,862.8034430738032,past_selected
1090,2023,11/18/23,Kansas,Kansas St.,FS1,later,869.0,519.6727436254641,past_selected
1091,2023,11/18/23,Arkansas,FIU,ESPNU,later,173.0,164.74397552977408,past_selected
1092,2023,11/18/23,Oregon St.,Washington,ABC,later,4730.0,3912.8684712230997,past_selected
1093,2023,11/18/23,Missouri,Florida,ESPN,later,2270.0,2017.2678840256,past_selected
1094,2023,11/18/23,Wisconsin,Nebraska,NBC,later,2450.0,2056.995484305182,past_selected
1095,2023,11/18/23,Iowa St.,Texas,FOX,later,2470.0,3947.9137300234825,past_selected
1096,2023,11/18/23,LSU,Georgia St.,ESPN2,later,741.0,779.0263881212773,past_selected
1097,2023,11/18/23,Fresno St.,New Mexico,FS1,later,255.0,144.5379911180142,past_selected
1098,2023,11/21/23,Western Michigan,Bowling Green,ESPNU,later,116.0,146.82514811753822,past_selected
1099,2023,11/21/23,Buffalo,Eastern Michigan,ESPN2,later,384.0,294.33144731139373,past_selected
1100,2023,11/23/23,Mississippi St.,Mississippi,ESPN,later,2290.0,1850.8798233909465,past_selected
1101,2023,11/24/23,Oklahoma,TCU,FOX,later,2220.0,3226.7639793897797,past_selected
1102,2023,11/24/23,Nebraska,Iowa,CBS,later,4390.0,5310.627258601457,past_selected
1103,2023,11/24/23,Boston College,Miami,ABC,later,1430.0,1743.249374006516,past_selected
1104,2023,11/24/23,Central Michigan,Toledo,ESPNU,later,74.0,170.31982997515553,past_selected
1105,2023,11/24/23,Temple,Memphis,ESPN,later,394.0,412.11066419726075,past_selected
1106,2023,11/24/23,Tulane,UTSA,ABC,later,1720.0,1585.2532318450244,past_selected
1107,2023,11/24/23,Arkansas,Missouri,CBS,later,4090.0,4144.289453083677,past_selected
1108,2023,11/24/23,Boise St.,Air Force,FS1,later,409.0,453.5945932232332,past_selected
1109,2023,11/24/23,Michigan St.,Penn St.,NBC,later,3380.0,4206.728619100249,past_selected
1110,2023,11/24/23,Texas,Texas Tech,ABC,later,3770.0,4718.879588738763,past_selected
1111,2023,11/24/23,Oregon,Oregon St.,FOX,later,4120.0,5614.839689320044,past_selected
1112,2023,11/25/23,Purdue,Indiana,BTN,later,246.0,235.0305118801885,past_selected
1113,2023,11/25/23,Louisville,Kentucky,ABC,later,1570.0,2095.466451334746,past_selected
1114,2023,11/25/23,LSU,Texas A&M,ESPN,later,2000.0,2282.1746143351766,past_selected
1115,2023,11/25/23,Southern Miss,Troy,ESPNU,later,31.0,74.80850916682407,past_selected
1116,2023,11/25/23,UCF,Houston,FS1,later,185.0,207.28812363093897,past_selected
1117,2023,11/25/23,SMU,Navy,ESPN2,later,76.0,224.357114677776,past_selected
1118,2023,11/25/23,Syracuse,Wake Forest,CW,later,248.0,648.5863893670487,past_selected
1119,2023,11/25/23,Arizona St.,Arizona,ESPN,later,740.0,1317.8112572139676,past_selected
1120,2023,11/25/23,Auburn,Alabama,CBS,later,9090.0,8571.031876701238,past_selected
1121,2023,11/25/23,Minnesota,Wisconsin,FS1,later,1230.0,961.1391810399406,past_selected
1122,2023,11/25/23,Appalachian St.,Georgia Southern,ESPNU,later,53.0,130.9852238832537,past_selected
1123,2023,11/25/23,Coastal Carolina,James Madison,ESPN2,later,139.0,261.1832219278113,past_selected
1124,2023,11/25/23,Oklahoma St.,BYU,ABC,later,2390.0,1601.6974728914681,past_selected
1125,2023,11/25/23,Washington,Washington St.,FOX,later,5850.0,3486.359553129728,past_selected
1126,2023,11/25/23,Florida,Florida St.,ESPN,later,5070.0,3573.7666709804207,past_selected
1127,2023,11/25/23,Baylor,West Virginia,FS1,later,691.0,603.8789119562491,past_selected
1128,2023,11/25/23,Texas St.,South Alabama,NFLN,later,79.0,85.2638136485962,past_selected
1129,2023,11/25/23,Georgia Tech,Georgia,ABC,later,5330.0,4127.449226446701,past_selected
1130,2023,11/25/23,Cincinnati,Kansas,ESPN2,later,374.0,549.6711111513941,past_selected
1131,2023,11/26/23,South Florida,Charlotte,ESPNU,later,17.0,171.9589134406251,past_selected
1132,2023,11/25/23,Kansas St.,Iowa St.,FOX,later,3290.0,2064.3085291656557,past_selected
1133,2023,11/25/23,UCLA,California,ESPN,later,1660.0,1250.8341807721258,past_selected
1134,2023,11/25/23,San Diego St.,Fresno St.,FS1,later,198.0,222.8182988915426,past_selected
1135,2023,12/1/23,Washington,Oregon,ABC,later,9250.0,10216.95838267032,past_selected
1136,2023,12/2/23,Texas,Oklahoma St.,ABC,later,7890.0,8548.388767612767,past_selected
1137,2023,12/2/23,Toledo,Miami Ohio,ESPN,later,1290.0,521.4711293142022,past_selected
1138,2023,12/2/23,UNLV,Boise St.,FOX,later,1260.0,803.2412063280988,past_selected
1139,2023,12/2/23,Alabama,Georgia,CBS,later,17520.0,16112.893501064224,past_selected
1140,2023,12/2/23,Troy,Appalachian St.,ESPN,later,372.0,483.5506471367833,past_selected
1141,2023,12/2/23,Tulane,SMU,ABC,later,1880.0,1742.7006628762347,past_selected
1142,2023,12/2/23,Iowa,Michigan,FOX,later,10020.0,9443.73060966839,past_selected
1143,2023,12/2/23,Florida St.,Louisville,ABC,later,7030.0,4566.481613792946,past_selected
1144,2023,12/9/23,Army,Navy,CBS,later,7180.0,6187.7530570091985,past_selected
361,2024,9/1/24,USC,LSU,ABC,Week1,8620.0,8124.357016006435,past_selected
362,2024,8/31/24,Notre Dame,Texas A&M,ABC,Week1,7920.0,7460.388596335194,past_selected
363,2024,8/31/24,Clemson,Georgia,ABC,Week1,7580.0,6644.9588322793625,past_selected
364,2024,8/31/24,Miami,Florida,ABC,Week1,6350.0,4015.453283780915,past_selected
365,2024,8/24/24,Florida St.,Georgia Tech,ESPN,Week0,4990.0,2933.2352518758016,past_selected
366,2024,9/2/24,Boston College,Florida St.,ESPN,Week1,4440.0,4813.960434542834,past_selected
367,2024,8/31/24,Penn St.,West Virginia,FOX,Week1,2990.0,4291.720348787081,past_selected
368,2024,8/31/24,Akron,Ohio St.,CBS,Week1,2970.0,2500.295040509257,past_selected
369,2024,8/31/24,Fresno St.,Michigan,NBC,Week1,2560.0,2347.017031349371,past_selected
370,2024,8/31/24,Western Kentucky,Alabama,ESPN,Week1,1850.0,1686.702019614924,past_selected
371,2024,8/31/24,Colorado St.,Texas,ESPN,Week1,1840.0,1972.7849753939206,past_selected
372,2024,8/29/24,North Carolina,Minnesota,FOX,Week1,1830.0,2163.671278435826,past_selected
373,2024,8/31/24,UTEP,Nebraska,FOX,Week1,1670.0,2043.223583668645,past_selected
374,2024,8/30/24,Temple,Oklahoma,ESPN,Week1,1650.0,1621.099460996071,past_selected
375,2024,8/30/24,TCU,Stanford,ESPN,Week1,1490.0,1203.5886550386015,past_selected
376,2024,8/31/24,Virginia Tech,Vanderbilt,ESPN,Week1,1450.0,871.2150020862703,past_selected
377,2024,8/31/24,UCLA,Hawaii,CBS,Week1,1130.0,950.1599071589358,past_selected
378,2024,8/30/24,Western Michigan,Wisconsin,FS1,Week1,963.0,661.298721531535,past_selected
379,2024,8/31/24,New Mexico,Arizona,ESPN,Week1,953.0,848.6809869740704,past_selected
380,2024,8/30/24,FAU,Michigan St.,BTN,Week1,744.0,692.7359908826037,past_selected
381,2024,8/31/24,Idaho,Oregon,BTN,Week1,425.0,457.1449438601116,past_selected
382,2024,8/31/24,North Dakota,Iowa St.,FS1,Week1,315.0,349.3262720668035,past_selected
383,2024,8/29/24,Howard,Rutgers,BTN,Week1,269.0,294.1981797510266,past_selected
384,2024,8/31/24,Wyoming,Arizona St.,FS1,Week1,253.0,344.81674958162574,past_selected
385,2024,8/31/24,UNLV,Houston,FS1,Week1,172.0,275.6541675402049,past_selected
386,2024,8/31/24,Boise St.,Georgia Southern,ESPNU,Week1,158.0,136.5648427998839,past_selected
387,2024,8/31/24,Connecticut,Maryland,FS1,Week1,133.0,231.92003272412228,past_selected
388,2024,8/29/24,Eastern Illinois,Illinois,BTN,Week1,112.0,234.1430045608396,past_selected
389,2024,8/31/24,Kent St.,Pittsburgh,ESPNU,Week1,82.0,156.4209174597487,past_selected
390,2024,9/6/24,SMU,BYU,ESPN2,later,917.0,778.9534666474044,past_selected
391,2024,9/7/24,Northwestern,Duke,FS1,later,514.0,285.1996186742166,past_selected
392,2024,9/7/24,Michigan,Texas,FOX,later,9190.0,10298.9938748019,past_selected
393,2024,9/7/24,Oklahoma St.,Arkansas,ABC,later,2800.0,2481.008931958145,past_selected
394,2024,9/7/24,Tulane,Kansas St.,ESPN,later,790.0,776.7988590297916,past_selected
395,2024,9/7/24,Memphis,Troy,ESPNU,later,20.0,73.01134823466623,past_selected
396,2024,9/7/24,Cincinnati,Pittsburgh,ESPN2,later,304.0,518.6549099257519,past_selected
397,2024,9/7/24,Notre Dame,Northern Illinois,ABC,later,3930.0,2986.627002933376,past_selected
398,2024,9/7/24,Utah,Baylor,FOX,later,2080.0,1675.6049603375557,past_selected
399,2024,9/7/24,Wisconsin,South Dakota,FS1,later,537.0,468.6584989514574,past_selected
400,2024,9/7/24,Kentucky,South Carolina,ABC,later,2730.0,2335.748513449866,past_selected
401,2024,9/7/24,Auburn,California,ESPN2,later,1120.0,806.9178699410609,past_selected
402,2024,9/7/24,Iowa,Iowa St.,CBS,later,2280.0,2626.5845989140553,past_selected
403,2024,9/7/24,Texas St.,UTSA,ESPNU,later,24.0,71.70712728044356,past_selected
404,2024,9/7/24,Virginia Tech,Marshall,CW,later,407.0,554.922156367875,past_selected
405,2024,9/7/24,Wake Forest,Virginia,ESPN2,later,358.0,392.3651198281128,past_selected
406,2024,9/7/24,Alabama,South Florida,ESPN,later,2580.0,1920.1698145184268,past_selected
407,2024,9/7/24,Illinois,Kansas,FS1,later,841.0,582.1746622132946,past_selected
408,2024,9/7/24,Ohio St.,Western Michigan,BTN,later,1720.0,1201.5441181254057,past_selected
409,2024,9/7/24,North Carolina St.,Tennessee,ABC,later,2960.0,3783.0437270853,past_selected
410,2024,9/7/24,Vanderbilt,Alcorn State,ESPNU,later,17.0,111.75249983957937,past_selected
411,2024,9/7/24,Nebraska,Colorado,NBC,later,5670.0,5558.594011243518,past_selected
412,2024,9/7/24,New Mexico St.,Liberty,ESPN2,later,160.0,258.69405495515343,past_selected
413,2024,9/7/24,Arizona St.,Mississippi St.,ESPN,later,954.0,1302.398054499312,past_selected
414,2024,9/7/24,USC,Utah St.,BTN,later,589.0,630.9565373793826,past_selected
415,2024,9/12/24,Texas St.,Arizona St.,ESPN,later,993.0,828.2692662970421,past_selected
416,2024,9/13/24,Kansas,UNLV,ESPN,later,1320.0,1313.352661849041,past_selected
417,2024,9/13/24,Kansas St.,Arizona,FOX,later,2580.0,3886.3610170753645,past_selected
418,2024,9/14/24,South Carolina,LSU,ABC,later,4940.0,3882.348656814092,past_selected
419,2024,9/14/24,Miami Ohio,Cincinnati,ESPNU,later,51.0,156.35525720117175,past_selected
420,2024,9/14/24,Michigan,Arkansas St.,BTN,later,979.0,608.4474619823009,past_selected
421,2024,9/14/24,Texas Tech,North Texas,FS1,later,138.0,285.1962479015932,past_selected
422,2024,9/14/24,Florida St.,Memphis,ESPN,later,1590.0,1158.5081925506727,past_selected
423,2024,9/14/24,Wisconsin,Alabama,FOX,later,5030.0,6165.309295855551,past_selected
424,2024,9/14/24,Tulsa,Oklahoma St.,ESPN2,later,308.0,525.95146436206,past_selected
425,2024,9/14/24,Pittsburgh,West Virginia,ESPN2,later,1150.0,1039.0723513912644,past_selected
426,2024,9/14/24,Purdue,Notre Dame,CBS,later,2280.0,3580.7960098765857,past_selected
427,2024,9/14/24,Oklahoma,Tulane,ESPN,later,1390.0,1302.5950912606452,past_selected
428,2024,9/14/24,Florida,Texas A&M,ABC,later,4800.0,4179.931729188712,past_selected
429,2024,9/14/24,Oregon St.,Oregon,FOX,later,2820.0,3004.5078454944473,past_selected
430,2024,9/14/24,East Carolina,Appalachian St.,ESPNU,later,81.0,157.08329944943898,past_selected
431,2024,9/14/24,Iowa,Troy,FS1,later,446.0,374.86449150454513,past_selected
432,2024,9/14/24,Wake Forest,Mississippi,CW,later,419.0,855.8009270654404,past_selected
433,2024,9/14/24,Texas,UTSA,ESPN,later,1480.0,1540.0908073452122,past_selected
434,2024,9/14/24,Mississippi St.,Toledo,ESPNU,later,69.0,132.86941716637568,past_selected
435,2024,9/14/24,Auburn,New Mexico,ESPN2,later,662.0,457.3746017791219,past_selected
436,2024,9/14/24,Baylor,Air Force,FS1,later,128.0,290.67630386491743,past_selected
437,2024,9/14/24,UCLA,Indiana,NBC,later,1290.0,1080.78232918105,past_selected
438,2024,9/14/24,Kentucky,Georgia,ABC,later,6600.0,4228.150420649289,past_selected
439,2024,9/14/24,Colorado St.,Colorado,CBS,later,3250.0,3542.9352984917614,past_selected
440,2024,9/14/24,TCU,UCF,FOX,later,1030.0,1508.6087221320597,past_selected
441,2024,9/14/24,California,San Diego St.,ESPN,later,938.0,825.7223140040151,past_selected
442,2024,9/19/24,Appalachian St.,South Alabama,ESPN,later,629.0,860.5203576776098,past_selected
443,2024,9/20/24,Syracuse,Stanford,ESPN,later,1370.0,1277.326426566522,past_selected
444,2024,9/20/24,Nebraska,Illinois,FOX,later,4210.0,4539.934730288492,past_selected
445,2024,9/20/24,Washington St.,San Jose St.,CW,later,542.0,808.0291805068877,past_selected
446,2024,9/21/24,Ohio St.,Marshall,FOX,later,3960.0,2939.4253126940657,past_selected
447,2024,9/21/24,West Virginia,Kansas,ESPN2,later,1150.0,825.5731881229624,past_selected
448,2024,9/21/24,Louisiana,Tulane,ESPNU,later,86.0,93.89067731310153,past_selected
449,2024,9/21/24,Mississippi St.,Florida,ESPN,later,2640.0,2379.8483196384514,past_selected
450,2024,9/21/24,Cincinnati,Houston,FS1,later,195.0,371.64835369430216,past_selected
451,2024,9/21/24,Clemson,North Carolina St.,ABC,later,1950.0,2444.6641542321486,past_selected
452,2024,9/21/24,Notre Dame,Miami Ohio,NBC,later,1690.0,1791.7106946861732,past_selected
453,2024,9/21/24,Auburn,Arkansas,ESPN,later,2020.0,1649.6686586408684,past_selected
454,2024,9/21/24,Louisville,Georgia Tech,ESPN2,later,782.0,461.2281484691269,past_selected
455,2024,9/21/24,Michigan,USC,CBS,later,6320.0,4160.607616804239,past_selected
456,2024,9/21/24,Texas Tech,Arizona St.,FS1,later,410.0,508.36117188747465,past_selected
457,2024,9/21/24,Penn St.,Kent St.,BTN,later,434.0,700.4948190927721,past_selected
458,2024,9/21/24,LSU,UCLA,ABC,later,2730.0,3010.90553911638,past_selected
459,2024,9/21/24,Oklahoma St.,Utah,FOX,later,2140.0,2579.393760131077,past_selected
460,2024,9/21/24,Middle Tennessee St.,Duke,ESPNU,later,53.0,91.66545374767989,past_selected
461,2024,9/21/24,SMU,TCU,CW,later,322.0,382.0838842542832,past_selected
462,2024,9/21/24,Florida St.,California,ESPN2,later,887.0,749.7436429325384,past_selected
463,2024,9/21/24,South Florida,Miami,ESPN,later,1250.0,878.4612128434021,past_selected
464,2024,9/21/24,Washington,Northwestern,FS1,later,378.0,508.8265681583709,past_selected
465,2024,9/21/24,Minnesota,Iowa,NBC,later,1890.0,1562.3034880151229,past_selected
466,2024,9/21/24,Oklahoma,Tennessee,ABC,later,6270.0,5923.315610167685,past_selected
467,2024,9/21/24,South Carolina,Akron,ESPNU,later,89.0,182.280949803718,past_selected
468,2024,9/21/24,Colorado,Baylor,FOX,later,3640.0,3568.6751491840637,past_selected
469,2024,9/21/24,Oregon St.,Purdue,CW,later,452.0,734.2146744060612,past_selected
470,2024,9/21/24,Boise St.,Portland State,FS1,later,248.0,257.0327147581203,past_selected
471,2024,9/21/24,BYU,Kansas St.,ESPN,later,1500.0,1738.393115060289,past_selected
472,2024,9/26/24,Temple,Army,ESPN,later,684.0,798.5192855838304,past_selected
473,2024,9/27/24,Miami,Virginia Tech,ESPN,later,3260.0,3024.174732689754,past_selected
474,2024,9/27/24,Rutgers,Washington,FOX,later,1930.0,2408.604841470347,past_selected
475,2024,9/28/24,Kansas St.,Oklahoma St.,ESPN,later,1880.0,2343.074602484564,past_selected
476,2024,9/28/24,Indiana,Maryland,BTN,later,547.0,386.7098151475313,past_selected
477,2024,9/28/24,Tulane,South Florida,ESPNU,later,41.0,94.42478102745142,past_selected
478,2024,9/28/24,Baylor,BYU,FS1,later,428.0,565.2695793635487,past_selected
479,2024,9/28/24,UAB,Navy,ESPN2,later,185.0,312.5611893005033,past_selected
480,2024,9/28/24,Mississippi,Kentucky,ABC,later,3990.0,3155.6927300062553,past_selected
481,2024,9/28/24,North Carolina St.,Northern Illinois,CW,later,427.0,393.2566914388483,past_selected
482,2024,9/28/24,Michigan,Minnesota,FOX,later,3600.0,4026.440073649686,past_selected
483,2024,9/28/24,UCF,Colorado,FOX,later,4170.0,4456.293399965388,past_selected
484,2024,9/28/24,Auburn,Oklahoma,ABC,later,5040.0,4278.582372948937,past_selected
485,2024,9/28/24,Georgia St.,Georgia Southern,ESPNU,later,29.0,77.94360646994355,past_selected
486,2024,9/28/24,Texas A&M,Arkansas,ESPN,later,1800.0,2275.775803391093,past_selected
487,2024,9/28/24,UNLV,Fresno St.,FS1,later,174.0,283.4746553100628,past_selected
488,2024,9/28/24,Duke,North Carolina,ESPN2,later,521.0,590.7621487039485,past_selected
489,2024,9/28/24,Houston,Iowa St.,FS1,later,372.0,438.62980609538215,past_selected
490,2024,9/28/24,Clemson,Stanford,ESPN,later,1000.0,1240.0580288564083,past_selected
491,2024,9/28/24,Memphis,Middle Tennessee St.,ESPNU,later,39.0,75.6346999117984,past_selected
492,2024,9/28/24,Alabama,Georgia,ABC,later,11990.0,11376.728607484054,past_selected
493,2024,9/28/24,Penn St.,Illinois,NBC,later,3090.0,2590.0042010069456,past_selected
494,2024,9/28/24,Texas Tech,Cincinnati,ESPN2,later,417.0,503.39088183618765,past_selected
495,2024,9/28/24,Boise St.,Washington St.,FS1,later,535.0,519.2109404570967,past_selected
496,2024,9/28/24,Utah,Arizona,ESPN,later,907.0,1412.5978668230082,past_selected
497,2024,9/28/24,UCLA,Oregon,FOX,later,1500.0,2518.297853902309,past_selected
498,2024,10/3/24,Troy,Texas St.,ESPN2,later,343.0,267.52122514111227,past_selected
499,2024,10/4/24,TCU,Houston,ESPN,later,1510.0,956.6820942553229,past_selected
500,2024,10/4/24,UNLV,Syracuse,FS1,later,698.0,542.5292521526924,past_selected
501,2024,10/4/24,Oregon,Michigan St.,FOX,later,2840.0,4321.005521826997,past_selected
502,2024,10/5/24,Texas A&M,Missouri,ABC,later,3270.0,3962.38963423103,past_selected
503,2024,10/5/24,Tulsa,Army,ESPNU,later,72.0,184.37649519700872,past_selected
504,2024,10/5/24,Air Force,Navy,CBS,later,1280.0,1216.3985189805776,past_selected
505,2024,10/5/24,North Carolina St.,Wake Forest,CW,later,446.0,386.8394391135871,past_selected
506,2024,10/5/24,North Carolina,Pittsburgh,ESPN2,later,645.0,681.2124819065446,past_selected
507,2024,10/5/24,Louisville,SMU,ESPN,later,1410.0,795.7106787936641,past_selected
508,2024,10/5/24,Penn St.,UCLA,FOX,later,2750.0,3490.1714405423013,past_selected
509,2024,10/5/24,Wisconsin,Purdue,BTN,later,588.0,688.9773291571822,past_selected
510,2024,10/5/24,Charlotte,East Carolina,ESPNU,later,28.0,40.01885401823438,past_selected
511,2024,10/5/24,Ohio St.,Iowa,CBS,later,4460.0,5377.773742285617,past_selected
512,2024,10/5/24,Northwestern,Indiana,BTN,later,439.0,513.1209758798851,past_selected
513,2024,10/5/24,South Carolina,Mississippi,ESPN,later,1230.0,2047.4062367794877,past_selected
514,2024,10/5/24,Georgia,Auburn,ABC,later,4930.0,5036.1839311139465,past_selected
515,2024,10/5/24,Nebraska,Rutgers,FS1,later,1030.0,901.1231954975824,past_selected
516,2024,10/5/24,Oklahoma St.,West Virginia,ESPN2,later,634.0,807.4261817720229,past_selected
517,2024,10/5/24,Oregon St.,Colorado St.,CW,later,568.0,453.65426725126486,past_selected
518,2024,10/5/24,Florida St.,Clemson,ESPN,later,1410.0,2134.142479211794,past_selected
519,2024,10/5/24,Boise St.,Utah St.,FS2,later,239.0,252.66355177126752,past_selected
520,2024,10/5/24,Louisiana Monroe,James Madison,ESPNU,later,42.0,71.74879085379021,past_selected
521,2024,10/5/24,Iowa St.,Baylor,FOX,later,1200.0,1667.4011670071895,past_selected
522,2024,10/5/24,Minnesota,USC,BTN,later,701.0,743.2899084096318,past_selected
523,2024,10/5/24,Arkansas,Tennessee,ABC,later,5290.0,4759.686696322044,past_selected
524,2024,10/5/24,Washington,Michigan,NBC,later,4040.0,3654.3582894869364,past_selected
525,2024,10/5/24,Arizona St.,Kansas,ESPN2,later,525.0,463.99839048321985,past_selected
526,2024,10/5/24,California,Miami,ESPN,later,1920.0,2019.6153324463996,past_selected
527,2024,10/5/24,Arizona,Texas Tech,FOX,later,943.0,1810.3909207952229,past_selected
528,2024,10/9/24,Jacksonville St.,New Mexico St.,ESPN2,later,310.0,315.75564992126937,past_selected
529,2024,10/10/24,James Madison,Coastal Carolina,ESPN2,later,390.0,328.7781016898179,past_selected
530,2024,10/10/24,Western Kentucky,UTEP,ESPNU,later,81.0,93.17378427592908,past_selected
531,2024,10/11/24,Maryland,Northwestern,FS1,later,712.0,555.6626887117628,past_selected
532,2024,10/11/24,Arizona St.,Utah,ESPN,later,1290.0,1352.9920424656466,past_selected
533,2024,10/12/24,Rutgers,Wisconsin,BTN,later,620.0,571.5642936537217,past_selected
534,2024,10/12/24,Iowa,Washington,FOX,later,2370.0,2363.547954195357,past_selected
535,2024,10/12/24,Alabama,South Carolina,ABC,later,6000.0,5930.411857129882,past_selected
536,2024,10/12/24,Buffalo,Toledo,ESPNU,later,40.0,75.14978383151941,past_selected
537,2024,10/12/24,Massachusetts,Missouri,ESPN2,later,276.0,341.6469121672326,past_selected
538,2024,10/12/24,Wake Forest,Clemson,ESPN,later,1300.0,1329.417226820246,past_selected
539,2024,10/12/24,North Carolina,Georgia Tech,CW,later,541.0,437.5718291024987,past_selected
540,2024,10/12/24,Illinois,Purdue,FS1,later,440.0,547.669440627486,past_selected
541,2024,10/12/24,UCF,Cincinnati,ESPN2,later,280.0,473.5900737351939,past_selected
542,2024,10/12/24,Pittsburgh,California,ESPN,later,741.0,1055.7219586179838,past_selected
543,2024,10/12/24,USC,Penn St.,CBS,later,4280.0,3772.307248520729,past_selected
544,2024,10/12/24,Oklahoma,Texas,ABC,later,7630.0,6289.521308225758,past_selected
545,2024,10/12/24,Notre Dame,Stanford,NBC,later,1870.0,1764.8113050562663,past_selected
546,2024,10/12/24,Central Michigan,Ohio,ESPNU,later,24.0,70.42170184076764,past_selected
547,2024,10/12/24,BYU,Arizona,FOX,later,1310.0,1711.8999624432718,past_selected
548,2024,10/12/24,FAU,North Texas,ESPN2,later,82.0,155.97606881470637,past_selected
549,2024,10/12/24,Fresno St.,Washington St.,FS1,later,246.0,293.10585272021706,past_selected
550,2024,10/12/24,Tennessee,Florida,ESPN,later,3250.0,3143.1433143829145,past_selected
551,2024,10/12/24,LSU,Mississippi,ABC,later,4240.0,4839.496019626691,past_selected
552,2024,10/12/24,Oregon,Ohio St.,NBC,later,9600.0,5489.879865542436,past_selected
553,2024,10/12/24,West Virginia,Iowa St.,FOX,later,1220.0,2195.590780227492,past_selected
554,2024,10/12/24,Georgia Southern,Marshall,ESPNU,later,15.0,79.50282685871628,past_selected
555,2024,10/12/24,UCLA,Minnesota,BTN,later,312.0,354.9827308036265,past_selected
556,2024,10/12/24,Colorado,Kansas St.,ESPN,later,3260.0,4749.318516311642,past_selected
557,2024,10/15/24,South Alabama,Troy,ESPN2,later,352.0,222.7714537155785,past_selected
558,2024,10/15/24,New Mexico St.,Louisiana Tech,ESPNU,later,64.0,71.96915654284754,past_selected
559,2024,10/16/24,Sam Houston,Western Kentucky,ESPN2,later,403.0,306.4633505816679,past_selected
560,2024,10/17/24,Marshall,Georgia St.,ESPN2,later,209.0,329.65781912743347,past_selected
561,2024,10/17/24,Virginia Tech,Boston College,ESPN,later,712.0,1081.3923205141803,past_selected
562,2024,10/18/24,Duke,Florida St.,ESPN,later,1260.0,1275.623824219949,past_selected
563,2024,10/18/24,Purdue,Oregon,FOX,later,2150.0,3979.875936011291,past_selected
564,2024,10/18/24,BYU,Oklahoma St.,ESPN,later,1660.0,1700.366640533326,past_selected
565,2024,10/19/24,Missouri,Auburn,ESPN,later,2450.0,1622.7262750958657,past_selected
566,2024,10/19/24,Indiana,Nebraska,FOX,later,3180.0,3346.1258352912337,past_selected
567,2024,10/19/24,Louisville,Miami,ABC,later,4070.0,2766.0906477169856,past_selected
568,2024,10/19/24,Rutgers,UCLA,FS1,later,426.0,390.97220957396195,past_selected
569,2024,10/19/24,Coastal Carolina,Louisiana,ESPNU,later,54.0,81.971448673988,past_selected
570,2024,10/19/24,Northwestern,Wisconsin,BTN,later,502.0,525.2949021653551,past_selected
571,2024,10/19/24,Army,East Carolina,ESPN2,later,323.0,617.1387025460194,past_selected
572,2024,10/19/24,Illinois,Michigan,CBS,later,3010.0,3191.2350809787376,past_selected
573,2024,10/19/24,Tennessee,Alabama,ABC,later,10230.0,8606.1809406381,past_selected
574,2024,10/19/24,Georgia Tech,Notre Dame,ESPN,later,1590.0,1567.7968564108253,past_selected
575,2024,10/19/24,Washington St.,Hawaii,CW,later,258.0,291.70405904578445,past_selected
576,2024,10/19/24,Texas Tech,Baylor,ESPN2,later,316.0,464.20156862389626,past_selected
577,2024,10/19/24,Maryland,USC,FS1,later,516.0,441.43504683792787,past_selected
578,2024,10/19/24,Arizona,Colorado,FOX,later,2020.0,3147.851422473149,past_selected
579,2024,10/19/24,Arkansas,LSU,ESPN,later,1360.0,2835.3471894676977,past_selected
580,2024,10/19/24,Iowa St.,UCF,FS1,later,526.0,695.8359950619938,past_selected
581,2024,10/19/24,Memphis,North Texas,ESPNU,later,30.0,90.57035188924216,past_selected
582,2024,10/19/24,Michigan St.,Iowa,NBC,later,1570.0,2029.9174508779588,past_selected
583,2024,10/19/24,West Virginia,Kansas St.,FOX,later,1140.0,2045.9350903022203,past_selected
584,2024,10/19/24,Texas,Georgia,ABC,later,13190.0,8771.116195069979,past_selected
585,2024,10/19/24,Oregon St.,UNLV,CW,later,507.0,595.1757403014046,past_selected
586,2024,10/19/24,Utah,TCU,ESPN,later,912.0,1030.2100911868702,past_selected
587,2024,10/22/24,FIU,Sam Houston,ESPNU,later,132.0,97.14957787710668,past_selected
588,2024,10/23/24,Jacksonville St.,Middle Tennessee St.,ESPN2,later,434.0,264.28210528121826,past_selected
589,2024,10/24/24,Old Dominion,Georgia Southern,ESPN2,later,214.0,283.26770544293356,past_selected
590,2024,10/24/24,Pittsburgh,Syracuse,ESPN,later,948.0,1620.2017699611313,past_selected
591,2024,10/25/24,Boston College,Louisville,ESPN2,later,879.0,869.4222017795307,past_selected
592,2024,10/25/24,USC,Rutgers,FOX,later,2010.0,1950.2346356780067,past_selected
593,2024,10/26/24,Navy,Notre Dame,ABC,later,2790.0,3545.7919998515927,past_selected
594,2024,10/26/24,Memphis,Charlotte,ESPNU,later,41.0,41.24811547166814,past_selected
595,2024,10/26/24,Indiana,Washington,BTN,later,1070.0,562.2940059134498,past_selected
596,2024,10/26/24,North Texas,Tulane,ESPN2,later,130.0,187.0544782353769,past_selected
597,2024,10/26/24,Ohio St.,Nebraska,FOX,later,5960.0,6881.31601426757,past_selected
598,2024,10/26/24,Mississippi,Oklahoma,ESPN,later,2600.0,1998.1506114337578,past_selected
599,2024,10/26/24,Virginia,North Carolina,CW,later,398.0,470.0923476070566,past_selected
600,2024,10/26/24,Minnesota,Maryland,FS1,later,340.0,510.1593737236563,past_selected
601,2024,10/26/24,Alabama,Missouri,ABC,later,5540.0,5301.372779201529,past_selected
602,2024,10/26/24,Iowa,Northwestern,BTN,later,609.0,530.0065550214556,past_selected
603,2024,10/26/24,Oregon,Illinois,CBS,later,2750.0,3925.6880919890264,past_selected
604,2024,10/26/24,UCF,BYU,ESPN,later,1240.0,1248.2820231822755,past_selected
605,2024,10/26/24,TCU,Texas Tech,FOX,later,2360.0,1723.9410661037539,past_selected
606,2024,10/26/24,California,Oregon St.,ESPN2,later,183.0,461.9691932272816,past_selected
607,2024,10/26/24,Arizona,West Virginia,FS1,later,347.0,517.072267547734,past_selected
608,2024,10/26/24,Miami,Florida St.,ESPN,later,1530.0,2054.370954945101,past_selected
609,2024,10/26/24,Wisconsin,Penn St.,NBC,later,3340.0,4016.3030467401245,past_selected
610,2024,10/26/24,Texas A&M,LSU,ABC,later,5060.0,6510.763242509347,past_selected
611,2024,10/26/24,Michigan,Michigan St.,BTN,later,1730.0,1208.4968680650782,past_selected
612,2024,10/26/24,Kansas St.,Kansas,ESPN2,later,708.0,626.6144950319508,past_selected
613,2024,10/26/24,Colorado,Cincinnati,ESPN,later,2340.0,2918.757883391019,past_selected
614,2024,10/29/24,Texas St.,Louisiana,ESPN2,later,227.0,313.11404284521393,past_selected
615,2024,10/29/24,Sam Houston,Louisiana Tech,ESPNU,later,33.0,97.88614441633075,past_selected
616,2024,10/30/24,Western Kentucky,Kennesaw St.,ESPN2,later,182.0,299.44606833825276,past_selected
617,2024,10/31/24,Charlotte,Tulane,ESPN,later,492.0,241.1667641302938,past_selected
618,2024,11/1/24,FAU,South Florida,ESPN2,later,562.0,388.32950309251976,past_selected
619,2024,11/1/24,Boise St.,San Diego St.,FS1,later,656.0,733.5474809920318,past_selected
620,2024,11/2/24,Illinois,Minnesota,FS1,later,551.0,551.3409999601338,past_selected
621,2024,11/2/24,Penn St.,Ohio St.,FOX,later,9770.0,10641.332947218103,past_selected
622,2024,11/2/24,UTSA,Memphis,ESPN2,later,147.0,166.38317607875672,past_selected
623,2024,11/2/24,Miami,Duke,ABC,later,1960.0,1958.0597443527795,past_selected
624,2024,11/2/24,Eastern Michigan,Toledo,ESPNU,later,27.0,55.02644831691822,past_selected
625,2024,11/2/24,Arkansas,Mississippi,ESPN,later,1180.0,1708.193724667559,past_selected
626,2024,11/2/24,Houston,Kansas St.,FOX,later,1510.0,1513.003365508584,past_selected
627,2024,11/2/24,Nebraska,UCLA,BTN,later,882.0,738.0319977722488,past_selected
628,2024,11/2/24,Georgia,Florida,ABC,later,6970.0,6765.313894016641,past_selected
629,2024,11/2/24,Iowa St.,Texas Tech,ESPN,later,1240.0,1614.2271975567019,past_selected
630,2024,11/2/24,UCF,Arizona,FS1,later,213.0,450.86877647725623,past_selected
631,2024,11/2/24,Rice,Navy,ESPN2,later,218.0,209.45186768003006,past_selected
632,2024,11/2/24,South Alabama,Georgia Southern,ESPNU,later,18.0,89.63779183080041,past_selected
633,2024,11/2/24,Washington,USC,BTN,later,727.0,659.4352909171056,past_selected
634,2024,11/2/24,Clemson,Louisville,ESPN,later,1430.0,1669.408595170257,past_selected
635,2024,11/2/24,South Carolina,Texas A&M,ABC,later,5560.0,4828.203504542909,past_selected
636,2024,11/2/24,Iowa,Wisconsin,NBC,later,2730.0,2286.414105919463,past_selected
637,2024,11/2/24,Baylor,TCU,ESPN2,later,483.0,592.296915315206,past_selected
638,2024,11/5/24,Central Michigan,Bowling Green,ESPN2,later,286.0,425.29508348229336,past_selected
639,2024,11/5/24,Ball St.,Miami Ohio,ESPN,later,378.0,530.0326337957172,past_selected
640,2024,11/6/24,Kent St.,Ohio,ESPNU,later,49.0,99.69450649892266,past_selected
641,2024,11/6/24,Western Michigan,Northern Illinois,ESPN2,later,442.0,376.13608215975125,past_selected
642,2024,11/7/24,East Carolina,FAU,ESPN2,later,196.0,354.55453929765054,past_selected
643,2024,11/7/24,Coastal Carolina,Appalachian St.,ESPN,later,412.0,592.9354676821956,past_selected
644,2024,11/8/24,Memphis,Rice,ESPN2,later,407.0,276.86889031883163,past_selected
645,2024,11/8/24,UCLA,Iowa,FOX,later,1890.0,2255.1425039576316,past_selected
646,2024,11/9/24,Texas,Florida,ABC,later,3700.0,5912.350970729111,past_selected
647,2024,11/9/24,Georgia Tech,Miami,ESPN,later,3460.0,1728.0115172717562,past_selected
648,2024,11/9/24,South Florida,Navy,ESPN2,later,247.0,247.92527873283035,past_selected
649,2024,11/9/24,Louisiana Monroe,Texas St.,ESPNU,later,27.0,65.06727726205811,past_selected
650,2024,11/9/24,Rutgers,Minnesota,NBC,later,1200.0,995.0476392893106,past_selected
651,2024,11/9/24,Ohio St.,Purdue,FOX,later,3480.0,3646.6457555613506,past_selected
652,2024,11/9/24,Indiana,Michigan,CBS,later,4390.0,4132.095629428299,past_selected
653,2024,11/9/24,Virginia Tech,Clemson,ESPN,later,1440.0,1469.7343506004381,past_selected
654,2024,11/9/24,Mississippi,Georgia,ABC,later,7080.0,5729.313969815116,past_selected
655,2024,11/9/24,North Texas,Army,ESPN2,later,322.0,417.9073439507534,past_selected
656,2024,11/9/24,Tulane,Temple,ESPNU,later,22.0,50.713017081914266,past_selected
657,2024,11/9/24,Texas Tech,Colorado,FOX,later,3680.0,4609.150592476438,past_selected
658,2024,11/9/24,Arizona St.,UCF,ESPN2,later,378.0,416.01145553137377,past_selected
659,2024,11/9/24,TCU,Oklahoma St.,FS1,later,355.0,403.1259689629537,past_selected
660,2024,11/9/24,Oregon,Maryland,BTN,later,817.0,730.1060386780975,past_selected
661,2024,11/9/24,Tennessee,Mississippi St.,ESPN,later,1600.0,2158.5565414770913,past_selected
662,2024,11/9/24,LSU,Alabama,ABC,later,7900.0,8085.932144710162,past_selected
663,2024,11/9/24,Notre Dame,Florida St.,NBC,later,2190.0,3091.947818235156,past_selected
664,2024,11/9/24,Boise St.,Nevada,FOX,later,1530.0,851.8647891163943,past_selected
665,2024,11/9/24,Utah,BYU,ESPN,later,2070.0,1982.4905501362819,past_selected
666,2024,11/9/24,Washington St.,Utah St.,CW,later,371.0,545.1213816203951,past_selected
667,2024,11/12/24,Toledo,Central Michigan,ESPNU,later,56.0,87.52043303798413,past_selected
668,2024,11/12/24,Bowling Green,Western Michigan,ESPN2,later,269.0,472.63410414762654,past_selected
669,2024,11/13/24,Ohio,Eastern Michigan,ESPN2,later,381.0,332.54455325149615,past_selected
670,2024,11/13/24,Miami Ohio,Kent St.,ESPNU,later,70.0,122.15164525662172,past_selected
671,2024,11/14/24,Tulsa,East Carolina,ESPN,later,563.0,604.053822144489,past_selected
672,2024,11/15/24,UTSA,North Texas,ESPN2,later,313.0,281.2990761864578,past_selected
673,2024,11/15/24,Washington,UCLA,FOX,later,1260.0,1957.196651492754,past_selected
674,2024,11/16/24,Pittsburgh,Clemson,ESPN,later,1850.0,1709.2793823013958,past_selected
675,2024,11/16/24,Northwestern,Ohio St.,BTN,later,1890.0,1315.1408743963154,past_selected
676,2024,11/16/24,Arkansas,Texas,ABC,later,4560.0,4489.531569123121,past_selected
677,2024,11/16/24,Navy,Tulane,ESPN2,later,269.0,325.5283911603609,past_selected
678,2024,11/16/24,Colorado,Utah,FOX,later,4000.0,3917.838006343014,past_selected
679,2024,11/16/24,California,Syracuse,CW,later,298.0,467.40675813722464,past_selected
680,2024,11/16/24,SMU,Boston College,ESPN,later,957.0,572.0272909594644,past_selected
681,2024,11/16/24,Notre Dame,Virginia,NBC,later,1960.0,2413.997809393542,past_selected
682,2024,11/16/24,Purdue,Penn St.,CBS,later,1800.0,2804.038787546038,past_selected
683,2024,11/16/24,Florida,LSU,ABC,later,6020.0,4793.06420513758,past_selected
684,2024,11/16/24,West Virginia,Baylor,ESPN2,later,513.0,612.9500356184876,past_selected
685,2024,11/16/24,Old Dominion,James Madison,ESPNU,later,45.0,61.3397301964754,past_selected
686,2024,11/16/24,USC,Nebraska,FOX,later,2980.0,2592.7425988472505,past_selected
687,2024,11/16/24,Maryland,Rutgers,FS1,later,304.0,364.8648878534102,past_selected
688,2024,11/16/24,Kansas St.,Arizona St.,ESPN,later,849.0,1133.465789595984,past_selected
689,2024,11/16/24,Wisconsin,Oregon,NBC,later,4120.0,3087.7302006010977,past_selected
690,2024,11/16/24,Georgia,Tennessee,ABC,later,9960.0,8591.852893967689,past_selected
691,2024,11/16/24,Iowa St.,Cincinnati,FOX,later,1000.0,1291.1869672355704,past_selected
692,2024,11/16/24,Memphis,UAB,ESPN2,later,117.0,207.36906405592458,past_selected
693,2024,11/16/24,New Mexico,Washington St.,FS1,later,244.0,237.35866389012878,past_selected
694,2024,11/16/24,BYU,Kansas,ESPN,later,1750.0,1785.782830666215,past_selected
695,2024,11/19/24,Central Michigan,Western Michigan,ESPN2,later,236.0,335.1152418079976,past_selected
696,2024,11/19/24,Miami Ohio,Northern Illinois,ESPN,later,497.0,657.2918849205939,past_selected
697,2024,11/20/24,Eastern Michigan,Buffalo,ESPNU,later,64.0,120.61268403257024,past_selected
698,2024,11/20/24,Toledo,Ohio,ESPN2,later,414.0,286.75664345962986,past_selected
699,2024,11/21/24,Georgia Tech,North Carolina St.,ESPN,later,897.0,908.5132068287062,past_selected
700,2024,11/22/24,UTSA,Temple,ESPN2,later,512.0,286.36134404890316,past_selected
701,2024,11/22/24,Michigan St.,Purdue,FOX,later,1840.0,2695.7388193949546,past_selected
702,2024,11/23/24,Florida,Mississippi,ABC,later,3820.0,4597.05181084365,past_selected
703,2024,11/23/24,Maryland,Iowa,BTN,later,419.0,430.5012983977048,past_selected
704,2024,11/23/24,Ohio St.,Indiana,FOX,later,9320.0,6293.073531221161,past_selected
705,2024,11/23/24,Virginia,SMU,ESPN2,later,262.0,430.68404033740967,past_selected
706,2024,11/23/24,Miami,Wake Forest,ESPN,later,985.0,983.3641729265221,past_selected
707,2024,11/23/24,Nebraska,Wisconsin,BTN,later,1140.0,970.6068265321466,past_selected
708,2024,11/23/24,Michigan,Northwestern,FS1,later,975.0,760.1645720422036,past_selected
709,2024,11/23/24,Texas,Kentucky,ABC,later,4470.0,4136.272516177667,past_selected
710,2024,11/23/24,Arizona St.,BYU,ESPN,later,1310.0,2122.4411277662425,past_selected
711,2024,11/23/24,Kansas,Colorado,FOX,later,6220.0,5071.403752931874,past_selected
712,2024,11/23/24,West Virginia,UCF,ESPNU,later,117.0,229.83024304169817,past_selected
713,2024,11/23/24,Louisville,Pittsburgh,ESPN2,later,240.0,539.7692336703542,past_selected
714,2024,11/23/24,Houston,Baylor,FS1,later,210.0,283.24683788409595,past_selected
715,2024,11/23/24,Notre Dame,Army,NBC,later,3890.0,5275.742797233147,past_selected
716,2024,11/23/24,Oregon St.,Washington St.,CW,later,695.0,529.9243530072443,past_selected
717,2024,11/23/24,Utah,Iowa St.,FOX,later,1910.0,1363.9488249695846,past_selected
718,2024,11/23/24,Old Dominion,Marshall,ESPNU,later,48.0,75.31157209219856,past_selected
719,2024,11/23/24,Auburn,Texas A&M,ESPN,later,2530.0,2026.0603033977359,past_selected
720,2024,11/23/24,Oklahoma,Alabama,ABC,later,6980.0,5927.604660159657,past_selected
721,2024,11/23/24,Kansas St.,Cincinnati,ESPN2,later,369.0,474.3319598434446,past_selected
722,2024,11/23/24,UCLA,USC,NBC,later,2160.0,1834.1293706430258,past_selected
723,2024,11/23/24,Nevada,Air Force,FS1,later,98.0,149.0620377837128,past_selected
724,2024,11/26/24,Akron,Toledo,ESPN2,later,347.0,235.4765115024623,past_selected
725,2024,11/28/24,Tulane,Memphis,ESPN,later,655.0,794.5769012334536,past_selected
726,2024,11/29/24,East Carolina,Navy,ESPN,later,626.0,707.8158245019954,past_selected
727,2024,11/29/24,Boise St.,Oregon St.,FOX,later,1700.0,1693.9394976368644,past_selected
728,2024,11/29/24,Wisconsin,Minnesota,CBS,later,2770.0,3700.704198868947,past_selected
729,2024,11/29/24,Colorado,Oklahoma St.,ABC,later,3310.0,7157.779701679714,past_selected
730,2024,11/29/24,Bowling Green,Miami Ohio,ESPNU,later,46.0,152.1803610490537,past_selected
731,2024,11/29/24,Mississippi,Mississippi St.,ABC,later,4330.0,3344.863682698776,past_selected
732,2024,11/29/24,Georgia,Georgia Tech,ABC,later,8470.0,5339.47957602297,past_selected
733,2024,11/29/24,Iowa,Nebraska,NBC,later,3600.0,3057.900578474579,past_selected
734,2024,11/29/24,UCF,Utah,FOX,later,844.0,1405.1339750903621,past_selected
735,2024,11/30/24,Texas Tech,West Virginia,FS1,later,294.0,467.2619245751969,past_selected
736,2024,11/30/24,Louisiana Monroe,Louisiana,ESPNU,later,9.0,55.71093918262047,past_selected
737,2024,11/30/24,Ohio St.,Michigan,FOX,later,12300.0,10879.862284681572,past_selected
738,2024,11/30/24,Northwestern,Illinois,BTN,later,275.0,337.81891213924507,past_selected
739,2024,11/30/24,Clemson,South Carolina,ESPN,later,2400.0,2427.812914508423,past_selected
740,2024,11/30/24,Baylor,Kansas,ESPN2,later,412.0,431.77181118960243,past_selected
741,2024,11/30/24,Vanderbilt,Tennessee,ABC,later,3610.0,2403.816935397379,past_selected
742,2024,11/30/24,SMU,California,ESPN2,later,228.0,508.27450254409,past_selected
743,2024,11/30/24,Michigan St.,Rutgers,FS1,later,556.0,682.15275682127,past_selected
744,2024,11/30/24,Alabama,Auburn,ABC,later,7160.0,8471.749647598841,past_selected
745,2024,11/30/24,Syracuse,Miami,ESPN,later,2110.0,1873.922499474972,past_selected
746,2024,11/30/24,Western Kentucky,Jacksonville St.,ESPNU,later,20.0,76.66014799443624,past_selected
747,2024,11/30/24,Washington St.,Wyoming,CW,later,399.0,362.44859354693835,past_selected
748,2024,11/30/24,Florida St.,Florida,ESPN2,later,1370.0,1089.1071680061018,past_selected
749,2024,11/30/24,LSU,Oklahoma,ESPN,later,2090.0,2214.6310476061904,past_selected
750,2024,11/30/24,Indiana,Purdue,FS1,later,717.0,660.918061486354,past_selected
751,2024,11/30/24,Oregon,Washington,NBC,later,2570.0,2684.793851623039,past_selected
752,2024,11/30/24,Iowa St.,Kansas St.,FOX,later,2010.0,1868.1862308719742,past_selected
753,2024,11/30/24,Texas A&M,Texas,ABC,later,9450.0,7264.725407731408,past_selected
754,2024,11/30/24,James Madison,Marshall,ESPNU,later,37.0,80.73773615588776,past_selected
755,2024,11/30/24,BYU,Houston,ESPN,later,1560.0,1141.058966999305,past_selected
756,2024,11/30/24,San Diego St.,Air Force,FS1,later,157.0,159.06537829979655,past_selected
757,2024,12/6/24,Army,Tulane,ABC,later,2000.0,2706.822886634216,past_selected
758,2024,12/6/24,Boise St.,UNLV,FOX,later,3010.0,4067.4531413683317,past_selected
759,2024,12/7/24,Arizona St.,Iowa St.,ABC,later,6900.0,4026.3844945655933,past_selected
760,2024,12/7/24,Miami Ohio,Ohio,ESPN,later,1130.0,571.5000590971126,past_selected
761,2024,12/7/24,Texas,Georgia,ABC,later,16630.0,14301.52117870991,past_selected
762,2024,12/7/24,Louisiana,Marshall,ESPN,later,392.0,493.9144930125808,past_selected
763,2024,12/7/24,SMU,Clemson,ABC,later,5980.0,4448.703186410752,past_selected
764,2024,12/7/24,Oregon,Penn St.,CBS,later,10500.0,8847.898512277345,past_selected
765,2024,12/14/24,Army,Navy,CBS,later,9400.0,10677.53684794562,past_selected
1813,2025,8/23/25,Kansas St.,Iowa St.,ESPN,Week0,4470.0,4392.245857311025,past_selected
1814,2025,8/28/25,South Florida,Boise St.,ESPN,Week1,2040.0,1313.9826177865802,past_selected
1815,2025,8/28/25,Cincinnati,Nebraska,ESPN,Week1,3330.0,2712.2927627822596,past_selected
1816,2025,8/29/25,Charlotte,Appalachian St.,ESPNU,Week1,76.0,142.3248616706981,past_selected
1817,2025,8/29/25,Colorado,Georgia Tech,ESPN,Week1,3740.0,1820.5800637823177,past_selected
1818,2025,8/30/25,Ohio St.,Texas,FOX,Week1,16620.0,11837.886359195083,past_selected
1819,2025,8/30/25,Southern Miss,Mississippi St.,ESPN,Week1,771.0,650.5585987741395,past_selected
1820,2025,8/30/25,Tennessee,Syracuse,ABC,Week1,2590.0,2956.9975458381596,past_selected
1821,2025,8/30/25,Tulane,Northwestern,ESPNU,Week1,75.0,91.74419845314529,past_selected
1822,2025,8/30/25,Florida St.,Alabama,ABC,Week1,10660.0,9596.561125278746,past_selected
1823,2025,8/30/25,Penn St.,Nevada,CBS,Week1,2240.0,2462.10289780354,past_selected
1824,2025,8/30/25,Georgia,Marshall,ESPN,Week1,1670.0,1629.1695939470296,past_selected
1825,2025,8/30/25,Texas A&M,UTSA,ESPN,Week1,1070.0,1246.3691315960687,past_selected
1826,2025,8/30/25,Clemson,LSU,ABC,Week1,10450.0,10176.721908254342,past_selected
1827,2025,8/30/25,Oregon St.,California,ESPN,Week1,565.0,1029.1598900380704,past_selected
1828,2025,8/31/25,South Carolina,Virginia Tech,ESPN,Week1,5430.0,3463.9658669345445,past_selected
1829,2025,8/31/25,Miami,Notre Dame,ABC,Week1,10800.0,10889.94205084841,past_selected
1830,2025,9/1/25,North Carolina,TCU,ESPN,Week1,6070.0,2862.0502510183155,past_selected
1831,2025,9/5/25,Louisville,James Madison,ESPN2,later,893.0,844.7001482343114,past_selected
1832,2025,9/6/25,Pittsburgh,Central Michigan,ESPNU,later,125.0,124.74492141253525,past_selected
1833,2025,9/6/25,Duke,Illinois,ESPN,later,2180.0,1216.3217747982214,past_selected
1834,2025,9/6/25,Texas,San Jose St.,ABC,later,3750.0,2961.180557587325,past_selected
1835,2025,9/6/25,SMU,Baylor,CW,later,1130.0,489.5131658150825,past_selected
1836,2025,9/6/25,Iowa St.,Iowa,FOX,later,4280.0,2796.918759425749,past_selected
1837,2025,9/6/25,North Carolina St.,Virginia,ESPN2,later,659.0,553.9638873494223,past_selected
1838,2025,9/6/25,Oregon,Oklahoma St.,CBS,later,2320.0,3162.8314095764367,past_selected
1839,2025,9/6/25,Missouri,Kansas,ESPN2,later,1830.0,785.2178308040109,past_selected
1840,2025,9/6/25,Kentucky,Mississippi,ABC,later,4780.0,3426.9899760220515,past_selected
1841,2025,9/6/25,Colorado,Delaware,FOX,later,2690.0,1666.2777127548673,past_selected
1842,2025,9/6/25,Oregon St.,Fresno St.,CW,later,658.0,484.7437483665169,past_selected
1843,2025,9/6/25,Ohio,West Virginia,ESPNU,later,234.0,184.68823059291628,past_selected
1844,2025,9/6/25,Kansas St.,Army,ESPN,later,873.0,1149.4896724726161,past_selected
1845,2025,9/6/25,Oklahoma,Michigan,ABC,later,9670.0,8000.159154798709,past_selected
1846,2025,9/6/25,Auburn,Ball St.,ESPNU,later,158.0,239.48774377728958,past_selected
1847,2025,9/6/25,Mississippi St.,Arizona St.,ESPN2,later,953.0,812.7980781332343,past_selected
1848,2025,9/6/25,BYU,Stanford,ESPN,later,1210.0,1151.0132426486957,past_selected
1849,2025,9/6/25,Washington St.,San Diego St.,CW,later,541.0,479.1016151955386,past_selected
1850,2025,9/11/25,Wake Forest,North Carolina St.,ESPN,later,1180.0,996.7428132957266,past_selected
1851,2025,9/12/25,Houston,Colorado,ESPN,later,2940.0,1644.7666237913186,past_selected
1852,2025,9/13/25,Temple,Oklahoma,ESPN2,later,787.0,665.1020254966614,past_selected
1853,2025,9/13/25,Alabama,Wisconsin,ABC,later,4510.0,6672.569945398081,past_selected
1854,2025,9/13/25,Georgia Tech,Clemson,ESPN,later,4760.0,1809.950912198295,past_selected
1855,2025,9/13/25,Troy,Memphis,ESPNU,later,49.0,80.06665016526122,past_selected
1856,2025,9/13/25,Tennessee,Georgia,ABC,later,12580.0,8809.457513469148,past_selected
1857,2025,9/13/25,West Virginia,Pittsburgh,ESPN,later,1890.0,1764.3075834022288,past_selected
1858,2025,9/13/25,North Texas,Washington St.,ESPNU,later,65.0,92.1378433896067,past_selected
1859,2025,9/13/25,Arkansas St.,Iowa St.,ESPN2,later,523.0,562.7974537605028,past_selected
1860,2025,9/13/25,Miami,South Florida,CW,later,720.0,1606.2494857324623,past_selected
1861,2025,9/13/25,Mississippi,Arkansas,ESPN,later,1440.0,1900.3601410736358,past_selected
1862,2025,9/13/25,Notre Dame,Texas A&M,NBC,later,6200.0,5949.081996373166,past_selected
1863,2025,9/13/25,LSU,Florida,ABC,later,7640.0,6805.053119612598,past_selected
1864,2025,9/13/25,Kentucky,Eastern Michigan,ESPNU,later,111.0,127.06766776469482,past_selected
1865,2025,9/13/25,Tulane,Duke,ESPN2,later,150.0,310.56759494625896,past_selected
1866,2025,9/13/25,California,Minnesota,ESPN,later,958.0,1362.9241893365397,past_selected
1867,2025,9/18/25,Charlotte,Rice,ESPN,later,671.0,267.0367293696395,past_selected
1868,2025,9/19/25,Oklahoma St.,Tulsa,ESPN,later,1570.0,1548.6406079906264,past_selected
1869,2025,9/19/25,Rutgers,Iowa,FOX,later,3010.0,2652.5644150203625,past_selected
1870,2025,9/20/25,Memphis,Arkansas,ABC,later,2110.0,1758.2820106557142,past_selected
1871,2025,9/20/25,Clemson,Syracuse,ESPN,later,3390.0,1772.9905729586942,past_selected
1872,2025,9/20/25,Miami Ohio,UNLV,ESPNU,later,74.0,107.09025542400357,past_selected
1873,2025,9/20/25,TCU,SMU,ESPN2,later,662.0,467.0738792715821,past_selected
1874,2025,9/20/25,Wisconsin,Maryland,NBC,later,2000.0,1450.5169686353868,past_selected
1875,2025,9/20/25,Utah,Texas Tech,FOX,later,4040.0,2962.5624029564647,past_selected
1876,2025,9/20/25,Oklahoma,Auburn,ABC,later,6120.0,4968.84765656118,past_selected
1877,2025,9/20/25,Liberty,James Madison,ESPNU,later,67.0,56.367396626255854,past_selected
1878,2025,9/20/25,Nebraska,Michigan,CBS,later,5300.0,6236.507510773776,past_selected
1879,2025,9/20/25,Mississippi,Tulane,ESPN,later,1050.0,878.5431095842396,past_selected
1880,2025,9/20/25,Duke,North Carolina St.,ESPN2,later,663.0,692.837346755407,past_selected
1881,2025,9/20/25,Missouri,South Carolina,ESPN,later,1850.0,1676.4419608970334,past_selected
1882,2025,9/20/25,Indiana,Illinois,NBC,later,2700.0,2298.4133735059927,past_selected
1883,2025,9/20/25,Miami,Florida,ABC,later,6460.0,5136.732033332346,past_selected
1884,2025,9/20/25,Vanderbilt,Georgia St.,ESPNU,later,52.0,97.48474349202014,past_selected
1885,2025,9/20/25,East Carolina,BYU,ESPN2,later,623.0,460.16499862056617,past_selected
1886,2025,9/20/25,Washington St.,Washington,CBS,later,1650.0,2899.3131514481856,past_selected
1887,2025,9/20/25,Colorado,Wyoming,ESPN,later,1340.0,1062.834195402761,past_selected
1888,2025,9/25/25,East Carolina,Army,ESPN,later,891.0,936.3839439543766,past_selected
1889,2025,9/26/25,Virginia,Florida St.,ESPN,later,4390.0,3249.412517801399,past_selected
1890,2025,9/26/25,Oregon St.,Houston,ESPN,later,1550.0,1278.6536616976293,past_selected
1891,2025,9/27/25,Illinois,USC,FOX,later,4120.0,3276.2321708195414,past_selected
1892,2025,9/27/25,Wake Forest,Georgia Tech,ESPN,later,1850.0,937.074378234822,past_selected
1893,2025,9/27/25,North Texas,South Alabama,ESPNU,later,50.0,57.22668391370614,past_selected
1894,2025,9/27/25,Arkansas,Notre Dame,ABC,later,4260.0,4628.591304673452,past_selected
1895,2025,9/27/25,Pittsburgh,Louisville,ESPN2,later,580.0,583.7252399143267,past_selected
1896,2025,9/27/25,Oklahoma St.,Baylor,ESPN2,later,396.0,672.9615518993346,past_selected
1897,2025,9/27/25,Mississippi,LSU,ABC,later,6690.0,5403.30450357216,past_selected
1898,2025,9/27/25,Texas A&M,Auburn,ESPN,later,2470.0,3379.9671749842664,past_selected
1899,2025,9/27/25,Washington,Ohio St.,CBS,later,5230.0,4754.055823885268,past_selected
1900,2025,9/27/25,Tulsa,Tulane,ESPNU,later,31.0,84.92941881963267,past_selected
1901,2025,9/27/25,FAU,Memphis,ESPN2,later,151.0,194.65802306125835,past_selected
1902,2025,9/27/25,Iowa St.,Arizona,ESPN,later,1150.0,1096.140580597154,past_selected
1903,2025,9/27/25,Georgia,Alabama,ABC,later,10420.0,9928.293438579592,past_selected
1904,2025,9/27/25,Penn St.,Oregon,NBC,later,8500.0,4468.899681977244,past_selected
1905,2025,9/27/25,Missouri,Massachusetts,ESPNU,later,102.0,125.46907540467227,past_selected
1906,2025,9/27/25,Colorado,BYU,ESPN,later,2460.0,1807.374446626537,past_selected
1907,2025,10/3/25,South Florida,Charlotte,ESPN2,later,749.0,370.00986827163945,past_selected
1908,2025,10/3/25,BYU,West Virginia,ESPN,later,1410.0,1795.261506541272,past_selected
1909,2025,10/4/25,Navy,Air Force,CBS,later,1380.0,1037.4938542447942,past_selected
1910,2025,10/4/25,Georgia,Kentucky,ABC,later,3680.0,3629.3556394199313,past_selected
1911,2025,10/4/25,North Carolina,Clemson,ESPN,later,1870.0,1445.3364587420556,past_selected
1912,2025,10/4/25,UAB,Army,ESPNU,later,49.0,100.67055577900248,past_selected
1913,2025,10/4/25,Cincinnati,Iowa St.,ESPN2,later,1110.0,750.5514937553505,past_selected
1914,2025,10/4/25,Michigan,Wisconsin,FOX,later,4630.0,4380.830743032749,past_selected
1915,2025,10/4/25,Virginia Tech,Wake Forest,CW,later,463.0,449.42282691751586,past_selected
1916,2025,10/4/25,Alabama,Vanderbilt,ABC,later,6410.0,4928.197255176857,past_selected
1917,2025,10/4/25,Florida,Texas,ESPN,later,3980.0,4170.218870158143,past_selected
1918,2025,10/4/25,Louisville,Virginia,ESPN2,later,603.0,760.5495035369067,past_selected
1919,2025,10/4/25,UCLA,Penn St.,CBS,later,3130.0,3564.214380195878,past_selected
1920,2025,10/4/25,Nebraska,Michigan St.,FS1,later,1500.0,1285.6756331736178,past_selected
1921,2025,10/4/25,Arkansas St.,Texas St.,ESPNU,later,22.0,45.351582298273044,past_selected
1922,2025,10/4/25,Houston,Texas Tech,ESPN,later,1450.0,1129.6941356890159,past_selected
1923,2025,10/4/25,TCU,Colorado,FOX,later,2140.0,1891.211090306966,past_selected
1924,2025,10/4/25,UCF,Kansas,ESPN2,later,583.0,663.9798821814768,past_selected
1925,2025,10/4/25,Ohio St.,Minnesota,NBC,later,3700.0,4661.868590182259,past_selected
1926,2025,10/4/25,Florida St.,Miami,ABC,later,6030.0,5620.8629743912015,past_selected
1927,2025,10/4/25,Memphis,Tulsa,ESPNU,later,41.0,84.94537525646189,past_selected
1928,2025,10/4/25,California,Duke,ESPN,later,1000.0,927.2201001541898,past_selected
1929,2025,10/8/25,Middle Tennessee St.,Missouri State,ESPN2,later,338.0,233.78487129986212,past_selected
1930,2025,10/9/25,Kennesaw State,Louisiana Tech,ESPNU,later,53.0,104.15336955110992,past_selected
1931,2025,10/9/25,Tulane,East Carolina,ESPN,later,576.0,601.8054376017669,past_selected
1932,2025,10/9/25,Georgia Southern,Southern Miss,ESPN2,later,145.0,231.02505066120807,past_selected
1933,2025,10/10/25,North Texas,South Florida,ESPN2,later,1100.0,587.1253034934266,past_selected
1934,2025,10/11/25,Bowling Green,Toledo,ESPNU,later,27.0,55.785541911953466,past_selected
1935,2025,10/11/25,Missouri,Alabama,ABC,later,6990.0,6378.675267032836,past_selected
1936,2025,10/11/25,Florida St.,Pittsburgh,ESPN,later,2050.0,1653.2870413969474,past_selected
1937,2025,10/11/25,James Madison,Louisiana,ESPN2,later,207.0,158.8527729392851,past_selected
1938,2025,10/11/25,SMU,Stanford,CW,later,249.0,295.54010914566777,past_selected
1939,2025,10/11/25,Illinois,Ohio St.,FOX,later,5280.0,4927.6973575452585,past_selected
1940,2025,10/11/25,Colorado,Iowa St.,ESPN,later,1440.0,1434.1398652002522,past_selected
1941,2025,10/11/25,Texas,Oklahoma,ABC,later,8730.0,6860.116171772238,past_selected
1942,2025,10/11/25,Oregon,Indiana,CBS,later,5590.0,5253.817905439348,past_selected
1943,2025,10/11/25,Oregon St.,Wake Forest,CW,later,257.0,333.00990627549106,past_selected
1944,2025,10/11/25,Temple,Navy,ESPN2,later,215.0,272.1633930191788,past_selected
1945,2025,10/11/25,Texas A&M,Florida,ESPN,later,2620.0,4110.092440041849,past_selected
1946,2025,10/11/25,Auburn,Georgia,ABC,later,6690.0,6192.602125098571,past_selected
1947,2025,10/11/25,UTSA,Rice,ESPNU,later,20.0,44.65455624282906,past_selected
1948,2025,10/11/25,Arizona,BYU,ESPN2,later,868.0,844.3412993476815,past_selected
1949,2025,10/11/25,Utah,Arizona St.,ESPN,later,1270.0,1261.8591814432664,past_selected
1950,2025,10/14/25,South Alabama,Arkansas St.,ESPN2,later,306.0,242.8926119859753,past_selected
1951,2025,10/14/25,Western Kentucky,FIU,ESPNU,later,47.0,71.90331883332229,past_selected
1952,2025,10/15/25,Jacksonville St.,Delaware,ESPN,later,580.0,528.6678138831431,past_selected
1953,2025,10/16/25,East Carolina,Tulsa,ESPN,later,527.0,554.3898465807113,past_selected
1954,2025,10/17/25,Miami,Louisville,ESPN,later,3410.0,2835.804754544023,past_selected
1955,2025,10/17/25,Minnesota,Nebraska,FOX,later,2660.0,4167.902151965654,past_selected
1956,2025,10/17/25,California,North Carolina,ESPN,later,1580.0,1356.279483630596,past_selected
1957,2025,10/18/25,TCU,Baylor,ESPN2,later,423.0,504.4820233452291,past_selected
1958,2025,10/18/25,Duke,Georgia Tech,ESPN,later,1710.0,924.8307906572651,past_selected
1959,2025,10/18/25,Michigan,Washington,FOX,later,4320.0,3013.6525064642838,past_selected
1960,2025,10/18/25,Vanderbilt,LSU,ABC,later,5940.0,3036.9317563951436,past_selected
1961,2025,10/18/25,Tulane,Army,ESPNU,later,70.0,95.17544594475115,past_selected
1962,2025,10/18/25,James Madison,Old Dominion,ESPNU,later,37.0,79.69360253855456,past_selected
1963,2025,10/18/25,Arkansas,Texas A&M,ESPN,later,1570.0,3008.7885805102324,past_selected
1964,2025,10/18/25,Wisconsin,Ohio St.,CBS,later,4030.0,5704.415017571293,past_selected
1965,2025,10/18/25,Georgia,Mississippi,ABC,later,9790.0,8733.458025505157,past_selected
1966,2025,10/18/25,UAB,Memphis,ESPN2,later,246.0,285.52054648450434,past_selected
1967,2025,10/18/25,Arizona St.,Texas Tech,FOX,later,2560.0,2328.3503982431557,past_selected
1968,2025,10/18/25,Virginia,Washington St.,CW,later,594.0,470.1557930724622,past_selected
1969,2025,10/18/25,Rutgers,Oregon,BTN,later,530.0,600.3523522180558,past_selected
1970,2025,10/18/25,UCLA,Maryland,FS1,later,410.0,317.4358603899435,past_selected
1971,2025,10/18/25,Kentucky,Texas,ESPN,later,2640.0,1781.6845698280697,past_selected
1972,2025,10/18/25,Alabama,Tennessee,ABC,later,8010.0,8327.968896530216,past_selected
1973,2025,10/18/25,South Florida,FAU,ESPNU,later,38.0,55.664502120664295,past_selected
1974,2025,10/18/25,Notre Dame,USC,NBC,later,4640.0,3607.4211781547374,past_selected
1975,2025,10/18/25,BYU,Utah,FOX,later,1970.0,2521.81893158996,past_selected
1976,2025,10/18/25,Oklahoma St.,Cincinnati,ESPN2,later,316.0,436.43221503512126,past_selected
1977,2025,10/18/25,Oregon St.,Lafayette,CW,later,304.0,304.7930313999586,past_selected
1978,2025,10/18/25,Stanford,Florida St.,ESPN,later,1420.0,1447.6371107294885,past_selected
1979,2025,10/21/25,FIU,Kennesaw State,ESPN2,later,282.0,304.3786653739071,past_selected
1980,2025,10/22/25,Delaware,Middle Tennessee St.,ESPN2,later,417.0,275.32145407428874,past_selected
1981,2025,10/23/25,Georgia St.,South Alabama,ESPN2,later,400.0,238.9578707884197,past_selected
1982,2025,10/24/25,Charlotte,North Texas,ESPN2,later,317.0,218.20115736696135,past_selected
1983,2025,10/24/25,Virginia Tech,California,ESPN,later,1110.0,1680.8850127377652,past_selected
1984,2025,10/25/25,Memphis,South Florida,ESPN2,later,392.0,340.5708308480976,past_selected
1985,2025,10/25/25,Old Dominion,Appalachian St.,ESPNU,later,33.0,101.38376427624598,past_selected
1986,2025,10/25/25,Indiana,UCLA,FOX,later,3020.0,2733.919382124308,past_selected
1987,2025,10/25/25,Oklahoma,Mississippi,ABC,later,6550.0,5626.090961331615,past_selected
1988,2025,10/25/25,Georgia Tech,Syracuse,ESPN,later,1270.0,1346.0018781690426,past_selected
1989,2025,10/25/25,Wake Forest,SMU,CW,later,285.0,312.1571205569073,past_selected
1990,2025,10/25/25,Washington St.,Toledo,CW,later,311.0,272.02711278634354,past_selected
1991,2025,10/25/25,Iowa St.,BYU,FOX,later,2570.0,2515.2823528596746,past_selected
1992,2025,10/25/25,South Carolina,Alabama,ABC,later,7840.0,6305.05093264833,past_selected
1993,2025,10/25/25,Vanderbilt,Missouri,ESPN,later,3070.0,2190.3830736093687,past_selected
1994,2025,10/25/25,Iowa,Minnesota,CBS,later,1600.0,2484.050369728594,past_selected
1995,2025,10/25/25,Texas Tech,Oklahoma St.,ESPNU,later,110.0,242.2245103611659,past_selected
1996,2025,10/25/25,Cincinnati,Baylor,ESPN2,later,453.0,604.8737873619767,past_selected
1997,2025,10/25/25,Oregon,Wisconsin,FS1,later,1170.0,1172.842702621978,past_selected
1998,2025,10/25/25,Miami,Stanford,ESPN,later,1210.0,1490.495993662383,past_selected
1999,2025,10/25/25,Michigan St.,Michigan,NBC,later,3630.0,4101.745405273899,past_selected
2000,2025,10/25/25,LSU,Texas A&M,ABC,later,6760.0,6941.184871787614,past_selected
2001,2025,10/25/25,Arizona St.,Houston,ESPN2,later,402.0,558.1303732984977,past_selected
2002,2025,10/25/25,Utah,Colorado,ESPN,later,1290.0,1470.118707797527,past_selected
2003,2025,10/28/25,Texas St.,James Madison,ESPN2,later,245.0,287.41240620225227,past_selected
2004,2025,10/28/25,Kennesaw State,UTEP,ESPNU,later,50.0,107.10632044570644,past_selected
2005,2025,10/29/25,Middle Tennessee St.,Jacksonville St.,ESPN2,later,303.0,286.4208711557052,past_selected
2006,2025,10/30/25,Coastal Carolina,Marshall,ESPN2,later,288.0,303.72590363677466,past_selected
2007,2025,10/30/25,UTSA,Tulane,ESPN,later,659.0,475.1195082990487,past_selected
2008,2025,10/31/25,Rice,Memphis,ESPN2,later,244.0,519.171913846383,past_selected
2009,2025,10/31/25,Syracuse,North Carolina,ESPN,later,983.0,1432.8121807169728,past_selected
2010,2025,11/1/25,Ohio St.,Penn St.,FOX,later,7190.0,7020.876158671123,past_selected
2011,2025,11/1/25,Baylor,UCF,ESPNU,later,58.0,141.1697006694314,past_selected
2012,2025,11/1/25,North Texas,Navy,ESPN2,later,216.0,218.18647544499726,past_selected
2013,2025,11/1/25,SMU,Miami,ESPN,later,1500.0,1193.3125818866974,past_selected
2014,2025,11/1/25,Texas,Vanderbilt,ABC,later,4510.0,3864.1093272441103,past_selected
2015,2025,11/1/25,Air Force,Army,CBS,later,1030.0,1062.8328978341947,past_selected
2016,2025,11/1/25,Virginia Tech,Louisville,CW,later,593.0,726.5431262472174,past_selected
2017,2025,11/1/25,Maryland,Indiana,CBS,later,2890.0,2555.3866259382894,past_selected
2018,2025,11/1/25,Boston College,Notre Dame,ESPN,later,1730.0,1503.968551650254,past_selected
2019,2025,11/1/25,Kansas St.,Texas Tech,FOX,later,3130.0,2009.7138990088138,past_selected
2020,2025,11/1/25,Florida,Georgia,ABC,later,7790.0,7054.950303552849,past_selected
2021,2025,11/1/25,California,Virginia,ESPN2,later,326.0,592.3028528961579,past_selected
2022,2025,11/1/25,Western Michigan,Central Michigan,ESPNU,later,32.0,67.01523797410273,past_selected
2023,2025,11/1/25,Colorado,Arizona,FS1,later,374.0,405.0509941349121,past_selected
2024,2025,11/1/25,Mississippi,South Carolina,ESPN,later,1320.0,2225.4626054092405,past_selected
2025,2025,11/1/25,Michigan,Purdue,BTN,later,1610.0,1019.398434683169,past_selected
2026,2025,11/1/25,Oregon St.,Washington St.,CBS,later,823.0,904.8792224910153,past_selected
2027,2025,11/1/25,Nebraska,USC,NBC,later,2200.0,3273.0329712946996,past_selected
2028,2025,11/1/25,Tennessee,Oklahoma,ABC,later,4810.0,5820.318204303682,past_selected
2029,2025,11/1/25,North Carolina St.,Georgia Tech,ESPN2,later,604.0,665.7457867337004,past_selected
2030,2025,11/1/25,Troy,Arkansas St.,ESPNU,later,9.0,52.2470245642538,past_selected
2031,2025,11/1/25,Utah,Cincinnati,ESPN,later,819.0,2036.6345572499063,past_selected
2032,2025,11/4/25,Ohio,Miami Ohio,ESPN2,later,470.0,388.5009193536288,past_selected
2033,2025,11/5/25,Toledo,Northern Illinois,ESPN2,later,301.0,292.81320822373056,past_selected
2034,2025,11/5/25,Ball St.,Kent St.,ESPNU,later,99.0,98.5967033182958,past_selected
2035,2025,11/6/25,South Florida,UTSA,ESPN,later,586.0,473.14990756254986,past_selected
2036,2025,11/6/25,Appalachian St.,Georgia Southern,ESPN2,later,220.0,364.4068878812511,past_selected
2037,2025,11/7/25,UCF,Houston,FS1,later,652.0,503.3461496195375,past_selected
2038,2025,11/7/25,Memphis,Tulane,ESPN,later,792.0,826.8488869525345,past_selected
2039,2025,11/7/25,USC,Northwestern,FOX,later,1911.0,2286.2322600139905,past_selected
2040,2025,11/8/25,Penn St.,Indiana,FOX,later,6025.0,3246.4729016364727,past_selected
2041,2025,11/8/25,Arkansas St.,Southern Miss,ESPNU,later,27.0,51.258652396382054,past_selected
2042,2025,11/8/25,Mississippi St.,Georgia,ESPN,later,2324.0,2894.6701431842866,past_selected
2043,2025,11/8/25,Marshall,James Madison,ESPN2,later,118.0,186.566717402631,past_selected
2044,2025,11/8/25,Texas Tech,BYU,ABC,later,3976.0,5218.777075469519,past_selected
2045,2025,11/8/25,Purdue,Ohio St.,BTN,later,1847.0,1753.8872748036392,past_selected
2046,2025,11/8/25,Rutgers,Maryland,FS1,later,261.0,347.6757711399061,past_selected
2047,2025,11/8/25,TCU,Iowa St.,FOX,later,2419.0,1550.6033507014968,past_selected
2048,2025,11/8/25,Iowa,Oregon,CBS,later,5370.0,3935.5952524378636,past_selected
2049,2025,11/8/25,Missouri,Texas A&M,ABC,later,4871.0,5525.860209914408,past_selected
2050,2025,11/8/25,Arizona,Kansas,ESPN2,later,480.0,486.43164549565245,past_selected
2051,2025,11/8/25,Miami,Syracuse,ESPN,later,1198.0,1267.1706164597776,past_selected
2052,2025,11/8/25,North Carolina,Stanford,CW,later,514.0,519.8550758907476,past_selected
2053,2025,11/8/25,Wisconsin,Washington,BTN,later,1088.0,755.841202976539,past_selected
2054,2025,11/8/25,San Jose St.,Air Force,FS1,later,203.0,151.44522000822525,past_selected
2055,2025,11/8/25,Virginia,Wake Forest,ESPN,later,734.0,869.2517739516175,past_selected
2056,2025,11/8/25,Louisville,California,ESPN2,later,450.0,622.9944040931507,past_selected
2057,2025,11/8/25,Notre Dame,Navy,NBC,later,3192.0,2650.921016050524,past_selected
2058,2025,11/8/25,Alabama,LSU,ABC,later,7540.0,9952.870046517291,past_selected
2059,2025,11/8/25,UCLA,Nebraska,FOX,later,2248.0,1839.8035272900659,past_selected
2060,2025,11/8/25,Colorado St.,UNLV,FS1,later,152.0,218.7355167368501,past_selected
2061,2025,11/8/25,Oregon St.,Sam Houston,CW,later,295.0,233.63733255968535,past_selected
2062,2025,11/11/25,Akron,Kent St.,ESPNU,later,70.0,83.23785592381897,past_selected
2063,2025,11/11/25,Western Michigan,Ohio,ESPN2,later,312.0,471.69485898622725,past_selected
2064,2025,11/12/25,Miami Ohio,Toledo,ESPN2,later,349.0,310.57520273742205,past_selected
2065,2025,11/12/25,Massachusetts,Northern Illinois,ESPNU,later,33.0,90.16167857101144,past_selected
2066,2025,11/13/25,Old Dominion,Troy,ESPN,later,508.0,391.722282179379,past_selected
2067,2025,11/14/25,Louisville,Clemson,ESPN,later,2564.0,2075.23213146369,past_selected
2068,2025,11/14/25,Oregon,Minnesota,FOX,later,2327.0,3016.744971866376,past_selected
2069,2025,11/15/25,Indiana,Wisconsin,BTN,later,1058.0,956.7399861392967,past_selected
2070,2025,11/15/25,Texas A&M,South Carolina,ESPN,later,4281.0,2712.5337945455017,past_selected
2071,2025,11/15/25,Pittsburgh,Notre Dame,ABC,later,3957.0,5546.961891762567,past_selected
2072,2025,11/15/25,Navy,South Florida,ESPN2,later,463.0,341.7138912285869,past_selected
2073,2025,11/15/25,Oklahoma St.,Kansas St.,ESPNU,later,133.0,153.1537926390286,past_selected
2074,2025,11/15/25,Cincinnati,Arizona,FS1,later,299.0,396.81960862898757,past_selected
2075,2025,11/15/25,Northwestern,Michigan,FOX,later,3764.0,2901.9176494044655,past_selected
2076,2025,11/15/25,Texas Tech,UCF,FOX,later,1398.0,1949.5746093781854,past_selected
2077,2025,11/15/25,Alabama,Oklahoma,ABC,later,10479.0,10101.519068845593,past_selected
2078,2025,11/15/25,USC,Iowa,BTN,later,1440.0,1486.597749168735,past_selected
2079,2025,11/15/25,Illinois,Maryland,FS1,later,316.0,342.8211391000124,past_selected
2080,2025,11/15/25,Miami,North Carolina St.,ESPN,later,1380.0,1067.2096909796282,past_selected
2081,2025,11/15/25,Duke,Virginia,ESPN2,later,443.0,452.0578317884945,past_selected
2082,2025,11/15/25,Michigan St.,Penn St.,CBS,later,2476.0,2246.444199888758,past_selected
2083,2025,11/15/25,East Carolina,Memphis,ESPNU,later,54.0,70.97912721319298,past_selected
2084,2025,11/15/25,Wake Forest,North Carolina,CW,later,402.0,378.56592690416517,past_selected
2085,2025,11/15/25,Mississippi,Florida,ESPN,later,2501.0,2343.3542323475817,past_selected
2086,2025,11/15/25,Baylor,Utah,ESPN2,later,415.0,498.88903280765135,past_selected
2087,2025,11/15/25,Washington,Purdue,FS1,later,457.0,422.26701764322274,past_selected
2088,2025,11/15/25,Georgia,Texas,ABC,later,10432.0,10280.56077776483,past_selected
2089,2025,11/15/25,Ohio St.,UCLA,NBC,later,3376.0,3168.475913442635,past_selected
2090,2025,11/15/25,Jacksonville St.,Kennesaw State,ESPNU,later,31.0,58.15259652604381,past_selected
2091,2025,11/15/25,Washington St.,Louisiana Tech,CW,later,301.0,381.9294735301415,past_selected
2092,2025,11/15/25,BYU,TCU,ESPN,later,1563.0,1957.3794176301885,past_selected
2093,2025,11/15/25,Fresno St.,Wyoming,FS1,later,121.0,227.16601430735585,past_selected
2094,2025,11/21/25,North Carolina St.,Florida St.,ESPN,later,2127.0,2057.5370644692885,past_selected
2095,2025,11/21/25,UNLV,Hawaii,FS1,later,259.0,333.7831280175659,past_selected
2096,2025,11/22/25,Maryland,Michigan,BTN,later,1500.0,901.586789004521,past_selected
2097,2025,11/22/25,Oregon,USC,CBS,later,5428.0,5006.67511492168,past_selected
2098,2025,11/22/25,Iowa,Michigan St.,FS1,later,1103.0,870.389679309822,past_selected
2099,2025,11/22/25,Ohio St.,Rutgers,FOX,later,4063.0,3892.5287387522053,past_selected
2100,2025,11/22/25,SMU,Louisville,ESPN2,later,306.0,335.1244165825738,past_selected
2101,2025,11/22/25,Iowa St.,Kansas,FS1,later,539.0,454.7226844244724,past_selected
2102,2025,11/22/25,UCLA,Washington,NBC,later,1617.0,1801.2926413761288,past_selected
2103,2025,11/22/25,Vanderbilt,Kentucky,ESPN,later,1144.0,826.7773057365832,past_selected
2104,2025,11/22/25,San Diego St.,San Jose St.,FS1,later,120.0,202.98623264163993,past_selected
2105,2025,11/22/25,Utah,Kansas St.,ESPN2,later,955.0,633.7152377169647,past_selected
2106,2025,11/22/25,Colorado,Arizona St.,ESPN2,later,1106.0,621.9412809585551,past_selected
2107,2025,11/22/25,Temple,Tulane,ESPNU,later,26.0,62.06984163200535,past_selected
2108,2025,11/22/25,Northwestern,Minnesota,BTN,later,421.0,459.8592376173442,past_selected
2109,2025,11/22/25,Wisconsin,Illinois,BTN,later,979.0,774.9811279241615,past_selected
2110,2025,11/22/25,Florida,Tennessee,ABC,later,4761.0,4519.042581572596,past_selected
2111,2025,11/22/25,Georgia Tech,Pittsburgh,ESPN,later,2034.0,1395.1985145393476,past_selected
2112,2025,11/22/25,Texas,Arkansas,ABC,later,5612.0,3393.377196387494,past_selected
2113,2025,11/22/25,Penn St.,Nebraska,NBC,later,3104.0,3404.6095708476178,past_selected
2114,2025,11/22/25,Virginia Tech,Miami,ESPN,later,1942.0,1632.777662553974,past_selected
2115,2025,11/22/25,Boise St.,Colorado St.,FS1,later,299.0,313.96366485529035,past_selected
2116,2025,11/22/25,Cincinnati,BYU,FOX,later,2598.0,1803.0947971032317,past_selected
2117,2025,11/22/25,Houston,TCU,FOX,later,1300.0,1407.4981473964235,past_selected
2118,2025,11/22/25,Oklahoma,Missouri,ABC,later,5365.0,4881.570776077443,past_selected
2119,2025,11/22/25,Notre Dame,Syracuse,NBC,later,1887.0,2310.554278677403,past_selected
2120,2025,11/25/25,Eastern Michigan,Western Michigan,ESPN2,later,403.0,335.3636918386111,past_selected
2121,2025,11/25/25,Massachusetts,Bowling Green,ESPNU,later,60.0,88.44178590878474,past_selected
2122,2025,11/27/25,Memphis,Navy,ESPN,later,780.0,742.8410809011091,past_selected
2123,2025,11/28/25,Nebraska,Iowa,CBS,later,3769.0,4436.982167336764,past_selected
2124,2025,11/28/25,Mississippi St.,Mississippi,ABC,later,5232.0,4035.1464897293854,past_selected
2125,2025,11/28/25,Kansas,Utah,ESPN,later,1116.0,1482.946420711643,past_selected
2126,2025,11/28/25,Buffalo,Ohio,ESPNU,later,63.0,101.61349685287215,past_selected
2127,2025,11/28/25,Colorado St.,Air Force,FS1,later,148.0,203.04582209842704,past_selected
2128,2025,11/28/25,Georgia Tech,Georgia,ABC,later,8716.0,9709.250557618694,past_selected
2129,2025,11/28/25,North Texas,Temple,ESPN,later,480.0,373.7665005756719,past_selected
2130,2025,11/28/25,Utah St.,Boise St.,CBS,later,2008.0,1180.5021553688807,past_selected
2131,2025,11/28/25,Texas,Texas A&M,ABC,later,13044.0,13413.278918470705,past_selected
2132,2025,11/28/25,Purdue,Indiana,NBC,later,2685.0,1696.0879671758544,past_selected
2133,2025,11/28/25,Arizona St.,Arizona,FOX,later,1824.0,2326.0839787765567,past_selected
2134,2025,11/29/25,San Jose St.,Fresno St.,FS1,later,223.0,194.9883562029858,past_selected
2135,2025,11/29/25,Illinois,Northwestern,FOX,later,1527.0,1238.1957120505065,past_selected
2136,2025,11/29/25,Virginia,Virginia Tech,ESPN,later,1404.0,1406.1442605649615,past_selected
2137,2025,11/29/25,Tulane,Charlotte,ESPNU,later,38.0,44.65426350109961,past_selected
2138,2025,11/29/25,Pittsburgh,Miami,ABC,later,2217.0,2760.944833278516,past_selected
2139,2025,11/29/25,California,SMU,ESPN2,later,531.0,342.0934188594616,past_selected
2140,2025,11/29/25,Washington,Oregon,CBS,later,4270.0,3576.413566755248,past_selected
2141,2025,11/29/25,Oklahoma,LSU,ABC,later,6385.0,5414.9709397185325,past_selected
2142,2025,11/29/25,Rutgers,Penn St.,BTN,later,950.0,606.1530441136936,past_selected
2143,2025,11/29/25,Kansas St.,Colorado,FS1,later,467.0,314.4960570226744,past_selected
2144,2025,11/29/25,Florida,Florida St.,ESPN2,later,1761.0,1182.854061580846,past_selected
2145,2025,11/29/25,Oklahoma St.,Iowa St.,ESPNU,later,148.0,138.47150400453785,past_selected
2146,2025,11/29/25,Coastal Carolina,James Madison,ESPNU,later,36.0,57.530953840828474,past_selected
2147,2025,11/29/25,Tennessee,Vanderbilt,ESPN,later,4010.0,3593.607395816827,past_selected
2148,2025,11/29/25,Minnesota,Wisconsin,FS1,later,1274.0,974.5291023829907,past_selected
2149,2025,11/29/25,Auburn,Alabama,ABC,later,11310.0,9200.289552688884,past_selected
2150,2025,11/29/25,BYU,UCF,ESPN2,later,716.0,501.4184454800019,past_selected
2151,2025,11/29/25,Syracuse,Boston College,CW,later,305.0,317.16758483303244,past_selected
2152,2025,11/29/25,TCU,Cincinnati,FOX,later,2741.0,1328.117427499802,past_selected
2153,2025,11/29/25,Stanford,Notre Dame,ESPN,later,1518.0,2685.7571510443686,past_selected
2154,2025,11/29/25,USC,UCLA,NBC,later,2224.0,2091.408583451444,past_selected
2155,2025,11/29/25,Michigan St.,Maryland,FS1,later,660.0,477.20232253218273,past_selected
2156,2025,11/29/25,West Virginia,Texas Tech,ESPN,later,895.0,1392.1890368937316,past_selected
2157,2025,11/29/25,Michigan,Ohio St.,FOX,later,18424.0,13918.951449673923,past_selected
2158,2025,11/29/25,Washington St.,Oregon St.,CW,later,515.0,427.13953158340655,past_selected
2159,2025,12/6/25,Indiana,Ohio St.,FOX,later,18332.0,11073.217044575546,past_selected
2160,2025,12/6/25,Alabama,Georgia,ABC,later,16864.0,20028.31579825814,past_selected
2161,2025,12/6/25,BYU,Texas Tech,ABC,later,8988.0,6533.584742095533,past_selected
2162,2025,12/6/25,Duke,Virginia,ABC,later,3880.0,2244.580393915274,past_selected
2163,2025,12/5/25,North Texas,Tulane,ABC,later,2412.0,2543.9770511871748,past_selected
2164,2025,12/5/25,UNLV,Boise St.,FOX,later,1516.0,1816.6578743773732,past_selected
2165,2025,12/5/25,Troy,James Madison,ESPN,later,1146.0,775.1090176090268,past_selected
2166,2025,12/6/25,Miami Ohio,Western Michigan,ESPN,later,1061.0,550.0340861699733,past_selected
2167,2025,8/30/25,Utah,UCLA,FOX,Week1,1528.0,1502.574751753916,past_selected
